[2026-08-12T04:30:57.178+0000] {processor.py:186} INFO - Started process (PID=120) to work on /home/airflow/.local/lib/python3.12/site-packages/airflow/example_dags/plugins/listener_plugin.py
[2026-08-12T04:30:57.180+0000] {processor.py:914} INFO - Processing file /home/airflow/.local/lib/python3.12/site-packages/airflow/example_dags/plugins/listener_plugin.py for tasks to queue
[2026-08-12T04:30:57.192+0000] {logging_mixin.py:190} INFO - [2026-08-12T04:30:57.191+0000] {dagbag.py:587} INFO - Filling up the DagBag from /home/airflow/.local/lib/python3.12/site-packages/airflow/example_dags/plugins/listener_plugin.py
[2026-08-12T04:30:57.197+0000] {processor.py:927} WARNING - No viable dags retrieved from /home/airflow/.local/lib/python3.12/site-packages/airflow/example_dags/plugins/listener_plugin.py
[2026-08-12T04:30:57.225+0000] {processor.py:208} INFO - Processing /home/airflow/.local/lib/python3.12/site-packages/airflow/example_dags/plugins/listener_plugin.py took 0.058 seconds
[2026-08-12T04:31:27.428+0000] {processor.py:186} INFO - Started process (PID=182) to work on /home/airflow/.local/lib/python3.12/site-packages/airflow/example_dags/plugins/listener_plugin.py
[2026-08-12T04:31:27.430+0000] {processor.py:914} INFO - Processing file /home/airflow/.local/lib/python3.12/site-packages/airflow/example_dags/plugins/listener_plugin.py for tasks to queue
[2026-08-12T04:31:27.433+0000] {logging_mixin.py:190} INFO - [2026-08-12T04:31:27.432+0000] {dagbag.py:587} INFO - Filling up the DagBag from /home/airflow/.local/lib/python3.12/site-packages/airflow/example_dags/plugins/listener_plugin.py
[2026-08-12T04:31:27.435+0000] {processor.py:927} WARNING - No viable dags retrieved from /home/airflow/.local/lib/python3.12/site-packages/airflow/example_dags/plugins/listener_plugin.py
[2026-08-12T04:31:27.447+0000] {processor.py:208} INFO - Processing /home/airflow/.local/lib/python3.12/site-packages/airflow/example_dags/plugins/listener_plugin.py took 0.024 seconds
[2026-08-12T04:31:57.693+0000] {processor.py:186} INFO - Started process (PID=244) to work on /home/airflow/.local/lib/python3.12/site-packages/airflow/example_dags/plugins/listener_plugin.py
[2026-08-12T04:31:57.695+0000] {processor.py:914} INFO - Processing file /home/airflow/.local/lib/python3.12/site-packages/airflow/example_dags/plugins/listener_plugin.py for tasks to queue
[2026-08-12T04:31:57.698+0000] {logging_mixin.py:190} INFO - [2026-08-12T04:31:57.697+0000] {dagbag.py:587} INFO - Filling up the DagBag from /home/airflow/.local/lib/python3.12/site-packages/airflow/example_dags/plugins/listener_plugin.py
[2026-08-12T04:31:57.700+0000] {processor.py:927} WARNING - No viable dags retrieved from /home/airflow/.local/lib/python3.12/site-packages/airflow/example_dags/plugins/listener_plugin.py
[2026-08-12T04:31:57.715+0000] {processor.py:208} INFO - Processing /home/airflow/.local/lib/python3.12/site-packages/airflow/example_dags/plugins/listener_plugin.py took 0.029 seconds
[2026-08-12T04:33:07.194+0000] {processor.py:186} INFO - Started process (PID=117) to work on /home/airflow/.local/lib/python3.12/site-packages/airflow/example_dags/plugins/listener_plugin.py
[2026-08-12T04:33:07.196+0000] {processor.py:914} INFO - Processing file /home/airflow/.local/lib/python3.12/site-packages/airflow/example_dags/plugins/listener_plugin.py for tasks to queue
[2026-08-12T04:33:07.200+0000] {logging_mixin.py:190} INFO - [2026-08-12T04:33:07.199+0000] {dagbag.py:587} INFO - Filling up the DagBag from /home/airflow/.local/lib/python3.12/site-packages/airflow/example_dags/plugins/listener_plugin.py
[2026-08-12T04:33:07.203+0000] {processor.py:927} WARNING - No viable dags retrieved from /home/airflow/.local/lib/python3.12/site-packages/airflow/example_dags/plugins/listener_plugin.py
[2026-08-12T04:33:07.222+0000] {processor.py:208} INFO - Processing /home/airflow/.local/lib/python3.12/site-packages/airflow/example_dags/plugins/listener_plugin.py took 0.036 seconds
[2026-08-12T04:33:37.464+0000] {processor.py:186} INFO - Started process (PID=179) to work on /home/airflow/.local/lib/python3.12/site-packages/airflow/example_dags/plugins/listener_plugin.py
[2026-08-12T04:33:37.466+0000] {processor.py:914} INFO - Processing file /home/airflow/.local/lib/python3.12/site-packages/airflow/example_dags/plugins/listener_plugin.py for tasks to queue
[2026-08-12T04:33:37.471+0000] {logging_mixin.py:190} INFO - [2026-08-12T04:33:37.470+0000] {dagbag.py:587} INFO - Filling up the DagBag from /home/airflow/.local/lib/python3.12/site-packages/airflow/example_dags/plugins/listener_plugin.py
[2026-08-12T04:33:37.477+0000] {processor.py:927} WARNING - No viable dags retrieved from /home/airflow/.local/lib/python3.12/site-packages/airflow/example_dags/plugins/listener_plugin.py
[2026-08-12T04:33:37.497+0000] {processor.py:208} INFO - Processing /home/airflow/.local/lib/python3.12/site-packages/airflow/example_dags/plugins/listener_plugin.py took 0.042 seconds
[2026-08-12T04:34:08.086+0000] {processor.py:186} INFO - Started process (PID=241) to work on /home/airflow/.local/lib/python3.12/site-packages/airflow/example_dags/plugins/listener_plugin.py
[2026-08-12T04:34:08.088+0000] {processor.py:914} INFO - Processing file /home/airflow/.local/lib/python3.12/site-packages/airflow/example_dags/plugins/listener_plugin.py for tasks to queue
[2026-08-12T04:34:08.094+0000] {logging_mixin.py:190} INFO - [2026-08-12T04:34:08.093+0000] {dagbag.py:587} INFO - Filling up the DagBag from /home/airflow/.local/lib/python3.12/site-packages/airflow/example_dags/plugins/listener_plugin.py
[2026-08-12T04:34:08.097+0000] {processor.py:927} WARNING - No viable dags retrieved from /home/airflow/.local/lib/python3.12/site-packages/airflow/example_dags/plugins/listener_plugin.py
[2026-08-12T04:34:08.112+0000] {processor.py:208} INFO - Processing /home/airflow/.local/lib/python3.12/site-packages/airflow/example_dags/plugins/listener_plugin.py took 0.033 seconds
[2026-08-12T04:34:38.357+0000] {processor.py:186} INFO - Started process (PID=303) to work on /home/airflow/.local/lib/python3.12/site-packages/airflow/example_dags/plugins/listener_plugin.py
[2026-08-12T04:34:38.358+0000] {processor.py:914} INFO - Processing file /home/airflow/.local/lib/python3.12/site-packages/airflow/example_dags/plugins/listener_plugin.py for tasks to queue
[2026-08-12T04:34:38.362+0000] {logging_mixin.py:190} INFO - [2026-08-12T04:34:38.361+0000] {dagbag.py:587} INFO - Filling up the DagBag from /home/airflow/.local/lib/python3.12/site-packages/airflow/example_dags/plugins/listener_plugin.py
[2026-08-12T04:34:38.366+0000] {processor.py:927} WARNING - No viable dags retrieved from /home/airflow/.local/lib/python3.12/site-packages/airflow/example_dags/plugins/listener_plugin.py
[2026-08-12T04:34:38.380+0000] {processor.py:208} INFO - Processing /home/airflow/.local/lib/python3.12/site-packages/airflow/example_dags/plugins/listener_plugin.py took 0.029 seconds
[2026-08-12T04:35:08.770+0000] {processor.py:186} INFO - Started process (PID=365) to work on /home/airflow/.local/lib/python3.12/site-packages/airflow/example_dags/plugins/listener_plugin.py
[2026-08-12T04:35:08.772+0000] {processor.py:914} INFO - Processing file /home/airflow/.local/lib/python3.12/site-packages/airflow/example_dags/plugins/listener_plugin.py for tasks to queue
[2026-08-12T04:35:08.775+0000] {logging_mixin.py:190} INFO - [2026-08-12T04:35:08.775+0000] {dagbag.py:587} INFO - Filling up the DagBag from /home/airflow/.local/lib/python3.12/site-packages/airflow/example_dags/plugins/listener_plugin.py
[2026-08-12T04:35:08.778+0000] {processor.py:927} WARNING - No viable dags retrieved from /home/airflow/.local/lib/python3.12/site-packages/airflow/example_dags/plugins/listener_plugin.py
[2026-08-12T04:35:08.790+0000] {processor.py:208} INFO - Processing /home/airflow/.local/lib/python3.12/site-packages/airflow/example_dags/plugins/listener_plugin.py took 0.025 seconds
[2026-08-12T04:35:39.167+0000] {processor.py:186} INFO - Started process (PID=427) to work on /home/airflow/.local/lib/python3.12/site-packages/airflow/example_dags/plugins/listener_plugin.py
[2026-08-12T04:35:39.168+0000] {processor.py:914} INFO - Processing file /home/airflow/.local/lib/python3.12/site-packages/airflow/example_dags/plugins/listener_plugin.py for tasks to queue
[2026-08-12T04:35:39.173+0000] {logging_mixin.py:190} INFO - [2026-08-12T04:35:39.172+0000] {dagbag.py:587} INFO - Filling up the DagBag from /home/airflow/.local/lib/python3.12/site-packages/airflow/example_dags/plugins/listener_plugin.py
[2026-08-12T04:35:39.177+0000] {processor.py:927} WARNING - No viable dags retrieved from /home/airflow/.local/lib/python3.12/site-packages/airflow/example_dags/plugins/listener_plugin.py
[2026-08-12T04:35:39.192+0000] {processor.py:208} INFO - Processing /home/airflow/.local/lib/python3.12/site-packages/airflow/example_dags/plugins/listener_plugin.py took 0.033 seconds
[2026-08-12T04:36:09.449+0000] {processor.py:186} INFO - Started process (PID=489) to work on /home/airflow/.local/lib/python3.12/site-packages/airflow/example_dags/plugins/listener_plugin.py
[2026-08-12T04:36:09.451+0000] {processor.py:914} INFO - Processing file /home/airflow/.local/lib/python3.12/site-packages/airflow/example_dags/plugins/listener_plugin.py for tasks to queue
[2026-08-12T04:36:09.455+0000] {logging_mixin.py:190} INFO - [2026-08-12T04:36:09.455+0000] {dagbag.py:587} INFO - Filling up the DagBag from /home/airflow/.local/lib/python3.12/site-packages/airflow/example_dags/plugins/listener_plugin.py
[2026-08-12T04:36:09.461+0000] {processor.py:927} WARNING - No viable dags retrieved from /home/airflow/.local/lib/python3.12/site-packages/airflow/example_dags/plugins/listener_plugin.py
[2026-08-12T04:36:09.481+0000] {processor.py:208} INFO - Processing /home/airflow/.local/lib/python3.12/site-packages/airflow/example_dags/plugins/listener_plugin.py took 0.040 seconds
[2026-08-12T04:36:40.825+0000] {processor.py:186} INFO - Started process (PID=551) to work on /home/airflow/.local/lib/python3.12/site-packages/airflow/example_dags/plugins/listener_plugin.py
[2026-08-12T04:36:40.827+0000] {processor.py:914} INFO - Processing file /home/airflow/.local/lib/python3.12/site-packages/airflow/example_dags/plugins/listener_plugin.py for tasks to queue
[2026-08-12T04:36:40.832+0000] {logging_mixin.py:190} INFO - [2026-08-12T04:36:40.831+0000] {dagbag.py:587} INFO - Filling up the DagBag from /home/airflow/.local/lib/python3.12/site-packages/airflow/example_dags/plugins/listener_plugin.py
[2026-08-12T04:36:40.835+0000] {processor.py:927} WARNING - No viable dags retrieved from /home/airflow/.local/lib/python3.12/site-packages/airflow/example_dags/plugins/listener_plugin.py
[2026-08-12T04:36:40.857+0000] {processor.py:208} INFO - Processing /home/airflow/.local/lib/python3.12/site-packages/airflow/example_dags/plugins/listener_plugin.py took 0.039 seconds
[2026-08-12T04:37:11.662+0000] {processor.py:186} INFO - Started process (PID=613) to work on /home/airflow/.local/lib/python3.12/site-packages/airflow/example_dags/plugins/listener_plugin.py
[2026-08-12T04:37:11.663+0000] {processor.py:914} INFO - Processing file /home/airflow/.local/lib/python3.12/site-packages/airflow/example_dags/plugins/listener_plugin.py for tasks to queue
[2026-08-12T04:37:11.666+0000] {logging_mixin.py:190} INFO - [2026-08-12T04:37:11.666+0000] {dagbag.py:587} INFO - Filling up the DagBag from /home/airflow/.local/lib/python3.12/site-packages/airflow/example_dags/plugins/listener_plugin.py
[2026-08-12T04:37:11.669+0000] {processor.py:927} WARNING - No viable dags retrieved from /home/airflow/.local/lib/python3.12/site-packages/airflow/example_dags/plugins/listener_plugin.py
[2026-08-12T04:37:11.683+0000] {processor.py:208} INFO - Processing /home/airflow/.local/lib/python3.12/site-packages/airflow/example_dags/plugins/listener_plugin.py took 0.027 seconds
[2026-08-12T04:37:42.316+0000] {processor.py:186} INFO - Started process (PID=675) to work on /home/airflow/.local/lib/python3.12/site-packages/airflow/example_dags/plugins/listener_plugin.py
[2026-08-12T04:37:42.318+0000] {processor.py:914} INFO - Processing file /home/airflow/.local/lib/python3.12/site-packages/airflow/example_dags/plugins/listener_plugin.py for tasks to queue
[2026-08-12T04:37:42.322+0000] {logging_mixin.py:190} INFO - [2026-08-12T04:37:42.321+0000] {dagbag.py:587} INFO - Filling up the DagBag from /home/airflow/.local/lib/python3.12/site-packages/airflow/example_dags/plugins/listener_plugin.py
[2026-08-12T04:37:42.326+0000] {processor.py:927} WARNING - No viable dags retrieved from /home/airflow/.local/lib/python3.12/site-packages/airflow/example_dags/plugins/listener_plugin.py
[2026-08-12T04:37:42.341+0000] {processor.py:208} INFO - Processing /home/airflow/.local/lib/python3.12/site-packages/airflow/example_dags/plugins/listener_plugin.py took 0.033 seconds
[2026-08-12T04:38:13.401+0000] {processor.py:186} INFO - Started process (PID=737) to work on /home/airflow/.local/lib/python3.12/site-packages/airflow/example_dags/plugins/listener_plugin.py
[2026-08-12T04:38:13.403+0000] {processor.py:914} INFO - Processing file /home/airflow/.local/lib/python3.12/site-packages/airflow/example_dags/plugins/listener_plugin.py for tasks to queue
[2026-08-12T04:38:13.407+0000] {logging_mixin.py:190} INFO - [2026-08-12T04:38:13.406+0000] {dagbag.py:587} INFO - Filling up the DagBag from /home/airflow/.local/lib/python3.12/site-packages/airflow/example_dags/plugins/listener_plugin.py
[2026-08-12T04:38:13.410+0000] {processor.py:927} WARNING - No viable dags retrieved from /home/airflow/.local/lib/python3.12/site-packages/airflow/example_dags/plugins/listener_plugin.py
[2026-08-12T04:38:13.423+0000] {processor.py:208} INFO - Processing /home/airflow/.local/lib/python3.12/site-packages/airflow/example_dags/plugins/listener_plugin.py took 0.027 seconds
[2026-08-12T04:38:43.914+0000] {processor.py:186} INFO - Started process (PID=799) to work on /home/airflow/.local/lib/python3.12/site-packages/airflow/example_dags/plugins/listener_plugin.py
[2026-08-12T04:38:43.915+0000] {processor.py:914} INFO - Processing file /home/airflow/.local/lib/python3.12/site-packages/airflow/example_dags/plugins/listener_plugin.py for tasks to queue
[2026-08-12T04:38:43.918+0000] {logging_mixin.py:190} INFO - [2026-08-12T04:38:43.918+0000] {dagbag.py:587} INFO - Filling up the DagBag from /home/airflow/.local/lib/python3.12/site-packages/airflow/example_dags/plugins/listener_plugin.py
[2026-08-12T04:38:43.920+0000] {processor.py:927} WARNING - No viable dags retrieved from /home/airflow/.local/lib/python3.12/site-packages/airflow/example_dags/plugins/listener_plugin.py
[2026-08-12T04:38:43.934+0000] {processor.py:208} INFO - Processing /home/airflow/.local/lib/python3.12/site-packages/airflow/example_dags/plugins/listener_plugin.py took 0.025 seconds
[2026-08-12T04:39:14.696+0000] {processor.py:186} INFO - Started process (PID=861) to work on /home/airflow/.local/lib/python3.12/site-packages/airflow/example_dags/plugins/listener_plugin.py
[2026-08-12T04:39:14.698+0000] {processor.py:914} INFO - Processing file /home/airflow/.local/lib/python3.12/site-packages/airflow/example_dags/plugins/listener_plugin.py for tasks to queue
[2026-08-12T04:39:14.702+0000] {logging_mixin.py:190} INFO - [2026-08-12T04:39:14.701+0000] {dagbag.py:587} INFO - Filling up the DagBag from /home/airflow/.local/lib/python3.12/site-packages/airflow/example_dags/plugins/listener_plugin.py
[2026-08-12T04:39:14.706+0000] {processor.py:927} WARNING - No viable dags retrieved from /home/airflow/.local/lib/python3.12/site-packages/airflow/example_dags/plugins/listener_plugin.py
[2026-08-12T04:39:14.722+0000] {processor.py:208} INFO - Processing /home/airflow/.local/lib/python3.12/site-packages/airflow/example_dags/plugins/listener_plugin.py took 0.032 seconds
[2026-08-12T04:39:45.069+0000] {processor.py:186} INFO - Started process (PID=923) to work on /home/airflow/.local/lib/python3.12/site-packages/airflow/example_dags/plugins/listener_plugin.py
[2026-08-12T04:39:45.071+0000] {processor.py:914} INFO - Processing file /home/airflow/.local/lib/python3.12/site-packages/airflow/example_dags/plugins/listener_plugin.py for tasks to queue
[2026-08-12T04:39:45.074+0000] {logging_mixin.py:190} INFO - [2026-08-12T04:39:45.073+0000] {dagbag.py:587} INFO - Filling up the DagBag from /home/airflow/.local/lib/python3.12/site-packages/airflow/example_dags/plugins/listener_plugin.py
[2026-08-12T04:39:45.076+0000] {processor.py:927} WARNING - No viable dags retrieved from /home/airflow/.local/lib/python3.12/site-packages/airflow/example_dags/plugins/listener_plugin.py
[2026-08-12T04:39:45.088+0000] {processor.py:208} INFO - Processing /home/airflow/.local/lib/python3.12/site-packages/airflow/example_dags/plugins/listener_plugin.py took 0.025 seconds
[2026-08-12T04:40:15.687+0000] {processor.py:186} INFO - Started process (PID=985) to work on /home/airflow/.local/lib/python3.12/site-packages/airflow/example_dags/plugins/listener_plugin.py
[2026-08-12T04:40:15.689+0000] {processor.py:914} INFO - Processing file /home/airflow/.local/lib/python3.12/site-packages/airflow/example_dags/plugins/listener_plugin.py for tasks to queue
[2026-08-12T04:40:15.692+0000] {logging_mixin.py:190} INFO - [2026-08-12T04:40:15.692+0000] {dagbag.py:587} INFO - Filling up the DagBag from /home/airflow/.local/lib/python3.12/site-packages/airflow/example_dags/plugins/listener_plugin.py
[2026-08-12T04:40:15.695+0000] {processor.py:927} WARNING - No viable dags retrieved from /home/airflow/.local/lib/python3.12/site-packages/airflow/example_dags/plugins/listener_plugin.py
[2026-08-12T04:40:15.708+0000] {processor.py:208} INFO - Processing /home/airflow/.local/lib/python3.12/site-packages/airflow/example_dags/plugins/listener_plugin.py took 0.027 seconds
[2026-08-12T04:40:46.205+0000] {processor.py:186} INFO - Started process (PID=1047) to work on /home/airflow/.local/lib/python3.12/site-packages/airflow/example_dags/plugins/listener_plugin.py
[2026-08-12T04:40:46.206+0000] {processor.py:914} INFO - Processing file /home/airflow/.local/lib/python3.12/site-packages/airflow/example_dags/plugins/listener_plugin.py for tasks to queue
[2026-08-12T04:40:46.209+0000] {logging_mixin.py:190} INFO - [2026-08-12T04:40:46.208+0000] {dagbag.py:587} INFO - Filling up the DagBag from /home/airflow/.local/lib/python3.12/site-packages/airflow/example_dags/plugins/listener_plugin.py
[2026-08-12T04:40:46.211+0000] {processor.py:927} WARNING - No viable dags retrieved from /home/airflow/.local/lib/python3.12/site-packages/airflow/example_dags/plugins/listener_plugin.py
[2026-08-12T04:40:46.225+0000] {processor.py:208} INFO - Processing /home/airflow/.local/lib/python3.12/site-packages/airflow/example_dags/plugins/listener_plugin.py took 0.025 seconds
[2026-08-12T04:41:16.607+0000] {processor.py:186} INFO - Started process (PID=1109) to work on /home/airflow/.local/lib/python3.12/site-packages/airflow/example_dags/plugins/listener_plugin.py
[2026-08-12T04:41:16.608+0000] {processor.py:914} INFO - Processing file /home/airflow/.local/lib/python3.12/site-packages/airflow/example_dags/plugins/listener_plugin.py for tasks to queue
[2026-08-12T04:41:16.612+0000] {logging_mixin.py:190} INFO - [2026-08-12T04:41:16.612+0000] {dagbag.py:587} INFO - Filling up the DagBag from /home/airflow/.local/lib/python3.12/site-packages/airflow/example_dags/plugins/listener_plugin.py
[2026-08-12T04:41:16.618+0000] {processor.py:927} WARNING - No viable dags retrieved from /home/airflow/.local/lib/python3.12/site-packages/airflow/example_dags/plugins/listener_plugin.py
[2026-08-12T04:41:16.631+0000] {processor.py:208} INFO - Processing /home/airflow/.local/lib/python3.12/site-packages/airflow/example_dags/plugins/listener_plugin.py took 0.032 seconds
[2026-08-12T04:41:47.309+0000] {processor.py:186} INFO - Started process (PID=1171) to work on /home/airflow/.local/lib/python3.12/site-packages/airflow/example_dags/plugins/listener_plugin.py
[2026-08-12T04:41:47.311+0000] {processor.py:914} INFO - Processing file /home/airflow/.local/lib/python3.12/site-packages/airflow/example_dags/plugins/listener_plugin.py for tasks to queue
[2026-08-12T04:41:47.314+0000] {logging_mixin.py:190} INFO - [2026-08-12T04:41:47.314+0000] {dagbag.py:587} INFO - Filling up the DagBag from /home/airflow/.local/lib/python3.12/site-packages/airflow/example_dags/plugins/listener_plugin.py
[2026-08-12T04:41:47.317+0000] {processor.py:927} WARNING - No viable dags retrieved from /home/airflow/.local/lib/python3.12/site-packages/airflow/example_dags/plugins/listener_plugin.py
[2026-08-12T04:41:47.333+0000] {processor.py:208} INFO - Processing /home/airflow/.local/lib/python3.12/site-packages/airflow/example_dags/plugins/listener_plugin.py took 0.033 seconds
[2026-08-12T04:42:17.720+0000] {processor.py:186} INFO - Started process (PID=1233) to work on /home/airflow/.local/lib/python3.12/site-packages/airflow/example_dags/plugins/listener_plugin.py
[2026-08-12T04:42:17.721+0000] {processor.py:914} INFO - Processing file /home/airflow/.local/lib/python3.12/site-packages/airflow/example_dags/plugins/listener_plugin.py for tasks to queue
[2026-08-12T04:42:17.725+0000] {logging_mixin.py:190} INFO - [2026-08-12T04:42:17.724+0000] {dagbag.py:587} INFO - Filling up the DagBag from /home/airflow/.local/lib/python3.12/site-packages/airflow/example_dags/plugins/listener_plugin.py
[2026-08-12T04:42:17.728+0000] {processor.py:927} WARNING - No viable dags retrieved from /home/airflow/.local/lib/python3.12/site-packages/airflow/example_dags/plugins/listener_plugin.py
[2026-08-12T04:42:17.741+0000] {processor.py:208} INFO - Processing /home/airflow/.local/lib/python3.12/site-packages/airflow/example_dags/plugins/listener_plugin.py took 0.028 seconds
[2026-08-12T04:42:48.157+0000] {processor.py:186} INFO - Started process (PID=1295) to work on /home/airflow/.local/lib/python3.12/site-packages/airflow/example_dags/plugins/listener_plugin.py
[2026-08-12T04:42:48.159+0000] {processor.py:914} INFO - Processing file /home/airflow/.local/lib/python3.12/site-packages/airflow/example_dags/plugins/listener_plugin.py for tasks to queue
[2026-08-12T04:42:48.165+0000] {logging_mixin.py:190} INFO - [2026-08-12T04:42:48.164+0000] {dagbag.py:587} INFO - Filling up the DagBag from /home/airflow/.local/lib/python3.12/site-packages/airflow/example_dags/plugins/listener_plugin.py
[2026-08-12T04:42:48.168+0000] {processor.py:927} WARNING - No viable dags retrieved from /home/airflow/.local/lib/python3.12/site-packages/airflow/example_dags/plugins/listener_plugin.py
[2026-08-12T04:42:48.188+0000] {processor.py:208} INFO - Processing /home/airflow/.local/lib/python3.12/site-packages/airflow/example_dags/plugins/listener_plugin.py took 0.036 seconds
[2026-08-12T04:43:18.512+0000] {processor.py:186} INFO - Started process (PID=1357) to work on /home/airflow/.local/lib/python3.12/site-packages/airflow/example_dags/plugins/listener_plugin.py
[2026-08-12T04:43:18.514+0000] {processor.py:914} INFO - Processing file /home/airflow/.local/lib/python3.12/site-packages/airflow/example_dags/plugins/listener_plugin.py for tasks to queue
[2026-08-12T04:43:18.517+0000] {logging_mixin.py:190} INFO - [2026-08-12T04:43:18.517+0000] {dagbag.py:587} INFO - Filling up the DagBag from /home/airflow/.local/lib/python3.12/site-packages/airflow/example_dags/plugins/listener_plugin.py
[2026-08-12T04:43:18.520+0000] {processor.py:927} WARNING - No viable dags retrieved from /home/airflow/.local/lib/python3.12/site-packages/airflow/example_dags/plugins/listener_plugin.py
[2026-08-12T04:43:18.532+0000] {processor.py:208} INFO - Processing /home/airflow/.local/lib/python3.12/site-packages/airflow/example_dags/plugins/listener_plugin.py took 0.027 seconds
[2026-08-12T04:43:49.026+0000] {processor.py:186} INFO - Started process (PID=1419) to work on /home/airflow/.local/lib/python3.12/site-packages/airflow/example_dags/plugins/listener_plugin.py
[2026-08-12T04:43:49.027+0000] {processor.py:914} INFO - Processing file /home/airflow/.local/lib/python3.12/site-packages/airflow/example_dags/plugins/listener_plugin.py for tasks to queue
[2026-08-12T04:43:49.030+0000] {logging_mixin.py:190} INFO - [2026-08-12T04:43:49.030+0000] {dagbag.py:587} INFO - Filling up the DagBag from /home/airflow/.local/lib/python3.12/site-packages/airflow/example_dags/plugins/listener_plugin.py
[2026-08-12T04:43:49.033+0000] {processor.py:927} WARNING - No viable dags retrieved from /home/airflow/.local/lib/python3.12/site-packages/airflow/example_dags/plugins/listener_plugin.py
[2026-08-12T04:43:49.049+0000] {processor.py:208} INFO - Processing /home/airflow/.local/lib/python3.12/site-packages/airflow/example_dags/plugins/listener_plugin.py took 0.030 seconds
[2026-08-12T04:44:19.611+0000] {processor.py:186} INFO - Started process (PID=1481) to work on /home/airflow/.local/lib/python3.12/site-packages/airflow/example_dags/plugins/listener_plugin.py
[2026-08-12T04:44:19.612+0000] {processor.py:914} INFO - Processing file /home/airflow/.local/lib/python3.12/site-packages/airflow/example_dags/plugins/listener_plugin.py for tasks to queue
[2026-08-12T04:44:19.615+0000] {logging_mixin.py:190} INFO - [2026-08-12T04:44:19.615+0000] {dagbag.py:587} INFO - Filling up the DagBag from /home/airflow/.local/lib/python3.12/site-packages/airflow/example_dags/plugins/listener_plugin.py
[2026-08-12T04:44:19.619+0000] {processor.py:927} WARNING - No viable dags retrieved from /home/airflow/.local/lib/python3.12/site-packages/airflow/example_dags/plugins/listener_plugin.py
[2026-08-12T04:44:19.634+0000] {processor.py:208} INFO - Processing /home/airflow/.local/lib/python3.12/site-packages/airflow/example_dags/plugins/listener_plugin.py took 0.029 seconds
[2026-08-12T04:44:50.972+0000] {processor.py:186} INFO - Started process (PID=1544) to work on /home/airflow/.local/lib/python3.12/site-packages/airflow/example_dags/plugins/listener_plugin.py
[2026-08-12T04:44:50.974+0000] {processor.py:914} INFO - Processing file /home/airflow/.local/lib/python3.12/site-packages/airflow/example_dags/plugins/listener_plugin.py for tasks to queue
[2026-08-12T04:44:50.977+0000] {logging_mixin.py:190} INFO - [2026-08-12T04:44:50.977+0000] {dagbag.py:587} INFO - Filling up the DagBag from /home/airflow/.local/lib/python3.12/site-packages/airflow/example_dags/plugins/listener_plugin.py
[2026-08-12T04:44:50.981+0000] {processor.py:927} WARNING - No viable dags retrieved from /home/airflow/.local/lib/python3.12/site-packages/airflow/example_dags/plugins/listener_plugin.py
[2026-08-12T04:44:50.998+0000] {processor.py:208} INFO - Processing /home/airflow/.local/lib/python3.12/site-packages/airflow/example_dags/plugins/listener_plugin.py took 0.032 seconds
[2026-08-12T04:45:21.555+0000] {processor.py:186} INFO - Started process (PID=1606) to work on /home/airflow/.local/lib/python3.12/site-packages/airflow/example_dags/plugins/listener_plugin.py
[2026-08-12T04:45:21.556+0000] {processor.py:914} INFO - Processing file /home/airflow/.local/lib/python3.12/site-packages/airflow/example_dags/plugins/listener_plugin.py for tasks to queue
[2026-08-12T04:45:21.560+0000] {logging_mixin.py:190} INFO - [2026-08-12T04:45:21.559+0000] {dagbag.py:587} INFO - Filling up the DagBag from /home/airflow/.local/lib/python3.12/site-packages/airflow/example_dags/plugins/listener_plugin.py
[2026-08-12T04:45:21.563+0000] {processor.py:927} WARNING - No viable dags retrieved from /home/airflow/.local/lib/python3.12/site-packages/airflow/example_dags/plugins/listener_plugin.py
[2026-08-12T04:45:21.578+0000] {processor.py:208} INFO - Processing /home/airflow/.local/lib/python3.12/site-packages/airflow/example_dags/plugins/listener_plugin.py took 0.029 seconds
[2026-08-12T04:45:52.168+0000] {processor.py:186} INFO - Started process (PID=1668) to work on /home/airflow/.local/lib/python3.12/site-packages/airflow/example_dags/plugins/listener_plugin.py
[2026-08-12T04:45:52.170+0000] {processor.py:914} INFO - Processing file /home/airflow/.local/lib/python3.12/site-packages/airflow/example_dags/plugins/listener_plugin.py for tasks to queue
[2026-08-12T04:45:52.174+0000] {logging_mixin.py:190} INFO - [2026-08-12T04:45:52.173+0000] {dagbag.py:587} INFO - Filling up the DagBag from /home/airflow/.local/lib/python3.12/site-packages/airflow/example_dags/plugins/listener_plugin.py
[2026-08-12T04:45:52.177+0000] {processor.py:927} WARNING - No viable dags retrieved from /home/airflow/.local/lib/python3.12/site-packages/airflow/example_dags/plugins/listener_plugin.py
[2026-08-12T04:45:52.192+0000] {processor.py:208} INFO - Processing /home/airflow/.local/lib/python3.12/site-packages/airflow/example_dags/plugins/listener_plugin.py took 0.030 seconds
[2026-08-12T04:46:22.822+0000] {processor.py:186} INFO - Started process (PID=1730) to work on /home/airflow/.local/lib/python3.12/site-packages/airflow/example_dags/plugins/listener_plugin.py
[2026-08-12T04:46:22.824+0000] {processor.py:914} INFO - Processing file /home/airflow/.local/lib/python3.12/site-packages/airflow/example_dags/plugins/listener_plugin.py for tasks to queue
[2026-08-12T04:46:22.828+0000] {logging_mixin.py:190} INFO - [2026-08-12T04:46:22.828+0000] {dagbag.py:587} INFO - Filling up the DagBag from /home/airflow/.local/lib/python3.12/site-packages/airflow/example_dags/plugins/listener_plugin.py
[2026-08-12T04:46:22.832+0000] {processor.py:927} WARNING - No viable dags retrieved from /home/airflow/.local/lib/python3.12/site-packages/airflow/example_dags/plugins/listener_plugin.py
[2026-08-12T04:46:22.847+0000] {processor.py:208} INFO - Processing /home/airflow/.local/lib/python3.12/site-packages/airflow/example_dags/plugins/listener_plugin.py took 0.034 seconds
[2026-08-12T04:46:53.294+0000] {processor.py:186} INFO - Started process (PID=1792) to work on /home/airflow/.local/lib/python3.12/site-packages/airflow/example_dags/plugins/listener_plugin.py
[2026-08-12T04:46:53.296+0000] {processor.py:914} INFO - Processing file /home/airflow/.local/lib/python3.12/site-packages/airflow/example_dags/plugins/listener_plugin.py for tasks to queue
[2026-08-12T04:46:53.300+0000] {logging_mixin.py:190} INFO - [2026-08-12T04:46:53.300+0000] {dagbag.py:587} INFO - Filling up the DagBag from /home/airflow/.local/lib/python3.12/site-packages/airflow/example_dags/plugins/listener_plugin.py
[2026-08-12T04:46:53.306+0000] {processor.py:927} WARNING - No viable dags retrieved from /home/airflow/.local/lib/python3.12/site-packages/airflow/example_dags/plugins/listener_plugin.py
[2026-08-12T04:46:53.326+0000] {processor.py:208} INFO - Processing /home/airflow/.local/lib/python3.12/site-packages/airflow/example_dags/plugins/listener_plugin.py took 0.041 seconds
[2026-08-12T04:47:24.244+0000] {processor.py:186} INFO - Started process (PID=1854) to work on /home/airflow/.local/lib/python3.12/site-packages/airflow/example_dags/plugins/listener_plugin.py
[2026-08-12T04:47:24.246+0000] {processor.py:914} INFO - Processing file /home/airflow/.local/lib/python3.12/site-packages/airflow/example_dags/plugins/listener_plugin.py for tasks to queue
[2026-08-12T04:47:24.249+0000] {logging_mixin.py:190} INFO - [2026-08-12T04:47:24.248+0000] {dagbag.py:587} INFO - Filling up the DagBag from /home/airflow/.local/lib/python3.12/site-packages/airflow/example_dags/plugins/listener_plugin.py
[2026-08-12T04:47:24.251+0000] {processor.py:927} WARNING - No viable dags retrieved from /home/airflow/.local/lib/python3.12/site-packages/airflow/example_dags/plugins/listener_plugin.py
[2026-08-12T04:47:24.265+0000] {processor.py:208} INFO - Processing /home/airflow/.local/lib/python3.12/site-packages/airflow/example_dags/plugins/listener_plugin.py took 0.026 seconds
[2026-08-12T04:47:55.244+0000] {processor.py:186} INFO - Started process (PID=1916) to work on /home/airflow/.local/lib/python3.12/site-packages/airflow/example_dags/plugins/listener_plugin.py
[2026-08-12T04:47:55.246+0000] {processor.py:914} INFO - Processing file /home/airflow/.local/lib/python3.12/site-packages/airflow/example_dags/plugins/listener_plugin.py for tasks to queue
[2026-08-12T04:47:55.251+0000] {logging_mixin.py:190} INFO - [2026-08-12T04:47:55.250+0000] {dagbag.py:587} INFO - Filling up the DagBag from /home/airflow/.local/lib/python3.12/site-packages/airflow/example_dags/plugins/listener_plugin.py
[2026-08-12T04:47:55.255+0000] {processor.py:927} WARNING - No viable dags retrieved from /home/airflow/.local/lib/python3.12/site-packages/airflow/example_dags/plugins/listener_plugin.py
[2026-08-12T04:47:55.279+0000] {processor.py:208} INFO - Processing /home/airflow/.local/lib/python3.12/site-packages/airflow/example_dags/plugins/listener_plugin.py took 0.041 seconds
[2026-08-12T04:48:25.683+0000] {processor.py:186} INFO - Started process (PID=1979) to work on /home/airflow/.local/lib/python3.12/site-packages/airflow/example_dags/plugins/listener_plugin.py
[2026-08-12T04:48:25.684+0000] {processor.py:914} INFO - Processing file /home/airflow/.local/lib/python3.12/site-packages/airflow/example_dags/plugins/listener_plugin.py for tasks to queue
[2026-08-12T04:48:25.687+0000] {logging_mixin.py:190} INFO - [2026-08-12T04:48:25.687+0000] {dagbag.py:587} INFO - Filling up the DagBag from /home/airflow/.local/lib/python3.12/site-packages/airflow/example_dags/plugins/listener_plugin.py
[2026-08-12T04:48:25.690+0000] {processor.py:927} WARNING - No viable dags retrieved from /home/airflow/.local/lib/python3.12/site-packages/airflow/example_dags/plugins/listener_plugin.py
[2026-08-12T04:48:25.705+0000] {processor.py:208} INFO - Processing /home/airflow/.local/lib/python3.12/site-packages/airflow/example_dags/plugins/listener_plugin.py took 0.027 seconds
[2026-08-12T04:48:56.637+0000] {processor.py:186} INFO - Started process (PID=2042) to work on /home/airflow/.local/lib/python3.12/site-packages/airflow/example_dags/plugins/listener_plugin.py
[2026-08-12T04:48:56.639+0000] {processor.py:914} INFO - Processing file /home/airflow/.local/lib/python3.12/site-packages/airflow/example_dags/plugins/listener_plugin.py for tasks to queue
[2026-08-12T04:48:56.642+0000] {logging_mixin.py:190} INFO - [2026-08-12T04:48:56.642+0000] {dagbag.py:587} INFO - Filling up the DagBag from /home/airflow/.local/lib/python3.12/site-packages/airflow/example_dags/plugins/listener_plugin.py
[2026-08-12T04:48:56.645+0000] {processor.py:927} WARNING - No viable dags retrieved from /home/airflow/.local/lib/python3.12/site-packages/airflow/example_dags/plugins/listener_plugin.py
[2026-08-12T04:48:56.661+0000] {processor.py:208} INFO - Processing /home/airflow/.local/lib/python3.12/site-packages/airflow/example_dags/plugins/listener_plugin.py took 0.030 seconds
[2026-08-12T04:49:27.329+0000] {processor.py:186} INFO - Started process (PID=2105) to work on /home/airflow/.local/lib/python3.12/site-packages/airflow/example_dags/plugins/listener_plugin.py
[2026-08-12T04:49:27.331+0000] {processor.py:914} INFO - Processing file /home/airflow/.local/lib/python3.12/site-packages/airflow/example_dags/plugins/listener_plugin.py for tasks to queue
[2026-08-12T04:49:27.335+0000] {logging_mixin.py:190} INFO - [2026-08-12T04:49:27.334+0000] {dagbag.py:587} INFO - Filling up the DagBag from /home/airflow/.local/lib/python3.12/site-packages/airflow/example_dags/plugins/listener_plugin.py
[2026-08-12T04:49:27.339+0000] {processor.py:927} WARNING - No viable dags retrieved from /home/airflow/.local/lib/python3.12/site-packages/airflow/example_dags/plugins/listener_plugin.py
[2026-08-12T04:49:27.358+0000] {processor.py:208} INFO - Processing /home/airflow/.local/lib/python3.12/site-packages/airflow/example_dags/plugins/listener_plugin.py took 0.038 seconds
[2026-08-12T04:49:57.922+0000] {processor.py:186} INFO - Started process (PID=2169) to work on /home/airflow/.local/lib/python3.12/site-packages/airflow/example_dags/plugins/listener_plugin.py
[2026-08-12T04:49:57.923+0000] {processor.py:914} INFO - Processing file /home/airflow/.local/lib/python3.12/site-packages/airflow/example_dags/plugins/listener_plugin.py for tasks to queue
[2026-08-12T04:49:57.926+0000] {logging_mixin.py:190} INFO - [2026-08-12T04:49:57.926+0000] {dagbag.py:587} INFO - Filling up the DagBag from /home/airflow/.local/lib/python3.12/site-packages/airflow/example_dags/plugins/listener_plugin.py
[2026-08-12T04:49:57.929+0000] {processor.py:927} WARNING - No viable dags retrieved from /home/airflow/.local/lib/python3.12/site-packages/airflow/example_dags/plugins/listener_plugin.py
[2026-08-12T04:49:57.943+0000] {processor.py:208} INFO - Processing /home/airflow/.local/lib/python3.12/site-packages/airflow/example_dags/plugins/listener_plugin.py took 0.027 seconds
[2026-08-12T04:50:28.113+0000] {processor.py:186} INFO - Started process (PID=2232) to work on /home/airflow/.local/lib/python3.12/site-packages/airflow/example_dags/plugins/listener_plugin.py
[2026-08-12T04:50:28.115+0000] {processor.py:914} INFO - Processing file /home/airflow/.local/lib/python3.12/site-packages/airflow/example_dags/plugins/listener_plugin.py for tasks to queue
[2026-08-12T04:50:28.119+0000] {logging_mixin.py:190} INFO - [2026-08-12T04:50:28.118+0000] {dagbag.py:587} INFO - Filling up the DagBag from /home/airflow/.local/lib/python3.12/site-packages/airflow/example_dags/plugins/listener_plugin.py
[2026-08-12T04:50:28.121+0000] {processor.py:927} WARNING - No viable dags retrieved from /home/airflow/.local/lib/python3.12/site-packages/airflow/example_dags/plugins/listener_plugin.py
[2026-08-12T04:50:28.137+0000] {processor.py:208} INFO - Processing /home/airflow/.local/lib/python3.12/site-packages/airflow/example_dags/plugins/listener_plugin.py took 0.030 seconds
[2026-08-12T04:50:58.935+0000] {processor.py:186} INFO - Started process (PID=2294) to work on /home/airflow/.local/lib/python3.12/site-packages/airflow/example_dags/plugins/listener_plugin.py
[2026-08-12T04:50:58.938+0000] {processor.py:914} INFO - Processing file /home/airflow/.local/lib/python3.12/site-packages/airflow/example_dags/plugins/listener_plugin.py for tasks to queue
[2026-08-12T04:50:58.941+0000] {logging_mixin.py:190} INFO - [2026-08-12T04:50:58.941+0000] {dagbag.py:587} INFO - Filling up the DagBag from /home/airflow/.local/lib/python3.12/site-packages/airflow/example_dags/plugins/listener_plugin.py
[2026-08-12T04:50:58.945+0000] {processor.py:927} WARNING - No viable dags retrieved from /home/airflow/.local/lib/python3.12/site-packages/airflow/example_dags/plugins/listener_plugin.py
[2026-08-12T04:50:58.974+0000] {processor.py:208} INFO - Processing /home/airflow/.local/lib/python3.12/site-packages/airflow/example_dags/plugins/listener_plugin.py took 0.045 seconds
[2026-08-12T04:51:29.707+0000] {processor.py:186} INFO - Started process (PID=2357) to work on /home/airflow/.local/lib/python3.12/site-packages/airflow/example_dags/plugins/listener_plugin.py
[2026-08-12T04:51:29.709+0000] {processor.py:914} INFO - Processing file /home/airflow/.local/lib/python3.12/site-packages/airflow/example_dags/plugins/listener_plugin.py for tasks to queue
[2026-08-12T04:51:29.712+0000] {logging_mixin.py:190} INFO - [2026-08-12T04:51:29.711+0000] {dagbag.py:587} INFO - Filling up the DagBag from /home/airflow/.local/lib/python3.12/site-packages/airflow/example_dags/plugins/listener_plugin.py
[2026-08-12T04:51:29.714+0000] {processor.py:927} WARNING - No viable dags retrieved from /home/airflow/.local/lib/python3.12/site-packages/airflow/example_dags/plugins/listener_plugin.py
[2026-08-12T04:51:29.728+0000] {processor.py:208} INFO - Processing /home/airflow/.local/lib/python3.12/site-packages/airflow/example_dags/plugins/listener_plugin.py took 0.026 seconds
[2026-08-12T04:52:00.626+0000] {processor.py:186} INFO - Started process (PID=2420) to work on /home/airflow/.local/lib/python3.12/site-packages/airflow/example_dags/plugins/listener_plugin.py
[2026-08-12T04:52:00.629+0000] {processor.py:914} INFO - Processing file /home/airflow/.local/lib/python3.12/site-packages/airflow/example_dags/plugins/listener_plugin.py for tasks to queue
[2026-08-12T04:52:00.633+0000] {logging_mixin.py:190} INFO - [2026-08-12T04:52:00.632+0000] {dagbag.py:587} INFO - Filling up the DagBag from /home/airflow/.local/lib/python3.12/site-packages/airflow/example_dags/plugins/listener_plugin.py
[2026-08-12T04:52:00.637+0000] {processor.py:927} WARNING - No viable dags retrieved from /home/airflow/.local/lib/python3.12/site-packages/airflow/example_dags/plugins/listener_plugin.py
[2026-08-12T04:52:00.654+0000] {processor.py:208} INFO - Processing /home/airflow/.local/lib/python3.12/site-packages/airflow/example_dags/plugins/listener_plugin.py took 0.039 seconds
[2026-08-12T04:52:30.942+0000] {processor.py:186} INFO - Started process (PID=2483) to work on /home/airflow/.local/lib/python3.12/site-packages/airflow/example_dags/plugins/listener_plugin.py
[2026-08-12T04:52:30.945+0000] {processor.py:914} INFO - Processing file /home/airflow/.local/lib/python3.12/site-packages/airflow/example_dags/plugins/listener_plugin.py for tasks to queue
[2026-08-12T04:52:30.949+0000] {logging_mixin.py:190} INFO - [2026-08-12T04:52:30.949+0000] {dagbag.py:587} INFO - Filling up the DagBag from /home/airflow/.local/lib/python3.12/site-packages/airflow/example_dags/plugins/listener_plugin.py
[2026-08-12T04:52:30.952+0000] {processor.py:927} WARNING - No viable dags retrieved from /home/airflow/.local/lib/python3.12/site-packages/airflow/example_dags/plugins/listener_plugin.py
[2026-08-12T04:52:30.968+0000] {processor.py:208} INFO - Processing /home/airflow/.local/lib/python3.12/site-packages/airflow/example_dags/plugins/listener_plugin.py took 0.031 seconds
[2026-08-12T04:53:01.951+0000] {processor.py:186} INFO - Started process (PID=2546) to work on /home/airflow/.local/lib/python3.12/site-packages/airflow/example_dags/plugins/listener_plugin.py
[2026-08-12T04:53:01.953+0000] {processor.py:914} INFO - Processing file /home/airflow/.local/lib/python3.12/site-packages/airflow/example_dags/plugins/listener_plugin.py for tasks to queue
[2026-08-12T04:53:01.958+0000] {logging_mixin.py:190} INFO - [2026-08-12T04:53:01.957+0000] {dagbag.py:587} INFO - Filling up the DagBag from /home/airflow/.local/lib/python3.12/site-packages/airflow/example_dags/plugins/listener_plugin.py
[2026-08-12T04:53:01.964+0000] {processor.py:927} WARNING - No viable dags retrieved from /home/airflow/.local/lib/python3.12/site-packages/airflow/example_dags/plugins/listener_plugin.py
[2026-08-12T04:53:01.984+0000] {processor.py:208} INFO - Processing /home/airflow/.local/lib/python3.12/site-packages/airflow/example_dags/plugins/listener_plugin.py took 0.041 seconds
[2026-08-12T04:53:32.802+0000] {processor.py:186} INFO - Started process (PID=2615) to work on /home/airflow/.local/lib/python3.12/site-packages/airflow/example_dags/plugins/listener_plugin.py
[2026-08-12T04:53:32.804+0000] {processor.py:914} INFO - Processing file /home/airflow/.local/lib/python3.12/site-packages/airflow/example_dags/plugins/listener_plugin.py for tasks to queue
[2026-08-12T04:53:32.807+0000] {logging_mixin.py:190} INFO - [2026-08-12T04:53:32.807+0000] {dagbag.py:587} INFO - Filling up the DagBag from /home/airflow/.local/lib/python3.12/site-packages/airflow/example_dags/plugins/listener_plugin.py
[2026-08-12T04:53:32.810+0000] {processor.py:927} WARNING - No viable dags retrieved from /home/airflow/.local/lib/python3.12/site-packages/airflow/example_dags/plugins/listener_plugin.py
[2026-08-12T04:53:32.826+0000] {processor.py:208} INFO - Processing /home/airflow/.local/lib/python3.12/site-packages/airflow/example_dags/plugins/listener_plugin.py took 0.030 seconds
[2026-08-12T04:54:03.658+0000] {processor.py:186} INFO - Started process (PID=2678) to work on /home/airflow/.local/lib/python3.12/site-packages/airflow/example_dags/plugins/listener_plugin.py
[2026-08-12T04:54:03.659+0000] {processor.py:914} INFO - Processing file /home/airflow/.local/lib/python3.12/site-packages/airflow/example_dags/plugins/listener_plugin.py for tasks to queue
[2026-08-12T04:54:03.663+0000] {logging_mixin.py:190} INFO - [2026-08-12T04:54:03.662+0000] {dagbag.py:587} INFO - Filling up the DagBag from /home/airflow/.local/lib/python3.12/site-packages/airflow/example_dags/plugins/listener_plugin.py
[2026-08-12T04:54:03.666+0000] {processor.py:927} WARNING - No viable dags retrieved from /home/airflow/.local/lib/python3.12/site-packages/airflow/example_dags/plugins/listener_plugin.py
[2026-08-12T04:54:03.681+0000] {processor.py:208} INFO - Processing /home/airflow/.local/lib/python3.12/site-packages/airflow/example_dags/plugins/listener_plugin.py took 0.030 seconds
[2026-08-12T04:54:34.241+0000] {processor.py:186} INFO - Started process (PID=2741) to work on /home/airflow/.local/lib/python3.12/site-packages/airflow/example_dags/plugins/listener_plugin.py
[2026-08-12T04:54:34.242+0000] {processor.py:914} INFO - Processing file /home/airflow/.local/lib/python3.12/site-packages/airflow/example_dags/plugins/listener_plugin.py for tasks to queue
[2026-08-12T04:54:34.246+0000] {logging_mixin.py:190} INFO - [2026-08-12T04:54:34.245+0000] {dagbag.py:587} INFO - Filling up the DagBag from /home/airflow/.local/lib/python3.12/site-packages/airflow/example_dags/plugins/listener_plugin.py
[2026-08-12T04:54:34.248+0000] {processor.py:927} WARNING - No viable dags retrieved from /home/airflow/.local/lib/python3.12/site-packages/airflow/example_dags/plugins/listener_plugin.py
[2026-08-12T04:54:34.264+0000] {processor.py:208} INFO - Processing /home/airflow/.local/lib/python3.12/site-packages/airflow/example_dags/plugins/listener_plugin.py took 0.029 seconds
[2026-08-12T04:55:04.950+0000] {processor.py:186} INFO - Started process (PID=2804) to work on /home/airflow/.local/lib/python3.12/site-packages/airflow/example_dags/plugins/listener_plugin.py
[2026-08-12T04:55:04.951+0000] {processor.py:914} INFO - Processing file /home/airflow/.local/lib/python3.12/site-packages/airflow/example_dags/plugins/listener_plugin.py for tasks to queue
[2026-08-12T04:55:04.954+0000] {logging_mixin.py:190} INFO - [2026-08-12T04:55:04.954+0000] {dagbag.py:587} INFO - Filling up the DagBag from /home/airflow/.local/lib/python3.12/site-packages/airflow/example_dags/plugins/listener_plugin.py
[2026-08-12T04:55:04.956+0000] {processor.py:927} WARNING - No viable dags retrieved from /home/airflow/.local/lib/python3.12/site-packages/airflow/example_dags/plugins/listener_plugin.py
[2026-08-12T04:55:04.969+0000] {processor.py:208} INFO - Processing /home/airflow/.local/lib/python3.12/site-packages/airflow/example_dags/plugins/listener_plugin.py took 0.024 seconds
[2026-08-12T04:55:35.767+0000] {processor.py:186} INFO - Started process (PID=2867) to work on /home/airflow/.local/lib/python3.12/site-packages/airflow/example_dags/plugins/listener_plugin.py
[2026-08-12T04:55:35.768+0000] {processor.py:914} INFO - Processing file /home/airflow/.local/lib/python3.12/site-packages/airflow/example_dags/plugins/listener_plugin.py for tasks to queue
[2026-08-12T04:55:35.771+0000] {logging_mixin.py:190} INFO - [2026-08-12T04:55:35.771+0000] {dagbag.py:587} INFO - Filling up the DagBag from /home/airflow/.local/lib/python3.12/site-packages/airflow/example_dags/plugins/listener_plugin.py
[2026-08-12T04:55:35.774+0000] {processor.py:927} WARNING - No viable dags retrieved from /home/airflow/.local/lib/python3.12/site-packages/airflow/example_dags/plugins/listener_plugin.py
[2026-08-12T04:55:35.787+0000] {processor.py:208} INFO - Processing /home/airflow/.local/lib/python3.12/site-packages/airflow/example_dags/plugins/listener_plugin.py took 0.026 seconds
[2026-08-12T04:56:06.313+0000] {processor.py:186} INFO - Started process (PID=2930) to work on /home/airflow/.local/lib/python3.12/site-packages/airflow/example_dags/plugins/listener_plugin.py
[2026-08-12T04:56:06.315+0000] {processor.py:914} INFO - Processing file /home/airflow/.local/lib/python3.12/site-packages/airflow/example_dags/plugins/listener_plugin.py for tasks to queue
[2026-08-12T04:56:06.320+0000] {logging_mixin.py:190} INFO - [2026-08-12T04:56:06.319+0000] {dagbag.py:587} INFO - Filling up the DagBag from /home/airflow/.local/lib/python3.12/site-packages/airflow/example_dags/plugins/listener_plugin.py
[2026-08-12T04:56:06.323+0000] {processor.py:927} WARNING - No viable dags retrieved from /home/airflow/.local/lib/python3.12/site-packages/airflow/example_dags/plugins/listener_plugin.py
[2026-08-12T04:56:06.337+0000] {processor.py:208} INFO - Processing /home/airflow/.local/lib/python3.12/site-packages/airflow/example_dags/plugins/listener_plugin.py took 0.032 seconds
[2026-08-12T04:56:37.225+0000] {processor.py:186} INFO - Started process (PID=2993) to work on /home/airflow/.local/lib/python3.12/site-packages/airflow/example_dags/plugins/listener_plugin.py
[2026-08-12T04:56:37.227+0000] {processor.py:914} INFO - Processing file /home/airflow/.local/lib/python3.12/site-packages/airflow/example_dags/plugins/listener_plugin.py for tasks to queue
[2026-08-12T04:56:37.231+0000] {logging_mixin.py:190} INFO - [2026-08-12T04:56:37.231+0000] {dagbag.py:587} INFO - Filling up the DagBag from /home/airflow/.local/lib/python3.12/site-packages/airflow/example_dags/plugins/listener_plugin.py
[2026-08-12T04:56:37.234+0000] {processor.py:927} WARNING - No viable dags retrieved from /home/airflow/.local/lib/python3.12/site-packages/airflow/example_dags/plugins/listener_plugin.py
[2026-08-12T04:56:37.251+0000] {processor.py:208} INFO - Processing /home/airflow/.local/lib/python3.12/site-packages/airflow/example_dags/plugins/listener_plugin.py took 0.035 seconds
[2026-08-12T04:57:07.963+0000] {processor.py:186} INFO - Started process (PID=3056) to work on /home/airflow/.local/lib/python3.12/site-packages/airflow/example_dags/plugins/listener_plugin.py
[2026-08-12T04:57:07.965+0000] {processor.py:914} INFO - Processing file /home/airflow/.local/lib/python3.12/site-packages/airflow/example_dags/plugins/listener_plugin.py for tasks to queue
[2026-08-12T04:57:07.969+0000] {logging_mixin.py:190} INFO - [2026-08-12T04:57:07.969+0000] {dagbag.py:587} INFO - Filling up the DagBag from /home/airflow/.local/lib/python3.12/site-packages/airflow/example_dags/plugins/listener_plugin.py
[2026-08-12T04:57:07.973+0000] {processor.py:927} WARNING - No viable dags retrieved from /home/airflow/.local/lib/python3.12/site-packages/airflow/example_dags/plugins/listener_plugin.py
[2026-08-12T04:57:07.994+0000] {processor.py:208} INFO - Processing /home/airflow/.local/lib/python3.12/site-packages/airflow/example_dags/plugins/listener_plugin.py took 0.039 seconds
[2026-08-12T04:57:38.727+0000] {processor.py:186} INFO - Started process (PID=3119) to work on /home/airflow/.local/lib/python3.12/site-packages/airflow/example_dags/plugins/listener_plugin.py
[2026-08-12T04:57:38.729+0000] {processor.py:914} INFO - Processing file /home/airflow/.local/lib/python3.12/site-packages/airflow/example_dags/plugins/listener_plugin.py for tasks to queue
[2026-08-12T04:57:38.735+0000] {logging_mixin.py:190} INFO - [2026-08-12T04:57:38.734+0000] {dagbag.py:587} INFO - Filling up the DagBag from /home/airflow/.local/lib/python3.12/site-packages/airflow/example_dags/plugins/listener_plugin.py
[2026-08-12T04:57:38.739+0000] {processor.py:927} WARNING - No viable dags retrieved from /home/airflow/.local/lib/python3.12/site-packages/airflow/example_dags/plugins/listener_plugin.py
[2026-08-12T04:57:38.758+0000] {processor.py:208} INFO - Processing /home/airflow/.local/lib/python3.12/site-packages/airflow/example_dags/plugins/listener_plugin.py took 0.042 seconds
[2026-08-12T04:58:09.308+0000] {processor.py:186} INFO - Started process (PID=3182) to work on /home/airflow/.local/lib/python3.12/site-packages/airflow/example_dags/plugins/listener_plugin.py
[2026-08-12T04:58:09.310+0000] {processor.py:914} INFO - Processing file /home/airflow/.local/lib/python3.12/site-packages/airflow/example_dags/plugins/listener_plugin.py for tasks to queue
[2026-08-12T04:58:09.312+0000] {logging_mixin.py:190} INFO - [2026-08-12T04:58:09.312+0000] {dagbag.py:587} INFO - Filling up the DagBag from /home/airflow/.local/lib/python3.12/site-packages/airflow/example_dags/plugins/listener_plugin.py
[2026-08-12T04:58:09.314+0000] {processor.py:927} WARNING - No viable dags retrieved from /home/airflow/.local/lib/python3.12/site-packages/airflow/example_dags/plugins/listener_plugin.py
[2026-08-12T04:58:09.331+0000] {processor.py:208} INFO - Processing /home/airflow/.local/lib/python3.12/site-packages/airflow/example_dags/plugins/listener_plugin.py took 0.028 seconds
[2026-08-12T04:58:39.722+0000] {processor.py:186} INFO - Started process (PID=3245) to work on /home/airflow/.local/lib/python3.12/site-packages/airflow/example_dags/plugins/listener_plugin.py
[2026-08-12T04:58:39.723+0000] {processor.py:914} INFO - Processing file /home/airflow/.local/lib/python3.12/site-packages/airflow/example_dags/plugins/listener_plugin.py for tasks to queue
[2026-08-12T04:58:39.727+0000] {logging_mixin.py:190} INFO - [2026-08-12T04:58:39.726+0000] {dagbag.py:587} INFO - Filling up the DagBag from /home/airflow/.local/lib/python3.12/site-packages/airflow/example_dags/plugins/listener_plugin.py
[2026-08-12T04:58:39.730+0000] {processor.py:927} WARNING - No viable dags retrieved from /home/airflow/.local/lib/python3.12/site-packages/airflow/example_dags/plugins/listener_plugin.py
[2026-08-12T04:58:39.743+0000] {processor.py:208} INFO - Processing /home/airflow/.local/lib/python3.12/site-packages/airflow/example_dags/plugins/listener_plugin.py took 0.027 seconds
[2026-08-12T04:59:10.461+0000] {processor.py:186} INFO - Started process (PID=3308) to work on /home/airflow/.local/lib/python3.12/site-packages/airflow/example_dags/plugins/listener_plugin.py
[2026-08-12T04:59:10.463+0000] {processor.py:914} INFO - Processing file /home/airflow/.local/lib/python3.12/site-packages/airflow/example_dags/plugins/listener_plugin.py for tasks to queue
[2026-08-12T04:59:10.467+0000] {logging_mixin.py:190} INFO - [2026-08-12T04:59:10.466+0000] {dagbag.py:587} INFO - Filling up the DagBag from /home/airflow/.local/lib/python3.12/site-packages/airflow/example_dags/plugins/listener_plugin.py
[2026-08-12T04:59:10.469+0000] {processor.py:927} WARNING - No viable dags retrieved from /home/airflow/.local/lib/python3.12/site-packages/airflow/example_dags/plugins/listener_plugin.py
[2026-08-12T04:59:10.484+0000] {processor.py:208} INFO - Processing /home/airflow/.local/lib/python3.12/site-packages/airflow/example_dags/plugins/listener_plugin.py took 0.031 seconds
[2026-08-12T04:59:41.134+0000] {processor.py:186} INFO - Started process (PID=3371) to work on /home/airflow/.local/lib/python3.12/site-packages/airflow/example_dags/plugins/listener_plugin.py
[2026-08-12T04:59:41.135+0000] {processor.py:914} INFO - Processing file /home/airflow/.local/lib/python3.12/site-packages/airflow/example_dags/plugins/listener_plugin.py for tasks to queue
[2026-08-12T04:59:41.138+0000] {logging_mixin.py:190} INFO - [2026-08-12T04:59:41.138+0000] {dagbag.py:587} INFO - Filling up the DagBag from /home/airflow/.local/lib/python3.12/site-packages/airflow/example_dags/plugins/listener_plugin.py
[2026-08-12T04:59:41.141+0000] {processor.py:927} WARNING - No viable dags retrieved from /home/airflow/.local/lib/python3.12/site-packages/airflow/example_dags/plugins/listener_plugin.py
[2026-08-12T04:59:41.155+0000] {processor.py:208} INFO - Processing /home/airflow/.local/lib/python3.12/site-packages/airflow/example_dags/plugins/listener_plugin.py took 0.027 seconds
[2026-08-12T05:00:11.747+0000] {processor.py:186} INFO - Started process (PID=3434) to work on /home/airflow/.local/lib/python3.12/site-packages/airflow/example_dags/plugins/listener_plugin.py
[2026-08-12T05:00:11.748+0000] {processor.py:914} INFO - Processing file /home/airflow/.local/lib/python3.12/site-packages/airflow/example_dags/plugins/listener_plugin.py for tasks to queue
[2026-08-12T05:00:11.751+0000] {logging_mixin.py:190} INFO - [2026-08-12T05:00:11.750+0000] {dagbag.py:587} INFO - Filling up the DagBag from /home/airflow/.local/lib/python3.12/site-packages/airflow/example_dags/plugins/listener_plugin.py
[2026-08-12T05:00:11.753+0000] {processor.py:927} WARNING - No viable dags retrieved from /home/airflow/.local/lib/python3.12/site-packages/airflow/example_dags/plugins/listener_plugin.py
[2026-08-12T05:00:11.766+0000] {processor.py:208} INFO - Processing /home/airflow/.local/lib/python3.12/site-packages/airflow/example_dags/plugins/listener_plugin.py took 0.024 seconds
[2026-08-12T05:00:41.969+0000] {processor.py:186} INFO - Started process (PID=3497) to work on /home/airflow/.local/lib/python3.12/site-packages/airflow/example_dags/plugins/listener_plugin.py
[2026-08-12T05:00:41.970+0000] {processor.py:914} INFO - Processing file /home/airflow/.local/lib/python3.12/site-packages/airflow/example_dags/plugins/listener_plugin.py for tasks to queue
[2026-08-12T05:00:41.974+0000] {logging_mixin.py:190} INFO - [2026-08-12T05:00:41.974+0000] {dagbag.py:587} INFO - Filling up the DagBag from /home/airflow/.local/lib/python3.12/site-packages/airflow/example_dags/plugins/listener_plugin.py
[2026-08-12T05:00:41.978+0000] {processor.py:927} WARNING - No viable dags retrieved from /home/airflow/.local/lib/python3.12/site-packages/airflow/example_dags/plugins/listener_plugin.py
[2026-08-12T05:00:41.991+0000] {processor.py:208} INFO - Processing /home/airflow/.local/lib/python3.12/site-packages/airflow/example_dags/plugins/listener_plugin.py took 0.030 seconds
[2026-08-12T05:01:12.549+0000] {processor.py:186} INFO - Started process (PID=3560) to work on /home/airflow/.local/lib/python3.12/site-packages/airflow/example_dags/plugins/listener_plugin.py
[2026-08-12T05:01:12.551+0000] {processor.py:914} INFO - Processing file /home/airflow/.local/lib/python3.12/site-packages/airflow/example_dags/plugins/listener_plugin.py for tasks to queue
[2026-08-12T05:01:12.554+0000] {logging_mixin.py:190} INFO - [2026-08-12T05:01:12.554+0000] {dagbag.py:587} INFO - Filling up the DagBag from /home/airflow/.local/lib/python3.12/site-packages/airflow/example_dags/plugins/listener_plugin.py
[2026-08-12T05:01:12.557+0000] {processor.py:927} WARNING - No viable dags retrieved from /home/airflow/.local/lib/python3.12/site-packages/airflow/example_dags/plugins/listener_plugin.py
[2026-08-12T05:01:12.573+0000] {processor.py:208} INFO - Processing /home/airflow/.local/lib/python3.12/site-packages/airflow/example_dags/plugins/listener_plugin.py took 0.030 seconds
[2026-08-12T05:01:43.185+0000] {processor.py:186} INFO - Started process (PID=3623) to work on /home/airflow/.local/lib/python3.12/site-packages/airflow/example_dags/plugins/listener_plugin.py
[2026-08-12T05:01:43.187+0000] {processor.py:914} INFO - Processing file /home/airflow/.local/lib/python3.12/site-packages/airflow/example_dags/plugins/listener_plugin.py for tasks to queue
[2026-08-12T05:01:43.189+0000] {logging_mixin.py:190} INFO - [2026-08-12T05:01:43.189+0000] {dagbag.py:587} INFO - Filling up the DagBag from /home/airflow/.local/lib/python3.12/site-packages/airflow/example_dags/plugins/listener_plugin.py
[2026-08-12T05:01:43.192+0000] {processor.py:927} WARNING - No viable dags retrieved from /home/airflow/.local/lib/python3.12/site-packages/airflow/example_dags/plugins/listener_plugin.py
[2026-08-12T05:01:43.204+0000] {processor.py:208} INFO - Processing /home/airflow/.local/lib/python3.12/site-packages/airflow/example_dags/plugins/listener_plugin.py took 0.024 seconds
[2026-08-12T05:02:13.828+0000] {processor.py:186} INFO - Started process (PID=3686) to work on /home/airflow/.local/lib/python3.12/site-packages/airflow/example_dags/plugins/listener_plugin.py
[2026-08-12T05:02:13.829+0000] {processor.py:914} INFO - Processing file /home/airflow/.local/lib/python3.12/site-packages/airflow/example_dags/plugins/listener_plugin.py for tasks to queue
[2026-08-12T05:02:13.832+0000] {logging_mixin.py:190} INFO - [2026-08-12T05:02:13.832+0000] {dagbag.py:587} INFO - Filling up the DagBag from /home/airflow/.local/lib/python3.12/site-packages/airflow/example_dags/plugins/listener_plugin.py
[2026-08-12T05:02:13.834+0000] {processor.py:927} WARNING - No viable dags retrieved from /home/airflow/.local/lib/python3.12/site-packages/airflow/example_dags/plugins/listener_plugin.py
[2026-08-12T05:02:13.847+0000] {processor.py:208} INFO - Processing /home/airflow/.local/lib/python3.12/site-packages/airflow/example_dags/plugins/listener_plugin.py took 0.025 seconds
[2026-08-12T05:02:44.444+0000] {processor.py:186} INFO - Started process (PID=3749) to work on /home/airflow/.local/lib/python3.12/site-packages/airflow/example_dags/plugins/listener_plugin.py
[2026-08-12T05:02:44.446+0000] {processor.py:914} INFO - Processing file /home/airflow/.local/lib/python3.12/site-packages/airflow/example_dags/plugins/listener_plugin.py for tasks to queue
[2026-08-12T05:02:44.450+0000] {logging_mixin.py:190} INFO - [2026-08-12T05:02:44.449+0000] {dagbag.py:587} INFO - Filling up the DagBag from /home/airflow/.local/lib/python3.12/site-packages/airflow/example_dags/plugins/listener_plugin.py
[2026-08-12T05:02:44.453+0000] {processor.py:927} WARNING - No viable dags retrieved from /home/airflow/.local/lib/python3.12/site-packages/airflow/example_dags/plugins/listener_plugin.py
[2026-08-12T05:02:44.466+0000] {processor.py:208} INFO - Processing /home/airflow/.local/lib/python3.12/site-packages/airflow/example_dags/plugins/listener_plugin.py took 0.028 seconds
[2026-08-12T05:03:14.875+0000] {processor.py:186} INFO - Started process (PID=3812) to work on /home/airflow/.local/lib/python3.12/site-packages/airflow/example_dags/plugins/listener_plugin.py
[2026-08-12T05:03:14.877+0000] {processor.py:914} INFO - Processing file /home/airflow/.local/lib/python3.12/site-packages/airflow/example_dags/plugins/listener_plugin.py for tasks to queue
[2026-08-12T05:03:14.880+0000] {logging_mixin.py:190} INFO - [2026-08-12T05:03:14.880+0000] {dagbag.py:587} INFO - Filling up the DagBag from /home/airflow/.local/lib/python3.12/site-packages/airflow/example_dags/plugins/listener_plugin.py
[2026-08-12T05:03:14.883+0000] {processor.py:927} WARNING - No viable dags retrieved from /home/airflow/.local/lib/python3.12/site-packages/airflow/example_dags/plugins/listener_plugin.py
[2026-08-12T05:03:14.896+0000] {processor.py:208} INFO - Processing /home/airflow/.local/lib/python3.12/site-packages/airflow/example_dags/plugins/listener_plugin.py took 0.028 seconds
[2026-08-12T05:03:45.269+0000] {processor.py:186} INFO - Started process (PID=3875) to work on /home/airflow/.local/lib/python3.12/site-packages/airflow/example_dags/plugins/listener_plugin.py
[2026-08-12T05:03:45.270+0000] {processor.py:914} INFO - Processing file /home/airflow/.local/lib/python3.12/site-packages/airflow/example_dags/plugins/listener_plugin.py for tasks to queue
[2026-08-12T05:03:45.274+0000] {logging_mixin.py:190} INFO - [2026-08-12T05:03:45.273+0000] {dagbag.py:587} INFO - Filling up the DagBag from /home/airflow/.local/lib/python3.12/site-packages/airflow/example_dags/plugins/listener_plugin.py
[2026-08-12T05:03:45.277+0000] {processor.py:927} WARNING - No viable dags retrieved from /home/airflow/.local/lib/python3.12/site-packages/airflow/example_dags/plugins/listener_plugin.py
[2026-08-12T05:03:45.291+0000] {processor.py:208} INFO - Processing /home/airflow/.local/lib/python3.12/site-packages/airflow/example_dags/plugins/listener_plugin.py took 0.029 seconds
[2026-08-12T05:04:15.593+0000] {processor.py:186} INFO - Started process (PID=3939) to work on /home/airflow/.local/lib/python3.12/site-packages/airflow/example_dags/plugins/listener_plugin.py
[2026-08-12T05:04:15.595+0000] {processor.py:914} INFO - Processing file /home/airflow/.local/lib/python3.12/site-packages/airflow/example_dags/plugins/listener_plugin.py for tasks to queue
[2026-08-12T05:04:15.598+0000] {logging_mixin.py:190} INFO - [2026-08-12T05:04:15.598+0000] {dagbag.py:587} INFO - Filling up the DagBag from /home/airflow/.local/lib/python3.12/site-packages/airflow/example_dags/plugins/listener_plugin.py
[2026-08-12T05:04:15.601+0000] {processor.py:927} WARNING - No viable dags retrieved from /home/airflow/.local/lib/python3.12/site-packages/airflow/example_dags/plugins/listener_plugin.py
[2026-08-12T05:04:15.614+0000] {processor.py:208} INFO - Processing /home/airflow/.local/lib/python3.12/site-packages/airflow/example_dags/plugins/listener_plugin.py took 0.028 seconds
[2026-08-12T05:04:46.082+0000] {processor.py:186} INFO - Started process (PID=4002) to work on /home/airflow/.local/lib/python3.12/site-packages/airflow/example_dags/plugins/listener_plugin.py
[2026-08-12T05:04:46.083+0000] {processor.py:914} INFO - Processing file /home/airflow/.local/lib/python3.12/site-packages/airflow/example_dags/plugins/listener_plugin.py for tasks to queue
[2026-08-12T05:04:46.087+0000] {logging_mixin.py:190} INFO - [2026-08-12T05:04:46.087+0000] {dagbag.py:587} INFO - Filling up the DagBag from /home/airflow/.local/lib/python3.12/site-packages/airflow/example_dags/plugins/listener_plugin.py
[2026-08-12T05:04:46.091+0000] {processor.py:927} WARNING - No viable dags retrieved from /home/airflow/.local/lib/python3.12/site-packages/airflow/example_dags/plugins/listener_plugin.py
[2026-08-12T05:04:46.110+0000] {processor.py:208} INFO - Processing /home/airflow/.local/lib/python3.12/site-packages/airflow/example_dags/plugins/listener_plugin.py took 0.034 seconds
[2026-08-12T05:05:16.432+0000] {processor.py:186} INFO - Started process (PID=4065) to work on /home/airflow/.local/lib/python3.12/site-packages/airflow/example_dags/plugins/listener_plugin.py
[2026-08-12T05:05:16.433+0000] {processor.py:914} INFO - Processing file /home/airflow/.local/lib/python3.12/site-packages/airflow/example_dags/plugins/listener_plugin.py for tasks to queue
[2026-08-12T05:05:16.436+0000] {logging_mixin.py:190} INFO - [2026-08-12T05:05:16.436+0000] {dagbag.py:587} INFO - Filling up the DagBag from /home/airflow/.local/lib/python3.12/site-packages/airflow/example_dags/plugins/listener_plugin.py
[2026-08-12T05:05:16.439+0000] {processor.py:927} WARNING - No viable dags retrieved from /home/airflow/.local/lib/python3.12/site-packages/airflow/example_dags/plugins/listener_plugin.py
[2026-08-12T05:05:16.454+0000] {processor.py:208} INFO - Processing /home/airflow/.local/lib/python3.12/site-packages/airflow/example_dags/plugins/listener_plugin.py took 0.027 seconds
[2026-08-12T05:05:46.829+0000] {processor.py:186} INFO - Started process (PID=4128) to work on /home/airflow/.local/lib/python3.12/site-packages/airflow/example_dags/plugins/listener_plugin.py
[2026-08-12T05:05:46.830+0000] {processor.py:914} INFO - Processing file /home/airflow/.local/lib/python3.12/site-packages/airflow/example_dags/plugins/listener_plugin.py for tasks to queue
[2026-08-12T05:05:46.833+0000] {logging_mixin.py:190} INFO - [2026-08-12T05:05:46.833+0000] {dagbag.py:587} INFO - Filling up the DagBag from /home/airflow/.local/lib/python3.12/site-packages/airflow/example_dags/plugins/listener_plugin.py
[2026-08-12T05:05:46.836+0000] {processor.py:927} WARNING - No viable dags retrieved from /home/airflow/.local/lib/python3.12/site-packages/airflow/example_dags/plugins/listener_plugin.py
[2026-08-12T05:05:46.849+0000] {processor.py:208} INFO - Processing /home/airflow/.local/lib/python3.12/site-packages/airflow/example_dags/plugins/listener_plugin.py took 0.026 seconds
[2026-08-12T05:06:17.553+0000] {processor.py:186} INFO - Started process (PID=4191) to work on /home/airflow/.local/lib/python3.12/site-packages/airflow/example_dags/plugins/listener_plugin.py
[2026-08-12T05:06:17.555+0000] {processor.py:914} INFO - Processing file /home/airflow/.local/lib/python3.12/site-packages/airflow/example_dags/plugins/listener_plugin.py for tasks to queue
[2026-08-12T05:06:17.558+0000] {logging_mixin.py:190} INFO - [2026-08-12T05:06:17.558+0000] {dagbag.py:587} INFO - Filling up the DagBag from /home/airflow/.local/lib/python3.12/site-packages/airflow/example_dags/plugins/listener_plugin.py
[2026-08-12T05:06:17.561+0000] {processor.py:927} WARNING - No viable dags retrieved from /home/airflow/.local/lib/python3.12/site-packages/airflow/example_dags/plugins/listener_plugin.py
[2026-08-12T05:06:17.574+0000] {processor.py:208} INFO - Processing /home/airflow/.local/lib/python3.12/site-packages/airflow/example_dags/plugins/listener_plugin.py took 0.027 seconds
[2026-08-12T05:06:48.019+0000] {processor.py:186} INFO - Started process (PID=4254) to work on /home/airflow/.local/lib/python3.12/site-packages/airflow/example_dags/plugins/listener_plugin.py
[2026-08-12T05:06:48.023+0000] {processor.py:914} INFO - Processing file /home/airflow/.local/lib/python3.12/site-packages/airflow/example_dags/plugins/listener_plugin.py for tasks to queue
[2026-08-12T05:06:48.036+0000] {logging_mixin.py:190} INFO - [2026-08-12T05:06:48.035+0000] {dagbag.py:587} INFO - Filling up the DagBag from /home/airflow/.local/lib/python3.12/site-packages/airflow/example_dags/plugins/listener_plugin.py
[2026-08-12T05:06:48.039+0000] {processor.py:927} WARNING - No viable dags retrieved from /home/airflow/.local/lib/python3.12/site-packages/airflow/example_dags/plugins/listener_plugin.py
[2026-08-12T05:06:48.054+0000] {processor.py:208} INFO - Processing /home/airflow/.local/lib/python3.12/site-packages/airflow/example_dags/plugins/listener_plugin.py took 0.042 seconds
[2026-08-12T05:07:19.160+0000] {processor.py:186} INFO - Started process (PID=4317) to work on /home/airflow/.local/lib/python3.12/site-packages/airflow/example_dags/plugins/listener_plugin.py
[2026-08-12T05:07:19.163+0000] {processor.py:914} INFO - Processing file /home/airflow/.local/lib/python3.12/site-packages/airflow/example_dags/plugins/listener_plugin.py for tasks to queue
[2026-08-12T05:07:19.167+0000] {logging_mixin.py:190} INFO - [2026-08-12T05:07:19.167+0000] {dagbag.py:587} INFO - Filling up the DagBag from /home/airflow/.local/lib/python3.12/site-packages/airflow/example_dags/plugins/listener_plugin.py
[2026-08-12T05:07:19.171+0000] {processor.py:927} WARNING - No viable dags retrieved from /home/airflow/.local/lib/python3.12/site-packages/airflow/example_dags/plugins/listener_plugin.py
[2026-08-12T05:07:19.189+0000] {processor.py:208} INFO - Processing /home/airflow/.local/lib/python3.12/site-packages/airflow/example_dags/plugins/listener_plugin.py took 0.040 seconds
[2026-08-12T05:07:49.717+0000] {processor.py:186} INFO - Started process (PID=4380) to work on /home/airflow/.local/lib/python3.12/site-packages/airflow/example_dags/plugins/listener_plugin.py
[2026-08-12T05:07:49.719+0000] {processor.py:914} INFO - Processing file /home/airflow/.local/lib/python3.12/site-packages/airflow/example_dags/plugins/listener_plugin.py for tasks to queue
[2026-08-12T05:07:49.722+0000] {logging_mixin.py:190} INFO - [2026-08-12T05:07:49.721+0000] {dagbag.py:587} INFO - Filling up the DagBag from /home/airflow/.local/lib/python3.12/site-packages/airflow/example_dags/plugins/listener_plugin.py
[2026-08-12T05:07:49.724+0000] {processor.py:927} WARNING - No viable dags retrieved from /home/airflow/.local/lib/python3.12/site-packages/airflow/example_dags/plugins/listener_plugin.py
[2026-08-12T05:07:49.738+0000] {processor.py:208} INFO - Processing /home/airflow/.local/lib/python3.12/site-packages/airflow/example_dags/plugins/listener_plugin.py took 0.029 seconds
[2026-08-12T05:08:20.555+0000] {processor.py:186} INFO - Started process (PID=4443) to work on /home/airflow/.local/lib/python3.12/site-packages/airflow/example_dags/plugins/listener_plugin.py
[2026-08-12T05:08:20.556+0000] {processor.py:914} INFO - Processing file /home/airflow/.local/lib/python3.12/site-packages/airflow/example_dags/plugins/listener_plugin.py for tasks to queue
[2026-08-12T05:08:20.560+0000] {logging_mixin.py:190} INFO - [2026-08-12T05:08:20.559+0000] {dagbag.py:587} INFO - Filling up the DagBag from /home/airflow/.local/lib/python3.12/site-packages/airflow/example_dags/plugins/listener_plugin.py
[2026-08-12T05:08:20.563+0000] {processor.py:927} WARNING - No viable dags retrieved from /home/airflow/.local/lib/python3.12/site-packages/airflow/example_dags/plugins/listener_plugin.py
[2026-08-12T05:08:20.579+0000] {processor.py:208} INFO - Processing /home/airflow/.local/lib/python3.12/site-packages/airflow/example_dags/plugins/listener_plugin.py took 0.031 seconds
[2026-08-12T05:08:50.868+0000] {processor.py:186} INFO - Started process (PID=4506) to work on /home/airflow/.local/lib/python3.12/site-packages/airflow/example_dags/plugins/listener_plugin.py
[2026-08-12T05:08:50.870+0000] {processor.py:914} INFO - Processing file /home/airflow/.local/lib/python3.12/site-packages/airflow/example_dags/plugins/listener_plugin.py for tasks to queue
[2026-08-12T05:08:50.873+0000] {logging_mixin.py:190} INFO - [2026-08-12T05:08:50.873+0000] {dagbag.py:587} INFO - Filling up the DagBag from /home/airflow/.local/lib/python3.12/site-packages/airflow/example_dags/plugins/listener_plugin.py
[2026-08-12T05:08:50.876+0000] {processor.py:927} WARNING - No viable dags retrieved from /home/airflow/.local/lib/python3.12/site-packages/airflow/example_dags/plugins/listener_plugin.py
[2026-08-12T05:08:50.892+0000] {processor.py:208} INFO - Processing /home/airflow/.local/lib/python3.12/site-packages/airflow/example_dags/plugins/listener_plugin.py took 0.031 seconds
[2026-08-12T05:09:21.421+0000] {processor.py:186} INFO - Started process (PID=4569) to work on /home/airflow/.local/lib/python3.12/site-packages/airflow/example_dags/plugins/listener_plugin.py
[2026-08-12T05:09:21.422+0000] {processor.py:914} INFO - Processing file /home/airflow/.local/lib/python3.12/site-packages/airflow/example_dags/plugins/listener_plugin.py for tasks to queue
[2026-08-12T05:09:21.425+0000] {logging_mixin.py:190} INFO - [2026-08-12T05:09:21.425+0000] {dagbag.py:587} INFO - Filling up the DagBag from /home/airflow/.local/lib/python3.12/site-packages/airflow/example_dags/plugins/listener_plugin.py
[2026-08-12T05:09:21.428+0000] {processor.py:927} WARNING - No viable dags retrieved from /home/airflow/.local/lib/python3.12/site-packages/airflow/example_dags/plugins/listener_plugin.py
[2026-08-12T05:09:21.442+0000] {processor.py:208} INFO - Processing /home/airflow/.local/lib/python3.12/site-packages/airflow/example_dags/plugins/listener_plugin.py took 0.027 seconds
[2026-08-12T05:09:52.024+0000] {processor.py:186} INFO - Started process (PID=4632) to work on /home/airflow/.local/lib/python3.12/site-packages/airflow/example_dags/plugins/listener_plugin.py
[2026-08-12T05:09:52.026+0000] {processor.py:914} INFO - Processing file /home/airflow/.local/lib/python3.12/site-packages/airflow/example_dags/plugins/listener_plugin.py for tasks to queue
[2026-08-12T05:09:52.030+0000] {logging_mixin.py:190} INFO - [2026-08-12T05:09:52.029+0000] {dagbag.py:587} INFO - Filling up the DagBag from /home/airflow/.local/lib/python3.12/site-packages/airflow/example_dags/plugins/listener_plugin.py
[2026-08-12T05:09:52.033+0000] {processor.py:927} WARNING - No viable dags retrieved from /home/airflow/.local/lib/python3.12/site-packages/airflow/example_dags/plugins/listener_plugin.py
[2026-08-12T05:09:52.045+0000] {processor.py:208} INFO - Processing /home/airflow/.local/lib/python3.12/site-packages/airflow/example_dags/plugins/listener_plugin.py took 0.027 seconds
[2026-08-12T05:10:22.799+0000] {processor.py:186} INFO - Started process (PID=4695) to work on /home/airflow/.local/lib/python3.12/site-packages/airflow/example_dags/plugins/listener_plugin.py
[2026-08-12T05:10:22.800+0000] {processor.py:914} INFO - Processing file /home/airflow/.local/lib/python3.12/site-packages/airflow/example_dags/plugins/listener_plugin.py for tasks to queue
[2026-08-12T05:10:22.803+0000] {logging_mixin.py:190} INFO - [2026-08-12T05:10:22.802+0000] {dagbag.py:587} INFO - Filling up the DagBag from /home/airflow/.local/lib/python3.12/site-packages/airflow/example_dags/plugins/listener_plugin.py
[2026-08-12T05:10:22.805+0000] {processor.py:927} WARNING - No viable dags retrieved from /home/airflow/.local/lib/python3.12/site-packages/airflow/example_dags/plugins/listener_plugin.py
[2026-08-12T05:10:22.820+0000] {processor.py:208} INFO - Processing /home/airflow/.local/lib/python3.12/site-packages/airflow/example_dags/plugins/listener_plugin.py took 0.027 seconds
[2026-08-12T05:10:53.142+0000] {processor.py:186} INFO - Started process (PID=4758) to work on /home/airflow/.local/lib/python3.12/site-packages/airflow/example_dags/plugins/listener_plugin.py
[2026-08-12T05:10:53.144+0000] {processor.py:914} INFO - Processing file /home/airflow/.local/lib/python3.12/site-packages/airflow/example_dags/plugins/listener_plugin.py for tasks to queue
[2026-08-12T05:10:53.147+0000] {logging_mixin.py:190} INFO - [2026-08-12T05:10:53.147+0000] {dagbag.py:587} INFO - Filling up the DagBag from /home/airflow/.local/lib/python3.12/site-packages/airflow/example_dags/plugins/listener_plugin.py
[2026-08-12T05:10:53.150+0000] {processor.py:927} WARNING - No viable dags retrieved from /home/airflow/.local/lib/python3.12/site-packages/airflow/example_dags/plugins/listener_plugin.py
[2026-08-12T05:10:53.165+0000] {processor.py:208} INFO - Processing /home/airflow/.local/lib/python3.12/site-packages/airflow/example_dags/plugins/listener_plugin.py took 0.028 seconds
[2026-08-12T05:11:23.664+0000] {processor.py:186} INFO - Started process (PID=4821) to work on /home/airflow/.local/lib/python3.12/site-packages/airflow/example_dags/plugins/listener_plugin.py
[2026-08-12T05:11:23.666+0000] {processor.py:914} INFO - Processing file /home/airflow/.local/lib/python3.12/site-packages/airflow/example_dags/plugins/listener_plugin.py for tasks to queue
[2026-08-12T05:11:23.669+0000] {logging_mixin.py:190} INFO - [2026-08-12T05:11:23.668+0000] {dagbag.py:587} INFO - Filling up the DagBag from /home/airflow/.local/lib/python3.12/site-packages/airflow/example_dags/plugins/listener_plugin.py
[2026-08-12T05:11:23.671+0000] {processor.py:927} WARNING - No viable dags retrieved from /home/airflow/.local/lib/python3.12/site-packages/airflow/example_dags/plugins/listener_plugin.py
[2026-08-12T05:11:23.685+0000] {processor.py:208} INFO - Processing /home/airflow/.local/lib/python3.12/site-packages/airflow/example_dags/plugins/listener_plugin.py took 0.027 seconds
[2026-08-12T05:11:54.083+0000] {processor.py:186} INFO - Started process (PID=4884) to work on /home/airflow/.local/lib/python3.12/site-packages/airflow/example_dags/plugins/listener_plugin.py
[2026-08-12T05:11:54.085+0000] {processor.py:914} INFO - Processing file /home/airflow/.local/lib/python3.12/site-packages/airflow/example_dags/plugins/listener_plugin.py for tasks to queue
[2026-08-12T05:11:54.088+0000] {logging_mixin.py:190} INFO - [2026-08-12T05:11:54.088+0000] {dagbag.py:587} INFO - Filling up the DagBag from /home/airflow/.local/lib/python3.12/site-packages/airflow/example_dags/plugins/listener_plugin.py
[2026-08-12T05:11:54.091+0000] {processor.py:927} WARNING - No viable dags retrieved from /home/airflow/.local/lib/python3.12/site-packages/airflow/example_dags/plugins/listener_plugin.py
[2026-08-12T05:11:54.103+0000] {processor.py:208} INFO - Processing /home/airflow/.local/lib/python3.12/site-packages/airflow/example_dags/plugins/listener_plugin.py took 0.027 seconds
[2026-08-12T05:12:25.146+0000] {processor.py:186} INFO - Started process (PID=4947) to work on /home/airflow/.local/lib/python3.12/site-packages/airflow/example_dags/plugins/listener_plugin.py
[2026-08-12T05:12:25.147+0000] {processor.py:914} INFO - Processing file /home/airflow/.local/lib/python3.12/site-packages/airflow/example_dags/plugins/listener_plugin.py for tasks to queue
[2026-08-12T05:12:25.149+0000] {logging_mixin.py:190} INFO - [2026-08-12T05:12:25.149+0000] {dagbag.py:587} INFO - Filling up the DagBag from /home/airflow/.local/lib/python3.12/site-packages/airflow/example_dags/plugins/listener_plugin.py
[2026-08-12T05:12:25.152+0000] {processor.py:927} WARNING - No viable dags retrieved from /home/airflow/.local/lib/python3.12/site-packages/airflow/example_dags/plugins/listener_plugin.py
[2026-08-12T05:12:25.165+0000] {processor.py:208} INFO - Processing /home/airflow/.local/lib/python3.12/site-packages/airflow/example_dags/plugins/listener_plugin.py took 0.025 seconds
[2026-08-12T05:12:55.388+0000] {processor.py:186} INFO - Started process (PID=5010) to work on /home/airflow/.local/lib/python3.12/site-packages/airflow/example_dags/plugins/listener_plugin.py
[2026-08-12T05:12:55.389+0000] {processor.py:914} INFO - Processing file /home/airflow/.local/lib/python3.12/site-packages/airflow/example_dags/plugins/listener_plugin.py for tasks to queue
[2026-08-12T05:12:55.393+0000] {logging_mixin.py:190} INFO - [2026-08-12T05:12:55.393+0000] {dagbag.py:587} INFO - Filling up the DagBag from /home/airflow/.local/lib/python3.12/site-packages/airflow/example_dags/plugins/listener_plugin.py
[2026-08-12T05:12:55.397+0000] {processor.py:927} WARNING - No viable dags retrieved from /home/airflow/.local/lib/python3.12/site-packages/airflow/example_dags/plugins/listener_plugin.py
[2026-08-12T05:12:55.412+0000] {processor.py:208} INFO - Processing /home/airflow/.local/lib/python3.12/site-packages/airflow/example_dags/plugins/listener_plugin.py took 0.032 seconds
[2026-08-12T05:13:25.957+0000] {processor.py:186} INFO - Started process (PID=5073) to work on /home/airflow/.local/lib/python3.12/site-packages/airflow/example_dags/plugins/listener_plugin.py
[2026-08-12T05:13:25.958+0000] {processor.py:914} INFO - Processing file /home/airflow/.local/lib/python3.12/site-packages/airflow/example_dags/plugins/listener_plugin.py for tasks to queue
[2026-08-12T05:13:25.961+0000] {logging_mixin.py:190} INFO - [2026-08-12T05:13:25.960+0000] {dagbag.py:587} INFO - Filling up the DagBag from /home/airflow/.local/lib/python3.12/site-packages/airflow/example_dags/plugins/listener_plugin.py
[2026-08-12T05:13:25.963+0000] {processor.py:927} WARNING - No viable dags retrieved from /home/airflow/.local/lib/python3.12/site-packages/airflow/example_dags/plugins/listener_plugin.py
[2026-08-12T05:13:25.976+0000] {processor.py:208} INFO - Processing /home/airflow/.local/lib/python3.12/site-packages/airflow/example_dags/plugins/listener_plugin.py took 0.026 seconds
[2026-08-12T05:13:56.432+0000] {processor.py:186} INFO - Started process (PID=5136) to work on /home/airflow/.local/lib/python3.12/site-packages/airflow/example_dags/plugins/listener_plugin.py
[2026-08-12T05:13:56.434+0000] {processor.py:914} INFO - Processing file /home/airflow/.local/lib/python3.12/site-packages/airflow/example_dags/plugins/listener_plugin.py for tasks to queue
[2026-08-12T05:13:56.437+0000] {logging_mixin.py:190} INFO - [2026-08-12T05:13:56.437+0000] {dagbag.py:587} INFO - Filling up the DagBag from /home/airflow/.local/lib/python3.12/site-packages/airflow/example_dags/plugins/listener_plugin.py
[2026-08-12T05:13:56.440+0000] {processor.py:927} WARNING - No viable dags retrieved from /home/airflow/.local/lib/python3.12/site-packages/airflow/example_dags/plugins/listener_plugin.py
[2026-08-12T05:13:56.452+0000] {processor.py:208} INFO - Processing /home/airflow/.local/lib/python3.12/site-packages/airflow/example_dags/plugins/listener_plugin.py took 0.026 seconds
[2026-08-12T05:14:26.989+0000] {processor.py:186} INFO - Started process (PID=5199) to work on /home/airflow/.local/lib/python3.12/site-packages/airflow/example_dags/plugins/listener_plugin.py
[2026-08-12T05:14:26.990+0000] {processor.py:914} INFO - Processing file /home/airflow/.local/lib/python3.12/site-packages/airflow/example_dags/plugins/listener_plugin.py for tasks to queue
[2026-08-12T05:14:26.993+0000] {logging_mixin.py:190} INFO - [2026-08-12T05:14:26.993+0000] {dagbag.py:587} INFO - Filling up the DagBag from /home/airflow/.local/lib/python3.12/site-packages/airflow/example_dags/plugins/listener_plugin.py
[2026-08-12T05:14:26.996+0000] {processor.py:927} WARNING - No viable dags retrieved from /home/airflow/.local/lib/python3.12/site-packages/airflow/example_dags/plugins/listener_plugin.py
[2026-08-12T05:14:27.011+0000] {processor.py:208} INFO - Processing /home/airflow/.local/lib/python3.12/site-packages/airflow/example_dags/plugins/listener_plugin.py took 0.028 seconds
[2026-08-12T05:14:57.816+0000] {processor.py:186} INFO - Started process (PID=5262) to work on /home/airflow/.local/lib/python3.12/site-packages/airflow/example_dags/plugins/listener_plugin.py
[2026-08-12T05:14:57.826+0000] {processor.py:914} INFO - Processing file /home/airflow/.local/lib/python3.12/site-packages/airflow/example_dags/plugins/listener_plugin.py for tasks to queue
[2026-08-12T05:14:57.831+0000] {logging_mixin.py:190} INFO - [2026-08-12T05:14:57.830+0000] {dagbag.py:587} INFO - Filling up the DagBag from /home/airflow/.local/lib/python3.12/site-packages/airflow/example_dags/plugins/listener_plugin.py
[2026-08-12T05:14:57.837+0000] {processor.py:927} WARNING - No viable dags retrieved from /home/airflow/.local/lib/python3.12/site-packages/airflow/example_dags/plugins/listener_plugin.py
[2026-08-12T05:14:57.858+0000] {processor.py:208} INFO - Processing /home/airflow/.local/lib/python3.12/site-packages/airflow/example_dags/plugins/listener_plugin.py took 0.050 seconds
[2026-08-12T05:15:28.048+0000] {processor.py:186} INFO - Started process (PID=5325) to work on /home/airflow/.local/lib/python3.12/site-packages/airflow/example_dags/plugins/listener_plugin.py
[2026-08-12T05:15:28.049+0000] {processor.py:914} INFO - Processing file /home/airflow/.local/lib/python3.12/site-packages/airflow/example_dags/plugins/listener_plugin.py for tasks to queue
[2026-08-12T05:15:28.053+0000] {logging_mixin.py:190} INFO - [2026-08-12T05:15:28.052+0000] {dagbag.py:587} INFO - Filling up the DagBag from /home/airflow/.local/lib/python3.12/site-packages/airflow/example_dags/plugins/listener_plugin.py
[2026-08-12T05:15:28.055+0000] {processor.py:927} WARNING - No viable dags retrieved from /home/airflow/.local/lib/python3.12/site-packages/airflow/example_dags/plugins/listener_plugin.py
[2026-08-12T05:15:28.067+0000] {processor.py:208} INFO - Processing /home/airflow/.local/lib/python3.12/site-packages/airflow/example_dags/plugins/listener_plugin.py took 0.026 seconds
[2026-08-12T05:15:58.838+0000] {processor.py:186} INFO - Started process (PID=5388) to work on /home/airflow/.local/lib/python3.12/site-packages/airflow/example_dags/plugins/listener_plugin.py
[2026-08-12T05:15:58.839+0000] {processor.py:914} INFO - Processing file /home/airflow/.local/lib/python3.12/site-packages/airflow/example_dags/plugins/listener_plugin.py for tasks to queue
[2026-08-12T05:15:58.841+0000] {logging_mixin.py:190} INFO - [2026-08-12T05:15:58.841+0000] {dagbag.py:587} INFO - Filling up the DagBag from /home/airflow/.local/lib/python3.12/site-packages/airflow/example_dags/plugins/listener_plugin.py
[2026-08-12T05:15:58.845+0000] {processor.py:927} WARNING - No viable dags retrieved from /home/airflow/.local/lib/python3.12/site-packages/airflow/example_dags/plugins/listener_plugin.py
[2026-08-12T05:15:58.860+0000] {processor.py:208} INFO - Processing /home/airflow/.local/lib/python3.12/site-packages/airflow/example_dags/plugins/listener_plugin.py took 0.028 seconds
[2026-08-12T05:16:29.372+0000] {processor.py:186} INFO - Started process (PID=5451) to work on /home/airflow/.local/lib/python3.12/site-packages/airflow/example_dags/plugins/listener_plugin.py
[2026-08-12T05:16:29.374+0000] {processor.py:914} INFO - Processing file /home/airflow/.local/lib/python3.12/site-packages/airflow/example_dags/plugins/listener_plugin.py for tasks to queue
[2026-08-12T05:16:29.378+0000] {logging_mixin.py:190} INFO - [2026-08-12T05:16:29.377+0000] {dagbag.py:587} INFO - Filling up the DagBag from /home/airflow/.local/lib/python3.12/site-packages/airflow/example_dags/plugins/listener_plugin.py
[2026-08-12T05:16:29.381+0000] {processor.py:927} WARNING - No viable dags retrieved from /home/airflow/.local/lib/python3.12/site-packages/airflow/example_dags/plugins/listener_plugin.py
[2026-08-12T05:16:29.398+0000] {processor.py:208} INFO - Processing /home/airflow/.local/lib/python3.12/site-packages/airflow/example_dags/plugins/listener_plugin.py took 0.035 seconds
[2026-08-12T05:16:59.817+0000] {processor.py:186} INFO - Started process (PID=5514) to work on /home/airflow/.local/lib/python3.12/site-packages/airflow/example_dags/plugins/listener_plugin.py
[2026-08-12T05:16:59.818+0000] {processor.py:914} INFO - Processing file /home/airflow/.local/lib/python3.12/site-packages/airflow/example_dags/plugins/listener_plugin.py for tasks to queue
[2026-08-12T05:16:59.822+0000] {logging_mixin.py:190} INFO - [2026-08-12T05:16:59.821+0000] {dagbag.py:587} INFO - Filling up the DagBag from /home/airflow/.local/lib/python3.12/site-packages/airflow/example_dags/plugins/listener_plugin.py
[2026-08-12T05:16:59.825+0000] {processor.py:927} WARNING - No viable dags retrieved from /home/airflow/.local/lib/python3.12/site-packages/airflow/example_dags/plugins/listener_plugin.py
[2026-08-12T05:16:59.837+0000] {processor.py:208} INFO - Processing /home/airflow/.local/lib/python3.12/site-packages/airflow/example_dags/plugins/listener_plugin.py took 0.026 seconds
[2026-08-12T05:17:30.508+0000] {processor.py:186} INFO - Started process (PID=5577) to work on /home/airflow/.local/lib/python3.12/site-packages/airflow/example_dags/plugins/listener_plugin.py
[2026-08-12T05:17:30.510+0000] {processor.py:914} INFO - Processing file /home/airflow/.local/lib/python3.12/site-packages/airflow/example_dags/plugins/listener_plugin.py for tasks to queue
[2026-08-12T05:17:30.513+0000] {logging_mixin.py:190} INFO - [2026-08-12T05:17:30.513+0000] {dagbag.py:587} INFO - Filling up the DagBag from /home/airflow/.local/lib/python3.12/site-packages/airflow/example_dags/plugins/listener_plugin.py
[2026-08-12T05:17:30.516+0000] {processor.py:927} WARNING - No viable dags retrieved from /home/airflow/.local/lib/python3.12/site-packages/airflow/example_dags/plugins/listener_plugin.py
[2026-08-12T05:17:30.532+0000] {processor.py:208} INFO - Processing /home/airflow/.local/lib/python3.12/site-packages/airflow/example_dags/plugins/listener_plugin.py took 0.031 seconds
[2026-08-12T05:18:01.674+0000] {processor.py:186} INFO - Started process (PID=5640) to work on /home/airflow/.local/lib/python3.12/site-packages/airflow/example_dags/plugins/listener_plugin.py
[2026-08-12T05:18:01.677+0000] {processor.py:914} INFO - Processing file /home/airflow/.local/lib/python3.12/site-packages/airflow/example_dags/plugins/listener_plugin.py for tasks to queue
[2026-08-12T05:18:01.682+0000] {logging_mixin.py:190} INFO - [2026-08-12T05:18:01.681+0000] {dagbag.py:587} INFO - Filling up the DagBag from /home/airflow/.local/lib/python3.12/site-packages/airflow/example_dags/plugins/listener_plugin.py
[2026-08-12T05:18:01.687+0000] {processor.py:927} WARNING - No viable dags retrieved from /home/airflow/.local/lib/python3.12/site-packages/airflow/example_dags/plugins/listener_plugin.py
[2026-08-12T05:18:01.709+0000] {processor.py:208} INFO - Processing /home/airflow/.local/lib/python3.12/site-packages/airflow/example_dags/plugins/listener_plugin.py took 0.047 seconds
[2026-08-12T05:18:32.500+0000] {processor.py:186} INFO - Started process (PID=5703) to work on /home/airflow/.local/lib/python3.12/site-packages/airflow/example_dags/plugins/listener_plugin.py
[2026-08-12T05:18:32.501+0000] {processor.py:914} INFO - Processing file /home/airflow/.local/lib/python3.12/site-packages/airflow/example_dags/plugins/listener_plugin.py for tasks to queue
[2026-08-12T05:18:32.505+0000] {logging_mixin.py:190} INFO - [2026-08-12T05:18:32.505+0000] {dagbag.py:587} INFO - Filling up the DagBag from /home/airflow/.local/lib/python3.12/site-packages/airflow/example_dags/plugins/listener_plugin.py
[2026-08-12T05:18:32.509+0000] {processor.py:927} WARNING - No viable dags retrieved from /home/airflow/.local/lib/python3.12/site-packages/airflow/example_dags/plugins/listener_plugin.py
[2026-08-12T05:18:32.528+0000] {processor.py:208} INFO - Processing /home/airflow/.local/lib/python3.12/site-packages/airflow/example_dags/plugins/listener_plugin.py took 0.035 seconds
[2026-08-12T05:19:17.162+0000] {processor.py:186} INFO - Started process (PID=5775) to work on /home/airflow/.local/lib/python3.12/site-packages/airflow/example_dags/plugins/listener_plugin.py
[2026-08-12T05:19:17.164+0000] {processor.py:914} INFO - Processing file /home/airflow/.local/lib/python3.12/site-packages/airflow/example_dags/plugins/listener_plugin.py for tasks to queue
[2026-08-12T05:19:17.171+0000] {logging_mixin.py:190} INFO - [2026-08-12T05:19:17.170+0000] {dagbag.py:587} INFO - Filling up the DagBag from /home/airflow/.local/lib/python3.12/site-packages/airflow/example_dags/plugins/listener_plugin.py
[2026-08-12T05:19:17.177+0000] {processor.py:927} WARNING - No viable dags retrieved from /home/airflow/.local/lib/python3.12/site-packages/airflow/example_dags/plugins/listener_plugin.py
[2026-08-12T05:19:17.203+0000] {processor.py:208} INFO - Processing /home/airflow/.local/lib/python3.12/site-packages/airflow/example_dags/plugins/listener_plugin.py took 0.059 seconds
[2026-08-12T05:19:49.592+0000] {processor.py:186} INFO - Started process (PID=5838) to work on /home/airflow/.local/lib/python3.12/site-packages/airflow/example_dags/plugins/listener_plugin.py
[2026-08-12T05:19:49.603+0000] {processor.py:914} INFO - Processing file /home/airflow/.local/lib/python3.12/site-packages/airflow/example_dags/plugins/listener_plugin.py for tasks to queue
[2026-08-12T05:19:49.628+0000] {logging_mixin.py:190} INFO - [2026-08-12T05:19:49.627+0000] {dagbag.py:587} INFO - Filling up the DagBag from /home/airflow/.local/lib/python3.12/site-packages/airflow/example_dags/plugins/listener_plugin.py
[2026-08-12T05:19:49.647+0000] {processor.py:927} WARNING - No viable dags retrieved from /home/airflow/.local/lib/python3.12/site-packages/airflow/example_dags/plugins/listener_plugin.py
[2026-08-12T05:19:49.710+0000] {processor.py:208} INFO - Processing /home/airflow/.local/lib/python3.12/site-packages/airflow/example_dags/plugins/listener_plugin.py took 0.137 seconds
[2026-08-12T05:20:20.428+0000] {processor.py:186} INFO - Started process (PID=5901) to work on /home/airflow/.local/lib/python3.12/site-packages/airflow/example_dags/plugins/listener_plugin.py
[2026-08-12T05:20:20.432+0000] {processor.py:914} INFO - Processing file /home/airflow/.local/lib/python3.12/site-packages/airflow/example_dags/plugins/listener_plugin.py for tasks to queue
[2026-08-12T05:20:20.446+0000] {logging_mixin.py:190} INFO - [2026-08-12T05:20:20.445+0000] {dagbag.py:587} INFO - Filling up the DagBag from /home/airflow/.local/lib/python3.12/site-packages/airflow/example_dags/plugins/listener_plugin.py
[2026-08-12T05:20:20.460+0000] {processor.py:927} WARNING - No viable dags retrieved from /home/airflow/.local/lib/python3.12/site-packages/airflow/example_dags/plugins/listener_plugin.py
[2026-08-12T05:20:20.497+0000] {processor.py:208} INFO - Processing /home/airflow/.local/lib/python3.12/site-packages/airflow/example_dags/plugins/listener_plugin.py took 0.087 seconds
[2026-08-12T05:20:52.006+0000] {processor.py:186} INFO - Started process (PID=5965) to work on /home/airflow/.local/lib/python3.12/site-packages/airflow/example_dags/plugins/listener_plugin.py
[2026-08-12T05:20:52.009+0000] {processor.py:914} INFO - Processing file /home/airflow/.local/lib/python3.12/site-packages/airflow/example_dags/plugins/listener_plugin.py for tasks to queue
[2026-08-12T05:20:52.017+0000] {logging_mixin.py:190} INFO - [2026-08-12T05:20:52.016+0000] {dagbag.py:587} INFO - Filling up the DagBag from /home/airflow/.local/lib/python3.12/site-packages/airflow/example_dags/plugins/listener_plugin.py
[2026-08-12T05:20:52.023+0000] {processor.py:927} WARNING - No viable dags retrieved from /home/airflow/.local/lib/python3.12/site-packages/airflow/example_dags/plugins/listener_plugin.py
[2026-08-12T05:20:52.046+0000] {processor.py:208} INFO - Processing /home/airflow/.local/lib/python3.12/site-packages/airflow/example_dags/plugins/listener_plugin.py took 0.057 seconds
[2026-08-12T05:21:22.912+0000] {processor.py:186} INFO - Started process (PID=6028) to work on /home/airflow/.local/lib/python3.12/site-packages/airflow/example_dags/plugins/listener_plugin.py
[2026-08-12T05:21:22.914+0000] {processor.py:914} INFO - Processing file /home/airflow/.local/lib/python3.12/site-packages/airflow/example_dags/plugins/listener_plugin.py for tasks to queue
[2026-08-12T05:21:22.917+0000] {logging_mixin.py:190} INFO - [2026-08-12T05:21:22.917+0000] {dagbag.py:587} INFO - Filling up the DagBag from /home/airflow/.local/lib/python3.12/site-packages/airflow/example_dags/plugins/listener_plugin.py
[2026-08-12T05:21:22.920+0000] {processor.py:927} WARNING - No viable dags retrieved from /home/airflow/.local/lib/python3.12/site-packages/airflow/example_dags/plugins/listener_plugin.py
[2026-08-12T05:21:22.934+0000] {processor.py:208} INFO - Processing /home/airflow/.local/lib/python3.12/site-packages/airflow/example_dags/plugins/listener_plugin.py took 0.027 seconds
[2026-08-12T05:21:53.540+0000] {processor.py:186} INFO - Started process (PID=6094) to work on /home/airflow/.local/lib/python3.12/site-packages/airflow/example_dags/plugins/listener_plugin.py
[2026-08-12T05:21:53.541+0000] {processor.py:914} INFO - Processing file /home/airflow/.local/lib/python3.12/site-packages/airflow/example_dags/plugins/listener_plugin.py for tasks to queue
[2026-08-12T05:21:53.545+0000] {logging_mixin.py:190} INFO - [2026-08-12T05:21:53.544+0000] {dagbag.py:587} INFO - Filling up the DagBag from /home/airflow/.local/lib/python3.12/site-packages/airflow/example_dags/plugins/listener_plugin.py
[2026-08-12T05:21:53.548+0000] {processor.py:927} WARNING - No viable dags retrieved from /home/airflow/.local/lib/python3.12/site-packages/airflow/example_dags/plugins/listener_plugin.py
[2026-08-12T05:21:53.564+0000] {processor.py:208} INFO - Processing /home/airflow/.local/lib/python3.12/site-packages/airflow/example_dags/plugins/listener_plugin.py took 0.031 seconds
[2026-08-12T05:22:24.063+0000] {processor.py:186} INFO - Started process (PID=6158) to work on /home/airflow/.local/lib/python3.12/site-packages/airflow/example_dags/plugins/listener_plugin.py
[2026-08-12T05:22:24.064+0000] {processor.py:914} INFO - Processing file /home/airflow/.local/lib/python3.12/site-packages/airflow/example_dags/plugins/listener_plugin.py for tasks to queue
[2026-08-12T05:22:24.067+0000] {logging_mixin.py:190} INFO - [2026-08-12T05:22:24.066+0000] {dagbag.py:587} INFO - Filling up the DagBag from /home/airflow/.local/lib/python3.12/site-packages/airflow/example_dags/plugins/listener_plugin.py
[2026-08-12T05:22:24.069+0000] {processor.py:927} WARNING - No viable dags retrieved from /home/airflow/.local/lib/python3.12/site-packages/airflow/example_dags/plugins/listener_plugin.py
[2026-08-12T05:22:24.082+0000] {processor.py:208} INFO - Processing /home/airflow/.local/lib/python3.12/site-packages/airflow/example_dags/plugins/listener_plugin.py took 0.024 seconds
[2026-08-12T05:22:54.657+0000] {processor.py:186} INFO - Started process (PID=6221) to work on /home/airflow/.local/lib/python3.12/site-packages/airflow/example_dags/plugins/listener_plugin.py
[2026-08-12T05:22:54.659+0000] {processor.py:914} INFO - Processing file /home/airflow/.local/lib/python3.12/site-packages/airflow/example_dags/plugins/listener_plugin.py for tasks to queue
[2026-08-12T05:22:54.661+0000] {logging_mixin.py:190} INFO - [2026-08-12T05:22:54.661+0000] {dagbag.py:587} INFO - Filling up the DagBag from /home/airflow/.local/lib/python3.12/site-packages/airflow/example_dags/plugins/listener_plugin.py
[2026-08-12T05:22:54.664+0000] {processor.py:927} WARNING - No viable dags retrieved from /home/airflow/.local/lib/python3.12/site-packages/airflow/example_dags/plugins/listener_plugin.py
[2026-08-12T05:22:54.677+0000] {processor.py:208} INFO - Processing /home/airflow/.local/lib/python3.12/site-packages/airflow/example_dags/plugins/listener_plugin.py took 0.025 seconds
[2026-08-12T05:23:24.842+0000] {processor.py:186} INFO - Started process (PID=6286) to work on /home/airflow/.local/lib/python3.12/site-packages/airflow/example_dags/plugins/listener_plugin.py
[2026-08-12T05:23:24.844+0000] {processor.py:914} INFO - Processing file /home/airflow/.local/lib/python3.12/site-packages/airflow/example_dags/plugins/listener_plugin.py for tasks to queue
[2026-08-12T05:23:24.847+0000] {logging_mixin.py:190} INFO - [2026-08-12T05:23:24.847+0000] {dagbag.py:587} INFO - Filling up the DagBag from /home/airflow/.local/lib/python3.12/site-packages/airflow/example_dags/plugins/listener_plugin.py
[2026-08-12T05:23:24.850+0000] {processor.py:927} WARNING - No viable dags retrieved from /home/airflow/.local/lib/python3.12/site-packages/airflow/example_dags/plugins/listener_plugin.py
[2026-08-12T05:23:24.866+0000] {processor.py:208} INFO - Processing /home/airflow/.local/lib/python3.12/site-packages/airflow/example_dags/plugins/listener_plugin.py took 0.031 seconds
[2026-08-12T05:23:55.170+0000] {processor.py:186} INFO - Started process (PID=6349) to work on /home/airflow/.local/lib/python3.12/site-packages/airflow/example_dags/plugins/listener_plugin.py
[2026-08-12T05:23:55.171+0000] {processor.py:914} INFO - Processing file /home/airflow/.local/lib/python3.12/site-packages/airflow/example_dags/plugins/listener_plugin.py for tasks to queue
[2026-08-12T05:23:55.174+0000] {logging_mixin.py:190} INFO - [2026-08-12T05:23:55.174+0000] {dagbag.py:587} INFO - Filling up the DagBag from /home/airflow/.local/lib/python3.12/site-packages/airflow/example_dags/plugins/listener_plugin.py
[2026-08-12T05:23:55.177+0000] {processor.py:927} WARNING - No viable dags retrieved from /home/airflow/.local/lib/python3.12/site-packages/airflow/example_dags/plugins/listener_plugin.py
[2026-08-12T05:23:55.192+0000] {processor.py:208} INFO - Processing /home/airflow/.local/lib/python3.12/site-packages/airflow/example_dags/plugins/listener_plugin.py took 0.028 seconds
[2026-08-12T05:24:25.808+0000] {processor.py:186} INFO - Started process (PID=6412) to work on /home/airflow/.local/lib/python3.12/site-packages/airflow/example_dags/plugins/listener_plugin.py
[2026-08-12T05:24:25.809+0000] {processor.py:914} INFO - Processing file /home/airflow/.local/lib/python3.12/site-packages/airflow/example_dags/plugins/listener_plugin.py for tasks to queue
[2026-08-12T05:24:25.812+0000] {logging_mixin.py:190} INFO - [2026-08-12T05:24:25.811+0000] {dagbag.py:587} INFO - Filling up the DagBag from /home/airflow/.local/lib/python3.12/site-packages/airflow/example_dags/plugins/listener_plugin.py
[2026-08-12T05:24:25.814+0000] {processor.py:927} WARNING - No viable dags retrieved from /home/airflow/.local/lib/python3.12/site-packages/airflow/example_dags/plugins/listener_plugin.py
[2026-08-12T05:24:25.830+0000] {processor.py:208} INFO - Processing /home/airflow/.local/lib/python3.12/site-packages/airflow/example_dags/plugins/listener_plugin.py took 0.028 seconds
[2026-08-12T05:24:56.158+0000] {processor.py:186} INFO - Started process (PID=6476) to work on /home/airflow/.local/lib/python3.12/site-packages/airflow/example_dags/plugins/listener_plugin.py
[2026-08-12T05:24:56.159+0000] {processor.py:914} INFO - Processing file /home/airflow/.local/lib/python3.12/site-packages/airflow/example_dags/plugins/listener_plugin.py for tasks to queue
[2026-08-12T05:24:56.163+0000] {logging_mixin.py:190} INFO - [2026-08-12T05:24:56.162+0000] {dagbag.py:587} INFO - Filling up the DagBag from /home/airflow/.local/lib/python3.12/site-packages/airflow/example_dags/plugins/listener_plugin.py
[2026-08-12T05:24:56.166+0000] {processor.py:927} WARNING - No viable dags retrieved from /home/airflow/.local/lib/python3.12/site-packages/airflow/example_dags/plugins/listener_plugin.py
[2026-08-12T05:24:56.182+0000] {processor.py:208} INFO - Processing /home/airflow/.local/lib/python3.12/site-packages/airflow/example_dags/plugins/listener_plugin.py took 0.031 seconds
[2026-08-12T05:25:26.747+0000] {processor.py:186} INFO - Started process (PID=6539) to work on /home/airflow/.local/lib/python3.12/site-packages/airflow/example_dags/plugins/listener_plugin.py
[2026-08-12T05:25:26.749+0000] {processor.py:914} INFO - Processing file /home/airflow/.local/lib/python3.12/site-packages/airflow/example_dags/plugins/listener_plugin.py for tasks to queue
[2026-08-12T05:25:26.752+0000] {logging_mixin.py:190} INFO - [2026-08-12T05:25:26.752+0000] {dagbag.py:587} INFO - Filling up the DagBag from /home/airflow/.local/lib/python3.12/site-packages/airflow/example_dags/plugins/listener_plugin.py
[2026-08-12T05:25:26.755+0000] {processor.py:927} WARNING - No viable dags retrieved from /home/airflow/.local/lib/python3.12/site-packages/airflow/example_dags/plugins/listener_plugin.py
[2026-08-12T05:25:26.771+0000] {processor.py:208} INFO - Processing /home/airflow/.local/lib/python3.12/site-packages/airflow/example_dags/plugins/listener_plugin.py took 0.030 seconds
