[2026-08-12T04:30:43.658+0000] {processor.py:186} INFO - Started process (PID=67) to work on /home/airflow/.local/lib/python3.12/site-packages/airflow/example_dags/example_sensor_decorator.py
[2026-08-12T04:30:43.662+0000] {processor.py:914} INFO - Processing file /home/airflow/.local/lib/python3.12/site-packages/airflow/example_dags/example_sensor_decorator.py for tasks to queue
[2026-08-12T04:30:43.670+0000] {logging_mixin.py:190} INFO - [2026-08-12T04:30:43.669+0000] {dagbag.py:587} INFO - Filling up the DagBag from /home/airflow/.local/lib/python3.12/site-packages/airflow/example_dags/example_sensor_decorator.py
[2026-08-12T04:30:43.710+0000] {processor.py:925} INFO - DAG(s) 'example_sensor_decorator' retrieved from /home/airflow/.local/lib/python3.12/site-packages/airflow/example_dags/example_sensor_decorator.py
[2026-08-12T04:30:44.253+0000] {logging_mixin.py:190} INFO - [2026-08-12T04:30:44.249+0000] {override.py:1858} INFO - Created Permission View: can edit on DAG:example_sensor_decorator
[2026-08-12T04:30:44.275+0000] {logging_mixin.py:190} INFO - [2026-08-12T04:30:44.275+0000] {override.py:1858} INFO - Created Permission View: can delete on DAG:example_sensor_decorator
[2026-08-12T04:30:44.290+0000] {logging_mixin.py:190} INFO - [2026-08-12T04:30:44.289+0000] {override.py:1858} INFO - Created Permission View: can read on DAG:example_sensor_decorator
[2026-08-12T04:30:44.292+0000] {logging_mixin.py:190} INFO - [2026-08-12T04:30:44.292+0000] {dag.py:3211} INFO - Sync 1 DAGs
[2026-08-12T04:30:44.316+0000] {logging_mixin.py:190} INFO - [2026-08-12T04:30:44.316+0000] {dag.py:3234} INFO - Creating ORM DAG for example_sensor_decorator
[2026-08-12T04:30:44.319+0000] {logging_mixin.py:190} INFO - [2026-08-12T04:30:44.319+0000] {dag.py:4138} INFO - Setting next_dagrun for example_sensor_decorator to None, run_after=None
[2026-08-12T04:30:44.351+0000] {processor.py:208} INFO - Processing /home/airflow/.local/lib/python3.12/site-packages/airflow/example_dags/example_sensor_decorator.py took 0.709 seconds
[2026-08-12T04:31:14.427+0000] {processor.py:186} INFO - Started process (PID=128) to work on /home/airflow/.local/lib/python3.12/site-packages/airflow/example_dags/example_sensor_decorator.py
[2026-08-12T04:31:14.428+0000] {processor.py:914} INFO - Processing file /home/airflow/.local/lib/python3.12/site-packages/airflow/example_dags/example_sensor_decorator.py for tasks to queue
[2026-08-12T04:31:14.433+0000] {logging_mixin.py:190} INFO - [2026-08-12T04:31:14.432+0000] {dagbag.py:587} INFO - Filling up the DagBag from /home/airflow/.local/lib/python3.12/site-packages/airflow/example_dags/example_sensor_decorator.py
[2026-08-12T04:31:14.455+0000] {processor.py:925} INFO - DAG(s) 'example_sensor_decorator' retrieved from /home/airflow/.local/lib/python3.12/site-packages/airflow/example_dags/example_sensor_decorator.py
[2026-08-12T04:31:14.488+0000] {logging_mixin.py:190} INFO - [2026-08-12T04:31:14.488+0000] {dag.py:3211} INFO - Sync 1 DAGs
[2026-08-12T04:31:14.511+0000] {logging_mixin.py:190} INFO - [2026-08-12T04:31:14.510+0000] {dag.py:4138} INFO - Setting next_dagrun for example_sensor_decorator to None, run_after=None
[2026-08-12T04:31:14.541+0000] {processor.py:208} INFO - Processing /home/airflow/.local/lib/python3.12/site-packages/airflow/example_dags/example_sensor_decorator.py took 0.124 seconds
[2026-08-12T04:31:44.605+0000] {processor.py:186} INFO - Started process (PID=190) to work on /home/airflow/.local/lib/python3.12/site-packages/airflow/example_dags/example_sensor_decorator.py
[2026-08-12T04:31:44.606+0000] {processor.py:914} INFO - Processing file /home/airflow/.local/lib/python3.12/site-packages/airflow/example_dags/example_sensor_decorator.py for tasks to queue
[2026-08-12T04:31:44.609+0000] {logging_mixin.py:190} INFO - [2026-08-12T04:31:44.609+0000] {dagbag.py:587} INFO - Filling up the DagBag from /home/airflow/.local/lib/python3.12/site-packages/airflow/example_dags/example_sensor_decorator.py
[2026-08-12T04:31:44.617+0000] {processor.py:925} INFO - DAG(s) 'example_sensor_decorator' retrieved from /home/airflow/.local/lib/python3.12/site-packages/airflow/example_dags/example_sensor_decorator.py
[2026-08-12T04:31:44.637+0000] {logging_mixin.py:190} INFO - [2026-08-12T04:31:44.637+0000] {dag.py:3211} INFO - Sync 1 DAGs
[2026-08-12T04:31:44.656+0000] {logging_mixin.py:190} INFO - [2026-08-12T04:31:44.656+0000] {dag.py:4138} INFO - Setting next_dagrun for example_sensor_decorator to None, run_after=None
[2026-08-12T04:31:44.691+0000] {processor.py:208} INFO - Processing /home/airflow/.local/lib/python3.12/site-packages/airflow/example_dags/example_sensor_decorator.py took 0.092 seconds
[2026-08-12T04:32:59.113+0000] {processor.py:186} INFO - Started process (PID=57) to work on /home/airflow/.local/lib/python3.12/site-packages/airflow/example_dags/example_sensor_decorator.py
[2026-08-12T04:32:59.116+0000] {processor.py:914} INFO - Processing file /home/airflow/.local/lib/python3.12/site-packages/airflow/example_dags/example_sensor_decorator.py for tasks to queue
[2026-08-12T04:32:59.123+0000] {logging_mixin.py:190} INFO - [2026-08-12T04:32:59.122+0000] {dagbag.py:587} INFO - Filling up the DagBag from /home/airflow/.local/lib/python3.12/site-packages/airflow/example_dags/example_sensor_decorator.py
[2026-08-12T04:32:59.171+0000] {processor.py:925} INFO - DAG(s) 'example_sensor_decorator' retrieved from /home/airflow/.local/lib/python3.12/site-packages/airflow/example_dags/example_sensor_decorator.py
[2026-08-12T04:32:59.248+0000] {logging_mixin.py:190} INFO - [2026-08-12T04:32:59.247+0000] {dag.py:3211} INFO - Sync 1 DAGs
[2026-08-12T04:32:59.281+0000] {logging_mixin.py:190} INFO - [2026-08-12T04:32:59.280+0000] {dag.py:4138} INFO - Setting next_dagrun for example_sensor_decorator to None, run_after=None
[2026-08-12T04:32:59.330+0000] {processor.py:208} INFO - Processing /home/airflow/.local/lib/python3.12/site-packages/airflow/example_dags/example_sensor_decorator.py took 0.229 seconds
[2026-08-12T04:33:29.384+0000] {processor.py:186} INFO - Started process (PID=119) to work on /home/airflow/.local/lib/python3.12/site-packages/airflow/example_dags/example_sensor_decorator.py
[2026-08-12T04:33:29.387+0000] {processor.py:914} INFO - Processing file /home/airflow/.local/lib/python3.12/site-packages/airflow/example_dags/example_sensor_decorator.py for tasks to queue
[2026-08-12T04:33:29.391+0000] {logging_mixin.py:190} INFO - [2026-08-12T04:33:29.391+0000] {dagbag.py:587} INFO - Filling up the DagBag from /home/airflow/.local/lib/python3.12/site-packages/airflow/example_dags/example_sensor_decorator.py
[2026-08-12T04:33:29.406+0000] {processor.py:925} INFO - DAG(s) 'example_sensor_decorator' retrieved from /home/airflow/.local/lib/python3.12/site-packages/airflow/example_dags/example_sensor_decorator.py
[2026-08-12T04:33:29.433+0000] {logging_mixin.py:190} INFO - [2026-08-12T04:33:29.433+0000] {dag.py:3211} INFO - Sync 1 DAGs
[2026-08-12T04:33:29.453+0000] {logging_mixin.py:190} INFO - [2026-08-12T04:33:29.453+0000] {dag.py:4138} INFO - Setting next_dagrun for example_sensor_decorator to None, run_after=None
[2026-08-12T04:33:29.482+0000] {processor.py:208} INFO - Processing /home/airflow/.local/lib/python3.12/site-packages/airflow/example_dags/example_sensor_decorator.py took 0.104 seconds
[2026-08-12T04:33:59.728+0000] {processor.py:186} INFO - Started process (PID=182) to work on /home/airflow/.local/lib/python3.12/site-packages/airflow/example_dags/example_sensor_decorator.py
[2026-08-12T04:33:59.730+0000] {processor.py:914} INFO - Processing file /home/airflow/.local/lib/python3.12/site-packages/airflow/example_dags/example_sensor_decorator.py for tasks to queue
[2026-08-12T04:33:59.736+0000] {logging_mixin.py:190} INFO - [2026-08-12T04:33:59.735+0000] {dagbag.py:587} INFO - Filling up the DagBag from /home/airflow/.local/lib/python3.12/site-packages/airflow/example_dags/example_sensor_decorator.py
[2026-08-12T04:33:59.754+0000] {processor.py:925} INFO - DAG(s) 'example_sensor_decorator' retrieved from /home/airflow/.local/lib/python3.12/site-packages/airflow/example_dags/example_sensor_decorator.py
[2026-08-12T04:33:59.811+0000] {logging_mixin.py:190} INFO - [2026-08-12T04:33:59.810+0000] {dag.py:3211} INFO - Sync 1 DAGs
[2026-08-12T04:33:59.844+0000] {logging_mixin.py:190} INFO - [2026-08-12T04:33:59.843+0000] {dag.py:4138} INFO - Setting next_dagrun for example_sensor_decorator to None, run_after=None
[2026-08-12T04:33:59.875+0000] {processor.py:208} INFO - Processing /home/airflow/.local/lib/python3.12/site-packages/airflow/example_dags/example_sensor_decorator.py took 0.159 seconds
[2026-08-12T04:34:30.326+0000] {processor.py:186} INFO - Started process (PID=250) to work on /home/airflow/.local/lib/python3.12/site-packages/airflow/example_dags/example_sensor_decorator.py
[2026-08-12T04:34:30.328+0000] {processor.py:914} INFO - Processing file /home/airflow/.local/lib/python3.12/site-packages/airflow/example_dags/example_sensor_decorator.py for tasks to queue
[2026-08-12T04:34:30.332+0000] {logging_mixin.py:190} INFO - [2026-08-12T04:34:30.332+0000] {dagbag.py:587} INFO - Filling up the DagBag from /home/airflow/.local/lib/python3.12/site-packages/airflow/example_dags/example_sensor_decorator.py
[2026-08-12T04:34:30.345+0000] {processor.py:925} INFO - DAG(s) 'example_sensor_decorator' retrieved from /home/airflow/.local/lib/python3.12/site-packages/airflow/example_dags/example_sensor_decorator.py
[2026-08-12T04:34:30.376+0000] {logging_mixin.py:190} INFO - [2026-08-12T04:34:30.376+0000] {dag.py:3211} INFO - Sync 1 DAGs
[2026-08-12T04:34:30.396+0000] {logging_mixin.py:190} INFO - [2026-08-12T04:34:30.396+0000] {dag.py:4138} INFO - Setting next_dagrun for example_sensor_decorator to None, run_after=None
[2026-08-12T04:34:30.435+0000] {processor.py:208} INFO - Processing /home/airflow/.local/lib/python3.12/site-packages/airflow/example_dags/example_sensor_decorator.py took 0.120 seconds
[2026-08-12T04:35:00.563+0000] {processor.py:186} INFO - Started process (PID=312) to work on /home/airflow/.local/lib/python3.12/site-packages/airflow/example_dags/example_sensor_decorator.py
[2026-08-12T04:35:00.565+0000] {processor.py:914} INFO - Processing file /home/airflow/.local/lib/python3.12/site-packages/airflow/example_dags/example_sensor_decorator.py for tasks to queue
[2026-08-12T04:35:00.570+0000] {logging_mixin.py:190} INFO - [2026-08-12T04:35:00.569+0000] {dagbag.py:587} INFO - Filling up the DagBag from /home/airflow/.local/lib/python3.12/site-packages/airflow/example_dags/example_sensor_decorator.py
[2026-08-12T04:35:00.579+0000] {processor.py:925} INFO - DAG(s) 'example_sensor_decorator' retrieved from /home/airflow/.local/lib/python3.12/site-packages/airflow/example_dags/example_sensor_decorator.py
[2026-08-12T04:35:00.601+0000] {logging_mixin.py:190} INFO - [2026-08-12T04:35:00.601+0000] {dag.py:3211} INFO - Sync 1 DAGs
[2026-08-12T04:35:00.617+0000] {logging_mixin.py:190} INFO - [2026-08-12T04:35:00.617+0000] {dag.py:4138} INFO - Setting next_dagrun for example_sensor_decorator to None, run_after=None
[2026-08-12T04:35:00.653+0000] {processor.py:208} INFO - Processing /home/airflow/.local/lib/python3.12/site-packages/airflow/example_dags/example_sensor_decorator.py took 0.097 seconds
[2026-08-12T04:35:30.981+0000] {processor.py:186} INFO - Started process (PID=374) to work on /home/airflow/.local/lib/python3.12/site-packages/airflow/example_dags/example_sensor_decorator.py
[2026-08-12T04:35:30.983+0000] {processor.py:914} INFO - Processing file /home/airflow/.local/lib/python3.12/site-packages/airflow/example_dags/example_sensor_decorator.py for tasks to queue
[2026-08-12T04:35:30.988+0000] {logging_mixin.py:190} INFO - [2026-08-12T04:35:30.987+0000] {dagbag.py:587} INFO - Filling up the DagBag from /home/airflow/.local/lib/python3.12/site-packages/airflow/example_dags/example_sensor_decorator.py
[2026-08-12T04:35:30.999+0000] {processor.py:925} INFO - DAG(s) 'example_sensor_decorator' retrieved from /home/airflow/.local/lib/python3.12/site-packages/airflow/example_dags/example_sensor_decorator.py
[2026-08-12T04:35:31.027+0000] {logging_mixin.py:190} INFO - [2026-08-12T04:35:31.026+0000] {dag.py:3211} INFO - Sync 1 DAGs
[2026-08-12T04:35:31.045+0000] {logging_mixin.py:190} INFO - [2026-08-12T04:35:31.044+0000] {dag.py:4138} INFO - Setting next_dagrun for example_sensor_decorator to None, run_after=None
[2026-08-12T04:35:31.067+0000] {processor.py:208} INFO - Processing /home/airflow/.local/lib/python3.12/site-packages/airflow/example_dags/example_sensor_decorator.py took 0.094 seconds
[2026-08-12T04:36:01.381+0000] {processor.py:186} INFO - Started process (PID=436) to work on /home/airflow/.local/lib/python3.12/site-packages/airflow/example_dags/example_sensor_decorator.py
[2026-08-12T04:36:01.383+0000] {processor.py:914} INFO - Processing file /home/airflow/.local/lib/python3.12/site-packages/airflow/example_dags/example_sensor_decorator.py for tasks to queue
[2026-08-12T04:36:01.387+0000] {logging_mixin.py:190} INFO - [2026-08-12T04:36:01.386+0000] {dagbag.py:587} INFO - Filling up the DagBag from /home/airflow/.local/lib/python3.12/site-packages/airflow/example_dags/example_sensor_decorator.py
[2026-08-12T04:36:01.397+0000] {processor.py:925} INFO - DAG(s) 'example_sensor_decorator' retrieved from /home/airflow/.local/lib/python3.12/site-packages/airflow/example_dags/example_sensor_decorator.py
[2026-08-12T04:36:01.425+0000] {logging_mixin.py:190} INFO - [2026-08-12T04:36:01.424+0000] {dag.py:3211} INFO - Sync 1 DAGs
[2026-08-12T04:36:01.444+0000] {logging_mixin.py:190} INFO - [2026-08-12T04:36:01.444+0000] {dag.py:4138} INFO - Setting next_dagrun for example_sensor_decorator to None, run_after=None
[2026-08-12T04:36:01.481+0000] {processor.py:208} INFO - Processing /home/airflow/.local/lib/python3.12/site-packages/airflow/example_dags/example_sensor_decorator.py took 0.110 seconds
[2026-08-12T04:36:31.671+0000] {processor.py:186} INFO - Started process (PID=498) to work on /home/airflow/.local/lib/python3.12/site-packages/airflow/example_dags/example_sensor_decorator.py
[2026-08-12T04:36:31.672+0000] {processor.py:914} INFO - Processing file /home/airflow/.local/lib/python3.12/site-packages/airflow/example_dags/example_sensor_decorator.py for tasks to queue
[2026-08-12T04:36:31.675+0000] {logging_mixin.py:190} INFO - [2026-08-12T04:36:31.675+0000] {dagbag.py:587} INFO - Filling up the DagBag from /home/airflow/.local/lib/python3.12/site-packages/airflow/example_dags/example_sensor_decorator.py
[2026-08-12T04:36:31.684+0000] {processor.py:925} INFO - DAG(s) 'example_sensor_decorator' retrieved from /home/airflow/.local/lib/python3.12/site-packages/airflow/example_dags/example_sensor_decorator.py
[2026-08-12T04:36:31.706+0000] {logging_mixin.py:190} INFO - [2026-08-12T04:36:31.706+0000] {dag.py:3211} INFO - Sync 1 DAGs
[2026-08-12T04:36:31.721+0000] {logging_mixin.py:190} INFO - [2026-08-12T04:36:31.721+0000] {dag.py:4138} INFO - Setting next_dagrun for example_sensor_decorator to None, run_after=None
[2026-08-12T04:36:31.757+0000] {processor.py:208} INFO - Processing /home/airflow/.local/lib/python3.12/site-packages/airflow/example_dags/example_sensor_decorator.py took 0.092 seconds
[2026-08-12T04:37:02.058+0000] {processor.py:186} INFO - Started process (PID=560) to work on /home/airflow/.local/lib/python3.12/site-packages/airflow/example_dags/example_sensor_decorator.py
[2026-08-12T04:37:02.059+0000] {processor.py:914} INFO - Processing file /home/airflow/.local/lib/python3.12/site-packages/airflow/example_dags/example_sensor_decorator.py for tasks to queue
[2026-08-12T04:37:02.063+0000] {logging_mixin.py:190} INFO - [2026-08-12T04:37:02.062+0000] {dagbag.py:587} INFO - Filling up the DagBag from /home/airflow/.local/lib/python3.12/site-packages/airflow/example_dags/example_sensor_decorator.py
[2026-08-12T04:37:02.071+0000] {processor.py:925} INFO - DAG(s) 'example_sensor_decorator' retrieved from /home/airflow/.local/lib/python3.12/site-packages/airflow/example_dags/example_sensor_decorator.py
[2026-08-12T04:37:02.094+0000] {logging_mixin.py:190} INFO - [2026-08-12T04:37:02.094+0000] {dag.py:3211} INFO - Sync 1 DAGs
[2026-08-12T04:37:02.110+0000] {logging_mixin.py:190} INFO - [2026-08-12T04:37:02.110+0000] {dag.py:4138} INFO - Setting next_dagrun for example_sensor_decorator to None, run_after=None
[2026-08-12T04:37:02.131+0000] {processor.py:208} INFO - Processing /home/airflow/.local/lib/python3.12/site-packages/airflow/example_dags/example_sensor_decorator.py took 0.083 seconds
[2026-08-12T04:37:32.859+0000] {processor.py:186} INFO - Started process (PID=622) to work on /home/airflow/.local/lib/python3.12/site-packages/airflow/example_dags/example_sensor_decorator.py
[2026-08-12T04:37:32.862+0000] {processor.py:914} INFO - Processing file /home/airflow/.local/lib/python3.12/site-packages/airflow/example_dags/example_sensor_decorator.py for tasks to queue
[2026-08-12T04:37:32.866+0000] {logging_mixin.py:190} INFO - [2026-08-12T04:37:32.866+0000] {dagbag.py:587} INFO - Filling up the DagBag from /home/airflow/.local/lib/python3.12/site-packages/airflow/example_dags/example_sensor_decorator.py
[2026-08-12T04:37:32.877+0000] {processor.py:925} INFO - DAG(s) 'example_sensor_decorator' retrieved from /home/airflow/.local/lib/python3.12/site-packages/airflow/example_dags/example_sensor_decorator.py
[2026-08-12T04:37:32.900+0000] {logging_mixin.py:190} INFO - [2026-08-12T04:37:32.900+0000] {dag.py:3211} INFO - Sync 1 DAGs
[2026-08-12T04:37:32.916+0000] {logging_mixin.py:190} INFO - [2026-08-12T04:37:32.916+0000] {dag.py:4138} INFO - Setting next_dagrun for example_sensor_decorator to None, run_after=None
[2026-08-12T04:37:32.941+0000] {processor.py:208} INFO - Processing /home/airflow/.local/lib/python3.12/site-packages/airflow/example_dags/example_sensor_decorator.py took 0.089 seconds
[2026-08-12T04:38:03.566+0000] {processor.py:186} INFO - Started process (PID=684) to work on /home/airflow/.local/lib/python3.12/site-packages/airflow/example_dags/example_sensor_decorator.py
[2026-08-12T04:38:03.568+0000] {processor.py:914} INFO - Processing file /home/airflow/.local/lib/python3.12/site-packages/airflow/example_dags/example_sensor_decorator.py for tasks to queue
[2026-08-12T04:38:03.572+0000] {logging_mixin.py:190} INFO - [2026-08-12T04:38:03.572+0000] {dagbag.py:587} INFO - Filling up the DagBag from /home/airflow/.local/lib/python3.12/site-packages/airflow/example_dags/example_sensor_decorator.py
[2026-08-12T04:38:03.582+0000] {processor.py:925} INFO - DAG(s) 'example_sensor_decorator' retrieved from /home/airflow/.local/lib/python3.12/site-packages/airflow/example_dags/example_sensor_decorator.py
[2026-08-12T04:38:03.609+0000] {logging_mixin.py:190} INFO - [2026-08-12T04:38:03.609+0000] {dag.py:3211} INFO - Sync 1 DAGs
[2026-08-12T04:38:03.626+0000] {logging_mixin.py:190} INFO - [2026-08-12T04:38:03.626+0000] {dag.py:4138} INFO - Setting next_dagrun for example_sensor_decorator to None, run_after=None
[2026-08-12T04:38:03.648+0000] {processor.py:208} INFO - Processing /home/airflow/.local/lib/python3.12/site-packages/airflow/example_dags/example_sensor_decorator.py took 0.089 seconds
[2026-08-12T04:38:34.603+0000] {processor.py:186} INFO - Started process (PID=746) to work on /home/airflow/.local/lib/python3.12/site-packages/airflow/example_dags/example_sensor_decorator.py
[2026-08-12T04:38:34.604+0000] {processor.py:914} INFO - Processing file /home/airflow/.local/lib/python3.12/site-packages/airflow/example_dags/example_sensor_decorator.py for tasks to queue
[2026-08-12T04:38:34.608+0000] {logging_mixin.py:190} INFO - [2026-08-12T04:38:34.608+0000] {dagbag.py:587} INFO - Filling up the DagBag from /home/airflow/.local/lib/python3.12/site-packages/airflow/example_dags/example_sensor_decorator.py
[2026-08-12T04:38:34.619+0000] {processor.py:925} INFO - DAG(s) 'example_sensor_decorator' retrieved from /home/airflow/.local/lib/python3.12/site-packages/airflow/example_dags/example_sensor_decorator.py
[2026-08-12T04:38:34.640+0000] {logging_mixin.py:190} INFO - [2026-08-12T04:38:34.639+0000] {dag.py:3211} INFO - Sync 1 DAGs
[2026-08-12T04:38:34.660+0000] {logging_mixin.py:190} INFO - [2026-08-12T04:38:34.660+0000] {dag.py:4138} INFO - Setting next_dagrun for example_sensor_decorator to None, run_after=None
[2026-08-12T04:38:34.700+0000] {processor.py:208} INFO - Processing /home/airflow/.local/lib/python3.12/site-packages/airflow/example_dags/example_sensor_decorator.py took 0.104 seconds
[2026-08-12T04:39:05.129+0000] {processor.py:186} INFO - Started process (PID=808) to work on /home/airflow/.local/lib/python3.12/site-packages/airflow/example_dags/example_sensor_decorator.py
[2026-08-12T04:39:05.131+0000] {processor.py:914} INFO - Processing file /home/airflow/.local/lib/python3.12/site-packages/airflow/example_dags/example_sensor_decorator.py for tasks to queue
[2026-08-12T04:39:05.135+0000] {logging_mixin.py:190} INFO - [2026-08-12T04:39:05.134+0000] {dagbag.py:587} INFO - Filling up the DagBag from /home/airflow/.local/lib/python3.12/site-packages/airflow/example_dags/example_sensor_decorator.py
[2026-08-12T04:39:05.144+0000] {processor.py:925} INFO - DAG(s) 'example_sensor_decorator' retrieved from /home/airflow/.local/lib/python3.12/site-packages/airflow/example_dags/example_sensor_decorator.py
[2026-08-12T04:39:05.166+0000] {logging_mixin.py:190} INFO - [2026-08-12T04:39:05.166+0000] {dag.py:3211} INFO - Sync 1 DAGs
[2026-08-12T04:39:05.183+0000] {logging_mixin.py:190} INFO - [2026-08-12T04:39:05.182+0000] {dag.py:4138} INFO - Setting next_dagrun for example_sensor_decorator to None, run_after=None
[2026-08-12T04:39:05.220+0000] {processor.py:208} INFO - Processing /home/airflow/.local/lib/python3.12/site-packages/airflow/example_dags/example_sensor_decorator.py took 0.097 seconds
[2026-08-12T04:39:35.916+0000] {processor.py:186} INFO - Started process (PID=870) to work on /home/airflow/.local/lib/python3.12/site-packages/airflow/example_dags/example_sensor_decorator.py
[2026-08-12T04:39:35.918+0000] {processor.py:914} INFO - Processing file /home/airflow/.local/lib/python3.12/site-packages/airflow/example_dags/example_sensor_decorator.py for tasks to queue
[2026-08-12T04:39:35.922+0000] {logging_mixin.py:190} INFO - [2026-08-12T04:39:35.922+0000] {dagbag.py:587} INFO - Filling up the DagBag from /home/airflow/.local/lib/python3.12/site-packages/airflow/example_dags/example_sensor_decorator.py
[2026-08-12T04:39:35.937+0000] {processor.py:925} INFO - DAG(s) 'example_sensor_decorator' retrieved from /home/airflow/.local/lib/python3.12/site-packages/airflow/example_dags/example_sensor_decorator.py
[2026-08-12T04:39:35.966+0000] {logging_mixin.py:190} INFO - [2026-08-12T04:39:35.965+0000] {dag.py:3211} INFO - Sync 1 DAGs
[2026-08-12T04:39:35.983+0000] {logging_mixin.py:190} INFO - [2026-08-12T04:39:35.983+0000] {dag.py:4138} INFO - Setting next_dagrun for example_sensor_decorator to None, run_after=None
[2026-08-12T04:39:36.011+0000] {processor.py:208} INFO - Processing /home/airflow/.local/lib/python3.12/site-packages/airflow/example_dags/example_sensor_decorator.py took 0.101 seconds
[2026-08-12T04:40:06.269+0000] {processor.py:186} INFO - Started process (PID=932) to work on /home/airflow/.local/lib/python3.12/site-packages/airflow/example_dags/example_sensor_decorator.py
[2026-08-12T04:40:06.270+0000] {processor.py:914} INFO - Processing file /home/airflow/.local/lib/python3.12/site-packages/airflow/example_dags/example_sensor_decorator.py for tasks to queue
[2026-08-12T04:40:06.274+0000] {logging_mixin.py:190} INFO - [2026-08-12T04:40:06.273+0000] {dagbag.py:587} INFO - Filling up the DagBag from /home/airflow/.local/lib/python3.12/site-packages/airflow/example_dags/example_sensor_decorator.py
[2026-08-12T04:40:06.282+0000] {processor.py:925} INFO - DAG(s) 'example_sensor_decorator' retrieved from /home/airflow/.local/lib/python3.12/site-packages/airflow/example_dags/example_sensor_decorator.py
[2026-08-12T04:40:06.303+0000] {logging_mixin.py:190} INFO - [2026-08-12T04:40:06.302+0000] {dag.py:3211} INFO - Sync 1 DAGs
[2026-08-12T04:40:06.317+0000] {logging_mixin.py:190} INFO - [2026-08-12T04:40:06.317+0000] {dag.py:4138} INFO - Setting next_dagrun for example_sensor_decorator to None, run_after=None
[2026-08-12T04:40:06.351+0000] {processor.py:208} INFO - Processing /home/airflow/.local/lib/python3.12/site-packages/airflow/example_dags/example_sensor_decorator.py took 0.088 seconds
[2026-08-12T04:40:36.903+0000] {processor.py:186} INFO - Started process (PID=994) to work on /home/airflow/.local/lib/python3.12/site-packages/airflow/example_dags/example_sensor_decorator.py
[2026-08-12T04:40:36.904+0000] {processor.py:914} INFO - Processing file /home/airflow/.local/lib/python3.12/site-packages/airflow/example_dags/example_sensor_decorator.py for tasks to queue
[2026-08-12T04:40:36.907+0000] {logging_mixin.py:190} INFO - [2026-08-12T04:40:36.906+0000] {dagbag.py:587} INFO - Filling up the DagBag from /home/airflow/.local/lib/python3.12/site-packages/airflow/example_dags/example_sensor_decorator.py
[2026-08-12T04:40:36.915+0000] {processor.py:925} INFO - DAG(s) 'example_sensor_decorator' retrieved from /home/airflow/.local/lib/python3.12/site-packages/airflow/example_dags/example_sensor_decorator.py
[2026-08-12T04:40:36.941+0000] {logging_mixin.py:190} INFO - [2026-08-12T04:40:36.941+0000] {dag.py:3211} INFO - Sync 1 DAGs
[2026-08-12T04:40:36.961+0000] {logging_mixin.py:190} INFO - [2026-08-12T04:40:36.961+0000] {dag.py:4138} INFO - Setting next_dagrun for example_sensor_decorator to None, run_after=None
[2026-08-12T04:40:37.014+0000] {processor.py:208} INFO - Processing /home/airflow/.local/lib/python3.12/site-packages/airflow/example_dags/example_sensor_decorator.py took 0.118 seconds
[2026-08-12T04:41:07.435+0000] {processor.py:186} INFO - Started process (PID=1056) to work on /home/airflow/.local/lib/python3.12/site-packages/airflow/example_dags/example_sensor_decorator.py
[2026-08-12T04:41:07.437+0000] {processor.py:914} INFO - Processing file /home/airflow/.local/lib/python3.12/site-packages/airflow/example_dags/example_sensor_decorator.py for tasks to queue
[2026-08-12T04:41:07.440+0000] {logging_mixin.py:190} INFO - [2026-08-12T04:41:07.440+0000] {dagbag.py:587} INFO - Filling up the DagBag from /home/airflow/.local/lib/python3.12/site-packages/airflow/example_dags/example_sensor_decorator.py
[2026-08-12T04:41:07.448+0000] {processor.py:925} INFO - DAG(s) 'example_sensor_decorator' retrieved from /home/airflow/.local/lib/python3.12/site-packages/airflow/example_dags/example_sensor_decorator.py
[2026-08-12T04:41:07.473+0000] {logging_mixin.py:190} INFO - [2026-08-12T04:41:07.473+0000] {dag.py:3211} INFO - Sync 1 DAGs
[2026-08-12T04:41:07.489+0000] {logging_mixin.py:190} INFO - [2026-08-12T04:41:07.489+0000] {dag.py:4138} INFO - Setting next_dagrun for example_sensor_decorator to None, run_after=None
[2026-08-12T04:41:07.512+0000] {processor.py:208} INFO - Processing /home/airflow/.local/lib/python3.12/site-packages/airflow/example_dags/example_sensor_decorator.py took 0.083 seconds
[2026-08-12T04:41:37.833+0000] {processor.py:186} INFO - Started process (PID=1118) to work on /home/airflow/.local/lib/python3.12/site-packages/airflow/example_dags/example_sensor_decorator.py
[2026-08-12T04:41:37.835+0000] {processor.py:914} INFO - Processing file /home/airflow/.local/lib/python3.12/site-packages/airflow/example_dags/example_sensor_decorator.py for tasks to queue
[2026-08-12T04:41:37.838+0000] {logging_mixin.py:190} INFO - [2026-08-12T04:41:37.838+0000] {dagbag.py:587} INFO - Filling up the DagBag from /home/airflow/.local/lib/python3.12/site-packages/airflow/example_dags/example_sensor_decorator.py
[2026-08-12T04:41:37.847+0000] {processor.py:925} INFO - DAG(s) 'example_sensor_decorator' retrieved from /home/airflow/.local/lib/python3.12/site-packages/airflow/example_dags/example_sensor_decorator.py
[2026-08-12T04:41:37.871+0000] {logging_mixin.py:190} INFO - [2026-08-12T04:41:37.871+0000] {dag.py:3211} INFO - Sync 1 DAGs
[2026-08-12T04:41:37.887+0000] {logging_mixin.py:190} INFO - [2026-08-12T04:41:37.887+0000] {dag.py:4138} INFO - Setting next_dagrun for example_sensor_decorator to None, run_after=None
[2026-08-12T04:41:37.917+0000] {processor.py:208} INFO - Processing /home/airflow/.local/lib/python3.12/site-packages/airflow/example_dags/example_sensor_decorator.py took 0.088 seconds
[2026-08-12T04:42:08.533+0000] {processor.py:186} INFO - Started process (PID=1180) to work on /home/airflow/.local/lib/python3.12/site-packages/airflow/example_dags/example_sensor_decorator.py
[2026-08-12T04:42:08.535+0000] {processor.py:914} INFO - Processing file /home/airflow/.local/lib/python3.12/site-packages/airflow/example_dags/example_sensor_decorator.py for tasks to queue
[2026-08-12T04:42:08.538+0000] {logging_mixin.py:190} INFO - [2026-08-12T04:42:08.537+0000] {dagbag.py:587} INFO - Filling up the DagBag from /home/airflow/.local/lib/python3.12/site-packages/airflow/example_dags/example_sensor_decorator.py
[2026-08-12T04:42:08.546+0000] {processor.py:925} INFO - DAG(s) 'example_sensor_decorator' retrieved from /home/airflow/.local/lib/python3.12/site-packages/airflow/example_dags/example_sensor_decorator.py
[2026-08-12T04:42:08.567+0000] {logging_mixin.py:190} INFO - [2026-08-12T04:42:08.567+0000] {dag.py:3211} INFO - Sync 1 DAGs
[2026-08-12T04:42:08.582+0000] {logging_mixin.py:190} INFO - [2026-08-12T04:42:08.582+0000] {dag.py:4138} INFO - Setting next_dagrun for example_sensor_decorator to None, run_after=None
[2026-08-12T04:42:08.604+0000] {processor.py:208} INFO - Processing /home/airflow/.local/lib/python3.12/site-packages/airflow/example_dags/example_sensor_decorator.py took 0.076 seconds
[2026-08-12T04:42:38.933+0000] {processor.py:186} INFO - Started process (PID=1242) to work on /home/airflow/.local/lib/python3.12/site-packages/airflow/example_dags/example_sensor_decorator.py
[2026-08-12T04:42:38.935+0000] {processor.py:914} INFO - Processing file /home/airflow/.local/lib/python3.12/site-packages/airflow/example_dags/example_sensor_decorator.py for tasks to queue
[2026-08-12T04:42:38.939+0000] {logging_mixin.py:190} INFO - [2026-08-12T04:42:38.939+0000] {dagbag.py:587} INFO - Filling up the DagBag from /home/airflow/.local/lib/python3.12/site-packages/airflow/example_dags/example_sensor_decorator.py
[2026-08-12T04:42:38.948+0000] {processor.py:925} INFO - DAG(s) 'example_sensor_decorator' retrieved from /home/airflow/.local/lib/python3.12/site-packages/airflow/example_dags/example_sensor_decorator.py
[2026-08-12T04:42:38.968+0000] {logging_mixin.py:190} INFO - [2026-08-12T04:42:38.968+0000] {dag.py:3211} INFO - Sync 1 DAGs
[2026-08-12T04:42:38.982+0000] {logging_mixin.py:190} INFO - [2026-08-12T04:42:38.982+0000] {dag.py:4138} INFO - Setting next_dagrun for example_sensor_decorator to None, run_after=None
[2026-08-12T04:42:39.016+0000] {processor.py:208} INFO - Processing /home/airflow/.local/lib/python3.12/site-packages/airflow/example_dags/example_sensor_decorator.py took 0.089 seconds
[2026-08-12T04:43:09.424+0000] {processor.py:186} INFO - Started process (PID=1304) to work on /home/airflow/.local/lib/python3.12/site-packages/airflow/example_dags/example_sensor_decorator.py
[2026-08-12T04:43:09.426+0000] {processor.py:914} INFO - Processing file /home/airflow/.local/lib/python3.12/site-packages/airflow/example_dags/example_sensor_decorator.py for tasks to queue
[2026-08-12T04:43:09.430+0000] {logging_mixin.py:190} INFO - [2026-08-12T04:43:09.430+0000] {dagbag.py:587} INFO - Filling up the DagBag from /home/airflow/.local/lib/python3.12/site-packages/airflow/example_dags/example_sensor_decorator.py
[2026-08-12T04:43:09.441+0000] {processor.py:925} INFO - DAG(s) 'example_sensor_decorator' retrieved from /home/airflow/.local/lib/python3.12/site-packages/airflow/example_dags/example_sensor_decorator.py
[2026-08-12T04:43:09.465+0000] {logging_mixin.py:190} INFO - [2026-08-12T04:43:09.465+0000] {dag.py:3211} INFO - Sync 1 DAGs
[2026-08-12T04:43:09.479+0000] {logging_mixin.py:190} INFO - [2026-08-12T04:43:09.479+0000] {dag.py:4138} INFO - Setting next_dagrun for example_sensor_decorator to None, run_after=None
[2026-08-12T04:43:09.503+0000] {processor.py:208} INFO - Processing /home/airflow/.local/lib/python3.12/site-packages/airflow/example_dags/example_sensor_decorator.py took 0.085 seconds
[2026-08-12T04:43:39.729+0000] {processor.py:186} INFO - Started process (PID=1366) to work on /home/airflow/.local/lib/python3.12/site-packages/airflow/example_dags/example_sensor_decorator.py
[2026-08-12T04:43:39.731+0000] {processor.py:914} INFO - Processing file /home/airflow/.local/lib/python3.12/site-packages/airflow/example_dags/example_sensor_decorator.py for tasks to queue
[2026-08-12T04:43:39.735+0000] {logging_mixin.py:190} INFO - [2026-08-12T04:43:39.735+0000] {dagbag.py:587} INFO - Filling up the DagBag from /home/airflow/.local/lib/python3.12/site-packages/airflow/example_dags/example_sensor_decorator.py
[2026-08-12T04:43:39.745+0000] {processor.py:925} INFO - DAG(s) 'example_sensor_decorator' retrieved from /home/airflow/.local/lib/python3.12/site-packages/airflow/example_dags/example_sensor_decorator.py
[2026-08-12T04:43:39.769+0000] {logging_mixin.py:190} INFO - [2026-08-12T04:43:39.769+0000] {dag.py:3211} INFO - Sync 1 DAGs
[2026-08-12T04:43:39.791+0000] {logging_mixin.py:190} INFO - [2026-08-12T04:43:39.791+0000] {dag.py:4138} INFO - Setting next_dagrun for example_sensor_decorator to None, run_after=None
[2026-08-12T04:43:39.834+0000] {processor.py:208} INFO - Processing /home/airflow/.local/lib/python3.12/site-packages/airflow/example_dags/example_sensor_decorator.py took 0.110 seconds
[2026-08-12T04:44:10.253+0000] {processor.py:186} INFO - Started process (PID=1428) to work on /home/airflow/.local/lib/python3.12/site-packages/airflow/example_dags/example_sensor_decorator.py
[2026-08-12T04:44:10.255+0000] {processor.py:914} INFO - Processing file /home/airflow/.local/lib/python3.12/site-packages/airflow/example_dags/example_sensor_decorator.py for tasks to queue
[2026-08-12T04:44:10.258+0000] {logging_mixin.py:190} INFO - [2026-08-12T04:44:10.258+0000] {dagbag.py:587} INFO - Filling up the DagBag from /home/airflow/.local/lib/python3.12/site-packages/airflow/example_dags/example_sensor_decorator.py
[2026-08-12T04:44:10.267+0000] {processor.py:925} INFO - DAG(s) 'example_sensor_decorator' retrieved from /home/airflow/.local/lib/python3.12/site-packages/airflow/example_dags/example_sensor_decorator.py
[2026-08-12T04:44:10.291+0000] {logging_mixin.py:190} INFO - [2026-08-12T04:44:10.290+0000] {dag.py:3211} INFO - Sync 1 DAGs
[2026-08-12T04:44:10.308+0000] {logging_mixin.py:190} INFO - [2026-08-12T04:44:10.307+0000] {dag.py:4138} INFO - Setting next_dagrun for example_sensor_decorator to None, run_after=None
[2026-08-12T04:44:10.332+0000] {processor.py:208} INFO - Processing /home/airflow/.local/lib/python3.12/site-packages/airflow/example_dags/example_sensor_decorator.py took 0.083 seconds
[2026-08-12T04:44:40.831+0000] {processor.py:186} INFO - Started process (PID=1491) to work on /home/airflow/.local/lib/python3.12/site-packages/airflow/example_dags/example_sensor_decorator.py
[2026-08-12T04:44:40.832+0000] {processor.py:914} INFO - Processing file /home/airflow/.local/lib/python3.12/site-packages/airflow/example_dags/example_sensor_decorator.py for tasks to queue
[2026-08-12T04:44:40.836+0000] {logging_mixin.py:190} INFO - [2026-08-12T04:44:40.836+0000] {dagbag.py:587} INFO - Filling up the DagBag from /home/airflow/.local/lib/python3.12/site-packages/airflow/example_dags/example_sensor_decorator.py
[2026-08-12T04:44:40.844+0000] {processor.py:925} INFO - DAG(s) 'example_sensor_decorator' retrieved from /home/airflow/.local/lib/python3.12/site-packages/airflow/example_dags/example_sensor_decorator.py
[2026-08-12T04:44:40.865+0000] {logging_mixin.py:190} INFO - [2026-08-12T04:44:40.865+0000] {dag.py:3211} INFO - Sync 1 DAGs
[2026-08-12T04:44:40.879+0000] {logging_mixin.py:190} INFO - [2026-08-12T04:44:40.879+0000] {dag.py:4138} INFO - Setting next_dagrun for example_sensor_decorator to None, run_after=None
[2026-08-12T04:44:40.907+0000] {processor.py:208} INFO - Processing /home/airflow/.local/lib/python3.12/site-packages/airflow/example_dags/example_sensor_decorator.py took 0.082 seconds
[2026-08-12T04:45:11.188+0000] {processor.py:186} INFO - Started process (PID=1553) to work on /home/airflow/.local/lib/python3.12/site-packages/airflow/example_dags/example_sensor_decorator.py
[2026-08-12T04:45:11.189+0000] {processor.py:914} INFO - Processing file /home/airflow/.local/lib/python3.12/site-packages/airflow/example_dags/example_sensor_decorator.py for tasks to queue
[2026-08-12T04:45:11.192+0000] {logging_mixin.py:190} INFO - [2026-08-12T04:45:11.192+0000] {dagbag.py:587} INFO - Filling up the DagBag from /home/airflow/.local/lib/python3.12/site-packages/airflow/example_dags/example_sensor_decorator.py
[2026-08-12T04:45:11.200+0000] {processor.py:925} INFO - DAG(s) 'example_sensor_decorator' retrieved from /home/airflow/.local/lib/python3.12/site-packages/airflow/example_dags/example_sensor_decorator.py
[2026-08-12T04:45:11.220+0000] {logging_mixin.py:190} INFO - [2026-08-12T04:45:11.220+0000] {dag.py:3211} INFO - Sync 1 DAGs
[2026-08-12T04:45:11.233+0000] {logging_mixin.py:190} INFO - [2026-08-12T04:45:11.233+0000] {dag.py:4138} INFO - Setting next_dagrun for example_sensor_decorator to None, run_after=None
[2026-08-12T04:45:11.273+0000] {processor.py:208} INFO - Processing /home/airflow/.local/lib/python3.12/site-packages/airflow/example_dags/example_sensor_decorator.py took 0.090 seconds
[2026-08-12T04:45:41.769+0000] {processor.py:186} INFO - Started process (PID=1615) to work on /home/airflow/.local/lib/python3.12/site-packages/airflow/example_dags/example_sensor_decorator.py
[2026-08-12T04:45:41.771+0000] {processor.py:914} INFO - Processing file /home/airflow/.local/lib/python3.12/site-packages/airflow/example_dags/example_sensor_decorator.py for tasks to queue
[2026-08-12T04:45:41.775+0000] {logging_mixin.py:190} INFO - [2026-08-12T04:45:41.775+0000] {dagbag.py:587} INFO - Filling up the DagBag from /home/airflow/.local/lib/python3.12/site-packages/airflow/example_dags/example_sensor_decorator.py
[2026-08-12T04:45:41.787+0000] {processor.py:925} INFO - DAG(s) 'example_sensor_decorator' retrieved from /home/airflow/.local/lib/python3.12/site-packages/airflow/example_dags/example_sensor_decorator.py
[2026-08-12T04:45:41.814+0000] {logging_mixin.py:190} INFO - [2026-08-12T04:45:41.814+0000] {dag.py:3211} INFO - Sync 1 DAGs
[2026-08-12T04:45:41.832+0000] {logging_mixin.py:190} INFO - [2026-08-12T04:45:41.832+0000] {dag.py:4138} INFO - Setting next_dagrun for example_sensor_decorator to None, run_after=None
[2026-08-12T04:45:41.855+0000] {processor.py:208} INFO - Processing /home/airflow/.local/lib/python3.12/site-packages/airflow/example_dags/example_sensor_decorator.py took 0.095 seconds
[2026-08-12T04:46:12.381+0000] {processor.py:186} INFO - Started process (PID=1677) to work on /home/airflow/.local/lib/python3.12/site-packages/airflow/example_dags/example_sensor_decorator.py
[2026-08-12T04:46:12.383+0000] {processor.py:914} INFO - Processing file /home/airflow/.local/lib/python3.12/site-packages/airflow/example_dags/example_sensor_decorator.py for tasks to queue
[2026-08-12T04:46:12.387+0000] {logging_mixin.py:190} INFO - [2026-08-12T04:46:12.386+0000] {dagbag.py:587} INFO - Filling up the DagBag from /home/airflow/.local/lib/python3.12/site-packages/airflow/example_dags/example_sensor_decorator.py
[2026-08-12T04:46:12.395+0000] {processor.py:925} INFO - DAG(s) 'example_sensor_decorator' retrieved from /home/airflow/.local/lib/python3.12/site-packages/airflow/example_dags/example_sensor_decorator.py
[2026-08-12T04:46:12.415+0000] {logging_mixin.py:190} INFO - [2026-08-12T04:46:12.415+0000] {dag.py:3211} INFO - Sync 1 DAGs
[2026-08-12T04:46:12.429+0000] {logging_mixin.py:190} INFO - [2026-08-12T04:46:12.429+0000] {dag.py:4138} INFO - Setting next_dagrun for example_sensor_decorator to None, run_after=None
[2026-08-12T04:46:12.450+0000] {processor.py:208} INFO - Processing /home/airflow/.local/lib/python3.12/site-packages/airflow/example_dags/example_sensor_decorator.py took 0.074 seconds
[2026-08-12T04:46:43.089+0000] {processor.py:186} INFO - Started process (PID=1739) to work on /home/airflow/.local/lib/python3.12/site-packages/airflow/example_dags/example_sensor_decorator.py
[2026-08-12T04:46:43.091+0000] {processor.py:914} INFO - Processing file /home/airflow/.local/lib/python3.12/site-packages/airflow/example_dags/example_sensor_decorator.py for tasks to queue
[2026-08-12T04:46:43.094+0000] {logging_mixin.py:190} INFO - [2026-08-12T04:46:43.094+0000] {dagbag.py:587} INFO - Filling up the DagBag from /home/airflow/.local/lib/python3.12/site-packages/airflow/example_dags/example_sensor_decorator.py
[2026-08-12T04:46:43.105+0000] {processor.py:925} INFO - DAG(s) 'example_sensor_decorator' retrieved from /home/airflow/.local/lib/python3.12/site-packages/airflow/example_dags/example_sensor_decorator.py
[2026-08-12T04:46:43.128+0000] {logging_mixin.py:190} INFO - [2026-08-12T04:46:43.128+0000] {dag.py:3211} INFO - Sync 1 DAGs
[2026-08-12T04:46:43.141+0000] {logging_mixin.py:190} INFO - [2026-08-12T04:46:43.141+0000] {dag.py:4138} INFO - Setting next_dagrun for example_sensor_decorator to None, run_after=None
[2026-08-12T04:46:43.163+0000] {processor.py:208} INFO - Processing /home/airflow/.local/lib/python3.12/site-packages/airflow/example_dags/example_sensor_decorator.py took 0.080 seconds
[2026-08-12T04:47:13.523+0000] {processor.py:186} INFO - Started process (PID=1801) to work on /home/airflow/.local/lib/python3.12/site-packages/airflow/example_dags/example_sensor_decorator.py
[2026-08-12T04:47:13.526+0000] {processor.py:914} INFO - Processing file /home/airflow/.local/lib/python3.12/site-packages/airflow/example_dags/example_sensor_decorator.py for tasks to queue
[2026-08-12T04:47:13.530+0000] {logging_mixin.py:190} INFO - [2026-08-12T04:47:13.529+0000] {dagbag.py:587} INFO - Filling up the DagBag from /home/airflow/.local/lib/python3.12/site-packages/airflow/example_dags/example_sensor_decorator.py
[2026-08-12T04:47:13.543+0000] {processor.py:925} INFO - DAG(s) 'example_sensor_decorator' retrieved from /home/airflow/.local/lib/python3.12/site-packages/airflow/example_dags/example_sensor_decorator.py
[2026-08-12T04:47:13.570+0000] {logging_mixin.py:190} INFO - [2026-08-12T04:47:13.570+0000] {dag.py:3211} INFO - Sync 1 DAGs
[2026-08-12T04:47:13.586+0000] {logging_mixin.py:190} INFO - [2026-08-12T04:47:13.586+0000] {dag.py:4138} INFO - Setting next_dagrun for example_sensor_decorator to None, run_after=None
[2026-08-12T04:47:13.625+0000] {processor.py:208} INFO - Processing /home/airflow/.local/lib/python3.12/site-packages/airflow/example_dags/example_sensor_decorator.py took 0.112 seconds
[2026-08-12T04:47:44.456+0000] {processor.py:186} INFO - Started process (PID=1863) to work on /home/airflow/.local/lib/python3.12/site-packages/airflow/example_dags/example_sensor_decorator.py
[2026-08-12T04:47:44.458+0000] {processor.py:914} INFO - Processing file /home/airflow/.local/lib/python3.12/site-packages/airflow/example_dags/example_sensor_decorator.py for tasks to queue
[2026-08-12T04:47:44.464+0000] {logging_mixin.py:190} INFO - [2026-08-12T04:47:44.463+0000] {dagbag.py:587} INFO - Filling up the DagBag from /home/airflow/.local/lib/python3.12/site-packages/airflow/example_dags/example_sensor_decorator.py
[2026-08-12T04:47:44.475+0000] {processor.py:925} INFO - DAG(s) 'example_sensor_decorator' retrieved from /home/airflow/.local/lib/python3.12/site-packages/airflow/example_dags/example_sensor_decorator.py
[2026-08-12T04:47:44.499+0000] {logging_mixin.py:190} INFO - [2026-08-12T04:47:44.499+0000] {dag.py:3211} INFO - Sync 1 DAGs
[2026-08-12T04:47:44.519+0000] {logging_mixin.py:190} INFO - [2026-08-12T04:47:44.518+0000] {dag.py:4138} INFO - Setting next_dagrun for example_sensor_decorator to None, run_after=None
[2026-08-12T04:47:44.541+0000] {processor.py:208} INFO - Processing /home/airflow/.local/lib/python3.12/site-packages/airflow/example_dags/example_sensor_decorator.py took 0.094 seconds
[2026-08-12T04:48:14.616+0000] {processor.py:186} INFO - Started process (PID=1926) to work on /home/airflow/.local/lib/python3.12/site-packages/airflow/example_dags/example_sensor_decorator.py
[2026-08-12T04:48:14.617+0000] {processor.py:914} INFO - Processing file /home/airflow/.local/lib/python3.12/site-packages/airflow/example_dags/example_sensor_decorator.py for tasks to queue
[2026-08-12T04:48:14.622+0000] {logging_mixin.py:190} INFO - [2026-08-12T04:48:14.621+0000] {dagbag.py:587} INFO - Filling up the DagBag from /home/airflow/.local/lib/python3.12/site-packages/airflow/example_dags/example_sensor_decorator.py
[2026-08-12T04:48:14.635+0000] {processor.py:925} INFO - DAG(s) 'example_sensor_decorator' retrieved from /home/airflow/.local/lib/python3.12/site-packages/airflow/example_dags/example_sensor_decorator.py
[2026-08-12T04:48:14.661+0000] {logging_mixin.py:190} INFO - [2026-08-12T04:48:14.660+0000] {dag.py:3211} INFO - Sync 1 DAGs
[2026-08-12T04:48:14.678+0000] {logging_mixin.py:190} INFO - [2026-08-12T04:48:14.677+0000] {dag.py:4138} INFO - Setting next_dagrun for example_sensor_decorator to None, run_after=None
[2026-08-12T04:48:14.712+0000] {processor.py:208} INFO - Processing /home/airflow/.local/lib/python3.12/site-packages/airflow/example_dags/example_sensor_decorator.py took 0.103 seconds
[2026-08-12T04:48:44.948+0000] {processor.py:186} INFO - Started process (PID=1989) to work on /home/airflow/.local/lib/python3.12/site-packages/airflow/example_dags/example_sensor_decorator.py
[2026-08-12T04:48:44.950+0000] {processor.py:914} INFO - Processing file /home/airflow/.local/lib/python3.12/site-packages/airflow/example_dags/example_sensor_decorator.py for tasks to queue
[2026-08-12T04:48:44.954+0000] {logging_mixin.py:190} INFO - [2026-08-12T04:48:44.953+0000] {dagbag.py:587} INFO - Filling up the DagBag from /home/airflow/.local/lib/python3.12/site-packages/airflow/example_dags/example_sensor_decorator.py
[2026-08-12T04:48:44.962+0000] {processor.py:925} INFO - DAG(s) 'example_sensor_decorator' retrieved from /home/airflow/.local/lib/python3.12/site-packages/airflow/example_dags/example_sensor_decorator.py
[2026-08-12T04:48:44.986+0000] {logging_mixin.py:190} INFO - [2026-08-12T04:48:44.986+0000] {dag.py:3211} INFO - Sync 1 DAGs
[2026-08-12T04:48:45.005+0000] {logging_mixin.py:190} INFO - [2026-08-12T04:48:45.004+0000] {dag.py:4138} INFO - Setting next_dagrun for example_sensor_decorator to None, run_after=None
[2026-08-12T04:48:45.047+0000] {processor.py:208} INFO - Processing /home/airflow/.local/lib/python3.12/site-packages/airflow/example_dags/example_sensor_decorator.py took 0.104 seconds
[2026-08-12T04:49:15.938+0000] {processor.py:186} INFO - Started process (PID=2052) to work on /home/airflow/.local/lib/python3.12/site-packages/airflow/example_dags/example_sensor_decorator.py
[2026-08-12T04:49:15.940+0000] {processor.py:914} INFO - Processing file /home/airflow/.local/lib/python3.12/site-packages/airflow/example_dags/example_sensor_decorator.py for tasks to queue
[2026-08-12T04:49:15.944+0000] {logging_mixin.py:190} INFO - [2026-08-12T04:49:15.944+0000] {dagbag.py:587} INFO - Filling up the DagBag from /home/airflow/.local/lib/python3.12/site-packages/airflow/example_dags/example_sensor_decorator.py
[2026-08-12T04:49:15.953+0000] {processor.py:925} INFO - DAG(s) 'example_sensor_decorator' retrieved from /home/airflow/.local/lib/python3.12/site-packages/airflow/example_dags/example_sensor_decorator.py
[2026-08-12T04:49:15.985+0000] {logging_mixin.py:190} INFO - [2026-08-12T04:49:15.985+0000] {dag.py:3211} INFO - Sync 1 DAGs
[2026-08-12T04:49:16.008+0000] {logging_mixin.py:190} INFO - [2026-08-12T04:49:16.008+0000] {dag.py:4138} INFO - Setting next_dagrun for example_sensor_decorator to None, run_after=None
[2026-08-12T04:49:16.044+0000] {processor.py:208} INFO - Processing /home/airflow/.local/lib/python3.12/site-packages/airflow/example_dags/example_sensor_decorator.py took 0.114 seconds
[2026-08-12T04:49:46.595+0000] {processor.py:186} INFO - Started process (PID=2115) to work on /home/airflow/.local/lib/python3.12/site-packages/airflow/example_dags/example_sensor_decorator.py
[2026-08-12T04:49:46.596+0000] {processor.py:914} INFO - Processing file /home/airflow/.local/lib/python3.12/site-packages/airflow/example_dags/example_sensor_decorator.py for tasks to queue
[2026-08-12T04:49:46.600+0000] {logging_mixin.py:190} INFO - [2026-08-12T04:49:46.599+0000] {dagbag.py:587} INFO - Filling up the DagBag from /home/airflow/.local/lib/python3.12/site-packages/airflow/example_dags/example_sensor_decorator.py
[2026-08-12T04:49:46.610+0000] {processor.py:925} INFO - DAG(s) 'example_sensor_decorator' retrieved from /home/airflow/.local/lib/python3.12/site-packages/airflow/example_dags/example_sensor_decorator.py
[2026-08-12T04:49:46.631+0000] {logging_mixin.py:190} INFO - [2026-08-12T04:49:46.631+0000] {dag.py:3211} INFO - Sync 1 DAGs
[2026-08-12T04:49:46.645+0000] {logging_mixin.py:190} INFO - [2026-08-12T04:49:46.645+0000] {dag.py:4138} INFO - Setting next_dagrun for example_sensor_decorator to None, run_after=None
[2026-08-12T04:49:46.668+0000] {processor.py:208} INFO - Processing /home/airflow/.local/lib/python3.12/site-packages/airflow/example_dags/example_sensor_decorator.py took 0.079 seconds
[2026-08-12T04:50:17.264+0000] {processor.py:186} INFO - Started process (PID=2179) to work on /home/airflow/.local/lib/python3.12/site-packages/airflow/example_dags/example_sensor_decorator.py
[2026-08-12T04:50:17.266+0000] {processor.py:914} INFO - Processing file /home/airflow/.local/lib/python3.12/site-packages/airflow/example_dags/example_sensor_decorator.py for tasks to queue
[2026-08-12T04:50:17.270+0000] {logging_mixin.py:190} INFO - [2026-08-12T04:50:17.269+0000] {dagbag.py:587} INFO - Filling up the DagBag from /home/airflow/.local/lib/python3.12/site-packages/airflow/example_dags/example_sensor_decorator.py
[2026-08-12T04:50:17.281+0000] {processor.py:925} INFO - DAG(s) 'example_sensor_decorator' retrieved from /home/airflow/.local/lib/python3.12/site-packages/airflow/example_dags/example_sensor_decorator.py
[2026-08-12T04:50:17.310+0000] {logging_mixin.py:190} INFO - [2026-08-12T04:50:17.310+0000] {dag.py:3211} INFO - Sync 1 DAGs
[2026-08-12T04:50:17.329+0000] {logging_mixin.py:190} INFO - [2026-08-12T04:50:17.328+0000] {dag.py:4138} INFO - Setting next_dagrun for example_sensor_decorator to None, run_after=None
[2026-08-12T04:50:17.352+0000] {processor.py:208} INFO - Processing /home/airflow/.local/lib/python3.12/site-packages/airflow/example_dags/example_sensor_decorator.py took 0.094 seconds
[2026-08-12T04:50:47.943+0000] {processor.py:186} INFO - Started process (PID=2242) to work on /home/airflow/.local/lib/python3.12/site-packages/airflow/example_dags/example_sensor_decorator.py
[2026-08-12T04:50:47.945+0000] {processor.py:914} INFO - Processing file /home/airflow/.local/lib/python3.12/site-packages/airflow/example_dags/example_sensor_decorator.py for tasks to queue
[2026-08-12T04:50:47.949+0000] {logging_mixin.py:190} INFO - [2026-08-12T04:50:47.948+0000] {dagbag.py:587} INFO - Filling up the DagBag from /home/airflow/.local/lib/python3.12/site-packages/airflow/example_dags/example_sensor_decorator.py
[2026-08-12T04:50:47.957+0000] {processor.py:925} INFO - DAG(s) 'example_sensor_decorator' retrieved from /home/airflow/.local/lib/python3.12/site-packages/airflow/example_dags/example_sensor_decorator.py
[2026-08-12T04:50:47.980+0000] {logging_mixin.py:190} INFO - [2026-08-12T04:50:47.980+0000] {dag.py:3211} INFO - Sync 1 DAGs
[2026-08-12T04:50:47.996+0000] {logging_mixin.py:190} INFO - [2026-08-12T04:50:47.995+0000] {dag.py:4138} INFO - Setting next_dagrun for example_sensor_decorator to None, run_after=None
[2026-08-12T04:50:48.022+0000] {processor.py:208} INFO - Processing /home/airflow/.local/lib/python3.12/site-packages/airflow/example_dags/example_sensor_decorator.py took 0.086 seconds
[2026-08-12T04:51:18.650+0000] {processor.py:186} INFO - Started process (PID=2305) to work on /home/airflow/.local/lib/python3.12/site-packages/airflow/example_dags/example_sensor_decorator.py
[2026-08-12T04:51:18.652+0000] {processor.py:914} INFO - Processing file /home/airflow/.local/lib/python3.12/site-packages/airflow/example_dags/example_sensor_decorator.py for tasks to queue
[2026-08-12T04:51:18.655+0000] {logging_mixin.py:190} INFO - [2026-08-12T04:51:18.655+0000] {dagbag.py:587} INFO - Filling up the DagBag from /home/airflow/.local/lib/python3.12/site-packages/airflow/example_dags/example_sensor_decorator.py
[2026-08-12T04:51:18.663+0000] {processor.py:925} INFO - DAG(s) 'example_sensor_decorator' retrieved from /home/airflow/.local/lib/python3.12/site-packages/airflow/example_dags/example_sensor_decorator.py
[2026-08-12T04:51:18.687+0000] {logging_mixin.py:190} INFO - [2026-08-12T04:51:18.687+0000] {dag.py:3211} INFO - Sync 1 DAGs
[2026-08-12T04:51:18.703+0000] {logging_mixin.py:190} INFO - [2026-08-12T04:51:18.702+0000] {dag.py:4138} INFO - Setting next_dagrun for example_sensor_decorator to None, run_after=None
[2026-08-12T04:51:18.737+0000] {processor.py:208} INFO - Processing /home/airflow/.local/lib/python3.12/site-packages/airflow/example_dags/example_sensor_decorator.py took 0.093 seconds
[2026-08-12T04:51:49.551+0000] {processor.py:186} INFO - Started process (PID=2369) to work on /home/airflow/.local/lib/python3.12/site-packages/airflow/example_dags/example_sensor_decorator.py
[2026-08-12T04:51:49.553+0000] {processor.py:914} INFO - Processing file /home/airflow/.local/lib/python3.12/site-packages/airflow/example_dags/example_sensor_decorator.py for tasks to queue
[2026-08-12T04:51:49.558+0000] {logging_mixin.py:190} INFO - [2026-08-12T04:51:49.557+0000] {dagbag.py:587} INFO - Filling up the DagBag from /home/airflow/.local/lib/python3.12/site-packages/airflow/example_dags/example_sensor_decorator.py
[2026-08-12T04:51:49.569+0000] {processor.py:925} INFO - DAG(s) 'example_sensor_decorator' retrieved from /home/airflow/.local/lib/python3.12/site-packages/airflow/example_dags/example_sensor_decorator.py
[2026-08-12T04:51:49.592+0000] {logging_mixin.py:190} INFO - [2026-08-12T04:51:49.592+0000] {dag.py:3211} INFO - Sync 1 DAGs
[2026-08-12T04:51:49.610+0000] {logging_mixin.py:190} INFO - [2026-08-12T04:51:49.610+0000] {dag.py:4138} INFO - Setting next_dagrun for example_sensor_decorator to None, run_after=None
[2026-08-12T04:51:49.632+0000] {processor.py:208} INFO - Processing /home/airflow/.local/lib/python3.12/site-packages/airflow/example_dags/example_sensor_decorator.py took 0.089 seconds
[2026-08-12T04:52:20.445+0000] {processor.py:186} INFO - Started process (PID=2432) to work on /home/airflow/.local/lib/python3.12/site-packages/airflow/example_dags/example_sensor_decorator.py
[2026-08-12T04:52:20.447+0000] {processor.py:914} INFO - Processing file /home/airflow/.local/lib/python3.12/site-packages/airflow/example_dags/example_sensor_decorator.py for tasks to queue
[2026-08-12T04:52:20.451+0000] {logging_mixin.py:190} INFO - [2026-08-12T04:52:20.450+0000] {dagbag.py:587} INFO - Filling up the DagBag from /home/airflow/.local/lib/python3.12/site-packages/airflow/example_dags/example_sensor_decorator.py
[2026-08-12T04:52:20.460+0000] {processor.py:925} INFO - DAG(s) 'example_sensor_decorator' retrieved from /home/airflow/.local/lib/python3.12/site-packages/airflow/example_dags/example_sensor_decorator.py
[2026-08-12T04:52:20.482+0000] {logging_mixin.py:190} INFO - [2026-08-12T04:52:20.482+0000] {dag.py:3211} INFO - Sync 1 DAGs
[2026-08-12T04:52:20.504+0000] {logging_mixin.py:190} INFO - [2026-08-12T04:52:20.504+0000] {dag.py:4138} INFO - Setting next_dagrun for example_sensor_decorator to None, run_after=None
[2026-08-12T04:52:20.532+0000] {processor.py:208} INFO - Processing /home/airflow/.local/lib/python3.12/site-packages/airflow/example_dags/example_sensor_decorator.py took 0.092 seconds
[2026-08-12T04:52:50.802+0000] {processor.py:186} INFO - Started process (PID=2495) to work on /home/airflow/.local/lib/python3.12/site-packages/airflow/example_dags/example_sensor_decorator.py
[2026-08-12T04:52:50.804+0000] {processor.py:914} INFO - Processing file /home/airflow/.local/lib/python3.12/site-packages/airflow/example_dags/example_sensor_decorator.py for tasks to queue
[2026-08-12T04:52:50.808+0000] {logging_mixin.py:190} INFO - [2026-08-12T04:52:50.808+0000] {dagbag.py:587} INFO - Filling up the DagBag from /home/airflow/.local/lib/python3.12/site-packages/airflow/example_dags/example_sensor_decorator.py
[2026-08-12T04:52:50.818+0000] {processor.py:925} INFO - DAG(s) 'example_sensor_decorator' retrieved from /home/airflow/.local/lib/python3.12/site-packages/airflow/example_dags/example_sensor_decorator.py
[2026-08-12T04:52:50.842+0000] {logging_mixin.py:190} INFO - [2026-08-12T04:52:50.842+0000] {dag.py:3211} INFO - Sync 1 DAGs
[2026-08-12T04:52:50.860+0000] {logging_mixin.py:190} INFO - [2026-08-12T04:52:50.860+0000] {dag.py:4138} INFO - Setting next_dagrun for example_sensor_decorator to None, run_after=None
[2026-08-12T04:52:50.885+0000] {processor.py:208} INFO - Processing /home/airflow/.local/lib/python3.12/site-packages/airflow/example_dags/example_sensor_decorator.py took 0.090 seconds
[2026-08-12T04:53:21.837+0000] {processor.py:186} INFO - Started process (PID=2558) to work on /home/airflow/.local/lib/python3.12/site-packages/airflow/example_dags/example_sensor_decorator.py
[2026-08-12T04:53:21.839+0000] {processor.py:914} INFO - Processing file /home/airflow/.local/lib/python3.12/site-packages/airflow/example_dags/example_sensor_decorator.py for tasks to queue
[2026-08-12T04:53:21.842+0000] {logging_mixin.py:190} INFO - [2026-08-12T04:53:21.842+0000] {dagbag.py:587} INFO - Filling up the DagBag from /home/airflow/.local/lib/python3.12/site-packages/airflow/example_dags/example_sensor_decorator.py
[2026-08-12T04:53:21.852+0000] {processor.py:925} INFO - DAG(s) 'example_sensor_decorator' retrieved from /home/airflow/.local/lib/python3.12/site-packages/airflow/example_dags/example_sensor_decorator.py
[2026-08-12T04:53:21.873+0000] {logging_mixin.py:190} INFO - [2026-08-12T04:53:21.872+0000] {dag.py:3211} INFO - Sync 1 DAGs
[2026-08-12T04:53:21.892+0000] {logging_mixin.py:190} INFO - [2026-08-12T04:53:21.891+0000] {dag.py:4138} INFO - Setting next_dagrun for example_sensor_decorator to None, run_after=None
[2026-08-12T04:53:21.917+0000] {processor.py:208} INFO - Processing /home/airflow/.local/lib/python3.12/site-packages/airflow/example_dags/example_sensor_decorator.py took 0.086 seconds
[2026-08-12T04:53:52.599+0000] {processor.py:186} INFO - Started process (PID=2621) to work on /home/airflow/.local/lib/python3.12/site-packages/airflow/example_dags/example_sensor_decorator.py
[2026-08-12T04:53:52.601+0000] {processor.py:914} INFO - Processing file /home/airflow/.local/lib/python3.12/site-packages/airflow/example_dags/example_sensor_decorator.py for tasks to queue
[2026-08-12T04:53:52.605+0000] {logging_mixin.py:190} INFO - [2026-08-12T04:53:52.604+0000] {dagbag.py:587} INFO - Filling up the DagBag from /home/airflow/.local/lib/python3.12/site-packages/airflow/example_dags/example_sensor_decorator.py
[2026-08-12T04:53:52.615+0000] {processor.py:925} INFO - DAG(s) 'example_sensor_decorator' retrieved from /home/airflow/.local/lib/python3.12/site-packages/airflow/example_dags/example_sensor_decorator.py
[2026-08-12T04:53:52.641+0000] {logging_mixin.py:190} INFO - [2026-08-12T04:53:52.641+0000] {dag.py:3211} INFO - Sync 1 DAGs
[2026-08-12T04:53:52.662+0000] {logging_mixin.py:190} INFO - [2026-08-12T04:53:52.662+0000] {dag.py:4138} INFO - Setting next_dagrun for example_sensor_decorator to None, run_after=None
[2026-08-12T04:53:52.684+0000] {processor.py:208} INFO - Processing /home/airflow/.local/lib/python3.12/site-packages/airflow/example_dags/example_sensor_decorator.py took 0.091 seconds
[2026-08-12T04:54:23.450+0000] {processor.py:186} INFO - Started process (PID=2684) to work on /home/airflow/.local/lib/python3.12/site-packages/airflow/example_dags/example_sensor_decorator.py
[2026-08-12T04:54:23.452+0000] {processor.py:914} INFO - Processing file /home/airflow/.local/lib/python3.12/site-packages/airflow/example_dags/example_sensor_decorator.py for tasks to queue
[2026-08-12T04:54:23.455+0000] {logging_mixin.py:190} INFO - [2026-08-12T04:54:23.455+0000] {dagbag.py:587} INFO - Filling up the DagBag from /home/airflow/.local/lib/python3.12/site-packages/airflow/example_dags/example_sensor_decorator.py
[2026-08-12T04:54:23.463+0000] {processor.py:925} INFO - DAG(s) 'example_sensor_decorator' retrieved from /home/airflow/.local/lib/python3.12/site-packages/airflow/example_dags/example_sensor_decorator.py
[2026-08-12T04:54:23.484+0000] {logging_mixin.py:190} INFO - [2026-08-12T04:54:23.483+0000] {dag.py:3211} INFO - Sync 1 DAGs
[2026-08-12T04:54:23.498+0000] {logging_mixin.py:190} INFO - [2026-08-12T04:54:23.498+0000] {dag.py:4138} INFO - Setting next_dagrun for example_sensor_decorator to None, run_after=None
[2026-08-12T04:54:23.522+0000] {processor.py:208} INFO - Processing /home/airflow/.local/lib/python3.12/site-packages/airflow/example_dags/example_sensor_decorator.py took 0.078 seconds
[2026-08-12T04:54:54.027+0000] {processor.py:186} INFO - Started process (PID=2747) to work on /home/airflow/.local/lib/python3.12/site-packages/airflow/example_dags/example_sensor_decorator.py
[2026-08-12T04:54:54.028+0000] {processor.py:914} INFO - Processing file /home/airflow/.local/lib/python3.12/site-packages/airflow/example_dags/example_sensor_decorator.py for tasks to queue
[2026-08-12T04:54:54.032+0000] {logging_mixin.py:190} INFO - [2026-08-12T04:54:54.031+0000] {dagbag.py:587} INFO - Filling up the DagBag from /home/airflow/.local/lib/python3.12/site-packages/airflow/example_dags/example_sensor_decorator.py
[2026-08-12T04:54:54.039+0000] {processor.py:925} INFO - DAG(s) 'example_sensor_decorator' retrieved from /home/airflow/.local/lib/python3.12/site-packages/airflow/example_dags/example_sensor_decorator.py
[2026-08-12T04:54:54.061+0000] {logging_mixin.py:190} INFO - [2026-08-12T04:54:54.060+0000] {dag.py:3211} INFO - Sync 1 DAGs
[2026-08-12T04:54:54.075+0000] {logging_mixin.py:190} INFO - [2026-08-12T04:54:54.075+0000] {dag.py:4138} INFO - Setting next_dagrun for example_sensor_decorator to None, run_after=None
[2026-08-12T04:54:54.095+0000] {processor.py:208} INFO - Processing /home/airflow/.local/lib/python3.12/site-packages/airflow/example_dags/example_sensor_decorator.py took 0.073 seconds
[2026-08-12T04:55:24.692+0000] {processor.py:186} INFO - Started process (PID=2810) to work on /home/airflow/.local/lib/python3.12/site-packages/airflow/example_dags/example_sensor_decorator.py
[2026-08-12T04:55:24.694+0000] {processor.py:914} INFO - Processing file /home/airflow/.local/lib/python3.12/site-packages/airflow/example_dags/example_sensor_decorator.py for tasks to queue
[2026-08-12T04:55:24.697+0000] {logging_mixin.py:190} INFO - [2026-08-12T04:55:24.696+0000] {dagbag.py:587} INFO - Filling up the DagBag from /home/airflow/.local/lib/python3.12/site-packages/airflow/example_dags/example_sensor_decorator.py
[2026-08-12T04:55:24.706+0000] {processor.py:925} INFO - DAG(s) 'example_sensor_decorator' retrieved from /home/airflow/.local/lib/python3.12/site-packages/airflow/example_dags/example_sensor_decorator.py
[2026-08-12T04:55:24.728+0000] {logging_mixin.py:190} INFO - [2026-08-12T04:55:24.728+0000] {dag.py:3211} INFO - Sync 1 DAGs
[2026-08-12T04:55:24.744+0000] {logging_mixin.py:190} INFO - [2026-08-12T04:55:24.744+0000] {dag.py:4138} INFO - Setting next_dagrun for example_sensor_decorator to None, run_after=None
[2026-08-12T04:55:24.765+0000] {processor.py:208} INFO - Processing /home/airflow/.local/lib/python3.12/site-packages/airflow/example_dags/example_sensor_decorator.py took 0.078 seconds
[2026-08-12T04:55:55.505+0000] {processor.py:186} INFO - Started process (PID=2873) to work on /home/airflow/.local/lib/python3.12/site-packages/airflow/example_dags/example_sensor_decorator.py
[2026-08-12T04:55:55.507+0000] {processor.py:914} INFO - Processing file /home/airflow/.local/lib/python3.12/site-packages/airflow/example_dags/example_sensor_decorator.py for tasks to queue
[2026-08-12T04:55:55.510+0000] {logging_mixin.py:190} INFO - [2026-08-12T04:55:55.509+0000] {dagbag.py:587} INFO - Filling up the DagBag from /home/airflow/.local/lib/python3.12/site-packages/airflow/example_dags/example_sensor_decorator.py
[2026-08-12T04:55:55.517+0000] {processor.py:925} INFO - DAG(s) 'example_sensor_decorator' retrieved from /home/airflow/.local/lib/python3.12/site-packages/airflow/example_dags/example_sensor_decorator.py
[2026-08-12T04:55:55.539+0000] {logging_mixin.py:190} INFO - [2026-08-12T04:55:55.539+0000] {dag.py:3211} INFO - Sync 1 DAGs
[2026-08-12T04:55:55.554+0000] {logging_mixin.py:190} INFO - [2026-08-12T04:55:55.554+0000] {dag.py:4138} INFO - Setting next_dagrun for example_sensor_decorator to None, run_after=None
[2026-08-12T04:55:55.575+0000] {processor.py:208} INFO - Processing /home/airflow/.local/lib/python3.12/site-packages/airflow/example_dags/example_sensor_decorator.py took 0.076 seconds
[2026-08-12T04:56:26.093+0000] {processor.py:186} INFO - Started process (PID=2936) to work on /home/airflow/.local/lib/python3.12/site-packages/airflow/example_dags/example_sensor_decorator.py
[2026-08-12T04:56:26.094+0000] {processor.py:914} INFO - Processing file /home/airflow/.local/lib/python3.12/site-packages/airflow/example_dags/example_sensor_decorator.py for tasks to queue
[2026-08-12T04:56:26.099+0000] {logging_mixin.py:190} INFO - [2026-08-12T04:56:26.098+0000] {dagbag.py:587} INFO - Filling up the DagBag from /home/airflow/.local/lib/python3.12/site-packages/airflow/example_dags/example_sensor_decorator.py
[2026-08-12T04:56:26.107+0000] {processor.py:925} INFO - DAG(s) 'example_sensor_decorator' retrieved from /home/airflow/.local/lib/python3.12/site-packages/airflow/example_dags/example_sensor_decorator.py
[2026-08-12T04:56:26.129+0000] {logging_mixin.py:190} INFO - [2026-08-12T04:56:26.129+0000] {dag.py:3211} INFO - Sync 1 DAGs
[2026-08-12T04:56:26.146+0000] {logging_mixin.py:190} INFO - [2026-08-12T04:56:26.145+0000] {dag.py:4138} INFO - Setting next_dagrun for example_sensor_decorator to None, run_after=None
[2026-08-12T04:56:26.165+0000] {processor.py:208} INFO - Processing /home/airflow/.local/lib/python3.12/site-packages/airflow/example_dags/example_sensor_decorator.py took 0.078 seconds
[2026-08-12T04:56:57.063+0000] {processor.py:186} INFO - Started process (PID=2999) to work on /home/airflow/.local/lib/python3.12/site-packages/airflow/example_dags/example_sensor_decorator.py
[2026-08-12T04:56:57.064+0000] {processor.py:914} INFO - Processing file /home/airflow/.local/lib/python3.12/site-packages/airflow/example_dags/example_sensor_decorator.py for tasks to queue
[2026-08-12T04:56:57.068+0000] {logging_mixin.py:190} INFO - [2026-08-12T04:56:57.067+0000] {dagbag.py:587} INFO - Filling up the DagBag from /home/airflow/.local/lib/python3.12/site-packages/airflow/example_dags/example_sensor_decorator.py
[2026-08-12T04:56:57.076+0000] {processor.py:925} INFO - DAG(s) 'example_sensor_decorator' retrieved from /home/airflow/.local/lib/python3.12/site-packages/airflow/example_dags/example_sensor_decorator.py
[2026-08-12T04:56:57.100+0000] {logging_mixin.py:190} INFO - [2026-08-12T04:56:57.100+0000] {dag.py:3211} INFO - Sync 1 DAGs
[2026-08-12T04:56:57.116+0000] {logging_mixin.py:190} INFO - [2026-08-12T04:56:57.116+0000] {dag.py:4138} INFO - Setting next_dagrun for example_sensor_decorator to None, run_after=None
[2026-08-12T04:56:57.136+0000] {processor.py:208} INFO - Processing /home/airflow/.local/lib/python3.12/site-packages/airflow/example_dags/example_sensor_decorator.py took 0.079 seconds
[2026-08-12T04:57:27.724+0000] {processor.py:186} INFO - Started process (PID=3062) to work on /home/airflow/.local/lib/python3.12/site-packages/airflow/example_dags/example_sensor_decorator.py
[2026-08-12T04:57:27.725+0000] {processor.py:914} INFO - Processing file /home/airflow/.local/lib/python3.12/site-packages/airflow/example_dags/example_sensor_decorator.py for tasks to queue
[2026-08-12T04:57:27.729+0000] {logging_mixin.py:190} INFO - [2026-08-12T04:57:27.728+0000] {dagbag.py:587} INFO - Filling up the DagBag from /home/airflow/.local/lib/python3.12/site-packages/airflow/example_dags/example_sensor_decorator.py
[2026-08-12T04:57:27.737+0000] {processor.py:925} INFO - DAG(s) 'example_sensor_decorator' retrieved from /home/airflow/.local/lib/python3.12/site-packages/airflow/example_dags/example_sensor_decorator.py
[2026-08-12T04:57:27.760+0000] {logging_mixin.py:190} INFO - [2026-08-12T04:57:27.760+0000] {dag.py:3211} INFO - Sync 1 DAGs
[2026-08-12T04:57:27.778+0000] {logging_mixin.py:190} INFO - [2026-08-12T04:57:27.778+0000] {dag.py:4138} INFO - Setting next_dagrun for example_sensor_decorator to None, run_after=None
[2026-08-12T04:57:27.800+0000] {processor.py:208} INFO - Processing /home/airflow/.local/lib/python3.12/site-packages/airflow/example_dags/example_sensor_decorator.py took 0.082 seconds
[2026-08-12T04:57:58.476+0000] {processor.py:186} INFO - Started process (PID=3125) to work on /home/airflow/.local/lib/python3.12/site-packages/airflow/example_dags/example_sensor_decorator.py
[2026-08-12T04:57:58.478+0000] {processor.py:914} INFO - Processing file /home/airflow/.local/lib/python3.12/site-packages/airflow/example_dags/example_sensor_decorator.py for tasks to queue
[2026-08-12T04:57:58.481+0000] {logging_mixin.py:190} INFO - [2026-08-12T04:57:58.481+0000] {dagbag.py:587} INFO - Filling up the DagBag from /home/airflow/.local/lib/python3.12/site-packages/airflow/example_dags/example_sensor_decorator.py
[2026-08-12T04:57:58.490+0000] {processor.py:925} INFO - DAG(s) 'example_sensor_decorator' retrieved from /home/airflow/.local/lib/python3.12/site-packages/airflow/example_dags/example_sensor_decorator.py
[2026-08-12T04:57:58.515+0000] {logging_mixin.py:190} INFO - [2026-08-12T04:57:58.515+0000] {dag.py:3211} INFO - Sync 1 DAGs
[2026-08-12T04:57:58.533+0000] {logging_mixin.py:190} INFO - [2026-08-12T04:57:58.533+0000] {dag.py:4138} INFO - Setting next_dagrun for example_sensor_decorator to None, run_after=None
[2026-08-12T04:57:58.555+0000] {processor.py:208} INFO - Processing /home/airflow/.local/lib/python3.12/site-packages/airflow/example_dags/example_sensor_decorator.py took 0.085 seconds
[2026-08-12T04:58:29.067+0000] {processor.py:186} INFO - Started process (PID=3188) to work on /home/airflow/.local/lib/python3.12/site-packages/airflow/example_dags/example_sensor_decorator.py
[2026-08-12T04:58:29.068+0000] {processor.py:914} INFO - Processing file /home/airflow/.local/lib/python3.12/site-packages/airflow/example_dags/example_sensor_decorator.py for tasks to queue
[2026-08-12T04:58:29.072+0000] {logging_mixin.py:190} INFO - [2026-08-12T04:58:29.072+0000] {dagbag.py:587} INFO - Filling up the DagBag from /home/airflow/.local/lib/python3.12/site-packages/airflow/example_dags/example_sensor_decorator.py
[2026-08-12T04:58:29.083+0000] {processor.py:925} INFO - DAG(s) 'example_sensor_decorator' retrieved from /home/airflow/.local/lib/python3.12/site-packages/airflow/example_dags/example_sensor_decorator.py
[2026-08-12T04:58:29.110+0000] {logging_mixin.py:190} INFO - [2026-08-12T04:58:29.110+0000] {dag.py:3211} INFO - Sync 1 DAGs
[2026-08-12T04:58:29.126+0000] {logging_mixin.py:190} INFO - [2026-08-12T04:58:29.126+0000] {dag.py:4138} INFO - Setting next_dagrun for example_sensor_decorator to None, run_after=None
[2026-08-12T04:58:29.151+0000] {processor.py:208} INFO - Processing /home/airflow/.local/lib/python3.12/site-packages/airflow/example_dags/example_sensor_decorator.py took 0.091 seconds
[2026-08-12T04:58:59.440+0000] {processor.py:186} INFO - Started process (PID=3251) to work on /home/airflow/.local/lib/python3.12/site-packages/airflow/example_dags/example_sensor_decorator.py
[2026-08-12T04:58:59.443+0000] {processor.py:914} INFO - Processing file /home/airflow/.local/lib/python3.12/site-packages/airflow/example_dags/example_sensor_decorator.py for tasks to queue
[2026-08-12T04:58:59.446+0000] {logging_mixin.py:190} INFO - [2026-08-12T04:58:59.446+0000] {dagbag.py:587} INFO - Filling up the DagBag from /home/airflow/.local/lib/python3.12/site-packages/airflow/example_dags/example_sensor_decorator.py
[2026-08-12T04:58:59.454+0000] {processor.py:925} INFO - DAG(s) 'example_sensor_decorator' retrieved from /home/airflow/.local/lib/python3.12/site-packages/airflow/example_dags/example_sensor_decorator.py
[2026-08-12T04:58:59.474+0000] {logging_mixin.py:190} INFO - [2026-08-12T04:58:59.474+0000] {dag.py:3211} INFO - Sync 1 DAGs
[2026-08-12T04:58:59.680+0000] {logging_mixin.py:190} INFO - [2026-08-12T04:58:59.680+0000] {dag.py:4138} INFO - Setting next_dagrun for example_sensor_decorator to None, run_after=None
[2026-08-12T04:58:59.705+0000] {processor.py:208} INFO - Processing /home/airflow/.local/lib/python3.12/site-packages/airflow/example_dags/example_sensor_decorator.py took 0.270 seconds
[2026-08-12T04:59:30.274+0000] {processor.py:186} INFO - Started process (PID=3314) to work on /home/airflow/.local/lib/python3.12/site-packages/airflow/example_dags/example_sensor_decorator.py
[2026-08-12T04:59:30.276+0000] {processor.py:914} INFO - Processing file /home/airflow/.local/lib/python3.12/site-packages/airflow/example_dags/example_sensor_decorator.py for tasks to queue
[2026-08-12T04:59:30.279+0000] {logging_mixin.py:190} INFO - [2026-08-12T04:59:30.279+0000] {dagbag.py:587} INFO - Filling up the DagBag from /home/airflow/.local/lib/python3.12/site-packages/airflow/example_dags/example_sensor_decorator.py
[2026-08-12T04:59:30.287+0000] {processor.py:925} INFO - DAG(s) 'example_sensor_decorator' retrieved from /home/airflow/.local/lib/python3.12/site-packages/airflow/example_dags/example_sensor_decorator.py
[2026-08-12T04:59:30.309+0000] {logging_mixin.py:190} INFO - [2026-08-12T04:59:30.309+0000] {dag.py:3211} INFO - Sync 1 DAGs
[2026-08-12T04:59:30.322+0000] {logging_mixin.py:190} INFO - [2026-08-12T04:59:30.322+0000] {dag.py:4138} INFO - Setting next_dagrun for example_sensor_decorator to None, run_after=None
[2026-08-12T04:59:30.529+0000] {processor.py:208} INFO - Processing /home/airflow/.local/lib/python3.12/site-packages/airflow/example_dags/example_sensor_decorator.py took 0.261 seconds
[2026-08-12T05:00:00.721+0000] {processor.py:186} INFO - Started process (PID=3377) to work on /home/airflow/.local/lib/python3.12/site-packages/airflow/example_dags/example_sensor_decorator.py
[2026-08-12T05:00:00.723+0000] {processor.py:914} INFO - Processing file /home/airflow/.local/lib/python3.12/site-packages/airflow/example_dags/example_sensor_decorator.py for tasks to queue
[2026-08-12T05:00:00.726+0000] {logging_mixin.py:190} INFO - [2026-08-12T05:00:00.726+0000] {dagbag.py:587} INFO - Filling up the DagBag from /home/airflow/.local/lib/python3.12/site-packages/airflow/example_dags/example_sensor_decorator.py
[2026-08-12T05:00:00.736+0000] {processor.py:925} INFO - DAG(s) 'example_sensor_decorator' retrieved from /home/airflow/.local/lib/python3.12/site-packages/airflow/example_dags/example_sensor_decorator.py
[2026-08-12T05:00:00.759+0000] {logging_mixin.py:190} INFO - [2026-08-12T05:00:00.759+0000] {dag.py:3211} INFO - Sync 1 DAGs
[2026-08-12T05:00:00.775+0000] {logging_mixin.py:190} INFO - [2026-08-12T05:00:00.774+0000] {dag.py:4138} INFO - Setting next_dagrun for example_sensor_decorator to None, run_after=None
[2026-08-12T05:00:00.793+0000] {processor.py:208} INFO - Processing /home/airflow/.local/lib/python3.12/site-packages/airflow/example_dags/example_sensor_decorator.py took 0.080 seconds
[2026-08-12T05:00:31.324+0000] {processor.py:186} INFO - Started process (PID=3440) to work on /home/airflow/.local/lib/python3.12/site-packages/airflow/example_dags/example_sensor_decorator.py
[2026-08-12T05:00:31.326+0000] {processor.py:914} INFO - Processing file /home/airflow/.local/lib/python3.12/site-packages/airflow/example_dags/example_sensor_decorator.py for tasks to queue
[2026-08-12T05:00:31.331+0000] {logging_mixin.py:190} INFO - [2026-08-12T05:00:31.331+0000] {dagbag.py:587} INFO - Filling up the DagBag from /home/airflow/.local/lib/python3.12/site-packages/airflow/example_dags/example_sensor_decorator.py
[2026-08-12T05:00:31.342+0000] {processor.py:925} INFO - DAG(s) 'example_sensor_decorator' retrieved from /home/airflow/.local/lib/python3.12/site-packages/airflow/example_dags/example_sensor_decorator.py
[2026-08-12T05:00:31.373+0000] {logging_mixin.py:190} INFO - [2026-08-12T05:00:31.373+0000] {dag.py:3211} INFO - Sync 1 DAGs
[2026-08-12T05:00:31.392+0000] {logging_mixin.py:190} INFO - [2026-08-12T05:00:31.392+0000] {dag.py:4138} INFO - Setting next_dagrun for example_sensor_decorator to None, run_after=None
[2026-08-12T05:00:31.415+0000] {processor.py:208} INFO - Processing /home/airflow/.local/lib/python3.12/site-packages/airflow/example_dags/example_sensor_decorator.py took 0.101 seconds
[2026-08-12T05:01:01.616+0000] {processor.py:186} INFO - Started process (PID=3503) to work on /home/airflow/.local/lib/python3.12/site-packages/airflow/example_dags/example_sensor_decorator.py
[2026-08-12T05:01:01.617+0000] {processor.py:914} INFO - Processing file /home/airflow/.local/lib/python3.12/site-packages/airflow/example_dags/example_sensor_decorator.py for tasks to queue
[2026-08-12T05:01:01.622+0000] {logging_mixin.py:190} INFO - [2026-08-12T05:01:01.621+0000] {dagbag.py:587} INFO - Filling up the DagBag from /home/airflow/.local/lib/python3.12/site-packages/airflow/example_dags/example_sensor_decorator.py
[2026-08-12T05:01:01.630+0000] {processor.py:925} INFO - DAG(s) 'example_sensor_decorator' retrieved from /home/airflow/.local/lib/python3.12/site-packages/airflow/example_dags/example_sensor_decorator.py
[2026-08-12T05:01:01.659+0000] {logging_mixin.py:190} INFO - [2026-08-12T05:01:01.658+0000] {dag.py:3211} INFO - Sync 1 DAGs
[2026-08-12T05:01:01.679+0000] {logging_mixin.py:190} INFO - [2026-08-12T05:01:01.679+0000] {dag.py:4138} INFO - Setting next_dagrun for example_sensor_decorator to None, run_after=None
[2026-08-12T05:01:01.702+0000] {processor.py:208} INFO - Processing /home/airflow/.local/lib/python3.12/site-packages/airflow/example_dags/example_sensor_decorator.py took 0.095 seconds
[2026-08-12T05:01:32.166+0000] {processor.py:186} INFO - Started process (PID=3566) to work on /home/airflow/.local/lib/python3.12/site-packages/airflow/example_dags/example_sensor_decorator.py
[2026-08-12T05:01:32.168+0000] {processor.py:914} INFO - Processing file /home/airflow/.local/lib/python3.12/site-packages/airflow/example_dags/example_sensor_decorator.py for tasks to queue
[2026-08-12T05:01:32.172+0000] {logging_mixin.py:190} INFO - [2026-08-12T05:01:32.172+0000] {dagbag.py:587} INFO - Filling up the DagBag from /home/airflow/.local/lib/python3.12/site-packages/airflow/example_dags/example_sensor_decorator.py
[2026-08-12T05:01:32.182+0000] {processor.py:925} INFO - DAG(s) 'example_sensor_decorator' retrieved from /home/airflow/.local/lib/python3.12/site-packages/airflow/example_dags/example_sensor_decorator.py
[2026-08-12T05:01:32.207+0000] {logging_mixin.py:190} INFO - [2026-08-12T05:01:32.207+0000] {dag.py:3211} INFO - Sync 1 DAGs
[2026-08-12T05:01:32.224+0000] {logging_mixin.py:190} INFO - [2026-08-12T05:01:32.223+0000] {dag.py:4138} INFO - Setting next_dagrun for example_sensor_decorator to None, run_after=None
[2026-08-12T05:01:32.245+0000] {processor.py:208} INFO - Processing /home/airflow/.local/lib/python3.12/site-packages/airflow/example_dags/example_sensor_decorator.py took 0.088 seconds
[2026-08-12T05:02:02.755+0000] {processor.py:186} INFO - Started process (PID=3629) to work on /home/airflow/.local/lib/python3.12/site-packages/airflow/example_dags/example_sensor_decorator.py
[2026-08-12T05:02:02.757+0000] {processor.py:914} INFO - Processing file /home/airflow/.local/lib/python3.12/site-packages/airflow/example_dags/example_sensor_decorator.py for tasks to queue
[2026-08-12T05:02:02.760+0000] {logging_mixin.py:190} INFO - [2026-08-12T05:02:02.760+0000] {dagbag.py:587} INFO - Filling up the DagBag from /home/airflow/.local/lib/python3.12/site-packages/airflow/example_dags/example_sensor_decorator.py
[2026-08-12T05:02:02.769+0000] {processor.py:925} INFO - DAG(s) 'example_sensor_decorator' retrieved from /home/airflow/.local/lib/python3.12/site-packages/airflow/example_dags/example_sensor_decorator.py
[2026-08-12T05:02:02.792+0000] {logging_mixin.py:190} INFO - [2026-08-12T05:02:02.791+0000] {dag.py:3211} INFO - Sync 1 DAGs
[2026-08-12T05:02:02.809+0000] {logging_mixin.py:190} INFO - [2026-08-12T05:02:02.808+0000] {dag.py:4138} INFO - Setting next_dagrun for example_sensor_decorator to None, run_after=None
[2026-08-12T05:02:02.834+0000] {processor.py:208} INFO - Processing /home/airflow/.local/lib/python3.12/site-packages/airflow/example_dags/example_sensor_decorator.py took 0.085 seconds
[2026-08-12T05:02:33.508+0000] {processor.py:186} INFO - Started process (PID=3692) to work on /home/airflow/.local/lib/python3.12/site-packages/airflow/example_dags/example_sensor_decorator.py
[2026-08-12T05:02:33.510+0000] {processor.py:914} INFO - Processing file /home/airflow/.local/lib/python3.12/site-packages/airflow/example_dags/example_sensor_decorator.py for tasks to queue
[2026-08-12T05:02:33.514+0000] {logging_mixin.py:190} INFO - [2026-08-12T05:02:33.514+0000] {dagbag.py:587} INFO - Filling up the DagBag from /home/airflow/.local/lib/python3.12/site-packages/airflow/example_dags/example_sensor_decorator.py
[2026-08-12T05:02:33.523+0000] {processor.py:925} INFO - DAG(s) 'example_sensor_decorator' retrieved from /home/airflow/.local/lib/python3.12/site-packages/airflow/example_dags/example_sensor_decorator.py
[2026-08-12T05:02:33.549+0000] {logging_mixin.py:190} INFO - [2026-08-12T05:02:33.549+0000] {dag.py:3211} INFO - Sync 1 DAGs
[2026-08-12T05:02:33.567+0000] {logging_mixin.py:190} INFO - [2026-08-12T05:02:33.566+0000] {dag.py:4138} INFO - Setting next_dagrun for example_sensor_decorator to None, run_after=None
[2026-08-12T05:02:33.592+0000] {processor.py:208} INFO - Processing /home/airflow/.local/lib/python3.12/site-packages/airflow/example_dags/example_sensor_decorator.py took 0.090 seconds
[2026-08-12T05:03:04.085+0000] {processor.py:186} INFO - Started process (PID=3761) to work on /home/airflow/.local/lib/python3.12/site-packages/airflow/example_dags/example_sensor_decorator.py
[2026-08-12T05:03:04.087+0000] {processor.py:914} INFO - Processing file /home/airflow/.local/lib/python3.12/site-packages/airflow/example_dags/example_sensor_decorator.py for tasks to queue
[2026-08-12T05:03:04.090+0000] {logging_mixin.py:190} INFO - [2026-08-12T05:03:04.090+0000] {dagbag.py:587} INFO - Filling up the DagBag from /home/airflow/.local/lib/python3.12/site-packages/airflow/example_dags/example_sensor_decorator.py
[2026-08-12T05:03:04.099+0000] {processor.py:925} INFO - DAG(s) 'example_sensor_decorator' retrieved from /home/airflow/.local/lib/python3.12/site-packages/airflow/example_dags/example_sensor_decorator.py
[2026-08-12T05:03:04.122+0000] {logging_mixin.py:190} INFO - [2026-08-12T05:03:04.122+0000] {dag.py:3211} INFO - Sync 1 DAGs
[2026-08-12T05:03:04.144+0000] {logging_mixin.py:190} INFO - [2026-08-12T05:03:04.143+0000] {dag.py:4138} INFO - Setting next_dagrun for example_sensor_decorator to None, run_after=None
[2026-08-12T05:03:04.167+0000] {processor.py:208} INFO - Processing /home/airflow/.local/lib/python3.12/site-packages/airflow/example_dags/example_sensor_decorator.py took 0.088 seconds
[2026-08-12T05:03:34.434+0000] {processor.py:186} INFO - Started process (PID=3824) to work on /home/airflow/.local/lib/python3.12/site-packages/airflow/example_dags/example_sensor_decorator.py
[2026-08-12T05:03:34.436+0000] {processor.py:914} INFO - Processing file /home/airflow/.local/lib/python3.12/site-packages/airflow/example_dags/example_sensor_decorator.py for tasks to queue
[2026-08-12T05:03:34.440+0000] {logging_mixin.py:190} INFO - [2026-08-12T05:03:34.440+0000] {dagbag.py:587} INFO - Filling up the DagBag from /home/airflow/.local/lib/python3.12/site-packages/airflow/example_dags/example_sensor_decorator.py
[2026-08-12T05:03:34.450+0000] {processor.py:925} INFO - DAG(s) 'example_sensor_decorator' retrieved from /home/airflow/.local/lib/python3.12/site-packages/airflow/example_dags/example_sensor_decorator.py
[2026-08-12T05:03:34.475+0000] {logging_mixin.py:190} INFO - [2026-08-12T05:03:34.474+0000] {dag.py:3211} INFO - Sync 1 DAGs
[2026-08-12T05:03:34.491+0000] {logging_mixin.py:190} INFO - [2026-08-12T05:03:34.491+0000] {dag.py:4138} INFO - Setting next_dagrun for example_sensor_decorator to None, run_after=None
[2026-08-12T05:03:34.512+0000] {processor.py:208} INFO - Processing /home/airflow/.local/lib/python3.12/site-packages/airflow/example_dags/example_sensor_decorator.py took 0.086 seconds
[2026-08-12T05:04:04.858+0000] {processor.py:186} INFO - Started process (PID=3888) to work on /home/airflow/.local/lib/python3.12/site-packages/airflow/example_dags/example_sensor_decorator.py
[2026-08-12T05:04:04.860+0000] {processor.py:914} INFO - Processing file /home/airflow/.local/lib/python3.12/site-packages/airflow/example_dags/example_sensor_decorator.py for tasks to queue
[2026-08-12T05:04:04.863+0000] {logging_mixin.py:190} INFO - [2026-08-12T05:04:04.863+0000] {dagbag.py:587} INFO - Filling up the DagBag from /home/airflow/.local/lib/python3.12/site-packages/airflow/example_dags/example_sensor_decorator.py
[2026-08-12T05:04:04.873+0000] {processor.py:925} INFO - DAG(s) 'example_sensor_decorator' retrieved from /home/airflow/.local/lib/python3.12/site-packages/airflow/example_dags/example_sensor_decorator.py
[2026-08-12T05:04:04.896+0000] {logging_mixin.py:190} INFO - [2026-08-12T05:04:04.896+0000] {dag.py:3211} INFO - Sync 1 DAGs
[2026-08-12T05:04:04.911+0000] {logging_mixin.py:190} INFO - [2026-08-12T05:04:04.911+0000] {dag.py:4138} INFO - Setting next_dagrun for example_sensor_decorator to None, run_after=None
[2026-08-12T05:04:04.931+0000] {processor.py:208} INFO - Processing /home/airflow/.local/lib/python3.12/site-packages/airflow/example_dags/example_sensor_decorator.py took 0.079 seconds
[2026-08-12T05:04:35.264+0000] {processor.py:186} INFO - Started process (PID=3951) to work on /home/airflow/.local/lib/python3.12/site-packages/airflow/example_dags/example_sensor_decorator.py
[2026-08-12T05:04:35.266+0000] {processor.py:914} INFO - Processing file /home/airflow/.local/lib/python3.12/site-packages/airflow/example_dags/example_sensor_decorator.py for tasks to queue
[2026-08-12T05:04:35.269+0000] {logging_mixin.py:190} INFO - [2026-08-12T05:04:35.269+0000] {dagbag.py:587} INFO - Filling up the DagBag from /home/airflow/.local/lib/python3.12/site-packages/airflow/example_dags/example_sensor_decorator.py
[2026-08-12T05:04:35.277+0000] {processor.py:925} INFO - DAG(s) 'example_sensor_decorator' retrieved from /home/airflow/.local/lib/python3.12/site-packages/airflow/example_dags/example_sensor_decorator.py
[2026-08-12T05:04:35.297+0000] {logging_mixin.py:190} INFO - [2026-08-12T05:04:35.297+0000] {dag.py:3211} INFO - Sync 1 DAGs
[2026-08-12T05:04:35.315+0000] {logging_mixin.py:190} INFO - [2026-08-12T05:04:35.315+0000] {dag.py:4138} INFO - Setting next_dagrun for example_sensor_decorator to None, run_after=None
[2026-08-12T05:04:35.337+0000] {processor.py:208} INFO - Processing /home/airflow/.local/lib/python3.12/site-packages/airflow/example_dags/example_sensor_decorator.py took 0.078 seconds
[2026-08-12T05:05:05.689+0000] {processor.py:186} INFO - Started process (PID=4014) to work on /home/airflow/.local/lib/python3.12/site-packages/airflow/example_dags/example_sensor_decorator.py
[2026-08-12T05:05:05.690+0000] {processor.py:914} INFO - Processing file /home/airflow/.local/lib/python3.12/site-packages/airflow/example_dags/example_sensor_decorator.py for tasks to queue
[2026-08-12T05:05:05.694+0000] {logging_mixin.py:190} INFO - [2026-08-12T05:05:05.694+0000] {dagbag.py:587} INFO - Filling up the DagBag from /home/airflow/.local/lib/python3.12/site-packages/airflow/example_dags/example_sensor_decorator.py
[2026-08-12T05:05:05.703+0000] {processor.py:925} INFO - DAG(s) 'example_sensor_decorator' retrieved from /home/airflow/.local/lib/python3.12/site-packages/airflow/example_dags/example_sensor_decorator.py
[2026-08-12T05:05:05.725+0000] {logging_mixin.py:190} INFO - [2026-08-12T05:05:05.725+0000] {dag.py:3211} INFO - Sync 1 DAGs
[2026-08-12T05:05:05.739+0000] {logging_mixin.py:190} INFO - [2026-08-12T05:05:05.739+0000] {dag.py:4138} INFO - Setting next_dagrun for example_sensor_decorator to None, run_after=None
[2026-08-12T05:05:05.758+0000] {processor.py:208} INFO - Processing /home/airflow/.local/lib/python3.12/site-packages/airflow/example_dags/example_sensor_decorator.py took 0.075 seconds
[2026-08-12T05:05:36.046+0000] {processor.py:186} INFO - Started process (PID=4077) to work on /home/airflow/.local/lib/python3.12/site-packages/airflow/example_dags/example_sensor_decorator.py
[2026-08-12T05:05:36.047+0000] {processor.py:914} INFO - Processing file /home/airflow/.local/lib/python3.12/site-packages/airflow/example_dags/example_sensor_decorator.py for tasks to queue
[2026-08-12T05:05:36.051+0000] {logging_mixin.py:190} INFO - [2026-08-12T05:05:36.050+0000] {dagbag.py:587} INFO - Filling up the DagBag from /home/airflow/.local/lib/python3.12/site-packages/airflow/example_dags/example_sensor_decorator.py
[2026-08-12T05:05:36.059+0000] {processor.py:925} INFO - DAG(s) 'example_sensor_decorator' retrieved from /home/airflow/.local/lib/python3.12/site-packages/airflow/example_dags/example_sensor_decorator.py
[2026-08-12T05:05:36.082+0000] {logging_mixin.py:190} INFO - [2026-08-12T05:05:36.081+0000] {dag.py:3211} INFO - Sync 1 DAGs
[2026-08-12T05:05:36.097+0000] {logging_mixin.py:190} INFO - [2026-08-12T05:05:36.097+0000] {dag.py:4138} INFO - Setting next_dagrun for example_sensor_decorator to None, run_after=None
[2026-08-12T05:05:36.116+0000] {processor.py:208} INFO - Processing /home/airflow/.local/lib/python3.12/site-packages/airflow/example_dags/example_sensor_decorator.py took 0.076 seconds
[2026-08-12T05:06:06.470+0000] {processor.py:186} INFO - Started process (PID=4140) to work on /home/airflow/.local/lib/python3.12/site-packages/airflow/example_dags/example_sensor_decorator.py
[2026-08-12T05:06:06.471+0000] {processor.py:914} INFO - Processing file /home/airflow/.local/lib/python3.12/site-packages/airflow/example_dags/example_sensor_decorator.py for tasks to queue
[2026-08-12T05:06:06.475+0000] {logging_mixin.py:190} INFO - [2026-08-12T05:06:06.475+0000] {dagbag.py:587} INFO - Filling up the DagBag from /home/airflow/.local/lib/python3.12/site-packages/airflow/example_dags/example_sensor_decorator.py
[2026-08-12T05:06:06.483+0000] {processor.py:925} INFO - DAG(s) 'example_sensor_decorator' retrieved from /home/airflow/.local/lib/python3.12/site-packages/airflow/example_dags/example_sensor_decorator.py
[2026-08-12T05:06:06.504+0000] {logging_mixin.py:190} INFO - [2026-08-12T05:06:06.504+0000] {dag.py:3211} INFO - Sync 1 DAGs
[2026-08-12T05:06:06.521+0000] {logging_mixin.py:190} INFO - [2026-08-12T05:06:06.520+0000] {dag.py:4138} INFO - Setting next_dagrun for example_sensor_decorator to None, run_after=None
[2026-08-12T05:06:06.546+0000] {processor.py:208} INFO - Processing /home/airflow/.local/lib/python3.12/site-packages/airflow/example_dags/example_sensor_decorator.py took 0.081 seconds
[2026-08-12T05:06:37.135+0000] {processor.py:186} INFO - Started process (PID=4203) to work on /home/airflow/.local/lib/python3.12/site-packages/airflow/example_dags/example_sensor_decorator.py
[2026-08-12T05:06:37.137+0000] {processor.py:914} INFO - Processing file /home/airflow/.local/lib/python3.12/site-packages/airflow/example_dags/example_sensor_decorator.py for tasks to queue
[2026-08-12T05:06:37.141+0000] {logging_mixin.py:190} INFO - [2026-08-12T05:06:37.140+0000] {dagbag.py:587} INFO - Filling up the DagBag from /home/airflow/.local/lib/python3.12/site-packages/airflow/example_dags/example_sensor_decorator.py
[2026-08-12T05:06:37.150+0000] {processor.py:925} INFO - DAG(s) 'example_sensor_decorator' retrieved from /home/airflow/.local/lib/python3.12/site-packages/airflow/example_dags/example_sensor_decorator.py
[2026-08-12T05:06:37.172+0000] {logging_mixin.py:190} INFO - [2026-08-12T05:06:37.172+0000] {dag.py:3211} INFO - Sync 1 DAGs
[2026-08-12T05:06:37.189+0000] {logging_mixin.py:190} INFO - [2026-08-12T05:06:37.188+0000] {dag.py:4138} INFO - Setting next_dagrun for example_sensor_decorator to None, run_after=None
[2026-08-12T05:06:37.210+0000] {processor.py:208} INFO - Processing /home/airflow/.local/lib/python3.12/site-packages/airflow/example_dags/example_sensor_decorator.py took 0.081 seconds
[2026-08-12T05:07:07.629+0000] {processor.py:186} INFO - Started process (PID=4266) to work on /home/airflow/.local/lib/python3.12/site-packages/airflow/example_dags/example_sensor_decorator.py
[2026-08-12T05:07:07.631+0000] {processor.py:914} INFO - Processing file /home/airflow/.local/lib/python3.12/site-packages/airflow/example_dags/example_sensor_decorator.py for tasks to queue
[2026-08-12T05:07:07.635+0000] {logging_mixin.py:190} INFO - [2026-08-12T05:07:07.635+0000] {dagbag.py:587} INFO - Filling up the DagBag from /home/airflow/.local/lib/python3.12/site-packages/airflow/example_dags/example_sensor_decorator.py
[2026-08-12T05:07:07.645+0000] {processor.py:925} INFO - DAG(s) 'example_sensor_decorator' retrieved from /home/airflow/.local/lib/python3.12/site-packages/airflow/example_dags/example_sensor_decorator.py
[2026-08-12T05:07:07.668+0000] {logging_mixin.py:190} INFO - [2026-08-12T05:07:07.668+0000] {dag.py:3211} INFO - Sync 1 DAGs
[2026-08-12T05:07:07.683+0000] {logging_mixin.py:190} INFO - [2026-08-12T05:07:07.683+0000] {dag.py:4138} INFO - Setting next_dagrun for example_sensor_decorator to None, run_after=None
[2026-08-12T05:07:07.702+0000] {processor.py:208} INFO - Processing /home/airflow/.local/lib/python3.12/site-packages/airflow/example_dags/example_sensor_decorator.py took 0.079 seconds
[2026-08-12T05:07:37.866+0000] {processor.py:186} INFO - Started process (PID=4329) to work on /home/airflow/.local/lib/python3.12/site-packages/airflow/example_dags/example_sensor_decorator.py
[2026-08-12T05:07:37.869+0000] {processor.py:914} INFO - Processing file /home/airflow/.local/lib/python3.12/site-packages/airflow/example_dags/example_sensor_decorator.py for tasks to queue
[2026-08-12T05:07:37.873+0000] {logging_mixin.py:190} INFO - [2026-08-12T05:07:37.872+0000] {dagbag.py:587} INFO - Filling up the DagBag from /home/airflow/.local/lib/python3.12/site-packages/airflow/example_dags/example_sensor_decorator.py
[2026-08-12T05:07:37.882+0000] {processor.py:925} INFO - DAG(s) 'example_sensor_decorator' retrieved from /home/airflow/.local/lib/python3.12/site-packages/airflow/example_dags/example_sensor_decorator.py
[2026-08-12T05:07:37.904+0000] {logging_mixin.py:190} INFO - [2026-08-12T05:07:37.904+0000] {dag.py:3211} INFO - Sync 1 DAGs
[2026-08-12T05:07:37.931+0000] {logging_mixin.py:190} INFO - [2026-08-12T05:07:37.930+0000] {dag.py:4138} INFO - Setting next_dagrun for example_sensor_decorator to None, run_after=None
[2026-08-12T05:07:37.952+0000] {processor.py:208} INFO - Processing /home/airflow/.local/lib/python3.12/site-packages/airflow/example_dags/example_sensor_decorator.py took 0.090 seconds
[2026-08-12T05:08:08.420+0000] {processor.py:186} INFO - Started process (PID=4392) to work on /home/airflow/.local/lib/python3.12/site-packages/airflow/example_dags/example_sensor_decorator.py
[2026-08-12T05:08:08.422+0000] {processor.py:914} INFO - Processing file /home/airflow/.local/lib/python3.12/site-packages/airflow/example_dags/example_sensor_decorator.py for tasks to queue
[2026-08-12T05:08:08.426+0000] {logging_mixin.py:190} INFO - [2026-08-12T05:08:08.425+0000] {dagbag.py:587} INFO - Filling up the DagBag from /home/airflow/.local/lib/python3.12/site-packages/airflow/example_dags/example_sensor_decorator.py
[2026-08-12T05:08:08.435+0000] {processor.py:925} INFO - DAG(s) 'example_sensor_decorator' retrieved from /home/airflow/.local/lib/python3.12/site-packages/airflow/example_dags/example_sensor_decorator.py
[2026-08-12T05:08:08.461+0000] {logging_mixin.py:190} INFO - [2026-08-12T05:08:08.460+0000] {dag.py:3211} INFO - Sync 1 DAGs
[2026-08-12T05:08:08.476+0000] {logging_mixin.py:190} INFO - [2026-08-12T05:08:08.476+0000] {dag.py:4138} INFO - Setting next_dagrun for example_sensor_decorator to None, run_after=None
[2026-08-12T05:08:08.497+0000] {processor.py:208} INFO - Processing /home/airflow/.local/lib/python3.12/site-packages/airflow/example_dags/example_sensor_decorator.py took 0.083 seconds
[2026-08-12T05:08:39.173+0000] {processor.py:186} INFO - Started process (PID=4455) to work on /home/airflow/.local/lib/python3.12/site-packages/airflow/example_dags/example_sensor_decorator.py
[2026-08-12T05:08:39.175+0000] {processor.py:914} INFO - Processing file /home/airflow/.local/lib/python3.12/site-packages/airflow/example_dags/example_sensor_decorator.py for tasks to queue
[2026-08-12T05:08:39.181+0000] {logging_mixin.py:190} INFO - [2026-08-12T05:08:39.179+0000] {dagbag.py:587} INFO - Filling up the DagBag from /home/airflow/.local/lib/python3.12/site-packages/airflow/example_dags/example_sensor_decorator.py
[2026-08-12T05:08:39.196+0000] {processor.py:925} INFO - DAG(s) 'example_sensor_decorator' retrieved from /home/airflow/.local/lib/python3.12/site-packages/airflow/example_dags/example_sensor_decorator.py
[2026-08-12T05:08:39.229+0000] {logging_mixin.py:190} INFO - [2026-08-12T05:08:39.228+0000] {dag.py:3211} INFO - Sync 1 DAGs
[2026-08-12T05:08:39.251+0000] {logging_mixin.py:190} INFO - [2026-08-12T05:08:39.251+0000] {dag.py:4138} INFO - Setting next_dagrun for example_sensor_decorator to None, run_after=None
[2026-08-12T05:08:39.273+0000] {processor.py:208} INFO - Processing /home/airflow/.local/lib/python3.12/site-packages/airflow/example_dags/example_sensor_decorator.py took 0.112 seconds
[2026-08-12T05:09:09.435+0000] {processor.py:186} INFO - Started process (PID=4518) to work on /home/airflow/.local/lib/python3.12/site-packages/airflow/example_dags/example_sensor_decorator.py
[2026-08-12T05:09:09.436+0000] {processor.py:914} INFO - Processing file /home/airflow/.local/lib/python3.12/site-packages/airflow/example_dags/example_sensor_decorator.py for tasks to queue
[2026-08-12T05:09:09.439+0000] {logging_mixin.py:190} INFO - [2026-08-12T05:09:09.439+0000] {dagbag.py:587} INFO - Filling up the DagBag from /home/airflow/.local/lib/python3.12/site-packages/airflow/example_dags/example_sensor_decorator.py
[2026-08-12T05:09:09.448+0000] {processor.py:925} INFO - DAG(s) 'example_sensor_decorator' retrieved from /home/airflow/.local/lib/python3.12/site-packages/airflow/example_dags/example_sensor_decorator.py
[2026-08-12T05:09:09.469+0000] {logging_mixin.py:190} INFO - [2026-08-12T05:09:09.469+0000] {dag.py:3211} INFO - Sync 1 DAGs
[2026-08-12T05:09:09.485+0000] {logging_mixin.py:190} INFO - [2026-08-12T05:09:09.484+0000] {dag.py:4138} INFO - Setting next_dagrun for example_sensor_decorator to None, run_after=None
[2026-08-12T05:09:09.505+0000] {processor.py:208} INFO - Processing /home/airflow/.local/lib/python3.12/site-packages/airflow/example_dags/example_sensor_decorator.py took 0.076 seconds
[2026-08-12T05:09:40.024+0000] {processor.py:186} INFO - Started process (PID=4581) to work on /home/airflow/.local/lib/python3.12/site-packages/airflow/example_dags/example_sensor_decorator.py
[2026-08-12T05:09:40.027+0000] {processor.py:914} INFO - Processing file /home/airflow/.local/lib/python3.12/site-packages/airflow/example_dags/example_sensor_decorator.py for tasks to queue
[2026-08-12T05:09:40.033+0000] {logging_mixin.py:190} INFO - [2026-08-12T05:09:40.032+0000] {dagbag.py:587} INFO - Filling up the DagBag from /home/airflow/.local/lib/python3.12/site-packages/airflow/example_dags/example_sensor_decorator.py
[2026-08-12T05:09:40.050+0000] {processor.py:925} INFO - DAG(s) 'example_sensor_decorator' retrieved from /home/airflow/.local/lib/python3.12/site-packages/airflow/example_dags/example_sensor_decorator.py
[2026-08-12T05:09:40.084+0000] {logging_mixin.py:190} INFO - [2026-08-12T05:09:40.084+0000] {dag.py:3211} INFO - Sync 1 DAGs
[2026-08-12T05:09:40.107+0000] {logging_mixin.py:190} INFO - [2026-08-12T05:09:40.107+0000] {dag.py:4138} INFO - Setting next_dagrun for example_sensor_decorator to None, run_after=None
[2026-08-12T05:09:40.135+0000] {processor.py:208} INFO - Processing /home/airflow/.local/lib/python3.12/site-packages/airflow/example_dags/example_sensor_decorator.py took 0.122 seconds
[2026-08-12T05:10:10.629+0000] {processor.py:186} INFO - Started process (PID=4644) to work on /home/airflow/.local/lib/python3.12/site-packages/airflow/example_dags/example_sensor_decorator.py
[2026-08-12T05:10:10.630+0000] {processor.py:914} INFO - Processing file /home/airflow/.local/lib/python3.12/site-packages/airflow/example_dags/example_sensor_decorator.py for tasks to queue
[2026-08-12T05:10:10.635+0000] {logging_mixin.py:190} INFO - [2026-08-12T05:10:10.634+0000] {dagbag.py:587} INFO - Filling up the DagBag from /home/airflow/.local/lib/python3.12/site-packages/airflow/example_dags/example_sensor_decorator.py
[2026-08-12T05:10:10.644+0000] {processor.py:925} INFO - DAG(s) 'example_sensor_decorator' retrieved from /home/airflow/.local/lib/python3.12/site-packages/airflow/example_dags/example_sensor_decorator.py
[2026-08-12T05:10:10.672+0000] {logging_mixin.py:190} INFO - [2026-08-12T05:10:10.672+0000] {dag.py:3211} INFO - Sync 1 DAGs
[2026-08-12T05:10:10.687+0000] {logging_mixin.py:190} INFO - [2026-08-12T05:10:10.687+0000] {dag.py:4138} INFO - Setting next_dagrun for example_sensor_decorator to None, run_after=None
[2026-08-12T05:10:10.713+0000] {processor.py:208} INFO - Processing /home/airflow/.local/lib/python3.12/site-packages/airflow/example_dags/example_sensor_decorator.py took 0.090 seconds
[2026-08-12T05:10:41.384+0000] {processor.py:186} INFO - Started process (PID=4707) to work on /home/airflow/.local/lib/python3.12/site-packages/airflow/example_dags/example_sensor_decorator.py
[2026-08-12T05:10:41.386+0000] {processor.py:914} INFO - Processing file /home/airflow/.local/lib/python3.12/site-packages/airflow/example_dags/example_sensor_decorator.py for tasks to queue
[2026-08-12T05:10:41.389+0000] {logging_mixin.py:190} INFO - [2026-08-12T05:10:41.388+0000] {dagbag.py:587} INFO - Filling up the DagBag from /home/airflow/.local/lib/python3.12/site-packages/airflow/example_dags/example_sensor_decorator.py
[2026-08-12T05:10:41.398+0000] {processor.py:925} INFO - DAG(s) 'example_sensor_decorator' retrieved from /home/airflow/.local/lib/python3.12/site-packages/airflow/example_dags/example_sensor_decorator.py
[2026-08-12T05:10:41.422+0000] {logging_mixin.py:190} INFO - [2026-08-12T05:10:41.422+0000] {dag.py:3211} INFO - Sync 1 DAGs
[2026-08-12T05:10:41.438+0000] {logging_mixin.py:190} INFO - [2026-08-12T05:10:41.437+0000] {dag.py:4138} INFO - Setting next_dagrun for example_sensor_decorator to None, run_after=None
[2026-08-12T05:10:41.459+0000] {processor.py:208} INFO - Processing /home/airflow/.local/lib/python3.12/site-packages/airflow/example_dags/example_sensor_decorator.py took 0.081 seconds
[2026-08-12T05:11:11.703+0000] {processor.py:186} INFO - Started process (PID=4770) to work on /home/airflow/.local/lib/python3.12/site-packages/airflow/example_dags/example_sensor_decorator.py
[2026-08-12T05:11:11.705+0000] {processor.py:914} INFO - Processing file /home/airflow/.local/lib/python3.12/site-packages/airflow/example_dags/example_sensor_decorator.py for tasks to queue
[2026-08-12T05:11:11.708+0000] {logging_mixin.py:190} INFO - [2026-08-12T05:11:11.708+0000] {dagbag.py:587} INFO - Filling up the DagBag from /home/airflow/.local/lib/python3.12/site-packages/airflow/example_dags/example_sensor_decorator.py
[2026-08-12T05:11:11.716+0000] {processor.py:925} INFO - DAG(s) 'example_sensor_decorator' retrieved from /home/airflow/.local/lib/python3.12/site-packages/airflow/example_dags/example_sensor_decorator.py
[2026-08-12T05:11:11.738+0000] {logging_mixin.py:190} INFO - [2026-08-12T05:11:11.738+0000] {dag.py:3211} INFO - Sync 1 DAGs
[2026-08-12T05:11:11.754+0000] {logging_mixin.py:190} INFO - [2026-08-12T05:11:11.754+0000] {dag.py:4138} INFO - Setting next_dagrun for example_sensor_decorator to None, run_after=None
[2026-08-12T05:11:11.777+0000] {processor.py:208} INFO - Processing /home/airflow/.local/lib/python3.12/site-packages/airflow/example_dags/example_sensor_decorator.py took 0.080 seconds
[2026-08-12T05:11:42.284+0000] {processor.py:186} INFO - Started process (PID=4833) to work on /home/airflow/.local/lib/python3.12/site-packages/airflow/example_dags/example_sensor_decorator.py
[2026-08-12T05:11:42.286+0000] {processor.py:914} INFO - Processing file /home/airflow/.local/lib/python3.12/site-packages/airflow/example_dags/example_sensor_decorator.py for tasks to queue
[2026-08-12T05:11:42.289+0000] {logging_mixin.py:190} INFO - [2026-08-12T05:11:42.288+0000] {dagbag.py:587} INFO - Filling up the DagBag from /home/airflow/.local/lib/python3.12/site-packages/airflow/example_dags/example_sensor_decorator.py
[2026-08-12T05:11:42.298+0000] {processor.py:925} INFO - DAG(s) 'example_sensor_decorator' retrieved from /home/airflow/.local/lib/python3.12/site-packages/airflow/example_dags/example_sensor_decorator.py
[2026-08-12T05:11:42.325+0000] {logging_mixin.py:190} INFO - [2026-08-12T05:11:42.324+0000] {dag.py:3211} INFO - Sync 1 DAGs
[2026-08-12T05:11:42.342+0000] {logging_mixin.py:190} INFO - [2026-08-12T05:11:42.341+0000] {dag.py:4138} INFO - Setting next_dagrun for example_sensor_decorator to None, run_after=None
[2026-08-12T05:11:42.361+0000] {processor.py:208} INFO - Processing /home/airflow/.local/lib/python3.12/site-packages/airflow/example_dags/example_sensor_decorator.py took 0.083 seconds
[2026-08-12T05:12:12.806+0000] {processor.py:186} INFO - Started process (PID=4896) to work on /home/airflow/.local/lib/python3.12/site-packages/airflow/example_dags/example_sensor_decorator.py
[2026-08-12T05:12:12.809+0000] {processor.py:914} INFO - Processing file /home/airflow/.local/lib/python3.12/site-packages/airflow/example_dags/example_sensor_decorator.py for tasks to queue
[2026-08-12T05:12:12.814+0000] {logging_mixin.py:190} INFO - [2026-08-12T05:12:12.813+0000] {dagbag.py:587} INFO - Filling up the DagBag from /home/airflow/.local/lib/python3.12/site-packages/airflow/example_dags/example_sensor_decorator.py
[2026-08-12T05:12:12.827+0000] {processor.py:925} INFO - DAG(s) 'example_sensor_decorator' retrieved from /home/airflow/.local/lib/python3.12/site-packages/airflow/example_dags/example_sensor_decorator.py
[2026-08-12T05:12:12.851+0000] {logging_mixin.py:190} INFO - [2026-08-12T05:12:12.850+0000] {dag.py:3211} INFO - Sync 1 DAGs
[2026-08-12T05:12:12.866+0000] {logging_mixin.py:190} INFO - [2026-08-12T05:12:12.866+0000] {dag.py:4138} INFO - Setting next_dagrun for example_sensor_decorator to None, run_after=None
[2026-08-12T05:12:12.886+0000] {processor.py:208} INFO - Processing /home/airflow/.local/lib/python3.12/site-packages/airflow/example_dags/example_sensor_decorator.py took 0.089 seconds
[2026-08-12T05:12:43.730+0000] {processor.py:186} INFO - Started process (PID=4959) to work on /home/airflow/.local/lib/python3.12/site-packages/airflow/example_dags/example_sensor_decorator.py
[2026-08-12T05:12:43.731+0000] {processor.py:914} INFO - Processing file /home/airflow/.local/lib/python3.12/site-packages/airflow/example_dags/example_sensor_decorator.py for tasks to queue
[2026-08-12T05:12:43.734+0000] {logging_mixin.py:190} INFO - [2026-08-12T05:12:43.734+0000] {dagbag.py:587} INFO - Filling up the DagBag from /home/airflow/.local/lib/python3.12/site-packages/airflow/example_dags/example_sensor_decorator.py
[2026-08-12T05:12:43.744+0000] {processor.py:925} INFO - DAG(s) 'example_sensor_decorator' retrieved from /home/airflow/.local/lib/python3.12/site-packages/airflow/example_dags/example_sensor_decorator.py
[2026-08-12T05:12:43.765+0000] {logging_mixin.py:190} INFO - [2026-08-12T05:12:43.765+0000] {dag.py:3211} INFO - Sync 1 DAGs
[2026-08-12T05:12:43.781+0000] {logging_mixin.py:190} INFO - [2026-08-12T05:12:43.781+0000] {dag.py:4138} INFO - Setting next_dagrun for example_sensor_decorator to None, run_after=None
[2026-08-12T05:12:43.807+0000] {processor.py:208} INFO - Processing /home/airflow/.local/lib/python3.12/site-packages/airflow/example_dags/example_sensor_decorator.py took 0.083 seconds
[2026-08-12T05:13:14.063+0000] {processor.py:186} INFO - Started process (PID=5022) to work on /home/airflow/.local/lib/python3.12/site-packages/airflow/example_dags/example_sensor_decorator.py
[2026-08-12T05:13:14.064+0000] {processor.py:914} INFO - Processing file /home/airflow/.local/lib/python3.12/site-packages/airflow/example_dags/example_sensor_decorator.py for tasks to queue
[2026-08-12T05:13:14.067+0000] {logging_mixin.py:190} INFO - [2026-08-12T05:13:14.067+0000] {dagbag.py:587} INFO - Filling up the DagBag from /home/airflow/.local/lib/python3.12/site-packages/airflow/example_dags/example_sensor_decorator.py
[2026-08-12T05:13:14.076+0000] {processor.py:925} INFO - DAG(s) 'example_sensor_decorator' retrieved from /home/airflow/.local/lib/python3.12/site-packages/airflow/example_dags/example_sensor_decorator.py
[2026-08-12T05:13:14.099+0000] {logging_mixin.py:190} INFO - [2026-08-12T05:13:14.098+0000] {dag.py:3211} INFO - Sync 1 DAGs
[2026-08-12T05:13:14.114+0000] {logging_mixin.py:190} INFO - [2026-08-12T05:13:14.114+0000] {dag.py:4138} INFO - Setting next_dagrun for example_sensor_decorator to None, run_after=None
[2026-08-12T05:13:14.136+0000] {processor.py:208} INFO - Processing /home/airflow/.local/lib/python3.12/site-packages/airflow/example_dags/example_sensor_decorator.py took 0.079 seconds
[2026-08-12T05:13:44.536+0000] {processor.py:186} INFO - Started process (PID=5085) to work on /home/airflow/.local/lib/python3.12/site-packages/airflow/example_dags/example_sensor_decorator.py
[2026-08-12T05:13:44.538+0000] {processor.py:914} INFO - Processing file /home/airflow/.local/lib/python3.12/site-packages/airflow/example_dags/example_sensor_decorator.py for tasks to queue
[2026-08-12T05:13:44.541+0000] {logging_mixin.py:190} INFO - [2026-08-12T05:13:44.541+0000] {dagbag.py:587} INFO - Filling up the DagBag from /home/airflow/.local/lib/python3.12/site-packages/airflow/example_dags/example_sensor_decorator.py
[2026-08-12T05:13:44.550+0000] {processor.py:925} INFO - DAG(s) 'example_sensor_decorator' retrieved from /home/airflow/.local/lib/python3.12/site-packages/airflow/example_dags/example_sensor_decorator.py
[2026-08-12T05:13:44.571+0000] {logging_mixin.py:190} INFO - [2026-08-12T05:13:44.571+0000] {dag.py:3211} INFO - Sync 1 DAGs
[2026-08-12T05:13:44.587+0000] {logging_mixin.py:190} INFO - [2026-08-12T05:13:44.586+0000] {dag.py:4138} INFO - Setting next_dagrun for example_sensor_decorator to None, run_after=None
[2026-08-12T05:13:44.610+0000] {processor.py:208} INFO - Processing /home/airflow/.local/lib/python3.12/site-packages/airflow/example_dags/example_sensor_decorator.py took 0.080 seconds
[2026-08-12T05:14:15.088+0000] {processor.py:186} INFO - Started process (PID=5148) to work on /home/airflow/.local/lib/python3.12/site-packages/airflow/example_dags/example_sensor_decorator.py
[2026-08-12T05:14:15.090+0000] {processor.py:914} INFO - Processing file /home/airflow/.local/lib/python3.12/site-packages/airflow/example_dags/example_sensor_decorator.py for tasks to queue
[2026-08-12T05:14:15.093+0000] {logging_mixin.py:190} INFO - [2026-08-12T05:14:15.093+0000] {dagbag.py:587} INFO - Filling up the DagBag from /home/airflow/.local/lib/python3.12/site-packages/airflow/example_dags/example_sensor_decorator.py
[2026-08-12T05:14:15.104+0000] {processor.py:925} INFO - DAG(s) 'example_sensor_decorator' retrieved from /home/airflow/.local/lib/python3.12/site-packages/airflow/example_dags/example_sensor_decorator.py
[2026-08-12T05:14:15.127+0000] {logging_mixin.py:190} INFO - [2026-08-12T05:14:15.126+0000] {dag.py:3211} INFO - Sync 1 DAGs
[2026-08-12T05:14:15.140+0000] {logging_mixin.py:190} INFO - [2026-08-12T05:14:15.140+0000] {dag.py:4138} INFO - Setting next_dagrun for example_sensor_decorator to None, run_after=None
[2026-08-12T05:14:15.160+0000] {processor.py:208} INFO - Processing /home/airflow/.local/lib/python3.12/site-packages/airflow/example_dags/example_sensor_decorator.py took 0.079 seconds
[2026-08-12T05:14:45.601+0000] {processor.py:186} INFO - Started process (PID=5211) to work on /home/airflow/.local/lib/python3.12/site-packages/airflow/example_dags/example_sensor_decorator.py
[2026-08-12T05:14:45.603+0000] {processor.py:914} INFO - Processing file /home/airflow/.local/lib/python3.12/site-packages/airflow/example_dags/example_sensor_decorator.py for tasks to queue
[2026-08-12T05:14:45.607+0000] {logging_mixin.py:190} INFO - [2026-08-12T05:14:45.607+0000] {dagbag.py:587} INFO - Filling up the DagBag from /home/airflow/.local/lib/python3.12/site-packages/airflow/example_dags/example_sensor_decorator.py
[2026-08-12T05:14:45.620+0000] {processor.py:925} INFO - DAG(s) 'example_sensor_decorator' retrieved from /home/airflow/.local/lib/python3.12/site-packages/airflow/example_dags/example_sensor_decorator.py
[2026-08-12T05:14:45.644+0000] {logging_mixin.py:190} INFO - [2026-08-12T05:14:45.644+0000] {dag.py:3211} INFO - Sync 1 DAGs
[2026-08-12T05:14:45.661+0000] {logging_mixin.py:190} INFO - [2026-08-12T05:14:45.660+0000] {dag.py:4138} INFO - Setting next_dagrun for example_sensor_decorator to None, run_after=None
[2026-08-12T05:14:45.681+0000] {processor.py:208} INFO - Processing /home/airflow/.local/lib/python3.12/site-packages/airflow/example_dags/example_sensor_decorator.py took 0.091 seconds
[2026-08-12T05:15:16.355+0000] {processor.py:186} INFO - Started process (PID=5274) to work on /home/airflow/.local/lib/python3.12/site-packages/airflow/example_dags/example_sensor_decorator.py
[2026-08-12T05:15:16.357+0000] {processor.py:914} INFO - Processing file /home/airflow/.local/lib/python3.12/site-packages/airflow/example_dags/example_sensor_decorator.py for tasks to queue
[2026-08-12T05:15:16.361+0000] {logging_mixin.py:190} INFO - [2026-08-12T05:15:16.360+0000] {dagbag.py:587} INFO - Filling up the DagBag from /home/airflow/.local/lib/python3.12/site-packages/airflow/example_dags/example_sensor_decorator.py
[2026-08-12T05:15:16.370+0000] {processor.py:925} INFO - DAG(s) 'example_sensor_decorator' retrieved from /home/airflow/.local/lib/python3.12/site-packages/airflow/example_dags/example_sensor_decorator.py
[2026-08-12T05:15:16.391+0000] {logging_mixin.py:190} INFO - [2026-08-12T05:15:16.391+0000] {dag.py:3211} INFO - Sync 1 DAGs
[2026-08-12T05:15:16.409+0000] {logging_mixin.py:190} INFO - [2026-08-12T05:15:16.408+0000] {dag.py:4138} INFO - Setting next_dagrun for example_sensor_decorator to None, run_after=None
[2026-08-12T05:15:16.439+0000] {processor.py:208} INFO - Processing /home/airflow/.local/lib/python3.12/site-packages/airflow/example_dags/example_sensor_decorator.py took 0.089 seconds
[2026-08-12T05:15:46.754+0000] {processor.py:186} INFO - Started process (PID=5337) to work on /home/airflow/.local/lib/python3.12/site-packages/airflow/example_dags/example_sensor_decorator.py
[2026-08-12T05:15:46.756+0000] {processor.py:914} INFO - Processing file /home/airflow/.local/lib/python3.12/site-packages/airflow/example_dags/example_sensor_decorator.py for tasks to queue
[2026-08-12T05:15:46.759+0000] {logging_mixin.py:190} INFO - [2026-08-12T05:15:46.759+0000] {dagbag.py:587} INFO - Filling up the DagBag from /home/airflow/.local/lib/python3.12/site-packages/airflow/example_dags/example_sensor_decorator.py
[2026-08-12T05:15:46.768+0000] {processor.py:925} INFO - DAG(s) 'example_sensor_decorator' retrieved from /home/airflow/.local/lib/python3.12/site-packages/airflow/example_dags/example_sensor_decorator.py
[2026-08-12T05:15:46.788+0000] {logging_mixin.py:190} INFO - [2026-08-12T05:15:46.788+0000] {dag.py:3211} INFO - Sync 1 DAGs
[2026-08-12T05:15:46.803+0000] {logging_mixin.py:190} INFO - [2026-08-12T05:15:46.803+0000] {dag.py:4138} INFO - Setting next_dagrun for example_sensor_decorator to None, run_after=None
[2026-08-12T05:15:46.824+0000] {processor.py:208} INFO - Processing /home/airflow/.local/lib/python3.12/site-packages/airflow/example_dags/example_sensor_decorator.py took 0.076 seconds
[2026-08-12T05:16:17.493+0000] {processor.py:186} INFO - Started process (PID=5400) to work on /home/airflow/.local/lib/python3.12/site-packages/airflow/example_dags/example_sensor_decorator.py
[2026-08-12T05:16:17.495+0000] {processor.py:914} INFO - Processing file /home/airflow/.local/lib/python3.12/site-packages/airflow/example_dags/example_sensor_decorator.py for tasks to queue
[2026-08-12T05:16:17.499+0000] {logging_mixin.py:190} INFO - [2026-08-12T05:16:17.498+0000] {dagbag.py:587} INFO - Filling up the DagBag from /home/airflow/.local/lib/python3.12/site-packages/airflow/example_dags/example_sensor_decorator.py
[2026-08-12T05:16:17.507+0000] {processor.py:925} INFO - DAG(s) 'example_sensor_decorator' retrieved from /home/airflow/.local/lib/python3.12/site-packages/airflow/example_dags/example_sensor_decorator.py
[2026-08-12T05:16:17.529+0000] {logging_mixin.py:190} INFO - [2026-08-12T05:16:17.528+0000] {dag.py:3211} INFO - Sync 1 DAGs
[2026-08-12T05:16:17.544+0000] {logging_mixin.py:190} INFO - [2026-08-12T05:16:17.544+0000] {dag.py:4138} INFO - Setting next_dagrun for example_sensor_decorator to None, run_after=None
[2026-08-12T05:16:17.565+0000] {processor.py:208} INFO - Processing /home/airflow/.local/lib/python3.12/site-packages/airflow/example_dags/example_sensor_decorator.py took 0.078 seconds
[2026-08-12T05:16:48.028+0000] {processor.py:186} INFO - Started process (PID=5463) to work on /home/airflow/.local/lib/python3.12/site-packages/airflow/example_dags/example_sensor_decorator.py
[2026-08-12T05:16:48.030+0000] {processor.py:914} INFO - Processing file /home/airflow/.local/lib/python3.12/site-packages/airflow/example_dags/example_sensor_decorator.py for tasks to queue
[2026-08-12T05:16:48.033+0000] {logging_mixin.py:190} INFO - [2026-08-12T05:16:48.032+0000] {dagbag.py:587} INFO - Filling up the DagBag from /home/airflow/.local/lib/python3.12/site-packages/airflow/example_dags/example_sensor_decorator.py
[2026-08-12T05:16:48.041+0000] {processor.py:925} INFO - DAG(s) 'example_sensor_decorator' retrieved from /home/airflow/.local/lib/python3.12/site-packages/airflow/example_dags/example_sensor_decorator.py
[2026-08-12T05:16:48.062+0000] {logging_mixin.py:190} INFO - [2026-08-12T05:16:48.061+0000] {dag.py:3211} INFO - Sync 1 DAGs
[2026-08-12T05:16:48.077+0000] {logging_mixin.py:190} INFO - [2026-08-12T05:16:48.077+0000] {dag.py:4138} INFO - Setting next_dagrun for example_sensor_decorator to None, run_after=None
[2026-08-12T05:16:48.106+0000] {processor.py:208} INFO - Processing /home/airflow/.local/lib/python3.12/site-packages/airflow/example_dags/example_sensor_decorator.py took 0.083 seconds
[2026-08-12T05:17:18.428+0000] {processor.py:186} INFO - Started process (PID=5526) to work on /home/airflow/.local/lib/python3.12/site-packages/airflow/example_dags/example_sensor_decorator.py
[2026-08-12T05:17:18.430+0000] {processor.py:914} INFO - Processing file /home/airflow/.local/lib/python3.12/site-packages/airflow/example_dags/example_sensor_decorator.py for tasks to queue
[2026-08-12T05:17:18.434+0000] {logging_mixin.py:190} INFO - [2026-08-12T05:17:18.433+0000] {dagbag.py:587} INFO - Filling up the DagBag from /home/airflow/.local/lib/python3.12/site-packages/airflow/example_dags/example_sensor_decorator.py
[2026-08-12T05:17:18.445+0000] {processor.py:925} INFO - DAG(s) 'example_sensor_decorator' retrieved from /home/airflow/.local/lib/python3.12/site-packages/airflow/example_dags/example_sensor_decorator.py
[2026-08-12T05:17:18.481+0000] {logging_mixin.py:190} INFO - [2026-08-12T05:17:18.481+0000] {dag.py:3211} INFO - Sync 1 DAGs
[2026-08-12T05:17:18.500+0000] {logging_mixin.py:190} INFO - [2026-08-12T05:17:18.499+0000] {dag.py:4138} INFO - Setting next_dagrun for example_sensor_decorator to None, run_after=None
[2026-08-12T05:17:18.520+0000] {processor.py:208} INFO - Processing /home/airflow/.local/lib/python3.12/site-packages/airflow/example_dags/example_sensor_decorator.py took 0.099 seconds
[2026-08-12T05:17:49.177+0000] {processor.py:186} INFO - Started process (PID=5589) to work on /home/airflow/.local/lib/python3.12/site-packages/airflow/example_dags/example_sensor_decorator.py
[2026-08-12T05:17:49.179+0000] {processor.py:914} INFO - Processing file /home/airflow/.local/lib/python3.12/site-packages/airflow/example_dags/example_sensor_decorator.py for tasks to queue
[2026-08-12T05:17:49.186+0000] {logging_mixin.py:190} INFO - [2026-08-12T05:17:49.185+0000] {dagbag.py:587} INFO - Filling up the DagBag from /home/airflow/.local/lib/python3.12/site-packages/airflow/example_dags/example_sensor_decorator.py
[2026-08-12T05:17:49.198+0000] {processor.py:925} INFO - DAG(s) 'example_sensor_decorator' retrieved from /home/airflow/.local/lib/python3.12/site-packages/airflow/example_dags/example_sensor_decorator.py
[2026-08-12T05:17:49.229+0000] {logging_mixin.py:190} INFO - [2026-08-12T05:17:49.228+0000] {dag.py:3211} INFO - Sync 1 DAGs
[2026-08-12T05:17:49.256+0000] {logging_mixin.py:190} INFO - [2026-08-12T05:17:49.256+0000] {dag.py:4138} INFO - Setting next_dagrun for example_sensor_decorator to None, run_after=None
[2026-08-12T05:17:49.286+0000] {processor.py:208} INFO - Processing /home/airflow/.local/lib/python3.12/site-packages/airflow/example_dags/example_sensor_decorator.py took 0.116 seconds
[2026-08-12T05:18:20.228+0000] {processor.py:186} INFO - Started process (PID=5652) to work on /home/airflow/.local/lib/python3.12/site-packages/airflow/example_dags/example_sensor_decorator.py
[2026-08-12T05:18:20.230+0000] {processor.py:914} INFO - Processing file /home/airflow/.local/lib/python3.12/site-packages/airflow/example_dags/example_sensor_decorator.py for tasks to queue
[2026-08-12T05:18:20.235+0000] {logging_mixin.py:190} INFO - [2026-08-12T05:18:20.235+0000] {dagbag.py:587} INFO - Filling up the DagBag from /home/airflow/.local/lib/python3.12/site-packages/airflow/example_dags/example_sensor_decorator.py
[2026-08-12T05:18:20.251+0000] {processor.py:925} INFO - DAG(s) 'example_sensor_decorator' retrieved from /home/airflow/.local/lib/python3.12/site-packages/airflow/example_dags/example_sensor_decorator.py
[2026-08-12T05:18:20.286+0000] {logging_mixin.py:190} INFO - [2026-08-12T05:18:20.285+0000] {dag.py:3211} INFO - Sync 1 DAGs
[2026-08-12T05:18:20.309+0000] {logging_mixin.py:190} INFO - [2026-08-12T05:18:20.308+0000] {dag.py:4138} INFO - Setting next_dagrun for example_sensor_decorator to None, run_after=None
[2026-08-12T05:18:20.342+0000] {processor.py:208} INFO - Processing /home/airflow/.local/lib/python3.12/site-packages/airflow/example_dags/example_sensor_decorator.py took 0.121 seconds
[2026-08-12T05:18:51.166+0000] {processor.py:186} INFO - Started process (PID=5715) to work on /home/airflow/.local/lib/python3.12/site-packages/airflow/example_dags/example_sensor_decorator.py
[2026-08-12T05:18:51.168+0000] {processor.py:914} INFO - Processing file /home/airflow/.local/lib/python3.12/site-packages/airflow/example_dags/example_sensor_decorator.py for tasks to queue
[2026-08-12T05:18:51.173+0000] {logging_mixin.py:190} INFO - [2026-08-12T05:18:51.173+0000] {dagbag.py:587} INFO - Filling up the DagBag from /home/airflow/.local/lib/python3.12/site-packages/airflow/example_dags/example_sensor_decorator.py
[2026-08-12T05:18:51.184+0000] {processor.py:925} INFO - DAG(s) 'example_sensor_decorator' retrieved from /home/airflow/.local/lib/python3.12/site-packages/airflow/example_dags/example_sensor_decorator.py
[2026-08-12T05:18:51.225+0000] {logging_mixin.py:190} INFO - [2026-08-12T05:18:51.225+0000] {dag.py:3211} INFO - Sync 1 DAGs
[2026-08-12T05:18:51.256+0000] {logging_mixin.py:190} INFO - [2026-08-12T05:18:51.256+0000] {dag.py:4138} INFO - Setting next_dagrun for example_sensor_decorator to None, run_after=None
[2026-08-12T05:18:51.297+0000] {processor.py:208} INFO - Processing /home/airflow/.local/lib/python3.12/site-packages/airflow/example_dags/example_sensor_decorator.py took 0.140 seconds
[2026-08-12T05:19:21.590+0000] {processor.py:186} INFO - Started process (PID=5779) to work on /home/airflow/.local/lib/python3.12/site-packages/airflow/example_dags/example_sensor_decorator.py
[2026-08-12T05:19:21.602+0000] {processor.py:914} INFO - Processing file /home/airflow/.local/lib/python3.12/site-packages/airflow/example_dags/example_sensor_decorator.py for tasks to queue
[2026-08-12T05:19:21.620+0000] {logging_mixin.py:190} INFO - [2026-08-12T05:19:21.619+0000] {dagbag.py:587} INFO - Filling up the DagBag from /home/airflow/.local/lib/python3.12/site-packages/airflow/example_dags/example_sensor_decorator.py
[2026-08-12T05:19:21.678+0000] {processor.py:925} INFO - DAG(s) 'example_sensor_decorator' retrieved from /home/airflow/.local/lib/python3.12/site-packages/airflow/example_dags/example_sensor_decorator.py
[2026-08-12T05:19:21.803+0000] {logging_mixin.py:190} INFO - [2026-08-12T05:19:21.803+0000] {dag.py:3211} INFO - Sync 1 DAGs
[2026-08-12T05:19:21.896+0000] {logging_mixin.py:190} INFO - [2026-08-12T05:19:21.895+0000] {dag.py:4138} INFO - Setting next_dagrun for example_sensor_decorator to None, run_after=None
[2026-08-12T05:19:22.068+0000] {processor.py:208} INFO - Processing /home/airflow/.local/lib/python3.12/site-packages/airflow/example_dags/example_sensor_decorator.py took 0.503 seconds
[2026-08-12T05:19:52.978+0000] {processor.py:186} INFO - Started process (PID=5842) to work on /home/airflow/.local/lib/python3.12/site-packages/airflow/example_dags/example_sensor_decorator.py
[2026-08-12T05:19:52.987+0000] {processor.py:914} INFO - Processing file /home/airflow/.local/lib/python3.12/site-packages/airflow/example_dags/example_sensor_decorator.py for tasks to queue
[2026-08-12T05:19:52.994+0000] {logging_mixin.py:190} INFO - [2026-08-12T05:19:52.993+0000] {dagbag.py:587} INFO - Filling up the DagBag from /home/airflow/.local/lib/python3.12/site-packages/airflow/example_dags/example_sensor_decorator.py
[2026-08-12T05:19:53.026+0000] {processor.py:925} INFO - DAG(s) 'example_sensor_decorator' retrieved from /home/airflow/.local/lib/python3.12/site-packages/airflow/example_dags/example_sensor_decorator.py
[2026-08-12T05:19:53.091+0000] {logging_mixin.py:190} INFO - [2026-08-12T05:19:53.091+0000] {dag.py:3211} INFO - Sync 1 DAGs
[2026-08-12T05:19:53.158+0000] {logging_mixin.py:190} INFO - [2026-08-12T05:19:53.158+0000] {dag.py:4138} INFO - Setting next_dagrun for example_sensor_decorator to None, run_after=None
[2026-08-12T05:19:53.215+0000] {processor.py:208} INFO - Processing /home/airflow/.local/lib/python3.12/site-packages/airflow/example_dags/example_sensor_decorator.py took 0.257 seconds
[2026-08-12T05:20:23.773+0000] {processor.py:186} INFO - Started process (PID=5905) to work on /home/airflow/.local/lib/python3.12/site-packages/airflow/example_dags/example_sensor_decorator.py
[2026-08-12T05:20:23.785+0000] {processor.py:914} INFO - Processing file /home/airflow/.local/lib/python3.12/site-packages/airflow/example_dags/example_sensor_decorator.py for tasks to queue
[2026-08-12T05:20:23.792+0000] {logging_mixin.py:190} INFO - [2026-08-12T05:20:23.791+0000] {dagbag.py:587} INFO - Filling up the DagBag from /home/airflow/.local/lib/python3.12/site-packages/airflow/example_dags/example_sensor_decorator.py
[2026-08-12T05:20:23.852+0000] {processor.py:925} INFO - DAG(s) 'example_sensor_decorator' retrieved from /home/airflow/.local/lib/python3.12/site-packages/airflow/example_dags/example_sensor_decorator.py
[2026-08-12T05:20:23.938+0000] {logging_mixin.py:190} INFO - [2026-08-12T05:20:23.937+0000] {dag.py:3211} INFO - Sync 1 DAGs
[2026-08-12T05:20:23.998+0000] {logging_mixin.py:190} INFO - [2026-08-12T05:20:23.997+0000] {dag.py:4138} INFO - Setting next_dagrun for example_sensor_decorator to None, run_after=None
[2026-08-12T05:20:24.100+0000] {processor.py:208} INFO - Processing /home/airflow/.local/lib/python3.12/site-packages/airflow/example_dags/example_sensor_decorator.py took 0.354 seconds
[2026-08-12T05:20:55.218+0000] {processor.py:186} INFO - Started process (PID=5968) to work on /home/airflow/.local/lib/python3.12/site-packages/airflow/example_dags/example_sensor_decorator.py
[2026-08-12T05:20:55.223+0000] {processor.py:914} INFO - Processing file /home/airflow/.local/lib/python3.12/site-packages/airflow/example_dags/example_sensor_decorator.py for tasks to queue
[2026-08-12T05:20:55.230+0000] {logging_mixin.py:190} INFO - [2026-08-12T05:20:55.229+0000] {dagbag.py:587} INFO - Filling up the DagBag from /home/airflow/.local/lib/python3.12/site-packages/airflow/example_dags/example_sensor_decorator.py
[2026-08-12T05:20:55.254+0000] {processor.py:925} INFO - DAG(s) 'example_sensor_decorator' retrieved from /home/airflow/.local/lib/python3.12/site-packages/airflow/example_dags/example_sensor_decorator.py
[2026-08-12T05:20:55.332+0000] {logging_mixin.py:190} INFO - [2026-08-12T05:20:55.332+0000] {dag.py:3211} INFO - Sync 1 DAGs
[2026-08-12T05:20:55.380+0000] {logging_mixin.py:190} INFO - [2026-08-12T05:20:55.379+0000] {dag.py:4138} INFO - Setting next_dagrun for example_sensor_decorator to None, run_after=None
[2026-08-12T05:20:55.454+0000] {processor.py:208} INFO - Processing /home/airflow/.local/lib/python3.12/site-packages/airflow/example_dags/example_sensor_decorator.py took 0.248 seconds
[2026-08-12T05:21:26.018+0000] {processor.py:186} INFO - Started process (PID=6031) to work on /home/airflow/.local/lib/python3.12/site-packages/airflow/example_dags/example_sensor_decorator.py
[2026-08-12T05:21:26.020+0000] {processor.py:914} INFO - Processing file /home/airflow/.local/lib/python3.12/site-packages/airflow/example_dags/example_sensor_decorator.py for tasks to queue
[2026-08-12T05:21:26.024+0000] {logging_mixin.py:190} INFO - [2026-08-12T05:21:26.023+0000] {dagbag.py:587} INFO - Filling up the DagBag from /home/airflow/.local/lib/python3.12/site-packages/airflow/example_dags/example_sensor_decorator.py
[2026-08-12T05:21:26.037+0000] {processor.py:925} INFO - DAG(s) 'example_sensor_decorator' retrieved from /home/airflow/.local/lib/python3.12/site-packages/airflow/example_dags/example_sensor_decorator.py
[2026-08-12T05:21:26.073+0000] {logging_mixin.py:190} INFO - [2026-08-12T05:21:26.073+0000] {dag.py:3211} INFO - Sync 1 DAGs
[2026-08-12T05:21:26.107+0000] {logging_mixin.py:190} INFO - [2026-08-12T05:21:26.107+0000] {dag.py:4138} INFO - Setting next_dagrun for example_sensor_decorator to None, run_after=None
[2026-08-12T05:21:26.140+0000] {processor.py:208} INFO - Processing /home/airflow/.local/lib/python3.12/site-packages/airflow/example_dags/example_sensor_decorator.py took 0.129 seconds
[2026-08-12T05:21:56.645+0000] {processor.py:186} INFO - Started process (PID=6097) to work on /home/airflow/.local/lib/python3.12/site-packages/airflow/example_dags/example_sensor_decorator.py
[2026-08-12T05:21:56.647+0000] {processor.py:914} INFO - Processing file /home/airflow/.local/lib/python3.12/site-packages/airflow/example_dags/example_sensor_decorator.py for tasks to queue
[2026-08-12T05:21:56.651+0000] {logging_mixin.py:190} INFO - [2026-08-12T05:21:56.650+0000] {dagbag.py:587} INFO - Filling up the DagBag from /home/airflow/.local/lib/python3.12/site-packages/airflow/example_dags/example_sensor_decorator.py
[2026-08-12T05:21:56.662+0000] {processor.py:925} INFO - DAG(s) 'example_sensor_decorator' retrieved from /home/airflow/.local/lib/python3.12/site-packages/airflow/example_dags/example_sensor_decorator.py
[2026-08-12T05:21:56.686+0000] {logging_mixin.py:190} INFO - [2026-08-12T05:21:56.686+0000] {dag.py:3211} INFO - Sync 1 DAGs
[2026-08-12T05:21:56.706+0000] {logging_mixin.py:190} INFO - [2026-08-12T05:21:56.706+0000] {dag.py:4138} INFO - Setting next_dagrun for example_sensor_decorator to None, run_after=None
[2026-08-12T05:21:56.730+0000] {processor.py:208} INFO - Processing /home/airflow/.local/lib/python3.12/site-packages/airflow/example_dags/example_sensor_decorator.py took 0.092 seconds
[2026-08-12T05:22:27.157+0000] {processor.py:186} INFO - Started process (PID=6161) to work on /home/airflow/.local/lib/python3.12/site-packages/airflow/example_dags/example_sensor_decorator.py
[2026-08-12T05:22:27.159+0000] {processor.py:914} INFO - Processing file /home/airflow/.local/lib/python3.12/site-packages/airflow/example_dags/example_sensor_decorator.py for tasks to queue
[2026-08-12T05:22:27.163+0000] {logging_mixin.py:190} INFO - [2026-08-12T05:22:27.162+0000] {dagbag.py:587} INFO - Filling up the DagBag from /home/airflow/.local/lib/python3.12/site-packages/airflow/example_dags/example_sensor_decorator.py
[2026-08-12T05:22:27.175+0000] {processor.py:925} INFO - DAG(s) 'example_sensor_decorator' retrieved from /home/airflow/.local/lib/python3.12/site-packages/airflow/example_dags/example_sensor_decorator.py
[2026-08-12T05:22:27.197+0000] {logging_mixin.py:190} INFO - [2026-08-12T05:22:27.197+0000] {dag.py:3211} INFO - Sync 1 DAGs
[2026-08-12T05:22:27.213+0000] {logging_mixin.py:190} INFO - [2026-08-12T05:22:27.212+0000] {dag.py:4138} INFO - Setting next_dagrun for example_sensor_decorator to None, run_after=None
[2026-08-12T05:22:27.247+0000] {processor.py:208} INFO - Processing /home/airflow/.local/lib/python3.12/site-packages/airflow/example_dags/example_sensor_decorator.py took 0.098 seconds
[2026-08-12T05:22:57.835+0000] {processor.py:186} INFO - Started process (PID=6225) to work on /home/airflow/.local/lib/python3.12/site-packages/airflow/example_dags/example_sensor_decorator.py
[2026-08-12T05:22:57.837+0000] {processor.py:914} INFO - Processing file /home/airflow/.local/lib/python3.12/site-packages/airflow/example_dags/example_sensor_decorator.py for tasks to queue
[2026-08-12T05:22:57.840+0000] {logging_mixin.py:190} INFO - [2026-08-12T05:22:57.839+0000] {dagbag.py:587} INFO - Filling up the DagBag from /home/airflow/.local/lib/python3.12/site-packages/airflow/example_dags/example_sensor_decorator.py
[2026-08-12T05:22:57.849+0000] {processor.py:925} INFO - DAG(s) 'example_sensor_decorator' retrieved from /home/airflow/.local/lib/python3.12/site-packages/airflow/example_dags/example_sensor_decorator.py
[2026-08-12T05:22:57.874+0000] {logging_mixin.py:190} INFO - [2026-08-12T05:22:57.874+0000] {dag.py:3211} INFO - Sync 1 DAGs
[2026-08-12T05:22:57.890+0000] {logging_mixin.py:190} INFO - [2026-08-12T05:22:57.889+0000] {dag.py:4138} INFO - Setting next_dagrun for example_sensor_decorator to None, run_after=None
[2026-08-12T05:22:57.910+0000] {processor.py:208} INFO - Processing /home/airflow/.local/lib/python3.12/site-packages/airflow/example_dags/example_sensor_decorator.py took 0.080 seconds
[2026-08-12T05:23:28.064+0000] {processor.py:186} INFO - Started process (PID=6289) to work on /home/airflow/.local/lib/python3.12/site-packages/airflow/example_dags/example_sensor_decorator.py
[2026-08-12T05:23:28.066+0000] {processor.py:914} INFO - Processing file /home/airflow/.local/lib/python3.12/site-packages/airflow/example_dags/example_sensor_decorator.py for tasks to queue
[2026-08-12T05:23:28.069+0000] {logging_mixin.py:190} INFO - [2026-08-12T05:23:28.069+0000] {dagbag.py:587} INFO - Filling up the DagBag from /home/airflow/.local/lib/python3.12/site-packages/airflow/example_dags/example_sensor_decorator.py
[2026-08-12T05:23:28.083+0000] {processor.py:925} INFO - DAG(s) 'example_sensor_decorator' retrieved from /home/airflow/.local/lib/python3.12/site-packages/airflow/example_dags/example_sensor_decorator.py
[2026-08-12T05:23:28.111+0000] {logging_mixin.py:190} INFO - [2026-08-12T05:23:28.110+0000] {dag.py:3211} INFO - Sync 1 DAGs
[2026-08-12T05:23:28.128+0000] {logging_mixin.py:190} INFO - [2026-08-12T05:23:28.128+0000] {dag.py:4138} INFO - Setting next_dagrun for example_sensor_decorator to None, run_after=None
[2026-08-12T05:23:28.164+0000] {processor.py:208} INFO - Processing /home/airflow/.local/lib/python3.12/site-packages/airflow/example_dags/example_sensor_decorator.py took 0.107 seconds
[2026-08-12T05:23:58.279+0000] {processor.py:186} INFO - Started process (PID=6352) to work on /home/airflow/.local/lib/python3.12/site-packages/airflow/example_dags/example_sensor_decorator.py
[2026-08-12T05:23:58.281+0000] {processor.py:914} INFO - Processing file /home/airflow/.local/lib/python3.12/site-packages/airflow/example_dags/example_sensor_decorator.py for tasks to queue
[2026-08-12T05:23:58.285+0000] {logging_mixin.py:190} INFO - [2026-08-12T05:23:58.284+0000] {dagbag.py:587} INFO - Filling up the DagBag from /home/airflow/.local/lib/python3.12/site-packages/airflow/example_dags/example_sensor_decorator.py
[2026-08-12T05:23:58.296+0000] {processor.py:925} INFO - DAG(s) 'example_sensor_decorator' retrieved from /home/airflow/.local/lib/python3.12/site-packages/airflow/example_dags/example_sensor_decorator.py
[2026-08-12T05:23:58.318+0000] {logging_mixin.py:190} INFO - [2026-08-12T05:23:58.317+0000] {dag.py:3211} INFO - Sync 1 DAGs
[2026-08-12T05:23:58.335+0000] {logging_mixin.py:190} INFO - [2026-08-12T05:23:58.334+0000] {dag.py:4138} INFO - Setting next_dagrun for example_sensor_decorator to None, run_after=None
[2026-08-12T05:23:58.371+0000] {processor.py:208} INFO - Processing /home/airflow/.local/lib/python3.12/site-packages/airflow/example_dags/example_sensor_decorator.py took 0.101 seconds
[2026-08-12T05:24:28.920+0000] {processor.py:186} INFO - Started process (PID=6415) to work on /home/airflow/.local/lib/python3.12/site-packages/airflow/example_dags/example_sensor_decorator.py
[2026-08-12T05:24:28.922+0000] {processor.py:914} INFO - Processing file /home/airflow/.local/lib/python3.12/site-packages/airflow/example_dags/example_sensor_decorator.py for tasks to queue
[2026-08-12T05:24:28.927+0000] {logging_mixin.py:190} INFO - [2026-08-12T05:24:28.926+0000] {dagbag.py:587} INFO - Filling up the DagBag from /home/airflow/.local/lib/python3.12/site-packages/airflow/example_dags/example_sensor_decorator.py
[2026-08-12T05:24:28.937+0000] {processor.py:925} INFO - DAG(s) 'example_sensor_decorator' retrieved from /home/airflow/.local/lib/python3.12/site-packages/airflow/example_dags/example_sensor_decorator.py
[2026-08-12T05:24:28.962+0000] {logging_mixin.py:190} INFO - [2026-08-12T05:24:28.962+0000] {dag.py:3211} INFO - Sync 1 DAGs
[2026-08-12T05:24:28.978+0000] {logging_mixin.py:190} INFO - [2026-08-12T05:24:28.977+0000] {dag.py:4138} INFO - Setting next_dagrun for example_sensor_decorator to None, run_after=None
[2026-08-12T05:24:29.005+0000] {processor.py:208} INFO - Processing /home/airflow/.local/lib/python3.12/site-packages/airflow/example_dags/example_sensor_decorator.py took 0.092 seconds
[2026-08-12T05:24:59.254+0000] {processor.py:186} INFO - Started process (PID=6479) to work on /home/airflow/.local/lib/python3.12/site-packages/airflow/example_dags/example_sensor_decorator.py
[2026-08-12T05:24:59.256+0000] {processor.py:914} INFO - Processing file /home/airflow/.local/lib/python3.12/site-packages/airflow/example_dags/example_sensor_decorator.py for tasks to queue
[2026-08-12T05:24:59.258+0000] {logging_mixin.py:190} INFO - [2026-08-12T05:24:59.258+0000] {dagbag.py:587} INFO - Filling up the DagBag from /home/airflow/.local/lib/python3.12/site-packages/airflow/example_dags/example_sensor_decorator.py
[2026-08-12T05:24:59.267+0000] {processor.py:925} INFO - DAG(s) 'example_sensor_decorator' retrieved from /home/airflow/.local/lib/python3.12/site-packages/airflow/example_dags/example_sensor_decorator.py
[2026-08-12T05:24:59.289+0000] {logging_mixin.py:190} INFO - [2026-08-12T05:24:59.289+0000] {dag.py:3211} INFO - Sync 1 DAGs
[2026-08-12T05:24:59.303+0000] {logging_mixin.py:190} INFO - [2026-08-12T05:24:59.303+0000] {dag.py:4138} INFO - Setting next_dagrun for example_sensor_decorator to None, run_after=None
[2026-08-12T05:24:59.323+0000] {processor.py:208} INFO - Processing /home/airflow/.local/lib/python3.12/site-packages/airflow/example_dags/example_sensor_decorator.py took 0.074 seconds
[2026-08-12T05:25:29.856+0000] {processor.py:186} INFO - Started process (PID=6542) to work on /home/airflow/.local/lib/python3.12/site-packages/airflow/example_dags/example_sensor_decorator.py
[2026-08-12T05:25:29.858+0000] {processor.py:914} INFO - Processing file /home/airflow/.local/lib/python3.12/site-packages/airflow/example_dags/example_sensor_decorator.py for tasks to queue
[2026-08-12T05:25:29.862+0000] {logging_mixin.py:190} INFO - [2026-08-12T05:25:29.861+0000] {dagbag.py:587} INFO - Filling up the DagBag from /home/airflow/.local/lib/python3.12/site-packages/airflow/example_dags/example_sensor_decorator.py
[2026-08-12T05:25:29.873+0000] {processor.py:925} INFO - DAG(s) 'example_sensor_decorator' retrieved from /home/airflow/.local/lib/python3.12/site-packages/airflow/example_dags/example_sensor_decorator.py
[2026-08-12T05:25:29.898+0000] {logging_mixin.py:190} INFO - [2026-08-12T05:25:29.898+0000] {dag.py:3211} INFO - Sync 1 DAGs
[2026-08-12T05:25:29.915+0000] {logging_mixin.py:190} INFO - [2026-08-12T05:25:29.915+0000] {dag.py:4138} INFO - Setting next_dagrun for example_sensor_decorator to None, run_after=None
[2026-08-12T05:25:29.953+0000] {processor.py:208} INFO - Processing /home/airflow/.local/lib/python3.12/site-packages/airflow/example_dags/example_sensor_decorator.py took 0.104 seconds
