[2026-08-12T04:30:52.962+0000] {processor.py:186} INFO - Started process (PID=104) to work on /home/airflow/.local/lib/python3.12/site-packages/airflow/example_dags/example_datasets.py
[2026-08-12T04:30:52.967+0000] {processor.py:914} INFO - Processing file /home/airflow/.local/lib/python3.12/site-packages/airflow/example_dags/example_datasets.py for tasks to queue
[2026-08-12T04:30:52.977+0000] {logging_mixin.py:190} INFO - [2026-08-12T04:30:52.976+0000] {dagbag.py:587} INFO - Filling up the DagBag from /home/airflow/.local/lib/python3.12/site-packages/airflow/example_dags/example_datasets.py
[2026-08-12T04:30:53.286+0000] {processor.py:925} INFO - DAG(s) 'dataset_produces_2', 'conditional_dataset_and_time_based_timetable', 'dataset_consumes_unknown_never_scheduled', 'consume_1_or_2_with_dataset_expressions', 'dataset_consumes_1', 'dataset_consumes_1_never_scheduled', 'dataset_consumes_1_and_2', 'consume_1_or_both_2_and_3_with_dataset_expressions', 'dataset_produces_1', 'consume_1_and_2_with_dataset_expressions' retrieved from /home/airflow/.local/lib/python3.12/site-packages/airflow/example_dags/example_datasets.py
[2026-08-12T04:30:53.439+0000] {logging_mixin.py:190} INFO - [2026-08-12T04:30:53.438+0000] {override.py:1858} INFO - Created Permission View: can edit on DAG:dataset_produces_2
[2026-08-12T04:30:53.456+0000] {logging_mixin.py:190} INFO - [2026-08-12T04:30:53.455+0000] {override.py:1858} INFO - Created Permission View: can delete on DAG:dataset_produces_2
[2026-08-12T04:30:53.469+0000] {logging_mixin.py:190} INFO - [2026-08-12T04:30:53.468+0000] {override.py:1858} INFO - Created Permission View: can read on DAG:dataset_produces_2
[2026-08-12T04:30:53.489+0000] {logging_mixin.py:190} INFO - [2026-08-12T04:30:53.489+0000] {override.py:1858} INFO - Created Permission View: can edit on DAG:conditional_dataset_and_time_based_timetable
[2026-08-12T04:30:53.500+0000] {logging_mixin.py:190} INFO - [2026-08-12T04:30:53.500+0000] {override.py:1858} INFO - Created Permission View: can delete on DAG:conditional_dataset_and_time_based_timetable
[2026-08-12T04:30:53.510+0000] {logging_mixin.py:190} INFO - [2026-08-12T04:30:53.510+0000] {override.py:1858} INFO - Created Permission View: can read on DAG:conditional_dataset_and_time_based_timetable
[2026-08-12T04:30:53.529+0000] {logging_mixin.py:190} INFO - [2026-08-12T04:30:53.529+0000] {override.py:1858} INFO - Created Permission View: can edit on DAG:dataset_consumes_unknown_never_scheduled
[2026-08-12T04:30:53.538+0000] {logging_mixin.py:190} INFO - [2026-08-12T04:30:53.538+0000] {override.py:1858} INFO - Created Permission View: can delete on DAG:dataset_consumes_unknown_never_scheduled
[2026-08-12T04:30:53.548+0000] {logging_mixin.py:190} INFO - [2026-08-12T04:30:53.548+0000] {override.py:1858} INFO - Created Permission View: can read on DAG:dataset_consumes_unknown_never_scheduled
[2026-08-12T04:30:53.568+0000] {logging_mixin.py:190} INFO - [2026-08-12T04:30:53.567+0000] {override.py:1858} INFO - Created Permission View: can edit on DAG:consume_1_or_2_with_dataset_expressions
[2026-08-12T04:30:53.581+0000] {logging_mixin.py:190} INFO - [2026-08-12T04:30:53.581+0000] {override.py:1858} INFO - Created Permission View: can delete on DAG:consume_1_or_2_with_dataset_expressions
[2026-08-12T04:30:53.594+0000] {logging_mixin.py:190} INFO - [2026-08-12T04:30:53.593+0000] {override.py:1858} INFO - Created Permission View: can read on DAG:consume_1_or_2_with_dataset_expressions
[2026-08-12T04:30:53.614+0000] {logging_mixin.py:190} INFO - [2026-08-12T04:30:53.613+0000] {override.py:1858} INFO - Created Permission View: can edit on DAG:dataset_consumes_1
[2026-08-12T04:30:53.628+0000] {logging_mixin.py:190} INFO - [2026-08-12T04:30:53.627+0000] {override.py:1858} INFO - Created Permission View: can delete on DAG:dataset_consumes_1
[2026-08-12T04:30:53.641+0000] {logging_mixin.py:190} INFO - [2026-08-12T04:30:53.641+0000] {override.py:1858} INFO - Created Permission View: can read on DAG:dataset_consumes_1
[2026-08-12T04:30:53.662+0000] {logging_mixin.py:190} INFO - [2026-08-12T04:30:53.662+0000] {override.py:1858} INFO - Created Permission View: can edit on DAG:dataset_consumes_1_never_scheduled
[2026-08-12T04:30:53.673+0000] {logging_mixin.py:190} INFO - [2026-08-12T04:30:53.673+0000] {override.py:1858} INFO - Created Permission View: can delete on DAG:dataset_consumes_1_never_scheduled
[2026-08-12T04:30:53.683+0000] {logging_mixin.py:190} INFO - [2026-08-12T04:30:53.683+0000] {override.py:1858} INFO - Created Permission View: can read on DAG:dataset_consumes_1_never_scheduled
[2026-08-12T04:30:53.703+0000] {logging_mixin.py:190} INFO - [2026-08-12T04:30:53.703+0000] {override.py:1858} INFO - Created Permission View: can edit on DAG:dataset_consumes_1_and_2
[2026-08-12T04:30:53.715+0000] {logging_mixin.py:190} INFO - [2026-08-12T04:30:53.715+0000] {override.py:1858} INFO - Created Permission View: can delete on DAG:dataset_consumes_1_and_2
[2026-08-12T04:30:53.724+0000] {logging_mixin.py:190} INFO - [2026-08-12T04:30:53.724+0000] {override.py:1858} INFO - Created Permission View: can read on DAG:dataset_consumes_1_and_2
[2026-08-12T04:30:53.740+0000] {logging_mixin.py:190} INFO - [2026-08-12T04:30:53.740+0000] {override.py:1858} INFO - Created Permission View: can edit on DAG:consume_1_or_both_2_and_3_with_dataset_expressions
[2026-08-12T04:30:53.750+0000] {logging_mixin.py:190} INFO - [2026-08-12T04:30:53.750+0000] {override.py:1858} INFO - Created Permission View: can delete on DAG:consume_1_or_both_2_and_3_with_dataset_expressions
[2026-08-12T04:30:53.759+0000] {logging_mixin.py:190} INFO - [2026-08-12T04:30:53.759+0000] {override.py:1858} INFO - Created Permission View: can read on DAG:consume_1_or_both_2_and_3_with_dataset_expressions
[2026-08-12T04:30:53.776+0000] {logging_mixin.py:190} INFO - [2026-08-12T04:30:53.775+0000] {override.py:1858} INFO - Created Permission View: can edit on DAG:dataset_produces_1
[2026-08-12T04:30:53.785+0000] {logging_mixin.py:190} INFO - [2026-08-12T04:30:53.785+0000] {override.py:1858} INFO - Created Permission View: can delete on DAG:dataset_produces_1
[2026-08-12T04:30:53.795+0000] {logging_mixin.py:190} INFO - [2026-08-12T04:30:53.794+0000] {override.py:1858} INFO - Created Permission View: can read on DAG:dataset_produces_1
[2026-08-12T04:30:53.813+0000] {logging_mixin.py:190} INFO - [2026-08-12T04:30:53.812+0000] {override.py:1858} INFO - Created Permission View: can edit on DAG:consume_1_and_2_with_dataset_expressions
[2026-08-12T04:30:53.824+0000] {logging_mixin.py:190} INFO - [2026-08-12T04:30:53.823+0000] {override.py:1858} INFO - Created Permission View: can delete on DAG:consume_1_and_2_with_dataset_expressions
[2026-08-12T04:30:53.833+0000] {logging_mixin.py:190} INFO - [2026-08-12T04:30:53.833+0000] {override.py:1858} INFO - Created Permission View: can read on DAG:consume_1_and_2_with_dataset_expressions
[2026-08-12T04:30:53.835+0000] {logging_mixin.py:190} INFO - [2026-08-12T04:30:53.835+0000] {dag.py:3211} INFO - Sync 10 DAGs
[2026-08-12T04:30:53.861+0000] {logging_mixin.py:190} INFO - [2026-08-12T04:30:53.861+0000] {dag.py:3234} INFO - Creating ORM DAG for consume_1_or_2_with_dataset_expressions
[2026-08-12T04:30:53.863+0000] {logging_mixin.py:190} INFO - [2026-08-12T04:30:53.863+0000] {dag.py:3234} INFO - Creating ORM DAG for consume_1_and_2_with_dataset_expressions
[2026-08-12T04:30:53.865+0000] {logging_mixin.py:190} INFO - [2026-08-12T04:30:53.865+0000] {dag.py:3234} INFO - Creating ORM DAG for consume_1_or_both_2_and_3_with_dataset_expressions
[2026-08-12T04:30:53.868+0000] {logging_mixin.py:190} INFO - [2026-08-12T04:30:53.867+0000] {dag.py:3234} INFO - Creating ORM DAG for dataset_produces_1
[2026-08-12T04:30:53.870+0000] {logging_mixin.py:190} INFO - [2026-08-12T04:30:53.869+0000] {dag.py:3234} INFO - Creating ORM DAG for dataset_consumes_1_and_2
[2026-08-12T04:30:53.871+0000] {logging_mixin.py:190} INFO - [2026-08-12T04:30:53.871+0000] {dag.py:3234} INFO - Creating ORM DAG for dataset_produces_2
[2026-08-12T04:30:53.873+0000] {logging_mixin.py:190} INFO - [2026-08-12T04:30:53.873+0000] {dag.py:3234} INFO - Creating ORM DAG for dataset_consumes_1
[2026-08-12T04:30:53.875+0000] {logging_mixin.py:190} INFO - [2026-08-12T04:30:53.874+0000] {dag.py:3234} INFO - Creating ORM DAG for dataset_consumes_unknown_never_scheduled
[2026-08-12T04:30:53.876+0000] {logging_mixin.py:190} INFO - [2026-08-12T04:30:53.876+0000] {dag.py:3234} INFO - Creating ORM DAG for dataset_consumes_1_never_scheduled
[2026-08-12T04:30:53.878+0000] {logging_mixin.py:190} INFO - [2026-08-12T04:30:53.878+0000] {dag.py:3234} INFO - Creating ORM DAG for conditional_dataset_and_time_based_timetable
[2026-08-12T04:30:53.894+0000] {logging_mixin.py:190} INFO - [2026-08-12T04:30:53.894+0000] {dag.py:4138} INFO - Setting next_dagrun for conditional_dataset_and_time_based_timetable to 2026-08-12 01:00:00+00:00, run_after=2026-08-12 01:00:00+00:00
[2026-08-12T04:30:53.896+0000] {logging_mixin.py:190} INFO - [2026-08-12T04:30:53.896+0000] {dag.py:4138} INFO - Setting next_dagrun for consume_1_and_2_with_dataset_expressions to None, run_after=None
[2026-08-12T04:30:53.898+0000] {logging_mixin.py:190} INFO - [2026-08-12T04:30:53.897+0000] {dag.py:4138} INFO - Setting next_dagrun for consume_1_or_2_with_dataset_expressions to None, run_after=None
[2026-08-12T04:30:53.899+0000] {logging_mixin.py:190} INFO - [2026-08-12T04:30:53.899+0000] {dag.py:4138} INFO - Setting next_dagrun for consume_1_or_both_2_and_3_with_dataset_expressions to None, run_after=None
[2026-08-12T04:30:53.902+0000] {logging_mixin.py:190} INFO - [2026-08-12T04:30:53.901+0000] {dag.py:4138} INFO - Setting next_dagrun for dataset_consumes_1 to None, run_after=None
[2026-08-12T04:30:53.904+0000] {logging_mixin.py:190} INFO - [2026-08-12T04:30:53.903+0000] {dag.py:4138} INFO - Setting next_dagrun for dataset_consumes_1_and_2 to None, run_after=None
[2026-08-12T04:30:53.905+0000] {logging_mixin.py:190} INFO - [2026-08-12T04:30:53.905+0000] {dag.py:4138} INFO - Setting next_dagrun for dataset_consumes_1_never_scheduled to None, run_after=None
[2026-08-12T04:30:53.907+0000] {logging_mixin.py:190} INFO - [2026-08-12T04:30:53.907+0000] {dag.py:4138} INFO - Setting next_dagrun for dataset_consumes_unknown_never_scheduled to None, run_after=None
[2026-08-12T04:30:53.909+0000] {logging_mixin.py:190} INFO - [2026-08-12T04:30:53.909+0000] {dag.py:4138} INFO - Setting next_dagrun for dataset_produces_1 to 2026-08-11 00:00:00+00:00, run_after=2026-08-12 00:00:00+00:00
[2026-08-12T04:30:53.911+0000] {logging_mixin.py:190} INFO - [2026-08-12T04:30:53.911+0000] {dag.py:4138} INFO - Setting next_dagrun for dataset_produces_2 to None, run_after=None
[2026-08-12T04:30:53.990+0000] {processor.py:208} INFO - Processing /home/airflow/.local/lib/python3.12/site-packages/airflow/example_dags/example_datasets.py took 1.045 seconds
[2026-08-12T04:31:24.292+0000] {processor.py:186} INFO - Started process (PID=166) to work on /home/airflow/.local/lib/python3.12/site-packages/airflow/example_dags/example_datasets.py
[2026-08-12T04:31:24.294+0000] {processor.py:914} INFO - Processing file /home/airflow/.local/lib/python3.12/site-packages/airflow/example_dags/example_datasets.py for tasks to queue
[2026-08-12T04:31:24.297+0000] {logging_mixin.py:190} INFO - [2026-08-12T04:31:24.296+0000] {dagbag.py:587} INFO - Filling up the DagBag from /home/airflow/.local/lib/python3.12/site-packages/airflow/example_dags/example_datasets.py
[2026-08-12T04:31:24.432+0000] {processor.py:925} INFO - DAG(s) 'dataset_produces_1', 'dataset_consumes_1_and_2', 'consume_1_or_2_with_dataset_expressions', 'dataset_produces_2', 'consume_1_or_both_2_and_3_with_dataset_expressions', 'dataset_consumes_1_never_scheduled', 'dataset_consumes_unknown_never_scheduled', 'dataset_consumes_1', 'consume_1_and_2_with_dataset_expressions', 'conditional_dataset_and_time_based_timetable' retrieved from /home/airflow/.local/lib/python3.12/site-packages/airflow/example_dags/example_datasets.py
[2026-08-12T04:31:24.476+0000] {logging_mixin.py:190} INFO - [2026-08-12T04:31:24.475+0000] {dag.py:3211} INFO - Sync 10 DAGs
[2026-08-12T04:31:24.507+0000] {logging_mixin.py:190} INFO - [2026-08-12T04:31:24.506+0000] {dag.py:4138} INFO - Setting next_dagrun for conditional_dataset_and_time_based_timetable to 2026-08-12 01:00:00+00:00, run_after=2026-08-12 01:00:00+00:00
[2026-08-12T04:31:24.511+0000] {logging_mixin.py:190} INFO - [2026-08-12T04:31:24.511+0000] {dag.py:4138} INFO - Setting next_dagrun for consume_1_and_2_with_dataset_expressions to None, run_after=None
[2026-08-12T04:31:24.514+0000] {logging_mixin.py:190} INFO - [2026-08-12T04:31:24.514+0000] {dag.py:4138} INFO - Setting next_dagrun for consume_1_or_2_with_dataset_expressions to None, run_after=None
[2026-08-12T04:31:24.517+0000] {logging_mixin.py:190} INFO - [2026-08-12T04:31:24.516+0000] {dag.py:4138} INFO - Setting next_dagrun for consume_1_or_both_2_and_3_with_dataset_expressions to None, run_after=None
[2026-08-12T04:31:24.519+0000] {logging_mixin.py:190} INFO - [2026-08-12T04:31:24.519+0000] {dag.py:4138} INFO - Setting next_dagrun for dataset_consumes_1 to None, run_after=None
[2026-08-12T04:31:24.521+0000] {logging_mixin.py:190} INFO - [2026-08-12T04:31:24.521+0000] {dag.py:4138} INFO - Setting next_dagrun for dataset_consumes_1_and_2 to None, run_after=None
[2026-08-12T04:31:24.524+0000] {logging_mixin.py:190} INFO - [2026-08-12T04:31:24.524+0000] {dag.py:4138} INFO - Setting next_dagrun for dataset_consumes_1_never_scheduled to None, run_after=None
[2026-08-12T04:31:24.527+0000] {logging_mixin.py:190} INFO - [2026-08-12T04:31:24.527+0000] {dag.py:4138} INFO - Setting next_dagrun for dataset_consumes_unknown_never_scheduled to None, run_after=None
[2026-08-12T04:31:24.530+0000] {logging_mixin.py:190} INFO - [2026-08-12T04:31:24.530+0000] {dag.py:4138} INFO - Setting next_dagrun for dataset_produces_1 to 2026-08-11 00:00:00+00:00, run_after=2026-08-12 00:00:00+00:00
[2026-08-12T04:31:24.533+0000] {logging_mixin.py:190} INFO - [2026-08-12T04:31:24.532+0000] {dag.py:4138} INFO - Setting next_dagrun for dataset_produces_2 to None, run_after=None
[2026-08-12T04:31:24.574+0000] {processor.py:208} INFO - Processing /home/airflow/.local/lib/python3.12/site-packages/airflow/example_dags/example_datasets.py took 0.287 seconds
[2026-08-12T04:31:54.620+0000] {processor.py:186} INFO - Started process (PID=230) to work on /home/airflow/.local/lib/python3.12/site-packages/airflow/example_dags/example_datasets.py
[2026-08-12T04:31:54.622+0000] {processor.py:914} INFO - Processing file /home/airflow/.local/lib/python3.12/site-packages/airflow/example_dags/example_datasets.py for tasks to queue
[2026-08-12T04:31:54.626+0000] {logging_mixin.py:190} INFO - [2026-08-12T04:31:54.626+0000] {dagbag.py:587} INFO - Filling up the DagBag from /home/airflow/.local/lib/python3.12/site-packages/airflow/example_dags/example_datasets.py
[2026-08-12T04:31:54.778+0000] {processor.py:925} INFO - DAG(s) 'conditional_dataset_and_time_based_timetable', 'dataset_produces_1', 'consume_1_and_2_with_dataset_expressions', 'consume_1_or_2_with_dataset_expressions', 'dataset_consumes_unknown_never_scheduled', 'consume_1_or_both_2_and_3_with_dataset_expressions', 'dataset_consumes_1', 'dataset_consumes_1_and_2', 'dataset_produces_2', 'dataset_consumes_1_never_scheduled' retrieved from /home/airflow/.local/lib/python3.12/site-packages/airflow/example_dags/example_datasets.py
[2026-08-12T04:31:54.824+0000] {logging_mixin.py:190} INFO - [2026-08-12T04:31:54.824+0000] {dag.py:3211} INFO - Sync 10 DAGs
[2026-08-12T04:31:54.849+0000] {logging_mixin.py:190} INFO - [2026-08-12T04:31:54.849+0000] {dag.py:4138} INFO - Setting next_dagrun for conditional_dataset_and_time_based_timetable to 2026-08-12 01:00:00+00:00, run_after=2026-08-12 01:00:00+00:00
[2026-08-12T04:31:54.854+0000] {logging_mixin.py:190} INFO - [2026-08-12T04:31:54.853+0000] {dag.py:4138} INFO - Setting next_dagrun for consume_1_and_2_with_dataset_expressions to None, run_after=None
[2026-08-12T04:31:54.858+0000] {logging_mixin.py:190} INFO - [2026-08-12T04:31:54.857+0000] {dag.py:4138} INFO - Setting next_dagrun for consume_1_or_2_with_dataset_expressions to None, run_after=None
[2026-08-12T04:31:54.862+0000] {logging_mixin.py:190} INFO - [2026-08-12T04:31:54.862+0000] {dag.py:4138} INFO - Setting next_dagrun for consume_1_or_both_2_and_3_with_dataset_expressions to None, run_after=None
[2026-08-12T04:31:54.865+0000] {logging_mixin.py:190} INFO - [2026-08-12T04:31:54.864+0000] {dag.py:4138} INFO - Setting next_dagrun for dataset_consumes_1 to None, run_after=None
[2026-08-12T04:31:54.869+0000] {logging_mixin.py:190} INFO - [2026-08-12T04:31:54.868+0000] {dag.py:4138} INFO - Setting next_dagrun for dataset_consumes_1_and_2 to None, run_after=None
[2026-08-12T04:31:54.872+0000] {logging_mixin.py:190} INFO - [2026-08-12T04:31:54.872+0000] {dag.py:4138} INFO - Setting next_dagrun for dataset_consumes_1_never_scheduled to None, run_after=None
[2026-08-12T04:31:54.875+0000] {logging_mixin.py:190} INFO - [2026-08-12T04:31:54.875+0000] {dag.py:4138} INFO - Setting next_dagrun for dataset_consumes_unknown_never_scheduled to None, run_after=None
[2026-08-12T04:31:54.881+0000] {logging_mixin.py:190} INFO - [2026-08-12T04:31:54.881+0000] {dag.py:4138} INFO - Setting next_dagrun for dataset_produces_1 to 2026-08-11 00:00:00+00:00, run_after=2026-08-12 00:00:00+00:00
[2026-08-12T04:31:54.884+0000] {logging_mixin.py:190} INFO - [2026-08-12T04:31:54.884+0000] {dag.py:4138} INFO - Setting next_dagrun for dataset_produces_2 to None, run_after=None
[2026-08-12T04:31:54.925+0000] {processor.py:208} INFO - Processing /home/airflow/.local/lib/python3.12/site-packages/airflow/example_dags/example_datasets.py took 0.312 seconds
[2026-08-12T04:33:05.408+0000] {processor.py:186} INFO - Started process (PID=101) to work on /home/airflow/.local/lib/python3.12/site-packages/airflow/example_dags/example_datasets.py
[2026-08-12T04:33:05.410+0000] {processor.py:914} INFO - Processing file /home/airflow/.local/lib/python3.12/site-packages/airflow/example_dags/example_datasets.py for tasks to queue
[2026-08-12T04:33:05.415+0000] {logging_mixin.py:190} INFO - [2026-08-12T04:33:05.414+0000] {dagbag.py:587} INFO - Filling up the DagBag from /home/airflow/.local/lib/python3.12/site-packages/airflow/example_dags/example_datasets.py
[2026-08-12T04:33:05.692+0000] {processor.py:925} INFO - DAG(s) 'dataset_produces_1', 'consume_1_or_both_2_and_3_with_dataset_expressions', 'dataset_consumes_unknown_never_scheduled', 'consume_1_and_2_with_dataset_expressions', 'conditional_dataset_and_time_based_timetable', 'dataset_consumes_1_never_scheduled', 'dataset_consumes_1', 'consume_1_or_2_with_dataset_expressions', 'dataset_produces_2', 'dataset_consumes_1_and_2' retrieved from /home/airflow/.local/lib/python3.12/site-packages/airflow/example_dags/example_datasets.py
[2026-08-12T04:33:05.746+0000] {logging_mixin.py:190} INFO - [2026-08-12T04:33:05.746+0000] {dag.py:3211} INFO - Sync 10 DAGs
[2026-08-12T04:33:05.784+0000] {logging_mixin.py:190} INFO - [2026-08-12T04:33:05.784+0000] {dag.py:4138} INFO - Setting next_dagrun for conditional_dataset_and_time_based_timetable to 2026-08-12 01:00:00+00:00, run_after=2026-08-12 01:00:00+00:00
[2026-08-12T04:33:05.802+0000] {logging_mixin.py:190} INFO - [2026-08-12T04:33:05.802+0000] {dag.py:4138} INFO - Setting next_dagrun for consume_1_and_2_with_dataset_expressions to None, run_after=None
[2026-08-12T04:33:05.805+0000] {logging_mixin.py:190} INFO - [2026-08-12T04:33:05.805+0000] {dag.py:4138} INFO - Setting next_dagrun for consume_1_or_2_with_dataset_expressions to None, run_after=None
[2026-08-12T04:33:05.808+0000] {logging_mixin.py:190} INFO - [2026-08-12T04:33:05.808+0000] {dag.py:4138} INFO - Setting next_dagrun for consume_1_or_both_2_and_3_with_dataset_expressions to None, run_after=None
[2026-08-12T04:33:05.811+0000] {logging_mixin.py:190} INFO - [2026-08-12T04:33:05.810+0000] {dag.py:4138} INFO - Setting next_dagrun for dataset_consumes_1 to None, run_after=None
[2026-08-12T04:33:05.813+0000] {logging_mixin.py:190} INFO - [2026-08-12T04:33:05.813+0000] {dag.py:4138} INFO - Setting next_dagrun for dataset_consumes_1_and_2 to None, run_after=None
[2026-08-12T04:33:05.815+0000] {logging_mixin.py:190} INFO - [2026-08-12T04:33:05.815+0000] {dag.py:4138} INFO - Setting next_dagrun for dataset_consumes_1_never_scheduled to None, run_after=None
[2026-08-12T04:33:05.818+0000] {logging_mixin.py:190} INFO - [2026-08-12T04:33:05.818+0000] {dag.py:4138} INFO - Setting next_dagrun for dataset_consumes_unknown_never_scheduled to None, run_after=None
[2026-08-12T04:33:05.823+0000] {logging_mixin.py:190} INFO - [2026-08-12T04:33:05.822+0000] {dag.py:4138} INFO - Setting next_dagrun for dataset_produces_1 to 2026-08-11 00:00:00+00:00, run_after=2026-08-12 00:00:00+00:00
[2026-08-12T04:33:05.825+0000] {logging_mixin.py:190} INFO - [2026-08-12T04:33:05.825+0000] {dag.py:4138} INFO - Setting next_dagrun for dataset_produces_2 to None, run_after=None
[2026-08-12T04:33:05.869+0000] {processor.py:208} INFO - Processing /home/airflow/.local/lib/python3.12/site-packages/airflow/example_dags/example_datasets.py took 0.469 seconds
[2026-08-12T04:33:36.174+0000] {processor.py:186} INFO - Started process (PID=164) to work on /home/airflow/.local/lib/python3.12/site-packages/airflow/example_dags/example_datasets.py
[2026-08-12T04:33:36.176+0000] {processor.py:914} INFO - Processing file /home/airflow/.local/lib/python3.12/site-packages/airflow/example_dags/example_datasets.py for tasks to queue
[2026-08-12T04:33:36.181+0000] {logging_mixin.py:190} INFO - [2026-08-12T04:33:36.180+0000] {dagbag.py:587} INFO - Filling up the DagBag from /home/airflow/.local/lib/python3.12/site-packages/airflow/example_dags/example_datasets.py
[2026-08-12T04:33:36.347+0000] {processor.py:925} INFO - DAG(s) 'consume_1_and_2_with_dataset_expressions', 'dataset_consumes_1', 'dataset_consumes_1_never_scheduled', 'dataset_produces_2', 'consume_1_or_both_2_and_3_with_dataset_expressions', 'dataset_produces_1', 'conditional_dataset_and_time_based_timetable', 'dataset_consumes_unknown_never_scheduled', 'dataset_consumes_1_and_2', 'consume_1_or_2_with_dataset_expressions' retrieved from /home/airflow/.local/lib/python3.12/site-packages/airflow/example_dags/example_datasets.py
[2026-08-12T04:33:36.411+0000] {logging_mixin.py:190} INFO - [2026-08-12T04:33:36.411+0000] {dag.py:3211} INFO - Sync 10 DAGs
[2026-08-12T04:33:36.463+0000] {logging_mixin.py:190} INFO - [2026-08-12T04:33:36.463+0000] {dag.py:4138} INFO - Setting next_dagrun for conditional_dataset_and_time_based_timetable to 2026-08-12 01:00:00+00:00, run_after=2026-08-12 01:00:00+00:00
[2026-08-12T04:33:36.469+0000] {logging_mixin.py:190} INFO - [2026-08-12T04:33:36.468+0000] {dag.py:4138} INFO - Setting next_dagrun for consume_1_and_2_with_dataset_expressions to None, run_after=None
[2026-08-12T04:33:36.474+0000] {logging_mixin.py:190} INFO - [2026-08-12T04:33:36.473+0000] {dag.py:4138} INFO - Setting next_dagrun for consume_1_or_2_with_dataset_expressions to None, run_after=None
[2026-08-12T04:33:36.477+0000] {logging_mixin.py:190} INFO - [2026-08-12T04:33:36.476+0000] {dag.py:4138} INFO - Setting next_dagrun for consume_1_or_both_2_and_3_with_dataset_expressions to None, run_after=None
[2026-08-12T04:33:36.479+0000] {logging_mixin.py:190} INFO - [2026-08-12T04:33:36.479+0000] {dag.py:4138} INFO - Setting next_dagrun for dataset_consumes_1 to None, run_after=None
[2026-08-12T04:33:36.483+0000] {logging_mixin.py:190} INFO - [2026-08-12T04:33:36.482+0000] {dag.py:4138} INFO - Setting next_dagrun for dataset_consumes_1_and_2 to None, run_after=None
[2026-08-12T04:33:36.486+0000] {logging_mixin.py:190} INFO - [2026-08-12T04:33:36.486+0000] {dag.py:4138} INFO - Setting next_dagrun for dataset_consumes_1_never_scheduled to None, run_after=None
[2026-08-12T04:33:36.491+0000] {logging_mixin.py:190} INFO - [2026-08-12T04:33:36.490+0000] {dag.py:4138} INFO - Setting next_dagrun for dataset_consumes_unknown_never_scheduled to None, run_after=None
[2026-08-12T04:33:36.495+0000] {logging_mixin.py:190} INFO - [2026-08-12T04:33:36.495+0000] {dag.py:4138} INFO - Setting next_dagrun for dataset_produces_1 to 2026-08-11 00:00:00+00:00, run_after=2026-08-12 00:00:00+00:00
[2026-08-12T04:33:36.499+0000] {logging_mixin.py:190} INFO - [2026-08-12T04:33:36.498+0000] {dag.py:4138} INFO - Setting next_dagrun for dataset_produces_2 to None, run_after=None
[2026-08-12T04:33:36.551+0000] {processor.py:208} INFO - Processing /home/airflow/.local/lib/python3.12/site-packages/airflow/example_dags/example_datasets.py took 0.385 seconds
[2026-08-12T04:34:06.590+0000] {processor.py:186} INFO - Started process (PID=227) to work on /home/airflow/.local/lib/python3.12/site-packages/airflow/example_dags/example_datasets.py
[2026-08-12T04:34:06.592+0000] {processor.py:914} INFO - Processing file /home/airflow/.local/lib/python3.12/site-packages/airflow/example_dags/example_datasets.py for tasks to queue
[2026-08-12T04:34:06.595+0000] {logging_mixin.py:190} INFO - [2026-08-12T04:34:06.595+0000] {dagbag.py:587} INFO - Filling up the DagBag from /home/airflow/.local/lib/python3.12/site-packages/airflow/example_dags/example_datasets.py
[2026-08-12T04:34:06.764+0000] {processor.py:925} INFO - DAG(s) 'dataset_consumes_1_and_2', 'conditional_dataset_and_time_based_timetable', 'dataset_produces_1', 'consume_1_and_2_with_dataset_expressions', 'consume_1_or_2_with_dataset_expressions', 'dataset_consumes_1', 'dataset_produces_2', 'dataset_consumes_1_never_scheduled', 'consume_1_or_both_2_and_3_with_dataset_expressions', 'dataset_consumes_unknown_never_scheduled' retrieved from /home/airflow/.local/lib/python3.12/site-packages/airflow/example_dags/example_datasets.py
[2026-08-12T04:34:06.827+0000] {logging_mixin.py:190} INFO - [2026-08-12T04:34:06.827+0000] {dag.py:3211} INFO - Sync 10 DAGs
[2026-08-12T04:34:06.858+0000] {logging_mixin.py:190} INFO - [2026-08-12T04:34:06.858+0000] {dag.py:4138} INFO - Setting next_dagrun for conditional_dataset_and_time_based_timetable to 2026-08-12 01:00:00+00:00, run_after=2026-08-12 01:00:00+00:00
[2026-08-12T04:34:06.863+0000] {logging_mixin.py:190} INFO - [2026-08-12T04:34:06.863+0000] {dag.py:4138} INFO - Setting next_dagrun for consume_1_and_2_with_dataset_expressions to None, run_after=None
[2026-08-12T04:34:06.866+0000] {logging_mixin.py:190} INFO - [2026-08-12T04:34:06.865+0000] {dag.py:4138} INFO - Setting next_dagrun for consume_1_or_2_with_dataset_expressions to None, run_after=None
[2026-08-12T04:34:06.868+0000] {logging_mixin.py:190} INFO - [2026-08-12T04:34:06.868+0000] {dag.py:4138} INFO - Setting next_dagrun for consume_1_or_both_2_and_3_with_dataset_expressions to None, run_after=None
[2026-08-12T04:34:06.872+0000] {logging_mixin.py:190} INFO - [2026-08-12T04:34:06.871+0000] {dag.py:4138} INFO - Setting next_dagrun for dataset_consumes_1 to None, run_after=None
[2026-08-12T04:34:06.874+0000] {logging_mixin.py:190} INFO - [2026-08-12T04:34:06.874+0000] {dag.py:4138} INFO - Setting next_dagrun for dataset_consumes_1_and_2 to None, run_after=None
[2026-08-12T04:34:06.877+0000] {logging_mixin.py:190} INFO - [2026-08-12T04:34:06.876+0000] {dag.py:4138} INFO - Setting next_dagrun for dataset_consumes_1_never_scheduled to None, run_after=None
[2026-08-12T04:34:06.879+0000] {logging_mixin.py:190} INFO - [2026-08-12T04:34:06.879+0000] {dag.py:4138} INFO - Setting next_dagrun for dataset_consumes_unknown_never_scheduled to None, run_after=None
[2026-08-12T04:34:06.882+0000] {logging_mixin.py:190} INFO - [2026-08-12T04:34:06.882+0000] {dag.py:4138} INFO - Setting next_dagrun for dataset_produces_1 to 2026-08-11 00:00:00+00:00, run_after=2026-08-12 00:00:00+00:00
[2026-08-12T04:34:06.885+0000] {logging_mixin.py:190} INFO - [2026-08-12T04:34:06.885+0000] {dag.py:4138} INFO - Setting next_dagrun for dataset_produces_2 to None, run_after=None
[2026-08-12T04:34:06.923+0000] {processor.py:208} INFO - Processing /home/airflow/.local/lib/python3.12/site-packages/airflow/example_dags/example_datasets.py took 0.339 seconds
[2026-08-12T04:34:37.244+0000] {processor.py:186} INFO - Started process (PID=290) to work on /home/airflow/.local/lib/python3.12/site-packages/airflow/example_dags/example_datasets.py
[2026-08-12T04:34:37.245+0000] {processor.py:914} INFO - Processing file /home/airflow/.local/lib/python3.12/site-packages/airflow/example_dags/example_datasets.py for tasks to queue
[2026-08-12T04:34:37.248+0000] {logging_mixin.py:190} INFO - [2026-08-12T04:34:37.248+0000] {dagbag.py:587} INFO - Filling up the DagBag from /home/airflow/.local/lib/python3.12/site-packages/airflow/example_dags/example_datasets.py
[2026-08-12T04:34:37.383+0000] {processor.py:925} INFO - DAG(s) 'dataset_produces_2', 'dataset_consumes_1_and_2', 'dataset_consumes_unknown_never_scheduled', 'dataset_consumes_1', 'dataset_produces_1', 'consume_1_or_both_2_and_3_with_dataset_expressions', 'dataset_consumes_1_never_scheduled', 'conditional_dataset_and_time_based_timetable', 'consume_1_and_2_with_dataset_expressions', 'consume_1_or_2_with_dataset_expressions' retrieved from /home/airflow/.local/lib/python3.12/site-packages/airflow/example_dags/example_datasets.py
[2026-08-12T04:34:37.429+0000] {logging_mixin.py:190} INFO - [2026-08-12T04:34:37.428+0000] {dag.py:3211} INFO - Sync 10 DAGs
[2026-08-12T04:34:37.452+0000] {logging_mixin.py:190} INFO - [2026-08-12T04:34:37.451+0000] {dag.py:4138} INFO - Setting next_dagrun for conditional_dataset_and_time_based_timetable to 2026-08-12 01:00:00+00:00, run_after=2026-08-12 01:00:00+00:00
[2026-08-12T04:34:37.456+0000] {logging_mixin.py:190} INFO - [2026-08-12T04:34:37.456+0000] {dag.py:4138} INFO - Setting next_dagrun for consume_1_and_2_with_dataset_expressions to None, run_after=None
[2026-08-12T04:34:37.458+0000] {logging_mixin.py:190} INFO - [2026-08-12T04:34:37.458+0000] {dag.py:4138} INFO - Setting next_dagrun for consume_1_or_2_with_dataset_expressions to None, run_after=None
[2026-08-12T04:34:37.460+0000] {logging_mixin.py:190} INFO - [2026-08-12T04:34:37.460+0000] {dag.py:4138} INFO - Setting next_dagrun for consume_1_or_both_2_and_3_with_dataset_expressions to None, run_after=None
[2026-08-12T04:34:37.462+0000] {logging_mixin.py:190} INFO - [2026-08-12T04:34:37.462+0000] {dag.py:4138} INFO - Setting next_dagrun for dataset_consumes_1 to None, run_after=None
[2026-08-12T04:34:37.465+0000] {logging_mixin.py:190} INFO - [2026-08-12T04:34:37.464+0000] {dag.py:4138} INFO - Setting next_dagrun for dataset_consumes_1_and_2 to None, run_after=None
[2026-08-12T04:34:37.467+0000] {logging_mixin.py:190} INFO - [2026-08-12T04:34:37.466+0000] {dag.py:4138} INFO - Setting next_dagrun for dataset_consumes_1_never_scheduled to None, run_after=None
[2026-08-12T04:34:37.469+0000] {logging_mixin.py:190} INFO - [2026-08-12T04:34:37.468+0000] {dag.py:4138} INFO - Setting next_dagrun for dataset_consumes_unknown_never_scheduled to None, run_after=None
[2026-08-12T04:34:37.471+0000] {logging_mixin.py:190} INFO - [2026-08-12T04:34:37.471+0000] {dag.py:4138} INFO - Setting next_dagrun for dataset_produces_1 to 2026-08-11 00:00:00+00:00, run_after=2026-08-12 00:00:00+00:00
[2026-08-12T04:34:37.473+0000] {logging_mixin.py:190} INFO - [2026-08-12T04:34:37.473+0000] {dag.py:4138} INFO - Setting next_dagrun for dataset_produces_2 to None, run_after=None
[2026-08-12T04:34:37.510+0000] {processor.py:208} INFO - Processing /home/airflow/.local/lib/python3.12/site-packages/airflow/example_dags/example_datasets.py took 0.271 seconds
[2026-08-12T04:35:07.733+0000] {processor.py:186} INFO - Started process (PID=354) to work on /home/airflow/.local/lib/python3.12/site-packages/airflow/example_dags/example_datasets.py
[2026-08-12T04:35:07.735+0000] {processor.py:914} INFO - Processing file /home/airflow/.local/lib/python3.12/site-packages/airflow/example_dags/example_datasets.py for tasks to queue
[2026-08-12T04:35:07.738+0000] {logging_mixin.py:190} INFO - [2026-08-12T04:35:07.738+0000] {dagbag.py:587} INFO - Filling up the DagBag from /home/airflow/.local/lib/python3.12/site-packages/airflow/example_dags/example_datasets.py
[2026-08-12T04:35:07.999+0000] {processor.py:925} INFO - DAG(s) 'dataset_consumes_1_and_2', 'consume_1_and_2_with_dataset_expressions', 'conditional_dataset_and_time_based_timetable', 'dataset_produces_1', 'dataset_consumes_1', 'dataset_produces_2', 'consume_1_or_both_2_and_3_with_dataset_expressions', 'dataset_consumes_1_never_scheduled', 'dataset_consumes_unknown_never_scheduled', 'consume_1_or_2_with_dataset_expressions' retrieved from /home/airflow/.local/lib/python3.12/site-packages/airflow/example_dags/example_datasets.py
[2026-08-12T04:35:08.064+0000] {logging_mixin.py:190} INFO - [2026-08-12T04:35:08.064+0000] {dag.py:3211} INFO - Sync 10 DAGs
[2026-08-12T04:35:08.090+0000] {logging_mixin.py:190} INFO - [2026-08-12T04:35:08.090+0000] {dag.py:4138} INFO - Setting next_dagrun for conditional_dataset_and_time_based_timetable to 2026-08-12 01:00:00+00:00, run_after=2026-08-12 01:00:00+00:00
[2026-08-12T04:35:08.095+0000] {logging_mixin.py:190} INFO - [2026-08-12T04:35:08.095+0000] {dag.py:4138} INFO - Setting next_dagrun for consume_1_and_2_with_dataset_expressions to None, run_after=None
[2026-08-12T04:35:08.097+0000] {logging_mixin.py:190} INFO - [2026-08-12T04:35:08.097+0000] {dag.py:4138} INFO - Setting next_dagrun for consume_1_or_2_with_dataset_expressions to None, run_after=None
[2026-08-12T04:35:08.100+0000] {logging_mixin.py:190} INFO - [2026-08-12T04:35:08.099+0000] {dag.py:4138} INFO - Setting next_dagrun for consume_1_or_both_2_and_3_with_dataset_expressions to None, run_after=None
[2026-08-12T04:35:08.102+0000] {logging_mixin.py:190} INFO - [2026-08-12T04:35:08.102+0000] {dag.py:4138} INFO - Setting next_dagrun for dataset_consumes_1 to None, run_after=None
[2026-08-12T04:35:08.104+0000] {logging_mixin.py:190} INFO - [2026-08-12T04:35:08.104+0000] {dag.py:4138} INFO - Setting next_dagrun for dataset_consumes_1_and_2 to None, run_after=None
[2026-08-12T04:35:08.106+0000] {logging_mixin.py:190} INFO - [2026-08-12T04:35:08.106+0000] {dag.py:4138} INFO - Setting next_dagrun for dataset_consumes_1_never_scheduled to None, run_after=None
[2026-08-12T04:35:08.109+0000] {logging_mixin.py:190} INFO - [2026-08-12T04:35:08.108+0000] {dag.py:4138} INFO - Setting next_dagrun for dataset_consumes_unknown_never_scheduled to None, run_after=None
[2026-08-12T04:35:08.112+0000] {logging_mixin.py:190} INFO - [2026-08-12T04:35:08.112+0000] {dag.py:4138} INFO - Setting next_dagrun for dataset_produces_1 to 2026-08-11 00:00:00+00:00, run_after=2026-08-12 00:00:00+00:00
[2026-08-12T04:35:08.114+0000] {logging_mixin.py:190} INFO - [2026-08-12T04:35:08.114+0000] {dag.py:4138} INFO - Setting next_dagrun for dataset_produces_2 to None, run_after=None
[2026-08-12T04:35:08.151+0000] {processor.py:208} INFO - Processing /home/airflow/.local/lib/python3.12/site-packages/airflow/example_dags/example_datasets.py took 0.424 seconds
[2026-08-12T04:35:38.273+0000] {processor.py:186} INFO - Started process (PID=417) to work on /home/airflow/.local/lib/python3.12/site-packages/airflow/example_dags/example_datasets.py
[2026-08-12T04:35:38.275+0000] {processor.py:914} INFO - Processing file /home/airflow/.local/lib/python3.12/site-packages/airflow/example_dags/example_datasets.py for tasks to queue
[2026-08-12T04:35:38.278+0000] {logging_mixin.py:190} INFO - [2026-08-12T04:35:38.278+0000] {dagbag.py:587} INFO - Filling up the DagBag from /home/airflow/.local/lib/python3.12/site-packages/airflow/example_dags/example_datasets.py
[2026-08-12T04:35:38.431+0000] {processor.py:925} INFO - DAG(s) 'conditional_dataset_and_time_based_timetable', 'dataset_consumes_1_never_scheduled', 'consume_1_or_both_2_and_3_with_dataset_expressions', 'dataset_produces_2', 'dataset_consumes_1', 'dataset_produces_1', 'dataset_consumes_1_and_2', 'dataset_consumes_unknown_never_scheduled', 'consume_1_and_2_with_dataset_expressions', 'consume_1_or_2_with_dataset_expressions' retrieved from /home/airflow/.local/lib/python3.12/site-packages/airflow/example_dags/example_datasets.py
[2026-08-12T04:35:38.481+0000] {logging_mixin.py:190} INFO - [2026-08-12T04:35:38.481+0000] {dag.py:3211} INFO - Sync 10 DAGs
[2026-08-12T04:35:38.512+0000] {logging_mixin.py:190} INFO - [2026-08-12T04:35:38.512+0000] {dag.py:4138} INFO - Setting next_dagrun for conditional_dataset_and_time_based_timetable to 2026-08-12 01:00:00+00:00, run_after=2026-08-12 01:00:00+00:00
[2026-08-12T04:35:38.518+0000] {logging_mixin.py:190} INFO - [2026-08-12T04:35:38.517+0000] {dag.py:4138} INFO - Setting next_dagrun for consume_1_and_2_with_dataset_expressions to None, run_after=None
[2026-08-12T04:35:38.521+0000] {logging_mixin.py:190} INFO - [2026-08-12T04:35:38.520+0000] {dag.py:4138} INFO - Setting next_dagrun for consume_1_or_2_with_dataset_expressions to None, run_after=None
[2026-08-12T04:35:38.523+0000] {logging_mixin.py:190} INFO - [2026-08-12T04:35:38.523+0000] {dag.py:4138} INFO - Setting next_dagrun for consume_1_or_both_2_and_3_with_dataset_expressions to None, run_after=None
[2026-08-12T04:35:38.526+0000] {logging_mixin.py:190} INFO - [2026-08-12T04:35:38.525+0000] {dag.py:4138} INFO - Setting next_dagrun for dataset_consumes_1 to None, run_after=None
[2026-08-12T04:35:38.528+0000] {logging_mixin.py:190} INFO - [2026-08-12T04:35:38.528+0000] {dag.py:4138} INFO - Setting next_dagrun for dataset_consumes_1_and_2 to None, run_after=None
[2026-08-12T04:35:38.531+0000] {logging_mixin.py:190} INFO - [2026-08-12T04:35:38.531+0000] {dag.py:4138} INFO - Setting next_dagrun for dataset_consumes_1_never_scheduled to None, run_after=None
[2026-08-12T04:35:38.533+0000] {logging_mixin.py:190} INFO - [2026-08-12T04:35:38.533+0000] {dag.py:4138} INFO - Setting next_dagrun for dataset_consumes_unknown_never_scheduled to None, run_after=None
[2026-08-12T04:35:38.537+0000] {logging_mixin.py:190} INFO - [2026-08-12T04:35:38.537+0000] {dag.py:4138} INFO - Setting next_dagrun for dataset_produces_1 to 2026-08-11 00:00:00+00:00, run_after=2026-08-12 00:00:00+00:00
[2026-08-12T04:35:38.539+0000] {logging_mixin.py:190} INFO - [2026-08-12T04:35:38.539+0000] {dag.py:4138} INFO - Setting next_dagrun for dataset_produces_2 to None, run_after=None
[2026-08-12T04:35:38.581+0000] {processor.py:208} INFO - Processing /home/airflow/.local/lib/python3.12/site-packages/airflow/example_dags/example_datasets.py took 0.314 seconds
[2026-08-12T04:36:08.638+0000] {processor.py:186} INFO - Started process (PID=479) to work on /home/airflow/.local/lib/python3.12/site-packages/airflow/example_dags/example_datasets.py
[2026-08-12T04:36:08.640+0000] {processor.py:914} INFO - Processing file /home/airflow/.local/lib/python3.12/site-packages/airflow/example_dags/example_datasets.py for tasks to queue
[2026-08-12T04:36:08.644+0000] {logging_mixin.py:190} INFO - [2026-08-12T04:36:08.643+0000] {dagbag.py:587} INFO - Filling up the DagBag from /home/airflow/.local/lib/python3.12/site-packages/airflow/example_dags/example_datasets.py
[2026-08-12T04:36:08.771+0000] {processor.py:925} INFO - DAG(s) 'dataset_produces_1', 'dataset_consumes_unknown_never_scheduled', 'conditional_dataset_and_time_based_timetable', 'dataset_produces_2', 'consume_1_or_2_with_dataset_expressions', 'dataset_consumes_1_never_scheduled', 'consume_1_or_both_2_and_3_with_dataset_expressions', 'dataset_consumes_1', 'dataset_consumes_1_and_2', 'consume_1_and_2_with_dataset_expressions' retrieved from /home/airflow/.local/lib/python3.12/site-packages/airflow/example_dags/example_datasets.py
[2026-08-12T04:36:08.856+0000] {logging_mixin.py:190} INFO - [2026-08-12T04:36:08.855+0000] {dag.py:3211} INFO - Sync 10 DAGs
[2026-08-12T04:36:08.883+0000] {logging_mixin.py:190} INFO - [2026-08-12T04:36:08.883+0000] {dag.py:4138} INFO - Setting next_dagrun for conditional_dataset_and_time_based_timetable to 2026-08-12 01:00:00+00:00, run_after=2026-08-12 01:00:00+00:00
[2026-08-12T04:36:08.888+0000] {logging_mixin.py:190} INFO - [2026-08-12T04:36:08.888+0000] {dag.py:4138} INFO - Setting next_dagrun for consume_1_and_2_with_dataset_expressions to None, run_after=None
[2026-08-12T04:36:08.891+0000] {logging_mixin.py:190} INFO - [2026-08-12T04:36:08.891+0000] {dag.py:4138} INFO - Setting next_dagrun for consume_1_or_2_with_dataset_expressions to None, run_after=None
[2026-08-12T04:36:08.893+0000] {logging_mixin.py:190} INFO - [2026-08-12T04:36:08.893+0000] {dag.py:4138} INFO - Setting next_dagrun for consume_1_or_both_2_and_3_with_dataset_expressions to None, run_after=None
[2026-08-12T04:36:08.895+0000] {logging_mixin.py:190} INFO - [2026-08-12T04:36:08.895+0000] {dag.py:4138} INFO - Setting next_dagrun for dataset_consumes_1 to None, run_after=None
[2026-08-12T04:36:08.898+0000] {logging_mixin.py:190} INFO - [2026-08-12T04:36:08.897+0000] {dag.py:4138} INFO - Setting next_dagrun for dataset_consumes_1_and_2 to None, run_after=None
[2026-08-12T04:36:08.900+0000] {logging_mixin.py:190} INFO - [2026-08-12T04:36:08.899+0000] {dag.py:4138} INFO - Setting next_dagrun for dataset_consumes_1_never_scheduled to None, run_after=None
[2026-08-12T04:36:08.901+0000] {logging_mixin.py:190} INFO - [2026-08-12T04:36:08.901+0000] {dag.py:4138} INFO - Setting next_dagrun for dataset_consumes_unknown_never_scheduled to None, run_after=None
[2026-08-12T04:36:08.904+0000] {logging_mixin.py:190} INFO - [2026-08-12T04:36:08.904+0000] {dag.py:4138} INFO - Setting next_dagrun for dataset_produces_1 to 2026-08-11 00:00:00+00:00, run_after=2026-08-12 00:00:00+00:00
[2026-08-12T04:36:08.908+0000] {logging_mixin.py:190} INFO - [2026-08-12T04:36:08.907+0000] {dag.py:4138} INFO - Setting next_dagrun for dataset_produces_2 to None, run_after=None
[2026-08-12T04:36:08.943+0000] {processor.py:208} INFO - Processing /home/airflow/.local/lib/python3.12/site-packages/airflow/example_dags/example_datasets.py took 0.312 seconds
[2026-08-12T04:36:39.699+0000] {processor.py:186} INFO - Started process (PID=541) to work on /home/airflow/.local/lib/python3.12/site-packages/airflow/example_dags/example_datasets.py
[2026-08-12T04:36:39.701+0000] {processor.py:914} INFO - Processing file /home/airflow/.local/lib/python3.12/site-packages/airflow/example_dags/example_datasets.py for tasks to queue
[2026-08-12T04:36:39.706+0000] {logging_mixin.py:190} INFO - [2026-08-12T04:36:39.706+0000] {dagbag.py:587} INFO - Filling up the DagBag from /home/airflow/.local/lib/python3.12/site-packages/airflow/example_dags/example_datasets.py
[2026-08-12T04:36:39.940+0000] {processor.py:925} INFO - DAG(s) 'consume_1_or_2_with_dataset_expressions', 'consume_1_or_both_2_and_3_with_dataset_expressions', 'consume_1_and_2_with_dataset_expressions', 'dataset_produces_1', 'dataset_consumes_unknown_never_scheduled', 'dataset_produces_2', 'conditional_dataset_and_time_based_timetable', 'dataset_consumes_1_and_2', 'dataset_consumes_1', 'dataset_consumes_1_never_scheduled' retrieved from /home/airflow/.local/lib/python3.12/site-packages/airflow/example_dags/example_datasets.py
[2026-08-12T04:36:40.005+0000] {logging_mixin.py:190} INFO - [2026-08-12T04:36:40.004+0000] {dag.py:3211} INFO - Sync 10 DAGs
[2026-08-12T04:36:40.049+0000] {logging_mixin.py:190} INFO - [2026-08-12T04:36:40.048+0000] {dag.py:4138} INFO - Setting next_dagrun for conditional_dataset_and_time_based_timetable to 2026-08-12 01:00:00+00:00, run_after=2026-08-12 01:00:00+00:00
[2026-08-12T04:36:40.055+0000] {logging_mixin.py:190} INFO - [2026-08-12T04:36:40.055+0000] {dag.py:4138} INFO - Setting next_dagrun for consume_1_and_2_with_dataset_expressions to None, run_after=None
[2026-08-12T04:36:40.059+0000] {logging_mixin.py:190} INFO - [2026-08-12T04:36:40.059+0000] {dag.py:4138} INFO - Setting next_dagrun for consume_1_or_2_with_dataset_expressions to None, run_after=None
[2026-08-12T04:36:40.063+0000] {logging_mixin.py:190} INFO - [2026-08-12T04:36:40.062+0000] {dag.py:4138} INFO - Setting next_dagrun for consume_1_or_both_2_and_3_with_dataset_expressions to None, run_after=None
[2026-08-12T04:36:40.067+0000] {logging_mixin.py:190} INFO - [2026-08-12T04:36:40.066+0000] {dag.py:4138} INFO - Setting next_dagrun for dataset_consumes_1 to None, run_after=None
[2026-08-12T04:36:40.070+0000] {logging_mixin.py:190} INFO - [2026-08-12T04:36:40.069+0000] {dag.py:4138} INFO - Setting next_dagrun for dataset_consumes_1_and_2 to None, run_after=None
[2026-08-12T04:36:40.073+0000] {logging_mixin.py:190} INFO - [2026-08-12T04:36:40.073+0000] {dag.py:4138} INFO - Setting next_dagrun for dataset_consumes_1_never_scheduled to None, run_after=None
[2026-08-12T04:36:40.076+0000] {logging_mixin.py:190} INFO - [2026-08-12T04:36:40.076+0000] {dag.py:4138} INFO - Setting next_dagrun for dataset_consumes_unknown_never_scheduled to None, run_after=None
[2026-08-12T04:36:40.079+0000] {logging_mixin.py:190} INFO - [2026-08-12T04:36:40.079+0000] {dag.py:4138} INFO - Setting next_dagrun for dataset_produces_1 to 2026-08-11 00:00:00+00:00, run_after=2026-08-12 00:00:00+00:00
[2026-08-12T04:36:40.083+0000] {logging_mixin.py:190} INFO - [2026-08-12T04:36:40.082+0000] {dag.py:4138} INFO - Setting next_dagrun for dataset_produces_2 to None, run_after=None
[2026-08-12T04:36:40.182+0000] {processor.py:208} INFO - Processing /home/airflow/.local/lib/python3.12/site-packages/airflow/example_dags/example_datasets.py took 0.493 seconds
[2026-08-12T04:37:10.857+0000] {processor.py:186} INFO - Started process (PID=603) to work on /home/airflow/.local/lib/python3.12/site-packages/airflow/example_dags/example_datasets.py
[2026-08-12T04:37:10.859+0000] {processor.py:914} INFO - Processing file /home/airflow/.local/lib/python3.12/site-packages/airflow/example_dags/example_datasets.py for tasks to queue
[2026-08-12T04:37:10.863+0000] {logging_mixin.py:190} INFO - [2026-08-12T04:37:10.863+0000] {dagbag.py:587} INFO - Filling up the DagBag from /home/airflow/.local/lib/python3.12/site-packages/airflow/example_dags/example_datasets.py
[2026-08-12T04:37:11.007+0000] {processor.py:925} INFO - DAG(s) 'dataset_consumes_1', 'dataset_consumes_1_never_scheduled', 'dataset_consumes_unknown_never_scheduled', 'conditional_dataset_and_time_based_timetable', 'dataset_produces_2', 'consume_1_or_2_with_dataset_expressions', 'consume_1_or_both_2_and_3_with_dataset_expressions', 'dataset_produces_1', 'dataset_consumes_1_and_2', 'consume_1_and_2_with_dataset_expressions' retrieved from /home/airflow/.local/lib/python3.12/site-packages/airflow/example_dags/example_datasets.py
[2026-08-12T04:37:11.078+0000] {logging_mixin.py:190} INFO - [2026-08-12T04:37:11.078+0000] {dag.py:3211} INFO - Sync 10 DAGs
[2026-08-12T04:37:11.116+0000] {logging_mixin.py:190} INFO - [2026-08-12T04:37:11.115+0000] {dag.py:4138} INFO - Setting next_dagrun for conditional_dataset_and_time_based_timetable to 2026-08-12 01:00:00+00:00, run_after=2026-08-12 01:00:00+00:00
[2026-08-12T04:37:11.121+0000] {logging_mixin.py:190} INFO - [2026-08-12T04:37:11.121+0000] {dag.py:4138} INFO - Setting next_dagrun for consume_1_and_2_with_dataset_expressions to None, run_after=None
[2026-08-12T04:37:11.124+0000] {logging_mixin.py:190} INFO - [2026-08-12T04:37:11.124+0000] {dag.py:4138} INFO - Setting next_dagrun for consume_1_or_2_with_dataset_expressions to None, run_after=None
[2026-08-12T04:37:11.127+0000] {logging_mixin.py:190} INFO - [2026-08-12T04:37:11.127+0000] {dag.py:4138} INFO - Setting next_dagrun for consume_1_or_both_2_and_3_with_dataset_expressions to None, run_after=None
[2026-08-12T04:37:11.130+0000] {logging_mixin.py:190} INFO - [2026-08-12T04:37:11.130+0000] {dag.py:4138} INFO - Setting next_dagrun for dataset_consumes_1 to None, run_after=None
[2026-08-12T04:37:11.133+0000] {logging_mixin.py:190} INFO - [2026-08-12T04:37:11.132+0000] {dag.py:4138} INFO - Setting next_dagrun for dataset_consumes_1_and_2 to None, run_after=None
[2026-08-12T04:37:11.135+0000] {logging_mixin.py:190} INFO - [2026-08-12T04:37:11.135+0000] {dag.py:4138} INFO - Setting next_dagrun for dataset_consumes_1_never_scheduled to None, run_after=None
[2026-08-12T04:37:11.137+0000] {logging_mixin.py:190} INFO - [2026-08-12T04:37:11.137+0000] {dag.py:4138} INFO - Setting next_dagrun for dataset_consumes_unknown_never_scheduled to None, run_after=None
[2026-08-12T04:37:11.140+0000] {logging_mixin.py:190} INFO - [2026-08-12T04:37:11.140+0000] {dag.py:4138} INFO - Setting next_dagrun for dataset_produces_1 to 2026-08-11 00:00:00+00:00, run_after=2026-08-12 00:00:00+00:00
[2026-08-12T04:37:11.143+0000] {logging_mixin.py:190} INFO - [2026-08-12T04:37:11.143+0000] {dag.py:4138} INFO - Setting next_dagrun for dataset_produces_2 to None, run_after=None
[2026-08-12T04:37:11.181+0000] {processor.py:208} INFO - Processing /home/airflow/.local/lib/python3.12/site-packages/airflow/example_dags/example_datasets.py took 0.329 seconds
[2026-08-12T04:37:41.464+0000] {processor.py:186} INFO - Started process (PID=665) to work on /home/airflow/.local/lib/python3.12/site-packages/airflow/example_dags/example_datasets.py
[2026-08-12T04:37:41.466+0000] {processor.py:914} INFO - Processing file /home/airflow/.local/lib/python3.12/site-packages/airflow/example_dags/example_datasets.py for tasks to queue
[2026-08-12T04:37:41.470+0000] {logging_mixin.py:190} INFO - [2026-08-12T04:37:41.470+0000] {dagbag.py:587} INFO - Filling up the DagBag from /home/airflow/.local/lib/python3.12/site-packages/airflow/example_dags/example_datasets.py
[2026-08-12T04:37:41.643+0000] {processor.py:925} INFO - DAG(s) 'dataset_consumes_1_never_scheduled', 'dataset_produces_2', 'conditional_dataset_and_time_based_timetable', 'dataset_consumes_1', 'dataset_consumes_1_and_2', 'dataset_consumes_unknown_never_scheduled', 'consume_1_and_2_with_dataset_expressions', 'consume_1_or_both_2_and_3_with_dataset_expressions', 'consume_1_or_2_with_dataset_expressions', 'dataset_produces_1' retrieved from /home/airflow/.local/lib/python3.12/site-packages/airflow/example_dags/example_datasets.py
[2026-08-12T04:37:41.691+0000] {logging_mixin.py:190} INFO - [2026-08-12T04:37:41.691+0000] {dag.py:3211} INFO - Sync 10 DAGs
[2026-08-12T04:37:41.718+0000] {logging_mixin.py:190} INFO - [2026-08-12T04:37:41.718+0000] {dag.py:4138} INFO - Setting next_dagrun for conditional_dataset_and_time_based_timetable to 2026-08-12 01:00:00+00:00, run_after=2026-08-12 01:00:00+00:00
[2026-08-12T04:37:41.723+0000] {logging_mixin.py:190} INFO - [2026-08-12T04:37:41.723+0000] {dag.py:4138} INFO - Setting next_dagrun for consume_1_and_2_with_dataset_expressions to None, run_after=None
[2026-08-12T04:37:41.726+0000] {logging_mixin.py:190} INFO - [2026-08-12T04:37:41.726+0000] {dag.py:4138} INFO - Setting next_dagrun for consume_1_or_2_with_dataset_expressions to None, run_after=None
[2026-08-12T04:37:41.729+0000] {logging_mixin.py:190} INFO - [2026-08-12T04:37:41.728+0000] {dag.py:4138} INFO - Setting next_dagrun for consume_1_or_both_2_and_3_with_dataset_expressions to None, run_after=None
[2026-08-12T04:37:41.731+0000] {logging_mixin.py:190} INFO - [2026-08-12T04:37:41.731+0000] {dag.py:4138} INFO - Setting next_dagrun for dataset_consumes_1 to None, run_after=None
[2026-08-12T04:37:41.734+0000] {logging_mixin.py:190} INFO - [2026-08-12T04:37:41.734+0000] {dag.py:4138} INFO - Setting next_dagrun for dataset_consumes_1_and_2 to None, run_after=None
[2026-08-12T04:37:41.736+0000] {logging_mixin.py:190} INFO - [2026-08-12T04:37:41.736+0000] {dag.py:4138} INFO - Setting next_dagrun for dataset_consumes_1_never_scheduled to None, run_after=None
[2026-08-12T04:37:41.738+0000] {logging_mixin.py:190} INFO - [2026-08-12T04:37:41.738+0000] {dag.py:4138} INFO - Setting next_dagrun for dataset_consumes_unknown_never_scheduled to None, run_after=None
[2026-08-12T04:37:41.741+0000] {logging_mixin.py:190} INFO - [2026-08-12T04:37:41.741+0000] {dag.py:4138} INFO - Setting next_dagrun for dataset_produces_1 to 2026-08-11 00:00:00+00:00, run_after=2026-08-12 00:00:00+00:00
[2026-08-12T04:37:41.744+0000] {logging_mixin.py:190} INFO - [2026-08-12T04:37:41.744+0000] {dag.py:4138} INFO - Setting next_dagrun for dataset_produces_2 to None, run_after=None
[2026-08-12T04:37:41.777+0000] {processor.py:208} INFO - Processing /home/airflow/.local/lib/python3.12/site-packages/airflow/example_dags/example_datasets.py took 0.321 seconds
[2026-08-12T04:38:12.649+0000] {processor.py:186} INFO - Started process (PID=727) to work on /home/airflow/.local/lib/python3.12/site-packages/airflow/example_dags/example_datasets.py
[2026-08-12T04:38:12.651+0000] {processor.py:914} INFO - Processing file /home/airflow/.local/lib/python3.12/site-packages/airflow/example_dags/example_datasets.py for tasks to queue
[2026-08-12T04:38:12.655+0000] {logging_mixin.py:190} INFO - [2026-08-12T04:38:12.654+0000] {dagbag.py:587} INFO - Filling up the DagBag from /home/airflow/.local/lib/python3.12/site-packages/airflow/example_dags/example_datasets.py
[2026-08-12T04:38:12.795+0000] {processor.py:925} INFO - DAG(s) 'consume_1_or_2_with_dataset_expressions', 'dataset_produces_1', 'consume_1_and_2_with_dataset_expressions', 'consume_1_or_both_2_and_3_with_dataset_expressions', 'dataset_consumes_unknown_never_scheduled', 'dataset_produces_2', 'conditional_dataset_and_time_based_timetable', 'dataset_consumes_1_never_scheduled', 'dataset_consumes_1', 'dataset_consumes_1_and_2' retrieved from /home/airflow/.local/lib/python3.12/site-packages/airflow/example_dags/example_datasets.py
[2026-08-12T04:38:12.838+0000] {logging_mixin.py:190} INFO - [2026-08-12T04:38:12.837+0000] {dag.py:3211} INFO - Sync 10 DAGs
[2026-08-12T04:38:12.863+0000] {logging_mixin.py:190} INFO - [2026-08-12T04:38:12.863+0000] {dag.py:4138} INFO - Setting next_dagrun for conditional_dataset_and_time_based_timetable to 2026-08-12 01:00:00+00:00, run_after=2026-08-12 01:00:00+00:00
[2026-08-12T04:38:12.868+0000] {logging_mixin.py:190} INFO - [2026-08-12T04:38:12.868+0000] {dag.py:4138} INFO - Setting next_dagrun for consume_1_and_2_with_dataset_expressions to None, run_after=None
[2026-08-12T04:38:12.871+0000] {logging_mixin.py:190} INFO - [2026-08-12T04:38:12.870+0000] {dag.py:4138} INFO - Setting next_dagrun for consume_1_or_2_with_dataset_expressions to None, run_after=None
[2026-08-12T04:38:12.873+0000] {logging_mixin.py:190} INFO - [2026-08-12T04:38:12.873+0000] {dag.py:4138} INFO - Setting next_dagrun for consume_1_or_both_2_and_3_with_dataset_expressions to None, run_after=None
[2026-08-12T04:38:12.875+0000] {logging_mixin.py:190} INFO - [2026-08-12T04:38:12.875+0000] {dag.py:4138} INFO - Setting next_dagrun for dataset_consumes_1 to None, run_after=None
[2026-08-12T04:38:12.878+0000] {logging_mixin.py:190} INFO - [2026-08-12T04:38:12.877+0000] {dag.py:4138} INFO - Setting next_dagrun for dataset_consumes_1_and_2 to None, run_after=None
[2026-08-12T04:38:12.880+0000] {logging_mixin.py:190} INFO - [2026-08-12T04:38:12.879+0000] {dag.py:4138} INFO - Setting next_dagrun for dataset_consumes_1_never_scheduled to None, run_after=None
[2026-08-12T04:38:12.882+0000] {logging_mixin.py:190} INFO - [2026-08-12T04:38:12.882+0000] {dag.py:4138} INFO - Setting next_dagrun for dataset_consumes_unknown_never_scheduled to None, run_after=None
[2026-08-12T04:38:12.885+0000] {logging_mixin.py:190} INFO - [2026-08-12T04:38:12.885+0000] {dag.py:4138} INFO - Setting next_dagrun for dataset_produces_1 to 2026-08-11 00:00:00+00:00, run_after=2026-08-12 00:00:00+00:00
[2026-08-12T04:38:12.887+0000] {logging_mixin.py:190} INFO - [2026-08-12T04:38:12.887+0000] {dag.py:4138} INFO - Setting next_dagrun for dataset_produces_2 to None, run_after=None
[2026-08-12T04:38:12.921+0000] {processor.py:208} INFO - Processing /home/airflow/.local/lib/python3.12/site-packages/airflow/example_dags/example_datasets.py took 0.279 seconds
[2026-08-12T04:38:43.222+0000] {processor.py:186} INFO - Started process (PID=790) to work on /home/airflow/.local/lib/python3.12/site-packages/airflow/example_dags/example_datasets.py
[2026-08-12T04:38:43.224+0000] {processor.py:914} INFO - Processing file /home/airflow/.local/lib/python3.12/site-packages/airflow/example_dags/example_datasets.py for tasks to queue
[2026-08-12T04:38:43.227+0000] {logging_mixin.py:190} INFO - [2026-08-12T04:38:43.227+0000] {dagbag.py:587} INFO - Filling up the DagBag from /home/airflow/.local/lib/python3.12/site-packages/airflow/example_dags/example_datasets.py
[2026-08-12T04:38:43.373+0000] {processor.py:925} INFO - DAG(s) 'dataset_consumes_1', 'dataset_produces_2', 'conditional_dataset_and_time_based_timetable', 'dataset_produces_1', 'dataset_consumes_1_and_2', 'consume_1_or_2_with_dataset_expressions', 'dataset_consumes_unknown_never_scheduled', 'dataset_consumes_1_never_scheduled', 'consume_1_and_2_with_dataset_expressions', 'consume_1_or_both_2_and_3_with_dataset_expressions' retrieved from /home/airflow/.local/lib/python3.12/site-packages/airflow/example_dags/example_datasets.py
[2026-08-12T04:38:43.427+0000] {logging_mixin.py:190} INFO - [2026-08-12T04:38:43.426+0000] {dag.py:3211} INFO - Sync 10 DAGs
[2026-08-12T04:38:43.461+0000] {logging_mixin.py:190} INFO - [2026-08-12T04:38:43.461+0000] {dag.py:4138} INFO - Setting next_dagrun for conditional_dataset_and_time_based_timetable to 2026-08-12 01:00:00+00:00, run_after=2026-08-12 01:00:00+00:00
[2026-08-12T04:38:43.468+0000] {logging_mixin.py:190} INFO - [2026-08-12T04:38:43.467+0000] {dag.py:4138} INFO - Setting next_dagrun for consume_1_and_2_with_dataset_expressions to None, run_after=None
[2026-08-12T04:38:43.470+0000] {logging_mixin.py:190} INFO - [2026-08-12T04:38:43.470+0000] {dag.py:4138} INFO - Setting next_dagrun for consume_1_or_2_with_dataset_expressions to None, run_after=None
[2026-08-12T04:38:43.473+0000] {logging_mixin.py:190} INFO - [2026-08-12T04:38:43.472+0000] {dag.py:4138} INFO - Setting next_dagrun for consume_1_or_both_2_and_3_with_dataset_expressions to None, run_after=None
[2026-08-12T04:38:43.475+0000] {logging_mixin.py:190} INFO - [2026-08-12T04:38:43.475+0000] {dag.py:4138} INFO - Setting next_dagrun for dataset_consumes_1 to None, run_after=None
[2026-08-12T04:38:43.478+0000] {logging_mixin.py:190} INFO - [2026-08-12T04:38:43.478+0000] {dag.py:4138} INFO - Setting next_dagrun for dataset_consumes_1_and_2 to None, run_after=None
[2026-08-12T04:38:43.480+0000] {logging_mixin.py:190} INFO - [2026-08-12T04:38:43.480+0000] {dag.py:4138} INFO - Setting next_dagrun for dataset_consumes_1_never_scheduled to None, run_after=None
[2026-08-12T04:38:43.482+0000] {logging_mixin.py:190} INFO - [2026-08-12T04:38:43.482+0000] {dag.py:4138} INFO - Setting next_dagrun for dataset_consumes_unknown_never_scheduled to None, run_after=None
[2026-08-12T04:38:43.486+0000] {logging_mixin.py:190} INFO - [2026-08-12T04:38:43.485+0000] {dag.py:4138} INFO - Setting next_dagrun for dataset_produces_1 to 2026-08-11 00:00:00+00:00, run_after=2026-08-12 00:00:00+00:00
[2026-08-12T04:38:43.488+0000] {logging_mixin.py:190} INFO - [2026-08-12T04:38:43.488+0000] {dag.py:4138} INFO - Setting next_dagrun for dataset_produces_2 to None, run_after=None
[2026-08-12T04:38:43.534+0000] {processor.py:208} INFO - Processing /home/airflow/.local/lib/python3.12/site-packages/airflow/example_dags/example_datasets.py took 0.317 seconds
[2026-08-12T04:39:13.827+0000] {processor.py:186} INFO - Started process (PID=851) to work on /home/airflow/.local/lib/python3.12/site-packages/airflow/example_dags/example_datasets.py
[2026-08-12T04:39:13.829+0000] {processor.py:914} INFO - Processing file /home/airflow/.local/lib/python3.12/site-packages/airflow/example_dags/example_datasets.py for tasks to queue
[2026-08-12T04:39:13.834+0000] {logging_mixin.py:190} INFO - [2026-08-12T04:39:13.833+0000] {dagbag.py:587} INFO - Filling up the DagBag from /home/airflow/.local/lib/python3.12/site-packages/airflow/example_dags/example_datasets.py
[2026-08-12T04:39:14.012+0000] {processor.py:925} INFO - DAG(s) 'conditional_dataset_and_time_based_timetable', 'consume_1_or_both_2_and_3_with_dataset_expressions', 'dataset_produces_1', 'consume_1_and_2_with_dataset_expressions', 'dataset_consumes_1', 'dataset_consumes_1_and_2', 'dataset_consumes_unknown_never_scheduled', 'consume_1_or_2_with_dataset_expressions', 'dataset_consumes_1_never_scheduled', 'dataset_produces_2' retrieved from /home/airflow/.local/lib/python3.12/site-packages/airflow/example_dags/example_datasets.py
[2026-08-12T04:39:14.057+0000] {logging_mixin.py:190} INFO - [2026-08-12T04:39:14.056+0000] {dag.py:3211} INFO - Sync 10 DAGs
[2026-08-12T04:39:14.081+0000] {logging_mixin.py:190} INFO - [2026-08-12T04:39:14.081+0000] {dag.py:4138} INFO - Setting next_dagrun for conditional_dataset_and_time_based_timetable to 2026-08-12 01:00:00+00:00, run_after=2026-08-12 01:00:00+00:00
[2026-08-12T04:39:14.086+0000] {logging_mixin.py:190} INFO - [2026-08-12T04:39:14.086+0000] {dag.py:4138} INFO - Setting next_dagrun for consume_1_and_2_with_dataset_expressions to None, run_after=None
[2026-08-12T04:39:14.089+0000] {logging_mixin.py:190} INFO - [2026-08-12T04:39:14.088+0000] {dag.py:4138} INFO - Setting next_dagrun for consume_1_or_2_with_dataset_expressions to None, run_after=None
[2026-08-12T04:39:14.091+0000] {logging_mixin.py:190} INFO - [2026-08-12T04:39:14.091+0000] {dag.py:4138} INFO - Setting next_dagrun for consume_1_or_both_2_and_3_with_dataset_expressions to None, run_after=None
[2026-08-12T04:39:14.093+0000] {logging_mixin.py:190} INFO - [2026-08-12T04:39:14.093+0000] {dag.py:4138} INFO - Setting next_dagrun for dataset_consumes_1 to None, run_after=None
[2026-08-12T04:39:14.096+0000] {logging_mixin.py:190} INFO - [2026-08-12T04:39:14.095+0000] {dag.py:4138} INFO - Setting next_dagrun for dataset_consumes_1_and_2 to None, run_after=None
[2026-08-12T04:39:14.098+0000] {logging_mixin.py:190} INFO - [2026-08-12T04:39:14.097+0000] {dag.py:4138} INFO - Setting next_dagrun for dataset_consumes_1_never_scheduled to None, run_after=None
[2026-08-12T04:39:14.100+0000] {logging_mixin.py:190} INFO - [2026-08-12T04:39:14.099+0000] {dag.py:4138} INFO - Setting next_dagrun for dataset_consumes_unknown_never_scheduled to None, run_after=None
[2026-08-12T04:39:14.103+0000] {logging_mixin.py:190} INFO - [2026-08-12T04:39:14.103+0000] {dag.py:4138} INFO - Setting next_dagrun for dataset_produces_1 to 2026-08-11 00:00:00+00:00, run_after=2026-08-12 00:00:00+00:00
[2026-08-12T04:39:14.106+0000] {logging_mixin.py:190} INFO - [2026-08-12T04:39:14.106+0000] {dag.py:4138} INFO - Setting next_dagrun for dataset_produces_2 to None, run_after=None
[2026-08-12T04:39:14.149+0000] {processor.py:208} INFO - Processing /home/airflow/.local/lib/python3.12/site-packages/airflow/example_dags/example_datasets.py took 0.330 seconds
[2026-08-12T04:39:44.302+0000] {processor.py:186} INFO - Started process (PID=913) to work on /home/airflow/.local/lib/python3.12/site-packages/airflow/example_dags/example_datasets.py
[2026-08-12T04:39:44.304+0000] {processor.py:914} INFO - Processing file /home/airflow/.local/lib/python3.12/site-packages/airflow/example_dags/example_datasets.py for tasks to queue
[2026-08-12T04:39:44.307+0000] {logging_mixin.py:190} INFO - [2026-08-12T04:39:44.306+0000] {dagbag.py:587} INFO - Filling up the DagBag from /home/airflow/.local/lib/python3.12/site-packages/airflow/example_dags/example_datasets.py
[2026-08-12T04:39:44.434+0000] {processor.py:925} INFO - DAG(s) 'dataset_consumes_unknown_never_scheduled', 'dataset_consumes_1_and_2', 'conditional_dataset_and_time_based_timetable', 'dataset_consumes_1', 'dataset_consumes_1_never_scheduled', 'dataset_produces_1', 'consume_1_or_both_2_and_3_with_dataset_expressions', 'consume_1_or_2_with_dataset_expressions', 'dataset_produces_2', 'consume_1_and_2_with_dataset_expressions' retrieved from /home/airflow/.local/lib/python3.12/site-packages/airflow/example_dags/example_datasets.py
[2026-08-12T04:39:44.480+0000] {logging_mixin.py:190} INFO - [2026-08-12T04:39:44.480+0000] {dag.py:3211} INFO - Sync 10 DAGs
[2026-08-12T04:39:44.507+0000] {logging_mixin.py:190} INFO - [2026-08-12T04:39:44.507+0000] {dag.py:4138} INFO - Setting next_dagrun for conditional_dataset_and_time_based_timetable to 2026-08-12 01:00:00+00:00, run_after=2026-08-12 01:00:00+00:00
[2026-08-12T04:39:44.512+0000] {logging_mixin.py:190} INFO - [2026-08-12T04:39:44.511+0000] {dag.py:4138} INFO - Setting next_dagrun for consume_1_and_2_with_dataset_expressions to None, run_after=None
[2026-08-12T04:39:44.514+0000] {logging_mixin.py:190} INFO - [2026-08-12T04:39:44.514+0000] {dag.py:4138} INFO - Setting next_dagrun for consume_1_or_2_with_dataset_expressions to None, run_after=None
[2026-08-12T04:39:44.517+0000] {logging_mixin.py:190} INFO - [2026-08-12T04:39:44.517+0000] {dag.py:4138} INFO - Setting next_dagrun for consume_1_or_both_2_and_3_with_dataset_expressions to None, run_after=None
[2026-08-12T04:39:44.519+0000] {logging_mixin.py:190} INFO - [2026-08-12T04:39:44.519+0000] {dag.py:4138} INFO - Setting next_dagrun for dataset_consumes_1 to None, run_after=None
[2026-08-12T04:39:44.522+0000] {logging_mixin.py:190} INFO - [2026-08-12T04:39:44.521+0000] {dag.py:4138} INFO - Setting next_dagrun for dataset_consumes_1_and_2 to None, run_after=None
[2026-08-12T04:39:44.524+0000] {logging_mixin.py:190} INFO - [2026-08-12T04:39:44.524+0000] {dag.py:4138} INFO - Setting next_dagrun for dataset_consumes_1_never_scheduled to None, run_after=None
[2026-08-12T04:39:44.527+0000] {logging_mixin.py:190} INFO - [2026-08-12T04:39:44.527+0000] {dag.py:4138} INFO - Setting next_dagrun for dataset_consumes_unknown_never_scheduled to None, run_after=None
[2026-08-12T04:39:44.530+0000] {logging_mixin.py:190} INFO - [2026-08-12T04:39:44.530+0000] {dag.py:4138} INFO - Setting next_dagrun for dataset_produces_1 to 2026-08-11 00:00:00+00:00, run_after=2026-08-12 00:00:00+00:00
[2026-08-12T04:39:44.532+0000] {logging_mixin.py:190} INFO - [2026-08-12T04:39:44.532+0000] {dag.py:4138} INFO - Setting next_dagrun for dataset_produces_2 to None, run_after=None
[2026-08-12T04:39:44.569+0000] {processor.py:208} INFO - Processing /home/airflow/.local/lib/python3.12/site-packages/airflow/example_dags/example_datasets.py took 0.272 seconds
[2026-08-12T04:40:14.900+0000] {processor.py:186} INFO - Started process (PID=975) to work on /home/airflow/.local/lib/python3.12/site-packages/airflow/example_dags/example_datasets.py
[2026-08-12T04:40:14.902+0000] {processor.py:914} INFO - Processing file /home/airflow/.local/lib/python3.12/site-packages/airflow/example_dags/example_datasets.py for tasks to queue
[2026-08-12T04:40:14.905+0000] {logging_mixin.py:190} INFO - [2026-08-12T04:40:14.905+0000] {dagbag.py:587} INFO - Filling up the DagBag from /home/airflow/.local/lib/python3.12/site-packages/airflow/example_dags/example_datasets.py
[2026-08-12T04:40:15.046+0000] {processor.py:925} INFO - DAG(s) 'dataset_consumes_1', 'consume_1_or_both_2_and_3_with_dataset_expressions', 'consume_1_or_2_with_dataset_expressions', 'conditional_dataset_and_time_based_timetable', 'dataset_consumes_unknown_never_scheduled', 'dataset_consumes_1_and_2', 'dataset_produces_2', 'consume_1_and_2_with_dataset_expressions', 'dataset_consumes_1_never_scheduled', 'dataset_produces_1' retrieved from /home/airflow/.local/lib/python3.12/site-packages/airflow/example_dags/example_datasets.py
[2026-08-12T04:40:15.103+0000] {logging_mixin.py:190} INFO - [2026-08-12T04:40:15.102+0000] {dag.py:3211} INFO - Sync 10 DAGs
[2026-08-12T04:40:15.131+0000] {logging_mixin.py:190} INFO - [2026-08-12T04:40:15.131+0000] {dag.py:4138} INFO - Setting next_dagrun for conditional_dataset_and_time_based_timetable to 2026-08-12 01:00:00+00:00, run_after=2026-08-12 01:00:00+00:00
[2026-08-12T04:40:15.136+0000] {logging_mixin.py:190} INFO - [2026-08-12T04:40:15.135+0000] {dag.py:4138} INFO - Setting next_dagrun for consume_1_and_2_with_dataset_expressions to None, run_after=None
[2026-08-12T04:40:15.138+0000] {logging_mixin.py:190} INFO - [2026-08-12T04:40:15.138+0000] {dag.py:4138} INFO - Setting next_dagrun for consume_1_or_2_with_dataset_expressions to None, run_after=None
[2026-08-12T04:40:15.141+0000] {logging_mixin.py:190} INFO - [2026-08-12T04:40:15.141+0000] {dag.py:4138} INFO - Setting next_dagrun for consume_1_or_both_2_and_3_with_dataset_expressions to None, run_after=None
[2026-08-12T04:40:15.143+0000] {logging_mixin.py:190} INFO - [2026-08-12T04:40:15.143+0000] {dag.py:4138} INFO - Setting next_dagrun for dataset_consumes_1 to None, run_after=None
[2026-08-12T04:40:15.145+0000] {logging_mixin.py:190} INFO - [2026-08-12T04:40:15.145+0000] {dag.py:4138} INFO - Setting next_dagrun for dataset_consumes_1_and_2 to None, run_after=None
[2026-08-12T04:40:15.147+0000] {logging_mixin.py:190} INFO - [2026-08-12T04:40:15.147+0000] {dag.py:4138} INFO - Setting next_dagrun for dataset_consumes_1_never_scheduled to None, run_after=None
[2026-08-12T04:40:15.149+0000] {logging_mixin.py:190} INFO - [2026-08-12T04:40:15.149+0000] {dag.py:4138} INFO - Setting next_dagrun for dataset_consumes_unknown_never_scheduled to None, run_after=None
[2026-08-12T04:40:15.152+0000] {logging_mixin.py:190} INFO - [2026-08-12T04:40:15.151+0000] {dag.py:4138} INFO - Setting next_dagrun for dataset_produces_1 to 2026-08-11 00:00:00+00:00, run_after=2026-08-12 00:00:00+00:00
[2026-08-12T04:40:15.154+0000] {logging_mixin.py:190} INFO - [2026-08-12T04:40:15.154+0000] {dag.py:4138} INFO - Setting next_dagrun for dataset_produces_2 to None, run_after=None
[2026-08-12T04:40:15.188+0000] {processor.py:208} INFO - Processing /home/airflow/.local/lib/python3.12/site-packages/airflow/example_dags/example_datasets.py took 0.295 seconds
[2026-08-12T04:40:45.328+0000] {processor.py:186} INFO - Started process (PID=1037) to work on /home/airflow/.local/lib/python3.12/site-packages/airflow/example_dags/example_datasets.py
[2026-08-12T04:40:45.330+0000] {processor.py:914} INFO - Processing file /home/airflow/.local/lib/python3.12/site-packages/airflow/example_dags/example_datasets.py for tasks to queue
[2026-08-12T04:40:45.333+0000] {logging_mixin.py:190} INFO - [2026-08-12T04:40:45.332+0000] {dagbag.py:587} INFO - Filling up the DagBag from /home/airflow/.local/lib/python3.12/site-packages/airflow/example_dags/example_datasets.py
[2026-08-12T04:40:45.457+0000] {processor.py:925} INFO - DAG(s) 'dataset_consumes_1_and_2', 'dataset_consumes_1', 'consume_1_or_2_with_dataset_expressions', 'consume_1_or_both_2_and_3_with_dataset_expressions', 'conditional_dataset_and_time_based_timetable', 'dataset_consumes_unknown_never_scheduled', 'dataset_produces_1', 'dataset_produces_2', 'dataset_consumes_1_never_scheduled', 'consume_1_and_2_with_dataset_expressions' retrieved from /home/airflow/.local/lib/python3.12/site-packages/airflow/example_dags/example_datasets.py
[2026-08-12T04:40:45.502+0000] {logging_mixin.py:190} INFO - [2026-08-12T04:40:45.502+0000] {dag.py:3211} INFO - Sync 10 DAGs
[2026-08-12T04:40:45.533+0000] {logging_mixin.py:190} INFO - [2026-08-12T04:40:45.533+0000] {dag.py:4138} INFO - Setting next_dagrun for conditional_dataset_and_time_based_timetable to 2026-08-12 01:00:00+00:00, run_after=2026-08-12 01:00:00+00:00
[2026-08-12T04:40:45.540+0000] {logging_mixin.py:190} INFO - [2026-08-12T04:40:45.539+0000] {dag.py:4138} INFO - Setting next_dagrun for consume_1_and_2_with_dataset_expressions to None, run_after=None
[2026-08-12T04:40:45.543+0000] {logging_mixin.py:190} INFO - [2026-08-12T04:40:45.542+0000] {dag.py:4138} INFO - Setting next_dagrun for consume_1_or_2_with_dataset_expressions to None, run_after=None
[2026-08-12T04:40:45.546+0000] {logging_mixin.py:190} INFO - [2026-08-12T04:40:45.545+0000] {dag.py:4138} INFO - Setting next_dagrun for consume_1_or_both_2_and_3_with_dataset_expressions to None, run_after=None
[2026-08-12T04:40:45.549+0000] {logging_mixin.py:190} INFO - [2026-08-12T04:40:45.549+0000] {dag.py:4138} INFO - Setting next_dagrun for dataset_consumes_1 to None, run_after=None
[2026-08-12T04:40:45.552+0000] {logging_mixin.py:190} INFO - [2026-08-12T04:40:45.552+0000] {dag.py:4138} INFO - Setting next_dagrun for dataset_consumes_1_and_2 to None, run_after=None
[2026-08-12T04:40:45.555+0000] {logging_mixin.py:190} INFO - [2026-08-12T04:40:45.555+0000] {dag.py:4138} INFO - Setting next_dagrun for dataset_consumes_1_never_scheduled to None, run_after=None
[2026-08-12T04:40:45.558+0000] {logging_mixin.py:190} INFO - [2026-08-12T04:40:45.557+0000] {dag.py:4138} INFO - Setting next_dagrun for dataset_consumes_unknown_never_scheduled to None, run_after=None
[2026-08-12T04:40:45.564+0000] {logging_mixin.py:190} INFO - [2026-08-12T04:40:45.563+0000] {dag.py:4138} INFO - Setting next_dagrun for dataset_produces_1 to 2026-08-11 00:00:00+00:00, run_after=2026-08-12 00:00:00+00:00
[2026-08-12T04:40:45.567+0000] {logging_mixin.py:190} INFO - [2026-08-12T04:40:45.567+0000] {dag.py:4138} INFO - Setting next_dagrun for dataset_produces_2 to None, run_after=None
[2026-08-12T04:40:45.607+0000] {processor.py:208} INFO - Processing /home/airflow/.local/lib/python3.12/site-packages/airflow/example_dags/example_datasets.py took 0.284 seconds
[2026-08-12T04:41:15.752+0000] {processor.py:186} INFO - Started process (PID=1099) to work on /home/airflow/.local/lib/python3.12/site-packages/airflow/example_dags/example_datasets.py
[2026-08-12T04:41:15.754+0000] {processor.py:914} INFO - Processing file /home/airflow/.local/lib/python3.12/site-packages/airflow/example_dags/example_datasets.py for tasks to queue
[2026-08-12T04:41:15.760+0000] {logging_mixin.py:190} INFO - [2026-08-12T04:41:15.759+0000] {dagbag.py:587} INFO - Filling up the DagBag from /home/airflow/.local/lib/python3.12/site-packages/airflow/example_dags/example_datasets.py
[2026-08-12T04:41:15.963+0000] {processor.py:925} INFO - DAG(s) 'dataset_consumes_1_never_scheduled', 'dataset_produces_1', 'dataset_consumes_1_and_2', 'consume_1_or_2_with_dataset_expressions', 'conditional_dataset_and_time_based_timetable', 'consume_1_or_both_2_and_3_with_dataset_expressions', 'dataset_consumes_1', 'dataset_consumes_unknown_never_scheduled', 'dataset_produces_2', 'consume_1_and_2_with_dataset_expressions' retrieved from /home/airflow/.local/lib/python3.12/site-packages/airflow/example_dags/example_datasets.py
[2026-08-12T04:41:16.031+0000] {logging_mixin.py:190} INFO - [2026-08-12T04:41:16.030+0000] {dag.py:3211} INFO - Sync 10 DAGs
[2026-08-12T04:41:16.059+0000] {logging_mixin.py:190} INFO - [2026-08-12T04:41:16.058+0000] {dag.py:4138} INFO - Setting next_dagrun for conditional_dataset_and_time_based_timetable to 2026-08-12 01:00:00+00:00, run_after=2026-08-12 01:00:00+00:00
[2026-08-12T04:41:16.064+0000] {logging_mixin.py:190} INFO - [2026-08-12T04:41:16.064+0000] {dag.py:4138} INFO - Setting next_dagrun for consume_1_and_2_with_dataset_expressions to None, run_after=None
[2026-08-12T04:41:16.067+0000] {logging_mixin.py:190} INFO - [2026-08-12T04:41:16.067+0000] {dag.py:4138} INFO - Setting next_dagrun for consume_1_or_2_with_dataset_expressions to None, run_after=None
[2026-08-12T04:41:16.069+0000] {logging_mixin.py:190} INFO - [2026-08-12T04:41:16.069+0000] {dag.py:4138} INFO - Setting next_dagrun for consume_1_or_both_2_and_3_with_dataset_expressions to None, run_after=None
[2026-08-12T04:41:16.072+0000] {logging_mixin.py:190} INFO - [2026-08-12T04:41:16.071+0000] {dag.py:4138} INFO - Setting next_dagrun for dataset_consumes_1 to None, run_after=None
[2026-08-12T04:41:16.074+0000] {logging_mixin.py:190} INFO - [2026-08-12T04:41:16.073+0000] {dag.py:4138} INFO - Setting next_dagrun for dataset_consumes_1_and_2 to None, run_after=None
[2026-08-12T04:41:16.076+0000] {logging_mixin.py:190} INFO - [2026-08-12T04:41:16.076+0000] {dag.py:4138} INFO - Setting next_dagrun for dataset_consumes_1_never_scheduled to None, run_after=None
[2026-08-12T04:41:16.079+0000] {logging_mixin.py:190} INFO - [2026-08-12T04:41:16.079+0000] {dag.py:4138} INFO - Setting next_dagrun for dataset_consumes_unknown_never_scheduled to None, run_after=None
[2026-08-12T04:41:16.082+0000] {logging_mixin.py:190} INFO - [2026-08-12T04:41:16.082+0000] {dag.py:4138} INFO - Setting next_dagrun for dataset_produces_1 to 2026-08-11 00:00:00+00:00, run_after=2026-08-12 00:00:00+00:00
[2026-08-12T04:41:16.085+0000] {logging_mixin.py:190} INFO - [2026-08-12T04:41:16.084+0000] {dag.py:4138} INFO - Setting next_dagrun for dataset_produces_2 to None, run_after=None
[2026-08-12T04:41:16.122+0000] {processor.py:208} INFO - Processing /home/airflow/.local/lib/python3.12/site-packages/airflow/example_dags/example_datasets.py took 0.381 seconds
[2026-08-12T04:41:46.465+0000] {processor.py:186} INFO - Started process (PID=1161) to work on /home/airflow/.local/lib/python3.12/site-packages/airflow/example_dags/example_datasets.py
[2026-08-12T04:41:46.466+0000] {processor.py:914} INFO - Processing file /home/airflow/.local/lib/python3.12/site-packages/airflow/example_dags/example_datasets.py for tasks to queue
[2026-08-12T04:41:46.469+0000] {logging_mixin.py:190} INFO - [2026-08-12T04:41:46.469+0000] {dagbag.py:587} INFO - Filling up the DagBag from /home/airflow/.local/lib/python3.12/site-packages/airflow/example_dags/example_datasets.py
[2026-08-12T04:41:46.604+0000] {processor.py:925} INFO - DAG(s) 'consume_1_or_2_with_dataset_expressions', 'dataset_consumes_unknown_never_scheduled', 'conditional_dataset_and_time_based_timetable', 'dataset_consumes_1_and_2', 'consume_1_or_both_2_and_3_with_dataset_expressions', 'dataset_consumes_1', 'dataset_produces_2', 'dataset_consumes_1_never_scheduled', 'dataset_produces_1', 'consume_1_and_2_with_dataset_expressions' retrieved from /home/airflow/.local/lib/python3.12/site-packages/airflow/example_dags/example_datasets.py
[2026-08-12T04:41:46.654+0000] {logging_mixin.py:190} INFO - [2026-08-12T04:41:46.654+0000] {dag.py:3211} INFO - Sync 10 DAGs
[2026-08-12T04:41:46.679+0000] {logging_mixin.py:190} INFO - [2026-08-12T04:41:46.679+0000] {dag.py:4138} INFO - Setting next_dagrun for conditional_dataset_and_time_based_timetable to 2026-08-12 01:00:00+00:00, run_after=2026-08-12 01:00:00+00:00
[2026-08-12T04:41:46.684+0000] {logging_mixin.py:190} INFO - [2026-08-12T04:41:46.684+0000] {dag.py:4138} INFO - Setting next_dagrun for consume_1_and_2_with_dataset_expressions to None, run_after=None
[2026-08-12T04:41:46.687+0000] {logging_mixin.py:190} INFO - [2026-08-12T04:41:46.687+0000] {dag.py:4138} INFO - Setting next_dagrun for consume_1_or_2_with_dataset_expressions to None, run_after=None
[2026-08-12T04:41:46.689+0000] {logging_mixin.py:190} INFO - [2026-08-12T04:41:46.689+0000] {dag.py:4138} INFO - Setting next_dagrun for consume_1_or_both_2_and_3_with_dataset_expressions to None, run_after=None
[2026-08-12T04:41:46.692+0000] {logging_mixin.py:190} INFO - [2026-08-12T04:41:46.692+0000] {dag.py:4138} INFO - Setting next_dagrun for dataset_consumes_1 to None, run_after=None
[2026-08-12T04:41:46.695+0000] {logging_mixin.py:190} INFO - [2026-08-12T04:41:46.694+0000] {dag.py:4138} INFO - Setting next_dagrun for dataset_consumes_1_and_2 to None, run_after=None
[2026-08-12T04:41:46.697+0000] {logging_mixin.py:190} INFO - [2026-08-12T04:41:46.696+0000] {dag.py:4138} INFO - Setting next_dagrun for dataset_consumes_1_never_scheduled to None, run_after=None
[2026-08-12T04:41:46.698+0000] {logging_mixin.py:190} INFO - [2026-08-12T04:41:46.698+0000] {dag.py:4138} INFO - Setting next_dagrun for dataset_consumes_unknown_never_scheduled to None, run_after=None
[2026-08-12T04:41:46.701+0000] {logging_mixin.py:190} INFO - [2026-08-12T04:41:46.701+0000] {dag.py:4138} INFO - Setting next_dagrun for dataset_produces_1 to 2026-08-11 00:00:00+00:00, run_after=2026-08-12 00:00:00+00:00
[2026-08-12T04:41:46.703+0000] {logging_mixin.py:190} INFO - [2026-08-12T04:41:46.703+0000] {dag.py:4138} INFO - Setting next_dagrun for dataset_produces_2 to None, run_after=None
[2026-08-12T04:41:46.741+0000] {processor.py:208} INFO - Processing /home/airflow/.local/lib/python3.12/site-packages/airflow/example_dags/example_datasets.py took 0.281 seconds
[2026-08-12T04:42:16.881+0000] {processor.py:186} INFO - Started process (PID=1223) to work on /home/airflow/.local/lib/python3.12/site-packages/airflow/example_dags/example_datasets.py
[2026-08-12T04:42:16.883+0000] {processor.py:914} INFO - Processing file /home/airflow/.local/lib/python3.12/site-packages/airflow/example_dags/example_datasets.py for tasks to queue
[2026-08-12T04:42:16.887+0000] {logging_mixin.py:190} INFO - [2026-08-12T04:42:16.887+0000] {dagbag.py:587} INFO - Filling up the DagBag from /home/airflow/.local/lib/python3.12/site-packages/airflow/example_dags/example_datasets.py
[2026-08-12T04:42:17.048+0000] {processor.py:925} INFO - DAG(s) 'conditional_dataset_and_time_based_timetable', 'dataset_consumes_1_never_scheduled', 'consume_1_and_2_with_dataset_expressions', 'consume_1_or_2_with_dataset_expressions', 'dataset_produces_1', 'dataset_consumes_1_and_2', 'dataset_produces_2', 'dataset_consumes_1', 'dataset_consumes_unknown_never_scheduled', 'consume_1_or_both_2_and_3_with_dataset_expressions' retrieved from /home/airflow/.local/lib/python3.12/site-packages/airflow/example_dags/example_datasets.py
[2026-08-12T04:42:17.103+0000] {logging_mixin.py:190} INFO - [2026-08-12T04:42:17.102+0000] {dag.py:3211} INFO - Sync 10 DAGs
[2026-08-12T04:42:17.139+0000] {logging_mixin.py:190} INFO - [2026-08-12T04:42:17.138+0000] {dag.py:4138} INFO - Setting next_dagrun for conditional_dataset_and_time_based_timetable to 2026-08-12 01:00:00+00:00, run_after=2026-08-12 01:00:00+00:00
[2026-08-12T04:42:17.145+0000] {logging_mixin.py:190} INFO - [2026-08-12T04:42:17.144+0000] {dag.py:4138} INFO - Setting next_dagrun for consume_1_and_2_with_dataset_expressions to None, run_after=None
[2026-08-12T04:42:17.148+0000] {logging_mixin.py:190} INFO - [2026-08-12T04:42:17.147+0000] {dag.py:4138} INFO - Setting next_dagrun for consume_1_or_2_with_dataset_expressions to None, run_after=None
[2026-08-12T04:42:17.150+0000] {logging_mixin.py:190} INFO - [2026-08-12T04:42:17.150+0000] {dag.py:4138} INFO - Setting next_dagrun for consume_1_or_both_2_and_3_with_dataset_expressions to None, run_after=None
[2026-08-12T04:42:17.153+0000] {logging_mixin.py:190} INFO - [2026-08-12T04:42:17.153+0000] {dag.py:4138} INFO - Setting next_dagrun for dataset_consumes_1 to None, run_after=None
[2026-08-12T04:42:17.156+0000] {logging_mixin.py:190} INFO - [2026-08-12T04:42:17.155+0000] {dag.py:4138} INFO - Setting next_dagrun for dataset_consumes_1_and_2 to None, run_after=None
[2026-08-12T04:42:17.159+0000] {logging_mixin.py:190} INFO - [2026-08-12T04:42:17.158+0000] {dag.py:4138} INFO - Setting next_dagrun for dataset_consumes_1_never_scheduled to None, run_after=None
[2026-08-12T04:42:17.161+0000] {logging_mixin.py:190} INFO - [2026-08-12T04:42:17.161+0000] {dag.py:4138} INFO - Setting next_dagrun for dataset_consumes_unknown_never_scheduled to None, run_after=None
[2026-08-12T04:42:17.165+0000] {logging_mixin.py:190} INFO - [2026-08-12T04:42:17.165+0000] {dag.py:4138} INFO - Setting next_dagrun for dataset_produces_1 to 2026-08-11 00:00:00+00:00, run_after=2026-08-12 00:00:00+00:00
[2026-08-12T04:42:17.168+0000] {logging_mixin.py:190} INFO - [2026-08-12T04:42:17.167+0000] {dag.py:4138} INFO - Setting next_dagrun for dataset_produces_2 to None, run_after=None
[2026-08-12T04:42:17.214+0000] {processor.py:208} INFO - Processing /home/airflow/.local/lib/python3.12/site-packages/airflow/example_dags/example_datasets.py took 0.340 seconds
[2026-08-12T04:42:47.444+0000] {processor.py:186} INFO - Started process (PID=1286) to work on /home/airflow/.local/lib/python3.12/site-packages/airflow/example_dags/example_datasets.py
[2026-08-12T04:42:47.448+0000] {processor.py:914} INFO - Processing file /home/airflow/.local/lib/python3.12/site-packages/airflow/example_dags/example_datasets.py for tasks to queue
[2026-08-12T04:42:47.451+0000] {logging_mixin.py:190} INFO - [2026-08-12T04:42:47.450+0000] {dagbag.py:587} INFO - Filling up the DagBag from /home/airflow/.local/lib/python3.12/site-packages/airflow/example_dags/example_datasets.py
[2026-08-12T04:42:47.601+0000] {processor.py:925} INFO - DAG(s) 'dataset_consumes_1_and_2', 'dataset_produces_2', 'conditional_dataset_and_time_based_timetable', 'dataset_consumes_unknown_never_scheduled', 'consume_1_or_both_2_and_3_with_dataset_expressions', 'dataset_consumes_1', 'dataset_consumes_1_never_scheduled', 'consume_1_and_2_with_dataset_expressions', 'consume_1_or_2_with_dataset_expressions', 'dataset_produces_1' retrieved from /home/airflow/.local/lib/python3.12/site-packages/airflow/example_dags/example_datasets.py
[2026-08-12T04:42:47.650+0000] {logging_mixin.py:190} INFO - [2026-08-12T04:42:47.650+0000] {dag.py:3211} INFO - Sync 10 DAGs
[2026-08-12T04:42:47.679+0000] {logging_mixin.py:190} INFO - [2026-08-12T04:42:47.679+0000] {dag.py:4138} INFO - Setting next_dagrun for conditional_dataset_and_time_based_timetable to 2026-08-12 01:00:00+00:00, run_after=2026-08-12 01:00:00+00:00
[2026-08-12T04:42:47.684+0000] {logging_mixin.py:190} INFO - [2026-08-12T04:42:47.684+0000] {dag.py:4138} INFO - Setting next_dagrun for consume_1_and_2_with_dataset_expressions to None, run_after=None
[2026-08-12T04:42:47.687+0000] {logging_mixin.py:190} INFO - [2026-08-12T04:42:47.687+0000] {dag.py:4138} INFO - Setting next_dagrun for consume_1_or_2_with_dataset_expressions to None, run_after=None
[2026-08-12T04:42:47.690+0000] {logging_mixin.py:190} INFO - [2026-08-12T04:42:47.690+0000] {dag.py:4138} INFO - Setting next_dagrun for consume_1_or_both_2_and_3_with_dataset_expressions to None, run_after=None
[2026-08-12T04:42:47.693+0000] {logging_mixin.py:190} INFO - [2026-08-12T04:42:47.692+0000] {dag.py:4138} INFO - Setting next_dagrun for dataset_consumes_1 to None, run_after=None
[2026-08-12T04:42:47.696+0000] {logging_mixin.py:190} INFO - [2026-08-12T04:42:47.695+0000] {dag.py:4138} INFO - Setting next_dagrun for dataset_consumes_1_and_2 to None, run_after=None
[2026-08-12T04:42:47.699+0000] {logging_mixin.py:190} INFO - [2026-08-12T04:42:47.698+0000] {dag.py:4138} INFO - Setting next_dagrun for dataset_consumes_1_never_scheduled to None, run_after=None
[2026-08-12T04:42:47.702+0000] {logging_mixin.py:190} INFO - [2026-08-12T04:42:47.701+0000] {dag.py:4138} INFO - Setting next_dagrun for dataset_consumes_unknown_never_scheduled to None, run_after=None
[2026-08-12T04:42:47.705+0000] {logging_mixin.py:190} INFO - [2026-08-12T04:42:47.705+0000] {dag.py:4138} INFO - Setting next_dagrun for dataset_produces_1 to 2026-08-11 00:00:00+00:00, run_after=2026-08-12 00:00:00+00:00
[2026-08-12T04:42:47.709+0000] {logging_mixin.py:190} INFO - [2026-08-12T04:42:47.708+0000] {dag.py:4138} INFO - Setting next_dagrun for dataset_produces_2 to None, run_after=None
[2026-08-12T04:42:47.759+0000] {processor.py:208} INFO - Processing /home/airflow/.local/lib/python3.12/site-packages/airflow/example_dags/example_datasets.py took 0.320 seconds
[2026-08-12T04:43:17.796+0000] {processor.py:186} INFO - Started process (PID=1349) to work on /home/airflow/.local/lib/python3.12/site-packages/airflow/example_dags/example_datasets.py
[2026-08-12T04:43:17.798+0000] {processor.py:914} INFO - Processing file /home/airflow/.local/lib/python3.12/site-packages/airflow/example_dags/example_datasets.py for tasks to queue
[2026-08-12T04:43:17.802+0000] {logging_mixin.py:190} INFO - [2026-08-12T04:43:17.801+0000] {dagbag.py:587} INFO - Filling up the DagBag from /home/airflow/.local/lib/python3.12/site-packages/airflow/example_dags/example_datasets.py
[2026-08-12T04:43:17.942+0000] {processor.py:925} INFO - DAG(s) 'consume_1_or_2_with_dataset_expressions', 'dataset_produces_2', 'consume_1_or_both_2_and_3_with_dataset_expressions', 'consume_1_and_2_with_dataset_expressions', 'dataset_consumes_1_never_scheduled', 'dataset_consumes_unknown_never_scheduled', 'dataset_produces_1', 'dataset_consumes_1', 'conditional_dataset_and_time_based_timetable', 'dataset_consumes_1_and_2' retrieved from /home/airflow/.local/lib/python3.12/site-packages/airflow/example_dags/example_datasets.py
[2026-08-12T04:43:17.982+0000] {logging_mixin.py:190} INFO - [2026-08-12T04:43:17.981+0000] {dag.py:3211} INFO - Sync 10 DAGs
[2026-08-12T04:43:18.006+0000] {logging_mixin.py:190} INFO - [2026-08-12T04:43:18.006+0000] {dag.py:4138} INFO - Setting next_dagrun for conditional_dataset_and_time_based_timetable to 2026-08-12 01:00:00+00:00, run_after=2026-08-12 01:00:00+00:00
[2026-08-12T04:43:18.011+0000] {logging_mixin.py:190} INFO - [2026-08-12T04:43:18.010+0000] {dag.py:4138} INFO - Setting next_dagrun for consume_1_and_2_with_dataset_expressions to None, run_after=None
[2026-08-12T04:43:18.013+0000] {logging_mixin.py:190} INFO - [2026-08-12T04:43:18.013+0000] {dag.py:4138} INFO - Setting next_dagrun for consume_1_or_2_with_dataset_expressions to None, run_after=None
[2026-08-12T04:43:18.016+0000] {logging_mixin.py:190} INFO - [2026-08-12T04:43:18.016+0000] {dag.py:4138} INFO - Setting next_dagrun for consume_1_or_both_2_and_3_with_dataset_expressions to None, run_after=None
[2026-08-12T04:43:18.019+0000] {logging_mixin.py:190} INFO - [2026-08-12T04:43:18.019+0000] {dag.py:4138} INFO - Setting next_dagrun for dataset_consumes_1 to None, run_after=None
[2026-08-12T04:43:18.022+0000] {logging_mixin.py:190} INFO - [2026-08-12T04:43:18.021+0000] {dag.py:4138} INFO - Setting next_dagrun for dataset_consumes_1_and_2 to None, run_after=None
[2026-08-12T04:43:18.024+0000] {logging_mixin.py:190} INFO - [2026-08-12T04:43:18.024+0000] {dag.py:4138} INFO - Setting next_dagrun for dataset_consumes_1_never_scheduled to None, run_after=None
[2026-08-12T04:43:18.026+0000] {logging_mixin.py:190} INFO - [2026-08-12T04:43:18.026+0000] {dag.py:4138} INFO - Setting next_dagrun for dataset_consumes_unknown_never_scheduled to None, run_after=None
[2026-08-12T04:43:18.029+0000] {logging_mixin.py:190} INFO - [2026-08-12T04:43:18.029+0000] {dag.py:4138} INFO - Setting next_dagrun for dataset_produces_1 to 2026-08-11 00:00:00+00:00, run_after=2026-08-12 00:00:00+00:00
[2026-08-12T04:43:18.032+0000] {logging_mixin.py:190} INFO - [2026-08-12T04:43:18.031+0000] {dag.py:4138} INFO - Setting next_dagrun for dataset_produces_2 to None, run_after=None
[2026-08-12T04:43:18.065+0000] {processor.py:208} INFO - Processing /home/airflow/.local/lib/python3.12/site-packages/airflow/example_dags/example_datasets.py took 0.274 seconds
[2026-08-12T04:43:48.211+0000] {processor.py:186} INFO - Started process (PID=1409) to work on /home/airflow/.local/lib/python3.12/site-packages/airflow/example_dags/example_datasets.py
[2026-08-12T04:43:48.214+0000] {processor.py:914} INFO - Processing file /home/airflow/.local/lib/python3.12/site-packages/airflow/example_dags/example_datasets.py for tasks to queue
[2026-08-12T04:43:48.219+0000] {logging_mixin.py:190} INFO - [2026-08-12T04:43:48.219+0000] {dagbag.py:587} INFO - Filling up the DagBag from /home/airflow/.local/lib/python3.12/site-packages/airflow/example_dags/example_datasets.py
[2026-08-12T04:43:48.399+0000] {processor.py:925} INFO - DAG(s) 'dataset_consumes_unknown_never_scheduled', 'dataset_consumes_1', 'consume_1_or_both_2_and_3_with_dataset_expressions', 'dataset_consumes_1_never_scheduled', 'dataset_produces_1', 'conditional_dataset_and_time_based_timetable', 'dataset_consumes_1_and_2', 'consume_1_and_2_with_dataset_expressions', 'consume_1_or_2_with_dataset_expressions', 'dataset_produces_2' retrieved from /home/airflow/.local/lib/python3.12/site-packages/airflow/example_dags/example_datasets.py
[2026-08-12T04:43:48.452+0000] {logging_mixin.py:190} INFO - [2026-08-12T04:43:48.452+0000] {dag.py:3211} INFO - Sync 10 DAGs
[2026-08-12T04:43:48.491+0000] {logging_mixin.py:190} INFO - [2026-08-12T04:43:48.491+0000] {dag.py:4138} INFO - Setting next_dagrun for conditional_dataset_and_time_based_timetable to 2026-08-12 01:00:00+00:00, run_after=2026-08-12 01:00:00+00:00
[2026-08-12T04:43:48.497+0000] {logging_mixin.py:190} INFO - [2026-08-12T04:43:48.497+0000] {dag.py:4138} INFO - Setting next_dagrun for consume_1_and_2_with_dataset_expressions to None, run_after=None
[2026-08-12T04:43:48.499+0000] {logging_mixin.py:190} INFO - [2026-08-12T04:43:48.499+0000] {dag.py:4138} INFO - Setting next_dagrun for consume_1_or_2_with_dataset_expressions to None, run_after=None
[2026-08-12T04:43:48.502+0000] {logging_mixin.py:190} INFO - [2026-08-12T04:43:48.502+0000] {dag.py:4138} INFO - Setting next_dagrun for consume_1_or_both_2_and_3_with_dataset_expressions to None, run_after=None
[2026-08-12T04:43:48.505+0000] {logging_mixin.py:190} INFO - [2026-08-12T04:43:48.504+0000] {dag.py:4138} INFO - Setting next_dagrun for dataset_consumes_1 to None, run_after=None
[2026-08-12T04:43:48.508+0000] {logging_mixin.py:190} INFO - [2026-08-12T04:43:48.507+0000] {dag.py:4138} INFO - Setting next_dagrun for dataset_consumes_1_and_2 to None, run_after=None
[2026-08-12T04:43:48.510+0000] {logging_mixin.py:190} INFO - [2026-08-12T04:43:48.510+0000] {dag.py:4138} INFO - Setting next_dagrun for dataset_consumes_1_never_scheduled to None, run_after=None
[2026-08-12T04:43:48.512+0000] {logging_mixin.py:190} INFO - [2026-08-12T04:43:48.512+0000] {dag.py:4138} INFO - Setting next_dagrun for dataset_consumes_unknown_never_scheduled to None, run_after=None
[2026-08-12T04:43:48.516+0000] {logging_mixin.py:190} INFO - [2026-08-12T04:43:48.516+0000] {dag.py:4138} INFO - Setting next_dagrun for dataset_produces_1 to 2026-08-11 00:00:00+00:00, run_after=2026-08-12 00:00:00+00:00
[2026-08-12T04:43:48.519+0000] {logging_mixin.py:190} INFO - [2026-08-12T04:43:48.519+0000] {dag.py:4138} INFO - Setting next_dagrun for dataset_produces_2 to None, run_after=None
[2026-08-12T04:43:48.556+0000] {processor.py:208} INFO - Processing /home/airflow/.local/lib/python3.12/site-packages/airflow/example_dags/example_datasets.py took 0.361 seconds
[2026-08-12T04:44:18.838+0000] {processor.py:186} INFO - Started process (PID=1471) to work on /home/airflow/.local/lib/python3.12/site-packages/airflow/example_dags/example_datasets.py
[2026-08-12T04:44:18.840+0000] {processor.py:914} INFO - Processing file /home/airflow/.local/lib/python3.12/site-packages/airflow/example_dags/example_datasets.py for tasks to queue
[2026-08-12T04:44:18.843+0000] {logging_mixin.py:190} INFO - [2026-08-12T04:44:18.842+0000] {dagbag.py:587} INFO - Filling up the DagBag from /home/airflow/.local/lib/python3.12/site-packages/airflow/example_dags/example_datasets.py
[2026-08-12T04:44:18.984+0000] {processor.py:925} INFO - DAG(s) 'dataset_produces_1', 'consume_1_or_2_with_dataset_expressions', 'conditional_dataset_and_time_based_timetable', 'dataset_consumes_1_and_2', 'dataset_consumes_1_never_scheduled', 'dataset_consumes_1', 'consume_1_and_2_with_dataset_expressions', 'dataset_consumes_unknown_never_scheduled', 'dataset_produces_2', 'consume_1_or_both_2_and_3_with_dataset_expressions' retrieved from /home/airflow/.local/lib/python3.12/site-packages/airflow/example_dags/example_datasets.py
[2026-08-12T04:44:19.036+0000] {logging_mixin.py:190} INFO - [2026-08-12T04:44:19.036+0000] {dag.py:3211} INFO - Sync 10 DAGs
[2026-08-12T04:44:19.065+0000] {logging_mixin.py:190} INFO - [2026-08-12T04:44:19.065+0000] {dag.py:4138} INFO - Setting next_dagrun for conditional_dataset_and_time_based_timetable to 2026-08-12 01:00:00+00:00, run_after=2026-08-12 01:00:00+00:00
[2026-08-12T04:44:19.071+0000] {logging_mixin.py:190} INFO - [2026-08-12T04:44:19.071+0000] {dag.py:4138} INFO - Setting next_dagrun for consume_1_and_2_with_dataset_expressions to None, run_after=None
[2026-08-12T04:44:19.075+0000] {logging_mixin.py:190} INFO - [2026-08-12T04:44:19.075+0000] {dag.py:4138} INFO - Setting next_dagrun for consume_1_or_2_with_dataset_expressions to None, run_after=None
[2026-08-12T04:44:19.077+0000] {logging_mixin.py:190} INFO - [2026-08-12T04:44:19.077+0000] {dag.py:4138} INFO - Setting next_dagrun for consume_1_or_both_2_and_3_with_dataset_expressions to None, run_after=None
[2026-08-12T04:44:19.079+0000] {logging_mixin.py:190} INFO - [2026-08-12T04:44:19.079+0000] {dag.py:4138} INFO - Setting next_dagrun for dataset_consumes_1 to None, run_after=None
[2026-08-12T04:44:19.082+0000] {logging_mixin.py:190} INFO - [2026-08-12T04:44:19.081+0000] {dag.py:4138} INFO - Setting next_dagrun for dataset_consumes_1_and_2 to None, run_after=None
[2026-08-12T04:44:19.084+0000] {logging_mixin.py:190} INFO - [2026-08-12T04:44:19.084+0000] {dag.py:4138} INFO - Setting next_dagrun for dataset_consumes_1_never_scheduled to None, run_after=None
[2026-08-12T04:44:19.087+0000] {logging_mixin.py:190} INFO - [2026-08-12T04:44:19.086+0000] {dag.py:4138} INFO - Setting next_dagrun for dataset_consumes_unknown_never_scheduled to None, run_after=None
[2026-08-12T04:44:19.090+0000] {logging_mixin.py:190} INFO - [2026-08-12T04:44:19.090+0000] {dag.py:4138} INFO - Setting next_dagrun for dataset_produces_1 to 2026-08-11 00:00:00+00:00, run_after=2026-08-12 00:00:00+00:00
[2026-08-12T04:44:19.092+0000] {logging_mixin.py:190} INFO - [2026-08-12T04:44:19.092+0000] {dag.py:4138} INFO - Setting next_dagrun for dataset_produces_2 to None, run_after=None
[2026-08-12T04:44:19.128+0000] {processor.py:208} INFO - Processing /home/airflow/.local/lib/python3.12/site-packages/airflow/example_dags/example_datasets.py took 0.296 seconds
[2026-08-12T04:44:50.056+0000] {processor.py:186} INFO - Started process (PID=1534) to work on /home/airflow/.local/lib/python3.12/site-packages/airflow/example_dags/example_datasets.py
[2026-08-12T04:44:50.058+0000] {processor.py:914} INFO - Processing file /home/airflow/.local/lib/python3.12/site-packages/airflow/example_dags/example_datasets.py for tasks to queue
[2026-08-12T04:44:50.062+0000] {logging_mixin.py:190} INFO - [2026-08-12T04:44:50.062+0000] {dagbag.py:587} INFO - Filling up the DagBag from /home/airflow/.local/lib/python3.12/site-packages/airflow/example_dags/example_datasets.py
[2026-08-12T04:44:50.265+0000] {processor.py:925} INFO - DAG(s) 'consume_1_and_2_with_dataset_expressions', 'dataset_consumes_unknown_never_scheduled', 'consume_1_or_both_2_and_3_with_dataset_expressions', 'conditional_dataset_and_time_based_timetable', 'dataset_consumes_1_never_scheduled', 'dataset_produces_1', 'dataset_produces_2', 'consume_1_or_2_with_dataset_expressions', 'dataset_consumes_1_and_2', 'dataset_consumes_1' retrieved from /home/airflow/.local/lib/python3.12/site-packages/airflow/example_dags/example_datasets.py
[2026-08-12T04:44:50.320+0000] {logging_mixin.py:190} INFO - [2026-08-12T04:44:50.320+0000] {dag.py:3211} INFO - Sync 10 DAGs
[2026-08-12T04:44:50.353+0000] {logging_mixin.py:190} INFO - [2026-08-12T04:44:50.353+0000] {dag.py:4138} INFO - Setting next_dagrun for conditional_dataset_and_time_based_timetable to 2026-08-12 01:00:00+00:00, run_after=2026-08-12 01:00:00+00:00
[2026-08-12T04:44:50.359+0000] {logging_mixin.py:190} INFO - [2026-08-12T04:44:50.358+0000] {dag.py:4138} INFO - Setting next_dagrun for consume_1_and_2_with_dataset_expressions to None, run_after=None
[2026-08-12T04:44:50.363+0000] {logging_mixin.py:190} INFO - [2026-08-12T04:44:50.362+0000] {dag.py:4138} INFO - Setting next_dagrun for consume_1_or_2_with_dataset_expressions to None, run_after=None
[2026-08-12T04:44:50.368+0000] {logging_mixin.py:190} INFO - [2026-08-12T04:44:50.368+0000] {dag.py:4138} INFO - Setting next_dagrun for consume_1_or_both_2_and_3_with_dataset_expressions to None, run_after=None
[2026-08-12T04:44:50.374+0000] {logging_mixin.py:190} INFO - [2026-08-12T04:44:50.373+0000] {dag.py:4138} INFO - Setting next_dagrun for dataset_consumes_1 to None, run_after=None
[2026-08-12T04:44:50.378+0000] {logging_mixin.py:190} INFO - [2026-08-12T04:44:50.378+0000] {dag.py:4138} INFO - Setting next_dagrun for dataset_consumes_1_and_2 to None, run_after=None
[2026-08-12T04:44:50.382+0000] {logging_mixin.py:190} INFO - [2026-08-12T04:44:50.381+0000] {dag.py:4138} INFO - Setting next_dagrun for dataset_consumes_1_never_scheduled to None, run_after=None
[2026-08-12T04:44:50.387+0000] {logging_mixin.py:190} INFO - [2026-08-12T04:44:50.386+0000] {dag.py:4138} INFO - Setting next_dagrun for dataset_consumes_unknown_never_scheduled to None, run_after=None
[2026-08-12T04:44:50.392+0000] {logging_mixin.py:190} INFO - [2026-08-12T04:44:50.392+0000] {dag.py:4138} INFO - Setting next_dagrun for dataset_produces_1 to 2026-08-11 00:00:00+00:00, run_after=2026-08-12 00:00:00+00:00
[2026-08-12T04:44:50.396+0000] {logging_mixin.py:190} INFO - [2026-08-12T04:44:50.395+0000] {dag.py:4138} INFO - Setting next_dagrun for dataset_produces_2 to None, run_after=None
[2026-08-12T04:44:50.438+0000] {processor.py:208} INFO - Processing /home/airflow/.local/lib/python3.12/site-packages/airflow/example_dags/example_datasets.py took 0.389 seconds
[2026-08-12T04:45:20.513+0000] {processor.py:186} INFO - Started process (PID=1597) to work on /home/airflow/.local/lib/python3.12/site-packages/airflow/example_dags/example_datasets.py
[2026-08-12T04:45:20.565+0000] {processor.py:914} INFO - Processing file /home/airflow/.local/lib/python3.12/site-packages/airflow/example_dags/example_datasets.py for tasks to queue
[2026-08-12T04:45:20.570+0000] {logging_mixin.py:190} INFO - [2026-08-12T04:45:20.569+0000] {dagbag.py:587} INFO - Filling up the DagBag from /home/airflow/.local/lib/python3.12/site-packages/airflow/example_dags/example_datasets.py
[2026-08-12T04:45:20.769+0000] {processor.py:925} INFO - DAG(s) 'dataset_consumes_1_never_scheduled', 'dataset_consumes_unknown_never_scheduled', 'dataset_consumes_1_and_2', 'consume_1_or_both_2_and_3_with_dataset_expressions', 'conditional_dataset_and_time_based_timetable', 'consume_1_or_2_with_dataset_expressions', 'dataset_produces_1', 'dataset_consumes_1', 'dataset_produces_2', 'consume_1_and_2_with_dataset_expressions' retrieved from /home/airflow/.local/lib/python3.12/site-packages/airflow/example_dags/example_datasets.py
[2026-08-12T04:45:20.839+0000] {logging_mixin.py:190} INFO - [2026-08-12T04:45:20.838+0000] {dag.py:3211} INFO - Sync 10 DAGs
[2026-08-12T04:45:20.867+0000] {logging_mixin.py:190} INFO - [2026-08-12T04:45:20.866+0000] {dag.py:4138} INFO - Setting next_dagrun for conditional_dataset_and_time_based_timetable to 2026-08-12 01:00:00+00:00, run_after=2026-08-12 01:00:00+00:00
[2026-08-12T04:45:20.872+0000] {logging_mixin.py:190} INFO - [2026-08-12T04:45:20.871+0000] {dag.py:4138} INFO - Setting next_dagrun for consume_1_and_2_with_dataset_expressions to None, run_after=None
[2026-08-12T04:45:20.874+0000] {logging_mixin.py:190} INFO - [2026-08-12T04:45:20.874+0000] {dag.py:4138} INFO - Setting next_dagrun for consume_1_or_2_with_dataset_expressions to None, run_after=None
[2026-08-12T04:45:20.877+0000] {logging_mixin.py:190} INFO - [2026-08-12T04:45:20.877+0000] {dag.py:4138} INFO - Setting next_dagrun for consume_1_or_both_2_and_3_with_dataset_expressions to None, run_after=None
[2026-08-12T04:45:20.880+0000] {logging_mixin.py:190} INFO - [2026-08-12T04:45:20.879+0000] {dag.py:4138} INFO - Setting next_dagrun for dataset_consumes_1 to None, run_after=None
[2026-08-12T04:45:20.882+0000] {logging_mixin.py:190} INFO - [2026-08-12T04:45:20.882+0000] {dag.py:4138} INFO - Setting next_dagrun for dataset_consumes_1_and_2 to None, run_after=None
[2026-08-12T04:45:20.884+0000] {logging_mixin.py:190} INFO - [2026-08-12T04:45:20.884+0000] {dag.py:4138} INFO - Setting next_dagrun for dataset_consumes_1_never_scheduled to None, run_after=None
[2026-08-12T04:45:20.887+0000] {logging_mixin.py:190} INFO - [2026-08-12T04:45:20.887+0000] {dag.py:4138} INFO - Setting next_dagrun for dataset_consumes_unknown_never_scheduled to None, run_after=None
[2026-08-12T04:45:20.890+0000] {logging_mixin.py:190} INFO - [2026-08-12T04:45:20.890+0000] {dag.py:4138} INFO - Setting next_dagrun for dataset_produces_1 to 2026-08-11 00:00:00+00:00, run_after=2026-08-12 00:00:00+00:00
[2026-08-12T04:45:20.893+0000] {logging_mixin.py:190} INFO - [2026-08-12T04:45:20.893+0000] {dag.py:4138} INFO - Setting next_dagrun for dataset_produces_2 to None, run_after=None
[2026-08-12T04:45:20.930+0000] {processor.py:208} INFO - Processing /home/airflow/.local/lib/python3.12/site-packages/airflow/example_dags/example_datasets.py took 0.427 seconds
[2026-08-12T04:45:51.358+0000] {processor.py:186} INFO - Started process (PID=1658) to work on /home/airflow/.local/lib/python3.12/site-packages/airflow/example_dags/example_datasets.py
[2026-08-12T04:45:51.360+0000] {processor.py:914} INFO - Processing file /home/airflow/.local/lib/python3.12/site-packages/airflow/example_dags/example_datasets.py for tasks to queue
[2026-08-12T04:45:51.364+0000] {logging_mixin.py:190} INFO - [2026-08-12T04:45:51.363+0000] {dagbag.py:587} INFO - Filling up the DagBag from /home/airflow/.local/lib/python3.12/site-packages/airflow/example_dags/example_datasets.py
[2026-08-12T04:45:51.520+0000] {processor.py:925} INFO - DAG(s) 'dataset_consumes_1_and_2', 'consume_1_and_2_with_dataset_expressions', 'dataset_produces_2', 'dataset_consumes_1', 'conditional_dataset_and_time_based_timetable', 'consume_1_or_both_2_and_3_with_dataset_expressions', 'dataset_consumes_1_never_scheduled', 'dataset_consumes_unknown_never_scheduled', 'dataset_produces_1', 'consume_1_or_2_with_dataset_expressions' retrieved from /home/airflow/.local/lib/python3.12/site-packages/airflow/example_dags/example_datasets.py
[2026-08-12T04:45:51.571+0000] {logging_mixin.py:190} INFO - [2026-08-12T04:45:51.571+0000] {dag.py:3211} INFO - Sync 10 DAGs
[2026-08-12T04:45:51.599+0000] {logging_mixin.py:190} INFO - [2026-08-12T04:45:51.598+0000] {dag.py:4138} INFO - Setting next_dagrun for conditional_dataset_and_time_based_timetable to 2026-08-12 01:00:00+00:00, run_after=2026-08-12 01:00:00+00:00
[2026-08-12T04:45:51.604+0000] {logging_mixin.py:190} INFO - [2026-08-12T04:45:51.604+0000] {dag.py:4138} INFO - Setting next_dagrun for consume_1_and_2_with_dataset_expressions to None, run_after=None
[2026-08-12T04:45:51.607+0000] {logging_mixin.py:190} INFO - [2026-08-12T04:45:51.607+0000] {dag.py:4138} INFO - Setting next_dagrun for consume_1_or_2_with_dataset_expressions to None, run_after=None
[2026-08-12T04:45:51.609+0000] {logging_mixin.py:190} INFO - [2026-08-12T04:45:51.609+0000] {dag.py:4138} INFO - Setting next_dagrun for consume_1_or_both_2_and_3_with_dataset_expressions to None, run_after=None
[2026-08-12T04:45:51.612+0000] {logging_mixin.py:190} INFO - [2026-08-12T04:45:51.611+0000] {dag.py:4138} INFO - Setting next_dagrun for dataset_consumes_1 to None, run_after=None
[2026-08-12T04:45:51.614+0000] {logging_mixin.py:190} INFO - [2026-08-12T04:45:51.614+0000] {dag.py:4138} INFO - Setting next_dagrun for dataset_consumes_1_and_2 to None, run_after=None
[2026-08-12T04:45:51.616+0000] {logging_mixin.py:190} INFO - [2026-08-12T04:45:51.616+0000] {dag.py:4138} INFO - Setting next_dagrun for dataset_consumes_1_never_scheduled to None, run_after=None
[2026-08-12T04:45:51.618+0000] {logging_mixin.py:190} INFO - [2026-08-12T04:45:51.618+0000] {dag.py:4138} INFO - Setting next_dagrun for dataset_consumes_unknown_never_scheduled to None, run_after=None
[2026-08-12T04:45:51.621+0000] {logging_mixin.py:190} INFO - [2026-08-12T04:45:51.621+0000] {dag.py:4138} INFO - Setting next_dagrun for dataset_produces_1 to 2026-08-11 00:00:00+00:00, run_after=2026-08-12 00:00:00+00:00
[2026-08-12T04:45:51.623+0000] {logging_mixin.py:190} INFO - [2026-08-12T04:45:51.623+0000] {dag.py:4138} INFO - Setting next_dagrun for dataset_produces_2 to None, run_after=None
[2026-08-12T04:45:51.660+0000] {processor.py:208} INFO - Processing /home/airflow/.local/lib/python3.12/site-packages/airflow/example_dags/example_datasets.py took 0.307 seconds
[2026-08-12T04:46:21.934+0000] {processor.py:186} INFO - Started process (PID=1720) to work on /home/airflow/.local/lib/python3.12/site-packages/airflow/example_dags/example_datasets.py
[2026-08-12T04:46:21.937+0000] {processor.py:914} INFO - Processing file /home/airflow/.local/lib/python3.12/site-packages/airflow/example_dags/example_datasets.py for tasks to queue
[2026-08-12T04:46:21.941+0000] {logging_mixin.py:190} INFO - [2026-08-12T04:46:21.941+0000] {dagbag.py:587} INFO - Filling up the DagBag from /home/airflow/.local/lib/python3.12/site-packages/airflow/example_dags/example_datasets.py
[2026-08-12T04:46:22.153+0000] {processor.py:925} INFO - DAG(s) 'dataset_consumes_1_never_scheduled', 'dataset_produces_1', 'dataset_produces_2', 'dataset_consumes_1', 'consume_1_or_2_with_dataset_expressions', 'consume_1_or_both_2_and_3_with_dataset_expressions', 'dataset_consumes_unknown_never_scheduled', 'conditional_dataset_and_time_based_timetable', 'dataset_consumes_1_and_2', 'consume_1_and_2_with_dataset_expressions' retrieved from /home/airflow/.local/lib/python3.12/site-packages/airflow/example_dags/example_datasets.py
[2026-08-12T04:46:22.203+0000] {logging_mixin.py:190} INFO - [2026-08-12T04:46:22.203+0000] {dag.py:3211} INFO - Sync 10 DAGs
[2026-08-12T04:46:22.227+0000] {logging_mixin.py:190} INFO - [2026-08-12T04:46:22.227+0000] {dag.py:4138} INFO - Setting next_dagrun for conditional_dataset_and_time_based_timetable to 2026-08-12 01:00:00+00:00, run_after=2026-08-12 01:00:00+00:00
[2026-08-12T04:46:22.232+0000] {logging_mixin.py:190} INFO - [2026-08-12T04:46:22.232+0000] {dag.py:4138} INFO - Setting next_dagrun for consume_1_and_2_with_dataset_expressions to None, run_after=None
[2026-08-12T04:46:22.235+0000] {logging_mixin.py:190} INFO - [2026-08-12T04:46:22.235+0000] {dag.py:4138} INFO - Setting next_dagrun for consume_1_or_2_with_dataset_expressions to None, run_after=None
[2026-08-12T04:46:22.237+0000] {logging_mixin.py:190} INFO - [2026-08-12T04:46:22.237+0000] {dag.py:4138} INFO - Setting next_dagrun for consume_1_or_both_2_and_3_with_dataset_expressions to None, run_after=None
[2026-08-12T04:46:22.239+0000] {logging_mixin.py:190} INFO - [2026-08-12T04:46:22.239+0000] {dag.py:4138} INFO - Setting next_dagrun for dataset_consumes_1 to None, run_after=None
[2026-08-12T04:46:22.241+0000] {logging_mixin.py:190} INFO - [2026-08-12T04:46:22.241+0000] {dag.py:4138} INFO - Setting next_dagrun for dataset_consumes_1_and_2 to None, run_after=None
[2026-08-12T04:46:22.244+0000] {logging_mixin.py:190} INFO - [2026-08-12T04:46:22.244+0000] {dag.py:4138} INFO - Setting next_dagrun for dataset_consumes_1_never_scheduled to None, run_after=None
[2026-08-12T04:46:22.246+0000] {logging_mixin.py:190} INFO - [2026-08-12T04:46:22.246+0000] {dag.py:4138} INFO - Setting next_dagrun for dataset_consumes_unknown_never_scheduled to None, run_after=None
[2026-08-12T04:46:22.249+0000] {logging_mixin.py:190} INFO - [2026-08-12T04:46:22.249+0000] {dag.py:4138} INFO - Setting next_dagrun for dataset_produces_1 to 2026-08-11 00:00:00+00:00, run_after=2026-08-12 00:00:00+00:00
[2026-08-12T04:46:22.251+0000] {logging_mixin.py:190} INFO - [2026-08-12T04:46:22.251+0000] {dag.py:4138} INFO - Setting next_dagrun for dataset_produces_2 to None, run_after=None
[2026-08-12T04:46:22.288+0000] {processor.py:208} INFO - Processing /home/airflow/.local/lib/python3.12/site-packages/airflow/example_dags/example_datasets.py took 0.361 seconds
[2026-08-12T04:46:52.407+0000] {processor.py:186} INFO - Started process (PID=1782) to work on /home/airflow/.local/lib/python3.12/site-packages/airflow/example_dags/example_datasets.py
[2026-08-12T04:46:52.410+0000] {processor.py:914} INFO - Processing file /home/airflow/.local/lib/python3.12/site-packages/airflow/example_dags/example_datasets.py for tasks to queue
[2026-08-12T04:46:52.414+0000] {logging_mixin.py:190} INFO - [2026-08-12T04:46:52.413+0000] {dagbag.py:587} INFO - Filling up the DagBag from /home/airflow/.local/lib/python3.12/site-packages/airflow/example_dags/example_datasets.py
[2026-08-12T04:46:52.605+0000] {processor.py:925} INFO - DAG(s) 'conditional_dataset_and_time_based_timetable', 'consume_1_and_2_with_dataset_expressions', 'dataset_consumes_unknown_never_scheduled', 'dataset_consumes_1_never_scheduled', 'dataset_consumes_1', 'dataset_produces_1', 'dataset_produces_2', 'consume_1_or_2_with_dataset_expressions', 'consume_1_or_both_2_and_3_with_dataset_expressions', 'dataset_consumes_1_and_2' retrieved from /home/airflow/.local/lib/python3.12/site-packages/airflow/example_dags/example_datasets.py
[2026-08-12T04:46:52.653+0000] {logging_mixin.py:190} INFO - [2026-08-12T04:46:52.653+0000] {dag.py:3211} INFO - Sync 10 DAGs
[2026-08-12T04:46:52.679+0000] {logging_mixin.py:190} INFO - [2026-08-12T04:46:52.679+0000] {dag.py:4138} INFO - Setting next_dagrun for conditional_dataset_and_time_based_timetable to 2026-08-12 01:00:00+00:00, run_after=2026-08-12 01:00:00+00:00
[2026-08-12T04:46:52.683+0000] {logging_mixin.py:190} INFO - [2026-08-12T04:46:52.683+0000] {dag.py:4138} INFO - Setting next_dagrun for consume_1_and_2_with_dataset_expressions to None, run_after=None
[2026-08-12T04:46:52.686+0000] {logging_mixin.py:190} INFO - [2026-08-12T04:46:52.685+0000] {dag.py:4138} INFO - Setting next_dagrun for consume_1_or_2_with_dataset_expressions to None, run_after=None
[2026-08-12T04:46:52.687+0000] {logging_mixin.py:190} INFO - [2026-08-12T04:46:52.687+0000] {dag.py:4138} INFO - Setting next_dagrun for consume_1_or_both_2_and_3_with_dataset_expressions to None, run_after=None
[2026-08-12T04:46:52.689+0000] {logging_mixin.py:190} INFO - [2026-08-12T04:46:52.689+0000] {dag.py:4138} INFO - Setting next_dagrun for dataset_consumes_1 to None, run_after=None
[2026-08-12T04:46:52.691+0000] {logging_mixin.py:190} INFO - [2026-08-12T04:46:52.691+0000] {dag.py:4138} INFO - Setting next_dagrun for dataset_consumes_1_and_2 to None, run_after=None
[2026-08-12T04:46:52.693+0000] {logging_mixin.py:190} INFO - [2026-08-12T04:46:52.692+0000] {dag.py:4138} INFO - Setting next_dagrun for dataset_consumes_1_never_scheduled to None, run_after=None
[2026-08-12T04:46:52.694+0000] {logging_mixin.py:190} INFO - [2026-08-12T04:46:52.694+0000] {dag.py:4138} INFO - Setting next_dagrun for dataset_consumes_unknown_never_scheduled to None, run_after=None
[2026-08-12T04:46:52.697+0000] {logging_mixin.py:190} INFO - [2026-08-12T04:46:52.697+0000] {dag.py:4138} INFO - Setting next_dagrun for dataset_produces_1 to 2026-08-11 00:00:00+00:00, run_after=2026-08-12 00:00:00+00:00
[2026-08-12T04:46:52.700+0000] {logging_mixin.py:190} INFO - [2026-08-12T04:46:52.700+0000] {dag.py:4138} INFO - Setting next_dagrun for dataset_produces_2 to None, run_after=None
[2026-08-12T04:46:52.742+0000] {processor.py:208} INFO - Processing /home/airflow/.local/lib/python3.12/site-packages/airflow/example_dags/example_datasets.py took 0.342 seconds
[2026-08-12T04:47:23.048+0000] {processor.py:186} INFO - Started process (PID=1844) to work on /home/airflow/.local/lib/python3.12/site-packages/airflow/example_dags/example_datasets.py
[2026-08-12T04:47:23.050+0000] {processor.py:914} INFO - Processing file /home/airflow/.local/lib/python3.12/site-packages/airflow/example_dags/example_datasets.py for tasks to queue
[2026-08-12T04:47:23.053+0000] {logging_mixin.py:190} INFO - [2026-08-12T04:47:23.053+0000] {dagbag.py:587} INFO - Filling up the DagBag from /home/airflow/.local/lib/python3.12/site-packages/airflow/example_dags/example_datasets.py
[2026-08-12T04:47:23.211+0000] {processor.py:925} INFO - DAG(s) 'dataset_consumes_1_never_scheduled', 'conditional_dataset_and_time_based_timetable', 'consume_1_or_both_2_and_3_with_dataset_expressions', 'consume_1_or_2_with_dataset_expressions', 'consume_1_and_2_with_dataset_expressions', 'dataset_consumes_1', 'dataset_produces_1', 'dataset_consumes_unknown_never_scheduled', 'dataset_consumes_1_and_2', 'dataset_produces_2' retrieved from /home/airflow/.local/lib/python3.12/site-packages/airflow/example_dags/example_datasets.py
[2026-08-12T04:47:23.291+0000] {logging_mixin.py:190} INFO - [2026-08-12T04:47:23.291+0000] {dag.py:3211} INFO - Sync 10 DAGs
[2026-08-12T04:47:23.540+0000] {logging_mixin.py:190} INFO - [2026-08-12T04:47:23.540+0000] {dag.py:4138} INFO - Setting next_dagrun for conditional_dataset_and_time_based_timetable to 2026-08-12 01:00:00+00:00, run_after=2026-08-12 01:00:00+00:00
[2026-08-12T04:47:23.545+0000] {logging_mixin.py:190} INFO - [2026-08-12T04:47:23.544+0000] {dag.py:4138} INFO - Setting next_dagrun for consume_1_and_2_with_dataset_expressions to None, run_after=None
[2026-08-12T04:47:23.547+0000] {logging_mixin.py:190} INFO - [2026-08-12T04:47:23.547+0000] {dag.py:4138} INFO - Setting next_dagrun for consume_1_or_2_with_dataset_expressions to None, run_after=None
[2026-08-12T04:47:23.550+0000] {logging_mixin.py:190} INFO - [2026-08-12T04:47:23.550+0000] {dag.py:4138} INFO - Setting next_dagrun for consume_1_or_both_2_and_3_with_dataset_expressions to None, run_after=None
[2026-08-12T04:47:23.552+0000] {logging_mixin.py:190} INFO - [2026-08-12T04:47:23.552+0000] {dag.py:4138} INFO - Setting next_dagrun for dataset_consumes_1 to None, run_after=None
[2026-08-12T04:47:23.555+0000] {logging_mixin.py:190} INFO - [2026-08-12T04:47:23.554+0000] {dag.py:4138} INFO - Setting next_dagrun for dataset_consumes_1_and_2 to None, run_after=None
[2026-08-12T04:47:23.557+0000] {logging_mixin.py:190} INFO - [2026-08-12T04:47:23.557+0000] {dag.py:4138} INFO - Setting next_dagrun for dataset_consumes_1_never_scheduled to None, run_after=None
[2026-08-12T04:47:23.559+0000] {logging_mixin.py:190} INFO - [2026-08-12T04:47:23.559+0000] {dag.py:4138} INFO - Setting next_dagrun for dataset_consumes_unknown_never_scheduled to None, run_after=None
[2026-08-12T04:47:23.562+0000] {logging_mixin.py:190} INFO - [2026-08-12T04:47:23.562+0000] {dag.py:4138} INFO - Setting next_dagrun for dataset_produces_1 to 2026-08-11 00:00:00+00:00, run_after=2026-08-12 00:00:00+00:00
[2026-08-12T04:47:23.565+0000] {logging_mixin.py:190} INFO - [2026-08-12T04:47:23.565+0000] {dag.py:4138} INFO - Setting next_dagrun for dataset_produces_2 to None, run_after=None
[2026-08-12T04:47:23.599+0000] {processor.py:208} INFO - Processing /home/airflow/.local/lib/python3.12/site-packages/airflow/example_dags/example_datasets.py took 0.560 seconds
[2026-08-12T04:47:53.863+0000] {processor.py:186} INFO - Started process (PID=1906) to work on /home/airflow/.local/lib/python3.12/site-packages/airflow/example_dags/example_datasets.py
[2026-08-12T04:47:53.865+0000] {processor.py:914} INFO - Processing file /home/airflow/.local/lib/python3.12/site-packages/airflow/example_dags/example_datasets.py for tasks to queue
[2026-08-12T04:47:53.871+0000] {logging_mixin.py:190} INFO - [2026-08-12T04:47:53.871+0000] {dagbag.py:587} INFO - Filling up the DagBag from /home/airflow/.local/lib/python3.12/site-packages/airflow/example_dags/example_datasets.py
[2026-08-12T04:47:54.041+0000] {processor.py:925} INFO - DAG(s) 'dataset_produces_1', 'dataset_consumes_unknown_never_scheduled', 'consume_1_and_2_with_dataset_expressions', 'dataset_consumes_1', 'conditional_dataset_and_time_based_timetable', 'consume_1_or_both_2_and_3_with_dataset_expressions', 'dataset_produces_2', 'consume_1_or_2_with_dataset_expressions', 'dataset_consumes_1_never_scheduled', 'dataset_consumes_1_and_2' retrieved from /home/airflow/.local/lib/python3.12/site-packages/airflow/example_dags/example_datasets.py
[2026-08-12T04:47:54.089+0000] {logging_mixin.py:190} INFO - [2026-08-12T04:47:54.088+0000] {dag.py:3211} INFO - Sync 10 DAGs
[2026-08-12T04:47:54.113+0000] {logging_mixin.py:190} INFO - [2026-08-12T04:47:54.112+0000] {dag.py:4138} INFO - Setting next_dagrun for conditional_dataset_and_time_based_timetable to 2026-08-12 01:00:00+00:00, run_after=2026-08-12 01:00:00+00:00
[2026-08-12T04:47:54.117+0000] {logging_mixin.py:190} INFO - [2026-08-12T04:47:54.117+0000] {dag.py:4138} INFO - Setting next_dagrun for consume_1_and_2_with_dataset_expressions to None, run_after=None
[2026-08-12T04:47:54.120+0000] {logging_mixin.py:190} INFO - [2026-08-12T04:47:54.120+0000] {dag.py:4138} INFO - Setting next_dagrun for consume_1_or_2_with_dataset_expressions to None, run_after=None
[2026-08-12T04:47:54.123+0000] {logging_mixin.py:190} INFO - [2026-08-12T04:47:54.122+0000] {dag.py:4138} INFO - Setting next_dagrun for consume_1_or_both_2_and_3_with_dataset_expressions to None, run_after=None
[2026-08-12T04:47:54.126+0000] {logging_mixin.py:190} INFO - [2026-08-12T04:47:54.125+0000] {dag.py:4138} INFO - Setting next_dagrun for dataset_consumes_1 to None, run_after=None
[2026-08-12T04:47:54.130+0000] {logging_mixin.py:190} INFO - [2026-08-12T04:47:54.129+0000] {dag.py:4138} INFO - Setting next_dagrun for dataset_consumes_1_and_2 to None, run_after=None
[2026-08-12T04:47:54.132+0000] {logging_mixin.py:190} INFO - [2026-08-12T04:47:54.132+0000] {dag.py:4138} INFO - Setting next_dagrun for dataset_consumes_1_never_scheduled to None, run_after=None
[2026-08-12T04:47:54.134+0000] {logging_mixin.py:190} INFO - [2026-08-12T04:47:54.134+0000] {dag.py:4138} INFO - Setting next_dagrun for dataset_consumes_unknown_never_scheduled to None, run_after=None
[2026-08-12T04:47:54.138+0000] {logging_mixin.py:190} INFO - [2026-08-12T04:47:54.137+0000] {dag.py:4138} INFO - Setting next_dagrun for dataset_produces_1 to 2026-08-11 00:00:00+00:00, run_after=2026-08-12 00:00:00+00:00
[2026-08-12T04:47:54.140+0000] {logging_mixin.py:190} INFO - [2026-08-12T04:47:54.140+0000] {dag.py:4138} INFO - Setting next_dagrun for dataset_produces_2 to None, run_after=None
[2026-08-12T04:47:54.386+0000] {processor.py:208} INFO - Processing /home/airflow/.local/lib/python3.12/site-packages/airflow/example_dags/example_datasets.py took 0.532 seconds
[2026-08-12T04:48:24.701+0000] {processor.py:186} INFO - Started process (PID=1969) to work on /home/airflow/.local/lib/python3.12/site-packages/airflow/example_dags/example_datasets.py
[2026-08-12T04:48:24.703+0000] {processor.py:914} INFO - Processing file /home/airflow/.local/lib/python3.12/site-packages/airflow/example_dags/example_datasets.py for tasks to queue
[2026-08-12T04:48:24.707+0000] {logging_mixin.py:190} INFO - [2026-08-12T04:48:24.707+0000] {dagbag.py:587} INFO - Filling up the DagBag from /home/airflow/.local/lib/python3.12/site-packages/airflow/example_dags/example_datasets.py
[2026-08-12T04:48:24.901+0000] {processor.py:925} INFO - DAG(s) 'consume_1_or_both_2_and_3_with_dataset_expressions', 'dataset_consumes_1', 'dataset_consumes_unknown_never_scheduled', 'consume_1_and_2_with_dataset_expressions', 'consume_1_or_2_with_dataset_expressions', 'dataset_produces_2', 'dataset_consumes_1_and_2', 'dataset_produces_1', 'conditional_dataset_and_time_based_timetable', 'dataset_consumes_1_never_scheduled' retrieved from /home/airflow/.local/lib/python3.12/site-packages/airflow/example_dags/example_datasets.py
[2026-08-12T04:48:24.947+0000] {logging_mixin.py:190} INFO - [2026-08-12T04:48:24.947+0000] {dag.py:3211} INFO - Sync 10 DAGs
[2026-08-12T04:48:24.973+0000] {logging_mixin.py:190} INFO - [2026-08-12T04:48:24.973+0000] {dag.py:4138} INFO - Setting next_dagrun for conditional_dataset_and_time_based_timetable to 2026-08-12 01:00:00+00:00, run_after=2026-08-12 01:00:00+00:00
[2026-08-12T04:48:24.977+0000] {logging_mixin.py:190} INFO - [2026-08-12T04:48:24.977+0000] {dag.py:4138} INFO - Setting next_dagrun for consume_1_and_2_with_dataset_expressions to None, run_after=None
[2026-08-12T04:48:24.980+0000] {logging_mixin.py:190} INFO - [2026-08-12T04:48:24.980+0000] {dag.py:4138} INFO - Setting next_dagrun for consume_1_or_2_with_dataset_expressions to None, run_after=None
[2026-08-12T04:48:24.982+0000] {logging_mixin.py:190} INFO - [2026-08-12T04:48:24.982+0000] {dag.py:4138} INFO - Setting next_dagrun for consume_1_or_both_2_and_3_with_dataset_expressions to None, run_after=None
[2026-08-12T04:48:24.984+0000] {logging_mixin.py:190} INFO - [2026-08-12T04:48:24.983+0000] {dag.py:4138} INFO - Setting next_dagrun for dataset_consumes_1 to None, run_after=None
[2026-08-12T04:48:24.986+0000] {logging_mixin.py:190} INFO - [2026-08-12T04:48:24.986+0000] {dag.py:4138} INFO - Setting next_dagrun for dataset_consumes_1_and_2 to None, run_after=None
[2026-08-12T04:48:24.988+0000] {logging_mixin.py:190} INFO - [2026-08-12T04:48:24.988+0000] {dag.py:4138} INFO - Setting next_dagrun for dataset_consumes_1_never_scheduled to None, run_after=None
[2026-08-12T04:48:24.990+0000] {logging_mixin.py:190} INFO - [2026-08-12T04:48:24.990+0000] {dag.py:4138} INFO - Setting next_dagrun for dataset_consumes_unknown_never_scheduled to None, run_after=None
[2026-08-12T04:48:24.994+0000] {logging_mixin.py:190} INFO - [2026-08-12T04:48:24.993+0000] {dag.py:4138} INFO - Setting next_dagrun for dataset_produces_1 to 2026-08-11 00:00:00+00:00, run_after=2026-08-12 00:00:00+00:00
[2026-08-12T04:48:24.996+0000] {logging_mixin.py:190} INFO - [2026-08-12T04:48:24.995+0000] {dag.py:4138} INFO - Setting next_dagrun for dataset_produces_2 to None, run_after=None
[2026-08-12T04:48:25.209+0000] {processor.py:208} INFO - Processing /home/airflow/.local/lib/python3.12/site-packages/airflow/example_dags/example_datasets.py took 0.518 seconds
[2026-08-12T04:48:55.549+0000] {processor.py:186} INFO - Started process (PID=2032) to work on /home/airflow/.local/lib/python3.12/site-packages/airflow/example_dags/example_datasets.py
[2026-08-12T04:48:55.550+0000] {processor.py:914} INFO - Processing file /home/airflow/.local/lib/python3.12/site-packages/airflow/example_dags/example_datasets.py for tasks to queue
[2026-08-12T04:48:55.554+0000] {logging_mixin.py:190} INFO - [2026-08-12T04:48:55.554+0000] {dagbag.py:587} INFO - Filling up the DagBag from /home/airflow/.local/lib/python3.12/site-packages/airflow/example_dags/example_datasets.py
[2026-08-12T04:48:55.749+0000] {processor.py:925} INFO - DAG(s) 'consume_1_and_2_with_dataset_expressions', 'dataset_consumes_1_and_2', 'dataset_consumes_1_never_scheduled', 'dataset_produces_2', 'dataset_consumes_1', 'consume_1_or_both_2_and_3_with_dataset_expressions', 'conditional_dataset_and_time_based_timetable', 'consume_1_or_2_with_dataset_expressions', 'dataset_produces_1', 'dataset_consumes_unknown_never_scheduled' retrieved from /home/airflow/.local/lib/python3.12/site-packages/airflow/example_dags/example_datasets.py
[2026-08-12T04:48:55.814+0000] {logging_mixin.py:190} INFO - [2026-08-12T04:48:55.814+0000] {dag.py:3211} INFO - Sync 10 DAGs
[2026-08-12T04:48:55.870+0000] {logging_mixin.py:190} INFO - [2026-08-12T04:48:55.869+0000] {dag.py:4138} INFO - Setting next_dagrun for conditional_dataset_and_time_based_timetable to 2026-08-12 01:00:00+00:00, run_after=2026-08-12 01:00:00+00:00
[2026-08-12T04:48:55.880+0000] {logging_mixin.py:190} INFO - [2026-08-12T04:48:55.880+0000] {dag.py:4138} INFO - Setting next_dagrun for consume_1_and_2_with_dataset_expressions to None, run_after=None
[2026-08-12T04:48:55.884+0000] {logging_mixin.py:190} INFO - [2026-08-12T04:48:55.884+0000] {dag.py:4138} INFO - Setting next_dagrun for consume_1_or_2_with_dataset_expressions to None, run_after=None
[2026-08-12T04:48:55.888+0000] {logging_mixin.py:190} INFO - [2026-08-12T04:48:55.887+0000] {dag.py:4138} INFO - Setting next_dagrun for consume_1_or_both_2_and_3_with_dataset_expressions to None, run_after=None
[2026-08-12T04:48:55.897+0000] {logging_mixin.py:190} INFO - [2026-08-12T04:48:55.897+0000] {dag.py:4138} INFO - Setting next_dagrun for dataset_consumes_1 to None, run_after=None
[2026-08-12T04:48:55.901+0000] {logging_mixin.py:190} INFO - [2026-08-12T04:48:55.901+0000] {dag.py:4138} INFO - Setting next_dagrun for dataset_consumes_1_and_2 to None, run_after=None
[2026-08-12T04:48:55.905+0000] {logging_mixin.py:190} INFO - [2026-08-12T04:48:55.904+0000] {dag.py:4138} INFO - Setting next_dagrun for dataset_consumes_1_never_scheduled to None, run_after=None
[2026-08-12T04:48:55.908+0000] {logging_mixin.py:190} INFO - [2026-08-12T04:48:55.908+0000] {dag.py:4138} INFO - Setting next_dagrun for dataset_consumes_unknown_never_scheduled to None, run_after=None
[2026-08-12T04:48:55.913+0000] {logging_mixin.py:190} INFO - [2026-08-12T04:48:55.913+0000] {dag.py:4138} INFO - Setting next_dagrun for dataset_produces_1 to 2026-08-11 00:00:00+00:00, run_after=2026-08-12 00:00:00+00:00
[2026-08-12T04:48:55.916+0000] {logging_mixin.py:190} INFO - [2026-08-12T04:48:55.916+0000] {dag.py:4138} INFO - Setting next_dagrun for dataset_produces_2 to None, run_after=None
[2026-08-12T04:48:55.985+0000] {processor.py:208} INFO - Processing /home/airflow/.local/lib/python3.12/site-packages/airflow/example_dags/example_datasets.py took 0.444 seconds
