[2026-08-12T04:30:49.739+0000] {processor.py:186} INFO - Started process (PID=89) to work on /home/airflow/.local/lib/python3.12/site-packages/airflow/example_dags/example_nested_branch_dag.py
[2026-08-12T04:30:49.741+0000] {processor.py:914} INFO - Processing file /home/airflow/.local/lib/python3.12/site-packages/airflow/example_dags/example_nested_branch_dag.py for tasks to queue
[2026-08-12T04:30:49.746+0000] {logging_mixin.py:190} INFO - [2026-08-12T04:30:49.745+0000] {dagbag.py:587} INFO - Filling up the DagBag from /home/airflow/.local/lib/python3.12/site-packages/airflow/example_dags/example_nested_branch_dag.py
[2026-08-12T04:30:49.766+0000] {processor.py:925} INFO - DAG(s) 'example_nested_branch_dag' retrieved from /home/airflow/.local/lib/python3.12/site-packages/airflow/example_dags/example_nested_branch_dag.py
[2026-08-12T04:30:49.930+0000] {logging_mixin.py:190} INFO - [2026-08-12T04:30:49.929+0000] {override.py:1858} INFO - Created Permission View: can edit on DAG:example_nested_branch_dag
[2026-08-12T04:30:49.942+0000] {logging_mixin.py:190} INFO - [2026-08-12T04:30:49.942+0000] {override.py:1858} INFO - Created Permission View: can delete on DAG:example_nested_branch_dag
[2026-08-12T04:30:49.951+0000] {logging_mixin.py:190} INFO - [2026-08-12T04:30:49.950+0000] {override.py:1858} INFO - Created Permission View: can read on DAG:example_nested_branch_dag
[2026-08-12T04:30:49.952+0000] {logging_mixin.py:190} INFO - [2026-08-12T04:30:49.952+0000] {dag.py:3211} INFO - Sync 1 DAGs
[2026-08-12T04:30:49.966+0000] {logging_mixin.py:190} INFO - [2026-08-12T04:30:49.966+0000] {dag.py:3234} INFO - Creating ORM DAG for example_nested_branch_dag
[2026-08-12T04:30:49.979+0000] {logging_mixin.py:190} INFO - [2026-08-12T04:30:49.979+0000] {dag.py:4138} INFO - Setting next_dagrun for example_nested_branch_dag to 2026-08-11 00:00:00+00:00, run_after=2026-08-12 00:00:00+00:00
[2026-08-12T04:30:50.000+0000] {processor.py:208} INFO - Processing /home/airflow/.local/lib/python3.12/site-packages/airflow/example_dags/example_nested_branch_dag.py took 0.271 seconds
[2026-08-12T04:31:20.209+0000] {processor.py:186} INFO - Started process (PID=151) to work on /home/airflow/.local/lib/python3.12/site-packages/airflow/example_dags/example_nested_branch_dag.py
[2026-08-12T04:31:20.211+0000] {processor.py:914} INFO - Processing file /home/airflow/.local/lib/python3.12/site-packages/airflow/example_dags/example_nested_branch_dag.py for tasks to queue
[2026-08-12T04:31:20.214+0000] {logging_mixin.py:190} INFO - [2026-08-12T04:31:20.213+0000] {dagbag.py:587} INFO - Filling up the DagBag from /home/airflow/.local/lib/python3.12/site-packages/airflow/example_dags/example_nested_branch_dag.py
[2026-08-12T04:31:20.224+0000] {processor.py:925} INFO - DAG(s) 'example_nested_branch_dag' retrieved from /home/airflow/.local/lib/python3.12/site-packages/airflow/example_dags/example_nested_branch_dag.py
[2026-08-12T04:31:20.246+0000] {logging_mixin.py:190} INFO - [2026-08-12T04:31:20.246+0000] {dag.py:3211} INFO - Sync 1 DAGs
[2026-08-12T04:31:20.270+0000] {logging_mixin.py:190} INFO - [2026-08-12T04:31:20.269+0000] {dag.py:4138} INFO - Setting next_dagrun for example_nested_branch_dag to 2026-08-11 00:00:00+00:00, run_after=2026-08-12 00:00:00+00:00
[2026-08-12T04:31:20.289+0000] {processor.py:208} INFO - Processing /home/airflow/.local/lib/python3.12/site-packages/airflow/example_dags/example_nested_branch_dag.py took 0.086 seconds
[2026-08-12T04:31:50.399+0000] {processor.py:186} INFO - Started process (PID=213) to work on /home/airflow/.local/lib/python3.12/site-packages/airflow/example_dags/example_nested_branch_dag.py
[2026-08-12T04:31:50.401+0000] {processor.py:914} INFO - Processing file /home/airflow/.local/lib/python3.12/site-packages/airflow/example_dags/example_nested_branch_dag.py for tasks to queue
[2026-08-12T04:31:50.404+0000] {logging_mixin.py:190} INFO - [2026-08-12T04:31:50.403+0000] {dagbag.py:587} INFO - Filling up the DagBag from /home/airflow/.local/lib/python3.12/site-packages/airflow/example_dags/example_nested_branch_dag.py
[2026-08-12T04:31:50.415+0000] {processor.py:925} INFO - DAG(s) 'example_nested_branch_dag' retrieved from /home/airflow/.local/lib/python3.12/site-packages/airflow/example_dags/example_nested_branch_dag.py
[2026-08-12T04:31:50.437+0000] {logging_mixin.py:190} INFO - [2026-08-12T04:31:50.437+0000] {dag.py:3211} INFO - Sync 1 DAGs
[2026-08-12T04:31:50.460+0000] {logging_mixin.py:190} INFO - [2026-08-12T04:31:50.459+0000] {dag.py:4138} INFO - Setting next_dagrun for example_nested_branch_dag to 2026-08-11 00:00:00+00:00, run_after=2026-08-12 00:00:00+00:00
[2026-08-12T04:31:50.479+0000] {processor.py:208} INFO - Processing /home/airflow/.local/lib/python3.12/site-packages/airflow/example_dags/example_nested_branch_dag.py took 0.086 seconds
[2026-08-12T04:33:03.672+0000] {processor.py:186} INFO - Started process (PID=86) to work on /home/airflow/.local/lib/python3.12/site-packages/airflow/example_dags/example_nested_branch_dag.py
[2026-08-12T04:33:03.676+0000] {processor.py:914} INFO - Processing file /home/airflow/.local/lib/python3.12/site-packages/airflow/example_dags/example_nested_branch_dag.py for tasks to queue
[2026-08-12T04:33:03.684+0000] {logging_mixin.py:190} INFO - [2026-08-12T04:33:03.683+0000] {dagbag.py:587} INFO - Filling up the DagBag from /home/airflow/.local/lib/python3.12/site-packages/airflow/example_dags/example_nested_branch_dag.py
[2026-08-12T04:33:03.712+0000] {processor.py:925} INFO - DAG(s) 'example_nested_branch_dag' retrieved from /home/airflow/.local/lib/python3.12/site-packages/airflow/example_dags/example_nested_branch_dag.py
[2026-08-12T04:33:03.764+0000] {logging_mixin.py:190} INFO - [2026-08-12T04:33:03.764+0000] {dag.py:3211} INFO - Sync 1 DAGs
[2026-08-12T04:33:03.829+0000] {logging_mixin.py:190} INFO - [2026-08-12T04:33:03.829+0000] {dag.py:4138} INFO - Setting next_dagrun for example_nested_branch_dag to 2026-08-11 00:00:00+00:00, run_after=2026-08-12 00:00:00+00:00
[2026-08-12T04:33:03.891+0000] {processor.py:208} INFO - Processing /home/airflow/.local/lib/python3.12/site-packages/airflow/example_dags/example_nested_branch_dag.py took 0.233 seconds
[2026-08-12T04:33:34.669+0000] {processor.py:186} INFO - Started process (PID=148) to work on /home/airflow/.local/lib/python3.12/site-packages/airflow/example_dags/example_nested_branch_dag.py
[2026-08-12T04:33:34.671+0000] {processor.py:914} INFO - Processing file /home/airflow/.local/lib/python3.12/site-packages/airflow/example_dags/example_nested_branch_dag.py for tasks to queue
[2026-08-12T04:33:34.675+0000] {logging_mixin.py:190} INFO - [2026-08-12T04:33:34.675+0000] {dagbag.py:587} INFO - Filling up the DagBag from /home/airflow/.local/lib/python3.12/site-packages/airflow/example_dags/example_nested_branch_dag.py
[2026-08-12T04:33:34.689+0000] {processor.py:925} INFO - DAG(s) 'example_nested_branch_dag' retrieved from /home/airflow/.local/lib/python3.12/site-packages/airflow/example_dags/example_nested_branch_dag.py
[2026-08-12T04:33:34.717+0000] {logging_mixin.py:190} INFO - [2026-08-12T04:33:34.716+0000] {dag.py:3211} INFO - Sync 1 DAGs
[2026-08-12T04:33:34.745+0000] {logging_mixin.py:190} INFO - [2026-08-12T04:33:34.745+0000] {dag.py:4138} INFO - Setting next_dagrun for example_nested_branch_dag to 2026-08-11 00:00:00+00:00, run_after=2026-08-12 00:00:00+00:00
[2026-08-12T04:33:34.768+0000] {processor.py:208} INFO - Processing /home/airflow/.local/lib/python3.12/site-packages/airflow/example_dags/example_nested_branch_dag.py took 0.105 seconds
[2026-08-12T04:34:04.867+0000] {processor.py:186} INFO - Started process (PID=209) to work on /home/airflow/.local/lib/python3.12/site-packages/airflow/example_dags/example_nested_branch_dag.py
[2026-08-12T04:34:04.869+0000] {processor.py:914} INFO - Processing file /home/airflow/.local/lib/python3.12/site-packages/airflow/example_dags/example_nested_branch_dag.py for tasks to queue
[2026-08-12T04:34:04.872+0000] {logging_mixin.py:190} INFO - [2026-08-12T04:34:04.872+0000] {dagbag.py:587} INFO - Filling up the DagBag from /home/airflow/.local/lib/python3.12/site-packages/airflow/example_dags/example_nested_branch_dag.py
[2026-08-12T04:34:04.886+0000] {processor.py:925} INFO - DAG(s) 'example_nested_branch_dag' retrieved from /home/airflow/.local/lib/python3.12/site-packages/airflow/example_dags/example_nested_branch_dag.py
[2026-08-12T04:34:04.911+0000] {logging_mixin.py:190} INFO - [2026-08-12T04:34:04.911+0000] {dag.py:3211} INFO - Sync 1 DAGs
[2026-08-12T04:34:04.936+0000] {logging_mixin.py:190} INFO - [2026-08-12T04:34:04.935+0000] {dag.py:4138} INFO - Setting next_dagrun for example_nested_branch_dag to 2026-08-11 00:00:00+00:00, run_after=2026-08-12 00:00:00+00:00
[2026-08-12T04:34:04.959+0000] {processor.py:208} INFO - Processing /home/airflow/.local/lib/python3.12/site-packages/airflow/example_dags/example_nested_branch_dag.py took 0.099 seconds
[2026-08-12T04:34:35.868+0000] {processor.py:186} INFO - Started process (PID=272) to work on /home/airflow/.local/lib/python3.12/site-packages/airflow/example_dags/example_nested_branch_dag.py
[2026-08-12T04:34:35.870+0000] {processor.py:914} INFO - Processing file /home/airflow/.local/lib/python3.12/site-packages/airflow/example_dags/example_nested_branch_dag.py for tasks to queue
[2026-08-12T04:34:35.875+0000] {logging_mixin.py:190} INFO - [2026-08-12T04:34:35.875+0000] {dagbag.py:587} INFO - Filling up the DagBag from /home/airflow/.local/lib/python3.12/site-packages/airflow/example_dags/example_nested_branch_dag.py
[2026-08-12T04:34:35.894+0000] {processor.py:925} INFO - DAG(s) 'example_nested_branch_dag' retrieved from /home/airflow/.local/lib/python3.12/site-packages/airflow/example_dags/example_nested_branch_dag.py
[2026-08-12T04:34:35.926+0000] {logging_mixin.py:190} INFO - [2026-08-12T04:34:35.926+0000] {dag.py:3211} INFO - Sync 1 DAGs
[2026-08-12T04:34:35.956+0000] {logging_mixin.py:190} INFO - [2026-08-12T04:34:35.956+0000] {dag.py:4138} INFO - Setting next_dagrun for example_nested_branch_dag to 2026-08-11 00:00:00+00:00, run_after=2026-08-12 00:00:00+00:00
[2026-08-12T04:34:35.994+0000] {processor.py:208} INFO - Processing /home/airflow/.local/lib/python3.12/site-packages/airflow/example_dags/example_nested_branch_dag.py took 0.133 seconds
[2026-08-12T04:35:06.058+0000] {processor.py:186} INFO - Started process (PID=333) to work on /home/airflow/.local/lib/python3.12/site-packages/airflow/example_dags/example_nested_branch_dag.py
[2026-08-12T04:35:06.060+0000] {processor.py:914} INFO - Processing file /home/airflow/.local/lib/python3.12/site-packages/airflow/example_dags/example_nested_branch_dag.py for tasks to queue
[2026-08-12T04:35:06.064+0000] {logging_mixin.py:190} INFO - [2026-08-12T04:35:06.063+0000] {dagbag.py:587} INFO - Filling up the DagBag from /home/airflow/.local/lib/python3.12/site-packages/airflow/example_dags/example_nested_branch_dag.py
[2026-08-12T04:35:06.079+0000] {processor.py:925} INFO - DAG(s) 'example_nested_branch_dag' retrieved from /home/airflow/.local/lib/python3.12/site-packages/airflow/example_dags/example_nested_branch_dag.py
[2026-08-12T04:35:06.104+0000] {logging_mixin.py:190} INFO - [2026-08-12T04:35:06.104+0000] {dag.py:3211} INFO - Sync 1 DAGs
[2026-08-12T04:35:06.130+0000] {logging_mixin.py:190} INFO - [2026-08-12T04:35:06.130+0000] {dag.py:4138} INFO - Setting next_dagrun for example_nested_branch_dag to 2026-08-11 00:00:00+00:00, run_after=2026-08-12 00:00:00+00:00
[2026-08-12T04:35:06.155+0000] {processor.py:208} INFO - Processing /home/airflow/.local/lib/python3.12/site-packages/airflow/example_dags/example_nested_branch_dag.py took 0.107 seconds
[2026-08-12T04:35:36.505+0000] {processor.py:186} INFO - Started process (PID=395) to work on /home/airflow/.local/lib/python3.12/site-packages/airflow/example_dags/example_nested_branch_dag.py
[2026-08-12T04:35:36.507+0000] {processor.py:914} INFO - Processing file /home/airflow/.local/lib/python3.12/site-packages/airflow/example_dags/example_nested_branch_dag.py for tasks to queue
[2026-08-12T04:35:36.511+0000] {logging_mixin.py:190} INFO - [2026-08-12T04:35:36.510+0000] {dagbag.py:587} INFO - Filling up the DagBag from /home/airflow/.local/lib/python3.12/site-packages/airflow/example_dags/example_nested_branch_dag.py
[2026-08-12T04:35:36.526+0000] {processor.py:925} INFO - DAG(s) 'example_nested_branch_dag' retrieved from /home/airflow/.local/lib/python3.12/site-packages/airflow/example_dags/example_nested_branch_dag.py
[2026-08-12T04:35:36.552+0000] {logging_mixin.py:190} INFO - [2026-08-12T04:35:36.552+0000] {dag.py:3211} INFO - Sync 1 DAGs
[2026-08-12T04:35:36.581+0000] {logging_mixin.py:190} INFO - [2026-08-12T04:35:36.580+0000] {dag.py:4138} INFO - Setting next_dagrun for example_nested_branch_dag to 2026-08-11 00:00:00+00:00, run_after=2026-08-12 00:00:00+00:00
[2026-08-12T04:35:36.618+0000] {processor.py:208} INFO - Processing /home/airflow/.local/lib/python3.12/site-packages/airflow/example_dags/example_nested_branch_dag.py took 0.119 seconds
[2026-08-12T04:36:06.930+0000] {processor.py:186} INFO - Started process (PID=457) to work on /home/airflow/.local/lib/python3.12/site-packages/airflow/example_dags/example_nested_branch_dag.py
[2026-08-12T04:36:06.932+0000] {processor.py:914} INFO - Processing file /home/airflow/.local/lib/python3.12/site-packages/airflow/example_dags/example_nested_branch_dag.py for tasks to queue
[2026-08-12T04:36:06.935+0000] {logging_mixin.py:190} INFO - [2026-08-12T04:36:06.935+0000] {dagbag.py:587} INFO - Filling up the DagBag from /home/airflow/.local/lib/python3.12/site-packages/airflow/example_dags/example_nested_branch_dag.py
[2026-08-12T04:36:06.946+0000] {processor.py:925} INFO - DAG(s) 'example_nested_branch_dag' retrieved from /home/airflow/.local/lib/python3.12/site-packages/airflow/example_dags/example_nested_branch_dag.py
[2026-08-12T04:36:06.970+0000] {logging_mixin.py:190} INFO - [2026-08-12T04:36:06.970+0000] {dag.py:3211} INFO - Sync 1 DAGs
[2026-08-12T04:36:06.995+0000] {logging_mixin.py:190} INFO - [2026-08-12T04:36:06.994+0000] {dag.py:4138} INFO - Setting next_dagrun for example_nested_branch_dag to 2026-08-11 00:00:00+00:00, run_after=2026-08-12 00:00:00+00:00
[2026-08-12T04:36:07.029+0000] {processor.py:208} INFO - Processing /home/airflow/.local/lib/python3.12/site-packages/airflow/example_dags/example_nested_branch_dag.py took 0.105 seconds
[2026-08-12T04:36:37.215+0000] {processor.py:186} INFO - Started process (PID=519) to work on /home/airflow/.local/lib/python3.12/site-packages/airflow/example_dags/example_nested_branch_dag.py
[2026-08-12T04:36:37.217+0000] {processor.py:914} INFO - Processing file /home/airflow/.local/lib/python3.12/site-packages/airflow/example_dags/example_nested_branch_dag.py for tasks to queue
[2026-08-12T04:36:37.220+0000] {logging_mixin.py:190} INFO - [2026-08-12T04:36:37.220+0000] {dagbag.py:587} INFO - Filling up the DagBag from /home/airflow/.local/lib/python3.12/site-packages/airflow/example_dags/example_nested_branch_dag.py
[2026-08-12T04:36:37.232+0000] {processor.py:925} INFO - DAG(s) 'example_nested_branch_dag' retrieved from /home/airflow/.local/lib/python3.12/site-packages/airflow/example_dags/example_nested_branch_dag.py
[2026-08-12T04:36:37.252+0000] {logging_mixin.py:190} INFO - [2026-08-12T04:36:37.252+0000] {dag.py:3211} INFO - Sync 1 DAGs
[2026-08-12T04:36:37.280+0000] {logging_mixin.py:190} INFO - [2026-08-12T04:36:37.280+0000] {dag.py:4138} INFO - Setting next_dagrun for example_nested_branch_dag to 2026-08-11 00:00:00+00:00, run_after=2026-08-12 00:00:00+00:00
[2026-08-12T04:36:37.313+0000] {processor.py:208} INFO - Processing /home/airflow/.local/lib/python3.12/site-packages/airflow/example_dags/example_nested_branch_dag.py took 0.102 seconds
[2026-08-12T04:37:07.680+0000] {processor.py:186} INFO - Started process (PID=581) to work on /home/airflow/.local/lib/python3.12/site-packages/airflow/example_dags/example_nested_branch_dag.py
[2026-08-12T04:37:07.682+0000] {processor.py:914} INFO - Processing file /home/airflow/.local/lib/python3.12/site-packages/airflow/example_dags/example_nested_branch_dag.py for tasks to queue
[2026-08-12T04:37:07.685+0000] {logging_mixin.py:190} INFO - [2026-08-12T04:37:07.684+0000] {dagbag.py:587} INFO - Filling up the DagBag from /home/airflow/.local/lib/python3.12/site-packages/airflow/example_dags/example_nested_branch_dag.py
[2026-08-12T04:37:07.695+0000] {processor.py:925} INFO - DAG(s) 'example_nested_branch_dag' retrieved from /home/airflow/.local/lib/python3.12/site-packages/airflow/example_dags/example_nested_branch_dag.py
[2026-08-12T04:37:07.716+0000] {logging_mixin.py:190} INFO - [2026-08-12T04:37:07.716+0000] {dag.py:3211} INFO - Sync 1 DAGs
[2026-08-12T04:37:07.738+0000] {logging_mixin.py:190} INFO - [2026-08-12T04:37:07.738+0000] {dag.py:4138} INFO - Setting next_dagrun for example_nested_branch_dag to 2026-08-11 00:00:00+00:00, run_after=2026-08-12 00:00:00+00:00
[2026-08-12T04:37:07.759+0000] {processor.py:208} INFO - Processing /home/airflow/.local/lib/python3.12/site-packages/airflow/example_dags/example_nested_branch_dag.py took 0.084 seconds
[2026-08-12T04:37:38.290+0000] {processor.py:186} INFO - Started process (PID=643) to work on /home/airflow/.local/lib/python3.12/site-packages/airflow/example_dags/example_nested_branch_dag.py
[2026-08-12T04:37:38.292+0000] {processor.py:914} INFO - Processing file /home/airflow/.local/lib/python3.12/site-packages/airflow/example_dags/example_nested_branch_dag.py for tasks to queue
[2026-08-12T04:37:38.296+0000] {logging_mixin.py:190} INFO - [2026-08-12T04:37:38.295+0000] {dagbag.py:587} INFO - Filling up the DagBag from /home/airflow/.local/lib/python3.12/site-packages/airflow/example_dags/example_nested_branch_dag.py
[2026-08-12T04:37:38.310+0000] {processor.py:925} INFO - DAG(s) 'example_nested_branch_dag' retrieved from /home/airflow/.local/lib/python3.12/site-packages/airflow/example_dags/example_nested_branch_dag.py
[2026-08-12T04:37:38.334+0000] {logging_mixin.py:190} INFO - [2026-08-12T04:37:38.334+0000] {dag.py:3211} INFO - Sync 1 DAGs
[2026-08-12T04:37:38.361+0000] {logging_mixin.py:190} INFO - [2026-08-12T04:37:38.361+0000] {dag.py:4138} INFO - Setting next_dagrun for example_nested_branch_dag to 2026-08-11 00:00:00+00:00, run_after=2026-08-12 00:00:00+00:00
[2026-08-12T04:37:38.400+0000] {processor.py:208} INFO - Processing /home/airflow/.local/lib/python3.12/site-packages/airflow/example_dags/example_nested_branch_dag.py took 0.119 seconds
[2026-08-12T04:38:08.862+0000] {processor.py:186} INFO - Started process (PID=705) to work on /home/airflow/.local/lib/python3.12/site-packages/airflow/example_dags/example_nested_branch_dag.py
[2026-08-12T04:38:08.863+0000] {processor.py:914} INFO - Processing file /home/airflow/.local/lib/python3.12/site-packages/airflow/example_dags/example_nested_branch_dag.py for tasks to queue
[2026-08-12T04:38:08.866+0000] {logging_mixin.py:190} INFO - [2026-08-12T04:38:08.866+0000] {dagbag.py:587} INFO - Filling up the DagBag from /home/airflow/.local/lib/python3.12/site-packages/airflow/example_dags/example_nested_branch_dag.py
[2026-08-12T04:38:08.877+0000] {processor.py:925} INFO - DAG(s) 'example_nested_branch_dag' retrieved from /home/airflow/.local/lib/python3.12/site-packages/airflow/example_dags/example_nested_branch_dag.py
[2026-08-12T04:38:08.900+0000] {logging_mixin.py:190} INFO - [2026-08-12T04:38:08.900+0000] {dag.py:3211} INFO - Sync 1 DAGs
[2026-08-12T04:38:08.923+0000] {logging_mixin.py:190} INFO - [2026-08-12T04:38:08.922+0000] {dag.py:4138} INFO - Setting next_dagrun for example_nested_branch_dag to 2026-08-11 00:00:00+00:00, run_after=2026-08-12 00:00:00+00:00
[2026-08-12T04:38:08.944+0000] {processor.py:208} INFO - Processing /home/airflow/.local/lib/python3.12/site-packages/airflow/example_dags/example_nested_branch_dag.py took 0.087 seconds
[2026-08-12T04:38:39.247+0000] {processor.py:186} INFO - Started process (PID=767) to work on /home/airflow/.local/lib/python3.12/site-packages/airflow/example_dags/example_nested_branch_dag.py
[2026-08-12T04:38:39.249+0000] {processor.py:914} INFO - Processing file /home/airflow/.local/lib/python3.12/site-packages/airflow/example_dags/example_nested_branch_dag.py for tasks to queue
[2026-08-12T04:38:39.253+0000] {logging_mixin.py:190} INFO - [2026-08-12T04:38:39.252+0000] {dagbag.py:587} INFO - Filling up the DagBag from /home/airflow/.local/lib/python3.12/site-packages/airflow/example_dags/example_nested_branch_dag.py
[2026-08-12T04:38:39.268+0000] {processor.py:925} INFO - DAG(s) 'example_nested_branch_dag' retrieved from /home/airflow/.local/lib/python3.12/site-packages/airflow/example_dags/example_nested_branch_dag.py
[2026-08-12T04:38:39.292+0000] {logging_mixin.py:190} INFO - [2026-08-12T04:38:39.292+0000] {dag.py:3211} INFO - Sync 1 DAGs
[2026-08-12T04:38:39.316+0000] {logging_mixin.py:190} INFO - [2026-08-12T04:38:39.316+0000] {dag.py:4138} INFO - Setting next_dagrun for example_nested_branch_dag to 2026-08-11 00:00:00+00:00, run_after=2026-08-12 00:00:00+00:00
[2026-08-12T04:38:39.350+0000] {processor.py:208} INFO - Processing /home/airflow/.local/lib/python3.12/site-packages/airflow/example_dags/example_nested_branch_dag.py took 0.109 seconds
[2026-08-12T04:39:09.674+0000] {processor.py:186} INFO - Started process (PID=829) to work on /home/airflow/.local/lib/python3.12/site-packages/airflow/example_dags/example_nested_branch_dag.py
[2026-08-12T04:39:09.675+0000] {processor.py:914} INFO - Processing file /home/airflow/.local/lib/python3.12/site-packages/airflow/example_dags/example_nested_branch_dag.py for tasks to queue
[2026-08-12T04:39:09.679+0000] {logging_mixin.py:190} INFO - [2026-08-12T04:39:09.679+0000] {dagbag.py:587} INFO - Filling up the DagBag from /home/airflow/.local/lib/python3.12/site-packages/airflow/example_dags/example_nested_branch_dag.py
[2026-08-12T04:39:09.692+0000] {processor.py:925} INFO - DAG(s) 'example_nested_branch_dag' retrieved from /home/airflow/.local/lib/python3.12/site-packages/airflow/example_dags/example_nested_branch_dag.py
[2026-08-12T04:39:09.714+0000] {logging_mixin.py:190} INFO - [2026-08-12T04:39:09.714+0000] {dag.py:3211} INFO - Sync 1 DAGs
[2026-08-12T04:39:09.737+0000] {logging_mixin.py:190} INFO - [2026-08-12T04:39:09.736+0000] {dag.py:4138} INFO - Setting next_dagrun for example_nested_branch_dag to 2026-08-11 00:00:00+00:00, run_after=2026-08-12 00:00:00+00:00
[2026-08-12T04:39:09.772+0000] {processor.py:208} INFO - Processing /home/airflow/.local/lib/python3.12/site-packages/airflow/example_dags/example_nested_branch_dag.py took 0.105 seconds
[2026-08-12T04:39:40.575+0000] {processor.py:186} INFO - Started process (PID=892) to work on /home/airflow/.local/lib/python3.12/site-packages/airflow/example_dags/example_nested_branch_dag.py
[2026-08-12T04:39:40.577+0000] {processor.py:914} INFO - Processing file /home/airflow/.local/lib/python3.12/site-packages/airflow/example_dags/example_nested_branch_dag.py for tasks to queue
[2026-08-12T04:39:40.581+0000] {logging_mixin.py:190} INFO - [2026-08-12T04:39:40.581+0000] {dagbag.py:587} INFO - Filling up the DagBag from /home/airflow/.local/lib/python3.12/site-packages/airflow/example_dags/example_nested_branch_dag.py
[2026-08-12T04:39:40.606+0000] {processor.py:925} INFO - DAG(s) 'example_nested_branch_dag' retrieved from /home/airflow/.local/lib/python3.12/site-packages/airflow/example_dags/example_nested_branch_dag.py
[2026-08-12T04:39:40.632+0000] {logging_mixin.py:190} INFO - [2026-08-12T04:39:40.631+0000] {dag.py:3211} INFO - Sync 1 DAGs
[2026-08-12T04:39:40.674+0000] {logging_mixin.py:190} INFO - [2026-08-12T04:39:40.673+0000] {dag.py:4138} INFO - Setting next_dagrun for example_nested_branch_dag to 2026-08-11 00:00:00+00:00, run_after=2026-08-12 00:00:00+00:00
[2026-08-12T04:39:40.735+0000] {processor.py:208} INFO - Processing /home/airflow/.local/lib/python3.12/site-packages/airflow/example_dags/example_nested_branch_dag.py took 0.168 seconds
[2026-08-12T04:40:11.172+0000] {processor.py:186} INFO - Started process (PID=954) to work on /home/airflow/.local/lib/python3.12/site-packages/airflow/example_dags/example_nested_branch_dag.py
[2026-08-12T04:40:11.173+0000] {processor.py:914} INFO - Processing file /home/airflow/.local/lib/python3.12/site-packages/airflow/example_dags/example_nested_branch_dag.py for tasks to queue
[2026-08-12T04:40:11.177+0000] {logging_mixin.py:190} INFO - [2026-08-12T04:40:11.177+0000] {dagbag.py:587} INFO - Filling up the DagBag from /home/airflow/.local/lib/python3.12/site-packages/airflow/example_dags/example_nested_branch_dag.py
[2026-08-12T04:40:11.190+0000] {processor.py:925} INFO - DAG(s) 'example_nested_branch_dag' retrieved from /home/airflow/.local/lib/python3.12/site-packages/airflow/example_dags/example_nested_branch_dag.py
[2026-08-12T04:40:11.219+0000] {logging_mixin.py:190} INFO - [2026-08-12T04:40:11.219+0000] {dag.py:3211} INFO - Sync 1 DAGs
[2026-08-12T04:40:11.255+0000] {logging_mixin.py:190} INFO - [2026-08-12T04:40:11.254+0000] {dag.py:4138} INFO - Setting next_dagrun for example_nested_branch_dag to 2026-08-11 00:00:00+00:00, run_after=2026-08-12 00:00:00+00:00
[2026-08-12T04:40:11.282+0000] {processor.py:208} INFO - Processing /home/airflow/.local/lib/python3.12/site-packages/airflow/example_dags/example_nested_branch_dag.py took 0.116 seconds
[2026-08-12T04:40:41.581+0000] {processor.py:186} INFO - Started process (PID=1016) to work on /home/airflow/.local/lib/python3.12/site-packages/airflow/example_dags/example_nested_branch_dag.py
[2026-08-12T04:40:41.583+0000] {processor.py:914} INFO - Processing file /home/airflow/.local/lib/python3.12/site-packages/airflow/example_dags/example_nested_branch_dag.py for tasks to queue
[2026-08-12T04:40:41.586+0000] {logging_mixin.py:190} INFO - [2026-08-12T04:40:41.586+0000] {dagbag.py:587} INFO - Filling up the DagBag from /home/airflow/.local/lib/python3.12/site-packages/airflow/example_dags/example_nested_branch_dag.py
[2026-08-12T04:40:41.600+0000] {processor.py:925} INFO - DAG(s) 'example_nested_branch_dag' retrieved from /home/airflow/.local/lib/python3.12/site-packages/airflow/example_dags/example_nested_branch_dag.py
[2026-08-12T04:40:41.624+0000] {logging_mixin.py:190} INFO - [2026-08-12T04:40:41.624+0000] {dag.py:3211} INFO - Sync 1 DAGs
[2026-08-12T04:40:41.651+0000] {logging_mixin.py:190} INFO - [2026-08-12T04:40:41.651+0000] {dag.py:4138} INFO - Setting next_dagrun for example_nested_branch_dag to 2026-08-11 00:00:00+00:00, run_after=2026-08-12 00:00:00+00:00
[2026-08-12T04:40:41.675+0000] {processor.py:208} INFO - Processing /home/airflow/.local/lib/python3.12/site-packages/airflow/example_dags/example_nested_branch_dag.py took 0.099 seconds
[2026-08-12T04:41:11.946+0000] {processor.py:186} INFO - Started process (PID=1078) to work on /home/airflow/.local/lib/python3.12/site-packages/airflow/example_dags/example_nested_branch_dag.py
[2026-08-12T04:41:11.948+0000] {processor.py:914} INFO - Processing file /home/airflow/.local/lib/python3.12/site-packages/airflow/example_dags/example_nested_branch_dag.py for tasks to queue
[2026-08-12T04:41:11.952+0000] {logging_mixin.py:190} INFO - [2026-08-12T04:41:11.951+0000] {dagbag.py:587} INFO - Filling up the DagBag from /home/airflow/.local/lib/python3.12/site-packages/airflow/example_dags/example_nested_branch_dag.py
[2026-08-12T04:41:11.968+0000] {processor.py:925} INFO - DAG(s) 'example_nested_branch_dag' retrieved from /home/airflow/.local/lib/python3.12/site-packages/airflow/example_dags/example_nested_branch_dag.py
[2026-08-12T04:41:11.995+0000] {logging_mixin.py:190} INFO - [2026-08-12T04:41:11.995+0000] {dag.py:3211} INFO - Sync 1 DAGs
[2026-08-12T04:41:12.023+0000] {logging_mixin.py:190} INFO - [2026-08-12T04:41:12.023+0000] {dag.py:4138} INFO - Setting next_dagrun for example_nested_branch_dag to 2026-08-11 00:00:00+00:00, run_after=2026-08-12 00:00:00+00:00
[2026-08-12T04:41:12.045+0000] {processor.py:208} INFO - Processing /home/airflow/.local/lib/python3.12/site-packages/airflow/example_dags/example_nested_branch_dag.py took 0.107 seconds
[2026-08-12T04:41:42.682+0000] {processor.py:186} INFO - Started process (PID=1140) to work on /home/airflow/.local/lib/python3.12/site-packages/airflow/example_dags/example_nested_branch_dag.py
[2026-08-12T04:41:42.684+0000] {processor.py:914} INFO - Processing file /home/airflow/.local/lib/python3.12/site-packages/airflow/example_dags/example_nested_branch_dag.py for tasks to queue
[2026-08-12T04:41:42.687+0000] {logging_mixin.py:190} INFO - [2026-08-12T04:41:42.687+0000] {dagbag.py:587} INFO - Filling up the DagBag from /home/airflow/.local/lib/python3.12/site-packages/airflow/example_dags/example_nested_branch_dag.py
[2026-08-12T04:41:42.698+0000] {processor.py:925} INFO - DAG(s) 'example_nested_branch_dag' retrieved from /home/airflow/.local/lib/python3.12/site-packages/airflow/example_dags/example_nested_branch_dag.py
[2026-08-12T04:41:42.720+0000] {logging_mixin.py:190} INFO - [2026-08-12T04:41:42.720+0000] {dag.py:3211} INFO - Sync 1 DAGs
[2026-08-12T04:41:42.744+0000] {logging_mixin.py:190} INFO - [2026-08-12T04:41:42.744+0000] {dag.py:4138} INFO - Setting next_dagrun for example_nested_branch_dag to 2026-08-11 00:00:00+00:00, run_after=2026-08-12 00:00:00+00:00
[2026-08-12T04:41:42.779+0000] {processor.py:208} INFO - Processing /home/airflow/.local/lib/python3.12/site-packages/airflow/example_dags/example_nested_branch_dag.py took 0.101 seconds
[2026-08-12T04:42:13.199+0000] {processor.py:186} INFO - Started process (PID=1202) to work on /home/airflow/.local/lib/python3.12/site-packages/airflow/example_dags/example_nested_branch_dag.py
[2026-08-12T04:42:13.201+0000] {processor.py:914} INFO - Processing file /home/airflow/.local/lib/python3.12/site-packages/airflow/example_dags/example_nested_branch_dag.py for tasks to queue
[2026-08-12T04:42:13.204+0000] {logging_mixin.py:190} INFO - [2026-08-12T04:42:13.204+0000] {dagbag.py:587} INFO - Filling up the DagBag from /home/airflow/.local/lib/python3.12/site-packages/airflow/example_dags/example_nested_branch_dag.py
[2026-08-12T04:42:13.221+0000] {processor.py:925} INFO - DAG(s) 'example_nested_branch_dag' retrieved from /home/airflow/.local/lib/python3.12/site-packages/airflow/example_dags/example_nested_branch_dag.py
[2026-08-12T04:42:13.246+0000] {logging_mixin.py:190} INFO - [2026-08-12T04:42:13.245+0000] {dag.py:3211} INFO - Sync 1 DAGs
[2026-08-12T04:42:13.275+0000] {logging_mixin.py:190} INFO - [2026-08-12T04:42:13.275+0000] {dag.py:4138} INFO - Setting next_dagrun for example_nested_branch_dag to 2026-08-11 00:00:00+00:00, run_after=2026-08-12 00:00:00+00:00
[2026-08-12T04:42:13.296+0000] {processor.py:208} INFO - Processing /home/airflow/.local/lib/python3.12/site-packages/airflow/example_dags/example_nested_branch_dag.py took 0.103 seconds
[2026-08-12T04:42:43.581+0000] {processor.py:186} INFO - Started process (PID=1264) to work on /home/airflow/.local/lib/python3.12/site-packages/airflow/example_dags/example_nested_branch_dag.py
[2026-08-12T04:42:43.583+0000] {processor.py:914} INFO - Processing file /home/airflow/.local/lib/python3.12/site-packages/airflow/example_dags/example_nested_branch_dag.py for tasks to queue
[2026-08-12T04:42:43.586+0000] {logging_mixin.py:190} INFO - [2026-08-12T04:42:43.586+0000] {dagbag.py:587} INFO - Filling up the DagBag from /home/airflow/.local/lib/python3.12/site-packages/airflow/example_dags/example_nested_branch_dag.py
[2026-08-12T04:42:43.597+0000] {processor.py:925} INFO - DAG(s) 'example_nested_branch_dag' retrieved from /home/airflow/.local/lib/python3.12/site-packages/airflow/example_dags/example_nested_branch_dag.py
[2026-08-12T04:42:43.618+0000] {logging_mixin.py:190} INFO - [2026-08-12T04:42:43.618+0000] {dag.py:3211} INFO - Sync 1 DAGs
[2026-08-12T04:42:43.641+0000] {logging_mixin.py:190} INFO - [2026-08-12T04:42:43.641+0000] {dag.py:4138} INFO - Setting next_dagrun for example_nested_branch_dag to 2026-08-11 00:00:00+00:00, run_after=2026-08-12 00:00:00+00:00
[2026-08-12T04:42:43.678+0000] {processor.py:208} INFO - Processing /home/airflow/.local/lib/python3.12/site-packages/airflow/example_dags/example_nested_branch_dag.py took 0.102 seconds
[2026-08-12T04:43:13.939+0000] {processor.py:186} INFO - Started process (PID=1326) to work on /home/airflow/.local/lib/python3.12/site-packages/airflow/example_dags/example_nested_branch_dag.py
[2026-08-12T04:43:13.940+0000] {processor.py:914} INFO - Processing file /home/airflow/.local/lib/python3.12/site-packages/airflow/example_dags/example_nested_branch_dag.py for tasks to queue
[2026-08-12T04:43:13.943+0000] {logging_mixin.py:190} INFO - [2026-08-12T04:43:13.943+0000] {dagbag.py:587} INFO - Filling up the DagBag from /home/airflow/.local/lib/python3.12/site-packages/airflow/example_dags/example_nested_branch_dag.py
[2026-08-12T04:43:13.954+0000] {processor.py:925} INFO - DAG(s) 'example_nested_branch_dag' retrieved from /home/airflow/.local/lib/python3.12/site-packages/airflow/example_dags/example_nested_branch_dag.py
[2026-08-12T04:43:13.976+0000] {logging_mixin.py:190} INFO - [2026-08-12T04:43:13.976+0000] {dag.py:3211} INFO - Sync 1 DAGs
[2026-08-12T04:43:13.999+0000] {logging_mixin.py:190} INFO - [2026-08-12T04:43:13.999+0000] {dag.py:4138} INFO - Setting next_dagrun for example_nested_branch_dag to 2026-08-11 00:00:00+00:00, run_after=2026-08-12 00:00:00+00:00
[2026-08-12T04:43:14.034+0000] {processor.py:208} INFO - Processing /home/airflow/.local/lib/python3.12/site-packages/airflow/example_dags/example_nested_branch_dag.py took 0.100 seconds
[2026-08-12T04:43:44.312+0000] {processor.py:186} INFO - Started process (PID=1388) to work on /home/airflow/.local/lib/python3.12/site-packages/airflow/example_dags/example_nested_branch_dag.py
[2026-08-12T04:43:44.314+0000] {processor.py:914} INFO - Processing file /home/airflow/.local/lib/python3.12/site-packages/airflow/example_dags/example_nested_branch_dag.py for tasks to queue
[2026-08-12T04:43:44.318+0000] {logging_mixin.py:190} INFO - [2026-08-12T04:43:44.318+0000] {dagbag.py:587} INFO - Filling up the DagBag from /home/airflow/.local/lib/python3.12/site-packages/airflow/example_dags/example_nested_branch_dag.py
[2026-08-12T04:43:44.331+0000] {processor.py:925} INFO - DAG(s) 'example_nested_branch_dag' retrieved from /home/airflow/.local/lib/python3.12/site-packages/airflow/example_dags/example_nested_branch_dag.py
[2026-08-12T04:43:44.356+0000] {logging_mixin.py:190} INFO - [2026-08-12T04:43:44.356+0000] {dag.py:3211} INFO - Sync 1 DAGs
[2026-08-12T04:43:44.385+0000] {logging_mixin.py:190} INFO - [2026-08-12T04:43:44.384+0000] {dag.py:4138} INFO - Setting next_dagrun for example_nested_branch_dag to 2026-08-11 00:00:00+00:00, run_after=2026-08-12 00:00:00+00:00
[2026-08-12T04:43:44.422+0000] {processor.py:208} INFO - Processing /home/airflow/.local/lib/python3.12/site-packages/airflow/example_dags/example_nested_branch_dag.py took 0.116 seconds
[2026-08-12T04:44:15.060+0000] {processor.py:186} INFO - Started process (PID=1450) to work on /home/airflow/.local/lib/python3.12/site-packages/airflow/example_dags/example_nested_branch_dag.py
[2026-08-12T04:44:15.062+0000] {processor.py:914} INFO - Processing file /home/airflow/.local/lib/python3.12/site-packages/airflow/example_dags/example_nested_branch_dag.py for tasks to queue
[2026-08-12T04:44:15.066+0000] {logging_mixin.py:190} INFO - [2026-08-12T04:44:15.065+0000] {dagbag.py:587} INFO - Filling up the DagBag from /home/airflow/.local/lib/python3.12/site-packages/airflow/example_dags/example_nested_branch_dag.py
[2026-08-12T04:44:15.080+0000] {processor.py:925} INFO - DAG(s) 'example_nested_branch_dag' retrieved from /home/airflow/.local/lib/python3.12/site-packages/airflow/example_dags/example_nested_branch_dag.py
[2026-08-12T04:44:15.111+0000] {logging_mixin.py:190} INFO - [2026-08-12T04:44:15.111+0000] {dag.py:3211} INFO - Sync 1 DAGs
[2026-08-12T04:44:15.143+0000] {logging_mixin.py:190} INFO - [2026-08-12T04:44:15.143+0000] {dag.py:4138} INFO - Setting next_dagrun for example_nested_branch_dag to 2026-08-11 00:00:00+00:00, run_after=2026-08-12 00:00:00+00:00
[2026-08-12T04:44:15.174+0000] {processor.py:208} INFO - Processing /home/airflow/.local/lib/python3.12/site-packages/airflow/example_dags/example_nested_branch_dag.py took 0.120 seconds
[2026-08-12T04:44:45.519+0000] {processor.py:186} INFO - Started process (PID=1513) to work on /home/airflow/.local/lib/python3.12/site-packages/airflow/example_dags/example_nested_branch_dag.py
[2026-08-12T04:44:45.521+0000] {processor.py:914} INFO - Processing file /home/airflow/.local/lib/python3.12/site-packages/airflow/example_dags/example_nested_branch_dag.py for tasks to queue
[2026-08-12T04:44:45.525+0000] {logging_mixin.py:190} INFO - [2026-08-12T04:44:45.524+0000] {dagbag.py:587} INFO - Filling up the DagBag from /home/airflow/.local/lib/python3.12/site-packages/airflow/example_dags/example_nested_branch_dag.py
[2026-08-12T04:44:45.536+0000] {processor.py:925} INFO - DAG(s) 'example_nested_branch_dag' retrieved from /home/airflow/.local/lib/python3.12/site-packages/airflow/example_dags/example_nested_branch_dag.py
[2026-08-12T04:44:45.559+0000] {logging_mixin.py:190} INFO - [2026-08-12T04:44:45.559+0000] {dag.py:3211} INFO - Sync 1 DAGs
[2026-08-12T04:44:45.588+0000] {logging_mixin.py:190} INFO - [2026-08-12T04:44:45.588+0000] {dag.py:4138} INFO - Setting next_dagrun for example_nested_branch_dag to 2026-08-11 00:00:00+00:00, run_after=2026-08-12 00:00:00+00:00
[2026-08-12T04:44:45.608+0000] {processor.py:208} INFO - Processing /home/airflow/.local/lib/python3.12/site-packages/airflow/example_dags/example_nested_branch_dag.py took 0.094 seconds
[2026-08-12T04:45:15.909+0000] {processor.py:186} INFO - Started process (PID=1575) to work on /home/airflow/.local/lib/python3.12/site-packages/airflow/example_dags/example_nested_branch_dag.py
[2026-08-12T04:45:15.911+0000] {processor.py:914} INFO - Processing file /home/airflow/.local/lib/python3.12/site-packages/airflow/example_dags/example_nested_branch_dag.py for tasks to queue
[2026-08-12T04:45:15.915+0000] {logging_mixin.py:190} INFO - [2026-08-12T04:45:15.914+0000] {dagbag.py:587} INFO - Filling up the DagBag from /home/airflow/.local/lib/python3.12/site-packages/airflow/example_dags/example_nested_branch_dag.py
[2026-08-12T04:45:15.930+0000] {processor.py:925} INFO - DAG(s) 'example_nested_branch_dag' retrieved from /home/airflow/.local/lib/python3.12/site-packages/airflow/example_dags/example_nested_branch_dag.py
[2026-08-12T04:45:15.959+0000] {logging_mixin.py:190} INFO - [2026-08-12T04:45:15.958+0000] {dag.py:3211} INFO - Sync 1 DAGs
[2026-08-12T04:45:15.985+0000] {logging_mixin.py:190} INFO - [2026-08-12T04:45:15.985+0000] {dag.py:4138} INFO - Setting next_dagrun for example_nested_branch_dag to 2026-08-11 00:00:00+00:00, run_after=2026-08-12 00:00:00+00:00
[2026-08-12T04:45:16.026+0000] {processor.py:208} INFO - Processing /home/airflow/.local/lib/python3.12/site-packages/airflow/example_dags/example_nested_branch_dag.py took 0.124 seconds
[2026-08-12T04:45:46.413+0000] {processor.py:186} INFO - Started process (PID=1637) to work on /home/airflow/.local/lib/python3.12/site-packages/airflow/example_dags/example_nested_branch_dag.py
[2026-08-12T04:45:46.415+0000] {processor.py:914} INFO - Processing file /home/airflow/.local/lib/python3.12/site-packages/airflow/example_dags/example_nested_branch_dag.py for tasks to queue
[2026-08-12T04:45:46.419+0000] {logging_mixin.py:190} INFO - [2026-08-12T04:45:46.418+0000] {dagbag.py:587} INFO - Filling up the DagBag from /home/airflow/.local/lib/python3.12/site-packages/airflow/example_dags/example_nested_branch_dag.py
[2026-08-12T04:45:46.431+0000] {processor.py:925} INFO - DAG(s) 'example_nested_branch_dag' retrieved from /home/airflow/.local/lib/python3.12/site-packages/airflow/example_dags/example_nested_branch_dag.py
[2026-08-12T04:45:46.454+0000] {logging_mixin.py:190} INFO - [2026-08-12T04:45:46.454+0000] {dag.py:3211} INFO - Sync 1 DAGs
[2026-08-12T04:45:46.480+0000] {logging_mixin.py:190} INFO - [2026-08-12T04:45:46.480+0000] {dag.py:4138} INFO - Setting next_dagrun for example_nested_branch_dag to 2026-08-11 00:00:00+00:00, run_after=2026-08-12 00:00:00+00:00
[2026-08-12T04:45:46.513+0000] {processor.py:208} INFO - Processing /home/airflow/.local/lib/python3.12/site-packages/airflow/example_dags/example_nested_branch_dag.py took 0.106 seconds
[2026-08-12T04:46:17.079+0000] {processor.py:186} INFO - Started process (PID=1699) to work on /home/airflow/.local/lib/python3.12/site-packages/airflow/example_dags/example_nested_branch_dag.py
[2026-08-12T04:46:17.080+0000] {processor.py:914} INFO - Processing file /home/airflow/.local/lib/python3.12/site-packages/airflow/example_dags/example_nested_branch_dag.py for tasks to queue
[2026-08-12T04:46:17.083+0000] {logging_mixin.py:190} INFO - [2026-08-12T04:46:17.082+0000] {dagbag.py:587} INFO - Filling up the DagBag from /home/airflow/.local/lib/python3.12/site-packages/airflow/example_dags/example_nested_branch_dag.py
[2026-08-12T04:46:17.097+0000] {processor.py:925} INFO - DAG(s) 'example_nested_branch_dag' retrieved from /home/airflow/.local/lib/python3.12/site-packages/airflow/example_dags/example_nested_branch_dag.py
[2026-08-12T04:46:17.125+0000] {logging_mixin.py:190} INFO - [2026-08-12T04:46:17.124+0000] {dag.py:3211} INFO - Sync 1 DAGs
[2026-08-12T04:46:17.149+0000] {logging_mixin.py:190} INFO - [2026-08-12T04:46:17.148+0000] {dag.py:4138} INFO - Setting next_dagrun for example_nested_branch_dag to 2026-08-11 00:00:00+00:00, run_after=2026-08-12 00:00:00+00:00
[2026-08-12T04:46:17.170+0000] {processor.py:208} INFO - Processing /home/airflow/.local/lib/python3.12/site-packages/airflow/example_dags/example_nested_branch_dag.py took 0.096 seconds
[2026-08-12T04:46:47.660+0000] {processor.py:186} INFO - Started process (PID=1761) to work on /home/airflow/.local/lib/python3.12/site-packages/airflow/example_dags/example_nested_branch_dag.py
[2026-08-12T04:46:47.662+0000] {processor.py:914} INFO - Processing file /home/airflow/.local/lib/python3.12/site-packages/airflow/example_dags/example_nested_branch_dag.py for tasks to queue
[2026-08-12T04:46:47.666+0000] {logging_mixin.py:190} INFO - [2026-08-12T04:46:47.665+0000] {dagbag.py:587} INFO - Filling up the DagBag from /home/airflow/.local/lib/python3.12/site-packages/airflow/example_dags/example_nested_branch_dag.py
[2026-08-12T04:46:47.682+0000] {processor.py:925} INFO - DAG(s) 'example_nested_branch_dag' retrieved from /home/airflow/.local/lib/python3.12/site-packages/airflow/example_dags/example_nested_branch_dag.py
[2026-08-12T04:46:47.706+0000] {logging_mixin.py:190} INFO - [2026-08-12T04:46:47.706+0000] {dag.py:3211} INFO - Sync 1 DAGs
[2026-08-12T04:46:47.733+0000] {logging_mixin.py:190} INFO - [2026-08-12T04:46:47.732+0000] {dag.py:4138} INFO - Setting next_dagrun for example_nested_branch_dag to 2026-08-11 00:00:00+00:00, run_after=2026-08-12 00:00:00+00:00
[2026-08-12T04:46:47.768+0000] {processor.py:208} INFO - Processing /home/airflow/.local/lib/python3.12/site-packages/airflow/example_dags/example_nested_branch_dag.py took 0.115 seconds
[2026-08-12T04:47:18.217+0000] {processor.py:186} INFO - Started process (PID=1823) to work on /home/airflow/.local/lib/python3.12/site-packages/airflow/example_dags/example_nested_branch_dag.py
[2026-08-12T04:47:18.219+0000] {processor.py:914} INFO - Processing file /home/airflow/.local/lib/python3.12/site-packages/airflow/example_dags/example_nested_branch_dag.py for tasks to queue
[2026-08-12T04:47:18.223+0000] {logging_mixin.py:190} INFO - [2026-08-12T04:47:18.222+0000] {dagbag.py:587} INFO - Filling up the DagBag from /home/airflow/.local/lib/python3.12/site-packages/airflow/example_dags/example_nested_branch_dag.py
[2026-08-12T04:47:18.235+0000] {processor.py:925} INFO - DAG(s) 'example_nested_branch_dag' retrieved from /home/airflow/.local/lib/python3.12/site-packages/airflow/example_dags/example_nested_branch_dag.py
[2026-08-12T04:47:18.265+0000] {logging_mixin.py:190} INFO - [2026-08-12T04:47:18.265+0000] {dag.py:3211} INFO - Sync 1 DAGs
[2026-08-12T04:47:18.315+0000] {logging_mixin.py:190} INFO - [2026-08-12T04:47:18.314+0000] {dag.py:4138} INFO - Setting next_dagrun for example_nested_branch_dag to 2026-08-11 00:00:00+00:00, run_after=2026-08-12 00:00:00+00:00
[2026-08-12T04:47:18.405+0000] {processor.py:208} INFO - Processing /home/airflow/.local/lib/python3.12/site-packages/airflow/example_dags/example_nested_branch_dag.py took 0.196 seconds
[2026-08-12T04:47:49.204+0000] {processor.py:186} INFO - Started process (PID=1885) to work on /home/airflow/.local/lib/python3.12/site-packages/airflow/example_dags/example_nested_branch_dag.py
[2026-08-12T04:47:49.206+0000] {processor.py:914} INFO - Processing file /home/airflow/.local/lib/python3.12/site-packages/airflow/example_dags/example_nested_branch_dag.py for tasks to queue
[2026-08-12T04:47:49.209+0000] {logging_mixin.py:190} INFO - [2026-08-12T04:47:49.208+0000] {dagbag.py:587} INFO - Filling up the DagBag from /home/airflow/.local/lib/python3.12/site-packages/airflow/example_dags/example_nested_branch_dag.py
[2026-08-12T04:47:49.220+0000] {processor.py:925} INFO - DAG(s) 'example_nested_branch_dag' retrieved from /home/airflow/.local/lib/python3.12/site-packages/airflow/example_dags/example_nested_branch_dag.py
[2026-08-12T04:47:49.242+0000] {logging_mixin.py:190} INFO - [2026-08-12T04:47:49.242+0000] {dag.py:3211} INFO - Sync 1 DAGs
[2026-08-12T04:47:49.264+0000] {logging_mixin.py:190} INFO - [2026-08-12T04:47:49.264+0000] {dag.py:4138} INFO - Setting next_dagrun for example_nested_branch_dag to 2026-08-11 00:00:00+00:00, run_after=2026-08-12 00:00:00+00:00
[2026-08-12T04:47:49.303+0000] {processor.py:208} INFO - Processing /home/airflow/.local/lib/python3.12/site-packages/airflow/example_dags/example_nested_branch_dag.py took 0.104 seconds
[2026-08-12T04:48:19.438+0000] {processor.py:186} INFO - Started process (PID=1947) to work on /home/airflow/.local/lib/python3.12/site-packages/airflow/example_dags/example_nested_branch_dag.py
[2026-08-12T04:48:19.440+0000] {processor.py:914} INFO - Processing file /home/airflow/.local/lib/python3.12/site-packages/airflow/example_dags/example_nested_branch_dag.py for tasks to queue
[2026-08-12T04:48:19.444+0000] {logging_mixin.py:190} INFO - [2026-08-12T04:48:19.443+0000] {dagbag.py:587} INFO - Filling up the DagBag from /home/airflow/.local/lib/python3.12/site-packages/airflow/example_dags/example_nested_branch_dag.py
[2026-08-12T04:48:19.461+0000] {processor.py:925} INFO - DAG(s) 'example_nested_branch_dag' retrieved from /home/airflow/.local/lib/python3.12/site-packages/airflow/example_dags/example_nested_branch_dag.py
[2026-08-12T04:48:19.501+0000] {logging_mixin.py:190} INFO - [2026-08-12T04:48:19.501+0000] {dag.py:3211} INFO - Sync 1 DAGs
[2026-08-12T04:48:19.534+0000] {logging_mixin.py:190} INFO - [2026-08-12T04:48:19.533+0000] {dag.py:4138} INFO - Setting next_dagrun for example_nested_branch_dag to 2026-08-11 00:00:00+00:00, run_after=2026-08-12 00:00:00+00:00
[2026-08-12T04:48:19.564+0000] {processor.py:208} INFO - Processing /home/airflow/.local/lib/python3.12/site-packages/airflow/example_dags/example_nested_branch_dag.py took 0.133 seconds
[2026-08-12T04:48:49.627+0000] {processor.py:186} INFO - Started process (PID=2010) to work on /home/airflow/.local/lib/python3.12/site-packages/airflow/example_dags/example_nested_branch_dag.py
[2026-08-12T04:48:49.629+0000] {processor.py:914} INFO - Processing file /home/airflow/.local/lib/python3.12/site-packages/airflow/example_dags/example_nested_branch_dag.py for tasks to queue
[2026-08-12T04:48:49.632+0000] {logging_mixin.py:190} INFO - [2026-08-12T04:48:49.631+0000] {dagbag.py:587} INFO - Filling up the DagBag from /home/airflow/.local/lib/python3.12/site-packages/airflow/example_dags/example_nested_branch_dag.py
[2026-08-12T04:48:49.645+0000] {processor.py:925} INFO - DAG(s) 'example_nested_branch_dag' retrieved from /home/airflow/.local/lib/python3.12/site-packages/airflow/example_dags/example_nested_branch_dag.py
[2026-08-12T04:48:49.673+0000] {logging_mixin.py:190} INFO - [2026-08-12T04:48:49.672+0000] {dag.py:3211} INFO - Sync 1 DAGs
[2026-08-12T04:48:49.698+0000] {logging_mixin.py:190} INFO - [2026-08-12T04:48:49.698+0000] {dag.py:4138} INFO - Setting next_dagrun for example_nested_branch_dag to 2026-08-11 00:00:00+00:00, run_after=2026-08-12 00:00:00+00:00
[2026-08-12T04:48:49.726+0000] {processor.py:208} INFO - Processing /home/airflow/.local/lib/python3.12/site-packages/airflow/example_dags/example_nested_branch_dag.py took 0.104 seconds
[2026-08-12T04:49:20.042+0000] {processor.py:186} INFO - Started process (PID=2073) to work on /home/airflow/.local/lib/python3.12/site-packages/airflow/example_dags/example_nested_branch_dag.py
[2026-08-12T04:49:20.044+0000] {processor.py:914} INFO - Processing file /home/airflow/.local/lib/python3.12/site-packages/airflow/example_dags/example_nested_branch_dag.py for tasks to queue
[2026-08-12T04:49:20.048+0000] {logging_mixin.py:190} INFO - [2026-08-12T04:49:20.047+0000] {dagbag.py:587} INFO - Filling up the DagBag from /home/airflow/.local/lib/python3.12/site-packages/airflow/example_dags/example_nested_branch_dag.py
[2026-08-12T04:49:20.060+0000] {processor.py:925} INFO - DAG(s) 'example_nested_branch_dag' retrieved from /home/airflow/.local/lib/python3.12/site-packages/airflow/example_dags/example_nested_branch_dag.py
[2026-08-12T04:49:20.084+0000] {logging_mixin.py:190} INFO - [2026-08-12T04:49:20.084+0000] {dag.py:3211} INFO - Sync 1 DAGs
[2026-08-12T04:49:20.110+0000] {logging_mixin.py:190} INFO - [2026-08-12T04:49:20.110+0000] {dag.py:4138} INFO - Setting next_dagrun for example_nested_branch_dag to 2026-08-11 00:00:00+00:00, run_after=2026-08-12 00:00:00+00:00
[2026-08-12T04:49:20.142+0000] {processor.py:208} INFO - Processing /home/airflow/.local/lib/python3.12/site-packages/airflow/example_dags/example_nested_branch_dag.py took 0.106 seconds
[2026-08-12T04:49:50.672+0000] {processor.py:186} INFO - Started process (PID=2137) to work on /home/airflow/.local/lib/python3.12/site-packages/airflow/example_dags/example_nested_branch_dag.py
[2026-08-12T04:49:50.674+0000] {processor.py:914} INFO - Processing file /home/airflow/.local/lib/python3.12/site-packages/airflow/example_dags/example_nested_branch_dag.py for tasks to queue
[2026-08-12T04:49:50.676+0000] {logging_mixin.py:190} INFO - [2026-08-12T04:49:50.676+0000] {dagbag.py:587} INFO - Filling up the DagBag from /home/airflow/.local/lib/python3.12/site-packages/airflow/example_dags/example_nested_branch_dag.py
[2026-08-12T04:49:50.687+0000] {processor.py:925} INFO - DAG(s) 'example_nested_branch_dag' retrieved from /home/airflow/.local/lib/python3.12/site-packages/airflow/example_dags/example_nested_branch_dag.py
[2026-08-12T04:49:50.707+0000] {logging_mixin.py:190} INFO - [2026-08-12T04:49:50.707+0000] {dag.py:3211} INFO - Sync 1 DAGs
[2026-08-12T04:49:50.732+0000] {logging_mixin.py:190} INFO - [2026-08-12T04:49:50.731+0000] {dag.py:4138} INFO - Setting next_dagrun for example_nested_branch_dag to 2026-08-11 00:00:00+00:00, run_after=2026-08-12 00:00:00+00:00
[2026-08-12T04:49:50.750+0000] {processor.py:208} INFO - Processing /home/airflow/.local/lib/python3.12/site-packages/airflow/example_dags/example_nested_branch_dag.py took 0.083 seconds
[2026-08-12T04:50:20.982+0000] {processor.py:186} INFO - Started process (PID=2201) to work on /home/airflow/.local/lib/python3.12/site-packages/airflow/example_dags/example_nested_branch_dag.py
[2026-08-12T04:50:20.983+0000] {processor.py:914} INFO - Processing file /home/airflow/.local/lib/python3.12/site-packages/airflow/example_dags/example_nested_branch_dag.py for tasks to queue
[2026-08-12T04:50:20.986+0000] {logging_mixin.py:190} INFO - [2026-08-12T04:50:20.986+0000] {dagbag.py:587} INFO - Filling up the DagBag from /home/airflow/.local/lib/python3.12/site-packages/airflow/example_dags/example_nested_branch_dag.py
[2026-08-12T04:50:20.996+0000] {processor.py:925} INFO - DAG(s) 'example_nested_branch_dag' retrieved from /home/airflow/.local/lib/python3.12/site-packages/airflow/example_dags/example_nested_branch_dag.py
[2026-08-12T04:50:21.017+0000] {logging_mixin.py:190} INFO - [2026-08-12T04:50:21.017+0000] {dag.py:3211} INFO - Sync 1 DAGs
[2026-08-12T04:50:21.038+0000] {logging_mixin.py:190} INFO - [2026-08-12T04:50:21.038+0000] {dag.py:4138} INFO - Setting next_dagrun for example_nested_branch_dag to 2026-08-11 00:00:00+00:00, run_after=2026-08-12 00:00:00+00:00
[2026-08-12T04:50:21.056+0000] {processor.py:208} INFO - Processing /home/airflow/.local/lib/python3.12/site-packages/airflow/example_dags/example_nested_branch_dag.py took 0.080 seconds
[2026-08-12T04:50:51.764+0000] {processor.py:186} INFO - Started process (PID=2264) to work on /home/airflow/.local/lib/python3.12/site-packages/airflow/example_dags/example_nested_branch_dag.py
[2026-08-12T04:50:51.766+0000] {processor.py:914} INFO - Processing file /home/airflow/.local/lib/python3.12/site-packages/airflow/example_dags/example_nested_branch_dag.py for tasks to queue
[2026-08-12T04:50:51.770+0000] {logging_mixin.py:190} INFO - [2026-08-12T04:50:51.769+0000] {dagbag.py:587} INFO - Filling up the DagBag from /home/airflow/.local/lib/python3.12/site-packages/airflow/example_dags/example_nested_branch_dag.py
[2026-08-12T04:50:51.784+0000] {processor.py:925} INFO - DAG(s) 'example_nested_branch_dag' retrieved from /home/airflow/.local/lib/python3.12/site-packages/airflow/example_dags/example_nested_branch_dag.py
[2026-08-12T04:50:51.807+0000] {logging_mixin.py:190} INFO - [2026-08-12T04:50:51.807+0000] {dag.py:3211} INFO - Sync 1 DAGs
[2026-08-12T04:50:51.833+0000] {logging_mixin.py:190} INFO - [2026-08-12T04:50:51.833+0000] {dag.py:4138} INFO - Setting next_dagrun for example_nested_branch_dag to 2026-08-11 00:00:00+00:00, run_after=2026-08-12 00:00:00+00:00
[2026-08-12T04:50:51.870+0000] {processor.py:208} INFO - Processing /home/airflow/.local/lib/python3.12/site-packages/airflow/example_dags/example_nested_branch_dag.py took 0.112 seconds
[2026-08-12T04:51:22.387+0000] {processor.py:186} INFO - Started process (PID=2327) to work on /home/airflow/.local/lib/python3.12/site-packages/airflow/example_dags/example_nested_branch_dag.py
[2026-08-12T04:51:22.388+0000] {processor.py:914} INFO - Processing file /home/airflow/.local/lib/python3.12/site-packages/airflow/example_dags/example_nested_branch_dag.py for tasks to queue
[2026-08-12T04:51:22.391+0000] {logging_mixin.py:190} INFO - [2026-08-12T04:51:22.391+0000] {dagbag.py:587} INFO - Filling up the DagBag from /home/airflow/.local/lib/python3.12/site-packages/airflow/example_dags/example_nested_branch_dag.py
[2026-08-12T04:51:22.402+0000] {processor.py:925} INFO - DAG(s) 'example_nested_branch_dag' retrieved from /home/airflow/.local/lib/python3.12/site-packages/airflow/example_dags/example_nested_branch_dag.py
[2026-08-12T04:51:22.424+0000] {logging_mixin.py:190} INFO - [2026-08-12T04:51:22.423+0000] {dag.py:3211} INFO - Sync 1 DAGs
[2026-08-12T04:51:22.445+0000] {logging_mixin.py:190} INFO - [2026-08-12T04:51:22.444+0000] {dag.py:4138} INFO - Setting next_dagrun for example_nested_branch_dag to 2026-08-11 00:00:00+00:00, run_after=2026-08-12 00:00:00+00:00
[2026-08-12T04:51:22.462+0000] {processor.py:208} INFO - Processing /home/airflow/.local/lib/python3.12/site-packages/airflow/example_dags/example_nested_branch_dag.py took 0.082 seconds
[2026-08-12T04:51:53.126+0000] {processor.py:186} INFO - Started process (PID=2390) to work on /home/airflow/.local/lib/python3.12/site-packages/airflow/example_dags/example_nested_branch_dag.py
[2026-08-12T04:51:53.127+0000] {processor.py:914} INFO - Processing file /home/airflow/.local/lib/python3.12/site-packages/airflow/example_dags/example_nested_branch_dag.py for tasks to queue
[2026-08-12T04:51:53.131+0000] {logging_mixin.py:190} INFO - [2026-08-12T04:51:53.131+0000] {dagbag.py:587} INFO - Filling up the DagBag from /home/airflow/.local/lib/python3.12/site-packages/airflow/example_dags/example_nested_branch_dag.py
[2026-08-12T04:51:53.144+0000] {processor.py:925} INFO - DAG(s) 'example_nested_branch_dag' retrieved from /home/airflow/.local/lib/python3.12/site-packages/airflow/example_dags/example_nested_branch_dag.py
[2026-08-12T04:51:53.168+0000] {logging_mixin.py:190} INFO - [2026-08-12T04:51:53.168+0000] {dag.py:3211} INFO - Sync 1 DAGs
[2026-08-12T04:51:53.199+0000] {logging_mixin.py:190} INFO - [2026-08-12T04:51:53.199+0000] {dag.py:4138} INFO - Setting next_dagrun for example_nested_branch_dag to 2026-08-11 00:00:00+00:00, run_after=2026-08-12 00:00:00+00:00
[2026-08-12T04:51:53.237+0000] {processor.py:208} INFO - Processing /home/airflow/.local/lib/python3.12/site-packages/airflow/example_dags/example_nested_branch_dag.py took 0.117 seconds
[2026-08-12T04:52:23.511+0000] {processor.py:186} INFO - Started process (PID=2453) to work on /home/airflow/.local/lib/python3.12/site-packages/airflow/example_dags/example_nested_branch_dag.py
[2026-08-12T04:52:23.512+0000] {processor.py:914} INFO - Processing file /home/airflow/.local/lib/python3.12/site-packages/airflow/example_dags/example_nested_branch_dag.py for tasks to queue
[2026-08-12T04:52:23.516+0000] {logging_mixin.py:190} INFO - [2026-08-12T04:52:23.515+0000] {dagbag.py:587} INFO - Filling up the DagBag from /home/airflow/.local/lib/python3.12/site-packages/airflow/example_dags/example_nested_branch_dag.py
[2026-08-12T04:52:23.530+0000] {processor.py:925} INFO - DAG(s) 'example_nested_branch_dag' retrieved from /home/airflow/.local/lib/python3.12/site-packages/airflow/example_dags/example_nested_branch_dag.py
[2026-08-12T04:52:23.558+0000] {logging_mixin.py:190} INFO - [2026-08-12T04:52:23.557+0000] {dag.py:3211} INFO - Sync 1 DAGs
[2026-08-12T04:52:23.580+0000] {logging_mixin.py:190} INFO - [2026-08-12T04:52:23.579+0000] {dag.py:4138} INFO - Setting next_dagrun for example_nested_branch_dag to 2026-08-11 00:00:00+00:00, run_after=2026-08-12 00:00:00+00:00
[2026-08-12T04:52:23.615+0000] {processor.py:208} INFO - Processing /home/airflow/.local/lib/python3.12/site-packages/airflow/example_dags/example_nested_branch_dag.py took 0.110 seconds
[2026-08-12T04:52:54.446+0000] {processor.py:186} INFO - Started process (PID=2516) to work on /home/airflow/.local/lib/python3.12/site-packages/airflow/example_dags/example_nested_branch_dag.py
[2026-08-12T04:52:54.459+0000] {processor.py:914} INFO - Processing file /home/airflow/.local/lib/python3.12/site-packages/airflow/example_dags/example_nested_branch_dag.py for tasks to queue
[2026-08-12T04:52:54.464+0000] {logging_mixin.py:190} INFO - [2026-08-12T04:52:54.463+0000] {dagbag.py:587} INFO - Filling up the DagBag from /home/airflow/.local/lib/python3.12/site-packages/airflow/example_dags/example_nested_branch_dag.py
[2026-08-12T04:52:54.485+0000] {processor.py:925} INFO - DAG(s) 'example_nested_branch_dag' retrieved from /home/airflow/.local/lib/python3.12/site-packages/airflow/example_dags/example_nested_branch_dag.py
[2026-08-12T04:52:54.515+0000] {logging_mixin.py:190} INFO - [2026-08-12T04:52:54.515+0000] {dag.py:3211} INFO - Sync 1 DAGs
[2026-08-12T04:52:54.546+0000] {logging_mixin.py:190} INFO - [2026-08-12T04:52:54.546+0000] {dag.py:4138} INFO - Setting next_dagrun for example_nested_branch_dag to 2026-08-11 00:00:00+00:00, run_after=2026-08-12 00:00:00+00:00
[2026-08-12T04:52:54.583+0000] {processor.py:208} INFO - Processing /home/airflow/.local/lib/python3.12/site-packages/airflow/example_dags/example_nested_branch_dag.py took 0.145 seconds
[2026-08-12T04:53:25.418+0000] {processor.py:186} INFO - Started process (PID=2579) to work on /home/airflow/.local/lib/python3.12/site-packages/airflow/example_dags/example_nested_branch_dag.py
[2026-08-12T04:53:25.419+0000] {processor.py:914} INFO - Processing file /home/airflow/.local/lib/python3.12/site-packages/airflow/example_dags/example_nested_branch_dag.py for tasks to queue
[2026-08-12T04:53:25.422+0000] {logging_mixin.py:190} INFO - [2026-08-12T04:53:25.422+0000] {dagbag.py:587} INFO - Filling up the DagBag from /home/airflow/.local/lib/python3.12/site-packages/airflow/example_dags/example_nested_branch_dag.py
[2026-08-12T04:53:25.433+0000] {processor.py:925} INFO - DAG(s) 'example_nested_branch_dag' retrieved from /home/airflow/.local/lib/python3.12/site-packages/airflow/example_dags/example_nested_branch_dag.py
[2026-08-12T04:53:25.454+0000] {logging_mixin.py:190} INFO - [2026-08-12T04:53:25.453+0000] {dag.py:3211} INFO - Sync 1 DAGs
[2026-08-12T04:53:25.484+0000] {logging_mixin.py:190} INFO - [2026-08-12T04:53:25.484+0000] {dag.py:4138} INFO - Setting next_dagrun for example_nested_branch_dag to 2026-08-11 00:00:00+00:00, run_after=2026-08-12 00:00:00+00:00
[2026-08-12T04:53:25.538+0000] {processor.py:208} INFO - Processing /home/airflow/.local/lib/python3.12/site-packages/airflow/example_dags/example_nested_branch_dag.py took 0.126 seconds
[2026-08-12T04:53:56.194+0000] {processor.py:186} INFO - Started process (PID=2642) to work on /home/airflow/.local/lib/python3.12/site-packages/airflow/example_dags/example_nested_branch_dag.py
[2026-08-12T04:53:56.196+0000] {processor.py:914} INFO - Processing file /home/airflow/.local/lib/python3.12/site-packages/airflow/example_dags/example_nested_branch_dag.py for tasks to queue
[2026-08-12T04:53:56.199+0000] {logging_mixin.py:190} INFO - [2026-08-12T04:53:56.199+0000] {dagbag.py:587} INFO - Filling up the DagBag from /home/airflow/.local/lib/python3.12/site-packages/airflow/example_dags/example_nested_branch_dag.py
[2026-08-12T04:53:56.210+0000] {processor.py:925} INFO - DAG(s) 'example_nested_branch_dag' retrieved from /home/airflow/.local/lib/python3.12/site-packages/airflow/example_dags/example_nested_branch_dag.py
[2026-08-12T04:53:56.232+0000] {logging_mixin.py:190} INFO - [2026-08-12T04:53:56.231+0000] {dag.py:3211} INFO - Sync 1 DAGs
[2026-08-12T04:53:56.253+0000] {logging_mixin.py:190} INFO - [2026-08-12T04:53:56.252+0000] {dag.py:4138} INFO - Setting next_dagrun for example_nested_branch_dag to 2026-08-11 00:00:00+00:00, run_after=2026-08-12 00:00:00+00:00
[2026-08-12T04:53:56.271+0000] {processor.py:208} INFO - Processing /home/airflow/.local/lib/python3.12/site-packages/airflow/example_dags/example_nested_branch_dag.py took 0.082 seconds
[2026-08-12T04:54:27.080+0000] {processor.py:186} INFO - Started process (PID=2705) to work on /home/airflow/.local/lib/python3.12/site-packages/airflow/example_dags/example_nested_branch_dag.py
[2026-08-12T04:54:27.081+0000] {processor.py:914} INFO - Processing file /home/airflow/.local/lib/python3.12/site-packages/airflow/example_dags/example_nested_branch_dag.py for tasks to queue
[2026-08-12T04:54:27.084+0000] {logging_mixin.py:190} INFO - [2026-08-12T04:54:27.084+0000] {dagbag.py:587} INFO - Filling up the DagBag from /home/airflow/.local/lib/python3.12/site-packages/airflow/example_dags/example_nested_branch_dag.py
[2026-08-12T04:54:27.097+0000] {processor.py:925} INFO - DAG(s) 'example_nested_branch_dag' retrieved from /home/airflow/.local/lib/python3.12/site-packages/airflow/example_dags/example_nested_branch_dag.py
[2026-08-12T04:54:27.119+0000] {logging_mixin.py:190} INFO - [2026-08-12T04:54:27.119+0000] {dag.py:3211} INFO - Sync 1 DAGs
[2026-08-12T04:54:27.150+0000] {logging_mixin.py:190} INFO - [2026-08-12T04:54:27.150+0000] {dag.py:4138} INFO - Setting next_dagrun for example_nested_branch_dag to 2026-08-11 00:00:00+00:00, run_after=2026-08-12 00:00:00+00:00
[2026-08-12T04:54:27.198+0000] {processor.py:208} INFO - Processing /home/airflow/.local/lib/python3.12/site-packages/airflow/example_dags/example_nested_branch_dag.py took 0.125 seconds
[2026-08-12T04:54:57.647+0000] {processor.py:186} INFO - Started process (PID=2768) to work on /home/airflow/.local/lib/python3.12/site-packages/airflow/example_dags/example_nested_branch_dag.py
[2026-08-12T04:54:57.648+0000] {processor.py:914} INFO - Processing file /home/airflow/.local/lib/python3.12/site-packages/airflow/example_dags/example_nested_branch_dag.py for tasks to queue
[2026-08-12T04:54:57.651+0000] {logging_mixin.py:190} INFO - [2026-08-12T04:54:57.651+0000] {dagbag.py:587} INFO - Filling up the DagBag from /home/airflow/.local/lib/python3.12/site-packages/airflow/example_dags/example_nested_branch_dag.py
[2026-08-12T04:54:57.662+0000] {processor.py:925} INFO - DAG(s) 'example_nested_branch_dag' retrieved from /home/airflow/.local/lib/python3.12/site-packages/airflow/example_dags/example_nested_branch_dag.py
[2026-08-12T04:54:57.683+0000] {logging_mixin.py:190} INFO - [2026-08-12T04:54:57.683+0000] {dag.py:3211} INFO - Sync 1 DAGs
[2026-08-12T04:54:57.707+0000] {logging_mixin.py:190} INFO - [2026-08-12T04:54:57.706+0000] {dag.py:4138} INFO - Setting next_dagrun for example_nested_branch_dag to 2026-08-11 00:00:00+00:00, run_after=2026-08-12 00:00:00+00:00
[2026-08-12T04:54:57.739+0000] {processor.py:208} INFO - Processing /home/airflow/.local/lib/python3.12/site-packages/airflow/example_dags/example_nested_branch_dag.py took 0.097 seconds
[2026-08-12T04:55:28.462+0000] {processor.py:186} INFO - Started process (PID=2831) to work on /home/airflow/.local/lib/python3.12/site-packages/airflow/example_dags/example_nested_branch_dag.py
[2026-08-12T04:55:28.465+0000] {processor.py:914} INFO - Processing file /home/airflow/.local/lib/python3.12/site-packages/airflow/example_dags/example_nested_branch_dag.py for tasks to queue
[2026-08-12T04:55:28.470+0000] {logging_mixin.py:190} INFO - [2026-08-12T04:55:28.469+0000] {dagbag.py:587} INFO - Filling up the DagBag from /home/airflow/.local/lib/python3.12/site-packages/airflow/example_dags/example_nested_branch_dag.py
[2026-08-12T04:55:28.485+0000] {processor.py:925} INFO - DAG(s) 'example_nested_branch_dag' retrieved from /home/airflow/.local/lib/python3.12/site-packages/airflow/example_dags/example_nested_branch_dag.py
[2026-08-12T04:55:28.508+0000] {logging_mixin.py:190} INFO - [2026-08-12T04:55:28.508+0000] {dag.py:3211} INFO - Sync 1 DAGs
[2026-08-12T04:55:28.532+0000] {logging_mixin.py:190} INFO - [2026-08-12T04:55:28.532+0000] {dag.py:4138} INFO - Setting next_dagrun for example_nested_branch_dag to 2026-08-11 00:00:00+00:00, run_after=2026-08-12 00:00:00+00:00
[2026-08-12T04:55:28.563+0000] {processor.py:208} INFO - Processing /home/airflow/.local/lib/python3.12/site-packages/airflow/example_dags/example_nested_branch_dag.py took 0.108 seconds
[2026-08-12T04:55:59.082+0000] {processor.py:186} INFO - Started process (PID=2894) to work on /home/airflow/.local/lib/python3.12/site-packages/airflow/example_dags/example_nested_branch_dag.py
[2026-08-12T04:55:59.084+0000] {processor.py:914} INFO - Processing file /home/airflow/.local/lib/python3.12/site-packages/airflow/example_dags/example_nested_branch_dag.py for tasks to queue
[2026-08-12T04:55:59.088+0000] {logging_mixin.py:190} INFO - [2026-08-12T04:55:59.088+0000] {dagbag.py:587} INFO - Filling up the DagBag from /home/airflow/.local/lib/python3.12/site-packages/airflow/example_dags/example_nested_branch_dag.py
[2026-08-12T04:55:59.100+0000] {processor.py:925} INFO - DAG(s) 'example_nested_branch_dag' retrieved from /home/airflow/.local/lib/python3.12/site-packages/airflow/example_dags/example_nested_branch_dag.py
[2026-08-12T04:55:59.118+0000] {logging_mixin.py:190} INFO - [2026-08-12T04:55:59.118+0000] {dag.py:3211} INFO - Sync 1 DAGs
[2026-08-12T04:55:59.138+0000] {logging_mixin.py:190} INFO - [2026-08-12T04:55:59.138+0000] {dag.py:4138} INFO - Setting next_dagrun for example_nested_branch_dag to 2026-08-11 00:00:00+00:00, run_after=2026-08-12 00:00:00+00:00
[2026-08-12T04:55:59.155+0000] {processor.py:208} INFO - Processing /home/airflow/.local/lib/python3.12/site-packages/airflow/example_dags/example_nested_branch_dag.py took 0.078 seconds
[2026-08-12T04:56:29.705+0000] {processor.py:186} INFO - Started process (PID=2957) to work on /home/airflow/.local/lib/python3.12/site-packages/airflow/example_dags/example_nested_branch_dag.py
[2026-08-12T04:56:29.706+0000] {processor.py:914} INFO - Processing file /home/airflow/.local/lib/python3.12/site-packages/airflow/example_dags/example_nested_branch_dag.py for tasks to queue
[2026-08-12T04:56:29.709+0000] {logging_mixin.py:190} INFO - [2026-08-12T04:56:29.709+0000] {dagbag.py:587} INFO - Filling up the DagBag from /home/airflow/.local/lib/python3.12/site-packages/airflow/example_dags/example_nested_branch_dag.py
[2026-08-12T04:56:29.736+0000] {processor.py:925} INFO - DAG(s) 'example_nested_branch_dag' retrieved from /home/airflow/.local/lib/python3.12/site-packages/airflow/example_dags/example_nested_branch_dag.py
[2026-08-12T04:56:29.758+0000] {logging_mixin.py:190} INFO - [2026-08-12T04:56:29.758+0000] {dag.py:3211} INFO - Sync 1 DAGs
[2026-08-12T04:56:29.802+0000] {logging_mixin.py:190} INFO - [2026-08-12T04:56:29.802+0000] {dag.py:4138} INFO - Setting next_dagrun for example_nested_branch_dag to 2026-08-11 00:00:00+00:00, run_after=2026-08-12 00:00:00+00:00
[2026-08-12T04:56:29.824+0000] {processor.py:208} INFO - Processing /home/airflow/.local/lib/python3.12/site-packages/airflow/example_dags/example_nested_branch_dag.py took 0.126 seconds
[2026-08-12T04:57:00.070+0000] {processor.py:186} INFO - Started process (PID=3020) to work on /home/airflow/.local/lib/python3.12/site-packages/airflow/example_dags/example_nested_branch_dag.py
[2026-08-12T04:57:00.072+0000] {processor.py:914} INFO - Processing file /home/airflow/.local/lib/python3.12/site-packages/airflow/example_dags/example_nested_branch_dag.py for tasks to queue
[2026-08-12T04:57:00.075+0000] {logging_mixin.py:190} INFO - [2026-08-12T04:57:00.075+0000] {dagbag.py:587} INFO - Filling up the DagBag from /home/airflow/.local/lib/python3.12/site-packages/airflow/example_dags/example_nested_branch_dag.py
[2026-08-12T04:57:00.087+0000] {processor.py:925} INFO - DAG(s) 'example_nested_branch_dag' retrieved from /home/airflow/.local/lib/python3.12/site-packages/airflow/example_dags/example_nested_branch_dag.py
[2026-08-12T04:57:00.111+0000] {logging_mixin.py:190} INFO - [2026-08-12T04:57:00.111+0000] {dag.py:3211} INFO - Sync 1 DAGs
[2026-08-12T04:57:00.136+0000] {logging_mixin.py:190} INFO - [2026-08-12T04:57:00.136+0000] {dag.py:4138} INFO - Setting next_dagrun for example_nested_branch_dag to 2026-08-11 00:00:00+00:00, run_after=2026-08-12 00:00:00+00:00
[2026-08-12T04:57:00.160+0000] {processor.py:208} INFO - Processing /home/airflow/.local/lib/python3.12/site-packages/airflow/example_dags/example_nested_branch_dag.py took 0.096 seconds
[2026-08-12T04:57:30.474+0000] {processor.py:186} INFO - Started process (PID=3083) to work on /home/airflow/.local/lib/python3.12/site-packages/airflow/example_dags/example_nested_branch_dag.py
[2026-08-12T04:57:30.475+0000] {processor.py:914} INFO - Processing file /home/airflow/.local/lib/python3.12/site-packages/airflow/example_dags/example_nested_branch_dag.py for tasks to queue
[2026-08-12T04:57:30.478+0000] {logging_mixin.py:190} INFO - [2026-08-12T04:57:30.478+0000] {dagbag.py:587} INFO - Filling up the DagBag from /home/airflow/.local/lib/python3.12/site-packages/airflow/example_dags/example_nested_branch_dag.py
[2026-08-12T04:57:30.488+0000] {processor.py:925} INFO - DAG(s) 'example_nested_branch_dag' retrieved from /home/airflow/.local/lib/python3.12/site-packages/airflow/example_dags/example_nested_branch_dag.py
[2026-08-12T04:57:30.509+0000] {logging_mixin.py:190} INFO - [2026-08-12T04:57:30.509+0000] {dag.py:3211} INFO - Sync 1 DAGs
[2026-08-12T04:57:30.530+0000] {logging_mixin.py:190} INFO - [2026-08-12T04:57:30.530+0000] {dag.py:4138} INFO - Setting next_dagrun for example_nested_branch_dag to 2026-08-11 00:00:00+00:00, run_after=2026-08-12 00:00:00+00:00
[2026-08-12T04:57:30.548+0000] {processor.py:208} INFO - Processing /home/airflow/.local/lib/python3.12/site-packages/airflow/example_dags/example_nested_branch_dag.py took 0.080 seconds
[2026-08-12T04:58:01.433+0000] {processor.py:186} INFO - Started process (PID=3146) to work on /home/airflow/.local/lib/python3.12/site-packages/airflow/example_dags/example_nested_branch_dag.py
[2026-08-12T04:58:01.434+0000] {processor.py:914} INFO - Processing file /home/airflow/.local/lib/python3.12/site-packages/airflow/example_dags/example_nested_branch_dag.py for tasks to queue
[2026-08-12T04:58:01.437+0000] {logging_mixin.py:190} INFO - [2026-08-12T04:58:01.437+0000] {dagbag.py:587} INFO - Filling up the DagBag from /home/airflow/.local/lib/python3.12/site-packages/airflow/example_dags/example_nested_branch_dag.py
[2026-08-12T04:58:01.448+0000] {processor.py:925} INFO - DAG(s) 'example_nested_branch_dag' retrieved from /home/airflow/.local/lib/python3.12/site-packages/airflow/example_dags/example_nested_branch_dag.py
[2026-08-12T04:58:01.468+0000] {logging_mixin.py:190} INFO - [2026-08-12T04:58:01.467+0000] {dag.py:3211} INFO - Sync 1 DAGs
[2026-08-12T04:58:01.487+0000] {logging_mixin.py:190} INFO - [2026-08-12T04:58:01.487+0000] {dag.py:4138} INFO - Setting next_dagrun for example_nested_branch_dag to 2026-08-11 00:00:00+00:00, run_after=2026-08-12 00:00:00+00:00
[2026-08-12T04:58:01.519+0000] {processor.py:208} INFO - Processing /home/airflow/.local/lib/python3.12/site-packages/airflow/example_dags/example_nested_branch_dag.py took 0.091 seconds
[2026-08-12T04:58:31.743+0000] {processor.py:186} INFO - Started process (PID=3209) to work on /home/airflow/.local/lib/python3.12/site-packages/airflow/example_dags/example_nested_branch_dag.py
[2026-08-12T04:58:31.745+0000] {processor.py:914} INFO - Processing file /home/airflow/.local/lib/python3.12/site-packages/airflow/example_dags/example_nested_branch_dag.py for tasks to queue
[2026-08-12T04:58:31.748+0000] {logging_mixin.py:190} INFO - [2026-08-12T04:58:31.748+0000] {dagbag.py:587} INFO - Filling up the DagBag from /home/airflow/.local/lib/python3.12/site-packages/airflow/example_dags/example_nested_branch_dag.py
[2026-08-12T04:58:31.760+0000] {processor.py:925} INFO - DAG(s) 'example_nested_branch_dag' retrieved from /home/airflow/.local/lib/python3.12/site-packages/airflow/example_dags/example_nested_branch_dag.py
[2026-08-12T04:58:31.784+0000] {logging_mixin.py:190} INFO - [2026-08-12T04:58:31.784+0000] {dag.py:3211} INFO - Sync 1 DAGs
[2026-08-12T04:58:31.810+0000] {logging_mixin.py:190} INFO - [2026-08-12T04:58:31.810+0000] {dag.py:4138} INFO - Setting next_dagrun for example_nested_branch_dag to 2026-08-11 00:00:00+00:00, run_after=2026-08-12 00:00:00+00:00
[2026-08-12T04:58:31.838+0000] {processor.py:208} INFO - Processing /home/airflow/.local/lib/python3.12/site-packages/airflow/example_dags/example_nested_branch_dag.py took 0.102 seconds
[2026-08-12T04:59:02.991+0000] {processor.py:186} INFO - Started process (PID=3272) to work on /home/airflow/.local/lib/python3.12/site-packages/airflow/example_dags/example_nested_branch_dag.py
[2026-08-12T04:59:02.993+0000] {processor.py:914} INFO - Processing file /home/airflow/.local/lib/python3.12/site-packages/airflow/example_dags/example_nested_branch_dag.py for tasks to queue
[2026-08-12T04:59:02.996+0000] {logging_mixin.py:190} INFO - [2026-08-12T04:59:02.996+0000] {dagbag.py:587} INFO - Filling up the DagBag from /home/airflow/.local/lib/python3.12/site-packages/airflow/example_dags/example_nested_branch_dag.py
[2026-08-12T04:59:03.009+0000] {processor.py:925} INFO - DAG(s) 'example_nested_branch_dag' retrieved from /home/airflow/.local/lib/python3.12/site-packages/airflow/example_dags/example_nested_branch_dag.py
[2026-08-12T04:59:03.030+0000] {logging_mixin.py:190} INFO - [2026-08-12T04:59:03.030+0000] {dag.py:3211} INFO - Sync 1 DAGs
[2026-08-12T04:59:03.053+0000] {logging_mixin.py:190} INFO - [2026-08-12T04:59:03.053+0000] {dag.py:4138} INFO - Setting next_dagrun for example_nested_branch_dag to 2026-08-11 00:00:00+00:00, run_after=2026-08-12 00:00:00+00:00
[2026-08-12T04:59:03.085+0000] {processor.py:208} INFO - Processing /home/airflow/.local/lib/python3.12/site-packages/airflow/example_dags/example_nested_branch_dag.py took 0.100 seconds
[2026-08-12T04:59:34.169+0000] {processor.py:186} INFO - Started process (PID=3341) to work on /home/airflow/.local/lib/python3.12/site-packages/airflow/example_dags/example_nested_branch_dag.py
[2026-08-12T04:59:34.171+0000] {processor.py:914} INFO - Processing file /home/airflow/.local/lib/python3.12/site-packages/airflow/example_dags/example_nested_branch_dag.py for tasks to queue
[2026-08-12T04:59:34.175+0000] {logging_mixin.py:190} INFO - [2026-08-12T04:59:34.174+0000] {dagbag.py:587} INFO - Filling up the DagBag from /home/airflow/.local/lib/python3.12/site-packages/airflow/example_dags/example_nested_branch_dag.py
[2026-08-12T04:59:34.188+0000] {processor.py:925} INFO - DAG(s) 'example_nested_branch_dag' retrieved from /home/airflow/.local/lib/python3.12/site-packages/airflow/example_dags/example_nested_branch_dag.py
[2026-08-12T04:59:34.223+0000] {logging_mixin.py:190} INFO - [2026-08-12T04:59:34.223+0000] {dag.py:3211} INFO - Sync 1 DAGs
[2026-08-12T04:59:34.467+0000] {logging_mixin.py:190} INFO - [2026-08-12T04:59:34.467+0000] {dag.py:4138} INFO - Setting next_dagrun for example_nested_branch_dag to 2026-08-11 00:00:00+00:00, run_after=2026-08-12 00:00:00+00:00
[2026-08-12T04:59:34.485+0000] {processor.py:208} INFO - Processing /home/airflow/.local/lib/python3.12/site-packages/airflow/example_dags/example_nested_branch_dag.py took 0.321 seconds
[2026-08-12T05:00:05.186+0000] {processor.py:186} INFO - Started process (PID=3404) to work on /home/airflow/.local/lib/python3.12/site-packages/airflow/example_dags/example_nested_branch_dag.py
[2026-08-12T05:00:05.188+0000] {processor.py:914} INFO - Processing file /home/airflow/.local/lib/python3.12/site-packages/airflow/example_dags/example_nested_branch_dag.py for tasks to queue
[2026-08-12T05:00:05.191+0000] {logging_mixin.py:190} INFO - [2026-08-12T05:00:05.191+0000] {dagbag.py:587} INFO - Filling up the DagBag from /home/airflow/.local/lib/python3.12/site-packages/airflow/example_dags/example_nested_branch_dag.py
[2026-08-12T05:00:05.202+0000] {processor.py:925} INFO - DAG(s) 'example_nested_branch_dag' retrieved from /home/airflow/.local/lib/python3.12/site-packages/airflow/example_dags/example_nested_branch_dag.py
[2026-08-12T05:00:05.224+0000] {logging_mixin.py:190} INFO - [2026-08-12T05:00:05.224+0000] {dag.py:3211} INFO - Sync 1 DAGs
[2026-08-12T05:00:05.247+0000] {logging_mixin.py:190} INFO - [2026-08-12T05:00:05.246+0000] {dag.py:4138} INFO - Setting next_dagrun for example_nested_branch_dag to 2026-08-11 00:00:00+00:00, run_after=2026-08-12 00:00:00+00:00
[2026-08-12T05:00:05.269+0000] {processor.py:208} INFO - Processing /home/airflow/.local/lib/python3.12/site-packages/airflow/example_dags/example_nested_branch_dag.py took 0.088 seconds
[2026-08-12T05:00:35.748+0000] {processor.py:186} INFO - Started process (PID=3467) to work on /home/airflow/.local/lib/python3.12/site-packages/airflow/example_dags/example_nested_branch_dag.py
[2026-08-12T05:00:35.749+0000] {processor.py:914} INFO - Processing file /home/airflow/.local/lib/python3.12/site-packages/airflow/example_dags/example_nested_branch_dag.py for tasks to queue
[2026-08-12T05:00:35.753+0000] {logging_mixin.py:190} INFO - [2026-08-12T05:00:35.752+0000] {dagbag.py:587} INFO - Filling up the DagBag from /home/airflow/.local/lib/python3.12/site-packages/airflow/example_dags/example_nested_branch_dag.py
[2026-08-12T05:00:35.767+0000] {processor.py:925} INFO - DAG(s) 'example_nested_branch_dag' retrieved from /home/airflow/.local/lib/python3.12/site-packages/airflow/example_dags/example_nested_branch_dag.py
[2026-08-12T05:00:35.794+0000] {logging_mixin.py:190} INFO - [2026-08-12T05:00:35.794+0000] {dag.py:3211} INFO - Sync 1 DAGs
[2026-08-12T05:00:35.818+0000] {logging_mixin.py:190} INFO - [2026-08-12T05:00:35.818+0000] {dag.py:4138} INFO - Setting next_dagrun for example_nested_branch_dag to 2026-08-11 00:00:00+00:00, run_after=2026-08-12 00:00:00+00:00
[2026-08-12T05:00:35.841+0000] {processor.py:208} INFO - Processing /home/airflow/.local/lib/python3.12/site-packages/airflow/example_dags/example_nested_branch_dag.py took 0.100 seconds
[2026-08-12T05:01:06.325+0000] {processor.py:186} INFO - Started process (PID=3530) to work on /home/airflow/.local/lib/python3.12/site-packages/airflow/example_dags/example_nested_branch_dag.py
[2026-08-12T05:01:06.327+0000] {processor.py:914} INFO - Processing file /home/airflow/.local/lib/python3.12/site-packages/airflow/example_dags/example_nested_branch_dag.py for tasks to queue
[2026-08-12T05:01:06.330+0000] {logging_mixin.py:190} INFO - [2026-08-12T05:01:06.330+0000] {dagbag.py:587} INFO - Filling up the DagBag from /home/airflow/.local/lib/python3.12/site-packages/airflow/example_dags/example_nested_branch_dag.py
[2026-08-12T05:01:06.343+0000] {processor.py:925} INFO - DAG(s) 'example_nested_branch_dag' retrieved from /home/airflow/.local/lib/python3.12/site-packages/airflow/example_dags/example_nested_branch_dag.py
[2026-08-12T05:01:06.366+0000] {logging_mixin.py:190} INFO - [2026-08-12T05:01:06.366+0000] {dag.py:3211} INFO - Sync 1 DAGs
[2026-08-12T05:01:06.394+0000] {logging_mixin.py:190} INFO - [2026-08-12T05:01:06.394+0000] {dag.py:4138} INFO - Setting next_dagrun for example_nested_branch_dag to 2026-08-11 00:00:00+00:00, run_after=2026-08-12 00:00:00+00:00
[2026-08-12T05:01:06.419+0000] {processor.py:208} INFO - Processing /home/airflow/.local/lib/python3.12/site-packages/airflow/example_dags/example_nested_branch_dag.py took 0.101 seconds
[2026-08-12T05:01:36.784+0000] {processor.py:186} INFO - Started process (PID=3593) to work on /home/airflow/.local/lib/python3.12/site-packages/airflow/example_dags/example_nested_branch_dag.py
[2026-08-12T05:01:36.786+0000] {processor.py:914} INFO - Processing file /home/airflow/.local/lib/python3.12/site-packages/airflow/example_dags/example_nested_branch_dag.py for tasks to queue
[2026-08-12T05:01:36.791+0000] {logging_mixin.py:190} INFO - [2026-08-12T05:01:36.790+0000] {dagbag.py:587} INFO - Filling up the DagBag from /home/airflow/.local/lib/python3.12/site-packages/airflow/example_dags/example_nested_branch_dag.py
[2026-08-12T05:01:36.807+0000] {processor.py:925} INFO - DAG(s) 'example_nested_branch_dag' retrieved from /home/airflow/.local/lib/python3.12/site-packages/airflow/example_dags/example_nested_branch_dag.py
[2026-08-12T05:01:36.840+0000] {logging_mixin.py:190} INFO - [2026-08-12T05:01:36.840+0000] {dag.py:3211} INFO - Sync 1 DAGs
[2026-08-12T05:01:36.871+0000] {logging_mixin.py:190} INFO - [2026-08-12T05:01:36.870+0000] {dag.py:4138} INFO - Setting next_dagrun for example_nested_branch_dag to 2026-08-11 00:00:00+00:00, run_after=2026-08-12 00:00:00+00:00
[2026-08-12T05:01:36.895+0000] {processor.py:208} INFO - Processing /home/airflow/.local/lib/python3.12/site-packages/airflow/example_dags/example_nested_branch_dag.py took 0.118 seconds
[2026-08-12T05:02:07.543+0000] {processor.py:186} INFO - Started process (PID=3656) to work on /home/airflow/.local/lib/python3.12/site-packages/airflow/example_dags/example_nested_branch_dag.py
[2026-08-12T05:02:07.545+0000] {processor.py:914} INFO - Processing file /home/airflow/.local/lib/python3.12/site-packages/airflow/example_dags/example_nested_branch_dag.py for tasks to queue
[2026-08-12T05:02:07.548+0000] {logging_mixin.py:190} INFO - [2026-08-12T05:02:07.547+0000] {dagbag.py:587} INFO - Filling up the DagBag from /home/airflow/.local/lib/python3.12/site-packages/airflow/example_dags/example_nested_branch_dag.py
[2026-08-12T05:02:07.560+0000] {processor.py:925} INFO - DAG(s) 'example_nested_branch_dag' retrieved from /home/airflow/.local/lib/python3.12/site-packages/airflow/example_dags/example_nested_branch_dag.py
[2026-08-12T05:02:07.586+0000] {logging_mixin.py:190} INFO - [2026-08-12T05:02:07.586+0000] {dag.py:3211} INFO - Sync 1 DAGs
[2026-08-12T05:02:07.614+0000] {logging_mixin.py:190} INFO - [2026-08-12T05:02:07.614+0000] {dag.py:4138} INFO - Setting next_dagrun for example_nested_branch_dag to 2026-08-11 00:00:00+00:00, run_after=2026-08-12 00:00:00+00:00
[2026-08-12T05:02:07.639+0000] {processor.py:208} INFO - Processing /home/airflow/.local/lib/python3.12/site-packages/airflow/example_dags/example_nested_branch_dag.py took 0.101 seconds
[2026-08-12T05:02:37.970+0000] {processor.py:186} INFO - Started process (PID=3719) to work on /home/airflow/.local/lib/python3.12/site-packages/airflow/example_dags/example_nested_branch_dag.py
[2026-08-12T05:02:37.971+0000] {processor.py:914} INFO - Processing file /home/airflow/.local/lib/python3.12/site-packages/airflow/example_dags/example_nested_branch_dag.py for tasks to queue
[2026-08-12T05:02:37.974+0000] {logging_mixin.py:190} INFO - [2026-08-12T05:02:37.974+0000] {dagbag.py:587} INFO - Filling up the DagBag from /home/airflow/.local/lib/python3.12/site-packages/airflow/example_dags/example_nested_branch_dag.py
[2026-08-12T05:02:37.987+0000] {processor.py:925} INFO - DAG(s) 'example_nested_branch_dag' retrieved from /home/airflow/.local/lib/python3.12/site-packages/airflow/example_dags/example_nested_branch_dag.py
[2026-08-12T05:02:38.017+0000] {logging_mixin.py:190} INFO - [2026-08-12T05:02:38.017+0000] {dag.py:3211} INFO - Sync 1 DAGs
[2026-08-12T05:02:38.041+0000] {logging_mixin.py:190} INFO - [2026-08-12T05:02:38.041+0000] {dag.py:4138} INFO - Setting next_dagrun for example_nested_branch_dag to 2026-08-11 00:00:00+00:00, run_after=2026-08-12 00:00:00+00:00
[2026-08-12T05:02:38.068+0000] {processor.py:208} INFO - Processing /home/airflow/.local/lib/python3.12/site-packages/airflow/example_dags/example_nested_branch_dag.py took 0.105 seconds
[2026-08-12T05:03:08.577+0000] {processor.py:186} INFO - Started process (PID=3782) to work on /home/airflow/.local/lib/python3.12/site-packages/airflow/example_dags/example_nested_branch_dag.py
[2026-08-12T05:03:08.579+0000] {processor.py:914} INFO - Processing file /home/airflow/.local/lib/python3.12/site-packages/airflow/example_dags/example_nested_branch_dag.py for tasks to queue
[2026-08-12T05:03:08.583+0000] {logging_mixin.py:190} INFO - [2026-08-12T05:03:08.582+0000] {dagbag.py:587} INFO - Filling up the DagBag from /home/airflow/.local/lib/python3.12/site-packages/airflow/example_dags/example_nested_branch_dag.py
[2026-08-12T05:03:08.601+0000] {processor.py:925} INFO - DAG(s) 'example_nested_branch_dag' retrieved from /home/airflow/.local/lib/python3.12/site-packages/airflow/example_dags/example_nested_branch_dag.py
[2026-08-12T05:03:08.624+0000] {logging_mixin.py:190} INFO - [2026-08-12T05:03:08.623+0000] {dag.py:3211} INFO - Sync 1 DAGs
[2026-08-12T05:03:08.661+0000] {logging_mixin.py:190} INFO - [2026-08-12T05:03:08.660+0000] {dag.py:4138} INFO - Setting next_dagrun for example_nested_branch_dag to 2026-08-11 00:00:00+00:00, run_after=2026-08-12 00:00:00+00:00
[2026-08-12T05:03:08.683+0000] {processor.py:208} INFO - Processing /home/airflow/.local/lib/python3.12/site-packages/airflow/example_dags/example_nested_branch_dag.py took 0.113 seconds
[2026-08-12T05:03:38.840+0000] {processor.py:186} INFO - Started process (PID=3845) to work on /home/airflow/.local/lib/python3.12/site-packages/airflow/example_dags/example_nested_branch_dag.py
[2026-08-12T05:03:38.842+0000] {processor.py:914} INFO - Processing file /home/airflow/.local/lib/python3.12/site-packages/airflow/example_dags/example_nested_branch_dag.py for tasks to queue
[2026-08-12T05:03:38.846+0000] {logging_mixin.py:190} INFO - [2026-08-12T05:03:38.845+0000] {dagbag.py:587} INFO - Filling up the DagBag from /home/airflow/.local/lib/python3.12/site-packages/airflow/example_dags/example_nested_branch_dag.py
[2026-08-12T05:03:38.867+0000] {processor.py:925} INFO - DAG(s) 'example_nested_branch_dag' retrieved from /home/airflow/.local/lib/python3.12/site-packages/airflow/example_dags/example_nested_branch_dag.py
[2026-08-12T05:03:38.941+0000] {logging_mixin.py:190} INFO - [2026-08-12T05:03:38.941+0000] {dag.py:3211} INFO - Sync 1 DAGs
[2026-08-12T05:03:38.989+0000] {logging_mixin.py:190} INFO - [2026-08-12T05:03:38.989+0000] {dag.py:4138} INFO - Setting next_dagrun for example_nested_branch_dag to 2026-08-11 00:00:00+00:00, run_after=2026-08-12 00:00:00+00:00
[2026-08-12T05:03:39.026+0000] {processor.py:208} INFO - Processing /home/airflow/.local/lib/python3.12/site-packages/airflow/example_dags/example_nested_branch_dag.py took 0.197 seconds
[2026-08-12T05:04:09.375+0000] {processor.py:186} INFO - Started process (PID=3909) to work on /home/airflow/.local/lib/python3.12/site-packages/airflow/example_dags/example_nested_branch_dag.py
[2026-08-12T05:04:09.376+0000] {processor.py:914} INFO - Processing file /home/airflow/.local/lib/python3.12/site-packages/airflow/example_dags/example_nested_branch_dag.py for tasks to queue
[2026-08-12T05:04:09.379+0000] {logging_mixin.py:190} INFO - [2026-08-12T05:04:09.379+0000] {dagbag.py:587} INFO - Filling up the DagBag from /home/airflow/.local/lib/python3.12/site-packages/airflow/example_dags/example_nested_branch_dag.py
[2026-08-12T05:04:09.391+0000] {processor.py:925} INFO - DAG(s) 'example_nested_branch_dag' retrieved from /home/airflow/.local/lib/python3.12/site-packages/airflow/example_dags/example_nested_branch_dag.py
[2026-08-12T05:04:09.412+0000] {logging_mixin.py:190} INFO - [2026-08-12T05:04:09.412+0000] {dag.py:3211} INFO - Sync 1 DAGs
[2026-08-12T05:04:09.435+0000] {logging_mixin.py:190} INFO - [2026-08-12T05:04:09.434+0000] {dag.py:4138} INFO - Setting next_dagrun for example_nested_branch_dag to 2026-08-11 00:00:00+00:00, run_after=2026-08-12 00:00:00+00:00
[2026-08-12T05:04:09.458+0000] {processor.py:208} INFO - Processing /home/airflow/.local/lib/python3.12/site-packages/airflow/example_dags/example_nested_branch_dag.py took 0.088 seconds
[2026-08-12T05:04:39.646+0000] {processor.py:186} INFO - Started process (PID=3972) to work on /home/airflow/.local/lib/python3.12/site-packages/airflow/example_dags/example_nested_branch_dag.py
[2026-08-12T05:04:39.648+0000] {processor.py:914} INFO - Processing file /home/airflow/.local/lib/python3.12/site-packages/airflow/example_dags/example_nested_branch_dag.py for tasks to queue
[2026-08-12T05:04:39.652+0000] {logging_mixin.py:190} INFO - [2026-08-12T05:04:39.651+0000] {dagbag.py:587} INFO - Filling up the DagBag from /home/airflow/.local/lib/python3.12/site-packages/airflow/example_dags/example_nested_branch_dag.py
[2026-08-12T05:04:39.666+0000] {processor.py:925} INFO - DAG(s) 'example_nested_branch_dag' retrieved from /home/airflow/.local/lib/python3.12/site-packages/airflow/example_dags/example_nested_branch_dag.py
[2026-08-12T05:04:39.691+0000] {logging_mixin.py:190} INFO - [2026-08-12T05:04:39.691+0000] {dag.py:3211} INFO - Sync 1 DAGs
[2026-08-12T05:04:39.717+0000] {logging_mixin.py:190} INFO - [2026-08-12T05:04:39.717+0000] {dag.py:4138} INFO - Setting next_dagrun for example_nested_branch_dag to 2026-08-11 00:00:00+00:00, run_after=2026-08-12 00:00:00+00:00
[2026-08-12T05:04:39.739+0000] {processor.py:208} INFO - Processing /home/airflow/.local/lib/python3.12/site-packages/airflow/example_dags/example_nested_branch_dag.py took 0.100 seconds
[2026-08-12T05:05:10.119+0000] {processor.py:186} INFO - Started process (PID=4035) to work on /home/airflow/.local/lib/python3.12/site-packages/airflow/example_dags/example_nested_branch_dag.py
[2026-08-12T05:05:10.121+0000] {processor.py:914} INFO - Processing file /home/airflow/.local/lib/python3.12/site-packages/airflow/example_dags/example_nested_branch_dag.py for tasks to queue
[2026-08-12T05:05:10.123+0000] {logging_mixin.py:190} INFO - [2026-08-12T05:05:10.123+0000] {dagbag.py:587} INFO - Filling up the DagBag from /home/airflow/.local/lib/python3.12/site-packages/airflow/example_dags/example_nested_branch_dag.py
[2026-08-12T05:05:10.134+0000] {processor.py:925} INFO - DAG(s) 'example_nested_branch_dag' retrieved from /home/airflow/.local/lib/python3.12/site-packages/airflow/example_dags/example_nested_branch_dag.py
[2026-08-12T05:05:10.157+0000] {logging_mixin.py:190} INFO - [2026-08-12T05:05:10.157+0000] {dag.py:3211} INFO - Sync 1 DAGs
[2026-08-12T05:05:10.182+0000] {logging_mixin.py:190} INFO - [2026-08-12T05:05:10.182+0000] {dag.py:4138} INFO - Setting next_dagrun for example_nested_branch_dag to 2026-08-11 00:00:00+00:00, run_after=2026-08-12 00:00:00+00:00
[2026-08-12T05:05:10.203+0000] {processor.py:208} INFO - Processing /home/airflow/.local/lib/python3.12/site-packages/airflow/example_dags/example_nested_branch_dag.py took 0.089 seconds
[2026-08-12T05:05:40.663+0000] {processor.py:186} INFO - Started process (PID=4098) to work on /home/airflow/.local/lib/python3.12/site-packages/airflow/example_dags/example_nested_branch_dag.py
[2026-08-12T05:05:40.665+0000] {processor.py:914} INFO - Processing file /home/airflow/.local/lib/python3.12/site-packages/airflow/example_dags/example_nested_branch_dag.py for tasks to queue
[2026-08-12T05:05:40.669+0000] {logging_mixin.py:190} INFO - [2026-08-12T05:05:40.668+0000] {dagbag.py:587} INFO - Filling up the DagBag from /home/airflow/.local/lib/python3.12/site-packages/airflow/example_dags/example_nested_branch_dag.py
[2026-08-12T05:05:40.681+0000] {processor.py:925} INFO - DAG(s) 'example_nested_branch_dag' retrieved from /home/airflow/.local/lib/python3.12/site-packages/airflow/example_dags/example_nested_branch_dag.py
[2026-08-12T05:05:40.704+0000] {logging_mixin.py:190} INFO - [2026-08-12T05:05:40.704+0000] {dag.py:3211} INFO - Sync 1 DAGs
[2026-08-12T05:05:40.732+0000] {logging_mixin.py:190} INFO - [2026-08-12T05:05:40.731+0000] {dag.py:4138} INFO - Setting next_dagrun for example_nested_branch_dag to 2026-08-11 00:00:00+00:00, run_after=2026-08-12 00:00:00+00:00
[2026-08-12T05:05:40.757+0000] {processor.py:208} INFO - Processing /home/airflow/.local/lib/python3.12/site-packages/airflow/example_dags/example_nested_branch_dag.py took 0.099 seconds
[2026-08-12T05:06:10.982+0000] {processor.py:186} INFO - Started process (PID=4161) to work on /home/airflow/.local/lib/python3.12/site-packages/airflow/example_dags/example_nested_branch_dag.py
[2026-08-12T05:06:10.984+0000] {processor.py:914} INFO - Processing file /home/airflow/.local/lib/python3.12/site-packages/airflow/example_dags/example_nested_branch_dag.py for tasks to queue
[2026-08-12T05:06:10.989+0000] {logging_mixin.py:190} INFO - [2026-08-12T05:06:10.988+0000] {dagbag.py:587} INFO - Filling up the DagBag from /home/airflow/.local/lib/python3.12/site-packages/airflow/example_dags/example_nested_branch_dag.py
[2026-08-12T05:06:11.011+0000] {processor.py:925} INFO - DAG(s) 'example_nested_branch_dag' retrieved from /home/airflow/.local/lib/python3.12/site-packages/airflow/example_dags/example_nested_branch_dag.py
[2026-08-12T05:06:11.051+0000] {logging_mixin.py:190} INFO - [2026-08-12T05:06:11.051+0000] {dag.py:3211} INFO - Sync 1 DAGs
[2026-08-12T05:06:11.091+0000] {logging_mixin.py:190} INFO - [2026-08-12T05:06:11.090+0000] {dag.py:4138} INFO - Setting next_dagrun for example_nested_branch_dag to 2026-08-11 00:00:00+00:00, run_after=2026-08-12 00:00:00+00:00
[2026-08-12T05:06:11.136+0000] {processor.py:208} INFO - Processing /home/airflow/.local/lib/python3.12/site-packages/airflow/example_dags/example_nested_branch_dag.py took 0.161 seconds
[2026-08-12T05:06:41.545+0000] {processor.py:186} INFO - Started process (PID=4224) to work on /home/airflow/.local/lib/python3.12/site-packages/airflow/example_dags/example_nested_branch_dag.py
[2026-08-12T05:06:41.547+0000] {processor.py:914} INFO - Processing file /home/airflow/.local/lib/python3.12/site-packages/airflow/example_dags/example_nested_branch_dag.py for tasks to queue
[2026-08-12T05:06:41.551+0000] {logging_mixin.py:190} INFO - [2026-08-12T05:06:41.550+0000] {dagbag.py:587} INFO - Filling up the DagBag from /home/airflow/.local/lib/python3.12/site-packages/airflow/example_dags/example_nested_branch_dag.py
[2026-08-12T05:06:41.564+0000] {processor.py:925} INFO - DAG(s) 'example_nested_branch_dag' retrieved from /home/airflow/.local/lib/python3.12/site-packages/airflow/example_dags/example_nested_branch_dag.py
[2026-08-12T05:06:41.589+0000] {logging_mixin.py:190} INFO - [2026-08-12T05:06:41.588+0000] {dag.py:3211} INFO - Sync 1 DAGs
[2026-08-12T05:06:41.617+0000] {logging_mixin.py:190} INFO - [2026-08-12T05:06:41.617+0000] {dag.py:4138} INFO - Setting next_dagrun for example_nested_branch_dag to 2026-08-11 00:00:00+00:00, run_after=2026-08-12 00:00:00+00:00
[2026-08-12T05:06:41.640+0000] {processor.py:208} INFO - Processing /home/airflow/.local/lib/python3.12/site-packages/airflow/example_dags/example_nested_branch_dag.py took 0.101 seconds
[2026-08-12T05:07:12.491+0000] {processor.py:186} INFO - Started process (PID=4287) to work on /home/airflow/.local/lib/python3.12/site-packages/airflow/example_dags/example_nested_branch_dag.py
[2026-08-12T05:07:12.493+0000] {processor.py:914} INFO - Processing file /home/airflow/.local/lib/python3.12/site-packages/airflow/example_dags/example_nested_branch_dag.py for tasks to queue
[2026-08-12T05:07:12.497+0000] {logging_mixin.py:190} INFO - [2026-08-12T05:07:12.496+0000] {dagbag.py:587} INFO - Filling up the DagBag from /home/airflow/.local/lib/python3.12/site-packages/airflow/example_dags/example_nested_branch_dag.py
[2026-08-12T05:07:12.509+0000] {processor.py:925} INFO - DAG(s) 'example_nested_branch_dag' retrieved from /home/airflow/.local/lib/python3.12/site-packages/airflow/example_dags/example_nested_branch_dag.py
[2026-08-12T05:07:12.538+0000] {logging_mixin.py:190} INFO - [2026-08-12T05:07:12.537+0000] {dag.py:3211} INFO - Sync 1 DAGs
[2026-08-12T05:07:12.570+0000] {logging_mixin.py:190} INFO - [2026-08-12T05:07:12.570+0000] {dag.py:4138} INFO - Setting next_dagrun for example_nested_branch_dag to 2026-08-11 00:00:00+00:00, run_after=2026-08-12 00:00:00+00:00
[2026-08-12T05:07:12.593+0000] {processor.py:208} INFO - Processing /home/airflow/.local/lib/python3.12/site-packages/airflow/example_dags/example_nested_branch_dag.py took 0.110 seconds
[2026-08-12T05:07:42.817+0000] {processor.py:186} INFO - Started process (PID=4350) to work on /home/airflow/.local/lib/python3.12/site-packages/airflow/example_dags/example_nested_branch_dag.py
[2026-08-12T05:07:42.819+0000] {processor.py:914} INFO - Processing file /home/airflow/.local/lib/python3.12/site-packages/airflow/example_dags/example_nested_branch_dag.py for tasks to queue
[2026-08-12T05:07:42.823+0000] {logging_mixin.py:190} INFO - [2026-08-12T05:07:42.822+0000] {dagbag.py:587} INFO - Filling up the DagBag from /home/airflow/.local/lib/python3.12/site-packages/airflow/example_dags/example_nested_branch_dag.py
[2026-08-12T05:07:42.840+0000] {processor.py:925} INFO - DAG(s) 'example_nested_branch_dag' retrieved from /home/airflow/.local/lib/python3.12/site-packages/airflow/example_dags/example_nested_branch_dag.py
[2026-08-12T05:07:42.869+0000] {logging_mixin.py:190} INFO - [2026-08-12T05:07:42.869+0000] {dag.py:3211} INFO - Sync 1 DAGs
[2026-08-12T05:07:42.899+0000] {logging_mixin.py:190} INFO - [2026-08-12T05:07:42.898+0000] {dag.py:4138} INFO - Setting next_dagrun for example_nested_branch_dag to 2026-08-11 00:00:00+00:00, run_after=2026-08-12 00:00:00+00:00
[2026-08-12T05:07:42.930+0000] {processor.py:208} INFO - Processing /home/airflow/.local/lib/python3.12/site-packages/airflow/example_dags/example_nested_branch_dag.py took 0.121 seconds
[2026-08-12T05:08:12.994+0000] {processor.py:186} INFO - Started process (PID=4413) to work on /home/airflow/.local/lib/python3.12/site-packages/airflow/example_dags/example_nested_branch_dag.py
[2026-08-12T05:08:12.996+0000] {processor.py:914} INFO - Processing file /home/airflow/.local/lib/python3.12/site-packages/airflow/example_dags/example_nested_branch_dag.py for tasks to queue
[2026-08-12T05:08:12.999+0000] {logging_mixin.py:190} INFO - [2026-08-12T05:08:12.999+0000] {dagbag.py:587} INFO - Filling up the DagBag from /home/airflow/.local/lib/python3.12/site-packages/airflow/example_dags/example_nested_branch_dag.py
[2026-08-12T05:08:13.012+0000] {processor.py:925} INFO - DAG(s) 'example_nested_branch_dag' retrieved from /home/airflow/.local/lib/python3.12/site-packages/airflow/example_dags/example_nested_branch_dag.py
[2026-08-12T05:08:13.035+0000] {logging_mixin.py:190} INFO - [2026-08-12T05:08:13.035+0000] {dag.py:3211} INFO - Sync 1 DAGs
[2026-08-12T05:08:13.059+0000] {logging_mixin.py:190} INFO - [2026-08-12T05:08:13.058+0000] {dag.py:4138} INFO - Setting next_dagrun for example_nested_branch_dag to 2026-08-11 00:00:00+00:00, run_after=2026-08-12 00:00:00+00:00
[2026-08-12T05:08:13.080+0000] {processor.py:208} INFO - Processing /home/airflow/.local/lib/python3.12/site-packages/airflow/example_dags/example_nested_branch_dag.py took 0.092 seconds
[2026-08-12T05:08:43.772+0000] {processor.py:186} INFO - Started process (PID=4476) to work on /home/airflow/.local/lib/python3.12/site-packages/airflow/example_dags/example_nested_branch_dag.py
[2026-08-12T05:08:43.774+0000] {processor.py:914} INFO - Processing file /home/airflow/.local/lib/python3.12/site-packages/airflow/example_dags/example_nested_branch_dag.py for tasks to queue
[2026-08-12T05:08:43.776+0000] {logging_mixin.py:190} INFO - [2026-08-12T05:08:43.776+0000] {dagbag.py:587} INFO - Filling up the DagBag from /home/airflow/.local/lib/python3.12/site-packages/airflow/example_dags/example_nested_branch_dag.py
[2026-08-12T05:08:43.786+0000] {processor.py:925} INFO - DAG(s) 'example_nested_branch_dag' retrieved from /home/airflow/.local/lib/python3.12/site-packages/airflow/example_dags/example_nested_branch_dag.py
[2026-08-12T05:08:43.809+0000] {logging_mixin.py:190} INFO - [2026-08-12T05:08:43.809+0000] {dag.py:3211} INFO - Sync 1 DAGs
[2026-08-12T05:08:43.831+0000] {logging_mixin.py:190} INFO - [2026-08-12T05:08:43.830+0000] {dag.py:4138} INFO - Setting next_dagrun for example_nested_branch_dag to 2026-08-11 00:00:00+00:00, run_after=2026-08-12 00:00:00+00:00
[2026-08-12T05:08:43.849+0000] {processor.py:208} INFO - Processing /home/airflow/.local/lib/python3.12/site-packages/airflow/example_dags/example_nested_branch_dag.py took 0.082 seconds
[2026-08-12T05:09:13.969+0000] {processor.py:186} INFO - Started process (PID=4539) to work on /home/airflow/.local/lib/python3.12/site-packages/airflow/example_dags/example_nested_branch_dag.py
[2026-08-12T05:09:13.971+0000] {processor.py:914} INFO - Processing file /home/airflow/.local/lib/python3.12/site-packages/airflow/example_dags/example_nested_branch_dag.py for tasks to queue
[2026-08-12T05:09:13.974+0000] {logging_mixin.py:190} INFO - [2026-08-12T05:09:13.973+0000] {dagbag.py:587} INFO - Filling up the DagBag from /home/airflow/.local/lib/python3.12/site-packages/airflow/example_dags/example_nested_branch_dag.py
[2026-08-12T05:09:13.985+0000] {processor.py:925} INFO - DAG(s) 'example_nested_branch_dag' retrieved from /home/airflow/.local/lib/python3.12/site-packages/airflow/example_dags/example_nested_branch_dag.py
[2026-08-12T05:09:14.007+0000] {logging_mixin.py:190} INFO - [2026-08-12T05:09:14.007+0000] {dag.py:3211} INFO - Sync 1 DAGs
[2026-08-12T05:09:14.029+0000] {logging_mixin.py:190} INFO - [2026-08-12T05:09:14.029+0000] {dag.py:4138} INFO - Setting next_dagrun for example_nested_branch_dag to 2026-08-11 00:00:00+00:00, run_after=2026-08-12 00:00:00+00:00
[2026-08-12T05:09:14.048+0000] {processor.py:208} INFO - Processing /home/airflow/.local/lib/python3.12/site-packages/airflow/example_dags/example_nested_branch_dag.py took 0.084 seconds
[2026-08-12T05:09:44.701+0000] {processor.py:186} INFO - Started process (PID=4602) to work on /home/airflow/.local/lib/python3.12/site-packages/airflow/example_dags/example_nested_branch_dag.py
[2026-08-12T05:09:44.703+0000] {processor.py:914} INFO - Processing file /home/airflow/.local/lib/python3.12/site-packages/airflow/example_dags/example_nested_branch_dag.py for tasks to queue
[2026-08-12T05:09:44.708+0000] {logging_mixin.py:190} INFO - [2026-08-12T05:09:44.707+0000] {dagbag.py:587} INFO - Filling up the DagBag from /home/airflow/.local/lib/python3.12/site-packages/airflow/example_dags/example_nested_branch_dag.py
[2026-08-12T05:09:44.724+0000] {processor.py:925} INFO - DAG(s) 'example_nested_branch_dag' retrieved from /home/airflow/.local/lib/python3.12/site-packages/airflow/example_dags/example_nested_branch_dag.py
[2026-08-12T05:09:44.748+0000] {logging_mixin.py:190} INFO - [2026-08-12T05:09:44.748+0000] {dag.py:3211} INFO - Sync 1 DAGs
[2026-08-12T05:09:44.775+0000] {logging_mixin.py:190} INFO - [2026-08-12T05:09:44.775+0000] {dag.py:4138} INFO - Setting next_dagrun for example_nested_branch_dag to 2026-08-11 00:00:00+00:00, run_after=2026-08-12 00:00:00+00:00
[2026-08-12T05:09:44.862+0000] {processor.py:208} INFO - Processing /home/airflow/.local/lib/python3.12/site-packages/airflow/example_dags/example_nested_branch_dag.py took 0.168 seconds
[2026-08-12T05:10:15.553+0000] {processor.py:186} INFO - Started process (PID=4665) to work on /home/airflow/.local/lib/python3.12/site-packages/airflow/example_dags/example_nested_branch_dag.py
[2026-08-12T05:10:15.555+0000] {processor.py:914} INFO - Processing file /home/airflow/.local/lib/python3.12/site-packages/airflow/example_dags/example_nested_branch_dag.py for tasks to queue
[2026-08-12T05:10:15.558+0000] {logging_mixin.py:190} INFO - [2026-08-12T05:10:15.558+0000] {dagbag.py:587} INFO - Filling up the DagBag from /home/airflow/.local/lib/python3.12/site-packages/airflow/example_dags/example_nested_branch_dag.py
[2026-08-12T05:10:15.570+0000] {processor.py:925} INFO - DAG(s) 'example_nested_branch_dag' retrieved from /home/airflow/.local/lib/python3.12/site-packages/airflow/example_dags/example_nested_branch_dag.py
[2026-08-12T05:10:15.592+0000] {logging_mixin.py:190} INFO - [2026-08-12T05:10:15.591+0000] {dag.py:3211} INFO - Sync 1 DAGs
[2026-08-12T05:10:15.616+0000] {logging_mixin.py:190} INFO - [2026-08-12T05:10:15.616+0000] {dag.py:4138} INFO - Setting next_dagrun for example_nested_branch_dag to 2026-08-11 00:00:00+00:00, run_after=2026-08-12 00:00:00+00:00
[2026-08-12T05:10:15.638+0000] {processor.py:208} INFO - Processing /home/airflow/.local/lib/python3.12/site-packages/airflow/example_dags/example_nested_branch_dag.py took 0.092 seconds
[2026-08-12T05:10:45.879+0000] {processor.py:186} INFO - Started process (PID=4728) to work on /home/airflow/.local/lib/python3.12/site-packages/airflow/example_dags/example_nested_branch_dag.py
[2026-08-12T05:10:45.881+0000] {processor.py:914} INFO - Processing file /home/airflow/.local/lib/python3.12/site-packages/airflow/example_dags/example_nested_branch_dag.py for tasks to queue
[2026-08-12T05:10:45.885+0000] {logging_mixin.py:190} INFO - [2026-08-12T05:10:45.884+0000] {dagbag.py:587} INFO - Filling up the DagBag from /home/airflow/.local/lib/python3.12/site-packages/airflow/example_dags/example_nested_branch_dag.py
[2026-08-12T05:10:45.901+0000] {processor.py:925} INFO - DAG(s) 'example_nested_branch_dag' retrieved from /home/airflow/.local/lib/python3.12/site-packages/airflow/example_dags/example_nested_branch_dag.py
[2026-08-12T05:10:45.924+0000] {logging_mixin.py:190} INFO - [2026-08-12T05:10:45.923+0000] {dag.py:3211} INFO - Sync 1 DAGs
[2026-08-12T05:10:45.962+0000] {logging_mixin.py:190} INFO - [2026-08-12T05:10:45.962+0000] {dag.py:4138} INFO - Setting next_dagrun for example_nested_branch_dag to 2026-08-11 00:00:00+00:00, run_after=2026-08-12 00:00:00+00:00
[2026-08-12T05:10:45.985+0000] {processor.py:208} INFO - Processing /home/airflow/.local/lib/python3.12/site-packages/airflow/example_dags/example_nested_branch_dag.py took 0.114 seconds
[2026-08-12T05:11:16.387+0000] {processor.py:186} INFO - Started process (PID=4791) to work on /home/airflow/.local/lib/python3.12/site-packages/airflow/example_dags/example_nested_branch_dag.py
[2026-08-12T05:11:16.388+0000] {processor.py:914} INFO - Processing file /home/airflow/.local/lib/python3.12/site-packages/airflow/example_dags/example_nested_branch_dag.py for tasks to queue
[2026-08-12T05:11:16.391+0000] {logging_mixin.py:190} INFO - [2026-08-12T05:11:16.391+0000] {dagbag.py:587} INFO - Filling up the DagBag from /home/airflow/.local/lib/python3.12/site-packages/airflow/example_dags/example_nested_branch_dag.py
[2026-08-12T05:11:16.420+0000] {processor.py:925} INFO - DAG(s) 'example_nested_branch_dag' retrieved from /home/airflow/.local/lib/python3.12/site-packages/airflow/example_dags/example_nested_branch_dag.py
[2026-08-12T05:11:16.447+0000] {logging_mixin.py:190} INFO - [2026-08-12T05:11:16.447+0000] {dag.py:3211} INFO - Sync 1 DAGs
[2026-08-12T05:11:16.475+0000] {logging_mixin.py:190} INFO - [2026-08-12T05:11:16.474+0000] {dag.py:4138} INFO - Setting next_dagrun for example_nested_branch_dag to 2026-08-11 00:00:00+00:00, run_after=2026-08-12 00:00:00+00:00
[2026-08-12T05:11:16.497+0000] {processor.py:208} INFO - Processing /home/airflow/.local/lib/python3.12/site-packages/airflow/example_dags/example_nested_branch_dag.py took 0.116 seconds
[2026-08-12T05:11:46.858+0000] {processor.py:186} INFO - Started process (PID=4854) to work on /home/airflow/.local/lib/python3.12/site-packages/airflow/example_dags/example_nested_branch_dag.py
[2026-08-12T05:11:46.860+0000] {processor.py:914} INFO - Processing file /home/airflow/.local/lib/python3.12/site-packages/airflow/example_dags/example_nested_branch_dag.py for tasks to queue
[2026-08-12T05:11:46.866+0000] {logging_mixin.py:190} INFO - [2026-08-12T05:11:46.865+0000] {dagbag.py:587} INFO - Filling up the DagBag from /home/airflow/.local/lib/python3.12/site-packages/airflow/example_dags/example_nested_branch_dag.py
[2026-08-12T05:11:46.885+0000] {processor.py:925} INFO - DAG(s) 'example_nested_branch_dag' retrieved from /home/airflow/.local/lib/python3.12/site-packages/airflow/example_dags/example_nested_branch_dag.py
[2026-08-12T05:11:46.914+0000] {logging_mixin.py:190} INFO - [2026-08-12T05:11:46.913+0000] {dag.py:3211} INFO - Sync 1 DAGs
[2026-08-12T05:11:46.941+0000] {logging_mixin.py:190} INFO - [2026-08-12T05:11:46.940+0000] {dag.py:4138} INFO - Setting next_dagrun for example_nested_branch_dag to 2026-08-11 00:00:00+00:00, run_after=2026-08-12 00:00:00+00:00
[2026-08-12T05:11:46.963+0000] {processor.py:208} INFO - Processing /home/airflow/.local/lib/python3.12/site-packages/airflow/example_dags/example_nested_branch_dag.py took 0.115 seconds
[2026-08-12T05:12:17.714+0000] {processor.py:186} INFO - Started process (PID=4917) to work on /home/airflow/.local/lib/python3.12/site-packages/airflow/example_dags/example_nested_branch_dag.py
[2026-08-12T05:12:17.716+0000] {processor.py:914} INFO - Processing file /home/airflow/.local/lib/python3.12/site-packages/airflow/example_dags/example_nested_branch_dag.py for tasks to queue
[2026-08-12T05:12:17.718+0000] {logging_mixin.py:190} INFO - [2026-08-12T05:12:17.718+0000] {dagbag.py:587} INFO - Filling up the DagBag from /home/airflow/.local/lib/python3.12/site-packages/airflow/example_dags/example_nested_branch_dag.py
[2026-08-12T05:12:17.728+0000] {processor.py:925} INFO - DAG(s) 'example_nested_branch_dag' retrieved from /home/airflow/.local/lib/python3.12/site-packages/airflow/example_dags/example_nested_branch_dag.py
[2026-08-12T05:12:17.750+0000] {logging_mixin.py:190} INFO - [2026-08-12T05:12:17.749+0000] {dag.py:3211} INFO - Sync 1 DAGs
[2026-08-12T05:12:17.770+0000] {logging_mixin.py:190} INFO - [2026-08-12T05:12:17.770+0000] {dag.py:4138} INFO - Setting next_dagrun for example_nested_branch_dag to 2026-08-11 00:00:00+00:00, run_after=2026-08-12 00:00:00+00:00
[2026-08-12T05:12:17.788+0000] {processor.py:208} INFO - Processing /home/airflow/.local/lib/python3.12/site-packages/airflow/example_dags/example_nested_branch_dag.py took 0.079 seconds
[2026-08-12T05:12:48.181+0000] {processor.py:186} INFO - Started process (PID=4980) to work on /home/airflow/.local/lib/python3.12/site-packages/airflow/example_dags/example_nested_branch_dag.py
[2026-08-12T05:12:48.182+0000] {processor.py:914} INFO - Processing file /home/airflow/.local/lib/python3.12/site-packages/airflow/example_dags/example_nested_branch_dag.py for tasks to queue
[2026-08-12T05:12:48.186+0000] {logging_mixin.py:190} INFO - [2026-08-12T05:12:48.186+0000] {dagbag.py:587} INFO - Filling up the DagBag from /home/airflow/.local/lib/python3.12/site-packages/airflow/example_dags/example_nested_branch_dag.py
[2026-08-12T05:12:48.200+0000] {processor.py:925} INFO - DAG(s) 'example_nested_branch_dag' retrieved from /home/airflow/.local/lib/python3.12/site-packages/airflow/example_dags/example_nested_branch_dag.py
[2026-08-12T05:12:48.221+0000] {logging_mixin.py:190} INFO - [2026-08-12T05:12:48.221+0000] {dag.py:3211} INFO - Sync 1 DAGs
[2026-08-12T05:12:48.244+0000] {logging_mixin.py:190} INFO - [2026-08-12T05:12:48.244+0000] {dag.py:4138} INFO - Setting next_dagrun for example_nested_branch_dag to 2026-08-11 00:00:00+00:00, run_after=2026-08-12 00:00:00+00:00
[2026-08-12T05:12:48.262+0000] {processor.py:208} INFO - Processing /home/airflow/.local/lib/python3.12/site-packages/airflow/example_dags/example_nested_branch_dag.py took 0.090 seconds
[2026-08-12T05:13:18.687+0000] {processor.py:186} INFO - Started process (PID=5043) to work on /home/airflow/.local/lib/python3.12/site-packages/airflow/example_dags/example_nested_branch_dag.py
[2026-08-12T05:13:18.688+0000] {processor.py:914} INFO - Processing file /home/airflow/.local/lib/python3.12/site-packages/airflow/example_dags/example_nested_branch_dag.py for tasks to queue
[2026-08-12T05:13:18.691+0000] {logging_mixin.py:190} INFO - [2026-08-12T05:13:18.691+0000] {dagbag.py:587} INFO - Filling up the DagBag from /home/airflow/.local/lib/python3.12/site-packages/airflow/example_dags/example_nested_branch_dag.py
[2026-08-12T05:13:18.702+0000] {processor.py:925} INFO - DAG(s) 'example_nested_branch_dag' retrieved from /home/airflow/.local/lib/python3.12/site-packages/airflow/example_dags/example_nested_branch_dag.py
[2026-08-12T05:13:18.722+0000] {logging_mixin.py:190} INFO - [2026-08-12T05:13:18.722+0000] {dag.py:3211} INFO - Sync 1 DAGs
[2026-08-12T05:13:18.746+0000] {logging_mixin.py:190} INFO - [2026-08-12T05:13:18.745+0000] {dag.py:4138} INFO - Setting next_dagrun for example_nested_branch_dag to 2026-08-11 00:00:00+00:00, run_after=2026-08-12 00:00:00+00:00
[2026-08-12T05:13:18.771+0000] {processor.py:208} INFO - Processing /home/airflow/.local/lib/python3.12/site-packages/airflow/example_dags/example_nested_branch_dag.py took 0.090 seconds
[2026-08-12T05:13:49.056+0000] {processor.py:186} INFO - Started process (PID=5106) to work on /home/airflow/.local/lib/python3.12/site-packages/airflow/example_dags/example_nested_branch_dag.py
[2026-08-12T05:13:49.057+0000] {processor.py:914} INFO - Processing file /home/airflow/.local/lib/python3.12/site-packages/airflow/example_dags/example_nested_branch_dag.py for tasks to queue
[2026-08-12T05:13:49.060+0000] {logging_mixin.py:190} INFO - [2026-08-12T05:13:49.060+0000] {dagbag.py:587} INFO - Filling up the DagBag from /home/airflow/.local/lib/python3.12/site-packages/airflow/example_dags/example_nested_branch_dag.py
[2026-08-12T05:13:49.073+0000] {processor.py:925} INFO - DAG(s) 'example_nested_branch_dag' retrieved from /home/airflow/.local/lib/python3.12/site-packages/airflow/example_dags/example_nested_branch_dag.py
[2026-08-12T05:13:49.096+0000] {logging_mixin.py:190} INFO - [2026-08-12T05:13:49.096+0000] {dag.py:3211} INFO - Sync 1 DAGs
[2026-08-12T05:13:49.121+0000] {logging_mixin.py:190} INFO - [2026-08-12T05:13:49.121+0000] {dag.py:4138} INFO - Setting next_dagrun for example_nested_branch_dag to 2026-08-11 00:00:00+00:00, run_after=2026-08-12 00:00:00+00:00
[2026-08-12T05:13:49.148+0000] {processor.py:208} INFO - Processing /home/airflow/.local/lib/python3.12/site-packages/airflow/example_dags/example_nested_branch_dag.py took 0.099 seconds
[2026-08-12T05:14:19.642+0000] {processor.py:186} INFO - Started process (PID=5169) to work on /home/airflow/.local/lib/python3.12/site-packages/airflow/example_dags/example_nested_branch_dag.py
[2026-08-12T05:14:19.644+0000] {processor.py:914} INFO - Processing file /home/airflow/.local/lib/python3.12/site-packages/airflow/example_dags/example_nested_branch_dag.py for tasks to queue
[2026-08-12T05:14:19.648+0000] {logging_mixin.py:190} INFO - [2026-08-12T05:14:19.648+0000] {dagbag.py:587} INFO - Filling up the DagBag from /home/airflow/.local/lib/python3.12/site-packages/airflow/example_dags/example_nested_branch_dag.py
[2026-08-12T05:14:19.668+0000] {processor.py:925} INFO - DAG(s) 'example_nested_branch_dag' retrieved from /home/airflow/.local/lib/python3.12/site-packages/airflow/example_dags/example_nested_branch_dag.py
[2026-08-12T05:14:19.691+0000] {logging_mixin.py:190} INFO - [2026-08-12T05:14:19.691+0000] {dag.py:3211} INFO - Sync 1 DAGs
[2026-08-12T05:14:19.716+0000] {logging_mixin.py:190} INFO - [2026-08-12T05:14:19.715+0000] {dag.py:4138} INFO - Setting next_dagrun for example_nested_branch_dag to 2026-08-11 00:00:00+00:00, run_after=2026-08-12 00:00:00+00:00
[2026-08-12T05:14:19.738+0000] {processor.py:208} INFO - Processing /home/airflow/.local/lib/python3.12/site-packages/airflow/example_dags/example_nested_branch_dag.py took 0.103 seconds
[2026-08-12T05:14:50.189+0000] {processor.py:186} INFO - Started process (PID=5232) to work on /home/airflow/.local/lib/python3.12/site-packages/airflow/example_dags/example_nested_branch_dag.py
[2026-08-12T05:14:50.190+0000] {processor.py:914} INFO - Processing file /home/airflow/.local/lib/python3.12/site-packages/airflow/example_dags/example_nested_branch_dag.py for tasks to queue
[2026-08-12T05:14:50.193+0000] {logging_mixin.py:190} INFO - [2026-08-12T05:14:50.192+0000] {dagbag.py:587} INFO - Filling up the DagBag from /home/airflow/.local/lib/python3.12/site-packages/airflow/example_dags/example_nested_branch_dag.py
[2026-08-12T05:14:50.203+0000] {processor.py:925} INFO - DAG(s) 'example_nested_branch_dag' retrieved from /home/airflow/.local/lib/python3.12/site-packages/airflow/example_dags/example_nested_branch_dag.py
[2026-08-12T05:14:50.223+0000] {logging_mixin.py:190} INFO - [2026-08-12T05:14:50.222+0000] {dag.py:3211} INFO - Sync 1 DAGs
[2026-08-12T05:14:50.243+0000] {logging_mixin.py:190} INFO - [2026-08-12T05:14:50.243+0000] {dag.py:4138} INFO - Setting next_dagrun for example_nested_branch_dag to 2026-08-11 00:00:00+00:00, run_after=2026-08-12 00:00:00+00:00
[2026-08-12T05:14:50.260+0000] {processor.py:208} INFO - Processing /home/airflow/.local/lib/python3.12/site-packages/airflow/example_dags/example_nested_branch_dag.py took 0.077 seconds
[2026-08-12T05:15:20.918+0000] {processor.py:186} INFO - Started process (PID=5295) to work on /home/airflow/.local/lib/python3.12/site-packages/airflow/example_dags/example_nested_branch_dag.py
[2026-08-12T05:15:20.919+0000] {processor.py:914} INFO - Processing file /home/airflow/.local/lib/python3.12/site-packages/airflow/example_dags/example_nested_branch_dag.py for tasks to queue
[2026-08-12T05:15:20.923+0000] {logging_mixin.py:190} INFO - [2026-08-12T05:15:20.922+0000] {dagbag.py:587} INFO - Filling up the DagBag from /home/airflow/.local/lib/python3.12/site-packages/airflow/example_dags/example_nested_branch_dag.py
[2026-08-12T05:15:20.933+0000] {processor.py:925} INFO - DAG(s) 'example_nested_branch_dag' retrieved from /home/airflow/.local/lib/python3.12/site-packages/airflow/example_dags/example_nested_branch_dag.py
[2026-08-12T05:15:20.952+0000] {logging_mixin.py:190} INFO - [2026-08-12T05:15:20.951+0000] {dag.py:3211} INFO - Sync 1 DAGs
[2026-08-12T05:15:20.972+0000] {logging_mixin.py:190} INFO - [2026-08-12T05:15:20.972+0000] {dag.py:4138} INFO - Setting next_dagrun for example_nested_branch_dag to 2026-08-11 00:00:00+00:00, run_after=2026-08-12 00:00:00+00:00
[2026-08-12T05:15:20.989+0000] {processor.py:208} INFO - Processing /home/airflow/.local/lib/python3.12/site-packages/airflow/example_dags/example_nested_branch_dag.py took 0.077 seconds
[2026-08-12T05:15:51.552+0000] {processor.py:186} INFO - Started process (PID=5358) to work on /home/airflow/.local/lib/python3.12/site-packages/airflow/example_dags/example_nested_branch_dag.py
[2026-08-12T05:15:51.553+0000] {processor.py:914} INFO - Processing file /home/airflow/.local/lib/python3.12/site-packages/airflow/example_dags/example_nested_branch_dag.py for tasks to queue
[2026-08-12T05:15:51.556+0000] {logging_mixin.py:190} INFO - [2026-08-12T05:15:51.556+0000] {dagbag.py:587} INFO - Filling up the DagBag from /home/airflow/.local/lib/python3.12/site-packages/airflow/example_dags/example_nested_branch_dag.py
[2026-08-12T05:15:51.568+0000] {processor.py:925} INFO - DAG(s) 'example_nested_branch_dag' retrieved from /home/airflow/.local/lib/python3.12/site-packages/airflow/example_dags/example_nested_branch_dag.py
[2026-08-12T05:15:51.587+0000] {logging_mixin.py:190} INFO - [2026-08-12T05:15:51.587+0000] {dag.py:3211} INFO - Sync 1 DAGs
[2026-08-12T05:15:51.611+0000] {logging_mixin.py:190} INFO - [2026-08-12T05:15:51.611+0000] {dag.py:4138} INFO - Setting next_dagrun for example_nested_branch_dag to 2026-08-11 00:00:00+00:00, run_after=2026-08-12 00:00:00+00:00
[2026-08-12T05:15:51.632+0000] {processor.py:208} INFO - Processing /home/airflow/.local/lib/python3.12/site-packages/airflow/example_dags/example_nested_branch_dag.py took 0.086 seconds
[2026-08-12T05:16:22.049+0000] {processor.py:186} INFO - Started process (PID=5421) to work on /home/airflow/.local/lib/python3.12/site-packages/airflow/example_dags/example_nested_branch_dag.py
[2026-08-12T05:16:22.050+0000] {processor.py:914} INFO - Processing file /home/airflow/.local/lib/python3.12/site-packages/airflow/example_dags/example_nested_branch_dag.py for tasks to queue
[2026-08-12T05:16:22.053+0000] {logging_mixin.py:190} INFO - [2026-08-12T05:16:22.053+0000] {dagbag.py:587} INFO - Filling up the DagBag from /home/airflow/.local/lib/python3.12/site-packages/airflow/example_dags/example_nested_branch_dag.py
[2026-08-12T05:16:22.067+0000] {processor.py:925} INFO - DAG(s) 'example_nested_branch_dag' retrieved from /home/airflow/.local/lib/python3.12/site-packages/airflow/example_dags/example_nested_branch_dag.py
[2026-08-12T05:16:22.086+0000] {logging_mixin.py:190} INFO - [2026-08-12T05:16:22.086+0000] {dag.py:3211} INFO - Sync 1 DAGs
[2026-08-12T05:16:22.113+0000] {logging_mixin.py:190} INFO - [2026-08-12T05:16:22.113+0000] {dag.py:4138} INFO - Setting next_dagrun for example_nested_branch_dag to 2026-08-11 00:00:00+00:00, run_after=2026-08-12 00:00:00+00:00
[2026-08-12T05:16:22.132+0000] {processor.py:208} INFO - Processing /home/airflow/.local/lib/python3.12/site-packages/airflow/example_dags/example_nested_branch_dag.py took 0.089 seconds
[2026-08-12T05:16:52.501+0000] {processor.py:186} INFO - Started process (PID=5484) to work on /home/airflow/.local/lib/python3.12/site-packages/airflow/example_dags/example_nested_branch_dag.py
[2026-08-12T05:16:52.503+0000] {processor.py:914} INFO - Processing file /home/airflow/.local/lib/python3.12/site-packages/airflow/example_dags/example_nested_branch_dag.py for tasks to queue
[2026-08-12T05:16:52.506+0000] {logging_mixin.py:190} INFO - [2026-08-12T05:16:52.505+0000] {dagbag.py:587} INFO - Filling up the DagBag from /home/airflow/.local/lib/python3.12/site-packages/airflow/example_dags/example_nested_branch_dag.py
[2026-08-12T05:16:52.518+0000] {processor.py:925} INFO - DAG(s) 'example_nested_branch_dag' retrieved from /home/airflow/.local/lib/python3.12/site-packages/airflow/example_dags/example_nested_branch_dag.py
[2026-08-12T05:16:52.541+0000] {logging_mixin.py:190} INFO - [2026-08-12T05:16:52.540+0000] {dag.py:3211} INFO - Sync 1 DAGs
[2026-08-12T05:16:52.563+0000] {logging_mixin.py:190} INFO - [2026-08-12T05:16:52.563+0000] {dag.py:4138} INFO - Setting next_dagrun for example_nested_branch_dag to 2026-08-11 00:00:00+00:00, run_after=2026-08-12 00:00:00+00:00
[2026-08-12T05:16:52.583+0000] {processor.py:208} INFO - Processing /home/airflow/.local/lib/python3.12/site-packages/airflow/example_dags/example_nested_branch_dag.py took 0.088 seconds
[2026-08-12T05:17:23.146+0000] {processor.py:186} INFO - Started process (PID=5547) to work on /home/airflow/.local/lib/python3.12/site-packages/airflow/example_dags/example_nested_branch_dag.py
[2026-08-12T05:17:23.147+0000] {processor.py:914} INFO - Processing file /home/airflow/.local/lib/python3.12/site-packages/airflow/example_dags/example_nested_branch_dag.py for tasks to queue
[2026-08-12T05:17:23.151+0000] {logging_mixin.py:190} INFO - [2026-08-12T05:17:23.150+0000] {dagbag.py:587} INFO - Filling up the DagBag from /home/airflow/.local/lib/python3.12/site-packages/airflow/example_dags/example_nested_branch_dag.py
[2026-08-12T05:17:23.162+0000] {processor.py:925} INFO - DAG(s) 'example_nested_branch_dag' retrieved from /home/airflow/.local/lib/python3.12/site-packages/airflow/example_dags/example_nested_branch_dag.py
[2026-08-12T05:17:23.182+0000] {logging_mixin.py:190} INFO - [2026-08-12T05:17:23.182+0000] {dag.py:3211} INFO - Sync 1 DAGs
[2026-08-12T05:17:23.205+0000] {logging_mixin.py:190} INFO - [2026-08-12T05:17:23.205+0000] {dag.py:4138} INFO - Setting next_dagrun for example_nested_branch_dag to 2026-08-11 00:00:00+00:00, run_after=2026-08-12 00:00:00+00:00
[2026-08-12T05:17:23.225+0000] {processor.py:208} INFO - Processing /home/airflow/.local/lib/python3.12/site-packages/airflow/example_dags/example_nested_branch_dag.py took 0.086 seconds
[2026-08-12T05:17:53.951+0000] {processor.py:186} INFO - Started process (PID=5610) to work on /home/airflow/.local/lib/python3.12/site-packages/airflow/example_dags/example_nested_branch_dag.py
[2026-08-12T05:17:53.952+0000] {processor.py:914} INFO - Processing file /home/airflow/.local/lib/python3.12/site-packages/airflow/example_dags/example_nested_branch_dag.py for tasks to queue
[2026-08-12T05:17:53.956+0000] {logging_mixin.py:190} INFO - [2026-08-12T05:17:53.956+0000] {dagbag.py:587} INFO - Filling up the DagBag from /home/airflow/.local/lib/python3.12/site-packages/airflow/example_dags/example_nested_branch_dag.py
[2026-08-12T05:17:53.967+0000] {processor.py:925} INFO - DAG(s) 'example_nested_branch_dag' retrieved from /home/airflow/.local/lib/python3.12/site-packages/airflow/example_dags/example_nested_branch_dag.py
[2026-08-12T05:17:53.991+0000] {logging_mixin.py:190} INFO - [2026-08-12T05:17:53.991+0000] {dag.py:3211} INFO - Sync 1 DAGs
[2026-08-12T05:17:54.016+0000] {logging_mixin.py:190} INFO - [2026-08-12T05:17:54.015+0000] {dag.py:4138} INFO - Setting next_dagrun for example_nested_branch_dag to 2026-08-11 00:00:00+00:00, run_after=2026-08-12 00:00:00+00:00
[2026-08-12T05:17:54.036+0000] {processor.py:208} INFO - Processing /home/airflow/.local/lib/python3.12/site-packages/airflow/example_dags/example_nested_branch_dag.py took 0.091 seconds
[2026-08-12T05:18:24.965+0000] {processor.py:186} INFO - Started process (PID=5673) to work on /home/airflow/.local/lib/python3.12/site-packages/airflow/example_dags/example_nested_branch_dag.py
[2026-08-12T05:18:24.967+0000] {processor.py:914} INFO - Processing file /home/airflow/.local/lib/python3.12/site-packages/airflow/example_dags/example_nested_branch_dag.py for tasks to queue
[2026-08-12T05:18:24.971+0000] {logging_mixin.py:190} INFO - [2026-08-12T05:18:24.971+0000] {dagbag.py:587} INFO - Filling up the DagBag from /home/airflow/.local/lib/python3.12/site-packages/airflow/example_dags/example_nested_branch_dag.py
[2026-08-12T05:18:24.986+0000] {processor.py:925} INFO - DAG(s) 'example_nested_branch_dag' retrieved from /home/airflow/.local/lib/python3.12/site-packages/airflow/example_dags/example_nested_branch_dag.py
[2026-08-12T05:18:25.016+0000] {logging_mixin.py:190} INFO - [2026-08-12T05:18:25.015+0000] {dag.py:3211} INFO - Sync 1 DAGs
[2026-08-12T05:18:25.046+0000] {logging_mixin.py:190} INFO - [2026-08-12T05:18:25.046+0000] {dag.py:4138} INFO - Setting next_dagrun for example_nested_branch_dag to 2026-08-11 00:00:00+00:00, run_after=2026-08-12 00:00:00+00:00
[2026-08-12T05:18:25.068+0000] {processor.py:208} INFO - Processing /home/airflow/.local/lib/python3.12/site-packages/airflow/example_dags/example_nested_branch_dag.py took 0.108 seconds
[2026-08-12T05:18:58.146+0000] {processor.py:186} INFO - Started process (PID=5736) to work on /home/airflow/.local/lib/python3.12/site-packages/airflow/example_dags/example_nested_branch_dag.py
[2026-08-12T05:18:58.168+0000] {processor.py:914} INFO - Processing file /home/airflow/.local/lib/python3.12/site-packages/airflow/example_dags/example_nested_branch_dag.py for tasks to queue
[2026-08-12T05:18:58.186+0000] {logging_mixin.py:190} INFO - [2026-08-12T05:18:58.185+0000] {dagbag.py:587} INFO - Filling up the DagBag from /home/airflow/.local/lib/python3.12/site-packages/airflow/example_dags/example_nested_branch_dag.py
[2026-08-12T05:18:58.264+0000] {processor.py:925} INFO - DAG(s) 'example_nested_branch_dag' retrieved from /home/airflow/.local/lib/python3.12/site-packages/airflow/example_dags/example_nested_branch_dag.py
[2026-08-12T05:18:58.391+0000] {logging_mixin.py:190} INFO - [2026-08-12T05:18:58.390+0000] {dag.py:3211} INFO - Sync 1 DAGs
[2026-08-12T05:18:58.495+0000] {logging_mixin.py:190} INFO - [2026-08-12T05:18:58.494+0000] {dag.py:4138} INFO - Setting next_dagrun for example_nested_branch_dag to 2026-08-11 00:00:00+00:00, run_after=2026-08-12 00:00:00+00:00
[2026-08-12T05:18:58.607+0000] {processor.py:208} INFO - Processing /home/airflow/.local/lib/python3.12/site-packages/airflow/example_dags/example_nested_branch_dag.py took 0.491 seconds
[2026-08-12T05:19:29.462+0000] {processor.py:186} INFO - Started process (PID=5800) to work on /home/airflow/.local/lib/python3.12/site-packages/airflow/example_dags/example_nested_branch_dag.py
[2026-08-12T05:19:29.465+0000] {processor.py:914} INFO - Processing file /home/airflow/.local/lib/python3.12/site-packages/airflow/example_dags/example_nested_branch_dag.py for tasks to queue
[2026-08-12T05:19:29.477+0000] {logging_mixin.py:190} INFO - [2026-08-12T05:19:29.476+0000] {dagbag.py:587} INFO - Filling up the DagBag from /home/airflow/.local/lib/python3.12/site-packages/airflow/example_dags/example_nested_branch_dag.py
[2026-08-12T05:19:29.524+0000] {processor.py:925} INFO - DAG(s) 'example_nested_branch_dag' retrieved from /home/airflow/.local/lib/python3.12/site-packages/airflow/example_dags/example_nested_branch_dag.py
[2026-08-12T05:19:29.598+0000] {logging_mixin.py:190} INFO - [2026-08-12T05:19:29.598+0000] {dag.py:3211} INFO - Sync 1 DAGs
[2026-08-12T05:19:29.709+0000] {logging_mixin.py:190} INFO - [2026-08-12T05:19:29.708+0000] {dag.py:4138} INFO - Setting next_dagrun for example_nested_branch_dag to 2026-08-11 00:00:00+00:00, run_after=2026-08-12 00:00:00+00:00
[2026-08-12T05:19:29.796+0000] {processor.py:208} INFO - Processing /home/airflow/.local/lib/python3.12/site-packages/airflow/example_dags/example_nested_branch_dag.py took 0.369 seconds
[2026-08-12T05:20:02.963+0000] {processor.py:186} INFO - Started process (PID=5863) to work on /home/airflow/.local/lib/python3.12/site-packages/airflow/example_dags/example_nested_branch_dag.py
[2026-08-12T05:20:03.054+0000] {processor.py:914} INFO - Processing file /home/airflow/.local/lib/python3.12/site-packages/airflow/example_dags/example_nested_branch_dag.py for tasks to queue
[2026-08-12T05:20:03.124+0000] {logging_mixin.py:190} INFO - [2026-08-12T05:20:03.123+0000] {dagbag.py:587} INFO - Filling up the DagBag from /home/airflow/.local/lib/python3.12/site-packages/airflow/example_dags/example_nested_branch_dag.py
[2026-08-12T05:20:03.168+0000] {processor.py:925} INFO - DAG(s) 'example_nested_branch_dag' retrieved from /home/airflow/.local/lib/python3.12/site-packages/airflow/example_dags/example_nested_branch_dag.py
[2026-08-12T05:20:03.255+0000] {logging_mixin.py:190} INFO - [2026-08-12T05:20:03.254+0000] {dag.py:3211} INFO - Sync 1 DAGs
[2026-08-12T05:20:03.371+0000] {logging_mixin.py:190} INFO - [2026-08-12T05:20:03.370+0000] {dag.py:4138} INFO - Setting next_dagrun for example_nested_branch_dag to 2026-08-11 00:00:00+00:00, run_after=2026-08-12 00:00:00+00:00
[2026-08-12T05:20:03.458+0000] {processor.py:208} INFO - Processing /home/airflow/.local/lib/python3.12/site-packages/airflow/example_dags/example_nested_branch_dag.py took 0.519 seconds
[2026-08-12T05:20:35.037+0000] {processor.py:186} INFO - Started process (PID=5926) to work on /home/airflow/.local/lib/python3.12/site-packages/airflow/example_dags/example_nested_branch_dag.py
[2026-08-12T05:20:35.042+0000] {processor.py:914} INFO - Processing file /home/airflow/.local/lib/python3.12/site-packages/airflow/example_dags/example_nested_branch_dag.py for tasks to queue
[2026-08-12T05:20:35.050+0000] {logging_mixin.py:190} INFO - [2026-08-12T05:20:35.049+0000] {dagbag.py:587} INFO - Filling up the DagBag from /home/airflow/.local/lib/python3.12/site-packages/airflow/example_dags/example_nested_branch_dag.py
[2026-08-12T05:20:35.104+0000] {processor.py:925} INFO - DAG(s) 'example_nested_branch_dag' retrieved from /home/airflow/.local/lib/python3.12/site-packages/airflow/example_dags/example_nested_branch_dag.py
[2026-08-12T05:20:35.205+0000] {logging_mixin.py:190} INFO - [2026-08-12T05:20:35.204+0000] {dag.py:3211} INFO - Sync 1 DAGs
[2026-08-12T05:20:35.297+0000] {logging_mixin.py:190} INFO - [2026-08-12T05:20:35.297+0000] {dag.py:4138} INFO - Setting next_dagrun for example_nested_branch_dag to 2026-08-11 00:00:00+00:00, run_after=2026-08-12 00:00:00+00:00
[2026-08-12T05:20:35.549+0000] {processor.py:208} INFO - Processing /home/airflow/.local/lib/python3.12/site-packages/airflow/example_dags/example_nested_branch_dag.py took 0.542 seconds
[2026-08-12T05:21:06.101+0000] {processor.py:186} INFO - Started process (PID=5990) to work on /home/airflow/.local/lib/python3.12/site-packages/airflow/example_dags/example_nested_branch_dag.py
[2026-08-12T05:21:06.104+0000] {processor.py:914} INFO - Processing file /home/airflow/.local/lib/python3.12/site-packages/airflow/example_dags/example_nested_branch_dag.py for tasks to queue
[2026-08-12T05:21:06.121+0000] {logging_mixin.py:190} INFO - [2026-08-12T05:21:06.120+0000] {dagbag.py:587} INFO - Filling up the DagBag from /home/airflow/.local/lib/python3.12/site-packages/airflow/example_dags/example_nested_branch_dag.py
[2026-08-12T05:21:06.141+0000] {processor.py:925} INFO - DAG(s) 'example_nested_branch_dag' retrieved from /home/airflow/.local/lib/python3.12/site-packages/airflow/example_dags/example_nested_branch_dag.py
[2026-08-12T05:21:06.180+0000] {logging_mixin.py:190} INFO - [2026-08-12T05:21:06.180+0000] {dag.py:3211} INFO - Sync 1 DAGs
[2026-08-12T05:21:06.235+0000] {logging_mixin.py:190} INFO - [2026-08-12T05:21:06.234+0000] {dag.py:4138} INFO - Setting next_dagrun for example_nested_branch_dag to 2026-08-11 00:00:00+00:00, run_after=2026-08-12 00:00:00+00:00
[2026-08-12T05:21:06.279+0000] {processor.py:208} INFO - Processing /home/airflow/.local/lib/python3.12/site-packages/airflow/example_dags/example_nested_branch_dag.py took 0.191 seconds
[2026-08-12T05:21:36.708+0000] {processor.py:186} INFO - Started process (PID=6054) to work on /home/airflow/.local/lib/python3.12/site-packages/airflow/example_dags/example_nested_branch_dag.py
[2026-08-12T05:21:36.710+0000] {processor.py:914} INFO - Processing file /home/airflow/.local/lib/python3.12/site-packages/airflow/example_dags/example_nested_branch_dag.py for tasks to queue
[2026-08-12T05:21:36.713+0000] {logging_mixin.py:190} INFO - [2026-08-12T05:21:36.713+0000] {dagbag.py:587} INFO - Filling up the DagBag from /home/airflow/.local/lib/python3.12/site-packages/airflow/example_dags/example_nested_branch_dag.py
[2026-08-12T05:21:36.730+0000] {processor.py:925} INFO - DAG(s) 'example_nested_branch_dag' retrieved from /home/airflow/.local/lib/python3.12/site-packages/airflow/example_dags/example_nested_branch_dag.py
[2026-08-12T05:21:36.756+0000] {logging_mixin.py:190} INFO - [2026-08-12T05:21:36.755+0000] {dag.py:3211} INFO - Sync 1 DAGs
[2026-08-12T05:21:36.785+0000] {logging_mixin.py:190} INFO - [2026-08-12T05:21:36.785+0000] {dag.py:4138} INFO - Setting next_dagrun for example_nested_branch_dag to 2026-08-11 00:00:00+00:00, run_after=2026-08-12 00:00:00+00:00
[2026-08-12T05:21:36.806+0000] {processor.py:208} INFO - Processing /home/airflow/.local/lib/python3.12/site-packages/airflow/example_dags/example_nested_branch_dag.py took 0.106 seconds
[2026-08-12T05:22:07.238+0000] {processor.py:186} INFO - Started process (PID=6125) to work on /home/airflow/.local/lib/python3.12/site-packages/airflow/example_dags/example_nested_branch_dag.py
[2026-08-12T05:22:07.239+0000] {processor.py:914} INFO - Processing file /home/airflow/.local/lib/python3.12/site-packages/airflow/example_dags/example_nested_branch_dag.py for tasks to queue
[2026-08-12T05:22:07.242+0000] {logging_mixin.py:190} INFO - [2026-08-12T05:22:07.242+0000] {dagbag.py:587} INFO - Filling up the DagBag from /home/airflow/.local/lib/python3.12/site-packages/airflow/example_dags/example_nested_branch_dag.py
[2026-08-12T05:22:07.254+0000] {processor.py:925} INFO - DAG(s) 'example_nested_branch_dag' retrieved from /home/airflow/.local/lib/python3.12/site-packages/airflow/example_dags/example_nested_branch_dag.py
[2026-08-12T05:22:07.278+0000] {logging_mixin.py:190} INFO - [2026-08-12T05:22:07.278+0000] {dag.py:3211} INFO - Sync 1 DAGs
[2026-08-12T05:22:07.310+0000] {logging_mixin.py:190} INFO - [2026-08-12T05:22:07.310+0000] {dag.py:4138} INFO - Setting next_dagrun for example_nested_branch_dag to 2026-08-11 00:00:00+00:00, run_after=2026-08-12 00:00:00+00:00
[2026-08-12T05:22:07.333+0000] {processor.py:208} INFO - Processing /home/airflow/.local/lib/python3.12/site-packages/airflow/example_dags/example_nested_branch_dag.py took 0.103 seconds
[2026-08-12T05:22:37.613+0000] {processor.py:186} INFO - Started process (PID=6188) to work on /home/airflow/.local/lib/python3.12/site-packages/airflow/example_dags/example_nested_branch_dag.py
[2026-08-12T05:22:37.615+0000] {processor.py:914} INFO - Processing file /home/airflow/.local/lib/python3.12/site-packages/airflow/example_dags/example_nested_branch_dag.py for tasks to queue
[2026-08-12T05:22:37.619+0000] {logging_mixin.py:190} INFO - [2026-08-12T05:22:37.618+0000] {dagbag.py:587} INFO - Filling up the DagBag from /home/airflow/.local/lib/python3.12/site-packages/airflow/example_dags/example_nested_branch_dag.py
[2026-08-12T05:22:37.633+0000] {processor.py:925} INFO - DAG(s) 'example_nested_branch_dag' retrieved from /home/airflow/.local/lib/python3.12/site-packages/airflow/example_dags/example_nested_branch_dag.py
[2026-08-12T05:22:37.657+0000] {logging_mixin.py:190} INFO - [2026-08-12T05:22:37.656+0000] {dag.py:3211} INFO - Sync 1 DAGs
[2026-08-12T05:22:37.682+0000] {logging_mixin.py:190} INFO - [2026-08-12T05:22:37.681+0000] {dag.py:4138} INFO - Setting next_dagrun for example_nested_branch_dag to 2026-08-11 00:00:00+00:00, run_after=2026-08-12 00:00:00+00:00
[2026-08-12T05:22:37.702+0000] {processor.py:208} INFO - Processing /home/airflow/.local/lib/python3.12/site-packages/airflow/example_dags/example_nested_branch_dag.py took 0.094 seconds
[2026-08-12T05:23:08.201+0000] {processor.py:186} INFO - Started process (PID=6252) to work on /home/airflow/.local/lib/python3.12/site-packages/airflow/example_dags/example_nested_branch_dag.py
[2026-08-12T05:23:08.203+0000] {processor.py:914} INFO - Processing file /home/airflow/.local/lib/python3.12/site-packages/airflow/example_dags/example_nested_branch_dag.py for tasks to queue
[2026-08-12T05:23:08.206+0000] {logging_mixin.py:190} INFO - [2026-08-12T05:23:08.206+0000] {dagbag.py:587} INFO - Filling up the DagBag from /home/airflow/.local/lib/python3.12/site-packages/airflow/example_dags/example_nested_branch_dag.py
[2026-08-12T05:23:08.217+0000] {processor.py:925} INFO - DAG(s) 'example_nested_branch_dag' retrieved from /home/airflow/.local/lib/python3.12/site-packages/airflow/example_dags/example_nested_branch_dag.py
[2026-08-12T05:23:08.239+0000] {logging_mixin.py:190} INFO - [2026-08-12T05:23:08.238+0000] {dag.py:3211} INFO - Sync 1 DAGs
[2026-08-12T05:23:08.267+0000] {logging_mixin.py:190} INFO - [2026-08-12T05:23:08.267+0000] {dag.py:4138} INFO - Setting next_dagrun for example_nested_branch_dag to 2026-08-11 00:00:00+00:00, run_after=2026-08-12 00:00:00+00:00
[2026-08-12T05:23:08.290+0000] {processor.py:208} INFO - Processing /home/airflow/.local/lib/python3.12/site-packages/airflow/example_dags/example_nested_branch_dag.py took 0.097 seconds
[2026-08-12T05:23:38.380+0000] {processor.py:186} INFO - Started process (PID=6316) to work on /home/airflow/.local/lib/python3.12/site-packages/airflow/example_dags/example_nested_branch_dag.py
[2026-08-12T05:23:38.382+0000] {processor.py:914} INFO - Processing file /home/airflow/.local/lib/python3.12/site-packages/airflow/example_dags/example_nested_branch_dag.py for tasks to queue
[2026-08-12T05:23:38.386+0000] {logging_mixin.py:190} INFO - [2026-08-12T05:23:38.385+0000] {dagbag.py:587} INFO - Filling up the DagBag from /home/airflow/.local/lib/python3.12/site-packages/airflow/example_dags/example_nested_branch_dag.py
[2026-08-12T05:23:38.398+0000] {processor.py:925} INFO - DAG(s) 'example_nested_branch_dag' retrieved from /home/airflow/.local/lib/python3.12/site-packages/airflow/example_dags/example_nested_branch_dag.py
[2026-08-12T05:23:38.422+0000] {logging_mixin.py:190} INFO - [2026-08-12T05:23:38.421+0000] {dag.py:3211} INFO - Sync 1 DAGs
[2026-08-12T05:23:38.445+0000] {logging_mixin.py:190} INFO - [2026-08-12T05:23:38.444+0000] {dag.py:4138} INFO - Setting next_dagrun for example_nested_branch_dag to 2026-08-11 00:00:00+00:00, run_after=2026-08-12 00:00:00+00:00
[2026-08-12T05:23:38.468+0000] {processor.py:208} INFO - Processing /home/airflow/.local/lib/python3.12/site-packages/airflow/example_dags/example_nested_branch_dag.py took 0.095 seconds
[2026-08-12T05:24:08.544+0000] {processor.py:186} INFO - Started process (PID=6379) to work on /home/airflow/.local/lib/python3.12/site-packages/airflow/example_dags/example_nested_branch_dag.py
[2026-08-12T05:24:08.545+0000] {processor.py:914} INFO - Processing file /home/airflow/.local/lib/python3.12/site-packages/airflow/example_dags/example_nested_branch_dag.py for tasks to queue
[2026-08-12T05:24:08.548+0000] {logging_mixin.py:190} INFO - [2026-08-12T05:24:08.548+0000] {dagbag.py:587} INFO - Filling up the DagBag from /home/airflow/.local/lib/python3.12/site-packages/airflow/example_dags/example_nested_branch_dag.py
[2026-08-12T05:24:08.560+0000] {processor.py:925} INFO - DAG(s) 'example_nested_branch_dag' retrieved from /home/airflow/.local/lib/python3.12/site-packages/airflow/example_dags/example_nested_branch_dag.py
[2026-08-12T05:24:08.584+0000] {logging_mixin.py:190} INFO - [2026-08-12T05:24:08.584+0000] {dag.py:3211} INFO - Sync 1 DAGs
[2026-08-12T05:24:08.609+0000] {logging_mixin.py:190} INFO - [2026-08-12T05:24:08.609+0000] {dag.py:4138} INFO - Setting next_dagrun for example_nested_branch_dag to 2026-08-11 00:00:00+00:00, run_after=2026-08-12 00:00:00+00:00
[2026-08-12T05:24:08.630+0000] {processor.py:208} INFO - Processing /home/airflow/.local/lib/python3.12/site-packages/airflow/example_dags/example_nested_branch_dag.py took 0.092 seconds
[2026-08-12T05:24:39.410+0000] {processor.py:186} INFO - Started process (PID=6442) to work on /home/airflow/.local/lib/python3.12/site-packages/airflow/example_dags/example_nested_branch_dag.py
[2026-08-12T05:24:39.411+0000] {processor.py:914} INFO - Processing file /home/airflow/.local/lib/python3.12/site-packages/airflow/example_dags/example_nested_branch_dag.py for tasks to queue
[2026-08-12T05:24:39.415+0000] {logging_mixin.py:190} INFO - [2026-08-12T05:24:39.414+0000] {dagbag.py:587} INFO - Filling up the DagBag from /home/airflow/.local/lib/python3.12/site-packages/airflow/example_dags/example_nested_branch_dag.py
[2026-08-12T05:24:39.433+0000] {processor.py:925} INFO - DAG(s) 'example_nested_branch_dag' retrieved from /home/airflow/.local/lib/python3.12/site-packages/airflow/example_dags/example_nested_branch_dag.py
[2026-08-12T05:24:39.509+0000] {logging_mixin.py:190} INFO - [2026-08-12T05:24:39.509+0000] {dag.py:3211} INFO - Sync 1 DAGs
[2026-08-12T05:24:39.549+0000] {logging_mixin.py:190} INFO - [2026-08-12T05:24:39.548+0000] {dag.py:4138} INFO - Setting next_dagrun for example_nested_branch_dag to 2026-08-11 00:00:00+00:00, run_after=2026-08-12 00:00:00+00:00
[2026-08-12T05:24:39.574+0000] {processor.py:208} INFO - Processing /home/airflow/.local/lib/python3.12/site-packages/airflow/example_dags/example_nested_branch_dag.py took 0.171 seconds
[2026-08-12T05:25:09.810+0000] {processor.py:186} INFO - Started process (PID=6507) to work on /home/airflow/.local/lib/python3.12/site-packages/airflow/example_dags/example_nested_branch_dag.py
[2026-08-12T05:25:09.811+0000] {processor.py:914} INFO - Processing file /home/airflow/.local/lib/python3.12/site-packages/airflow/example_dags/example_nested_branch_dag.py for tasks to queue
[2026-08-12T05:25:09.815+0000] {logging_mixin.py:190} INFO - [2026-08-12T05:25:09.814+0000] {dagbag.py:587} INFO - Filling up the DagBag from /home/airflow/.local/lib/python3.12/site-packages/airflow/example_dags/example_nested_branch_dag.py
[2026-08-12T05:25:09.828+0000] {processor.py:925} INFO - DAG(s) 'example_nested_branch_dag' retrieved from /home/airflow/.local/lib/python3.12/site-packages/airflow/example_dags/example_nested_branch_dag.py
[2026-08-12T05:25:09.852+0000] {logging_mixin.py:190} INFO - [2026-08-12T05:25:09.852+0000] {dag.py:3211} INFO - Sync 1 DAGs
[2026-08-12T05:25:09.876+0000] {logging_mixin.py:190} INFO - [2026-08-12T05:25:09.876+0000] {dag.py:4138} INFO - Setting next_dagrun for example_nested_branch_dag to 2026-08-11 00:00:00+00:00, run_after=2026-08-12 00:00:00+00:00
[2026-08-12T05:25:09.898+0000] {processor.py:208} INFO - Processing /home/airflow/.local/lib/python3.12/site-packages/airflow/example_dags/example_nested_branch_dag.py took 0.095 seconds
[2026-08-12T05:25:40.615+0000] {processor.py:186} INFO - Started process (PID=6570) to work on /home/airflow/.local/lib/python3.12/site-packages/airflow/example_dags/example_nested_branch_dag.py
[2026-08-12T05:25:40.617+0000] {processor.py:914} INFO - Processing file /home/airflow/.local/lib/python3.12/site-packages/airflow/example_dags/example_nested_branch_dag.py for tasks to queue
[2026-08-12T05:25:40.620+0000] {logging_mixin.py:190} INFO - [2026-08-12T05:25:40.620+0000] {dagbag.py:587} INFO - Filling up the DagBag from /home/airflow/.local/lib/python3.12/site-packages/airflow/example_dags/example_nested_branch_dag.py
[2026-08-12T05:25:40.633+0000] {processor.py:925} INFO - DAG(s) 'example_nested_branch_dag' retrieved from /home/airflow/.local/lib/python3.12/site-packages/airflow/example_dags/example_nested_branch_dag.py
[2026-08-12T05:25:40.654+0000] {logging_mixin.py:190} INFO - [2026-08-12T05:25:40.653+0000] {dag.py:3211} INFO - Sync 1 DAGs
[2026-08-12T05:25:40.676+0000] {logging_mixin.py:190} INFO - [2026-08-12T05:25:40.676+0000] {dag.py:4138} INFO - Setting next_dagrun for example_nested_branch_dag to 2026-08-11 00:00:00+00:00, run_after=2026-08-12 00:00:00+00:00
[2026-08-12T05:25:40.698+0000] {processor.py:208} INFO - Processing /home/airflow/.local/lib/python3.12/site-packages/airflow/example_dags/example_nested_branch_dag.py took 0.089 seconds
