[2026-08-12T04:30:51.323+0000] {processor.py:186} INFO - Started process (PID=97) to work on /home/airflow/.local/lib/python3.12/site-packages/airflow/example_dags/example_branch_labels.py
[2026-08-12T04:30:51.326+0000] {processor.py:914} INFO - Processing file /home/airflow/.local/lib/python3.12/site-packages/airflow/example_dags/example_branch_labels.py for tasks to queue
[2026-08-12T04:30:51.331+0000] {logging_mixin.py:190} INFO - [2026-08-12T04:30:51.330+0000] {dagbag.py:587} INFO - Filling up the DagBag from /home/airflow/.local/lib/python3.12/site-packages/airflow/example_dags/example_branch_labels.py
[2026-08-12T04:30:51.355+0000] {processor.py:925} INFO - DAG(s) 'example_branch_labels' retrieved from /home/airflow/.local/lib/python3.12/site-packages/airflow/example_dags/example_branch_labels.py
[2026-08-12T04:30:51.585+0000] {logging_mixin.py:190} INFO - [2026-08-12T04:30:51.583+0000] {override.py:1858} INFO - Created Permission View: can edit on DAG:example_branch_labels
[2026-08-12T04:30:51.606+0000] {logging_mixin.py:190} INFO - [2026-08-12T04:30:51.606+0000] {override.py:1858} INFO - Created Permission View: can delete on DAG:example_branch_labels
[2026-08-12T04:30:51.630+0000] {logging_mixin.py:190} INFO - [2026-08-12T04:30:51.630+0000] {override.py:1858} INFO - Created Permission View: can read on DAG:example_branch_labels
[2026-08-12T04:30:51.634+0000] {logging_mixin.py:190} INFO - [2026-08-12T04:30:51.633+0000] {dag.py:3211} INFO - Sync 1 DAGs
[2026-08-12T04:30:51.664+0000] {logging_mixin.py:190} INFO - [2026-08-12T04:30:51.664+0000] {dag.py:3234} INFO - Creating ORM DAG for example_branch_labels
[2026-08-12T04:30:51.689+0000] {logging_mixin.py:190} INFO - [2026-08-12T04:30:51.688+0000] {dag.py:4138} INFO - Setting next_dagrun for example_branch_labels to 2026-08-11 00:00:00+00:00, run_after=2026-08-12 00:00:00+00:00
[2026-08-12T04:30:51.711+0000] {processor.py:208} INFO - Processing /home/airflow/.local/lib/python3.12/site-packages/airflow/example_dags/example_branch_labels.py took 0.400 seconds
[2026-08-12T04:31:21.817+0000] {processor.py:186} INFO - Started process (PID=159) to work on /home/airflow/.local/lib/python3.12/site-packages/airflow/example_dags/example_branch_labels.py
[2026-08-12T04:31:21.818+0000] {processor.py:914} INFO - Processing file /home/airflow/.local/lib/python3.12/site-packages/airflow/example_dags/example_branch_labels.py for tasks to queue
[2026-08-12T04:31:21.821+0000] {logging_mixin.py:190} INFO - [2026-08-12T04:31:21.821+0000] {dagbag.py:587} INFO - Filling up the DagBag from /home/airflow/.local/lib/python3.12/site-packages/airflow/example_dags/example_branch_labels.py
[2026-08-12T04:31:21.830+0000] {processor.py:925} INFO - DAG(s) 'example_branch_labels' retrieved from /home/airflow/.local/lib/python3.12/site-packages/airflow/example_dags/example_branch_labels.py
[2026-08-12T04:31:21.850+0000] {logging_mixin.py:190} INFO - [2026-08-12T04:31:21.850+0000] {dag.py:3211} INFO - Sync 1 DAGs
[2026-08-12T04:31:21.871+0000] {logging_mixin.py:190} INFO - [2026-08-12T04:31:21.871+0000] {dag.py:4138} INFO - Setting next_dagrun for example_branch_labels to 2026-08-11 00:00:00+00:00, run_after=2026-08-12 00:00:00+00:00
[2026-08-12T04:31:21.888+0000] {processor.py:208} INFO - Processing /home/airflow/.local/lib/python3.12/site-packages/airflow/example_dags/example_branch_labels.py took 0.077 seconds
[2026-08-12T04:31:52.012+0000] {processor.py:186} INFO - Started process (PID=221) to work on /home/airflow/.local/lib/python3.12/site-packages/airflow/example_dags/example_branch_labels.py
[2026-08-12T04:31:52.014+0000] {processor.py:914} INFO - Processing file /home/airflow/.local/lib/python3.12/site-packages/airflow/example_dags/example_branch_labels.py for tasks to queue
[2026-08-12T04:31:52.017+0000] {logging_mixin.py:190} INFO - [2026-08-12T04:31:52.017+0000] {dagbag.py:587} INFO - Filling up the DagBag from /home/airflow/.local/lib/python3.12/site-packages/airflow/example_dags/example_branch_labels.py
[2026-08-12T04:31:52.026+0000] {processor.py:925} INFO - DAG(s) 'example_branch_labels' retrieved from /home/airflow/.local/lib/python3.12/site-packages/airflow/example_dags/example_branch_labels.py
[2026-08-12T04:31:52.045+0000] {logging_mixin.py:190} INFO - [2026-08-12T04:31:52.044+0000] {dag.py:3211} INFO - Sync 1 DAGs
[2026-08-12T04:31:52.065+0000] {logging_mixin.py:190} INFO - [2026-08-12T04:31:52.065+0000] {dag.py:4138} INFO - Setting next_dagrun for example_branch_labels to 2026-08-11 00:00:00+00:00, run_after=2026-08-12 00:00:00+00:00
[2026-08-12T04:31:52.083+0000] {processor.py:208} INFO - Processing /home/airflow/.local/lib/python3.12/site-packages/airflow/example_dags/example_branch_labels.py took 0.076 seconds
[2026-08-12T04:33:04.603+0000] {processor.py:186} INFO - Started process (PID=94) to work on /home/airflow/.local/lib/python3.12/site-packages/airflow/example_dags/example_branch_labels.py
[2026-08-12T04:33:04.605+0000] {processor.py:914} INFO - Processing file /home/airflow/.local/lib/python3.12/site-packages/airflow/example_dags/example_branch_labels.py for tasks to queue
[2026-08-12T04:33:04.610+0000] {logging_mixin.py:190} INFO - [2026-08-12T04:33:04.609+0000] {dagbag.py:587} INFO - Filling up the DagBag from /home/airflow/.local/lib/python3.12/site-packages/airflow/example_dags/example_branch_labels.py
[2026-08-12T04:33:04.627+0000] {processor.py:925} INFO - DAG(s) 'example_branch_labels' retrieved from /home/airflow/.local/lib/python3.12/site-packages/airflow/example_dags/example_branch_labels.py
[2026-08-12T04:33:04.663+0000] {logging_mixin.py:190} INFO - [2026-08-12T04:33:04.663+0000] {dag.py:3211} INFO - Sync 1 DAGs
[2026-08-12T04:33:04.694+0000] {logging_mixin.py:190} INFO - [2026-08-12T04:33:04.693+0000] {dag.py:4138} INFO - Setting next_dagrun for example_branch_labels to 2026-08-11 00:00:00+00:00, run_after=2026-08-12 00:00:00+00:00
[2026-08-12T04:33:04.718+0000] {processor.py:208} INFO - Processing /home/airflow/.local/lib/python3.12/site-packages/airflow/example_dags/example_branch_labels.py took 0.121 seconds
[2026-08-12T04:33:35.467+0000] {processor.py:186} INFO - Started process (PID=156) to work on /home/airflow/.local/lib/python3.12/site-packages/airflow/example_dags/example_branch_labels.py
[2026-08-12T04:33:35.469+0000] {processor.py:914} INFO - Processing file /home/airflow/.local/lib/python3.12/site-packages/airflow/example_dags/example_branch_labels.py for tasks to queue
[2026-08-12T04:33:35.473+0000] {logging_mixin.py:190} INFO - [2026-08-12T04:33:35.473+0000] {dagbag.py:587} INFO - Filling up the DagBag from /home/airflow/.local/lib/python3.12/site-packages/airflow/example_dags/example_branch_labels.py
[2026-08-12T04:33:35.487+0000] {processor.py:925} INFO - DAG(s) 'example_branch_labels' retrieved from /home/airflow/.local/lib/python3.12/site-packages/airflow/example_dags/example_branch_labels.py
[2026-08-12T04:33:35.522+0000] {logging_mixin.py:190} INFO - [2026-08-12T04:33:35.521+0000] {dag.py:3211} INFO - Sync 1 DAGs
[2026-08-12T04:33:35.559+0000] {logging_mixin.py:190} INFO - [2026-08-12T04:33:35.559+0000] {dag.py:4138} INFO - Setting next_dagrun for example_branch_labels to 2026-08-11 00:00:00+00:00, run_after=2026-08-12 00:00:00+00:00
[2026-08-12T04:33:35.585+0000] {processor.py:208} INFO - Processing /home/airflow/.local/lib/python3.12/site-packages/airflow/example_dags/example_branch_labels.py took 0.125 seconds
[2026-08-12T04:34:05.939+0000] {processor.py:186} INFO - Started process (PID=218) to work on /home/airflow/.local/lib/python3.12/site-packages/airflow/example_dags/example_branch_labels.py
[2026-08-12T04:34:05.941+0000] {processor.py:914} INFO - Processing file /home/airflow/.local/lib/python3.12/site-packages/airflow/example_dags/example_branch_labels.py for tasks to queue
[2026-08-12T04:34:05.944+0000] {logging_mixin.py:190} INFO - [2026-08-12T04:34:05.943+0000] {dagbag.py:587} INFO - Filling up the DagBag from /home/airflow/.local/lib/python3.12/site-packages/airflow/example_dags/example_branch_labels.py
[2026-08-12T04:34:05.952+0000] {processor.py:925} INFO - DAG(s) 'example_branch_labels' retrieved from /home/airflow/.local/lib/python3.12/site-packages/airflow/example_dags/example_branch_labels.py
[2026-08-12T04:34:05.973+0000] {logging_mixin.py:190} INFO - [2026-08-12T04:34:05.973+0000] {dag.py:3211} INFO - Sync 1 DAGs
[2026-08-12T04:34:05.995+0000] {logging_mixin.py:190} INFO - [2026-08-12T04:34:05.995+0000] {dag.py:4138} INFO - Setting next_dagrun for example_branch_labels to 2026-08-11 00:00:00+00:00, run_after=2026-08-12 00:00:00+00:00
[2026-08-12T04:34:06.015+0000] {processor.py:208} INFO - Processing /home/airflow/.local/lib/python3.12/site-packages/airflow/example_dags/example_branch_labels.py took 0.082 seconds
[2026-08-12T04:34:36.544+0000] {processor.py:186} INFO - Started process (PID=280) to work on /home/airflow/.local/lib/python3.12/site-packages/airflow/example_dags/example_branch_labels.py
[2026-08-12T04:34:36.546+0000] {processor.py:914} INFO - Processing file /home/airflow/.local/lib/python3.12/site-packages/airflow/example_dags/example_branch_labels.py for tasks to queue
[2026-08-12T04:34:36.549+0000] {logging_mixin.py:190} INFO - [2026-08-12T04:34:36.549+0000] {dagbag.py:587} INFO - Filling up the DagBag from /home/airflow/.local/lib/python3.12/site-packages/airflow/example_dags/example_branch_labels.py
[2026-08-12T04:34:36.560+0000] {processor.py:925} INFO - DAG(s) 'example_branch_labels' retrieved from /home/airflow/.local/lib/python3.12/site-packages/airflow/example_dags/example_branch_labels.py
[2026-08-12T04:34:36.584+0000] {logging_mixin.py:190} INFO - [2026-08-12T04:34:36.583+0000] {dag.py:3211} INFO - Sync 1 DAGs
[2026-08-12T04:34:36.610+0000] {logging_mixin.py:190} INFO - [2026-08-12T04:34:36.610+0000] {dag.py:4138} INFO - Setting next_dagrun for example_branch_labels to 2026-08-11 00:00:00+00:00, run_after=2026-08-12 00:00:00+00:00
[2026-08-12T04:34:36.630+0000] {processor.py:208} INFO - Processing /home/airflow/.local/lib/python3.12/site-packages/airflow/example_dags/example_branch_labels.py took 0.091 seconds
[2026-08-12T04:35:06.851+0000] {processor.py:186} INFO - Started process (PID=342) to work on /home/airflow/.local/lib/python3.12/site-packages/airflow/example_dags/example_branch_labels.py
[2026-08-12T04:35:06.854+0000] {processor.py:914} INFO - Processing file /home/airflow/.local/lib/python3.12/site-packages/airflow/example_dags/example_branch_labels.py for tasks to queue
[2026-08-12T04:35:06.857+0000] {logging_mixin.py:190} INFO - [2026-08-12T04:35:06.857+0000] {dagbag.py:587} INFO - Filling up the DagBag from /home/airflow/.local/lib/python3.12/site-packages/airflow/example_dags/example_branch_labels.py
[2026-08-12T04:35:06.867+0000] {processor.py:925} INFO - DAG(s) 'example_branch_labels' retrieved from /home/airflow/.local/lib/python3.12/site-packages/airflow/example_dags/example_branch_labels.py
[2026-08-12T04:35:06.893+0000] {logging_mixin.py:190} INFO - [2026-08-12T04:35:06.892+0000] {dag.py:3211} INFO - Sync 1 DAGs
[2026-08-12T04:35:06.920+0000] {logging_mixin.py:190} INFO - [2026-08-12T04:35:06.920+0000] {dag.py:4138} INFO - Setting next_dagrun for example_branch_labels to 2026-08-11 00:00:00+00:00, run_after=2026-08-12 00:00:00+00:00
[2026-08-12T04:35:06.941+0000] {processor.py:208} INFO - Processing /home/airflow/.local/lib/python3.12/site-packages/airflow/example_dags/example_branch_labels.py took 0.096 seconds
[2026-08-12T04:35:37.263+0000] {processor.py:186} INFO - Started process (PID=404) to work on /home/airflow/.local/lib/python3.12/site-packages/airflow/example_dags/example_branch_labels.py
[2026-08-12T04:35:37.265+0000] {processor.py:914} INFO - Processing file /home/airflow/.local/lib/python3.12/site-packages/airflow/example_dags/example_branch_labels.py for tasks to queue
[2026-08-12T04:35:37.269+0000] {logging_mixin.py:190} INFO - [2026-08-12T04:35:37.269+0000] {dagbag.py:587} INFO - Filling up the DagBag from /home/airflow/.local/lib/python3.12/site-packages/airflow/example_dags/example_branch_labels.py
[2026-08-12T04:35:37.284+0000] {processor.py:925} INFO - DAG(s) 'example_branch_labels' retrieved from /home/airflow/.local/lib/python3.12/site-packages/airflow/example_dags/example_branch_labels.py
[2026-08-12T04:35:37.310+0000] {logging_mixin.py:190} INFO - [2026-08-12T04:35:37.310+0000] {dag.py:3211} INFO - Sync 1 DAGs
[2026-08-12T04:35:37.340+0000] {logging_mixin.py:190} INFO - [2026-08-12T04:35:37.339+0000] {dag.py:4138} INFO - Setting next_dagrun for example_branch_labels to 2026-08-11 00:00:00+00:00, run_after=2026-08-12 00:00:00+00:00
[2026-08-12T04:35:37.362+0000] {processor.py:208} INFO - Processing /home/airflow/.local/lib/python3.12/site-packages/airflow/example_dags/example_branch_labels.py took 0.106 seconds
[2026-08-12T04:36:07.633+0000] {processor.py:186} INFO - Started process (PID=466) to work on /home/airflow/.local/lib/python3.12/site-packages/airflow/example_dags/example_branch_labels.py
[2026-08-12T04:36:07.635+0000] {processor.py:914} INFO - Processing file /home/airflow/.local/lib/python3.12/site-packages/airflow/example_dags/example_branch_labels.py for tasks to queue
[2026-08-12T04:36:07.638+0000] {logging_mixin.py:190} INFO - [2026-08-12T04:36:07.638+0000] {dagbag.py:587} INFO - Filling up the DagBag from /home/airflow/.local/lib/python3.12/site-packages/airflow/example_dags/example_branch_labels.py
[2026-08-12T04:36:07.648+0000] {processor.py:925} INFO - DAG(s) 'example_branch_labels' retrieved from /home/airflow/.local/lib/python3.12/site-packages/airflow/example_dags/example_branch_labels.py
[2026-08-12T04:36:07.668+0000] {logging_mixin.py:190} INFO - [2026-08-12T04:36:07.668+0000] {dag.py:3211} INFO - Sync 1 DAGs
[2026-08-12T04:36:07.691+0000] {logging_mixin.py:190} INFO - [2026-08-12T04:36:07.691+0000] {dag.py:4138} INFO - Setting next_dagrun for example_branch_labels to 2026-08-11 00:00:00+00:00, run_after=2026-08-12 00:00:00+00:00
[2026-08-12T04:36:07.709+0000] {processor.py:208} INFO - Processing /home/airflow/.local/lib/python3.12/site-packages/airflow/example_dags/example_branch_labels.py took 0.082 seconds
[2026-08-12T04:36:38.053+0000] {processor.py:186} INFO - Started process (PID=528) to work on /home/airflow/.local/lib/python3.12/site-packages/airflow/example_dags/example_branch_labels.py
[2026-08-12T04:36:38.058+0000] {processor.py:914} INFO - Processing file /home/airflow/.local/lib/python3.12/site-packages/airflow/example_dags/example_branch_labels.py for tasks to queue
[2026-08-12T04:36:38.064+0000] {logging_mixin.py:190} INFO - [2026-08-12T04:36:38.063+0000] {dagbag.py:587} INFO - Filling up the DagBag from /home/airflow/.local/lib/python3.12/site-packages/airflow/example_dags/example_branch_labels.py
[2026-08-12T04:36:38.094+0000] {processor.py:925} INFO - DAG(s) 'example_branch_labels' retrieved from /home/airflow/.local/lib/python3.12/site-packages/airflow/example_dags/example_branch_labels.py
[2026-08-12T04:36:38.141+0000] {logging_mixin.py:190} INFO - [2026-08-12T04:36:38.140+0000] {dag.py:3211} INFO - Sync 1 DAGs
[2026-08-12T04:36:38.178+0000] {logging_mixin.py:190} INFO - [2026-08-12T04:36:38.177+0000] {dag.py:4138} INFO - Setting next_dagrun for example_branch_labels to 2026-08-11 00:00:00+00:00, run_after=2026-08-12 00:00:00+00:00
[2026-08-12T04:36:38.207+0000] {processor.py:208} INFO - Processing /home/airflow/.local/lib/python3.12/site-packages/airflow/example_dags/example_branch_labels.py took 0.168 seconds
[2026-08-12T04:37:08.483+0000] {processor.py:186} INFO - Started process (PID=590) to work on /home/airflow/.local/lib/python3.12/site-packages/airflow/example_dags/example_branch_labels.py
[2026-08-12T04:37:08.485+0000] {processor.py:914} INFO - Processing file /home/airflow/.local/lib/python3.12/site-packages/airflow/example_dags/example_branch_labels.py for tasks to queue
[2026-08-12T04:37:08.488+0000] {logging_mixin.py:190} INFO - [2026-08-12T04:37:08.487+0000] {dagbag.py:587} INFO - Filling up the DagBag from /home/airflow/.local/lib/python3.12/site-packages/airflow/example_dags/example_branch_labels.py
[2026-08-12T04:37:08.501+0000] {processor.py:925} INFO - DAG(s) 'example_branch_labels' retrieved from /home/airflow/.local/lib/python3.12/site-packages/airflow/example_dags/example_branch_labels.py
[2026-08-12T04:37:08.531+0000] {logging_mixin.py:190} INFO - [2026-08-12T04:37:08.530+0000] {dag.py:3211} INFO - Sync 1 DAGs
[2026-08-12T04:37:08.564+0000] {logging_mixin.py:190} INFO - [2026-08-12T04:37:08.564+0000] {dag.py:4138} INFO - Setting next_dagrun for example_branch_labels to 2026-08-11 00:00:00+00:00, run_after=2026-08-12 00:00:00+00:00
[2026-08-12T04:37:08.588+0000] {processor.py:208} INFO - Processing /home/airflow/.local/lib/python3.12/site-packages/airflow/example_dags/example_branch_labels.py took 0.111 seconds
[2026-08-12T04:37:39.289+0000] {processor.py:186} INFO - Started process (PID=652) to work on /home/airflow/.local/lib/python3.12/site-packages/airflow/example_dags/example_branch_labels.py
[2026-08-12T04:37:39.291+0000] {processor.py:914} INFO - Processing file /home/airflow/.local/lib/python3.12/site-packages/airflow/example_dags/example_branch_labels.py for tasks to queue
[2026-08-12T04:37:39.295+0000] {logging_mixin.py:190} INFO - [2026-08-12T04:37:39.295+0000] {dagbag.py:587} INFO - Filling up the DagBag from /home/airflow/.local/lib/python3.12/site-packages/airflow/example_dags/example_branch_labels.py
[2026-08-12T04:37:39.305+0000] {processor.py:925} INFO - DAG(s) 'example_branch_labels' retrieved from /home/airflow/.local/lib/python3.12/site-packages/airflow/example_dags/example_branch_labels.py
[2026-08-12T04:37:39.331+0000] {logging_mixin.py:190} INFO - [2026-08-12T04:37:39.331+0000] {dag.py:3211} INFO - Sync 1 DAGs
[2026-08-12T04:37:39.356+0000] {logging_mixin.py:190} INFO - [2026-08-12T04:37:39.355+0000] {dag.py:4138} INFO - Setting next_dagrun for example_branch_labels to 2026-08-11 00:00:00+00:00, run_after=2026-08-12 00:00:00+00:00
[2026-08-12T04:37:39.377+0000] {processor.py:208} INFO - Processing /home/airflow/.local/lib/python3.12/site-packages/airflow/example_dags/example_branch_labels.py took 0.094 seconds
[2026-08-12T04:38:09.521+0000] {processor.py:186} INFO - Started process (PID=714) to work on /home/airflow/.local/lib/python3.12/site-packages/airflow/example_dags/example_branch_labels.py
[2026-08-12T04:38:09.523+0000] {processor.py:914} INFO - Processing file /home/airflow/.local/lib/python3.12/site-packages/airflow/example_dags/example_branch_labels.py for tasks to queue
[2026-08-12T04:38:09.527+0000] {logging_mixin.py:190} INFO - [2026-08-12T04:38:09.526+0000] {dagbag.py:587} INFO - Filling up the DagBag from /home/airflow/.local/lib/python3.12/site-packages/airflow/example_dags/example_branch_labels.py
[2026-08-12T04:38:09.537+0000] {processor.py:925} INFO - DAG(s) 'example_branch_labels' retrieved from /home/airflow/.local/lib/python3.12/site-packages/airflow/example_dags/example_branch_labels.py
[2026-08-12T04:38:09.559+0000] {logging_mixin.py:190} INFO - [2026-08-12T04:38:09.559+0000] {dag.py:3211} INFO - Sync 1 DAGs
[2026-08-12T04:38:09.586+0000] {logging_mixin.py:190} INFO - [2026-08-12T04:38:09.586+0000] {dag.py:4138} INFO - Setting next_dagrun for example_branch_labels to 2026-08-11 00:00:00+00:00, run_after=2026-08-12 00:00:00+00:00
[2026-08-12T04:38:09.608+0000] {processor.py:208} INFO - Processing /home/airflow/.local/lib/python3.12/site-packages/airflow/example_dags/example_branch_labels.py took 0.095 seconds
[2026-08-12T04:38:39.861+0000] {processor.py:186} INFO - Started process (PID=776) to work on /home/airflow/.local/lib/python3.12/site-packages/airflow/example_dags/example_branch_labels.py
[2026-08-12T04:38:39.862+0000] {processor.py:914} INFO - Processing file /home/airflow/.local/lib/python3.12/site-packages/airflow/example_dags/example_branch_labels.py for tasks to queue
[2026-08-12T04:38:39.865+0000] {logging_mixin.py:190} INFO - [2026-08-12T04:38:39.865+0000] {dagbag.py:587} INFO - Filling up the DagBag from /home/airflow/.local/lib/python3.12/site-packages/airflow/example_dags/example_branch_labels.py
[2026-08-12T04:38:39.874+0000] {processor.py:925} INFO - DAG(s) 'example_branch_labels' retrieved from /home/airflow/.local/lib/python3.12/site-packages/airflow/example_dags/example_branch_labels.py
[2026-08-12T04:38:39.896+0000] {logging_mixin.py:190} INFO - [2026-08-12T04:38:39.895+0000] {dag.py:3211} INFO - Sync 1 DAGs
[2026-08-12T04:38:39.924+0000] {logging_mixin.py:190} INFO - [2026-08-12T04:38:39.923+0000] {dag.py:4138} INFO - Setting next_dagrun for example_branch_labels to 2026-08-11 00:00:00+00:00, run_after=2026-08-12 00:00:00+00:00
[2026-08-12T04:38:39.944+0000] {processor.py:208} INFO - Processing /home/airflow/.local/lib/python3.12/site-packages/airflow/example_dags/example_branch_labels.py took 0.088 seconds
[2026-08-12T04:39:10.558+0000] {processor.py:186} INFO - Started process (PID=838) to work on /home/airflow/.local/lib/python3.12/site-packages/airflow/example_dags/example_branch_labels.py
[2026-08-12T04:39:10.560+0000] {processor.py:914} INFO - Processing file /home/airflow/.local/lib/python3.12/site-packages/airflow/example_dags/example_branch_labels.py for tasks to queue
[2026-08-12T04:39:10.564+0000] {logging_mixin.py:190} INFO - [2026-08-12T04:39:10.564+0000] {dagbag.py:587} INFO - Filling up the DagBag from /home/airflow/.local/lib/python3.12/site-packages/airflow/example_dags/example_branch_labels.py
[2026-08-12T04:39:10.578+0000] {processor.py:925} INFO - DAG(s) 'example_branch_labels' retrieved from /home/airflow/.local/lib/python3.12/site-packages/airflow/example_dags/example_branch_labels.py
[2026-08-12T04:39:10.602+0000] {logging_mixin.py:190} INFO - [2026-08-12T04:39:10.601+0000] {dag.py:3211} INFO - Sync 1 DAGs
[2026-08-12T04:39:10.634+0000] {logging_mixin.py:190} INFO - [2026-08-12T04:39:10.634+0000] {dag.py:4138} INFO - Setting next_dagrun for example_branch_labels to 2026-08-11 00:00:00+00:00, run_after=2026-08-12 00:00:00+00:00
[2026-08-12T04:39:10.658+0000] {processor.py:208} INFO - Processing /home/airflow/.local/lib/python3.12/site-packages/airflow/example_dags/example_branch_labels.py took 0.108 seconds
[2026-08-12T04:39:41.381+0000] {processor.py:186} INFO - Started process (PID=900) to work on /home/airflow/.local/lib/python3.12/site-packages/airflow/example_dags/example_branch_labels.py
[2026-08-12T04:39:41.383+0000] {processor.py:914} INFO - Processing file /home/airflow/.local/lib/python3.12/site-packages/airflow/example_dags/example_branch_labels.py for tasks to queue
[2026-08-12T04:39:41.386+0000] {logging_mixin.py:190} INFO - [2026-08-12T04:39:41.386+0000] {dagbag.py:587} INFO - Filling up the DagBag from /home/airflow/.local/lib/python3.12/site-packages/airflow/example_dags/example_branch_labels.py
[2026-08-12T04:39:41.400+0000] {processor.py:925} INFO - DAG(s) 'example_branch_labels' retrieved from /home/airflow/.local/lib/python3.12/site-packages/airflow/example_dags/example_branch_labels.py
[2026-08-12T04:39:41.426+0000] {logging_mixin.py:190} INFO - [2026-08-12T04:39:41.426+0000] {dag.py:3211} INFO - Sync 1 DAGs
[2026-08-12T04:39:41.457+0000] {logging_mixin.py:190} INFO - [2026-08-12T04:39:41.456+0000] {dag.py:4138} INFO - Setting next_dagrun for example_branch_labels to 2026-08-11 00:00:00+00:00, run_after=2026-08-12 00:00:00+00:00
[2026-08-12T04:39:41.479+0000] {processor.py:208} INFO - Processing /home/airflow/.local/lib/python3.12/site-packages/airflow/example_dags/example_branch_labels.py took 0.104 seconds
[2026-08-12T04:40:11.806+0000] {processor.py:186} INFO - Started process (PID=962) to work on /home/airflow/.local/lib/python3.12/site-packages/airflow/example_dags/example_branch_labels.py
[2026-08-12T04:40:11.808+0000] {processor.py:914} INFO - Processing file /home/airflow/.local/lib/python3.12/site-packages/airflow/example_dags/example_branch_labels.py for tasks to queue
[2026-08-12T04:40:11.811+0000] {logging_mixin.py:190} INFO - [2026-08-12T04:40:11.811+0000] {dagbag.py:587} INFO - Filling up the DagBag from /home/airflow/.local/lib/python3.12/site-packages/airflow/example_dags/example_branch_labels.py
[2026-08-12T04:40:11.822+0000] {processor.py:925} INFO - DAG(s) 'example_branch_labels' retrieved from /home/airflow/.local/lib/python3.12/site-packages/airflow/example_dags/example_branch_labels.py
[2026-08-12T04:40:11.846+0000] {logging_mixin.py:190} INFO - [2026-08-12T04:40:11.846+0000] {dag.py:3211} INFO - Sync 1 DAGs
[2026-08-12T04:40:11.874+0000] {logging_mixin.py:190} INFO - [2026-08-12T04:40:11.874+0000] {dag.py:4138} INFO - Setting next_dagrun for example_branch_labels to 2026-08-11 00:00:00+00:00, run_after=2026-08-12 00:00:00+00:00
[2026-08-12T04:40:11.895+0000] {processor.py:208} INFO - Processing /home/airflow/.local/lib/python3.12/site-packages/airflow/example_dags/example_branch_labels.py took 0.095 seconds
[2026-08-12T04:40:42.329+0000] {processor.py:186} INFO - Started process (PID=1024) to work on /home/airflow/.local/lib/python3.12/site-packages/airflow/example_dags/example_branch_labels.py
[2026-08-12T04:40:42.331+0000] {processor.py:914} INFO - Processing file /home/airflow/.local/lib/python3.12/site-packages/airflow/example_dags/example_branch_labels.py for tasks to queue
[2026-08-12T04:40:42.335+0000] {logging_mixin.py:190} INFO - [2026-08-12T04:40:42.335+0000] {dagbag.py:587} INFO - Filling up the DagBag from /home/airflow/.local/lib/python3.12/site-packages/airflow/example_dags/example_branch_labels.py
[2026-08-12T04:40:42.352+0000] {processor.py:925} INFO - DAG(s) 'example_branch_labels' retrieved from /home/airflow/.local/lib/python3.12/site-packages/airflow/example_dags/example_branch_labels.py
[2026-08-12T04:40:42.379+0000] {logging_mixin.py:190} INFO - [2026-08-12T04:40:42.379+0000] {dag.py:3211} INFO - Sync 1 DAGs
[2026-08-12T04:40:42.413+0000] {logging_mixin.py:190} INFO - [2026-08-12T04:40:42.413+0000] {dag.py:4138} INFO - Setting next_dagrun for example_branch_labels to 2026-08-11 00:00:00+00:00, run_after=2026-08-12 00:00:00+00:00
[2026-08-12T04:40:42.435+0000] {processor.py:208} INFO - Processing /home/airflow/.local/lib/python3.12/site-packages/airflow/example_dags/example_branch_labels.py took 0.113 seconds
[2026-08-12T04:41:12.670+0000] {processor.py:186} INFO - Started process (PID=1086) to work on /home/airflow/.local/lib/python3.12/site-packages/airflow/example_dags/example_branch_labels.py
[2026-08-12T04:41:12.671+0000] {processor.py:914} INFO - Processing file /home/airflow/.local/lib/python3.12/site-packages/airflow/example_dags/example_branch_labels.py for tasks to queue
[2026-08-12T04:41:12.675+0000] {logging_mixin.py:190} INFO - [2026-08-12T04:41:12.675+0000] {dagbag.py:587} INFO - Filling up the DagBag from /home/airflow/.local/lib/python3.12/site-packages/airflow/example_dags/example_branch_labels.py
[2026-08-12T04:41:12.687+0000] {processor.py:925} INFO - DAG(s) 'example_branch_labels' retrieved from /home/airflow/.local/lib/python3.12/site-packages/airflow/example_dags/example_branch_labels.py
[2026-08-12T04:41:12.709+0000] {logging_mixin.py:190} INFO - [2026-08-12T04:41:12.708+0000] {dag.py:3211} INFO - Sync 1 DAGs
[2026-08-12T04:41:12.736+0000] {logging_mixin.py:190} INFO - [2026-08-12T04:41:12.735+0000] {dag.py:4138} INFO - Setting next_dagrun for example_branch_labels to 2026-08-11 00:00:00+00:00, run_after=2026-08-12 00:00:00+00:00
[2026-08-12T04:41:12.764+0000] {processor.py:208} INFO - Processing /home/airflow/.local/lib/python3.12/site-packages/airflow/example_dags/example_branch_labels.py took 0.102 seconds
[2026-08-12T04:41:43.543+0000] {processor.py:186} INFO - Started process (PID=1148) to work on /home/airflow/.local/lib/python3.12/site-packages/airflow/example_dags/example_branch_labels.py
[2026-08-12T04:41:43.545+0000] {processor.py:914} INFO - Processing file /home/airflow/.local/lib/python3.12/site-packages/airflow/example_dags/example_branch_labels.py for tasks to queue
[2026-08-12T04:41:43.549+0000] {logging_mixin.py:190} INFO - [2026-08-12T04:41:43.548+0000] {dagbag.py:587} INFO - Filling up the DagBag from /home/airflow/.local/lib/python3.12/site-packages/airflow/example_dags/example_branch_labels.py
[2026-08-12T04:41:43.561+0000] {processor.py:925} INFO - DAG(s) 'example_branch_labels' retrieved from /home/airflow/.local/lib/python3.12/site-packages/airflow/example_dags/example_branch_labels.py
[2026-08-12T04:41:43.597+0000] {logging_mixin.py:190} INFO - [2026-08-12T04:41:43.597+0000] {dag.py:3211} INFO - Sync 1 DAGs
[2026-08-12T04:41:43.624+0000] {logging_mixin.py:190} INFO - [2026-08-12T04:41:43.624+0000] {dag.py:4138} INFO - Setting next_dagrun for example_branch_labels to 2026-08-11 00:00:00+00:00, run_after=2026-08-12 00:00:00+00:00
[2026-08-12T04:41:43.645+0000] {processor.py:208} INFO - Processing /home/airflow/.local/lib/python3.12/site-packages/airflow/example_dags/example_branch_labels.py took 0.108 seconds
[2026-08-12T04:42:13.824+0000] {processor.py:186} INFO - Started process (PID=1210) to work on /home/airflow/.local/lib/python3.12/site-packages/airflow/example_dags/example_branch_labels.py
[2026-08-12T04:42:13.827+0000] {processor.py:914} INFO - Processing file /home/airflow/.local/lib/python3.12/site-packages/airflow/example_dags/example_branch_labels.py for tasks to queue
[2026-08-12T04:42:13.832+0000] {logging_mixin.py:190} INFO - [2026-08-12T04:42:13.831+0000] {dagbag.py:587} INFO - Filling up the DagBag from /home/airflow/.local/lib/python3.12/site-packages/airflow/example_dags/example_branch_labels.py
[2026-08-12T04:42:13.844+0000] {processor.py:925} INFO - DAG(s) 'example_branch_labels' retrieved from /home/airflow/.local/lib/python3.12/site-packages/airflow/example_dags/example_branch_labels.py
[2026-08-12T04:42:13.871+0000] {logging_mixin.py:190} INFO - [2026-08-12T04:42:13.870+0000] {dag.py:3211} INFO - Sync 1 DAGs
[2026-08-12T04:42:13.901+0000] {logging_mixin.py:190} INFO - [2026-08-12T04:42:13.901+0000] {dag.py:4138} INFO - Setting next_dagrun for example_branch_labels to 2026-08-11 00:00:00+00:00, run_after=2026-08-12 00:00:00+00:00
[2026-08-12T04:42:13.924+0000] {processor.py:208} INFO - Processing /home/airflow/.local/lib/python3.12/site-packages/airflow/example_dags/example_branch_labels.py took 0.106 seconds
[2026-08-12T04:42:44.314+0000] {processor.py:186} INFO - Started process (PID=1272) to work on /home/airflow/.local/lib/python3.12/site-packages/airflow/example_dags/example_branch_labels.py
[2026-08-12T04:42:44.316+0000] {processor.py:914} INFO - Processing file /home/airflow/.local/lib/python3.12/site-packages/airflow/example_dags/example_branch_labels.py for tasks to queue
[2026-08-12T04:42:44.319+0000] {logging_mixin.py:190} INFO - [2026-08-12T04:42:44.318+0000] {dagbag.py:587} INFO - Filling up the DagBag from /home/airflow/.local/lib/python3.12/site-packages/airflow/example_dags/example_branch_labels.py
[2026-08-12T04:42:44.328+0000] {processor.py:925} INFO - DAG(s) 'example_branch_labels' retrieved from /home/airflow/.local/lib/python3.12/site-packages/airflow/example_dags/example_branch_labels.py
[2026-08-12T04:42:44.354+0000] {logging_mixin.py:190} INFO - [2026-08-12T04:42:44.353+0000] {dag.py:3211} INFO - Sync 1 DAGs
[2026-08-12T04:42:44.385+0000] {logging_mixin.py:190} INFO - [2026-08-12T04:42:44.385+0000] {dag.py:4138} INFO - Setting next_dagrun for example_branch_labels to 2026-08-11 00:00:00+00:00, run_after=2026-08-12 00:00:00+00:00
[2026-08-12T04:42:44.408+0000] {processor.py:208} INFO - Processing /home/airflow/.local/lib/python3.12/site-packages/airflow/example_dags/example_branch_labels.py took 0.099 seconds
[2026-08-12T04:43:14.667+0000] {processor.py:186} INFO - Started process (PID=1334) to work on /home/airflow/.local/lib/python3.12/site-packages/airflow/example_dags/example_branch_labels.py
[2026-08-12T04:43:14.669+0000] {processor.py:914} INFO - Processing file /home/airflow/.local/lib/python3.12/site-packages/airflow/example_dags/example_branch_labels.py for tasks to queue
[2026-08-12T04:43:14.671+0000] {logging_mixin.py:190} INFO - [2026-08-12T04:43:14.671+0000] {dagbag.py:587} INFO - Filling up the DagBag from /home/airflow/.local/lib/python3.12/site-packages/airflow/example_dags/example_branch_labels.py
[2026-08-12T04:43:14.680+0000] {processor.py:925} INFO - DAG(s) 'example_branch_labels' retrieved from /home/airflow/.local/lib/python3.12/site-packages/airflow/example_dags/example_branch_labels.py
[2026-08-12T04:43:14.700+0000] {logging_mixin.py:190} INFO - [2026-08-12T04:43:14.700+0000] {dag.py:3211} INFO - Sync 1 DAGs
[2026-08-12T04:43:14.721+0000] {logging_mixin.py:190} INFO - [2026-08-12T04:43:14.721+0000] {dag.py:4138} INFO - Setting next_dagrun for example_branch_labels to 2026-08-11 00:00:00+00:00, run_after=2026-08-12 00:00:00+00:00
[2026-08-12T04:43:14.739+0000] {processor.py:208} INFO - Processing /home/airflow/.local/lib/python3.12/site-packages/airflow/example_dags/example_branch_labels.py took 0.077 seconds
[2026-08-12T04:43:45.058+0000] {processor.py:186} INFO - Started process (PID=1396) to work on /home/airflow/.local/lib/python3.12/site-packages/airflow/example_dags/example_branch_labels.py
[2026-08-12T04:43:45.060+0000] {processor.py:914} INFO - Processing file /home/airflow/.local/lib/python3.12/site-packages/airflow/example_dags/example_branch_labels.py for tasks to queue
[2026-08-12T04:43:45.063+0000] {logging_mixin.py:190} INFO - [2026-08-12T04:43:45.063+0000] {dagbag.py:587} INFO - Filling up the DagBag from /home/airflow/.local/lib/python3.12/site-packages/airflow/example_dags/example_branch_labels.py
[2026-08-12T04:43:45.073+0000] {processor.py:925} INFO - DAG(s) 'example_branch_labels' retrieved from /home/airflow/.local/lib/python3.12/site-packages/airflow/example_dags/example_branch_labels.py
[2026-08-12T04:43:45.097+0000] {logging_mixin.py:190} INFO - [2026-08-12T04:43:45.097+0000] {dag.py:3211} INFO - Sync 1 DAGs
[2026-08-12T04:43:45.122+0000] {logging_mixin.py:190} INFO - [2026-08-12T04:43:45.122+0000] {dag.py:4138} INFO - Setting next_dagrun for example_branch_labels to 2026-08-11 00:00:00+00:00, run_after=2026-08-12 00:00:00+00:00
[2026-08-12T04:43:45.146+0000] {processor.py:208} INFO - Processing /home/airflow/.local/lib/python3.12/site-packages/airflow/example_dags/example_branch_labels.py took 0.095 seconds
[2026-08-12T04:44:15.748+0000] {processor.py:186} INFO - Started process (PID=1458) to work on /home/airflow/.local/lib/python3.12/site-packages/airflow/example_dags/example_branch_labels.py
[2026-08-12T04:44:15.750+0000] {processor.py:914} INFO - Processing file /home/airflow/.local/lib/python3.12/site-packages/airflow/example_dags/example_branch_labels.py for tasks to queue
[2026-08-12T04:44:15.753+0000] {logging_mixin.py:190} INFO - [2026-08-12T04:44:15.752+0000] {dagbag.py:587} INFO - Filling up the DagBag from /home/airflow/.local/lib/python3.12/site-packages/airflow/example_dags/example_branch_labels.py
[2026-08-12T04:44:15.766+0000] {processor.py:925} INFO - DAG(s) 'example_branch_labels' retrieved from /home/airflow/.local/lib/python3.12/site-packages/airflow/example_dags/example_branch_labels.py
[2026-08-12T04:44:15.794+0000] {logging_mixin.py:190} INFO - [2026-08-12T04:44:15.794+0000] {dag.py:3211} INFO - Sync 1 DAGs
[2026-08-12T04:44:15.822+0000] {logging_mixin.py:190} INFO - [2026-08-12T04:44:15.821+0000] {dag.py:4138} INFO - Setting next_dagrun for example_branch_labels to 2026-08-11 00:00:00+00:00, run_after=2026-08-12 00:00:00+00:00
[2026-08-12T04:44:15.843+0000] {processor.py:208} INFO - Processing /home/airflow/.local/lib/python3.12/site-packages/airflow/example_dags/example_branch_labels.py took 0.101 seconds
[2026-08-12T04:44:46.121+0000] {processor.py:186} INFO - Started process (PID=1521) to work on /home/airflow/.local/lib/python3.12/site-packages/airflow/example_dags/example_branch_labels.py
[2026-08-12T04:44:46.123+0000] {processor.py:914} INFO - Processing file /home/airflow/.local/lib/python3.12/site-packages/airflow/example_dags/example_branch_labels.py for tasks to queue
[2026-08-12T04:44:46.127+0000] {logging_mixin.py:190} INFO - [2026-08-12T04:44:46.126+0000] {dagbag.py:587} INFO - Filling up the DagBag from /home/airflow/.local/lib/python3.12/site-packages/airflow/example_dags/example_branch_labels.py
[2026-08-12T04:44:46.138+0000] {processor.py:925} INFO - DAG(s) 'example_branch_labels' retrieved from /home/airflow/.local/lib/python3.12/site-packages/airflow/example_dags/example_branch_labels.py
[2026-08-12T04:44:46.160+0000] {logging_mixin.py:190} INFO - [2026-08-12T04:44:46.160+0000] {dag.py:3211} INFO - Sync 1 DAGs
[2026-08-12T04:44:46.187+0000] {logging_mixin.py:190} INFO - [2026-08-12T04:44:46.187+0000] {dag.py:4138} INFO - Setting next_dagrun for example_branch_labels to 2026-08-11 00:00:00+00:00, run_after=2026-08-12 00:00:00+00:00
[2026-08-12T04:44:46.210+0000] {processor.py:208} INFO - Processing /home/airflow/.local/lib/python3.12/site-packages/airflow/example_dags/example_branch_labels.py took 0.095 seconds
[2026-08-12T04:45:16.588+0000] {processor.py:186} INFO - Started process (PID=1583) to work on /home/airflow/.local/lib/python3.12/site-packages/airflow/example_dags/example_branch_labels.py
[2026-08-12T04:45:16.590+0000] {processor.py:914} INFO - Processing file /home/airflow/.local/lib/python3.12/site-packages/airflow/example_dags/example_branch_labels.py for tasks to queue
[2026-08-12T04:45:16.594+0000] {logging_mixin.py:190} INFO - [2026-08-12T04:45:16.593+0000] {dagbag.py:587} INFO - Filling up the DagBag from /home/airflow/.local/lib/python3.12/site-packages/airflow/example_dags/example_branch_labels.py
[2026-08-12T04:45:16.608+0000] {processor.py:925} INFO - DAG(s) 'example_branch_labels' retrieved from /home/airflow/.local/lib/python3.12/site-packages/airflow/example_dags/example_branch_labels.py
[2026-08-12T04:45:16.631+0000] {logging_mixin.py:190} INFO - [2026-08-12T04:45:16.631+0000] {dag.py:3211} INFO - Sync 1 DAGs
[2026-08-12T04:45:16.655+0000] {logging_mixin.py:190} INFO - [2026-08-12T04:45:16.655+0000] {dag.py:4138} INFO - Setting next_dagrun for example_branch_labels to 2026-08-11 00:00:00+00:00, run_after=2026-08-12 00:00:00+00:00
[2026-08-12T04:45:16.676+0000] {processor.py:208} INFO - Processing /home/airflow/.local/lib/python3.12/site-packages/airflow/example_dags/example_branch_labels.py took 0.094 seconds
[2026-08-12T04:45:47.272+0000] {processor.py:186} INFO - Started process (PID=1645) to work on /home/airflow/.local/lib/python3.12/site-packages/airflow/example_dags/example_branch_labels.py
[2026-08-12T04:45:47.274+0000] {processor.py:914} INFO - Processing file /home/airflow/.local/lib/python3.12/site-packages/airflow/example_dags/example_branch_labels.py for tasks to queue
[2026-08-12T04:45:47.278+0000] {logging_mixin.py:190} INFO - [2026-08-12T04:45:47.277+0000] {dagbag.py:587} INFO - Filling up the DagBag from /home/airflow/.local/lib/python3.12/site-packages/airflow/example_dags/example_branch_labels.py
[2026-08-12T04:45:47.289+0000] {processor.py:925} INFO - DAG(s) 'example_branch_labels' retrieved from /home/airflow/.local/lib/python3.12/site-packages/airflow/example_dags/example_branch_labels.py
[2026-08-12T04:45:47.310+0000] {logging_mixin.py:190} INFO - [2026-08-12T04:45:47.310+0000] {dag.py:3211} INFO - Sync 1 DAGs
[2026-08-12T04:45:47.339+0000] {logging_mixin.py:190} INFO - [2026-08-12T04:45:47.339+0000] {dag.py:4138} INFO - Setting next_dagrun for example_branch_labels to 2026-08-11 00:00:00+00:00, run_after=2026-08-12 00:00:00+00:00
[2026-08-12T04:45:47.369+0000] {processor.py:208} INFO - Processing /home/airflow/.local/lib/python3.12/site-packages/airflow/example_dags/example_branch_labels.py took 0.103 seconds
[2026-08-12T04:46:17.842+0000] {processor.py:186} INFO - Started process (PID=1707) to work on /home/airflow/.local/lib/python3.12/site-packages/airflow/example_dags/example_branch_labels.py
[2026-08-12T04:46:17.844+0000] {processor.py:914} INFO - Processing file /home/airflow/.local/lib/python3.12/site-packages/airflow/example_dags/example_branch_labels.py for tasks to queue
[2026-08-12T04:46:17.849+0000] {logging_mixin.py:190} INFO - [2026-08-12T04:46:17.848+0000] {dagbag.py:587} INFO - Filling up the DagBag from /home/airflow/.local/lib/python3.12/site-packages/airflow/example_dags/example_branch_labels.py
[2026-08-12T04:46:17.870+0000] {processor.py:925} INFO - DAG(s) 'example_branch_labels' retrieved from /home/airflow/.local/lib/python3.12/site-packages/airflow/example_dags/example_branch_labels.py
[2026-08-12T04:46:17.958+0000] {logging_mixin.py:190} INFO - [2026-08-12T04:46:17.957+0000] {dag.py:3211} INFO - Sync 1 DAGs
[2026-08-12T04:46:18.001+0000] {logging_mixin.py:190} INFO - [2026-08-12T04:46:18.000+0000] {dag.py:4138} INFO - Setting next_dagrun for example_branch_labels to 2026-08-11 00:00:00+00:00, run_after=2026-08-12 00:00:00+00:00
[2026-08-12T04:46:18.027+0000] {processor.py:208} INFO - Processing /home/airflow/.local/lib/python3.12/site-packages/airflow/example_dags/example_branch_labels.py took 0.191 seconds
[2026-08-12T04:46:48.417+0000] {processor.py:186} INFO - Started process (PID=1769) to work on /home/airflow/.local/lib/python3.12/site-packages/airflow/example_dags/example_branch_labels.py
[2026-08-12T04:46:48.419+0000] {processor.py:914} INFO - Processing file /home/airflow/.local/lib/python3.12/site-packages/airflow/example_dags/example_branch_labels.py for tasks to queue
[2026-08-12T04:46:48.423+0000] {logging_mixin.py:190} INFO - [2026-08-12T04:46:48.423+0000] {dagbag.py:587} INFO - Filling up the DagBag from /home/airflow/.local/lib/python3.12/site-packages/airflow/example_dags/example_branch_labels.py
[2026-08-12T04:46:48.436+0000] {processor.py:925} INFO - DAG(s) 'example_branch_labels' retrieved from /home/airflow/.local/lib/python3.12/site-packages/airflow/example_dags/example_branch_labels.py
[2026-08-12T04:46:48.459+0000] {logging_mixin.py:190} INFO - [2026-08-12T04:46:48.458+0000] {dag.py:3211} INFO - Sync 1 DAGs
[2026-08-12T04:46:48.484+0000] {logging_mixin.py:190} INFO - [2026-08-12T04:46:48.484+0000] {dag.py:4138} INFO - Setting next_dagrun for example_branch_labels to 2026-08-11 00:00:00+00:00, run_after=2026-08-12 00:00:00+00:00
[2026-08-12T04:46:48.505+0000] {processor.py:208} INFO - Processing /home/airflow/.local/lib/python3.12/site-packages/airflow/example_dags/example_branch_labels.py took 0.095 seconds
[2026-08-12T04:47:19.004+0000] {processor.py:186} INFO - Started process (PID=1831) to work on /home/airflow/.local/lib/python3.12/site-packages/airflow/example_dags/example_branch_labels.py
[2026-08-12T04:47:19.006+0000] {processor.py:914} INFO - Processing file /home/airflow/.local/lib/python3.12/site-packages/airflow/example_dags/example_branch_labels.py for tasks to queue
[2026-08-12T04:47:19.010+0000] {logging_mixin.py:190} INFO - [2026-08-12T04:47:19.010+0000] {dagbag.py:587} INFO - Filling up the DagBag from /home/airflow/.local/lib/python3.12/site-packages/airflow/example_dags/example_branch_labels.py
[2026-08-12T04:47:19.020+0000] {processor.py:925} INFO - DAG(s) 'example_branch_labels' retrieved from /home/airflow/.local/lib/python3.12/site-packages/airflow/example_dags/example_branch_labels.py
[2026-08-12T04:47:19.040+0000] {logging_mixin.py:190} INFO - [2026-08-12T04:47:19.040+0000] {dag.py:3211} INFO - Sync 1 DAGs
[2026-08-12T04:47:19.062+0000] {logging_mixin.py:190} INFO - [2026-08-12T04:47:19.062+0000] {dag.py:4138} INFO - Setting next_dagrun for example_branch_labels to 2026-08-11 00:00:00+00:00, run_after=2026-08-12 00:00:00+00:00
[2026-08-12T04:47:19.081+0000] {processor.py:208} INFO - Processing /home/airflow/.local/lib/python3.12/site-packages/airflow/example_dags/example_branch_labels.py took 0.084 seconds
[2026-08-12T04:47:49.934+0000] {processor.py:186} INFO - Started process (PID=1893) to work on /home/airflow/.local/lib/python3.12/site-packages/airflow/example_dags/example_branch_labels.py
[2026-08-12T04:47:49.936+0000] {processor.py:914} INFO - Processing file /home/airflow/.local/lib/python3.12/site-packages/airflow/example_dags/example_branch_labels.py for tasks to queue
[2026-08-12T04:47:49.939+0000] {logging_mixin.py:190} INFO - [2026-08-12T04:47:49.938+0000] {dagbag.py:587} INFO - Filling up the DagBag from /home/airflow/.local/lib/python3.12/site-packages/airflow/example_dags/example_branch_labels.py
[2026-08-12T04:47:49.947+0000] {processor.py:925} INFO - DAG(s) 'example_branch_labels' retrieved from /home/airflow/.local/lib/python3.12/site-packages/airflow/example_dags/example_branch_labels.py
[2026-08-12T04:47:49.967+0000] {logging_mixin.py:190} INFO - [2026-08-12T04:47:49.967+0000] {dag.py:3211} INFO - Sync 1 DAGs
[2026-08-12T04:47:49.987+0000] {logging_mixin.py:190} INFO - [2026-08-12T04:47:49.987+0000] {dag.py:4138} INFO - Setting next_dagrun for example_branch_labels to 2026-08-11 00:00:00+00:00, run_after=2026-08-12 00:00:00+00:00
[2026-08-12T04:47:50.006+0000] {processor.py:208} INFO - Processing /home/airflow/.local/lib/python3.12/site-packages/airflow/example_dags/example_branch_labels.py took 0.077 seconds
[2026-08-12T04:48:20.515+0000] {processor.py:186} INFO - Started process (PID=1956) to work on /home/airflow/.local/lib/python3.12/site-packages/airflow/example_dags/example_branch_labels.py
[2026-08-12T04:48:20.536+0000] {processor.py:914} INFO - Processing file /home/airflow/.local/lib/python3.12/site-packages/airflow/example_dags/example_branch_labels.py for tasks to queue
[2026-08-12T04:48:20.551+0000] {logging_mixin.py:190} INFO - [2026-08-12T04:48:20.551+0000] {dagbag.py:587} INFO - Filling up the DagBag from /home/airflow/.local/lib/python3.12/site-packages/airflow/example_dags/example_branch_labels.py
[2026-08-12T04:48:20.588+0000] {processor.py:925} INFO - DAG(s) 'example_branch_labels' retrieved from /home/airflow/.local/lib/python3.12/site-packages/airflow/example_dags/example_branch_labels.py
[2026-08-12T04:48:20.675+0000] {logging_mixin.py:190} INFO - [2026-08-12T04:48:20.674+0000] {dag.py:3211} INFO - Sync 1 DAGs
[2026-08-12T04:48:20.921+0000] {logging_mixin.py:190} INFO - [2026-08-12T04:48:20.918+0000] {dag.py:4138} INFO - Setting next_dagrun for example_branch_labels to 2026-08-11 00:00:00+00:00, run_after=2026-08-12 00:00:00+00:00
[2026-08-12T04:48:21.004+0000] {processor.py:208} INFO - Processing /home/airflow/.local/lib/python3.12/site-packages/airflow/example_dags/example_branch_labels.py took 0.504 seconds
[2026-08-12T04:48:51.412+0000] {processor.py:186} INFO - Started process (PID=2019) to work on /home/airflow/.local/lib/python3.12/site-packages/airflow/example_dags/example_branch_labels.py
[2026-08-12T04:48:51.414+0000] {processor.py:914} INFO - Processing file /home/airflow/.local/lib/python3.12/site-packages/airflow/example_dags/example_branch_labels.py for tasks to queue
[2026-08-12T04:48:51.418+0000] {logging_mixin.py:190} INFO - [2026-08-12T04:48:51.417+0000] {dagbag.py:587} INFO - Filling up the DagBag from /home/airflow/.local/lib/python3.12/site-packages/airflow/example_dags/example_branch_labels.py
[2026-08-12T04:48:51.429+0000] {processor.py:925} INFO - DAG(s) 'example_branch_labels' retrieved from /home/airflow/.local/lib/python3.12/site-packages/airflow/example_dags/example_branch_labels.py
[2026-08-12T04:48:51.452+0000] {logging_mixin.py:190} INFO - [2026-08-12T04:48:51.451+0000] {dag.py:3211} INFO - Sync 1 DAGs
[2026-08-12T04:48:51.476+0000] {logging_mixin.py:190} INFO - [2026-08-12T04:48:51.476+0000] {dag.py:4138} INFO - Setting next_dagrun for example_branch_labels to 2026-08-11 00:00:00+00:00, run_after=2026-08-12 00:00:00+00:00
[2026-08-12T04:48:51.494+0000] {processor.py:208} INFO - Processing /home/airflow/.local/lib/python3.12/site-packages/airflow/example_dags/example_branch_labels.py took 0.087 seconds
[2026-08-12T04:49:21.921+0000] {processor.py:186} INFO - Started process (PID=2082) to work on /home/airflow/.local/lib/python3.12/site-packages/airflow/example_dags/example_branch_labels.py
[2026-08-12T04:49:21.922+0000] {processor.py:914} INFO - Processing file /home/airflow/.local/lib/python3.12/site-packages/airflow/example_dags/example_branch_labels.py for tasks to queue
[2026-08-12T04:49:21.926+0000] {logging_mixin.py:190} INFO - [2026-08-12T04:49:21.926+0000] {dagbag.py:587} INFO - Filling up the DagBag from /home/airflow/.local/lib/python3.12/site-packages/airflow/example_dags/example_branch_labels.py
[2026-08-12T04:49:21.938+0000] {processor.py:925} INFO - DAG(s) 'example_branch_labels' retrieved from /home/airflow/.local/lib/python3.12/site-packages/airflow/example_dags/example_branch_labels.py
[2026-08-12T04:49:21.963+0000] {logging_mixin.py:190} INFO - [2026-08-12T04:49:21.963+0000] {dag.py:3211} INFO - Sync 1 DAGs
[2026-08-12T04:49:21.994+0000] {logging_mixin.py:190} INFO - [2026-08-12T04:49:21.993+0000] {dag.py:4138} INFO - Setting next_dagrun for example_branch_labels to 2026-08-11 00:00:00+00:00, run_after=2026-08-12 00:00:00+00:00
[2026-08-12T04:49:22.016+0000] {processor.py:208} INFO - Processing /home/airflow/.local/lib/python3.12/site-packages/airflow/example_dags/example_branch_labels.py took 0.103 seconds
[2026-08-12T04:49:52.882+0000] {processor.py:186} INFO - Started process (PID=2146) to work on /home/airflow/.local/lib/python3.12/site-packages/airflow/example_dags/example_branch_labels.py
[2026-08-12T04:49:52.884+0000] {processor.py:914} INFO - Processing file /home/airflow/.local/lib/python3.12/site-packages/airflow/example_dags/example_branch_labels.py for tasks to queue
[2026-08-12T04:49:52.888+0000] {logging_mixin.py:190} INFO - [2026-08-12T04:49:52.887+0000] {dagbag.py:587} INFO - Filling up the DagBag from /home/airflow/.local/lib/python3.12/site-packages/airflow/example_dags/example_branch_labels.py
[2026-08-12T04:49:52.899+0000] {processor.py:925} INFO - DAG(s) 'example_branch_labels' retrieved from /home/airflow/.local/lib/python3.12/site-packages/airflow/example_dags/example_branch_labels.py
[2026-08-12T04:49:52.921+0000] {logging_mixin.py:190} INFO - [2026-08-12T04:49:52.921+0000] {dag.py:3211} INFO - Sync 1 DAGs
[2026-08-12T04:49:52.941+0000] {logging_mixin.py:190} INFO - [2026-08-12T04:49:52.941+0000] {dag.py:4138} INFO - Setting next_dagrun for example_branch_labels to 2026-08-11 00:00:00+00:00, run_after=2026-08-12 00:00:00+00:00
[2026-08-12T04:49:52.959+0000] {processor.py:208} INFO - Processing /home/airflow/.local/lib/python3.12/site-packages/airflow/example_dags/example_branch_labels.py took 0.082 seconds
[2026-08-12T04:50:23.628+0000] {processor.py:186} INFO - Started process (PID=2210) to work on /home/airflow/.local/lib/python3.12/site-packages/airflow/example_dags/example_branch_labels.py
[2026-08-12T04:50:23.630+0000] {processor.py:914} INFO - Processing file /home/airflow/.local/lib/python3.12/site-packages/airflow/example_dags/example_branch_labels.py for tasks to queue
[2026-08-12T04:50:23.633+0000] {logging_mixin.py:190} INFO - [2026-08-12T04:50:23.633+0000] {dagbag.py:587} INFO - Filling up the DagBag from /home/airflow/.local/lib/python3.12/site-packages/airflow/example_dags/example_branch_labels.py
[2026-08-12T04:50:23.644+0000] {processor.py:925} INFO - DAG(s) 'example_branch_labels' retrieved from /home/airflow/.local/lib/python3.12/site-packages/airflow/example_dags/example_branch_labels.py
[2026-08-12T04:50:23.665+0000] {logging_mixin.py:190} INFO - [2026-08-12T04:50:23.664+0000] {dag.py:3211} INFO - Sync 1 DAGs
[2026-08-12T04:50:23.688+0000] {logging_mixin.py:190} INFO - [2026-08-12T04:50:23.688+0000] {dag.py:4138} INFO - Setting next_dagrun for example_branch_labels to 2026-08-11 00:00:00+00:00, run_after=2026-08-12 00:00:00+00:00
[2026-08-12T04:50:23.707+0000] {processor.py:208} INFO - Processing /home/airflow/.local/lib/python3.12/site-packages/airflow/example_dags/example_branch_labels.py took 0.084 seconds
[2026-08-12T04:50:54.411+0000] {processor.py:186} INFO - Started process (PID=2273) to work on /home/airflow/.local/lib/python3.12/site-packages/airflow/example_dags/example_branch_labels.py
[2026-08-12T04:50:54.413+0000] {processor.py:914} INFO - Processing file /home/airflow/.local/lib/python3.12/site-packages/airflow/example_dags/example_branch_labels.py for tasks to queue
[2026-08-12T04:50:54.416+0000] {logging_mixin.py:190} INFO - [2026-08-12T04:50:54.416+0000] {dagbag.py:587} INFO - Filling up the DagBag from /home/airflow/.local/lib/python3.12/site-packages/airflow/example_dags/example_branch_labels.py
[2026-08-12T04:50:54.426+0000] {processor.py:925} INFO - DAG(s) 'example_branch_labels' retrieved from /home/airflow/.local/lib/python3.12/site-packages/airflow/example_dags/example_branch_labels.py
[2026-08-12T04:50:54.450+0000] {logging_mixin.py:190} INFO - [2026-08-12T04:50:54.449+0000] {dag.py:3211} INFO - Sync 1 DAGs
[2026-08-12T04:50:54.475+0000] {logging_mixin.py:190} INFO - [2026-08-12T04:50:54.475+0000] {dag.py:4138} INFO - Setting next_dagrun for example_branch_labels to 2026-08-11 00:00:00+00:00, run_after=2026-08-12 00:00:00+00:00
[2026-08-12T04:50:54.497+0000] {processor.py:208} INFO - Processing /home/airflow/.local/lib/python3.12/site-packages/airflow/example_dags/example_branch_labels.py took 0.092 seconds
[2026-08-12T04:51:25.067+0000] {processor.py:186} INFO - Started process (PID=2336) to work on /home/airflow/.local/lib/python3.12/site-packages/airflow/example_dags/example_branch_labels.py
[2026-08-12T04:51:25.069+0000] {processor.py:914} INFO - Processing file /home/airflow/.local/lib/python3.12/site-packages/airflow/example_dags/example_branch_labels.py for tasks to queue
[2026-08-12T04:51:25.072+0000] {logging_mixin.py:190} INFO - [2026-08-12T04:51:25.072+0000] {dagbag.py:587} INFO - Filling up the DagBag from /home/airflow/.local/lib/python3.12/site-packages/airflow/example_dags/example_branch_labels.py
[2026-08-12T04:51:25.082+0000] {processor.py:925} INFO - DAG(s) 'example_branch_labels' retrieved from /home/airflow/.local/lib/python3.12/site-packages/airflow/example_dags/example_branch_labels.py
[2026-08-12T04:51:25.109+0000] {logging_mixin.py:190} INFO - [2026-08-12T04:51:25.109+0000] {dag.py:3211} INFO - Sync 1 DAGs
[2026-08-12T04:51:25.137+0000] {logging_mixin.py:190} INFO - [2026-08-12T04:51:25.137+0000] {dag.py:4138} INFO - Setting next_dagrun for example_branch_labels to 2026-08-11 00:00:00+00:00, run_after=2026-08-12 00:00:00+00:00
[2026-08-12T04:51:25.159+0000] {processor.py:208} INFO - Processing /home/airflow/.local/lib/python3.12/site-packages/airflow/example_dags/example_branch_labels.py took 0.098 seconds
[2026-08-12T04:51:55.926+0000] {processor.py:186} INFO - Started process (PID=2399) to work on /home/airflow/.local/lib/python3.12/site-packages/airflow/example_dags/example_branch_labels.py
[2026-08-12T04:51:55.927+0000] {processor.py:914} INFO - Processing file /home/airflow/.local/lib/python3.12/site-packages/airflow/example_dags/example_branch_labels.py for tasks to queue
[2026-08-12T04:51:55.930+0000] {logging_mixin.py:190} INFO - [2026-08-12T04:51:55.930+0000] {dagbag.py:587} INFO - Filling up the DagBag from /home/airflow/.local/lib/python3.12/site-packages/airflow/example_dags/example_branch_labels.py
[2026-08-12T04:51:55.940+0000] {processor.py:925} INFO - DAG(s) 'example_branch_labels' retrieved from /home/airflow/.local/lib/python3.12/site-packages/airflow/example_dags/example_branch_labels.py
[2026-08-12T04:51:55.965+0000] {logging_mixin.py:190} INFO - [2026-08-12T04:51:55.964+0000] {dag.py:3211} INFO - Sync 1 DAGs
[2026-08-12T04:51:55.993+0000] {logging_mixin.py:190} INFO - [2026-08-12T04:51:55.993+0000] {dag.py:4138} INFO - Setting next_dagrun for example_branch_labels to 2026-08-11 00:00:00+00:00, run_after=2026-08-12 00:00:00+00:00
[2026-08-12T04:51:56.015+0000] {processor.py:208} INFO - Processing /home/airflow/.local/lib/python3.12/site-packages/airflow/example_dags/example_branch_labels.py took 0.095 seconds
[2026-08-12T04:52:26.100+0000] {processor.py:186} INFO - Started process (PID=2461) to work on /home/airflow/.local/lib/python3.12/site-packages/airflow/example_dags/example_branch_labels.py
[2026-08-12T04:52:26.102+0000] {processor.py:914} INFO - Processing file /home/airflow/.local/lib/python3.12/site-packages/airflow/example_dags/example_branch_labels.py for tasks to queue
[2026-08-12T04:52:26.105+0000] {logging_mixin.py:190} INFO - [2026-08-12T04:52:26.104+0000] {dagbag.py:587} INFO - Filling up the DagBag from /home/airflow/.local/lib/python3.12/site-packages/airflow/example_dags/example_branch_labels.py
[2026-08-12T04:52:26.114+0000] {processor.py:925} INFO - DAG(s) 'example_branch_labels' retrieved from /home/airflow/.local/lib/python3.12/site-packages/airflow/example_dags/example_branch_labels.py
[2026-08-12T04:52:26.136+0000] {logging_mixin.py:190} INFO - [2026-08-12T04:52:26.136+0000] {dag.py:3211} INFO - Sync 1 DAGs
[2026-08-12T04:52:26.159+0000] {logging_mixin.py:190} INFO - [2026-08-12T04:52:26.159+0000] {dag.py:4138} INFO - Setting next_dagrun for example_branch_labels to 2026-08-11 00:00:00+00:00, run_after=2026-08-12 00:00:00+00:00
[2026-08-12T04:52:26.178+0000] {processor.py:208} INFO - Processing /home/airflow/.local/lib/python3.12/site-packages/airflow/example_dags/example_branch_labels.py took 0.083 seconds
[2026-08-12T04:52:57.126+0000] {processor.py:186} INFO - Started process (PID=2525) to work on /home/airflow/.local/lib/python3.12/site-packages/airflow/example_dags/example_branch_labels.py
[2026-08-12T04:52:57.128+0000] {processor.py:914} INFO - Processing file /home/airflow/.local/lib/python3.12/site-packages/airflow/example_dags/example_branch_labels.py for tasks to queue
[2026-08-12T04:52:57.131+0000] {logging_mixin.py:190} INFO - [2026-08-12T04:52:57.131+0000] {dagbag.py:587} INFO - Filling up the DagBag from /home/airflow/.local/lib/python3.12/site-packages/airflow/example_dags/example_branch_labels.py
[2026-08-12T04:52:57.142+0000] {processor.py:925} INFO - DAG(s) 'example_branch_labels' retrieved from /home/airflow/.local/lib/python3.12/site-packages/airflow/example_dags/example_branch_labels.py
[2026-08-12T04:52:57.171+0000] {logging_mixin.py:190} INFO - [2026-08-12T04:52:57.171+0000] {dag.py:3211} INFO - Sync 1 DAGs
[2026-08-12T04:52:57.201+0000] {logging_mixin.py:190} INFO - [2026-08-12T04:52:57.201+0000] {dag.py:4138} INFO - Setting next_dagrun for example_branch_labels to 2026-08-11 00:00:00+00:00, run_after=2026-08-12 00:00:00+00:00
[2026-08-12T04:52:57.228+0000] {processor.py:208} INFO - Processing /home/airflow/.local/lib/python3.12/site-packages/airflow/example_dags/example_branch_labels.py took 0.107 seconds
[2026-08-12T04:53:28.009+0000] {processor.py:186} INFO - Started process (PID=2588) to work on /home/airflow/.local/lib/python3.12/site-packages/airflow/example_dags/example_branch_labels.py
[2026-08-12T04:53:28.011+0000] {processor.py:914} INFO - Processing file /home/airflow/.local/lib/python3.12/site-packages/airflow/example_dags/example_branch_labels.py for tasks to queue
[2026-08-12T04:53:28.014+0000] {logging_mixin.py:190} INFO - [2026-08-12T04:53:28.014+0000] {dagbag.py:587} INFO - Filling up the DagBag from /home/airflow/.local/lib/python3.12/site-packages/airflow/example_dags/example_branch_labels.py
[2026-08-12T04:53:28.024+0000] {processor.py:925} INFO - DAG(s) 'example_branch_labels' retrieved from /home/airflow/.local/lib/python3.12/site-packages/airflow/example_dags/example_branch_labels.py
[2026-08-12T04:53:28.047+0000] {logging_mixin.py:190} INFO - [2026-08-12T04:53:28.047+0000] {dag.py:3211} INFO - Sync 1 DAGs
[2026-08-12T04:53:28.072+0000] {logging_mixin.py:190} INFO - [2026-08-12T04:53:28.072+0000] {dag.py:4138} INFO - Setting next_dagrun for example_branch_labels to 2026-08-11 00:00:00+00:00, run_after=2026-08-12 00:00:00+00:00
[2026-08-12T04:53:28.091+0000] {processor.py:208} INFO - Processing /home/airflow/.local/lib/python3.12/site-packages/airflow/example_dags/example_branch_labels.py took 0.088 seconds
[2026-08-12T04:53:58.949+0000] {processor.py:186} INFO - Started process (PID=2651) to work on /home/airflow/.local/lib/python3.12/site-packages/airflow/example_dags/example_branch_labels.py
[2026-08-12T04:53:58.951+0000] {processor.py:914} INFO - Processing file /home/airflow/.local/lib/python3.12/site-packages/airflow/example_dags/example_branch_labels.py for tasks to queue
[2026-08-12T04:53:58.955+0000] {logging_mixin.py:190} INFO - [2026-08-12T04:53:58.955+0000] {dagbag.py:587} INFO - Filling up the DagBag from /home/airflow/.local/lib/python3.12/site-packages/airflow/example_dags/example_branch_labels.py
[2026-08-12T04:53:58.967+0000] {processor.py:925} INFO - DAG(s) 'example_branch_labels' retrieved from /home/airflow/.local/lib/python3.12/site-packages/airflow/example_dags/example_branch_labels.py
[2026-08-12T04:53:58.992+0000] {logging_mixin.py:190} INFO - [2026-08-12T04:53:58.991+0000] {dag.py:3211} INFO - Sync 1 DAGs
[2026-08-12T04:53:59.020+0000] {logging_mixin.py:190} INFO - [2026-08-12T04:53:59.019+0000] {dag.py:4138} INFO - Setting next_dagrun for example_branch_labels to 2026-08-11 00:00:00+00:00, run_after=2026-08-12 00:00:00+00:00
[2026-08-12T04:53:59.044+0000] {processor.py:208} INFO - Processing /home/airflow/.local/lib/python3.12/site-packages/airflow/example_dags/example_branch_labels.py took 0.103 seconds
[2026-08-12T04:54:29.671+0000] {processor.py:186} INFO - Started process (PID=2714) to work on /home/airflow/.local/lib/python3.12/site-packages/airflow/example_dags/example_branch_labels.py
[2026-08-12T04:54:29.672+0000] {processor.py:914} INFO - Processing file /home/airflow/.local/lib/python3.12/site-packages/airflow/example_dags/example_branch_labels.py for tasks to queue
[2026-08-12T04:54:29.678+0000] {logging_mixin.py:190} INFO - [2026-08-12T04:54:29.677+0000] {dagbag.py:587} INFO - Filling up the DagBag from /home/airflow/.local/lib/python3.12/site-packages/airflow/example_dags/example_branch_labels.py
[2026-08-12T04:54:29.691+0000] {processor.py:925} INFO - DAG(s) 'example_branch_labels' retrieved from /home/airflow/.local/lib/python3.12/site-packages/airflow/example_dags/example_branch_labels.py
[2026-08-12T04:54:29.713+0000] {logging_mixin.py:190} INFO - [2026-08-12T04:54:29.713+0000] {dag.py:3211} INFO - Sync 1 DAGs
[2026-08-12T04:54:29.738+0000] {logging_mixin.py:190} INFO - [2026-08-12T04:54:29.738+0000] {dag.py:4138} INFO - Setting next_dagrun for example_branch_labels to 2026-08-11 00:00:00+00:00, run_after=2026-08-12 00:00:00+00:00
[2026-08-12T04:54:29.759+0000] {processor.py:208} INFO - Processing /home/airflow/.local/lib/python3.12/site-packages/airflow/example_dags/example_branch_labels.py took 0.094 seconds
[2026-08-12T04:55:00.351+0000] {processor.py:186} INFO - Started process (PID=2777) to work on /home/airflow/.local/lib/python3.12/site-packages/airflow/example_dags/example_branch_labels.py
[2026-08-12T04:55:00.353+0000] {processor.py:914} INFO - Processing file /home/airflow/.local/lib/python3.12/site-packages/airflow/example_dags/example_branch_labels.py for tasks to queue
[2026-08-12T04:55:00.357+0000] {logging_mixin.py:190} INFO - [2026-08-12T04:55:00.357+0000] {dagbag.py:587} INFO - Filling up the DagBag from /home/airflow/.local/lib/python3.12/site-packages/airflow/example_dags/example_branch_labels.py
[2026-08-12T04:55:00.368+0000] {processor.py:925} INFO - DAG(s) 'example_branch_labels' retrieved from /home/airflow/.local/lib/python3.12/site-packages/airflow/example_dags/example_branch_labels.py
[2026-08-12T04:55:00.399+0000] {logging_mixin.py:190} INFO - [2026-08-12T04:55:00.398+0000] {dag.py:3211} INFO - Sync 1 DAGs
[2026-08-12T04:55:00.426+0000] {logging_mixin.py:190} INFO - [2026-08-12T04:55:00.425+0000] {dag.py:4138} INFO - Setting next_dagrun for example_branch_labels to 2026-08-11 00:00:00+00:00, run_after=2026-08-12 00:00:00+00:00
[2026-08-12T04:55:00.445+0000] {processor.py:208} INFO - Processing /home/airflow/.local/lib/python3.12/site-packages/airflow/example_dags/example_branch_labels.py took 0.101 seconds
[2026-08-12T04:55:31.090+0000] {processor.py:186} INFO - Started process (PID=2840) to work on /home/airflow/.local/lib/python3.12/site-packages/airflow/example_dags/example_branch_labels.py
[2026-08-12T04:55:31.091+0000] {processor.py:914} INFO - Processing file /home/airflow/.local/lib/python3.12/site-packages/airflow/example_dags/example_branch_labels.py for tasks to queue
[2026-08-12T04:55:31.094+0000] {logging_mixin.py:190} INFO - [2026-08-12T04:55:31.094+0000] {dagbag.py:587} INFO - Filling up the DagBag from /home/airflow/.local/lib/python3.12/site-packages/airflow/example_dags/example_branch_labels.py
[2026-08-12T04:55:31.104+0000] {processor.py:925} INFO - DAG(s) 'example_branch_labels' retrieved from /home/airflow/.local/lib/python3.12/site-packages/airflow/example_dags/example_branch_labels.py
[2026-08-12T04:55:31.129+0000] {logging_mixin.py:190} INFO - [2026-08-12T04:55:31.129+0000] {dag.py:3211} INFO - Sync 1 DAGs
[2026-08-12T04:55:31.152+0000] {logging_mixin.py:190} INFO - [2026-08-12T04:55:31.151+0000] {dag.py:4138} INFO - Setting next_dagrun for example_branch_labels to 2026-08-11 00:00:00+00:00, run_after=2026-08-12 00:00:00+00:00
[2026-08-12T04:55:31.171+0000] {processor.py:208} INFO - Processing /home/airflow/.local/lib/python3.12/site-packages/airflow/example_dags/example_branch_labels.py took 0.088 seconds
[2026-08-12T04:56:01.635+0000] {processor.py:186} INFO - Started process (PID=2903) to work on /home/airflow/.local/lib/python3.12/site-packages/airflow/example_dags/example_branch_labels.py
[2026-08-12T04:56:01.637+0000] {processor.py:914} INFO - Processing file /home/airflow/.local/lib/python3.12/site-packages/airflow/example_dags/example_branch_labels.py for tasks to queue
[2026-08-12T04:56:01.640+0000] {logging_mixin.py:190} INFO - [2026-08-12T04:56:01.640+0000] {dagbag.py:587} INFO - Filling up the DagBag from /home/airflow/.local/lib/python3.12/site-packages/airflow/example_dags/example_branch_labels.py
[2026-08-12T04:56:01.651+0000] {processor.py:925} INFO - DAG(s) 'example_branch_labels' retrieved from /home/airflow/.local/lib/python3.12/site-packages/airflow/example_dags/example_branch_labels.py
[2026-08-12T04:56:01.676+0000] {logging_mixin.py:190} INFO - [2026-08-12T04:56:01.675+0000] {dag.py:3211} INFO - Sync 1 DAGs
[2026-08-12T04:56:01.701+0000] {logging_mixin.py:190} INFO - [2026-08-12T04:56:01.700+0000] {dag.py:4138} INFO - Setting next_dagrun for example_branch_labels to 2026-08-11 00:00:00+00:00, run_after=2026-08-12 00:00:00+00:00
[2026-08-12T04:56:01.721+0000] {processor.py:208} INFO - Processing /home/airflow/.local/lib/python3.12/site-packages/airflow/example_dags/example_branch_labels.py took 0.092 seconds
[2026-08-12T04:56:32.312+0000] {processor.py:186} INFO - Started process (PID=2966) to work on /home/airflow/.local/lib/python3.12/site-packages/airflow/example_dags/example_branch_labels.py
[2026-08-12T04:56:32.313+0000] {processor.py:914} INFO - Processing file /home/airflow/.local/lib/python3.12/site-packages/airflow/example_dags/example_branch_labels.py for tasks to queue
[2026-08-12T04:56:32.316+0000] {logging_mixin.py:190} INFO - [2026-08-12T04:56:32.316+0000] {dagbag.py:587} INFO - Filling up the DagBag from /home/airflow/.local/lib/python3.12/site-packages/airflow/example_dags/example_branch_labels.py
[2026-08-12T04:56:32.325+0000] {processor.py:925} INFO - DAG(s) 'example_branch_labels' retrieved from /home/airflow/.local/lib/python3.12/site-packages/airflow/example_dags/example_branch_labels.py
[2026-08-12T04:56:32.347+0000] {logging_mixin.py:190} INFO - [2026-08-12T04:56:32.346+0000] {dag.py:3211} INFO - Sync 1 DAGs
[2026-08-12T04:56:32.370+0000] {logging_mixin.py:190} INFO - [2026-08-12T04:56:32.370+0000] {dag.py:4138} INFO - Setting next_dagrun for example_branch_labels to 2026-08-11 00:00:00+00:00, run_after=2026-08-12 00:00:00+00:00
[2026-08-12T04:56:32.390+0000] {processor.py:208} INFO - Processing /home/airflow/.local/lib/python3.12/site-packages/airflow/example_dags/example_branch_labels.py took 0.083 seconds
[2026-08-12T04:57:03.290+0000] {processor.py:186} INFO - Started process (PID=3035) to work on /home/airflow/.local/lib/python3.12/site-packages/airflow/example_dags/example_branch_labels.py
[2026-08-12T04:57:03.291+0000] {processor.py:914} INFO - Processing file /home/airflow/.local/lib/python3.12/site-packages/airflow/example_dags/example_branch_labels.py for tasks to queue
[2026-08-12T04:57:03.294+0000] {logging_mixin.py:190} INFO - [2026-08-12T04:57:03.294+0000] {dagbag.py:587} INFO - Filling up the DagBag from /home/airflow/.local/lib/python3.12/site-packages/airflow/example_dags/example_branch_labels.py
[2026-08-12T04:57:03.304+0000] {processor.py:925} INFO - DAG(s) 'example_branch_labels' retrieved from /home/airflow/.local/lib/python3.12/site-packages/airflow/example_dags/example_branch_labels.py
[2026-08-12T04:57:03.327+0000] {logging_mixin.py:190} INFO - [2026-08-12T04:57:03.326+0000] {dag.py:3211} INFO - Sync 1 DAGs
[2026-08-12T04:57:03.354+0000] {logging_mixin.py:190} INFO - [2026-08-12T04:57:03.353+0000] {dag.py:4138} INFO - Setting next_dagrun for example_branch_labels to 2026-08-11 00:00:00+00:00, run_after=2026-08-12 00:00:00+00:00
[2026-08-12T04:57:03.581+0000] {processor.py:208} INFO - Processing /home/airflow/.local/lib/python3.12/site-packages/airflow/example_dags/example_branch_labels.py took 0.297 seconds
[2026-08-12T04:57:34.244+0000] {processor.py:186} INFO - Started process (PID=3098) to work on /home/airflow/.local/lib/python3.12/site-packages/airflow/example_dags/example_branch_labels.py
[2026-08-12T04:57:34.246+0000] {processor.py:914} INFO - Processing file /home/airflow/.local/lib/python3.12/site-packages/airflow/example_dags/example_branch_labels.py for tasks to queue
[2026-08-12T04:57:34.250+0000] {logging_mixin.py:190} INFO - [2026-08-12T04:57:34.249+0000] {dagbag.py:587} INFO - Filling up the DagBag from /home/airflow/.local/lib/python3.12/site-packages/airflow/example_dags/example_branch_labels.py
[2026-08-12T04:57:34.261+0000] {processor.py:925} INFO - DAG(s) 'example_branch_labels' retrieved from /home/airflow/.local/lib/python3.12/site-packages/airflow/example_dags/example_branch_labels.py
[2026-08-12T04:57:34.285+0000] {logging_mixin.py:190} INFO - [2026-08-12T04:57:34.285+0000] {dag.py:3211} INFO - Sync 1 DAGs
[2026-08-12T04:57:34.311+0000] {logging_mixin.py:190} INFO - [2026-08-12T04:57:34.311+0000] {dag.py:4138} INFO - Setting next_dagrun for example_branch_labels to 2026-08-11 00:00:00+00:00, run_after=2026-08-12 00:00:00+00:00
[2026-08-12T04:57:34.333+0000] {processor.py:208} INFO - Processing /home/airflow/.local/lib/python3.12/site-packages/airflow/example_dags/example_branch_labels.py took 0.094 seconds
[2026-08-12T04:58:05.097+0000] {processor.py:186} INFO - Started process (PID=3161) to work on /home/airflow/.local/lib/python3.12/site-packages/airflow/example_dags/example_branch_labels.py
[2026-08-12T04:58:05.100+0000] {processor.py:914} INFO - Processing file /home/airflow/.local/lib/python3.12/site-packages/airflow/example_dags/example_branch_labels.py for tasks to queue
[2026-08-12T04:58:05.103+0000] {logging_mixin.py:190} INFO - [2026-08-12T04:58:05.103+0000] {dagbag.py:587} INFO - Filling up the DagBag from /home/airflow/.local/lib/python3.12/site-packages/airflow/example_dags/example_branch_labels.py
[2026-08-12T04:58:05.115+0000] {processor.py:925} INFO - DAG(s) 'example_branch_labels' retrieved from /home/airflow/.local/lib/python3.12/site-packages/airflow/example_dags/example_branch_labels.py
[2026-08-12T04:58:05.140+0000] {logging_mixin.py:190} INFO - [2026-08-12T04:58:05.140+0000] {dag.py:3211} INFO - Sync 1 DAGs
[2026-08-12T04:58:05.168+0000] {logging_mixin.py:190} INFO - [2026-08-12T04:58:05.168+0000] {dag.py:4138} INFO - Setting next_dagrun for example_branch_labels to 2026-08-11 00:00:00+00:00, run_after=2026-08-12 00:00:00+00:00
[2026-08-12T04:58:05.188+0000] {processor.py:208} INFO - Processing /home/airflow/.local/lib/python3.12/site-packages/airflow/example_dags/example_branch_labels.py took 0.096 seconds
[2026-08-12T04:58:35.285+0000] {processor.py:186} INFO - Started process (PID=3223) to work on /home/airflow/.local/lib/python3.12/site-packages/airflow/example_dags/example_branch_labels.py
[2026-08-12T04:58:35.287+0000] {processor.py:914} INFO - Processing file /home/airflow/.local/lib/python3.12/site-packages/airflow/example_dags/example_branch_labels.py for tasks to queue
[2026-08-12T04:58:35.304+0000] {logging_mixin.py:190} INFO - [2026-08-12T04:58:35.303+0000] {dagbag.py:587} INFO - Filling up the DagBag from /home/airflow/.local/lib/python3.12/site-packages/airflow/example_dags/example_branch_labels.py
[2026-08-12T04:58:35.317+0000] {processor.py:925} INFO - DAG(s) 'example_branch_labels' retrieved from /home/airflow/.local/lib/python3.12/site-packages/airflow/example_dags/example_branch_labels.py
[2026-08-12T04:58:35.345+0000] {logging_mixin.py:190} INFO - [2026-08-12T04:58:35.345+0000] {dag.py:3211} INFO - Sync 1 DAGs
[2026-08-12T04:58:35.368+0000] {logging_mixin.py:190} INFO - [2026-08-12T04:58:35.368+0000] {dag.py:4138} INFO - Setting next_dagrun for example_branch_labels to 2026-08-11 00:00:00+00:00, run_after=2026-08-12 00:00:00+00:00
[2026-08-12T04:58:35.388+0000] {processor.py:208} INFO - Processing /home/airflow/.local/lib/python3.12/site-packages/airflow/example_dags/example_branch_labels.py took 0.110 seconds
[2026-08-12T04:59:05.516+0000] {processor.py:186} INFO - Started process (PID=3286) to work on /home/airflow/.local/lib/python3.12/site-packages/airflow/example_dags/example_branch_labels.py
[2026-08-12T04:59:05.517+0000] {processor.py:914} INFO - Processing file /home/airflow/.local/lib/python3.12/site-packages/airflow/example_dags/example_branch_labels.py for tasks to queue
[2026-08-12T04:59:05.520+0000] {logging_mixin.py:190} INFO - [2026-08-12T04:59:05.519+0000] {dagbag.py:587} INFO - Filling up the DagBag from /home/airflow/.local/lib/python3.12/site-packages/airflow/example_dags/example_branch_labels.py
[2026-08-12T04:59:05.529+0000] {processor.py:925} INFO - DAG(s) 'example_branch_labels' retrieved from /home/airflow/.local/lib/python3.12/site-packages/airflow/example_dags/example_branch_labels.py
[2026-08-12T04:59:05.549+0000] {logging_mixin.py:190} INFO - [2026-08-12T04:59:05.549+0000] {dag.py:3211} INFO - Sync 1 DAGs
[2026-08-12T04:59:05.571+0000] {logging_mixin.py:190} INFO - [2026-08-12T04:59:05.571+0000] {dag.py:4138} INFO - Setting next_dagrun for example_branch_labels to 2026-08-11 00:00:00+00:00, run_after=2026-08-12 00:00:00+00:00
[2026-08-12T04:59:05.587+0000] {processor.py:208} INFO - Processing /home/airflow/.local/lib/python3.12/site-packages/airflow/example_dags/example_branch_labels.py took 0.077 seconds
[2026-08-12T04:59:36.408+0000] {processor.py:186} INFO - Started process (PID=3349) to work on /home/airflow/.local/lib/python3.12/site-packages/airflow/example_dags/example_branch_labels.py
[2026-08-12T04:59:36.410+0000] {processor.py:914} INFO - Processing file /home/airflow/.local/lib/python3.12/site-packages/airflow/example_dags/example_branch_labels.py for tasks to queue
[2026-08-12T04:59:36.413+0000] {logging_mixin.py:190} INFO - [2026-08-12T04:59:36.413+0000] {dagbag.py:587} INFO - Filling up the DagBag from /home/airflow/.local/lib/python3.12/site-packages/airflow/example_dags/example_branch_labels.py
[2026-08-12T04:59:36.424+0000] {processor.py:925} INFO - DAG(s) 'example_branch_labels' retrieved from /home/airflow/.local/lib/python3.12/site-packages/airflow/example_dags/example_branch_labels.py
[2026-08-12T04:59:36.632+0000] {logging_mixin.py:190} INFO - [2026-08-12T04:59:36.631+0000] {dag.py:3211} INFO - Sync 1 DAGs
[2026-08-12T04:59:36.652+0000] {logging_mixin.py:190} INFO - [2026-08-12T04:59:36.651+0000] {dag.py:4138} INFO - Setting next_dagrun for example_branch_labels to 2026-08-11 00:00:00+00:00, run_after=2026-08-12 00:00:00+00:00
[2026-08-12T04:59:36.688+0000] {processor.py:208} INFO - Processing /home/airflow/.local/lib/python3.12/site-packages/airflow/example_dags/example_branch_labels.py took 0.287 seconds
[2026-08-12T05:00:06.810+0000] {processor.py:186} INFO - Started process (PID=3412) to work on /home/airflow/.local/lib/python3.12/site-packages/airflow/example_dags/example_branch_labels.py
[2026-08-12T05:00:06.812+0000] {processor.py:914} INFO - Processing file /home/airflow/.local/lib/python3.12/site-packages/airflow/example_dags/example_branch_labels.py for tasks to queue
[2026-08-12T05:00:06.815+0000] {logging_mixin.py:190} INFO - [2026-08-12T05:00:06.815+0000] {dagbag.py:587} INFO - Filling up the DagBag from /home/airflow/.local/lib/python3.12/site-packages/airflow/example_dags/example_branch_labels.py
[2026-08-12T05:00:06.826+0000] {processor.py:925} INFO - DAG(s) 'example_branch_labels' retrieved from /home/airflow/.local/lib/python3.12/site-packages/airflow/example_dags/example_branch_labels.py
[2026-08-12T05:00:06.846+0000] {logging_mixin.py:190} INFO - [2026-08-12T05:00:06.846+0000] {dag.py:3211} INFO - Sync 1 DAGs
[2026-08-12T05:00:06.869+0000] {logging_mixin.py:190} INFO - [2026-08-12T05:00:06.869+0000] {dag.py:4138} INFO - Setting next_dagrun for example_branch_labels to 2026-08-11 00:00:00+00:00, run_after=2026-08-12 00:00:00+00:00
[2026-08-12T05:00:06.902+0000] {processor.py:208} INFO - Processing /home/airflow/.local/lib/python3.12/site-packages/airflow/example_dags/example_branch_labels.py took 0.098 seconds
[2026-08-12T05:00:37.242+0000] {processor.py:186} INFO - Started process (PID=3475) to work on /home/airflow/.local/lib/python3.12/site-packages/airflow/example_dags/example_branch_labels.py
[2026-08-12T05:00:37.244+0000] {processor.py:914} INFO - Processing file /home/airflow/.local/lib/python3.12/site-packages/airflow/example_dags/example_branch_labels.py for tasks to queue
[2026-08-12T05:00:37.247+0000] {logging_mixin.py:190} INFO - [2026-08-12T05:00:37.247+0000] {dagbag.py:587} INFO - Filling up the DagBag from /home/airflow/.local/lib/python3.12/site-packages/airflow/example_dags/example_branch_labels.py
[2026-08-12T05:00:37.260+0000] {processor.py:925} INFO - DAG(s) 'example_branch_labels' retrieved from /home/airflow/.local/lib/python3.12/site-packages/airflow/example_dags/example_branch_labels.py
[2026-08-12T05:00:37.282+0000] {logging_mixin.py:190} INFO - [2026-08-12T05:00:37.282+0000] {dag.py:3211} INFO - Sync 1 DAGs
[2026-08-12T05:00:37.310+0000] {logging_mixin.py:190} INFO - [2026-08-12T05:00:37.309+0000] {dag.py:4138} INFO - Setting next_dagrun for example_branch_labels to 2026-08-11 00:00:00+00:00, run_after=2026-08-12 00:00:00+00:00
[2026-08-12T05:00:37.340+0000] {processor.py:208} INFO - Processing /home/airflow/.local/lib/python3.12/site-packages/airflow/example_dags/example_branch_labels.py took 0.104 seconds
[2026-08-12T05:01:07.911+0000] {processor.py:186} INFO - Started process (PID=3538) to work on /home/airflow/.local/lib/python3.12/site-packages/airflow/example_dags/example_branch_labels.py
[2026-08-12T05:01:07.912+0000] {processor.py:914} INFO - Processing file /home/airflow/.local/lib/python3.12/site-packages/airflow/example_dags/example_branch_labels.py for tasks to queue
[2026-08-12T05:01:07.915+0000] {logging_mixin.py:190} INFO - [2026-08-12T05:01:07.915+0000] {dagbag.py:587} INFO - Filling up the DagBag from /home/airflow/.local/lib/python3.12/site-packages/airflow/example_dags/example_branch_labels.py
[2026-08-12T05:01:07.925+0000] {processor.py:925} INFO - DAG(s) 'example_branch_labels' retrieved from /home/airflow/.local/lib/python3.12/site-packages/airflow/example_dags/example_branch_labels.py
[2026-08-12T05:01:07.945+0000] {logging_mixin.py:190} INFO - [2026-08-12T05:01:07.945+0000] {dag.py:3211} INFO - Sync 1 DAGs
[2026-08-12T05:01:07.971+0000] {logging_mixin.py:190} INFO - [2026-08-12T05:01:07.971+0000] {dag.py:4138} INFO - Setting next_dagrun for example_branch_labels to 2026-08-11 00:00:00+00:00, run_after=2026-08-12 00:00:00+00:00
[2026-08-12T05:01:08.006+0000] {processor.py:208} INFO - Processing /home/airflow/.local/lib/python3.12/site-packages/airflow/example_dags/example_branch_labels.py took 0.101 seconds
[2026-08-12T05:01:38.468+0000] {processor.py:186} INFO - Started process (PID=3601) to work on /home/airflow/.local/lib/python3.12/site-packages/airflow/example_dags/example_branch_labels.py
[2026-08-12T05:01:38.470+0000] {processor.py:914} INFO - Processing file /home/airflow/.local/lib/python3.12/site-packages/airflow/example_dags/example_branch_labels.py for tasks to queue
[2026-08-12T05:01:38.473+0000] {logging_mixin.py:190} INFO - [2026-08-12T05:01:38.473+0000] {dagbag.py:587} INFO - Filling up the DagBag from /home/airflow/.local/lib/python3.12/site-packages/airflow/example_dags/example_branch_labels.py
[2026-08-12T05:01:38.484+0000] {processor.py:925} INFO - DAG(s) 'example_branch_labels' retrieved from /home/airflow/.local/lib/python3.12/site-packages/airflow/example_dags/example_branch_labels.py
[2026-08-12T05:01:38.505+0000] {logging_mixin.py:190} INFO - [2026-08-12T05:01:38.505+0000] {dag.py:3211} INFO - Sync 1 DAGs
[2026-08-12T05:01:38.531+0000] {logging_mixin.py:190} INFO - [2026-08-12T05:01:38.531+0000] {dag.py:4138} INFO - Setting next_dagrun for example_branch_labels to 2026-08-11 00:00:00+00:00, run_after=2026-08-12 00:00:00+00:00
[2026-08-12T05:01:38.555+0000] {processor.py:208} INFO - Processing /home/airflow/.local/lib/python3.12/site-packages/airflow/example_dags/example_branch_labels.py took 0.094 seconds
[2026-08-12T05:02:09.147+0000] {processor.py:186} INFO - Started process (PID=3664) to work on /home/airflow/.local/lib/python3.12/site-packages/airflow/example_dags/example_branch_labels.py
[2026-08-12T05:02:09.149+0000] {processor.py:914} INFO - Processing file /home/airflow/.local/lib/python3.12/site-packages/airflow/example_dags/example_branch_labels.py for tasks to queue
[2026-08-12T05:02:09.154+0000] {logging_mixin.py:190} INFO - [2026-08-12T05:02:09.153+0000] {dagbag.py:587} INFO - Filling up the DagBag from /home/airflow/.local/lib/python3.12/site-packages/airflow/example_dags/example_branch_labels.py
[2026-08-12T05:02:09.164+0000] {processor.py:925} INFO - DAG(s) 'example_branch_labels' retrieved from /home/airflow/.local/lib/python3.12/site-packages/airflow/example_dags/example_branch_labels.py
[2026-08-12T05:02:09.188+0000] {logging_mixin.py:190} INFO - [2026-08-12T05:02:09.188+0000] {dag.py:3211} INFO - Sync 1 DAGs
[2026-08-12T05:02:09.213+0000] {logging_mixin.py:190} INFO - [2026-08-12T05:02:09.213+0000] {dag.py:4138} INFO - Setting next_dagrun for example_branch_labels to 2026-08-11 00:00:00+00:00, run_after=2026-08-12 00:00:00+00:00
[2026-08-12T05:02:09.242+0000] {processor.py:208} INFO - Processing /home/airflow/.local/lib/python3.12/site-packages/airflow/example_dags/example_branch_labels.py took 0.101 seconds
[2026-08-12T05:02:39.609+0000] {processor.py:186} INFO - Started process (PID=3727) to work on /home/airflow/.local/lib/python3.12/site-packages/airflow/example_dags/example_branch_labels.py
[2026-08-12T05:02:39.611+0000] {processor.py:914} INFO - Processing file /home/airflow/.local/lib/python3.12/site-packages/airflow/example_dags/example_branch_labels.py for tasks to queue
[2026-08-12T05:02:39.615+0000] {logging_mixin.py:190} INFO - [2026-08-12T05:02:39.614+0000] {dagbag.py:587} INFO - Filling up the DagBag from /home/airflow/.local/lib/python3.12/site-packages/airflow/example_dags/example_branch_labels.py
[2026-08-12T05:02:39.628+0000] {processor.py:925} INFO - DAG(s) 'example_branch_labels' retrieved from /home/airflow/.local/lib/python3.12/site-packages/airflow/example_dags/example_branch_labels.py
[2026-08-12T05:02:39.652+0000] {logging_mixin.py:190} INFO - [2026-08-12T05:02:39.652+0000] {dag.py:3211} INFO - Sync 1 DAGs
[2026-08-12T05:02:39.678+0000] {logging_mixin.py:190} INFO - [2026-08-12T05:02:39.677+0000] {dag.py:4138} INFO - Setting next_dagrun for example_branch_labels to 2026-08-11 00:00:00+00:00, run_after=2026-08-12 00:00:00+00:00
[2026-08-12T05:02:39.705+0000] {processor.py:208} INFO - Processing /home/airflow/.local/lib/python3.12/site-packages/airflow/example_dags/example_branch_labels.py took 0.103 seconds
[2026-08-12T05:03:10.158+0000] {processor.py:186} INFO - Started process (PID=3790) to work on /home/airflow/.local/lib/python3.12/site-packages/airflow/example_dags/example_branch_labels.py
[2026-08-12T05:03:10.160+0000] {processor.py:914} INFO - Processing file /home/airflow/.local/lib/python3.12/site-packages/airflow/example_dags/example_branch_labels.py for tasks to queue
[2026-08-12T05:03:10.164+0000] {logging_mixin.py:190} INFO - [2026-08-12T05:03:10.163+0000] {dagbag.py:587} INFO - Filling up the DagBag from /home/airflow/.local/lib/python3.12/site-packages/airflow/example_dags/example_branch_labels.py
[2026-08-12T05:03:10.175+0000] {processor.py:925} INFO - DAG(s) 'example_branch_labels' retrieved from /home/airflow/.local/lib/python3.12/site-packages/airflow/example_dags/example_branch_labels.py
[2026-08-12T05:03:10.195+0000] {logging_mixin.py:190} INFO - [2026-08-12T05:03:10.195+0000] {dag.py:3211} INFO - Sync 1 DAGs
[2026-08-12T05:03:10.218+0000] {logging_mixin.py:190} INFO - [2026-08-12T05:03:10.218+0000] {dag.py:4138} INFO - Setting next_dagrun for example_branch_labels to 2026-08-11 00:00:00+00:00, run_after=2026-08-12 00:00:00+00:00
[2026-08-12T05:03:10.238+0000] {processor.py:208} INFO - Processing /home/airflow/.local/lib/python3.12/site-packages/airflow/example_dags/example_branch_labels.py took 0.088 seconds
[2026-08-12T05:03:40.541+0000] {processor.py:186} INFO - Started process (PID=3853) to work on /home/airflow/.local/lib/python3.12/site-packages/airflow/example_dags/example_branch_labels.py
[2026-08-12T05:03:40.543+0000] {processor.py:914} INFO - Processing file /home/airflow/.local/lib/python3.12/site-packages/airflow/example_dags/example_branch_labels.py for tasks to queue
[2026-08-12T05:03:40.547+0000] {logging_mixin.py:190} INFO - [2026-08-12T05:03:40.547+0000] {dagbag.py:587} INFO - Filling up the DagBag from /home/airflow/.local/lib/python3.12/site-packages/airflow/example_dags/example_branch_labels.py
[2026-08-12T05:03:40.558+0000] {processor.py:925} INFO - DAG(s) 'example_branch_labels' retrieved from /home/airflow/.local/lib/python3.12/site-packages/airflow/example_dags/example_branch_labels.py
[2026-08-12T05:03:40.586+0000] {logging_mixin.py:190} INFO - [2026-08-12T05:03:40.586+0000] {dag.py:3211} INFO - Sync 1 DAGs
[2026-08-12T05:03:40.611+0000] {logging_mixin.py:190} INFO - [2026-08-12T05:03:40.610+0000] {dag.py:4138} INFO - Setting next_dagrun for example_branch_labels to 2026-08-11 00:00:00+00:00, run_after=2026-08-12 00:00:00+00:00
[2026-08-12T05:03:40.651+0000] {processor.py:208} INFO - Processing /home/airflow/.local/lib/python3.12/site-packages/airflow/example_dags/example_branch_labels.py took 0.116 seconds
[2026-08-12T05:04:10.895+0000] {processor.py:186} INFO - Started process (PID=3917) to work on /home/airflow/.local/lib/python3.12/site-packages/airflow/example_dags/example_branch_labels.py
[2026-08-12T05:04:10.896+0000] {processor.py:914} INFO - Processing file /home/airflow/.local/lib/python3.12/site-packages/airflow/example_dags/example_branch_labels.py for tasks to queue
[2026-08-12T05:04:10.900+0000] {logging_mixin.py:190} INFO - [2026-08-12T05:04:10.899+0000] {dagbag.py:587} INFO - Filling up the DagBag from /home/airflow/.local/lib/python3.12/site-packages/airflow/example_dags/example_branch_labels.py
[2026-08-12T05:04:10.909+0000] {processor.py:925} INFO - DAG(s) 'example_branch_labels' retrieved from /home/airflow/.local/lib/python3.12/site-packages/airflow/example_dags/example_branch_labels.py
[2026-08-12T05:04:10.930+0000] {logging_mixin.py:190} INFO - [2026-08-12T05:04:10.930+0000] {dag.py:3211} INFO - Sync 1 DAGs
[2026-08-12T05:04:10.951+0000] {logging_mixin.py:190} INFO - [2026-08-12T05:04:10.951+0000] {dag.py:4138} INFO - Setting next_dagrun for example_branch_labels to 2026-08-11 00:00:00+00:00, run_after=2026-08-12 00:00:00+00:00
[2026-08-12T05:04:10.970+0000] {processor.py:208} INFO - Processing /home/airflow/.local/lib/python3.12/site-packages/airflow/example_dags/example_branch_labels.py took 0.080 seconds
[2026-08-12T05:04:41.208+0000] {processor.py:186} INFO - Started process (PID=3980) to work on /home/airflow/.local/lib/python3.12/site-packages/airflow/example_dags/example_branch_labels.py
[2026-08-12T05:04:41.209+0000] {processor.py:914} INFO - Processing file /home/airflow/.local/lib/python3.12/site-packages/airflow/example_dags/example_branch_labels.py for tasks to queue
[2026-08-12T05:04:41.212+0000] {logging_mixin.py:190} INFO - [2026-08-12T05:04:41.211+0000] {dagbag.py:587} INFO - Filling up the DagBag from /home/airflow/.local/lib/python3.12/site-packages/airflow/example_dags/example_branch_labels.py
[2026-08-12T05:04:41.221+0000] {processor.py:925} INFO - DAG(s) 'example_branch_labels' retrieved from /home/airflow/.local/lib/python3.12/site-packages/airflow/example_dags/example_branch_labels.py
[2026-08-12T05:04:41.240+0000] {logging_mixin.py:190} INFO - [2026-08-12T05:04:41.240+0000] {dag.py:3211} INFO - Sync 1 DAGs
[2026-08-12T05:04:41.261+0000] {logging_mixin.py:190} INFO - [2026-08-12T05:04:41.261+0000] {dag.py:4138} INFO - Setting next_dagrun for example_branch_labels to 2026-08-11 00:00:00+00:00, run_after=2026-08-12 00:00:00+00:00
[2026-08-12T05:04:41.281+0000] {processor.py:208} INFO - Processing /home/airflow/.local/lib/python3.12/site-packages/airflow/example_dags/example_branch_labels.py took 0.079 seconds
[2026-08-12T05:05:11.726+0000] {processor.py:186} INFO - Started process (PID=4043) to work on /home/airflow/.local/lib/python3.12/site-packages/airflow/example_dags/example_branch_labels.py
[2026-08-12T05:05:11.727+0000] {processor.py:914} INFO - Processing file /home/airflow/.local/lib/python3.12/site-packages/airflow/example_dags/example_branch_labels.py for tasks to queue
[2026-08-12T05:05:11.730+0000] {logging_mixin.py:190} INFO - [2026-08-12T05:05:11.730+0000] {dagbag.py:587} INFO - Filling up the DagBag from /home/airflow/.local/lib/python3.12/site-packages/airflow/example_dags/example_branch_labels.py
[2026-08-12T05:05:11.740+0000] {processor.py:925} INFO - DAG(s) 'example_branch_labels' retrieved from /home/airflow/.local/lib/python3.12/site-packages/airflow/example_dags/example_branch_labels.py
[2026-08-12T05:05:11.764+0000] {logging_mixin.py:190} INFO - [2026-08-12T05:05:11.764+0000] {dag.py:3211} INFO - Sync 1 DAGs
[2026-08-12T05:05:11.788+0000] {logging_mixin.py:190} INFO - [2026-08-12T05:05:11.788+0000] {dag.py:4138} INFO - Setting next_dagrun for example_branch_labels to 2026-08-11 00:00:00+00:00, run_after=2026-08-12 00:00:00+00:00
[2026-08-12T05:05:11.812+0000] {processor.py:208} INFO - Processing /home/airflow/.local/lib/python3.12/site-packages/airflow/example_dags/example_branch_labels.py took 0.092 seconds
[2026-08-12T05:05:42.308+0000] {processor.py:186} INFO - Started process (PID=4106) to work on /home/airflow/.local/lib/python3.12/site-packages/airflow/example_dags/example_branch_labels.py
[2026-08-12T05:05:42.310+0000] {processor.py:914} INFO - Processing file /home/airflow/.local/lib/python3.12/site-packages/airflow/example_dags/example_branch_labels.py for tasks to queue
[2026-08-12T05:05:42.313+0000] {logging_mixin.py:190} INFO - [2026-08-12T05:05:42.313+0000] {dagbag.py:587} INFO - Filling up the DagBag from /home/airflow/.local/lib/python3.12/site-packages/airflow/example_dags/example_branch_labels.py
[2026-08-12T05:05:42.325+0000] {processor.py:925} INFO - DAG(s) 'example_branch_labels' retrieved from /home/airflow/.local/lib/python3.12/site-packages/airflow/example_dags/example_branch_labels.py
[2026-08-12T05:05:42.349+0000] {logging_mixin.py:190} INFO - [2026-08-12T05:05:42.349+0000] {dag.py:3211} INFO - Sync 1 DAGs
[2026-08-12T05:05:42.379+0000] {logging_mixin.py:190} INFO - [2026-08-12T05:05:42.379+0000] {dag.py:4138} INFO - Setting next_dagrun for example_branch_labels to 2026-08-11 00:00:00+00:00, run_after=2026-08-12 00:00:00+00:00
[2026-08-12T05:05:42.408+0000] {processor.py:208} INFO - Processing /home/airflow/.local/lib/python3.12/site-packages/airflow/example_dags/example_branch_labels.py took 0.107 seconds
[2026-08-12T05:06:12.833+0000] {processor.py:186} INFO - Started process (PID=4169) to work on /home/airflow/.local/lib/python3.12/site-packages/airflow/example_dags/example_branch_labels.py
[2026-08-12T05:06:12.835+0000] {processor.py:914} INFO - Processing file /home/airflow/.local/lib/python3.12/site-packages/airflow/example_dags/example_branch_labels.py for tasks to queue
[2026-08-12T05:06:12.838+0000] {logging_mixin.py:190} INFO - [2026-08-12T05:06:12.837+0000] {dagbag.py:587} INFO - Filling up the DagBag from /home/airflow/.local/lib/python3.12/site-packages/airflow/example_dags/example_branch_labels.py
[2026-08-12T05:06:12.849+0000] {processor.py:925} INFO - DAG(s) 'example_branch_labels' retrieved from /home/airflow/.local/lib/python3.12/site-packages/airflow/example_dags/example_branch_labels.py
[2026-08-12T05:06:12.868+0000] {logging_mixin.py:190} INFO - [2026-08-12T05:06:12.868+0000] {dag.py:3211} INFO - Sync 1 DAGs
[2026-08-12T05:06:12.891+0000] {logging_mixin.py:190} INFO - [2026-08-12T05:06:12.890+0000] {dag.py:4138} INFO - Setting next_dagrun for example_branch_labels to 2026-08-11 00:00:00+00:00, run_after=2026-08-12 00:00:00+00:00
[2026-08-12T05:06:12.924+0000] {processor.py:208} INFO - Processing /home/airflow/.local/lib/python3.12/site-packages/airflow/example_dags/example_branch_labels.py took 0.098 seconds
[2026-08-12T05:06:43.080+0000] {processor.py:186} INFO - Started process (PID=4232) to work on /home/airflow/.local/lib/python3.12/site-packages/airflow/example_dags/example_branch_labels.py
[2026-08-12T05:06:43.082+0000] {processor.py:914} INFO - Processing file /home/airflow/.local/lib/python3.12/site-packages/airflow/example_dags/example_branch_labels.py for tasks to queue
[2026-08-12T05:06:43.085+0000] {logging_mixin.py:190} INFO - [2026-08-12T05:06:43.085+0000] {dagbag.py:587} INFO - Filling up the DagBag from /home/airflow/.local/lib/python3.12/site-packages/airflow/example_dags/example_branch_labels.py
[2026-08-12T05:06:43.097+0000] {processor.py:925} INFO - DAG(s) 'example_branch_labels' retrieved from /home/airflow/.local/lib/python3.12/site-packages/airflow/example_dags/example_branch_labels.py
[2026-08-12T05:06:43.119+0000] {logging_mixin.py:190} INFO - [2026-08-12T05:06:43.118+0000] {dag.py:3211} INFO - Sync 1 DAGs
[2026-08-12T05:06:43.144+0000] {logging_mixin.py:190} INFO - [2026-08-12T05:06:43.144+0000] {dag.py:4138} INFO - Setting next_dagrun for example_branch_labels to 2026-08-11 00:00:00+00:00, run_after=2026-08-12 00:00:00+00:00
[2026-08-12T05:06:43.174+0000] {processor.py:208} INFO - Processing /home/airflow/.local/lib/python3.12/site-packages/airflow/example_dags/example_branch_labels.py took 0.100 seconds
[2026-08-12T05:07:13.240+0000] {processor.py:186} INFO - Started process (PID=4295) to work on /home/airflow/.local/lib/python3.12/site-packages/airflow/example_dags/example_branch_labels.py
[2026-08-12T05:07:13.241+0000] {processor.py:914} INFO - Processing file /home/airflow/.local/lib/python3.12/site-packages/airflow/example_dags/example_branch_labels.py for tasks to queue
[2026-08-12T05:07:13.245+0000] {logging_mixin.py:190} INFO - [2026-08-12T05:07:13.245+0000] {dagbag.py:587} INFO - Filling up the DagBag from /home/airflow/.local/lib/python3.12/site-packages/airflow/example_dags/example_branch_labels.py
[2026-08-12T05:07:13.259+0000] {processor.py:925} INFO - DAG(s) 'example_branch_labels' retrieved from /home/airflow/.local/lib/python3.12/site-packages/airflow/example_dags/example_branch_labels.py
[2026-08-12T05:07:13.289+0000] {logging_mixin.py:190} INFO - [2026-08-12T05:07:13.289+0000] {dag.py:3211} INFO - Sync 1 DAGs
[2026-08-12T05:07:13.317+0000] {logging_mixin.py:190} INFO - [2026-08-12T05:07:13.317+0000] {dag.py:4138} INFO - Setting next_dagrun for example_branch_labels to 2026-08-11 00:00:00+00:00, run_after=2026-08-12 00:00:00+00:00
[2026-08-12T05:07:13.336+0000] {processor.py:208} INFO - Processing /home/airflow/.local/lib/python3.12/site-packages/airflow/example_dags/example_branch_labels.py took 0.105 seconds
[2026-08-12T05:07:43.620+0000] {processor.py:186} INFO - Started process (PID=4358) to work on /home/airflow/.local/lib/python3.12/site-packages/airflow/example_dags/example_branch_labels.py
[2026-08-12T05:07:43.621+0000] {processor.py:914} INFO - Processing file /home/airflow/.local/lib/python3.12/site-packages/airflow/example_dags/example_branch_labels.py for tasks to queue
[2026-08-12T05:07:43.624+0000] {logging_mixin.py:190} INFO - [2026-08-12T05:07:43.624+0000] {dagbag.py:587} INFO - Filling up the DagBag from /home/airflow/.local/lib/python3.12/site-packages/airflow/example_dags/example_branch_labels.py
[2026-08-12T05:07:43.635+0000] {processor.py:925} INFO - DAG(s) 'example_branch_labels' retrieved from /home/airflow/.local/lib/python3.12/site-packages/airflow/example_dags/example_branch_labels.py
[2026-08-12T05:07:43.657+0000] {logging_mixin.py:190} INFO - [2026-08-12T05:07:43.656+0000] {dag.py:3211} INFO - Sync 1 DAGs
[2026-08-12T05:07:43.690+0000] {logging_mixin.py:190} INFO - [2026-08-12T05:07:43.690+0000] {dag.py:4138} INFO - Setting next_dagrun for example_branch_labels to 2026-08-11 00:00:00+00:00, run_after=2026-08-12 00:00:00+00:00
[2026-08-12T05:07:43.717+0000] {processor.py:208} INFO - Processing /home/airflow/.local/lib/python3.12/site-packages/airflow/example_dags/example_branch_labels.py took 0.105 seconds
[2026-08-12T05:08:14.665+0000] {processor.py:186} INFO - Started process (PID=4421) to work on /home/airflow/.local/lib/python3.12/site-packages/airflow/example_dags/example_branch_labels.py
[2026-08-12T05:08:14.666+0000] {processor.py:914} INFO - Processing file /home/airflow/.local/lib/python3.12/site-packages/airflow/example_dags/example_branch_labels.py for tasks to queue
[2026-08-12T05:08:14.669+0000] {logging_mixin.py:190} INFO - [2026-08-12T05:08:14.669+0000] {dagbag.py:587} INFO - Filling up the DagBag from /home/airflow/.local/lib/python3.12/site-packages/airflow/example_dags/example_branch_labels.py
[2026-08-12T05:08:14.682+0000] {processor.py:925} INFO - DAG(s) 'example_branch_labels' retrieved from /home/airflow/.local/lib/python3.12/site-packages/airflow/example_dags/example_branch_labels.py
[2026-08-12T05:08:14.703+0000] {logging_mixin.py:190} INFO - [2026-08-12T05:08:14.703+0000] {dag.py:3211} INFO - Sync 1 DAGs
[2026-08-12T05:08:14.730+0000] {logging_mixin.py:190} INFO - [2026-08-12T05:08:14.730+0000] {dag.py:4138} INFO - Setting next_dagrun for example_branch_labels to 2026-08-11 00:00:00+00:00, run_after=2026-08-12 00:00:00+00:00
[2026-08-12T05:08:14.752+0000] {processor.py:208} INFO - Processing /home/airflow/.local/lib/python3.12/site-packages/airflow/example_dags/example_branch_labels.py took 0.095 seconds
[2026-08-12T05:08:45.295+0000] {processor.py:186} INFO - Started process (PID=4484) to work on /home/airflow/.local/lib/python3.12/site-packages/airflow/example_dags/example_branch_labels.py
[2026-08-12T05:08:45.296+0000] {processor.py:914} INFO - Processing file /home/airflow/.local/lib/python3.12/site-packages/airflow/example_dags/example_branch_labels.py for tasks to queue
[2026-08-12T05:08:45.300+0000] {logging_mixin.py:190} INFO - [2026-08-12T05:08:45.299+0000] {dagbag.py:587} INFO - Filling up the DagBag from /home/airflow/.local/lib/python3.12/site-packages/airflow/example_dags/example_branch_labels.py
[2026-08-12T05:08:45.310+0000] {processor.py:925} INFO - DAG(s) 'example_branch_labels' retrieved from /home/airflow/.local/lib/python3.12/site-packages/airflow/example_dags/example_branch_labels.py
[2026-08-12T05:08:45.332+0000] {logging_mixin.py:190} INFO - [2026-08-12T05:08:45.332+0000] {dag.py:3211} INFO - Sync 1 DAGs
[2026-08-12T05:08:45.354+0000] {logging_mixin.py:190} INFO - [2026-08-12T05:08:45.354+0000] {dag.py:4138} INFO - Setting next_dagrun for example_branch_labels to 2026-08-11 00:00:00+00:00, run_after=2026-08-12 00:00:00+00:00
[2026-08-12T05:08:45.373+0000] {processor.py:208} INFO - Processing /home/airflow/.local/lib/python3.12/site-packages/airflow/example_dags/example_branch_labels.py took 0.084 seconds
[2026-08-12T05:09:15.481+0000] {processor.py:186} INFO - Started process (PID=4547) to work on /home/airflow/.local/lib/python3.12/site-packages/airflow/example_dags/example_branch_labels.py
[2026-08-12T05:09:15.483+0000] {processor.py:914} INFO - Processing file /home/airflow/.local/lib/python3.12/site-packages/airflow/example_dags/example_branch_labels.py for tasks to queue
[2026-08-12T05:09:15.486+0000] {logging_mixin.py:190} INFO - [2026-08-12T05:09:15.486+0000] {dagbag.py:587} INFO - Filling up the DagBag from /home/airflow/.local/lib/python3.12/site-packages/airflow/example_dags/example_branch_labels.py
[2026-08-12T05:09:15.497+0000] {processor.py:925} INFO - DAG(s) 'example_branch_labels' retrieved from /home/airflow/.local/lib/python3.12/site-packages/airflow/example_dags/example_branch_labels.py
[2026-08-12T05:09:15.520+0000] {logging_mixin.py:190} INFO - [2026-08-12T05:09:15.519+0000] {dag.py:3211} INFO - Sync 1 DAGs
[2026-08-12T05:09:15.546+0000] {logging_mixin.py:190} INFO - [2026-08-12T05:09:15.546+0000] {dag.py:4138} INFO - Setting next_dagrun for example_branch_labels to 2026-08-11 00:00:00+00:00, run_after=2026-08-12 00:00:00+00:00
[2026-08-12T05:09:15.567+0000] {processor.py:208} INFO - Processing /home/airflow/.local/lib/python3.12/site-packages/airflow/example_dags/example_branch_labels.py took 0.092 seconds
[2026-08-12T05:09:46.335+0000] {processor.py:186} INFO - Started process (PID=4610) to work on /home/airflow/.local/lib/python3.12/site-packages/airflow/example_dags/example_branch_labels.py
[2026-08-12T05:09:46.336+0000] {processor.py:914} INFO - Processing file /home/airflow/.local/lib/python3.12/site-packages/airflow/example_dags/example_branch_labels.py for tasks to queue
[2026-08-12T05:09:46.339+0000] {logging_mixin.py:190} INFO - [2026-08-12T05:09:46.339+0000] {dagbag.py:587} INFO - Filling up the DagBag from /home/airflow/.local/lib/python3.12/site-packages/airflow/example_dags/example_branch_labels.py
[2026-08-12T05:09:46.350+0000] {processor.py:925} INFO - DAG(s) 'example_branch_labels' retrieved from /home/airflow/.local/lib/python3.12/site-packages/airflow/example_dags/example_branch_labels.py
[2026-08-12T05:09:46.375+0000] {logging_mixin.py:190} INFO - [2026-08-12T05:09:46.375+0000] {dag.py:3211} INFO - Sync 1 DAGs
[2026-08-12T05:09:46.409+0000] {logging_mixin.py:190} INFO - [2026-08-12T05:09:46.408+0000] {dag.py:4138} INFO - Setting next_dagrun for example_branch_labels to 2026-08-11 00:00:00+00:00, run_after=2026-08-12 00:00:00+00:00
[2026-08-12T05:09:46.434+0000] {processor.py:208} INFO - Processing /home/airflow/.local/lib/python3.12/site-packages/airflow/example_dags/example_branch_labels.py took 0.106 seconds
[2026-08-12T05:10:17.107+0000] {processor.py:186} INFO - Started process (PID=4673) to work on /home/airflow/.local/lib/python3.12/site-packages/airflow/example_dags/example_branch_labels.py
[2026-08-12T05:10:17.109+0000] {processor.py:914} INFO - Processing file /home/airflow/.local/lib/python3.12/site-packages/airflow/example_dags/example_branch_labels.py for tasks to queue
[2026-08-12T05:10:17.111+0000] {logging_mixin.py:190} INFO - [2026-08-12T05:10:17.111+0000] {dagbag.py:587} INFO - Filling up the DagBag from /home/airflow/.local/lib/python3.12/site-packages/airflow/example_dags/example_branch_labels.py
[2026-08-12T05:10:17.122+0000] {processor.py:925} INFO - DAG(s) 'example_branch_labels' retrieved from /home/airflow/.local/lib/python3.12/site-packages/airflow/example_dags/example_branch_labels.py
[2026-08-12T05:10:17.143+0000] {logging_mixin.py:190} INFO - [2026-08-12T05:10:17.143+0000] {dag.py:3211} INFO - Sync 1 DAGs
[2026-08-12T05:10:17.169+0000] {logging_mixin.py:190} INFO - [2026-08-12T05:10:17.168+0000] {dag.py:4138} INFO - Setting next_dagrun for example_branch_labels to 2026-08-11 00:00:00+00:00, run_after=2026-08-12 00:00:00+00:00
[2026-08-12T05:10:17.187+0000] {processor.py:208} INFO - Processing /home/airflow/.local/lib/python3.12/site-packages/airflow/example_dags/example_branch_labels.py took 0.086 seconds
[2026-08-12T05:10:47.486+0000] {processor.py:186} INFO - Started process (PID=4736) to work on /home/airflow/.local/lib/python3.12/site-packages/airflow/example_dags/example_branch_labels.py
[2026-08-12T05:10:47.489+0000] {processor.py:914} INFO - Processing file /home/airflow/.local/lib/python3.12/site-packages/airflow/example_dags/example_branch_labels.py for tasks to queue
[2026-08-12T05:10:47.493+0000] {logging_mixin.py:190} INFO - [2026-08-12T05:10:47.492+0000] {dagbag.py:587} INFO - Filling up the DagBag from /home/airflow/.local/lib/python3.12/site-packages/airflow/example_dags/example_branch_labels.py
[2026-08-12T05:10:47.504+0000] {processor.py:925} INFO - DAG(s) 'example_branch_labels' retrieved from /home/airflow/.local/lib/python3.12/site-packages/airflow/example_dags/example_branch_labels.py
[2026-08-12T05:10:47.531+0000] {logging_mixin.py:190} INFO - [2026-08-12T05:10:47.531+0000] {dag.py:3211} INFO - Sync 1 DAGs
[2026-08-12T05:10:47.558+0000] {logging_mixin.py:190} INFO - [2026-08-12T05:10:47.557+0000] {dag.py:4138} INFO - Setting next_dagrun for example_branch_labels to 2026-08-11 00:00:00+00:00, run_after=2026-08-12 00:00:00+00:00
[2026-08-12T05:10:47.578+0000] {processor.py:208} INFO - Processing /home/airflow/.local/lib/python3.12/site-packages/airflow/example_dags/example_branch_labels.py took 0.100 seconds
[2026-08-12T05:11:17.878+0000] {processor.py:186} INFO - Started process (PID=4799) to work on /home/airflow/.local/lib/python3.12/site-packages/airflow/example_dags/example_branch_labels.py
[2026-08-12T05:11:17.880+0000] {processor.py:914} INFO - Processing file /home/airflow/.local/lib/python3.12/site-packages/airflow/example_dags/example_branch_labels.py for tasks to queue
[2026-08-12T05:11:17.883+0000] {logging_mixin.py:190} INFO - [2026-08-12T05:11:17.882+0000] {dagbag.py:587} INFO - Filling up the DagBag from /home/airflow/.local/lib/python3.12/site-packages/airflow/example_dags/example_branch_labels.py
[2026-08-12T05:11:17.893+0000] {processor.py:925} INFO - DAG(s) 'example_branch_labels' retrieved from /home/airflow/.local/lib/python3.12/site-packages/airflow/example_dags/example_branch_labels.py
[2026-08-12T05:11:17.913+0000] {logging_mixin.py:190} INFO - [2026-08-12T05:11:17.913+0000] {dag.py:3211} INFO - Sync 1 DAGs
[2026-08-12T05:11:17.937+0000] {logging_mixin.py:190} INFO - [2026-08-12T05:11:17.937+0000] {dag.py:4138} INFO - Setting next_dagrun for example_branch_labels to 2026-08-11 00:00:00+00:00, run_after=2026-08-12 00:00:00+00:00
[2026-08-12T05:11:17.955+0000] {processor.py:208} INFO - Processing /home/airflow/.local/lib/python3.12/site-packages/airflow/example_dags/example_branch_labels.py took 0.082 seconds
[2026-08-12T05:11:48.519+0000] {processor.py:186} INFO - Started process (PID=4862) to work on /home/airflow/.local/lib/python3.12/site-packages/airflow/example_dags/example_branch_labels.py
[2026-08-12T05:11:48.521+0000] {processor.py:914} INFO - Processing file /home/airflow/.local/lib/python3.12/site-packages/airflow/example_dags/example_branch_labels.py for tasks to queue
[2026-08-12T05:11:48.525+0000] {logging_mixin.py:190} INFO - [2026-08-12T05:11:48.524+0000] {dagbag.py:587} INFO - Filling up the DagBag from /home/airflow/.local/lib/python3.12/site-packages/airflow/example_dags/example_branch_labels.py
[2026-08-12T05:11:48.537+0000] {processor.py:925} INFO - DAG(s) 'example_branch_labels' retrieved from /home/airflow/.local/lib/python3.12/site-packages/airflow/example_dags/example_branch_labels.py
[2026-08-12T05:11:48.561+0000] {logging_mixin.py:190} INFO - [2026-08-12T05:11:48.561+0000] {dag.py:3211} INFO - Sync 1 DAGs
[2026-08-12T05:11:48.584+0000] {logging_mixin.py:190} INFO - [2026-08-12T05:11:48.583+0000] {dag.py:4138} INFO - Setting next_dagrun for example_branch_labels to 2026-08-11 00:00:00+00:00, run_after=2026-08-12 00:00:00+00:00
[2026-08-12T05:11:48.606+0000] {processor.py:208} INFO - Processing /home/airflow/.local/lib/python3.12/site-packages/airflow/example_dags/example_branch_labels.py took 0.093 seconds
[2026-08-12T05:12:19.146+0000] {processor.py:186} INFO - Started process (PID=4925) to work on /home/airflow/.local/lib/python3.12/site-packages/airflow/example_dags/example_branch_labels.py
[2026-08-12T05:12:19.148+0000] {processor.py:914} INFO - Processing file /home/airflow/.local/lib/python3.12/site-packages/airflow/example_dags/example_branch_labels.py for tasks to queue
[2026-08-12T05:12:19.151+0000] {logging_mixin.py:190} INFO - [2026-08-12T05:12:19.151+0000] {dagbag.py:587} INFO - Filling up the DagBag from /home/airflow/.local/lib/python3.12/site-packages/airflow/example_dags/example_branch_labels.py
[2026-08-12T05:12:19.163+0000] {processor.py:925} INFO - DAG(s) 'example_branch_labels' retrieved from /home/airflow/.local/lib/python3.12/site-packages/airflow/example_dags/example_branch_labels.py
[2026-08-12T05:12:19.185+0000] {logging_mixin.py:190} INFO - [2026-08-12T05:12:19.185+0000] {dag.py:3211} INFO - Sync 1 DAGs
[2026-08-12T05:12:19.212+0000] {logging_mixin.py:190} INFO - [2026-08-12T05:12:19.212+0000] {dag.py:4138} INFO - Setting next_dagrun for example_branch_labels to 2026-08-11 00:00:00+00:00, run_after=2026-08-12 00:00:00+00:00
[2026-08-12T05:12:19.233+0000] {processor.py:208} INFO - Processing /home/airflow/.local/lib/python3.12/site-packages/airflow/example_dags/example_branch_labels.py took 0.094 seconds
[2026-08-12T05:12:49.631+0000] {processor.py:186} INFO - Started process (PID=4988) to work on /home/airflow/.local/lib/python3.12/site-packages/airflow/example_dags/example_branch_labels.py
[2026-08-12T05:12:49.633+0000] {processor.py:914} INFO - Processing file /home/airflow/.local/lib/python3.12/site-packages/airflow/example_dags/example_branch_labels.py for tasks to queue
[2026-08-12T05:12:49.635+0000] {logging_mixin.py:190} INFO - [2026-08-12T05:12:49.635+0000] {dagbag.py:587} INFO - Filling up the DagBag from /home/airflow/.local/lib/python3.12/site-packages/airflow/example_dags/example_branch_labels.py
[2026-08-12T05:12:49.648+0000] {processor.py:925} INFO - DAG(s) 'example_branch_labels' retrieved from /home/airflow/.local/lib/python3.12/site-packages/airflow/example_dags/example_branch_labels.py
[2026-08-12T05:12:49.672+0000] {logging_mixin.py:190} INFO - [2026-08-12T05:12:49.671+0000] {dag.py:3211} INFO - Sync 1 DAGs
[2026-08-12T05:12:49.697+0000] {logging_mixin.py:190} INFO - [2026-08-12T05:12:49.697+0000] {dag.py:4138} INFO - Setting next_dagrun for example_branch_labels to 2026-08-11 00:00:00+00:00, run_after=2026-08-12 00:00:00+00:00
[2026-08-12T05:12:49.714+0000] {processor.py:208} INFO - Processing /home/airflow/.local/lib/python3.12/site-packages/airflow/example_dags/example_branch_labels.py took 0.089 seconds
[2026-08-12T05:13:20.209+0000] {processor.py:186} INFO - Started process (PID=5051) to work on /home/airflow/.local/lib/python3.12/site-packages/airflow/example_dags/example_branch_labels.py
[2026-08-12T05:13:20.211+0000] {processor.py:914} INFO - Processing file /home/airflow/.local/lib/python3.12/site-packages/airflow/example_dags/example_branch_labels.py for tasks to queue
[2026-08-12T05:13:20.213+0000] {logging_mixin.py:190} INFO - [2026-08-12T05:13:20.213+0000] {dagbag.py:587} INFO - Filling up the DagBag from /home/airflow/.local/lib/python3.12/site-packages/airflow/example_dags/example_branch_labels.py
[2026-08-12T05:13:20.227+0000] {processor.py:925} INFO - DAG(s) 'example_branch_labels' retrieved from /home/airflow/.local/lib/python3.12/site-packages/airflow/example_dags/example_branch_labels.py
[2026-08-12T05:13:20.251+0000] {logging_mixin.py:190} INFO - [2026-08-12T05:13:20.250+0000] {dag.py:3211} INFO - Sync 1 DAGs
[2026-08-12T05:13:20.277+0000] {logging_mixin.py:190} INFO - [2026-08-12T05:13:20.276+0000] {dag.py:4138} INFO - Setting next_dagrun for example_branch_labels to 2026-08-11 00:00:00+00:00, run_after=2026-08-12 00:00:00+00:00
[2026-08-12T05:13:20.299+0000] {processor.py:208} INFO - Processing /home/airflow/.local/lib/python3.12/site-packages/airflow/example_dags/example_branch_labels.py took 0.096 seconds
[2026-08-12T05:13:50.628+0000] {processor.py:186} INFO - Started process (PID=5114) to work on /home/airflow/.local/lib/python3.12/site-packages/airflow/example_dags/example_branch_labels.py
[2026-08-12T05:13:50.630+0000] {processor.py:914} INFO - Processing file /home/airflow/.local/lib/python3.12/site-packages/airflow/example_dags/example_branch_labels.py for tasks to queue
[2026-08-12T05:13:50.634+0000] {logging_mixin.py:190} INFO - [2026-08-12T05:13:50.634+0000] {dagbag.py:587} INFO - Filling up the DagBag from /home/airflow/.local/lib/python3.12/site-packages/airflow/example_dags/example_branch_labels.py
[2026-08-12T05:13:50.655+0000] {processor.py:925} INFO - DAG(s) 'example_branch_labels' retrieved from /home/airflow/.local/lib/python3.12/site-packages/airflow/example_dags/example_branch_labels.py
[2026-08-12T05:13:50.689+0000] {logging_mixin.py:190} INFO - [2026-08-12T05:13:50.689+0000] {dag.py:3211} INFO - Sync 1 DAGs
[2026-08-12T05:13:50.740+0000] {logging_mixin.py:190} INFO - [2026-08-12T05:13:50.740+0000] {dag.py:4138} INFO - Setting next_dagrun for example_branch_labels to 2026-08-11 00:00:00+00:00, run_after=2026-08-12 00:00:00+00:00
[2026-08-12T05:13:50.764+0000] {processor.py:208} INFO - Processing /home/airflow/.local/lib/python3.12/site-packages/airflow/example_dags/example_branch_labels.py took 0.143 seconds
[2026-08-12T05:14:21.211+0000] {processor.py:186} INFO - Started process (PID=5177) to work on /home/airflow/.local/lib/python3.12/site-packages/airflow/example_dags/example_branch_labels.py
[2026-08-12T05:14:21.213+0000] {processor.py:914} INFO - Processing file /home/airflow/.local/lib/python3.12/site-packages/airflow/example_dags/example_branch_labels.py for tasks to queue
[2026-08-12T05:14:21.216+0000] {logging_mixin.py:190} INFO - [2026-08-12T05:14:21.216+0000] {dagbag.py:587} INFO - Filling up the DagBag from /home/airflow/.local/lib/python3.12/site-packages/airflow/example_dags/example_branch_labels.py
[2026-08-12T05:14:21.225+0000] {processor.py:925} INFO - DAG(s) 'example_branch_labels' retrieved from /home/airflow/.local/lib/python3.12/site-packages/airflow/example_dags/example_branch_labels.py
[2026-08-12T05:14:21.244+0000] {logging_mixin.py:190} INFO - [2026-08-12T05:14:21.244+0000] {dag.py:3211} INFO - Sync 1 DAGs
[2026-08-12T05:14:21.269+0000] {logging_mixin.py:190} INFO - [2026-08-12T05:14:21.269+0000] {dag.py:4138} INFO - Setting next_dagrun for example_branch_labels to 2026-08-11 00:00:00+00:00, run_after=2026-08-12 00:00:00+00:00
[2026-08-12T05:14:21.288+0000] {processor.py:208} INFO - Processing /home/airflow/.local/lib/python3.12/site-packages/airflow/example_dags/example_branch_labels.py took 0.082 seconds
[2026-08-12T05:14:51.747+0000] {processor.py:186} INFO - Started process (PID=5240) to work on /home/airflow/.local/lib/python3.12/site-packages/airflow/example_dags/example_branch_labels.py
[2026-08-12T05:14:51.749+0000] {processor.py:914} INFO - Processing file /home/airflow/.local/lib/python3.12/site-packages/airflow/example_dags/example_branch_labels.py for tasks to queue
[2026-08-12T05:14:51.752+0000] {logging_mixin.py:190} INFO - [2026-08-12T05:14:51.751+0000] {dagbag.py:587} INFO - Filling up the DagBag from /home/airflow/.local/lib/python3.12/site-packages/airflow/example_dags/example_branch_labels.py
[2026-08-12T05:14:51.760+0000] {processor.py:925} INFO - DAG(s) 'example_branch_labels' retrieved from /home/airflow/.local/lib/python3.12/site-packages/airflow/example_dags/example_branch_labels.py
[2026-08-12T05:14:51.780+0000] {logging_mixin.py:190} INFO - [2026-08-12T05:14:51.780+0000] {dag.py:3211} INFO - Sync 1 DAGs
[2026-08-12T05:14:51.804+0000] {logging_mixin.py:190} INFO - [2026-08-12T05:14:51.804+0000] {dag.py:4138} INFO - Setting next_dagrun for example_branch_labels to 2026-08-11 00:00:00+00:00, run_after=2026-08-12 00:00:00+00:00
[2026-08-12T05:14:51.823+0000] {processor.py:208} INFO - Processing /home/airflow/.local/lib/python3.12/site-packages/airflow/example_dags/example_branch_labels.py took 0.080 seconds
[2026-08-12T05:15:22.455+0000] {processor.py:186} INFO - Started process (PID=5303) to work on /home/airflow/.local/lib/python3.12/site-packages/airflow/example_dags/example_branch_labels.py
[2026-08-12T05:15:22.456+0000] {processor.py:914} INFO - Processing file /home/airflow/.local/lib/python3.12/site-packages/airflow/example_dags/example_branch_labels.py for tasks to queue
[2026-08-12T05:15:22.460+0000] {logging_mixin.py:190} INFO - [2026-08-12T05:15:22.459+0000] {dagbag.py:587} INFO - Filling up the DagBag from /home/airflow/.local/lib/python3.12/site-packages/airflow/example_dags/example_branch_labels.py
[2026-08-12T05:15:22.470+0000] {processor.py:925} INFO - DAG(s) 'example_branch_labels' retrieved from /home/airflow/.local/lib/python3.12/site-packages/airflow/example_dags/example_branch_labels.py
[2026-08-12T05:15:22.493+0000] {logging_mixin.py:190} INFO - [2026-08-12T05:15:22.493+0000] {dag.py:3211} INFO - Sync 1 DAGs
[2026-08-12T05:15:22.515+0000] {logging_mixin.py:190} INFO - [2026-08-12T05:15:22.515+0000] {dag.py:4138} INFO - Setting next_dagrun for example_branch_labels to 2026-08-11 00:00:00+00:00, run_after=2026-08-12 00:00:00+00:00
[2026-08-12T05:15:22.535+0000] {processor.py:208} INFO - Processing /home/airflow/.local/lib/python3.12/site-packages/airflow/example_dags/example_branch_labels.py took 0.087 seconds
[2026-08-12T05:15:53.006+0000] {processor.py:186} INFO - Started process (PID=5366) to work on /home/airflow/.local/lib/python3.12/site-packages/airflow/example_dags/example_branch_labels.py
[2026-08-12T05:15:53.008+0000] {processor.py:914} INFO - Processing file /home/airflow/.local/lib/python3.12/site-packages/airflow/example_dags/example_branch_labels.py for tasks to queue
[2026-08-12T05:15:53.011+0000] {logging_mixin.py:190} INFO - [2026-08-12T05:15:53.010+0000] {dagbag.py:587} INFO - Filling up the DagBag from /home/airflow/.local/lib/python3.12/site-packages/airflow/example_dags/example_branch_labels.py
[2026-08-12T05:15:53.020+0000] {processor.py:925} INFO - DAG(s) 'example_branch_labels' retrieved from /home/airflow/.local/lib/python3.12/site-packages/airflow/example_dags/example_branch_labels.py
[2026-08-12T05:15:53.043+0000] {logging_mixin.py:190} INFO - [2026-08-12T05:15:53.043+0000] {dag.py:3211} INFO - Sync 1 DAGs
[2026-08-12T05:15:53.074+0000] {logging_mixin.py:190} INFO - [2026-08-12T05:15:53.073+0000] {dag.py:4138} INFO - Setting next_dagrun for example_branch_labels to 2026-08-11 00:00:00+00:00, run_after=2026-08-12 00:00:00+00:00
[2026-08-12T05:15:53.091+0000] {processor.py:208} INFO - Processing /home/airflow/.local/lib/python3.12/site-packages/airflow/example_dags/example_branch_labels.py took 0.090 seconds
[2026-08-12T05:16:23.564+0000] {processor.py:186} INFO - Started process (PID=5429) to work on /home/airflow/.local/lib/python3.12/site-packages/airflow/example_dags/example_branch_labels.py
[2026-08-12T05:16:23.566+0000] {processor.py:914} INFO - Processing file /home/airflow/.local/lib/python3.12/site-packages/airflow/example_dags/example_branch_labels.py for tasks to queue
[2026-08-12T05:16:23.570+0000] {logging_mixin.py:190} INFO - [2026-08-12T05:16:23.570+0000] {dagbag.py:587} INFO - Filling up the DagBag from /home/airflow/.local/lib/python3.12/site-packages/airflow/example_dags/example_branch_labels.py
[2026-08-12T05:16:23.584+0000] {processor.py:925} INFO - DAG(s) 'example_branch_labels' retrieved from /home/airflow/.local/lib/python3.12/site-packages/airflow/example_dags/example_branch_labels.py
[2026-08-12T05:16:23.609+0000] {logging_mixin.py:190} INFO - [2026-08-12T05:16:23.608+0000] {dag.py:3211} INFO - Sync 1 DAGs
[2026-08-12T05:16:23.649+0000] {logging_mixin.py:190} INFO - [2026-08-12T05:16:23.649+0000] {dag.py:4138} INFO - Setting next_dagrun for example_branch_labels to 2026-08-11 00:00:00+00:00, run_after=2026-08-12 00:00:00+00:00
[2026-08-12T05:16:23.667+0000] {processor.py:208} INFO - Processing /home/airflow/.local/lib/python3.12/site-packages/airflow/example_dags/example_branch_labels.py took 0.110 seconds
[2026-08-12T05:16:54.136+0000] {processor.py:186} INFO - Started process (PID=5492) to work on /home/airflow/.local/lib/python3.12/site-packages/airflow/example_dags/example_branch_labels.py
[2026-08-12T05:16:54.137+0000] {processor.py:914} INFO - Processing file /home/airflow/.local/lib/python3.12/site-packages/airflow/example_dags/example_branch_labels.py for tasks to queue
[2026-08-12T05:16:54.140+0000] {logging_mixin.py:190} INFO - [2026-08-12T05:16:54.140+0000] {dagbag.py:587} INFO - Filling up the DagBag from /home/airflow/.local/lib/python3.12/site-packages/airflow/example_dags/example_branch_labels.py
[2026-08-12T05:16:54.151+0000] {processor.py:925} INFO - DAG(s) 'example_branch_labels' retrieved from /home/airflow/.local/lib/python3.12/site-packages/airflow/example_dags/example_branch_labels.py
[2026-08-12T05:16:54.171+0000] {logging_mixin.py:190} INFO - [2026-08-12T05:16:54.170+0000] {dag.py:3211} INFO - Sync 1 DAGs
[2026-08-12T05:16:54.192+0000] {logging_mixin.py:190} INFO - [2026-08-12T05:16:54.192+0000] {dag.py:4138} INFO - Setting next_dagrun for example_branch_labels to 2026-08-11 00:00:00+00:00, run_after=2026-08-12 00:00:00+00:00
[2026-08-12T05:16:54.209+0000] {processor.py:208} INFO - Processing /home/airflow/.local/lib/python3.12/site-packages/airflow/example_dags/example_branch_labels.py took 0.081 seconds
[2026-08-12T05:17:24.742+0000] {processor.py:186} INFO - Started process (PID=5555) to work on /home/airflow/.local/lib/python3.12/site-packages/airflow/example_dags/example_branch_labels.py
[2026-08-12T05:17:24.743+0000] {processor.py:914} INFO - Processing file /home/airflow/.local/lib/python3.12/site-packages/airflow/example_dags/example_branch_labels.py for tasks to queue
[2026-08-12T05:17:24.746+0000] {logging_mixin.py:190} INFO - [2026-08-12T05:17:24.746+0000] {dagbag.py:587} INFO - Filling up the DagBag from /home/airflow/.local/lib/python3.12/site-packages/airflow/example_dags/example_branch_labels.py
[2026-08-12T05:17:24.755+0000] {processor.py:925} INFO - DAG(s) 'example_branch_labels' retrieved from /home/airflow/.local/lib/python3.12/site-packages/airflow/example_dags/example_branch_labels.py
[2026-08-12T05:17:24.776+0000] {logging_mixin.py:190} INFO - [2026-08-12T05:17:24.776+0000] {dag.py:3211} INFO - Sync 1 DAGs
[2026-08-12T05:17:24.797+0000] {logging_mixin.py:190} INFO - [2026-08-12T05:17:24.797+0000] {dag.py:4138} INFO - Setting next_dagrun for example_branch_labels to 2026-08-11 00:00:00+00:00, run_after=2026-08-12 00:00:00+00:00
[2026-08-12T05:17:24.820+0000] {processor.py:208} INFO - Processing /home/airflow/.local/lib/python3.12/site-packages/airflow/example_dags/example_branch_labels.py took 0.083 seconds
[2026-08-12T05:17:55.671+0000] {processor.py:186} INFO - Started process (PID=5618) to work on /home/airflow/.local/lib/python3.12/site-packages/airflow/example_dags/example_branch_labels.py
[2026-08-12T05:17:55.673+0000] {processor.py:914} INFO - Processing file /home/airflow/.local/lib/python3.12/site-packages/airflow/example_dags/example_branch_labels.py for tasks to queue
[2026-08-12T05:17:55.676+0000] {logging_mixin.py:190} INFO - [2026-08-12T05:17:55.675+0000] {dagbag.py:587} INFO - Filling up the DagBag from /home/airflow/.local/lib/python3.12/site-packages/airflow/example_dags/example_branch_labels.py
[2026-08-12T05:17:55.685+0000] {processor.py:925} INFO - DAG(s) 'example_branch_labels' retrieved from /home/airflow/.local/lib/python3.12/site-packages/airflow/example_dags/example_branch_labels.py
[2026-08-12T05:17:55.708+0000] {logging_mixin.py:190} INFO - [2026-08-12T05:17:55.708+0000] {dag.py:3211} INFO - Sync 1 DAGs
[2026-08-12T05:17:55.733+0000] {logging_mixin.py:190} INFO - [2026-08-12T05:17:55.733+0000] {dag.py:4138} INFO - Setting next_dagrun for example_branch_labels to 2026-08-11 00:00:00+00:00, run_after=2026-08-12 00:00:00+00:00
[2026-08-12T05:17:55.755+0000] {processor.py:208} INFO - Processing /home/airflow/.local/lib/python3.12/site-packages/airflow/example_dags/example_branch_labels.py took 0.091 seconds
[2026-08-12T05:18:26.477+0000] {processor.py:186} INFO - Started process (PID=5681) to work on /home/airflow/.local/lib/python3.12/site-packages/airflow/example_dags/example_branch_labels.py
[2026-08-12T05:18:26.479+0000] {processor.py:914} INFO - Processing file /home/airflow/.local/lib/python3.12/site-packages/airflow/example_dags/example_branch_labels.py for tasks to queue
[2026-08-12T05:18:26.483+0000] {logging_mixin.py:190} INFO - [2026-08-12T05:18:26.482+0000] {dagbag.py:587} INFO - Filling up the DagBag from /home/airflow/.local/lib/python3.12/site-packages/airflow/example_dags/example_branch_labels.py
[2026-08-12T05:18:26.497+0000] {processor.py:925} INFO - DAG(s) 'example_branch_labels' retrieved from /home/airflow/.local/lib/python3.12/site-packages/airflow/example_dags/example_branch_labels.py
[2026-08-12T05:18:26.520+0000] {logging_mixin.py:190} INFO - [2026-08-12T05:18:26.520+0000] {dag.py:3211} INFO - Sync 1 DAGs
[2026-08-12T05:18:26.548+0000] {logging_mixin.py:190} INFO - [2026-08-12T05:18:26.548+0000] {dag.py:4138} INFO - Setting next_dagrun for example_branch_labels to 2026-08-11 00:00:00+00:00, run_after=2026-08-12 00:00:00+00:00
[2026-08-12T05:18:26.570+0000] {processor.py:208} INFO - Processing /home/airflow/.local/lib/python3.12/site-packages/airflow/example_dags/example_branch_labels.py took 0.099 seconds
[2026-08-12T05:19:05.194+0000] {processor.py:186} INFO - Started process (PID=5744) to work on /home/airflow/.local/lib/python3.12/site-packages/airflow/example_dags/example_branch_labels.py
[2026-08-12T05:19:05.206+0000] {processor.py:914} INFO - Processing file /home/airflow/.local/lib/python3.12/site-packages/airflow/example_dags/example_branch_labels.py for tasks to queue
[2026-08-12T05:19:05.220+0000] {logging_mixin.py:190} INFO - [2026-08-12T05:19:05.219+0000] {dagbag.py:587} INFO - Filling up the DagBag from /home/airflow/.local/lib/python3.12/site-packages/airflow/example_dags/example_branch_labels.py
[2026-08-12T05:19:05.262+0000] {processor.py:925} INFO - DAG(s) 'example_branch_labels' retrieved from /home/airflow/.local/lib/python3.12/site-packages/airflow/example_dags/example_branch_labels.py
[2026-08-12T05:19:05.376+0000] {logging_mixin.py:190} INFO - [2026-08-12T05:19:05.376+0000] {dag.py:3211} INFO - Sync 1 DAGs
[2026-08-12T05:19:05.602+0000] {logging_mixin.py:190} INFO - [2026-08-12T05:19:05.601+0000] {dag.py:4138} INFO - Setting next_dagrun for example_branch_labels to 2026-08-11 00:00:00+00:00, run_after=2026-08-12 00:00:00+00:00
[2026-08-12T05:19:05.763+0000] {processor.py:208} INFO - Processing /home/airflow/.local/lib/python3.12/site-packages/airflow/example_dags/example_branch_labels.py took 0.587 seconds
[2026-08-12T05:19:36.329+0000] {processor.py:186} INFO - Started process (PID=5808) to work on /home/airflow/.local/lib/python3.12/site-packages/airflow/example_dags/example_branch_labels.py
[2026-08-12T05:19:36.353+0000] {processor.py:914} INFO - Processing file /home/airflow/.local/lib/python3.12/site-packages/airflow/example_dags/example_branch_labels.py for tasks to queue
[2026-08-12T05:19:36.389+0000] {logging_mixin.py:190} INFO - [2026-08-12T05:19:36.388+0000] {dagbag.py:587} INFO - Filling up the DagBag from /home/airflow/.local/lib/python3.12/site-packages/airflow/example_dags/example_branch_labels.py
[2026-08-12T05:19:36.442+0000] {processor.py:925} INFO - DAG(s) 'example_branch_labels' retrieved from /home/airflow/.local/lib/python3.12/site-packages/airflow/example_dags/example_branch_labels.py
[2026-08-12T05:19:36.508+0000] {logging_mixin.py:190} INFO - [2026-08-12T05:19:36.507+0000] {dag.py:3211} INFO - Sync 1 DAGs
[2026-08-12T05:19:36.589+0000] {logging_mixin.py:190} INFO - [2026-08-12T05:19:36.588+0000] {dag.py:4138} INFO - Setting next_dagrun for example_branch_labels to 2026-08-11 00:00:00+00:00, run_after=2026-08-12 00:00:00+00:00
[2026-08-12T05:19:36.694+0000] {processor.py:208} INFO - Processing /home/airflow/.local/lib/python3.12/site-packages/airflow/example_dags/example_branch_labels.py took 0.427 seconds
[2026-08-12T05:20:08.072+0000] {processor.py:186} INFO - Started process (PID=5877) to work on /home/airflow/.local/lib/python3.12/site-packages/airflow/example_dags/example_branch_labels.py
[2026-08-12T05:20:08.105+0000] {processor.py:914} INFO - Processing file /home/airflow/.local/lib/python3.12/site-packages/airflow/example_dags/example_branch_labels.py for tasks to queue
[2026-08-12T05:20:08.119+0000] {logging_mixin.py:190} INFO - [2026-08-12T05:20:08.118+0000] {dagbag.py:587} INFO - Filling up the DagBag from /home/airflow/.local/lib/python3.12/site-packages/airflow/example_dags/example_branch_labels.py
[2026-08-12T05:20:08.150+0000] {processor.py:925} INFO - DAG(s) 'example_branch_labels' retrieved from /home/airflow/.local/lib/python3.12/site-packages/airflow/example_dags/example_branch_labels.py
[2026-08-12T05:20:08.234+0000] {logging_mixin.py:190} INFO - [2026-08-12T05:20:08.233+0000] {dag.py:3211} INFO - Sync 1 DAGs
[2026-08-12T05:20:08.319+0000] {logging_mixin.py:190} INFO - [2026-08-12T05:20:08.319+0000] {dag.py:4138} INFO - Setting next_dagrun for example_branch_labels to 2026-08-11 00:00:00+00:00, run_after=2026-08-12 00:00:00+00:00
[2026-08-12T05:20:08.458+0000] {processor.py:208} INFO - Processing /home/airflow/.local/lib/python3.12/site-packages/airflow/example_dags/example_branch_labels.py took 0.400 seconds
[2026-08-12T05:20:39.194+0000] {processor.py:186} INFO - Started process (PID=5940) to work on /home/airflow/.local/lib/python3.12/site-packages/airflow/example_dags/example_branch_labels.py
[2026-08-12T05:20:39.208+0000] {processor.py:914} INFO - Processing file /home/airflow/.local/lib/python3.12/site-packages/airflow/example_dags/example_branch_labels.py for tasks to queue
[2026-08-12T05:20:39.238+0000] {logging_mixin.py:190} INFO - [2026-08-12T05:20:39.237+0000] {dagbag.py:587} INFO - Filling up the DagBag from /home/airflow/.local/lib/python3.12/site-packages/airflow/example_dags/example_branch_labels.py
[2026-08-12T05:20:39.298+0000] {processor.py:925} INFO - DAG(s) 'example_branch_labels' retrieved from /home/airflow/.local/lib/python3.12/site-packages/airflow/example_dags/example_branch_labels.py
[2026-08-12T05:20:39.419+0000] {logging_mixin.py:190} INFO - [2026-08-12T05:20:39.418+0000] {dag.py:3211} INFO - Sync 1 DAGs
[2026-08-12T05:20:39.614+0000] {logging_mixin.py:190} INFO - [2026-08-12T05:20:39.604+0000] {dag.py:4138} INFO - Setting next_dagrun for example_branch_labels to 2026-08-11 00:00:00+00:00, run_after=2026-08-12 00:00:00+00:00
[2026-08-12T05:20:39.779+0000] {processor.py:208} INFO - Processing /home/airflow/.local/lib/python3.12/site-packages/airflow/example_dags/example_branch_labels.py took 0.607 seconds
[2026-08-12T05:21:09.906+0000] {processor.py:186} INFO - Started process (PID=6004) to work on /home/airflow/.local/lib/python3.12/site-packages/airflow/example_dags/example_branch_labels.py
[2026-08-12T05:21:09.908+0000] {processor.py:914} INFO - Processing file /home/airflow/.local/lib/python3.12/site-packages/airflow/example_dags/example_branch_labels.py for tasks to queue
[2026-08-12T05:21:09.912+0000] {logging_mixin.py:190} INFO - [2026-08-12T05:21:09.911+0000] {dagbag.py:587} INFO - Filling up the DagBag from /home/airflow/.local/lib/python3.12/site-packages/airflow/example_dags/example_branch_labels.py
[2026-08-12T05:21:09.924+0000] {processor.py:925} INFO - DAG(s) 'example_branch_labels' retrieved from /home/airflow/.local/lib/python3.12/site-packages/airflow/example_dags/example_branch_labels.py
[2026-08-12T05:21:09.951+0000] {logging_mixin.py:190} INFO - [2026-08-12T05:21:09.951+0000] {dag.py:3211} INFO - Sync 1 DAGs
[2026-08-12T05:21:09.989+0000] {logging_mixin.py:190} INFO - [2026-08-12T05:21:09.988+0000] {dag.py:4138} INFO - Setting next_dagrun for example_branch_labels to 2026-08-11 00:00:00+00:00, run_after=2026-08-12 00:00:00+00:00
[2026-08-12T05:21:10.036+0000] {processor.py:208} INFO - Processing /home/airflow/.local/lib/python3.12/site-packages/airflow/example_dags/example_branch_labels.py took 0.136 seconds
[2026-08-12T05:21:40.439+0000] {processor.py:186} INFO - Started process (PID=6069) to work on /home/airflow/.local/lib/python3.12/site-packages/airflow/example_dags/example_branch_labels.py
[2026-08-12T05:21:40.441+0000] {processor.py:914} INFO - Processing file /home/airflow/.local/lib/python3.12/site-packages/airflow/example_dags/example_branch_labels.py for tasks to queue
[2026-08-12T05:21:40.444+0000] {logging_mixin.py:190} INFO - [2026-08-12T05:21:40.444+0000] {dagbag.py:587} INFO - Filling up the DagBag from /home/airflow/.local/lib/python3.12/site-packages/airflow/example_dags/example_branch_labels.py
[2026-08-12T05:21:40.454+0000] {processor.py:925} INFO - DAG(s) 'example_branch_labels' retrieved from /home/airflow/.local/lib/python3.12/site-packages/airflow/example_dags/example_branch_labels.py
[2026-08-12T05:21:40.480+0000] {logging_mixin.py:190} INFO - [2026-08-12T05:21:40.480+0000] {dag.py:3211} INFO - Sync 1 DAGs
[2026-08-12T05:21:40.506+0000] {logging_mixin.py:190} INFO - [2026-08-12T05:21:40.506+0000] {dag.py:4138} INFO - Setting next_dagrun for example_branch_labels to 2026-08-11 00:00:00+00:00, run_after=2026-08-12 00:00:00+00:00
[2026-08-12T05:21:40.530+0000] {processor.py:208} INFO - Processing /home/airflow/.local/lib/python3.12/site-packages/airflow/example_dags/example_branch_labels.py took 0.096 seconds
[2026-08-12T05:22:10.869+0000] {processor.py:186} INFO - Started process (PID=6133) to work on /home/airflow/.local/lib/python3.12/site-packages/airflow/example_dags/example_branch_labels.py
[2026-08-12T05:22:10.876+0000] {processor.py:914} INFO - Processing file /home/airflow/.local/lib/python3.12/site-packages/airflow/example_dags/example_branch_labels.py for tasks to queue
[2026-08-12T05:22:10.881+0000] {logging_mixin.py:190} INFO - [2026-08-12T05:22:10.881+0000] {dagbag.py:587} INFO - Filling up the DagBag from /home/airflow/.local/lib/python3.12/site-packages/airflow/example_dags/example_branch_labels.py
[2026-08-12T05:22:10.894+0000] {processor.py:925} INFO - DAG(s) 'example_branch_labels' retrieved from /home/airflow/.local/lib/python3.12/site-packages/airflow/example_dags/example_branch_labels.py
[2026-08-12T05:22:10.920+0000] {logging_mixin.py:190} INFO - [2026-08-12T05:22:10.920+0000] {dag.py:3211} INFO - Sync 1 DAGs
[2026-08-12T05:22:10.953+0000] {logging_mixin.py:190} INFO - [2026-08-12T05:22:10.952+0000] {dag.py:4138} INFO - Setting next_dagrun for example_branch_labels to 2026-08-11 00:00:00+00:00, run_after=2026-08-12 00:00:00+00:00
[2026-08-12T05:22:10.989+0000] {processor.py:208} INFO - Processing /home/airflow/.local/lib/python3.12/site-packages/airflow/example_dags/example_branch_labels.py took 0.130 seconds
[2026-08-12T05:22:41.185+0000] {processor.py:186} INFO - Started process (PID=6196) to work on /home/airflow/.local/lib/python3.12/site-packages/airflow/example_dags/example_branch_labels.py
[2026-08-12T05:22:41.187+0000] {processor.py:914} INFO - Processing file /home/airflow/.local/lib/python3.12/site-packages/airflow/example_dags/example_branch_labels.py for tasks to queue
[2026-08-12T05:22:41.189+0000] {logging_mixin.py:190} INFO - [2026-08-12T05:22:41.189+0000] {dagbag.py:587} INFO - Filling up the DagBag from /home/airflow/.local/lib/python3.12/site-packages/airflow/example_dags/example_branch_labels.py
[2026-08-12T05:22:41.199+0000] {processor.py:925} INFO - DAG(s) 'example_branch_labels' retrieved from /home/airflow/.local/lib/python3.12/site-packages/airflow/example_dags/example_branch_labels.py
[2026-08-12T05:22:41.226+0000] {logging_mixin.py:190} INFO - [2026-08-12T05:22:41.225+0000] {dag.py:3211} INFO - Sync 1 DAGs
[2026-08-12T05:22:41.250+0000] {logging_mixin.py:190} INFO - [2026-08-12T05:22:41.250+0000] {dag.py:4138} INFO - Setting next_dagrun for example_branch_labels to 2026-08-11 00:00:00+00:00, run_after=2026-08-12 00:00:00+00:00
[2026-08-12T05:22:41.281+0000] {processor.py:208} INFO - Processing /home/airflow/.local/lib/python3.12/site-packages/airflow/example_dags/example_branch_labels.py took 0.101 seconds
[2026-08-12T05:23:11.762+0000] {processor.py:186} INFO - Started process (PID=6261) to work on /home/airflow/.local/lib/python3.12/site-packages/airflow/example_dags/example_branch_labels.py
[2026-08-12T05:23:11.764+0000] {processor.py:914} INFO - Processing file /home/airflow/.local/lib/python3.12/site-packages/airflow/example_dags/example_branch_labels.py for tasks to queue
[2026-08-12T05:23:11.767+0000] {logging_mixin.py:190} INFO - [2026-08-12T05:23:11.766+0000] {dagbag.py:587} INFO - Filling up the DagBag from /home/airflow/.local/lib/python3.12/site-packages/airflow/example_dags/example_branch_labels.py
[2026-08-12T05:23:11.778+0000] {processor.py:925} INFO - DAG(s) 'example_branch_labels' retrieved from /home/airflow/.local/lib/python3.12/site-packages/airflow/example_dags/example_branch_labels.py
[2026-08-12T05:23:11.804+0000] {logging_mixin.py:190} INFO - [2026-08-12T05:23:11.804+0000] {dag.py:3211} INFO - Sync 1 DAGs
[2026-08-12T05:23:11.829+0000] {logging_mixin.py:190} INFO - [2026-08-12T05:23:11.829+0000] {dag.py:4138} INFO - Setting next_dagrun for example_branch_labels to 2026-08-11 00:00:00+00:00, run_after=2026-08-12 00:00:00+00:00
[2026-08-12T05:23:11.866+0000] {processor.py:208} INFO - Processing /home/airflow/.local/lib/python3.12/site-packages/airflow/example_dags/example_branch_labels.py took 0.111 seconds
[2026-08-12T05:23:42.039+0000] {processor.py:186} INFO - Started process (PID=6324) to work on /home/airflow/.local/lib/python3.12/site-packages/airflow/example_dags/example_branch_labels.py
[2026-08-12T05:23:42.041+0000] {processor.py:914} INFO - Processing file /home/airflow/.local/lib/python3.12/site-packages/airflow/example_dags/example_branch_labels.py for tasks to queue
[2026-08-12T05:23:42.045+0000] {logging_mixin.py:190} INFO - [2026-08-12T05:23:42.044+0000] {dagbag.py:587} INFO - Filling up the DagBag from /home/airflow/.local/lib/python3.12/site-packages/airflow/example_dags/example_branch_labels.py
[2026-08-12T05:23:42.056+0000] {processor.py:925} INFO - DAG(s) 'example_branch_labels' retrieved from /home/airflow/.local/lib/python3.12/site-packages/airflow/example_dags/example_branch_labels.py
[2026-08-12T05:23:42.077+0000] {logging_mixin.py:190} INFO - [2026-08-12T05:23:42.077+0000] {dag.py:3211} INFO - Sync 1 DAGs
[2026-08-12T05:23:42.101+0000] {logging_mixin.py:190} INFO - [2026-08-12T05:23:42.101+0000] {dag.py:4138} INFO - Setting next_dagrun for example_branch_labels to 2026-08-11 00:00:00+00:00, run_after=2026-08-12 00:00:00+00:00
[2026-08-12T05:23:42.120+0000] {processor.py:208} INFO - Processing /home/airflow/.local/lib/python3.12/site-packages/airflow/example_dags/example_branch_labels.py took 0.086 seconds
[2026-08-12T05:24:12.989+0000] {processor.py:186} INFO - Started process (PID=6387) to work on /home/airflow/.local/lib/python3.12/site-packages/airflow/example_dags/example_branch_labels.py
[2026-08-12T05:24:12.990+0000] {processor.py:914} INFO - Processing file /home/airflow/.local/lib/python3.12/site-packages/airflow/example_dags/example_branch_labels.py for tasks to queue
[2026-08-12T05:24:12.993+0000] {logging_mixin.py:190} INFO - [2026-08-12T05:24:12.993+0000] {dagbag.py:587} INFO - Filling up the DagBag from /home/airflow/.local/lib/python3.12/site-packages/airflow/example_dags/example_branch_labels.py
[2026-08-12T05:24:13.002+0000] {processor.py:925} INFO - DAG(s) 'example_branch_labels' retrieved from /home/airflow/.local/lib/python3.12/site-packages/airflow/example_dags/example_branch_labels.py
[2026-08-12T05:24:13.023+0000] {logging_mixin.py:190} INFO - [2026-08-12T05:24:13.023+0000] {dag.py:3211} INFO - Sync 1 DAGs
[2026-08-12T05:24:13.044+0000] {logging_mixin.py:190} INFO - [2026-08-12T05:24:13.044+0000] {dag.py:4138} INFO - Setting next_dagrun for example_branch_labels to 2026-08-11 00:00:00+00:00, run_after=2026-08-12 00:00:00+00:00
[2026-08-12T05:24:13.077+0000] {processor.py:208} INFO - Processing /home/airflow/.local/lib/python3.12/site-packages/airflow/example_dags/example_branch_labels.py took 0.093 seconds
[2026-08-12T05:24:44.083+0000] {processor.py:186} INFO - Started process (PID=6451) to work on /home/airflow/.local/lib/python3.12/site-packages/airflow/example_dags/example_branch_labels.py
[2026-08-12T05:24:44.085+0000] {processor.py:914} INFO - Processing file /home/airflow/.local/lib/python3.12/site-packages/airflow/example_dags/example_branch_labels.py for tasks to queue
[2026-08-12T05:24:44.088+0000] {logging_mixin.py:190} INFO - [2026-08-12T05:24:44.087+0000] {dagbag.py:587} INFO - Filling up the DagBag from /home/airflow/.local/lib/python3.12/site-packages/airflow/example_dags/example_branch_labels.py
[2026-08-12T05:24:44.100+0000] {processor.py:925} INFO - DAG(s) 'example_branch_labels' retrieved from /home/airflow/.local/lib/python3.12/site-packages/airflow/example_dags/example_branch_labels.py
[2026-08-12T05:24:44.122+0000] {logging_mixin.py:190} INFO - [2026-08-12T05:24:44.121+0000] {dag.py:3211} INFO - Sync 1 DAGs
[2026-08-12T05:24:44.147+0000] {logging_mixin.py:190} INFO - [2026-08-12T05:24:44.147+0000] {dag.py:4138} INFO - Setting next_dagrun for example_branch_labels to 2026-08-11 00:00:00+00:00, run_after=2026-08-12 00:00:00+00:00
[2026-08-12T05:24:44.167+0000] {processor.py:208} INFO - Processing /home/airflow/.local/lib/python3.12/site-packages/airflow/example_dags/example_branch_labels.py took 0.089 seconds
[2026-08-12T05:25:14.364+0000] {processor.py:186} INFO - Started process (PID=6515) to work on /home/airflow/.local/lib/python3.12/site-packages/airflow/example_dags/example_branch_labels.py
[2026-08-12T05:25:14.366+0000] {processor.py:914} INFO - Processing file /home/airflow/.local/lib/python3.12/site-packages/airflow/example_dags/example_branch_labels.py for tasks to queue
[2026-08-12T05:25:14.368+0000] {logging_mixin.py:190} INFO - [2026-08-12T05:25:14.368+0000] {dagbag.py:587} INFO - Filling up the DagBag from /home/airflow/.local/lib/python3.12/site-packages/airflow/example_dags/example_branch_labels.py
[2026-08-12T05:25:14.377+0000] {processor.py:925} INFO - DAG(s) 'example_branch_labels' retrieved from /home/airflow/.local/lib/python3.12/site-packages/airflow/example_dags/example_branch_labels.py
[2026-08-12T05:25:14.399+0000] {logging_mixin.py:190} INFO - [2026-08-12T05:25:14.399+0000] {dag.py:3211} INFO - Sync 1 DAGs
[2026-08-12T05:25:14.422+0000] {logging_mixin.py:190} INFO - [2026-08-12T05:25:14.422+0000] {dag.py:4138} INFO - Setting next_dagrun for example_branch_labels to 2026-08-11 00:00:00+00:00, run_after=2026-08-12 00:00:00+00:00
[2026-08-12T05:25:14.440+0000] {processor.py:208} INFO - Processing /home/airflow/.local/lib/python3.12/site-packages/airflow/example_dags/example_branch_labels.py took 0.081 seconds
[2026-08-12T05:25:45.098+0000] {processor.py:186} INFO - Started process (PID=6578) to work on /home/airflow/.local/lib/python3.12/site-packages/airflow/example_dags/example_branch_labels.py
[2026-08-12T05:25:45.100+0000] {processor.py:914} INFO - Processing file /home/airflow/.local/lib/python3.12/site-packages/airflow/example_dags/example_branch_labels.py for tasks to queue
[2026-08-12T05:25:45.104+0000] {logging_mixin.py:190} INFO - [2026-08-12T05:25:45.103+0000] {dagbag.py:587} INFO - Filling up the DagBag from /home/airflow/.local/lib/python3.12/site-packages/airflow/example_dags/example_branch_labels.py
[2026-08-12T05:25:45.115+0000] {processor.py:925} INFO - DAG(s) 'example_branch_labels' retrieved from /home/airflow/.local/lib/python3.12/site-packages/airflow/example_dags/example_branch_labels.py
[2026-08-12T05:25:45.138+0000] {logging_mixin.py:190} INFO - [2026-08-12T05:25:45.137+0000] {dag.py:3211} INFO - Sync 1 DAGs
[2026-08-12T05:25:45.163+0000] {logging_mixin.py:190} INFO - [2026-08-12T05:25:45.163+0000] {dag.py:4138} INFO - Setting next_dagrun for example_branch_labels to 2026-08-11 00:00:00+00:00, run_after=2026-08-12 00:00:00+00:00
[2026-08-12T05:25:45.185+0000] {processor.py:208} INFO - Processing /home/airflow/.local/lib/python3.12/site-packages/airflow/example_dags/example_branch_labels.py took 0.093 seconds
