[2026-08-12T04:30:48.304+0000] {processor.py:186} INFO - Started process (PID=82) to work on /home/airflow/.local/lib/python3.12/site-packages/airflow/example_dags/example_branch_datetime_operator.py
[2026-08-12T04:30:48.307+0000] {processor.py:914} INFO - Processing file /home/airflow/.local/lib/python3.12/site-packages/airflow/example_dags/example_branch_datetime_operator.py for tasks to queue
[2026-08-12T04:30:48.313+0000] {logging_mixin.py:190} INFO - [2026-08-12T04:30:48.312+0000] {dagbag.py:587} INFO - Filling up the DagBag from /home/airflow/.local/lib/python3.12/site-packages/airflow/example_dags/example_branch_datetime_operator.py
[2026-08-12T04:30:48.351+0000] {processor.py:925} INFO - DAG(s) 'example_branch_datetime_operator_2', 'example_branch_datetime_operator_3', 'example_branch_datetime_operator' retrieved from /home/airflow/.local/lib/python3.12/site-packages/airflow/example_dags/example_branch_datetime_operator.py
[2026-08-12T04:30:48.551+0000] {logging_mixin.py:190} INFO - [2026-08-12T04:30:48.549+0000] {override.py:1858} INFO - Created Permission View: can edit on DAG:example_branch_datetime_operator_2
[2026-08-12T04:30:48.565+0000] {logging_mixin.py:190} INFO - [2026-08-12T04:30:48.564+0000] {override.py:1858} INFO - Created Permission View: can delete on DAG:example_branch_datetime_operator_2
[2026-08-12T04:30:48.576+0000] {logging_mixin.py:190} INFO - [2026-08-12T04:30:48.575+0000] {override.py:1858} INFO - Created Permission View: can read on DAG:example_branch_datetime_operator_2
[2026-08-12T04:30:48.596+0000] {logging_mixin.py:190} INFO - [2026-08-12T04:30:48.595+0000] {override.py:1858} INFO - Created Permission View: can edit on DAG:example_branch_datetime_operator_3
[2026-08-12T04:30:48.607+0000] {logging_mixin.py:190} INFO - [2026-08-12T04:30:48.606+0000] {override.py:1858} INFO - Created Permission View: can delete on DAG:example_branch_datetime_operator_3
[2026-08-12T04:30:48.615+0000] {logging_mixin.py:190} INFO - [2026-08-12T04:30:48.615+0000] {override.py:1858} INFO - Created Permission View: can read on DAG:example_branch_datetime_operator_3
[2026-08-12T04:30:48.631+0000] {logging_mixin.py:190} INFO - [2026-08-12T04:30:48.631+0000] {override.py:1858} INFO - Created Permission View: can edit on DAG:example_branch_datetime_operator
[2026-08-12T04:30:48.640+0000] {logging_mixin.py:190} INFO - [2026-08-12T04:30:48.639+0000] {override.py:1858} INFO - Created Permission View: can delete on DAG:example_branch_datetime_operator
[2026-08-12T04:30:48.650+0000] {logging_mixin.py:190} INFO - [2026-08-12T04:30:48.650+0000] {override.py:1858} INFO - Created Permission View: can read on DAG:example_branch_datetime_operator
[2026-08-12T04:30:48.652+0000] {logging_mixin.py:190} INFO - [2026-08-12T04:30:48.651+0000] {dag.py:3211} INFO - Sync 3 DAGs
[2026-08-12T04:30:48.669+0000] {logging_mixin.py:190} INFO - [2026-08-12T04:30:48.669+0000] {dag.py:3234} INFO - Creating ORM DAG for example_branch_datetime_operator_2
[2026-08-12T04:30:48.671+0000] {logging_mixin.py:190} INFO - [2026-08-12T04:30:48.671+0000] {dag.py:3234} INFO - Creating ORM DAG for example_branch_datetime_operator_3
[2026-08-12T04:30:48.673+0000] {logging_mixin.py:190} INFO - [2026-08-12T04:30:48.673+0000] {dag.py:3234} INFO - Creating ORM DAG for example_branch_datetime_operator
[2026-08-12T04:30:48.690+0000] {logging_mixin.py:190} INFO - [2026-08-12T04:30:48.690+0000] {dag.py:4138} INFO - Setting next_dagrun for example_branch_datetime_operator to 2026-08-11 00:00:00+00:00, run_after=2026-08-12 00:00:00+00:00
[2026-08-12T04:30:48.693+0000] {logging_mixin.py:190} INFO - [2026-08-12T04:30:48.693+0000] {dag.py:4138} INFO - Setting next_dagrun for example_branch_datetime_operator_2 to 2026-08-11 00:00:00+00:00, run_after=2026-08-12 00:00:00+00:00
[2026-08-12T04:30:48.696+0000] {logging_mixin.py:190} INFO - [2026-08-12T04:30:48.696+0000] {dag.py:4138} INFO - Setting next_dagrun for example_branch_datetime_operator_3 to 2026-08-11 00:00:00+00:00, run_after=2026-08-12 00:00:00+00:00
[2026-08-12T04:30:48.723+0000] {processor.py:208} INFO - Processing /home/airflow/.local/lib/python3.12/site-packages/airflow/example_dags/example_branch_datetime_operator.py took 0.435 seconds
[2026-08-12T04:31:18.851+0000] {processor.py:186} INFO - Started process (PID=145) to work on /home/airflow/.local/lib/python3.12/site-packages/airflow/example_dags/example_branch_datetime_operator.py
[2026-08-12T04:31:18.853+0000] {processor.py:914} INFO - Processing file /home/airflow/.local/lib/python3.12/site-packages/airflow/example_dags/example_branch_datetime_operator.py for tasks to queue
[2026-08-12T04:31:18.855+0000] {logging_mixin.py:190} INFO - [2026-08-12T04:31:18.855+0000] {dagbag.py:587} INFO - Filling up the DagBag from /home/airflow/.local/lib/python3.12/site-packages/airflow/example_dags/example_branch_datetime_operator.py
[2026-08-12T04:31:18.867+0000] {processor.py:925} INFO - DAG(s) 'example_branch_datetime_operator_2', 'example_branch_datetime_operator_3', 'example_branch_datetime_operator' retrieved from /home/airflow/.local/lib/python3.12/site-packages/airflow/example_dags/example_branch_datetime_operator.py
[2026-08-12T04:31:18.893+0000] {logging_mixin.py:190} INFO - [2026-08-12T04:31:18.893+0000] {dag.py:3211} INFO - Sync 3 DAGs
[2026-08-12T04:31:18.915+0000] {logging_mixin.py:190} INFO - [2026-08-12T04:31:18.914+0000] {dag.py:4138} INFO - Setting next_dagrun for example_branch_datetime_operator to 2026-08-11 00:00:00+00:00, run_after=2026-08-12 00:00:00+00:00
[2026-08-12T04:31:18.920+0000] {logging_mixin.py:190} INFO - [2026-08-12T04:31:18.920+0000] {dag.py:4138} INFO - Setting next_dagrun for example_branch_datetime_operator_2 to 2026-08-11 00:00:00+00:00, run_after=2026-08-12 00:00:00+00:00
[2026-08-12T04:31:18.924+0000] {logging_mixin.py:190} INFO - [2026-08-12T04:31:18.924+0000] {dag.py:4138} INFO - Setting next_dagrun for example_branch_datetime_operator_3 to 2026-08-11 00:00:00+00:00, run_after=2026-08-12 00:00:00+00:00
[2026-08-12T04:31:18.941+0000] {processor.py:208} INFO - Processing /home/airflow/.local/lib/python3.12/site-packages/airflow/example_dags/example_branch_datetime_operator.py took 0.095 seconds
[2026-08-12T04:31:49.028+0000] {processor.py:186} INFO - Started process (PID=207) to work on /home/airflow/.local/lib/python3.12/site-packages/airflow/example_dags/example_branch_datetime_operator.py
[2026-08-12T04:31:49.030+0000] {processor.py:914} INFO - Processing file /home/airflow/.local/lib/python3.12/site-packages/airflow/example_dags/example_branch_datetime_operator.py for tasks to queue
[2026-08-12T04:31:49.034+0000] {logging_mixin.py:190} INFO - [2026-08-12T04:31:49.033+0000] {dagbag.py:587} INFO - Filling up the DagBag from /home/airflow/.local/lib/python3.12/site-packages/airflow/example_dags/example_branch_datetime_operator.py
[2026-08-12T04:31:49.043+0000] {processor.py:925} INFO - DAG(s) 'example_branch_datetime_operator', 'example_branch_datetime_operator_3', 'example_branch_datetime_operator_2' retrieved from /home/airflow/.local/lib/python3.12/site-packages/airflow/example_dags/example_branch_datetime_operator.py
[2026-08-12T04:31:49.067+0000] {logging_mixin.py:190} INFO - [2026-08-12T04:31:49.067+0000] {dag.py:3211} INFO - Sync 3 DAGs
[2026-08-12T04:31:49.087+0000] {logging_mixin.py:190} INFO - [2026-08-12T04:31:49.086+0000] {dag.py:4138} INFO - Setting next_dagrun for example_branch_datetime_operator to 2026-08-11 00:00:00+00:00, run_after=2026-08-12 00:00:00+00:00
[2026-08-12T04:31:49.091+0000] {logging_mixin.py:190} INFO - [2026-08-12T04:31:49.091+0000] {dag.py:4138} INFO - Setting next_dagrun for example_branch_datetime_operator_2 to 2026-08-11 00:00:00+00:00, run_after=2026-08-12 00:00:00+00:00
[2026-08-12T04:31:49.095+0000] {logging_mixin.py:190} INFO - [2026-08-12T04:31:49.094+0000] {dag.py:4138} INFO - Setting next_dagrun for example_branch_datetime_operator_3 to 2026-08-11 00:00:00+00:00, run_after=2026-08-12 00:00:00+00:00
[2026-08-12T04:31:49.110+0000] {processor.py:208} INFO - Processing /home/airflow/.local/lib/python3.12/site-packages/airflow/example_dags/example_branch_datetime_operator.py took 0.087 seconds
[2026-08-12T04:33:02.444+0000] {processor.py:186} INFO - Started process (PID=79) to work on /home/airflow/.local/lib/python3.12/site-packages/airflow/example_dags/example_branch_datetime_operator.py
[2026-08-12T04:33:02.448+0000] {processor.py:914} INFO - Processing file /home/airflow/.local/lib/python3.12/site-packages/airflow/example_dags/example_branch_datetime_operator.py for tasks to queue
[2026-08-12T04:33:02.454+0000] {logging_mixin.py:190} INFO - [2026-08-12T04:33:02.453+0000] {dagbag.py:587} INFO - Filling up the DagBag from /home/airflow/.local/lib/python3.12/site-packages/airflow/example_dags/example_branch_datetime_operator.py
[2026-08-12T04:33:02.480+0000] {processor.py:925} INFO - DAG(s) 'example_branch_datetime_operator_3', 'example_branch_datetime_operator', 'example_branch_datetime_operator_2' retrieved from /home/airflow/.local/lib/python3.12/site-packages/airflow/example_dags/example_branch_datetime_operator.py
[2026-08-12T04:33:02.560+0000] {logging_mixin.py:190} INFO - [2026-08-12T04:33:02.560+0000] {dag.py:3211} INFO - Sync 3 DAGs
[2026-08-12T04:33:02.622+0000] {logging_mixin.py:190} INFO - [2026-08-12T04:33:02.621+0000] {dag.py:4138} INFO - Setting next_dagrun for example_branch_datetime_operator to 2026-08-11 00:00:00+00:00, run_after=2026-08-12 00:00:00+00:00
[2026-08-12T04:33:02.634+0000] {logging_mixin.py:190} INFO - [2026-08-12T04:33:02.634+0000] {dag.py:4138} INFO - Setting next_dagrun for example_branch_datetime_operator_2 to 2026-08-11 00:00:00+00:00, run_after=2026-08-12 00:00:00+00:00
[2026-08-12T04:33:02.642+0000] {logging_mixin.py:190} INFO - [2026-08-12T04:33:02.641+0000] {dag.py:4138} INFO - Setting next_dagrun for example_branch_datetime_operator_3 to 2026-08-11 00:00:00+00:00, run_after=2026-08-12 00:00:00+00:00
[2026-08-12T04:33:02.678+0000] {processor.py:208} INFO - Processing /home/airflow/.local/lib/python3.12/site-packages/airflow/example_dags/example_branch_datetime_operator.py took 0.244 seconds
[2026-08-12T04:33:32.950+0000] {processor.py:186} INFO - Started process (PID=141) to work on /home/airflow/.local/lib/python3.12/site-packages/airflow/example_dags/example_branch_datetime_operator.py
[2026-08-12T04:33:32.953+0000] {processor.py:914} INFO - Processing file /home/airflow/.local/lib/python3.12/site-packages/airflow/example_dags/example_branch_datetime_operator.py for tasks to queue
[2026-08-12T04:33:32.957+0000] {logging_mixin.py:190} INFO - [2026-08-12T04:33:32.957+0000] {dagbag.py:587} INFO - Filling up the DagBag from /home/airflow/.local/lib/python3.12/site-packages/airflow/example_dags/example_branch_datetime_operator.py
[2026-08-12T04:33:32.999+0000] {processor.py:925} INFO - DAG(s) 'example_branch_datetime_operator', 'example_branch_datetime_operator_2', 'example_branch_datetime_operator_3' retrieved from /home/airflow/.local/lib/python3.12/site-packages/airflow/example_dags/example_branch_datetime_operator.py
[2026-08-12T04:33:33.061+0000] {logging_mixin.py:190} INFO - [2026-08-12T04:33:33.061+0000] {dag.py:3211} INFO - Sync 3 DAGs
[2026-08-12T04:33:33.097+0000] {logging_mixin.py:190} INFO - [2026-08-12T04:33:33.096+0000] {dag.py:4138} INFO - Setting next_dagrun for example_branch_datetime_operator to 2026-08-11 00:00:00+00:00, run_after=2026-08-12 00:00:00+00:00
[2026-08-12T04:33:33.109+0000] {logging_mixin.py:190} INFO - [2026-08-12T04:33:33.109+0000] {dag.py:4138} INFO - Setting next_dagrun for example_branch_datetime_operator_2 to 2026-08-11 00:00:00+00:00, run_after=2026-08-12 00:00:00+00:00
[2026-08-12T04:33:33.114+0000] {logging_mixin.py:190} INFO - [2026-08-12T04:33:33.113+0000] {dag.py:4138} INFO - Setting next_dagrun for example_branch_datetime_operator_3 to 2026-08-11 00:00:00+00:00, run_after=2026-08-12 00:00:00+00:00
[2026-08-12T04:33:33.136+0000] {processor.py:208} INFO - Processing /home/airflow/.local/lib/python3.12/site-packages/airflow/example_dags/example_branch_datetime_operator.py took 0.197 seconds
[2026-08-12T04:34:03.301+0000] {processor.py:186} INFO - Started process (PID=203) to work on /home/airflow/.local/lib/python3.12/site-packages/airflow/example_dags/example_branch_datetime_operator.py
[2026-08-12T04:34:03.306+0000] {processor.py:914} INFO - Processing file /home/airflow/.local/lib/python3.12/site-packages/airflow/example_dags/example_branch_datetime_operator.py for tasks to queue
[2026-08-12T04:34:03.309+0000] {logging_mixin.py:190} INFO - [2026-08-12T04:34:03.308+0000] {dagbag.py:587} INFO - Filling up the DagBag from /home/airflow/.local/lib/python3.12/site-packages/airflow/example_dags/example_branch_datetime_operator.py
[2026-08-12T04:34:03.324+0000] {processor.py:925} INFO - DAG(s) 'example_branch_datetime_operator_3', 'example_branch_datetime_operator', 'example_branch_datetime_operator_2' retrieved from /home/airflow/.local/lib/python3.12/site-packages/airflow/example_dags/example_branch_datetime_operator.py
[2026-08-12T04:34:03.358+0000] {logging_mixin.py:190} INFO - [2026-08-12T04:34:03.358+0000] {dag.py:3211} INFO - Sync 3 DAGs
[2026-08-12T04:34:03.384+0000] {logging_mixin.py:190} INFO - [2026-08-12T04:34:03.384+0000] {dag.py:4138} INFO - Setting next_dagrun for example_branch_datetime_operator to 2026-08-11 00:00:00+00:00, run_after=2026-08-12 00:00:00+00:00
[2026-08-12T04:34:03.392+0000] {logging_mixin.py:190} INFO - [2026-08-12T04:34:03.392+0000] {dag.py:4138} INFO - Setting next_dagrun for example_branch_datetime_operator_2 to 2026-08-11 00:00:00+00:00, run_after=2026-08-12 00:00:00+00:00
[2026-08-12T04:34:03.395+0000] {logging_mixin.py:190} INFO - [2026-08-12T04:34:03.395+0000] {dag.py:4138} INFO - Setting next_dagrun for example_branch_datetime_operator_3 to 2026-08-11 00:00:00+00:00, run_after=2026-08-12 00:00:00+00:00
[2026-08-12T04:34:03.414+0000] {processor.py:208} INFO - Processing /home/airflow/.local/lib/python3.12/site-packages/airflow/example_dags/example_branch_datetime_operator.py took 0.120 seconds
[2026-08-12T04:34:33.557+0000] {processor.py:186} INFO - Started process (PID=266) to work on /home/airflow/.local/lib/python3.12/site-packages/airflow/example_dags/example_branch_datetime_operator.py
[2026-08-12T04:34:33.558+0000] {processor.py:914} INFO - Processing file /home/airflow/.local/lib/python3.12/site-packages/airflow/example_dags/example_branch_datetime_operator.py for tasks to queue
[2026-08-12T04:34:33.561+0000] {logging_mixin.py:190} INFO - [2026-08-12T04:34:33.561+0000] {dagbag.py:587} INFO - Filling up the DagBag from /home/airflow/.local/lib/python3.12/site-packages/airflow/example_dags/example_branch_datetime_operator.py
[2026-08-12T04:34:33.575+0000] {processor.py:925} INFO - DAG(s) 'example_branch_datetime_operator', 'example_branch_datetime_operator_2', 'example_branch_datetime_operator_3' retrieved from /home/airflow/.local/lib/python3.12/site-packages/airflow/example_dags/example_branch_datetime_operator.py
[2026-08-12T04:34:33.606+0000] {logging_mixin.py:190} INFO - [2026-08-12T04:34:33.606+0000] {dag.py:3211} INFO - Sync 3 DAGs
[2026-08-12T04:34:33.633+0000] {logging_mixin.py:190} INFO - [2026-08-12T04:34:33.633+0000] {dag.py:4138} INFO - Setting next_dagrun for example_branch_datetime_operator to 2026-08-11 00:00:00+00:00, run_after=2026-08-12 00:00:00+00:00
[2026-08-12T04:34:33.639+0000] {logging_mixin.py:190} INFO - [2026-08-12T04:34:33.639+0000] {dag.py:4138} INFO - Setting next_dagrun for example_branch_datetime_operator_2 to 2026-08-11 00:00:00+00:00, run_after=2026-08-12 00:00:00+00:00
[2026-08-12T04:34:33.642+0000] {logging_mixin.py:190} INFO - [2026-08-12T04:34:33.642+0000] {dag.py:4138} INFO - Setting next_dagrun for example_branch_datetime_operator_3 to 2026-08-11 00:00:00+00:00, run_after=2026-08-12 00:00:00+00:00
[2026-08-12T04:34:33.661+0000] {processor.py:208} INFO - Processing /home/airflow/.local/lib/python3.12/site-packages/airflow/example_dags/example_branch_datetime_operator.py took 0.111 seconds
[2026-08-12T04:35:03.733+0000] {processor.py:186} INFO - Started process (PID=329) to work on /home/airflow/.local/lib/python3.12/site-packages/airflow/example_dags/example_branch_datetime_operator.py
[2026-08-12T04:35:03.735+0000] {processor.py:914} INFO - Processing file /home/airflow/.local/lib/python3.12/site-packages/airflow/example_dags/example_branch_datetime_operator.py for tasks to queue
[2026-08-12T04:35:03.741+0000] {logging_mixin.py:190} INFO - [2026-08-12T04:35:03.740+0000] {dagbag.py:587} INFO - Filling up the DagBag from /home/airflow/.local/lib/python3.12/site-packages/airflow/example_dags/example_branch_datetime_operator.py
[2026-08-12T04:35:03.755+0000] {processor.py:925} INFO - DAG(s) 'example_branch_datetime_operator_2', 'example_branch_datetime_operator', 'example_branch_datetime_operator_3' retrieved from /home/airflow/.local/lib/python3.12/site-packages/airflow/example_dags/example_branch_datetime_operator.py
[2026-08-12T04:35:03.784+0000] {logging_mixin.py:190} INFO - [2026-08-12T04:35:03.784+0000] {dag.py:3211} INFO - Sync 3 DAGs
[2026-08-12T04:35:03.811+0000] {logging_mixin.py:190} INFO - [2026-08-12T04:35:03.811+0000] {dag.py:4138} INFO - Setting next_dagrun for example_branch_datetime_operator to 2026-08-11 00:00:00+00:00, run_after=2026-08-12 00:00:00+00:00
[2026-08-12T04:35:03.817+0000] {logging_mixin.py:190} INFO - [2026-08-12T04:35:03.817+0000] {dag.py:4138} INFO - Setting next_dagrun for example_branch_datetime_operator_2 to 2026-08-11 00:00:00+00:00, run_after=2026-08-12 00:00:00+00:00
[2026-08-12T04:35:03.821+0000] {logging_mixin.py:190} INFO - [2026-08-12T04:35:03.820+0000] {dag.py:4138} INFO - Setting next_dagrun for example_branch_datetime_operator_3 to 2026-08-11 00:00:00+00:00, run_after=2026-08-12 00:00:00+00:00
[2026-08-12T04:35:03.841+0000] {processor.py:208} INFO - Processing /home/airflow/.local/lib/python3.12/site-packages/airflow/example_dags/example_branch_datetime_operator.py took 0.116 seconds
[2026-08-12T04:35:34.102+0000] {processor.py:186} INFO - Started process (PID=389) to work on /home/airflow/.local/lib/python3.12/site-packages/airflow/example_dags/example_branch_datetime_operator.py
[2026-08-12T04:35:34.104+0000] {processor.py:914} INFO - Processing file /home/airflow/.local/lib/python3.12/site-packages/airflow/example_dags/example_branch_datetime_operator.py for tasks to queue
[2026-08-12T04:35:34.108+0000] {logging_mixin.py:190} INFO - [2026-08-12T04:35:34.107+0000] {dagbag.py:587} INFO - Filling up the DagBag from /home/airflow/.local/lib/python3.12/site-packages/airflow/example_dags/example_branch_datetime_operator.py
[2026-08-12T04:35:34.120+0000] {processor.py:925} INFO - DAG(s) 'example_branch_datetime_operator_2', 'example_branch_datetime_operator', 'example_branch_datetime_operator_3' retrieved from /home/airflow/.local/lib/python3.12/site-packages/airflow/example_dags/example_branch_datetime_operator.py
[2026-08-12T04:35:34.151+0000] {logging_mixin.py:190} INFO - [2026-08-12T04:35:34.150+0000] {dag.py:3211} INFO - Sync 3 DAGs
[2026-08-12T04:35:34.179+0000] {logging_mixin.py:190} INFO - [2026-08-12T04:35:34.178+0000] {dag.py:4138} INFO - Setting next_dagrun for example_branch_datetime_operator to 2026-08-11 00:00:00+00:00, run_after=2026-08-12 00:00:00+00:00
[2026-08-12T04:35:34.186+0000] {logging_mixin.py:190} INFO - [2026-08-12T04:35:34.186+0000] {dag.py:4138} INFO - Setting next_dagrun for example_branch_datetime_operator_2 to 2026-08-11 00:00:00+00:00, run_after=2026-08-12 00:00:00+00:00
[2026-08-12T04:35:34.191+0000] {logging_mixin.py:190} INFO - [2026-08-12T04:35:34.191+0000] {dag.py:4138} INFO - Setting next_dagrun for example_branch_datetime_operator_3 to 2026-08-11 00:00:00+00:00, run_after=2026-08-12 00:00:00+00:00
[2026-08-12T04:35:34.214+0000] {processor.py:208} INFO - Processing /home/airflow/.local/lib/python3.12/site-packages/airflow/example_dags/example_branch_datetime_operator.py took 0.118 seconds
[2026-08-12T04:36:04.459+0000] {processor.py:186} INFO - Started process (PID=451) to work on /home/airflow/.local/lib/python3.12/site-packages/airflow/example_dags/example_branch_datetime_operator.py
[2026-08-12T04:36:04.461+0000] {processor.py:914} INFO - Processing file /home/airflow/.local/lib/python3.12/site-packages/airflow/example_dags/example_branch_datetime_operator.py for tasks to queue
[2026-08-12T04:36:04.465+0000] {logging_mixin.py:190} INFO - [2026-08-12T04:36:04.464+0000] {dagbag.py:587} INFO - Filling up the DagBag from /home/airflow/.local/lib/python3.12/site-packages/airflow/example_dags/example_branch_datetime_operator.py
[2026-08-12T04:36:04.479+0000] {processor.py:925} INFO - DAG(s) 'example_branch_datetime_operator', 'example_branch_datetime_operator_2', 'example_branch_datetime_operator_3' retrieved from /home/airflow/.local/lib/python3.12/site-packages/airflow/example_dags/example_branch_datetime_operator.py
[2026-08-12T04:36:04.517+0000] {logging_mixin.py:190} INFO - [2026-08-12T04:36:04.517+0000] {dag.py:3211} INFO - Sync 3 DAGs
[2026-08-12T04:36:04.550+0000] {logging_mixin.py:190} INFO - [2026-08-12T04:36:04.549+0000] {dag.py:4138} INFO - Setting next_dagrun for example_branch_datetime_operator to 2026-08-11 00:00:00+00:00, run_after=2026-08-12 00:00:00+00:00
[2026-08-12T04:36:04.556+0000] {logging_mixin.py:190} INFO - [2026-08-12T04:36:04.556+0000] {dag.py:4138} INFO - Setting next_dagrun for example_branch_datetime_operator_2 to 2026-08-11 00:00:00+00:00, run_after=2026-08-12 00:00:00+00:00
[2026-08-12T04:36:04.561+0000] {logging_mixin.py:190} INFO - [2026-08-12T04:36:04.561+0000] {dag.py:4138} INFO - Setting next_dagrun for example_branch_datetime_operator_3 to 2026-08-11 00:00:00+00:00, run_after=2026-08-12 00:00:00+00:00
[2026-08-12T04:36:04.591+0000] {processor.py:208} INFO - Processing /home/airflow/.local/lib/python3.12/site-packages/airflow/example_dags/example_branch_datetime_operator.py took 0.139 seconds
[2026-08-12T04:36:34.888+0000] {processor.py:186} INFO - Started process (PID=513) to work on /home/airflow/.local/lib/python3.12/site-packages/airflow/example_dags/example_branch_datetime_operator.py
[2026-08-12T04:36:34.891+0000] {processor.py:914} INFO - Processing file /home/airflow/.local/lib/python3.12/site-packages/airflow/example_dags/example_branch_datetime_operator.py for tasks to queue
[2026-08-12T04:36:34.896+0000] {logging_mixin.py:190} INFO - [2026-08-12T04:36:34.895+0000] {dagbag.py:587} INFO - Filling up the DagBag from /home/airflow/.local/lib/python3.12/site-packages/airflow/example_dags/example_branch_datetime_operator.py
[2026-08-12T04:36:34.912+0000] {processor.py:925} INFO - DAG(s) 'example_branch_datetime_operator_2', 'example_branch_datetime_operator_3', 'example_branch_datetime_operator' retrieved from /home/airflow/.local/lib/python3.12/site-packages/airflow/example_dags/example_branch_datetime_operator.py
[2026-08-12T04:36:34.941+0000] {logging_mixin.py:190} INFO - [2026-08-12T04:36:34.941+0000] {dag.py:3211} INFO - Sync 3 DAGs
[2026-08-12T04:36:34.965+0000] {logging_mixin.py:190} INFO - [2026-08-12T04:36:34.965+0000] {dag.py:4138} INFO - Setting next_dagrun for example_branch_datetime_operator to 2026-08-11 00:00:00+00:00, run_after=2026-08-12 00:00:00+00:00
[2026-08-12T04:36:34.970+0000] {logging_mixin.py:190} INFO - [2026-08-12T04:36:34.970+0000] {dag.py:4138} INFO - Setting next_dagrun for example_branch_datetime_operator_2 to 2026-08-11 00:00:00+00:00, run_after=2026-08-12 00:00:00+00:00
[2026-08-12T04:36:34.974+0000] {logging_mixin.py:190} INFO - [2026-08-12T04:36:34.973+0000] {dag.py:4138} INFO - Setting next_dagrun for example_branch_datetime_operator_3 to 2026-08-11 00:00:00+00:00, run_after=2026-08-12 00:00:00+00:00
[2026-08-12T04:36:34.991+0000] {processor.py:208} INFO - Processing /home/airflow/.local/lib/python3.12/site-packages/airflow/example_dags/example_branch_datetime_operator.py took 0.114 seconds
[2026-08-12T04:37:05.303+0000] {processor.py:186} INFO - Started process (PID=575) to work on /home/airflow/.local/lib/python3.12/site-packages/airflow/example_dags/example_branch_datetime_operator.py
[2026-08-12T04:37:05.306+0000] {processor.py:914} INFO - Processing file /home/airflow/.local/lib/python3.12/site-packages/airflow/example_dags/example_branch_datetime_operator.py for tasks to queue
[2026-08-12T04:37:05.310+0000] {logging_mixin.py:190} INFO - [2026-08-12T04:37:05.309+0000] {dagbag.py:587} INFO - Filling up the DagBag from /home/airflow/.local/lib/python3.12/site-packages/airflow/example_dags/example_branch_datetime_operator.py
[2026-08-12T04:37:05.323+0000] {processor.py:925} INFO - DAG(s) 'example_branch_datetime_operator_3', 'example_branch_datetime_operator_2', 'example_branch_datetime_operator' retrieved from /home/airflow/.local/lib/python3.12/site-packages/airflow/example_dags/example_branch_datetime_operator.py
[2026-08-12T04:37:05.353+0000] {logging_mixin.py:190} INFO - [2026-08-12T04:37:05.353+0000] {dag.py:3211} INFO - Sync 3 DAGs
[2026-08-12T04:37:05.381+0000] {logging_mixin.py:190} INFO - [2026-08-12T04:37:05.381+0000] {dag.py:4138} INFO - Setting next_dagrun for example_branch_datetime_operator to 2026-08-11 00:00:00+00:00, run_after=2026-08-12 00:00:00+00:00
[2026-08-12T04:37:05.386+0000] {logging_mixin.py:190} INFO - [2026-08-12T04:37:05.386+0000] {dag.py:4138} INFO - Setting next_dagrun for example_branch_datetime_operator_2 to 2026-08-11 00:00:00+00:00, run_after=2026-08-12 00:00:00+00:00
[2026-08-12T04:37:05.390+0000] {logging_mixin.py:190} INFO - [2026-08-12T04:37:05.389+0000] {dag.py:4138} INFO - Setting next_dagrun for example_branch_datetime_operator_3 to 2026-08-11 00:00:00+00:00, run_after=2026-08-12 00:00:00+00:00
[2026-08-12T04:37:05.422+0000] {processor.py:208} INFO - Processing /home/airflow/.local/lib/python3.12/site-packages/airflow/example_dags/example_branch_datetime_operator.py took 0.125 seconds
[2026-08-12T04:37:35.868+0000] {processor.py:186} INFO - Started process (PID=637) to work on /home/airflow/.local/lib/python3.12/site-packages/airflow/example_dags/example_branch_datetime_operator.py
[2026-08-12T04:37:35.870+0000] {processor.py:914} INFO - Processing file /home/airflow/.local/lib/python3.12/site-packages/airflow/example_dags/example_branch_datetime_operator.py for tasks to queue
[2026-08-12T04:37:35.873+0000] {logging_mixin.py:190} INFO - [2026-08-12T04:37:35.872+0000] {dagbag.py:587} INFO - Filling up the DagBag from /home/airflow/.local/lib/python3.12/site-packages/airflow/example_dags/example_branch_datetime_operator.py
[2026-08-12T04:37:35.885+0000] {processor.py:925} INFO - DAG(s) 'example_branch_datetime_operator_3', 'example_branch_datetime_operator_2', 'example_branch_datetime_operator' retrieved from /home/airflow/.local/lib/python3.12/site-packages/airflow/example_dags/example_branch_datetime_operator.py
[2026-08-12T04:37:35.914+0000] {logging_mixin.py:190} INFO - [2026-08-12T04:37:35.914+0000] {dag.py:3211} INFO - Sync 3 DAGs
[2026-08-12T04:37:35.945+0000] {logging_mixin.py:190} INFO - [2026-08-12T04:37:35.945+0000] {dag.py:4138} INFO - Setting next_dagrun for example_branch_datetime_operator to 2026-08-11 00:00:00+00:00, run_after=2026-08-12 00:00:00+00:00
[2026-08-12T04:37:35.950+0000] {logging_mixin.py:190} INFO - [2026-08-12T04:37:35.950+0000] {dag.py:4138} INFO - Setting next_dagrun for example_branch_datetime_operator_2 to 2026-08-11 00:00:00+00:00, run_after=2026-08-12 00:00:00+00:00
[2026-08-12T04:37:35.954+0000] {logging_mixin.py:190} INFO - [2026-08-12T04:37:35.953+0000] {dag.py:4138} INFO - Setting next_dagrun for example_branch_datetime_operator_3 to 2026-08-11 00:00:00+00:00, run_after=2026-08-12 00:00:00+00:00
[2026-08-12T04:37:35.972+0000] {processor.py:208} INFO - Processing /home/airflow/.local/lib/python3.12/site-packages/airflow/example_dags/example_branch_datetime_operator.py took 0.110 seconds
[2026-08-12T04:38:06.585+0000] {processor.py:186} INFO - Started process (PID=699) to work on /home/airflow/.local/lib/python3.12/site-packages/airflow/example_dags/example_branch_datetime_operator.py
[2026-08-12T04:38:06.587+0000] {processor.py:914} INFO - Processing file /home/airflow/.local/lib/python3.12/site-packages/airflow/example_dags/example_branch_datetime_operator.py for tasks to queue
[2026-08-12T04:38:06.591+0000] {logging_mixin.py:190} INFO - [2026-08-12T04:38:06.591+0000] {dagbag.py:587} INFO - Filling up the DagBag from /home/airflow/.local/lib/python3.12/site-packages/airflow/example_dags/example_branch_datetime_operator.py
[2026-08-12T04:38:06.604+0000] {processor.py:925} INFO - DAG(s) 'example_branch_datetime_operator', 'example_branch_datetime_operator_3', 'example_branch_datetime_operator_2' retrieved from /home/airflow/.local/lib/python3.12/site-packages/airflow/example_dags/example_branch_datetime_operator.py
[2026-08-12T04:38:06.633+0000] {logging_mixin.py:190} INFO - [2026-08-12T04:38:06.633+0000] {dag.py:3211} INFO - Sync 3 DAGs
[2026-08-12T04:38:06.658+0000] {logging_mixin.py:190} INFO - [2026-08-12T04:38:06.657+0000] {dag.py:4138} INFO - Setting next_dagrun for example_branch_datetime_operator to 2026-08-11 00:00:00+00:00, run_after=2026-08-12 00:00:00+00:00
[2026-08-12T04:38:06.663+0000] {logging_mixin.py:190} INFO - [2026-08-12T04:38:06.663+0000] {dag.py:4138} INFO - Setting next_dagrun for example_branch_datetime_operator_2 to 2026-08-11 00:00:00+00:00, run_after=2026-08-12 00:00:00+00:00
[2026-08-12T04:38:06.667+0000] {logging_mixin.py:190} INFO - [2026-08-12T04:38:06.667+0000] {dag.py:4138} INFO - Setting next_dagrun for example_branch_datetime_operator_3 to 2026-08-11 00:00:00+00:00, run_after=2026-08-12 00:00:00+00:00
[2026-08-12T04:38:06.687+0000] {processor.py:208} INFO - Processing /home/airflow/.local/lib/python3.12/site-packages/airflow/example_dags/example_branch_datetime_operator.py took 0.109 seconds
[2026-08-12T04:38:36.757+0000] {processor.py:186} INFO - Started process (PID=761) to work on /home/airflow/.local/lib/python3.12/site-packages/airflow/example_dags/example_branch_datetime_operator.py
[2026-08-12T04:38:36.758+0000] {processor.py:914} INFO - Processing file /home/airflow/.local/lib/python3.12/site-packages/airflow/example_dags/example_branch_datetime_operator.py for tasks to queue
[2026-08-12T04:38:36.761+0000] {logging_mixin.py:190} INFO - [2026-08-12T04:38:36.761+0000] {dagbag.py:587} INFO - Filling up the DagBag from /home/airflow/.local/lib/python3.12/site-packages/airflow/example_dags/example_branch_datetime_operator.py
[2026-08-12T04:38:36.775+0000] {processor.py:925} INFO - DAG(s) 'example_branch_datetime_operator_2', 'example_branch_datetime_operator_3', 'example_branch_datetime_operator' retrieved from /home/airflow/.local/lib/python3.12/site-packages/airflow/example_dags/example_branch_datetime_operator.py
[2026-08-12T04:38:36.805+0000] {logging_mixin.py:190} INFO - [2026-08-12T04:38:36.804+0000] {dag.py:3211} INFO - Sync 3 DAGs
[2026-08-12T04:38:36.831+0000] {logging_mixin.py:190} INFO - [2026-08-12T04:38:36.830+0000] {dag.py:4138} INFO - Setting next_dagrun for example_branch_datetime_operator to 2026-08-11 00:00:00+00:00, run_after=2026-08-12 00:00:00+00:00
[2026-08-12T04:38:36.837+0000] {logging_mixin.py:190} INFO - [2026-08-12T04:38:36.836+0000] {dag.py:4138} INFO - Setting next_dagrun for example_branch_datetime_operator_2 to 2026-08-11 00:00:00+00:00, run_after=2026-08-12 00:00:00+00:00
[2026-08-12T04:38:36.840+0000] {logging_mixin.py:190} INFO - [2026-08-12T04:38:36.840+0000] {dag.py:4138} INFO - Setting next_dagrun for example_branch_datetime_operator_3 to 2026-08-11 00:00:00+00:00, run_after=2026-08-12 00:00:00+00:00
[2026-08-12T04:38:36.866+0000] {processor.py:208} INFO - Processing /home/airflow/.local/lib/python3.12/site-packages/airflow/example_dags/example_branch_datetime_operator.py took 0.115 seconds
[2026-08-12T04:39:07.275+0000] {processor.py:186} INFO - Started process (PID=823) to work on /home/airflow/.local/lib/python3.12/site-packages/airflow/example_dags/example_branch_datetime_operator.py
[2026-08-12T04:39:07.276+0000] {processor.py:914} INFO - Processing file /home/airflow/.local/lib/python3.12/site-packages/airflow/example_dags/example_branch_datetime_operator.py for tasks to queue
[2026-08-12T04:39:07.279+0000] {logging_mixin.py:190} INFO - [2026-08-12T04:39:07.279+0000] {dagbag.py:587} INFO - Filling up the DagBag from /home/airflow/.local/lib/python3.12/site-packages/airflow/example_dags/example_branch_datetime_operator.py
[2026-08-12T04:39:07.290+0000] {processor.py:925} INFO - DAG(s) 'example_branch_datetime_operator_3', 'example_branch_datetime_operator', 'example_branch_datetime_operator_2' retrieved from /home/airflow/.local/lib/python3.12/site-packages/airflow/example_dags/example_branch_datetime_operator.py
[2026-08-12T04:39:07.315+0000] {logging_mixin.py:190} INFO - [2026-08-12T04:39:07.315+0000] {dag.py:3211} INFO - Sync 3 DAGs
[2026-08-12T04:39:07.337+0000] {logging_mixin.py:190} INFO - [2026-08-12T04:39:07.337+0000] {dag.py:4138} INFO - Setting next_dagrun for example_branch_datetime_operator to 2026-08-11 00:00:00+00:00, run_after=2026-08-12 00:00:00+00:00
[2026-08-12T04:39:07.342+0000] {logging_mixin.py:190} INFO - [2026-08-12T04:39:07.342+0000] {dag.py:4138} INFO - Setting next_dagrun for example_branch_datetime_operator_2 to 2026-08-11 00:00:00+00:00, run_after=2026-08-12 00:00:00+00:00
[2026-08-12T04:39:07.345+0000] {logging_mixin.py:190} INFO - [2026-08-12T04:39:07.345+0000] {dag.py:4138} INFO - Setting next_dagrun for example_branch_datetime_operator_3 to 2026-08-11 00:00:00+00:00, run_after=2026-08-12 00:00:00+00:00
[2026-08-12T04:39:07.361+0000] {processor.py:208} INFO - Processing /home/airflow/.local/lib/python3.12/site-packages/airflow/example_dags/example_branch_datetime_operator.py took 0.092 seconds
[2026-08-12T04:39:38.166+0000] {processor.py:186} INFO - Started process (PID=885) to work on /home/airflow/.local/lib/python3.12/site-packages/airflow/example_dags/example_branch_datetime_operator.py
[2026-08-12T04:39:38.170+0000] {processor.py:914} INFO - Processing file /home/airflow/.local/lib/python3.12/site-packages/airflow/example_dags/example_branch_datetime_operator.py for tasks to queue
[2026-08-12T04:39:38.178+0000] {logging_mixin.py:190} INFO - [2026-08-12T04:39:38.177+0000] {dagbag.py:587} INFO - Filling up the DagBag from /home/airflow/.local/lib/python3.12/site-packages/airflow/example_dags/example_branch_datetime_operator.py
[2026-08-12T04:39:38.212+0000] {processor.py:925} INFO - DAG(s) 'example_branch_datetime_operator_2', 'example_branch_datetime_operator_3', 'example_branch_datetime_operator' retrieved from /home/airflow/.local/lib/python3.12/site-packages/airflow/example_dags/example_branch_datetime_operator.py
[2026-08-12T04:39:38.252+0000] {logging_mixin.py:190} INFO - [2026-08-12T04:39:38.252+0000] {dag.py:3211} INFO - Sync 3 DAGs
[2026-08-12T04:39:38.280+0000] {logging_mixin.py:190} INFO - [2026-08-12T04:39:38.280+0000] {dag.py:4138} INFO - Setting next_dagrun for example_branch_datetime_operator to 2026-08-11 00:00:00+00:00, run_after=2026-08-12 00:00:00+00:00
[2026-08-12T04:39:38.286+0000] {logging_mixin.py:190} INFO - [2026-08-12T04:39:38.285+0000] {dag.py:4138} INFO - Setting next_dagrun for example_branch_datetime_operator_2 to 2026-08-11 00:00:00+00:00, run_after=2026-08-12 00:00:00+00:00
[2026-08-12T04:39:38.289+0000] {logging_mixin.py:190} INFO - [2026-08-12T04:39:38.289+0000] {dag.py:4138} INFO - Setting next_dagrun for example_branch_datetime_operator_3 to 2026-08-11 00:00:00+00:00, run_after=2026-08-12 00:00:00+00:00
[2026-08-12T04:39:38.309+0000] {processor.py:208} INFO - Processing /home/airflow/.local/lib/python3.12/site-packages/airflow/example_dags/example_branch_datetime_operator.py took 0.159 seconds
[2026-08-12T04:40:08.720+0000] {processor.py:186} INFO - Started process (PID=947) to work on /home/airflow/.local/lib/python3.12/site-packages/airflow/example_dags/example_branch_datetime_operator.py
[2026-08-12T04:40:08.722+0000] {processor.py:914} INFO - Processing file /home/airflow/.local/lib/python3.12/site-packages/airflow/example_dags/example_branch_datetime_operator.py for tasks to queue
[2026-08-12T04:40:08.725+0000] {logging_mixin.py:190} INFO - [2026-08-12T04:40:08.725+0000] {dagbag.py:587} INFO - Filling up the DagBag from /home/airflow/.local/lib/python3.12/site-packages/airflow/example_dags/example_branch_datetime_operator.py
[2026-08-12T04:40:08.739+0000] {processor.py:925} INFO - DAG(s) 'example_branch_datetime_operator_2', 'example_branch_datetime_operator', 'example_branch_datetime_operator_3' retrieved from /home/airflow/.local/lib/python3.12/site-packages/airflow/example_dags/example_branch_datetime_operator.py
[2026-08-12T04:40:08.767+0000] {logging_mixin.py:190} INFO - [2026-08-12T04:40:08.767+0000] {dag.py:3211} INFO - Sync 3 DAGs
[2026-08-12T04:40:08.800+0000] {logging_mixin.py:190} INFO - [2026-08-12T04:40:08.800+0000] {dag.py:4138} INFO - Setting next_dagrun for example_branch_datetime_operator to 2026-08-11 00:00:00+00:00, run_after=2026-08-12 00:00:00+00:00
[2026-08-12T04:40:08.808+0000] {logging_mixin.py:190} INFO - [2026-08-12T04:40:08.808+0000] {dag.py:4138} INFO - Setting next_dagrun for example_branch_datetime_operator_2 to 2026-08-11 00:00:00+00:00, run_after=2026-08-12 00:00:00+00:00
[2026-08-12T04:40:08.814+0000] {logging_mixin.py:190} INFO - [2026-08-12T04:40:08.813+0000] {dag.py:4138} INFO - Setting next_dagrun for example_branch_datetime_operator_3 to 2026-08-11 00:00:00+00:00, run_after=2026-08-12 00:00:00+00:00
[2026-08-12T04:40:08.840+0000] {processor.py:208} INFO - Processing /home/airflow/.local/lib/python3.12/site-packages/airflow/example_dags/example_branch_datetime_operator.py took 0.128 seconds
[2026-08-12T04:40:39.186+0000] {processor.py:186} INFO - Started process (PID=1009) to work on /home/airflow/.local/lib/python3.12/site-packages/airflow/example_dags/example_branch_datetime_operator.py
[2026-08-12T04:40:39.188+0000] {processor.py:914} INFO - Processing file /home/airflow/.local/lib/python3.12/site-packages/airflow/example_dags/example_branch_datetime_operator.py for tasks to queue
[2026-08-12T04:40:39.193+0000] {logging_mixin.py:190} INFO - [2026-08-12T04:40:39.193+0000] {dagbag.py:587} INFO - Filling up the DagBag from /home/airflow/.local/lib/python3.12/site-packages/airflow/example_dags/example_branch_datetime_operator.py
[2026-08-12T04:40:39.208+0000] {processor.py:925} INFO - DAG(s) 'example_branch_datetime_operator_2', 'example_branch_datetime_operator_3', 'example_branch_datetime_operator' retrieved from /home/airflow/.local/lib/python3.12/site-packages/airflow/example_dags/example_branch_datetime_operator.py
[2026-08-12T04:40:39.238+0000] {logging_mixin.py:190} INFO - [2026-08-12T04:40:39.238+0000] {dag.py:3211} INFO - Sync 3 DAGs
[2026-08-12T04:40:39.264+0000] {logging_mixin.py:190} INFO - [2026-08-12T04:40:39.264+0000] {dag.py:4138} INFO - Setting next_dagrun for example_branch_datetime_operator to 2026-08-11 00:00:00+00:00, run_after=2026-08-12 00:00:00+00:00
[2026-08-12T04:40:39.270+0000] {logging_mixin.py:190} INFO - [2026-08-12T04:40:39.270+0000] {dag.py:4138} INFO - Setting next_dagrun for example_branch_datetime_operator_2 to 2026-08-11 00:00:00+00:00, run_after=2026-08-12 00:00:00+00:00
[2026-08-12T04:40:39.273+0000] {logging_mixin.py:190} INFO - [2026-08-12T04:40:39.273+0000] {dag.py:4138} INFO - Setting next_dagrun for example_branch_datetime_operator_3 to 2026-08-11 00:00:00+00:00, run_after=2026-08-12 00:00:00+00:00
[2026-08-12T04:40:39.291+0000] {processor.py:208} INFO - Processing /home/airflow/.local/lib/python3.12/site-packages/airflow/example_dags/example_branch_datetime_operator.py took 0.115 seconds
[2026-08-12T04:41:09.561+0000] {processor.py:186} INFO - Started process (PID=1071) to work on /home/airflow/.local/lib/python3.12/site-packages/airflow/example_dags/example_branch_datetime_operator.py
[2026-08-12T04:41:09.562+0000] {processor.py:914} INFO - Processing file /home/airflow/.local/lib/python3.12/site-packages/airflow/example_dags/example_branch_datetime_operator.py for tasks to queue
[2026-08-12T04:41:09.565+0000] {logging_mixin.py:190} INFO - [2026-08-12T04:41:09.565+0000] {dagbag.py:587} INFO - Filling up the DagBag from /home/airflow/.local/lib/python3.12/site-packages/airflow/example_dags/example_branch_datetime_operator.py
[2026-08-12T04:41:09.577+0000] {processor.py:925} INFO - DAG(s) 'example_branch_datetime_operator', 'example_branch_datetime_operator_2', 'example_branch_datetime_operator_3' retrieved from /home/airflow/.local/lib/python3.12/site-packages/airflow/example_dags/example_branch_datetime_operator.py
[2026-08-12T04:41:09.608+0000] {logging_mixin.py:190} INFO - [2026-08-12T04:41:09.608+0000] {dag.py:3211} INFO - Sync 3 DAGs
[2026-08-12T04:41:09.633+0000] {logging_mixin.py:190} INFO - [2026-08-12T04:41:09.633+0000] {dag.py:4138} INFO - Setting next_dagrun for example_branch_datetime_operator to 2026-08-11 00:00:00+00:00, run_after=2026-08-12 00:00:00+00:00
[2026-08-12T04:41:09.641+0000] {logging_mixin.py:190} INFO - [2026-08-12T04:41:09.641+0000] {dag.py:4138} INFO - Setting next_dagrun for example_branch_datetime_operator_2 to 2026-08-11 00:00:00+00:00, run_after=2026-08-12 00:00:00+00:00
[2026-08-12T04:41:09.646+0000] {logging_mixin.py:190} INFO - [2026-08-12T04:41:09.645+0000] {dag.py:4138} INFO - Setting next_dagrun for example_branch_datetime_operator_3 to 2026-08-11 00:00:00+00:00, run_after=2026-08-12 00:00:00+00:00
[2026-08-12T04:41:09.672+0000] {processor.py:208} INFO - Processing /home/airflow/.local/lib/python3.12/site-packages/airflow/example_dags/example_branch_datetime_operator.py took 0.116 seconds
[2026-08-12T04:41:40.261+0000] {processor.py:186} INFO - Started process (PID=1133) to work on /home/airflow/.local/lib/python3.12/site-packages/airflow/example_dags/example_branch_datetime_operator.py
[2026-08-12T04:41:40.263+0000] {processor.py:914} INFO - Processing file /home/airflow/.local/lib/python3.12/site-packages/airflow/example_dags/example_branch_datetime_operator.py for tasks to queue
[2026-08-12T04:41:40.265+0000] {logging_mixin.py:190} INFO - [2026-08-12T04:41:40.265+0000] {dagbag.py:587} INFO - Filling up the DagBag from /home/airflow/.local/lib/python3.12/site-packages/airflow/example_dags/example_branch_datetime_operator.py
[2026-08-12T04:41:40.275+0000] {processor.py:925} INFO - DAG(s) 'example_branch_datetime_operator', 'example_branch_datetime_operator_2', 'example_branch_datetime_operator_3' retrieved from /home/airflow/.local/lib/python3.12/site-packages/airflow/example_dags/example_branch_datetime_operator.py
[2026-08-12T04:41:40.320+0000] {logging_mixin.py:190} INFO - [2026-08-12T04:41:40.320+0000] {dag.py:3211} INFO - Sync 3 DAGs
[2026-08-12T04:41:40.345+0000] {logging_mixin.py:190} INFO - [2026-08-12T04:41:40.344+0000] {dag.py:4138} INFO - Setting next_dagrun for example_branch_datetime_operator to 2026-08-11 00:00:00+00:00, run_after=2026-08-12 00:00:00+00:00
[2026-08-12T04:41:40.350+0000] {logging_mixin.py:190} INFO - [2026-08-12T04:41:40.350+0000] {dag.py:4138} INFO - Setting next_dagrun for example_branch_datetime_operator_2 to 2026-08-11 00:00:00+00:00, run_after=2026-08-12 00:00:00+00:00
[2026-08-12T04:41:40.354+0000] {logging_mixin.py:190} INFO - [2026-08-12T04:41:40.354+0000] {dag.py:4138} INFO - Setting next_dagrun for example_branch_datetime_operator_3 to 2026-08-11 00:00:00+00:00, run_after=2026-08-12 00:00:00+00:00
[2026-08-12T04:41:40.371+0000] {processor.py:208} INFO - Processing /home/airflow/.local/lib/python3.12/site-packages/airflow/example_dags/example_branch_datetime_operator.py took 0.115 seconds
[2026-08-12T04:42:10.893+0000] {processor.py:186} INFO - Started process (PID=1195) to work on /home/airflow/.local/lib/python3.12/site-packages/airflow/example_dags/example_branch_datetime_operator.py
[2026-08-12T04:42:10.895+0000] {processor.py:914} INFO - Processing file /home/airflow/.local/lib/python3.12/site-packages/airflow/example_dags/example_branch_datetime_operator.py for tasks to queue
[2026-08-12T04:42:10.897+0000] {logging_mixin.py:190} INFO - [2026-08-12T04:42:10.897+0000] {dagbag.py:587} INFO - Filling up the DagBag from /home/airflow/.local/lib/python3.12/site-packages/airflow/example_dags/example_branch_datetime_operator.py
[2026-08-12T04:42:10.916+0000] {processor.py:925} INFO - DAG(s) 'example_branch_datetime_operator_2', 'example_branch_datetime_operator_3', 'example_branch_datetime_operator' retrieved from /home/airflow/.local/lib/python3.12/site-packages/airflow/example_dags/example_branch_datetime_operator.py
[2026-08-12T04:42:10.942+0000] {logging_mixin.py:190} INFO - [2026-08-12T04:42:10.942+0000] {dag.py:3211} INFO - Sync 3 DAGs
[2026-08-12T04:42:10.965+0000] {logging_mixin.py:190} INFO - [2026-08-12T04:42:10.965+0000] {dag.py:4138} INFO - Setting next_dagrun for example_branch_datetime_operator to 2026-08-11 00:00:00+00:00, run_after=2026-08-12 00:00:00+00:00
[2026-08-12T04:42:10.971+0000] {logging_mixin.py:190} INFO - [2026-08-12T04:42:10.971+0000] {dag.py:4138} INFO - Setting next_dagrun for example_branch_datetime_operator_2 to 2026-08-11 00:00:00+00:00, run_after=2026-08-12 00:00:00+00:00
[2026-08-12T04:42:10.974+0000] {logging_mixin.py:190} INFO - [2026-08-12T04:42:10.974+0000] {dag.py:4138} INFO - Setting next_dagrun for example_branch_datetime_operator_3 to 2026-08-11 00:00:00+00:00, run_after=2026-08-12 00:00:00+00:00
[2026-08-12T04:42:10.992+0000] {processor.py:208} INFO - Processing /home/airflow/.local/lib/python3.12/site-packages/airflow/example_dags/example_branch_datetime_operator.py took 0.104 seconds
[2026-08-12T04:42:41.188+0000] {processor.py:186} INFO - Started process (PID=1257) to work on /home/airflow/.local/lib/python3.12/site-packages/airflow/example_dags/example_branch_datetime_operator.py
[2026-08-12T04:42:41.191+0000] {processor.py:914} INFO - Processing file /home/airflow/.local/lib/python3.12/site-packages/airflow/example_dags/example_branch_datetime_operator.py for tasks to queue
[2026-08-12T04:42:41.194+0000] {logging_mixin.py:190} INFO - [2026-08-12T04:42:41.194+0000] {dagbag.py:587} INFO - Filling up the DagBag from /home/airflow/.local/lib/python3.12/site-packages/airflow/example_dags/example_branch_datetime_operator.py
[2026-08-12T04:42:41.208+0000] {processor.py:925} INFO - DAG(s) 'example_branch_datetime_operator_3', 'example_branch_datetime_operator', 'example_branch_datetime_operator_2' retrieved from /home/airflow/.local/lib/python3.12/site-packages/airflow/example_dags/example_branch_datetime_operator.py
[2026-08-12T04:42:41.238+0000] {logging_mixin.py:190} INFO - [2026-08-12T04:42:41.238+0000] {dag.py:3211} INFO - Sync 3 DAGs
[2026-08-12T04:42:41.264+0000] {logging_mixin.py:190} INFO - [2026-08-12T04:42:41.264+0000] {dag.py:4138} INFO - Setting next_dagrun for example_branch_datetime_operator to 2026-08-11 00:00:00+00:00, run_after=2026-08-12 00:00:00+00:00
[2026-08-12T04:42:41.269+0000] {logging_mixin.py:190} INFO - [2026-08-12T04:42:41.269+0000] {dag.py:4138} INFO - Setting next_dagrun for example_branch_datetime_operator_2 to 2026-08-11 00:00:00+00:00, run_after=2026-08-12 00:00:00+00:00
[2026-08-12T04:42:41.273+0000] {logging_mixin.py:190} INFO - [2026-08-12T04:42:41.272+0000] {dag.py:4138} INFO - Setting next_dagrun for example_branch_datetime_operator_3 to 2026-08-11 00:00:00+00:00, run_after=2026-08-12 00:00:00+00:00
[2026-08-12T04:42:41.290+0000] {processor.py:208} INFO - Processing /home/airflow/.local/lib/python3.12/site-packages/airflow/example_dags/example_branch_datetime_operator.py took 0.110 seconds
[2026-08-12T04:43:11.550+0000] {processor.py:186} INFO - Started process (PID=1319) to work on /home/airflow/.local/lib/python3.12/site-packages/airflow/example_dags/example_branch_datetime_operator.py
[2026-08-12T04:43:11.552+0000] {processor.py:914} INFO - Processing file /home/airflow/.local/lib/python3.12/site-packages/airflow/example_dags/example_branch_datetime_operator.py for tasks to queue
[2026-08-12T04:43:11.555+0000] {logging_mixin.py:190} INFO - [2026-08-12T04:43:11.554+0000] {dagbag.py:587} INFO - Filling up the DagBag from /home/airflow/.local/lib/python3.12/site-packages/airflow/example_dags/example_branch_datetime_operator.py
[2026-08-12T04:43:11.571+0000] {processor.py:925} INFO - DAG(s) 'example_branch_datetime_operator_2', 'example_branch_datetime_operator', 'example_branch_datetime_operator_3' retrieved from /home/airflow/.local/lib/python3.12/site-packages/airflow/example_dags/example_branch_datetime_operator.py
[2026-08-12T04:43:11.599+0000] {logging_mixin.py:190} INFO - [2026-08-12T04:43:11.599+0000] {dag.py:3211} INFO - Sync 3 DAGs
[2026-08-12T04:43:11.622+0000] {logging_mixin.py:190} INFO - [2026-08-12T04:43:11.622+0000] {dag.py:4138} INFO - Setting next_dagrun for example_branch_datetime_operator to 2026-08-11 00:00:00+00:00, run_after=2026-08-12 00:00:00+00:00
[2026-08-12T04:43:11.629+0000] {logging_mixin.py:190} INFO - [2026-08-12T04:43:11.629+0000] {dag.py:4138} INFO - Setting next_dagrun for example_branch_datetime_operator_2 to 2026-08-11 00:00:00+00:00, run_after=2026-08-12 00:00:00+00:00
[2026-08-12T04:43:11.633+0000] {logging_mixin.py:190} INFO - [2026-08-12T04:43:11.632+0000] {dag.py:4138} INFO - Setting next_dagrun for example_branch_datetime_operator_3 to 2026-08-11 00:00:00+00:00, run_after=2026-08-12 00:00:00+00:00
[2026-08-12T04:43:11.653+0000] {processor.py:208} INFO - Processing /home/airflow/.local/lib/python3.12/site-packages/airflow/example_dags/example_branch_datetime_operator.py took 0.109 seconds
[2026-08-12T04:43:41.912+0000] {processor.py:186} INFO - Started process (PID=1381) to work on /home/airflow/.local/lib/python3.12/site-packages/airflow/example_dags/example_branch_datetime_operator.py
[2026-08-12T04:43:41.914+0000] {processor.py:914} INFO - Processing file /home/airflow/.local/lib/python3.12/site-packages/airflow/example_dags/example_branch_datetime_operator.py for tasks to queue
[2026-08-12T04:43:41.917+0000] {logging_mixin.py:190} INFO - [2026-08-12T04:43:41.917+0000] {dagbag.py:587} INFO - Filling up the DagBag from /home/airflow/.local/lib/python3.12/site-packages/airflow/example_dags/example_branch_datetime_operator.py
[2026-08-12T04:43:41.930+0000] {processor.py:925} INFO - DAG(s) 'example_branch_datetime_operator_2', 'example_branch_datetime_operator', 'example_branch_datetime_operator_3' retrieved from /home/airflow/.local/lib/python3.12/site-packages/airflow/example_dags/example_branch_datetime_operator.py
[2026-08-12T04:43:41.961+0000] {logging_mixin.py:190} INFO - [2026-08-12T04:43:41.960+0000] {dag.py:3211} INFO - Sync 3 DAGs
[2026-08-12T04:43:41.986+0000] {logging_mixin.py:190} INFO - [2026-08-12T04:43:41.986+0000] {dag.py:4138} INFO - Setting next_dagrun for example_branch_datetime_operator to 2026-08-11 00:00:00+00:00, run_after=2026-08-12 00:00:00+00:00
[2026-08-12T04:43:41.992+0000] {logging_mixin.py:190} INFO - [2026-08-12T04:43:41.992+0000] {dag.py:4138} INFO - Setting next_dagrun for example_branch_datetime_operator_2 to 2026-08-11 00:00:00+00:00, run_after=2026-08-12 00:00:00+00:00
[2026-08-12T04:43:41.995+0000] {logging_mixin.py:190} INFO - [2026-08-12T04:43:41.995+0000] {dag.py:4138} INFO - Setting next_dagrun for example_branch_datetime_operator_3 to 2026-08-11 00:00:00+00:00, run_after=2026-08-12 00:00:00+00:00
[2026-08-12T04:43:42.016+0000] {processor.py:208} INFO - Processing /home/airflow/.local/lib/python3.12/site-packages/airflow/example_dags/example_branch_datetime_operator.py took 0.111 seconds
[2026-08-12T04:44:12.658+0000] {processor.py:186} INFO - Started process (PID=1443) to work on /home/airflow/.local/lib/python3.12/site-packages/airflow/example_dags/example_branch_datetime_operator.py
[2026-08-12T04:44:12.660+0000] {processor.py:914} INFO - Processing file /home/airflow/.local/lib/python3.12/site-packages/airflow/example_dags/example_branch_datetime_operator.py for tasks to queue
[2026-08-12T04:44:12.664+0000] {logging_mixin.py:190} INFO - [2026-08-12T04:44:12.664+0000] {dagbag.py:587} INFO - Filling up the DagBag from /home/airflow/.local/lib/python3.12/site-packages/airflow/example_dags/example_branch_datetime_operator.py
[2026-08-12T04:44:12.681+0000] {processor.py:925} INFO - DAG(s) 'example_branch_datetime_operator_2', 'example_branch_datetime_operator', 'example_branch_datetime_operator_3' retrieved from /home/airflow/.local/lib/python3.12/site-packages/airflow/example_dags/example_branch_datetime_operator.py
[2026-08-12T04:44:12.723+0000] {logging_mixin.py:190} INFO - [2026-08-12T04:44:12.723+0000] {dag.py:3211} INFO - Sync 3 DAGs
[2026-08-12T04:44:12.759+0000] {logging_mixin.py:190} INFO - [2026-08-12T04:44:12.759+0000] {dag.py:4138} INFO - Setting next_dagrun for example_branch_datetime_operator to 2026-08-11 00:00:00+00:00, run_after=2026-08-12 00:00:00+00:00
[2026-08-12T04:44:12.766+0000] {logging_mixin.py:190} INFO - [2026-08-12T04:44:12.766+0000] {dag.py:4138} INFO - Setting next_dagrun for example_branch_datetime_operator_2 to 2026-08-11 00:00:00+00:00, run_after=2026-08-12 00:00:00+00:00
[2026-08-12T04:44:12.770+0000] {logging_mixin.py:190} INFO - [2026-08-12T04:44:12.770+0000] {dag.py:4138} INFO - Setting next_dagrun for example_branch_datetime_operator_3 to 2026-08-11 00:00:00+00:00, run_after=2026-08-12 00:00:00+00:00
[2026-08-12T04:44:12.797+0000] {processor.py:208} INFO - Processing /home/airflow/.local/lib/python3.12/site-packages/airflow/example_dags/example_branch_datetime_operator.py took 0.146 seconds
[2026-08-12T04:44:43.111+0000] {processor.py:186} INFO - Started process (PID=1506) to work on /home/airflow/.local/lib/python3.12/site-packages/airflow/example_dags/example_branch_datetime_operator.py
[2026-08-12T04:44:43.112+0000] {processor.py:914} INFO - Processing file /home/airflow/.local/lib/python3.12/site-packages/airflow/example_dags/example_branch_datetime_operator.py for tasks to queue
[2026-08-12T04:44:43.115+0000] {logging_mixin.py:190} INFO - [2026-08-12T04:44:43.114+0000] {dagbag.py:587} INFO - Filling up the DagBag from /home/airflow/.local/lib/python3.12/site-packages/airflow/example_dags/example_branch_datetime_operator.py
[2026-08-12T04:44:43.126+0000] {processor.py:925} INFO - DAG(s) 'example_branch_datetime_operator', 'example_branch_datetime_operator_2', 'example_branch_datetime_operator_3' retrieved from /home/airflow/.local/lib/python3.12/site-packages/airflow/example_dags/example_branch_datetime_operator.py
[2026-08-12T04:44:43.161+0000] {logging_mixin.py:190} INFO - [2026-08-12T04:44:43.161+0000] {dag.py:3211} INFO - Sync 3 DAGs
[2026-08-12T04:44:43.189+0000] {logging_mixin.py:190} INFO - [2026-08-12T04:44:43.189+0000] {dag.py:4138} INFO - Setting next_dagrun for example_branch_datetime_operator to 2026-08-11 00:00:00+00:00, run_after=2026-08-12 00:00:00+00:00
[2026-08-12T04:44:43.196+0000] {logging_mixin.py:190} INFO - [2026-08-12T04:44:43.196+0000] {dag.py:4138} INFO - Setting next_dagrun for example_branch_datetime_operator_2 to 2026-08-11 00:00:00+00:00, run_after=2026-08-12 00:00:00+00:00
[2026-08-12T04:44:43.200+0000] {logging_mixin.py:190} INFO - [2026-08-12T04:44:43.199+0000] {dag.py:4138} INFO - Setting next_dagrun for example_branch_datetime_operator_3 to 2026-08-11 00:00:00+00:00, run_after=2026-08-12 00:00:00+00:00
[2026-08-12T04:44:43.229+0000] {processor.py:208} INFO - Processing /home/airflow/.local/lib/python3.12/site-packages/airflow/example_dags/example_branch_datetime_operator.py took 0.123 seconds
[2026-08-12T04:45:13.352+0000] {processor.py:186} INFO - Started process (PID=1568) to work on /home/airflow/.local/lib/python3.12/site-packages/airflow/example_dags/example_branch_datetime_operator.py
[2026-08-12T04:45:13.354+0000] {processor.py:914} INFO - Processing file /home/airflow/.local/lib/python3.12/site-packages/airflow/example_dags/example_branch_datetime_operator.py for tasks to queue
[2026-08-12T04:45:13.358+0000] {logging_mixin.py:190} INFO - [2026-08-12T04:45:13.357+0000] {dagbag.py:587} INFO - Filling up the DagBag from /home/airflow/.local/lib/python3.12/site-packages/airflow/example_dags/example_branch_datetime_operator.py
[2026-08-12T04:45:13.371+0000] {processor.py:925} INFO - DAG(s) 'example_branch_datetime_operator', 'example_branch_datetime_operator_3', 'example_branch_datetime_operator_2' retrieved from /home/airflow/.local/lib/python3.12/site-packages/airflow/example_dags/example_branch_datetime_operator.py
[2026-08-12T04:45:13.401+0000] {logging_mixin.py:190} INFO - [2026-08-12T04:45:13.400+0000] {dag.py:3211} INFO - Sync 3 DAGs
[2026-08-12T04:45:13.436+0000] {logging_mixin.py:190} INFO - [2026-08-12T04:45:13.435+0000] {dag.py:4138} INFO - Setting next_dagrun for example_branch_datetime_operator to 2026-08-11 00:00:00+00:00, run_after=2026-08-12 00:00:00+00:00
[2026-08-12T04:45:13.443+0000] {logging_mixin.py:190} INFO - [2026-08-12T04:45:13.443+0000] {dag.py:4138} INFO - Setting next_dagrun for example_branch_datetime_operator_2 to 2026-08-11 00:00:00+00:00, run_after=2026-08-12 00:00:00+00:00
[2026-08-12T04:45:13.448+0000] {logging_mixin.py:190} INFO - [2026-08-12T04:45:13.448+0000] {dag.py:4138} INFO - Setting next_dagrun for example_branch_datetime_operator_3 to 2026-08-11 00:00:00+00:00, run_after=2026-08-12 00:00:00+00:00
[2026-08-12T04:45:13.477+0000] {processor.py:208} INFO - Processing /home/airflow/.local/lib/python3.12/site-packages/airflow/example_dags/example_branch_datetime_operator.py took 0.133 seconds
[2026-08-12T04:45:44.007+0000] {processor.py:186} INFO - Started process (PID=1630) to work on /home/airflow/.local/lib/python3.12/site-packages/airflow/example_dags/example_branch_datetime_operator.py
[2026-08-12T04:45:44.009+0000] {processor.py:914} INFO - Processing file /home/airflow/.local/lib/python3.12/site-packages/airflow/example_dags/example_branch_datetime_operator.py for tasks to queue
[2026-08-12T04:45:44.014+0000] {logging_mixin.py:190} INFO - [2026-08-12T04:45:44.014+0000] {dagbag.py:587} INFO - Filling up the DagBag from /home/airflow/.local/lib/python3.12/site-packages/airflow/example_dags/example_branch_datetime_operator.py
[2026-08-12T04:45:44.033+0000] {processor.py:925} INFO - DAG(s) 'example_branch_datetime_operator_3', 'example_branch_datetime_operator_2', 'example_branch_datetime_operator' retrieved from /home/airflow/.local/lib/python3.12/site-packages/airflow/example_dags/example_branch_datetime_operator.py
[2026-08-12T04:45:44.070+0000] {logging_mixin.py:190} INFO - [2026-08-12T04:45:44.070+0000] {dag.py:3211} INFO - Sync 3 DAGs
[2026-08-12T04:45:44.098+0000] {logging_mixin.py:190} INFO - [2026-08-12T04:45:44.098+0000] {dag.py:4138} INFO - Setting next_dagrun for example_branch_datetime_operator to 2026-08-11 00:00:00+00:00, run_after=2026-08-12 00:00:00+00:00
[2026-08-12T04:45:44.103+0000] {logging_mixin.py:190} INFO - [2026-08-12T04:45:44.103+0000] {dag.py:4138} INFO - Setting next_dagrun for example_branch_datetime_operator_2 to 2026-08-11 00:00:00+00:00, run_after=2026-08-12 00:00:00+00:00
[2026-08-12T04:45:44.107+0000] {logging_mixin.py:190} INFO - [2026-08-12T04:45:44.106+0000] {dag.py:4138} INFO - Setting next_dagrun for example_branch_datetime_operator_3 to 2026-08-11 00:00:00+00:00, run_after=2026-08-12 00:00:00+00:00
[2026-08-12T04:45:44.136+0000] {processor.py:208} INFO - Processing /home/airflow/.local/lib/python3.12/site-packages/airflow/example_dags/example_branch_datetime_operator.py took 0.139 seconds
[2026-08-12T04:46:14.688+0000] {processor.py:186} INFO - Started process (PID=1692) to work on /home/airflow/.local/lib/python3.12/site-packages/airflow/example_dags/example_branch_datetime_operator.py
[2026-08-12T04:46:14.690+0000] {processor.py:914} INFO - Processing file /home/airflow/.local/lib/python3.12/site-packages/airflow/example_dags/example_branch_datetime_operator.py for tasks to queue
[2026-08-12T04:46:14.693+0000] {logging_mixin.py:190} INFO - [2026-08-12T04:46:14.693+0000] {dagbag.py:587} INFO - Filling up the DagBag from /home/airflow/.local/lib/python3.12/site-packages/airflow/example_dags/example_branch_datetime_operator.py
[2026-08-12T04:46:14.709+0000] {processor.py:925} INFO - DAG(s) 'example_branch_datetime_operator_3', 'example_branch_datetime_operator', 'example_branch_datetime_operator_2' retrieved from /home/airflow/.local/lib/python3.12/site-packages/airflow/example_dags/example_branch_datetime_operator.py
[2026-08-12T04:46:14.750+0000] {logging_mixin.py:190} INFO - [2026-08-12T04:46:14.749+0000] {dag.py:3211} INFO - Sync 3 DAGs
[2026-08-12T04:46:14.788+0000] {logging_mixin.py:190} INFO - [2026-08-12T04:46:14.788+0000] {dag.py:4138} INFO - Setting next_dagrun for example_branch_datetime_operator to 2026-08-11 00:00:00+00:00, run_after=2026-08-12 00:00:00+00:00
[2026-08-12T04:46:14.795+0000] {logging_mixin.py:190} INFO - [2026-08-12T04:46:14.795+0000] {dag.py:4138} INFO - Setting next_dagrun for example_branch_datetime_operator_2 to 2026-08-11 00:00:00+00:00, run_after=2026-08-12 00:00:00+00:00
[2026-08-12T04:46:14.800+0000] {logging_mixin.py:190} INFO - [2026-08-12T04:46:14.800+0000] {dag.py:4138} INFO - Setting next_dagrun for example_branch_datetime_operator_3 to 2026-08-11 00:00:00+00:00, run_after=2026-08-12 00:00:00+00:00
[2026-08-12T04:46:14.818+0000] {processor.py:208} INFO - Processing /home/airflow/.local/lib/python3.12/site-packages/airflow/example_dags/example_branch_datetime_operator.py took 0.135 seconds
[2026-08-12T04:46:45.285+0000] {processor.py:186} INFO - Started process (PID=1754) to work on /home/airflow/.local/lib/python3.12/site-packages/airflow/example_dags/example_branch_datetime_operator.py
[2026-08-12T04:46:45.286+0000] {processor.py:914} INFO - Processing file /home/airflow/.local/lib/python3.12/site-packages/airflow/example_dags/example_branch_datetime_operator.py for tasks to queue
[2026-08-12T04:46:45.290+0000] {logging_mixin.py:190} INFO - [2026-08-12T04:46:45.289+0000] {dagbag.py:587} INFO - Filling up the DagBag from /home/airflow/.local/lib/python3.12/site-packages/airflow/example_dags/example_branch_datetime_operator.py
[2026-08-12T04:46:45.301+0000] {processor.py:925} INFO - DAG(s) 'example_branch_datetime_operator_3', 'example_branch_datetime_operator', 'example_branch_datetime_operator_2' retrieved from /home/airflow/.local/lib/python3.12/site-packages/airflow/example_dags/example_branch_datetime_operator.py
[2026-08-12T04:46:45.330+0000] {logging_mixin.py:190} INFO - [2026-08-12T04:46:45.329+0000] {dag.py:3211} INFO - Sync 3 DAGs
[2026-08-12T04:46:45.358+0000] {logging_mixin.py:190} INFO - [2026-08-12T04:46:45.357+0000] {dag.py:4138} INFO - Setting next_dagrun for example_branch_datetime_operator to 2026-08-11 00:00:00+00:00, run_after=2026-08-12 00:00:00+00:00
[2026-08-12T04:46:45.363+0000] {logging_mixin.py:190} INFO - [2026-08-12T04:46:45.363+0000] {dag.py:4138} INFO - Setting next_dagrun for example_branch_datetime_operator_2 to 2026-08-11 00:00:00+00:00, run_after=2026-08-12 00:00:00+00:00
[2026-08-12T04:46:45.366+0000] {logging_mixin.py:190} INFO - [2026-08-12T04:46:45.366+0000] {dag.py:4138} INFO - Setting next_dagrun for example_branch_datetime_operator_3 to 2026-08-11 00:00:00+00:00, run_after=2026-08-12 00:00:00+00:00
[2026-08-12T04:46:45.386+0000] {processor.py:208} INFO - Processing /home/airflow/.local/lib/python3.12/site-packages/airflow/example_dags/example_branch_datetime_operator.py took 0.107 seconds
[2026-08-12T04:47:15.883+0000] {processor.py:186} INFO - Started process (PID=1816) to work on /home/airflow/.local/lib/python3.12/site-packages/airflow/example_dags/example_branch_datetime_operator.py
[2026-08-12T04:47:15.884+0000] {processor.py:914} INFO - Processing file /home/airflow/.local/lib/python3.12/site-packages/airflow/example_dags/example_branch_datetime_operator.py for tasks to queue
[2026-08-12T04:47:15.888+0000] {logging_mixin.py:190} INFO - [2026-08-12T04:47:15.887+0000] {dagbag.py:587} INFO - Filling up the DagBag from /home/airflow/.local/lib/python3.12/site-packages/airflow/example_dags/example_branch_datetime_operator.py
[2026-08-12T04:47:15.900+0000] {processor.py:925} INFO - DAG(s) 'example_branch_datetime_operator', 'example_branch_datetime_operator_3', 'example_branch_datetime_operator_2' retrieved from /home/airflow/.local/lib/python3.12/site-packages/airflow/example_dags/example_branch_datetime_operator.py
[2026-08-12T04:47:15.926+0000] {logging_mixin.py:190} INFO - [2026-08-12T04:47:15.926+0000] {dag.py:3211} INFO - Sync 3 DAGs
[2026-08-12T04:47:15.950+0000] {logging_mixin.py:190} INFO - [2026-08-12T04:47:15.950+0000] {dag.py:4138} INFO - Setting next_dagrun for example_branch_datetime_operator to 2026-08-11 00:00:00+00:00, run_after=2026-08-12 00:00:00+00:00
[2026-08-12T04:47:15.956+0000] {logging_mixin.py:190} INFO - [2026-08-12T04:47:15.955+0000] {dag.py:4138} INFO - Setting next_dagrun for example_branch_datetime_operator_2 to 2026-08-11 00:00:00+00:00, run_after=2026-08-12 00:00:00+00:00
[2026-08-12T04:47:15.959+0000] {logging_mixin.py:190} INFO - [2026-08-12T04:47:15.958+0000] {dag.py:4138} INFO - Setting next_dagrun for example_branch_datetime_operator_3 to 2026-08-11 00:00:00+00:00, run_after=2026-08-12 00:00:00+00:00
[2026-08-12T04:47:15.978+0000] {processor.py:208} INFO - Processing /home/airflow/.local/lib/python3.12/site-packages/airflow/example_dags/example_branch_datetime_operator.py took 0.101 seconds
[2026-08-12T04:47:46.856+0000] {processor.py:186} INFO - Started process (PID=1878) to work on /home/airflow/.local/lib/python3.12/site-packages/airflow/example_dags/example_branch_datetime_operator.py
[2026-08-12T04:47:46.858+0000] {processor.py:914} INFO - Processing file /home/airflow/.local/lib/python3.12/site-packages/airflow/example_dags/example_branch_datetime_operator.py for tasks to queue
[2026-08-12T04:47:46.862+0000] {logging_mixin.py:190} INFO - [2026-08-12T04:47:46.862+0000] {dagbag.py:587} INFO - Filling up the DagBag from /home/airflow/.local/lib/python3.12/site-packages/airflow/example_dags/example_branch_datetime_operator.py
[2026-08-12T04:47:46.880+0000] {processor.py:925} INFO - DAG(s) 'example_branch_datetime_operator_3', 'example_branch_datetime_operator', 'example_branch_datetime_operator_2' retrieved from /home/airflow/.local/lib/python3.12/site-packages/airflow/example_dags/example_branch_datetime_operator.py
[2026-08-12T04:47:46.925+0000] {logging_mixin.py:190} INFO - [2026-08-12T04:47:46.924+0000] {dag.py:3211} INFO - Sync 3 DAGs
[2026-08-12T04:47:46.964+0000] {logging_mixin.py:190} INFO - [2026-08-12T04:47:46.963+0000] {dag.py:4138} INFO - Setting next_dagrun for example_branch_datetime_operator to 2026-08-11 00:00:00+00:00, run_after=2026-08-12 00:00:00+00:00
[2026-08-12T04:47:46.970+0000] {logging_mixin.py:190} INFO - [2026-08-12T04:47:46.970+0000] {dag.py:4138} INFO - Setting next_dagrun for example_branch_datetime_operator_2 to 2026-08-11 00:00:00+00:00, run_after=2026-08-12 00:00:00+00:00
[2026-08-12T04:47:46.974+0000] {logging_mixin.py:190} INFO - [2026-08-12T04:47:46.974+0000] {dag.py:4138} INFO - Setting next_dagrun for example_branch_datetime_operator_3 to 2026-08-11 00:00:00+00:00, run_after=2026-08-12 00:00:00+00:00
[2026-08-12T04:47:46.995+0000] {processor.py:208} INFO - Processing /home/airflow/.local/lib/python3.12/site-packages/airflow/example_dags/example_branch_datetime_operator.py took 0.148 seconds
[2026-08-12T04:48:17.126+0000] {processor.py:186} INFO - Started process (PID=1942) to work on /home/airflow/.local/lib/python3.12/site-packages/airflow/example_dags/example_branch_datetime_operator.py
[2026-08-12T04:48:17.127+0000] {processor.py:914} INFO - Processing file /home/airflow/.local/lib/python3.12/site-packages/airflow/example_dags/example_branch_datetime_operator.py for tasks to queue
[2026-08-12T04:48:17.130+0000] {logging_mixin.py:190} INFO - [2026-08-12T04:48:17.129+0000] {dagbag.py:587} INFO - Filling up the DagBag from /home/airflow/.local/lib/python3.12/site-packages/airflow/example_dags/example_branch_datetime_operator.py
[2026-08-12T04:48:17.140+0000] {processor.py:925} INFO - DAG(s) 'example_branch_datetime_operator_3', 'example_branch_datetime_operator', 'example_branch_datetime_operator_2' retrieved from /home/airflow/.local/lib/python3.12/site-packages/airflow/example_dags/example_branch_datetime_operator.py
[2026-08-12T04:48:17.168+0000] {logging_mixin.py:190} INFO - [2026-08-12T04:48:17.168+0000] {dag.py:3211} INFO - Sync 3 DAGs
[2026-08-12T04:48:17.190+0000] {logging_mixin.py:190} INFO - [2026-08-12T04:48:17.190+0000] {dag.py:4138} INFO - Setting next_dagrun for example_branch_datetime_operator to 2026-08-11 00:00:00+00:00, run_after=2026-08-12 00:00:00+00:00
[2026-08-12T04:48:17.196+0000] {logging_mixin.py:190} INFO - [2026-08-12T04:48:17.196+0000] {dag.py:4138} INFO - Setting next_dagrun for example_branch_datetime_operator_2 to 2026-08-11 00:00:00+00:00, run_after=2026-08-12 00:00:00+00:00
[2026-08-12T04:48:17.200+0000] {logging_mixin.py:190} INFO - [2026-08-12T04:48:17.199+0000] {dag.py:4138} INFO - Setting next_dagrun for example_branch_datetime_operator_3 to 2026-08-11 00:00:00+00:00, run_after=2026-08-12 00:00:00+00:00
[2026-08-12T04:48:17.218+0000] {processor.py:208} INFO - Processing /home/airflow/.local/lib/python3.12/site-packages/airflow/example_dags/example_branch_datetime_operator.py took 0.098 seconds
[2026-08-12T04:48:47.406+0000] {processor.py:186} INFO - Started process (PID=2005) to work on /home/airflow/.local/lib/python3.12/site-packages/airflow/example_dags/example_branch_datetime_operator.py
[2026-08-12T04:48:47.407+0000] {processor.py:914} INFO - Processing file /home/airflow/.local/lib/python3.12/site-packages/airflow/example_dags/example_branch_datetime_operator.py for tasks to queue
[2026-08-12T04:48:47.410+0000] {logging_mixin.py:190} INFO - [2026-08-12T04:48:47.410+0000] {dagbag.py:587} INFO - Filling up the DagBag from /home/airflow/.local/lib/python3.12/site-packages/airflow/example_dags/example_branch_datetime_operator.py
[2026-08-12T04:48:47.422+0000] {processor.py:925} INFO - DAG(s) 'example_branch_datetime_operator_2', 'example_branch_datetime_operator_3', 'example_branch_datetime_operator' retrieved from /home/airflow/.local/lib/python3.12/site-packages/airflow/example_dags/example_branch_datetime_operator.py
[2026-08-12T04:48:47.447+0000] {logging_mixin.py:190} INFO - [2026-08-12T04:48:47.447+0000] {dag.py:3211} INFO - Sync 3 DAGs
[2026-08-12T04:48:47.472+0000] {logging_mixin.py:190} INFO - [2026-08-12T04:48:47.472+0000] {dag.py:4138} INFO - Setting next_dagrun for example_branch_datetime_operator to 2026-08-11 00:00:00+00:00, run_after=2026-08-12 00:00:00+00:00
[2026-08-12T04:48:47.477+0000] {logging_mixin.py:190} INFO - [2026-08-12T04:48:47.477+0000] {dag.py:4138} INFO - Setting next_dagrun for example_branch_datetime_operator_2 to 2026-08-11 00:00:00+00:00, run_after=2026-08-12 00:00:00+00:00
[2026-08-12T04:48:47.481+0000] {logging_mixin.py:190} INFO - [2026-08-12T04:48:47.481+0000] {dag.py:4138} INFO - Setting next_dagrun for example_branch_datetime_operator_3 to 2026-08-11 00:00:00+00:00, run_after=2026-08-12 00:00:00+00:00
[2026-08-12T04:48:47.499+0000] {processor.py:208} INFO - Processing /home/airflow/.local/lib/python3.12/site-packages/airflow/example_dags/example_branch_datetime_operator.py took 0.099 seconds
[2026-08-12T04:49:17.620+0000] {processor.py:186} INFO - Started process (PID=2068) to work on /home/airflow/.local/lib/python3.12/site-packages/airflow/example_dags/example_branch_datetime_operator.py
[2026-08-12T04:49:17.621+0000] {processor.py:914} INFO - Processing file /home/airflow/.local/lib/python3.12/site-packages/airflow/example_dags/example_branch_datetime_operator.py for tasks to queue
[2026-08-12T04:49:17.625+0000] {logging_mixin.py:190} INFO - [2026-08-12T04:49:17.625+0000] {dagbag.py:587} INFO - Filling up the DagBag from /home/airflow/.local/lib/python3.12/site-packages/airflow/example_dags/example_branch_datetime_operator.py
[2026-08-12T04:49:17.641+0000] {processor.py:925} INFO - DAG(s) 'example_branch_datetime_operator', 'example_branch_datetime_operator_3', 'example_branch_datetime_operator_2' retrieved from /home/airflow/.local/lib/python3.12/site-packages/airflow/example_dags/example_branch_datetime_operator.py
[2026-08-12T04:49:17.668+0000] {logging_mixin.py:190} INFO - [2026-08-12T04:49:17.668+0000] {dag.py:3211} INFO - Sync 3 DAGs
[2026-08-12T04:49:17.694+0000] {logging_mixin.py:190} INFO - [2026-08-12T04:49:17.694+0000] {dag.py:4138} INFO - Setting next_dagrun for example_branch_datetime_operator to 2026-08-11 00:00:00+00:00, run_after=2026-08-12 00:00:00+00:00
[2026-08-12T04:49:17.700+0000] {logging_mixin.py:190} INFO - [2026-08-12T04:49:17.699+0000] {dag.py:4138} INFO - Setting next_dagrun for example_branch_datetime_operator_2 to 2026-08-11 00:00:00+00:00, run_after=2026-08-12 00:00:00+00:00
[2026-08-12T04:49:17.702+0000] {logging_mixin.py:190} INFO - [2026-08-12T04:49:17.702+0000] {dag.py:4138} INFO - Setting next_dagrun for example_branch_datetime_operator_3 to 2026-08-11 00:00:00+00:00, run_after=2026-08-12 00:00:00+00:00
[2026-08-12T04:49:17.719+0000] {processor.py:208} INFO - Processing /home/airflow/.local/lib/python3.12/site-packages/airflow/example_dags/example_branch_datetime_operator.py took 0.105 seconds
[2026-08-12T04:49:48.102+0000] {processor.py:186} INFO - Started process (PID=2131) to work on /home/airflow/.local/lib/python3.12/site-packages/airflow/example_dags/example_branch_datetime_operator.py
[2026-08-12T04:49:48.103+0000] {processor.py:914} INFO - Processing file /home/airflow/.local/lib/python3.12/site-packages/airflow/example_dags/example_branch_datetime_operator.py for tasks to queue
[2026-08-12T04:49:48.107+0000] {logging_mixin.py:190} INFO - [2026-08-12T04:49:48.107+0000] {dagbag.py:587} INFO - Filling up the DagBag from /home/airflow/.local/lib/python3.12/site-packages/airflow/example_dags/example_branch_datetime_operator.py
[2026-08-12T04:49:48.119+0000] {processor.py:925} INFO - DAG(s) 'example_branch_datetime_operator_3', 'example_branch_datetime_operator_2', 'example_branch_datetime_operator' retrieved from /home/airflow/.local/lib/python3.12/site-packages/airflow/example_dags/example_branch_datetime_operator.py
[2026-08-12T04:49:48.158+0000] {logging_mixin.py:190} INFO - [2026-08-12T04:49:48.157+0000] {dag.py:3211} INFO - Sync 3 DAGs
[2026-08-12T04:49:48.199+0000] {logging_mixin.py:190} INFO - [2026-08-12T04:49:48.199+0000] {dag.py:4138} INFO - Setting next_dagrun for example_branch_datetime_operator to 2026-08-11 00:00:00+00:00, run_after=2026-08-12 00:00:00+00:00
[2026-08-12T04:49:48.208+0000] {logging_mixin.py:190} INFO - [2026-08-12T04:49:48.208+0000] {dag.py:4138} INFO - Setting next_dagrun for example_branch_datetime_operator_2 to 2026-08-11 00:00:00+00:00, run_after=2026-08-12 00:00:00+00:00
[2026-08-12T04:49:48.213+0000] {logging_mixin.py:190} INFO - [2026-08-12T04:49:48.213+0000] {dag.py:4138} INFO - Setting next_dagrun for example_branch_datetime_operator_3 to 2026-08-11 00:00:00+00:00, run_after=2026-08-12 00:00:00+00:00
[2026-08-12T04:49:48.236+0000] {processor.py:208} INFO - Processing /home/airflow/.local/lib/python3.12/site-packages/airflow/example_dags/example_branch_datetime_operator.py took 0.141 seconds
[2026-08-12T04:50:18.655+0000] {processor.py:186} INFO - Started process (PID=2195) to work on /home/airflow/.local/lib/python3.12/site-packages/airflow/example_dags/example_branch_datetime_operator.py
[2026-08-12T04:50:18.656+0000] {processor.py:914} INFO - Processing file /home/airflow/.local/lib/python3.12/site-packages/airflow/example_dags/example_branch_datetime_operator.py for tasks to queue
[2026-08-12T04:50:18.661+0000] {logging_mixin.py:190} INFO - [2026-08-12T04:50:18.660+0000] {dagbag.py:587} INFO - Filling up the DagBag from /home/airflow/.local/lib/python3.12/site-packages/airflow/example_dags/example_branch_datetime_operator.py
[2026-08-12T04:50:18.678+0000] {processor.py:925} INFO - DAG(s) 'example_branch_datetime_operator_3', 'example_branch_datetime_operator_2', 'example_branch_datetime_operator' retrieved from /home/airflow/.local/lib/python3.12/site-packages/airflow/example_dags/example_branch_datetime_operator.py
[2026-08-12T04:50:18.704+0000] {logging_mixin.py:190} INFO - [2026-08-12T04:50:18.704+0000] {dag.py:3211} INFO - Sync 3 DAGs
[2026-08-12T04:50:18.732+0000] {logging_mixin.py:190} INFO - [2026-08-12T04:50:18.731+0000] {dag.py:4138} INFO - Setting next_dagrun for example_branch_datetime_operator to 2026-08-11 00:00:00+00:00, run_after=2026-08-12 00:00:00+00:00
[2026-08-12T04:50:18.737+0000] {logging_mixin.py:190} INFO - [2026-08-12T04:50:18.737+0000] {dag.py:4138} INFO - Setting next_dagrun for example_branch_datetime_operator_2 to 2026-08-11 00:00:00+00:00, run_after=2026-08-12 00:00:00+00:00
[2026-08-12T04:50:18.740+0000] {logging_mixin.py:190} INFO - [2026-08-12T04:50:18.740+0000] {dag.py:4138} INFO - Setting next_dagrun for example_branch_datetime_operator_3 to 2026-08-11 00:00:00+00:00, run_after=2026-08-12 00:00:00+00:00
[2026-08-12T04:50:18.757+0000] {processor.py:208} INFO - Processing /home/airflow/.local/lib/python3.12/site-packages/airflow/example_dags/example_branch_datetime_operator.py took 0.113 seconds
[2026-08-12T04:50:49.225+0000] {processor.py:186} INFO - Started process (PID=2258) to work on /home/airflow/.local/lib/python3.12/site-packages/airflow/example_dags/example_branch_datetime_operator.py
[2026-08-12T04:50:49.227+0000] {processor.py:914} INFO - Processing file /home/airflow/.local/lib/python3.12/site-packages/airflow/example_dags/example_branch_datetime_operator.py for tasks to queue
[2026-08-12T04:50:49.230+0000] {logging_mixin.py:190} INFO - [2026-08-12T04:50:49.230+0000] {dagbag.py:587} INFO - Filling up the DagBag from /home/airflow/.local/lib/python3.12/site-packages/airflow/example_dags/example_branch_datetime_operator.py
[2026-08-12T04:50:49.244+0000] {processor.py:925} INFO - DAG(s) 'example_branch_datetime_operator_2', 'example_branch_datetime_operator_3', 'example_branch_datetime_operator' retrieved from /home/airflow/.local/lib/python3.12/site-packages/airflow/example_dags/example_branch_datetime_operator.py
[2026-08-12T04:50:49.282+0000] {logging_mixin.py:190} INFO - [2026-08-12T04:50:49.282+0000] {dag.py:3211} INFO - Sync 3 DAGs
[2026-08-12T04:50:49.304+0000] {logging_mixin.py:190} INFO - [2026-08-12T04:50:49.304+0000] {dag.py:4138} INFO - Setting next_dagrun for example_branch_datetime_operator to 2026-08-11 00:00:00+00:00, run_after=2026-08-12 00:00:00+00:00
[2026-08-12T04:50:49.309+0000] {logging_mixin.py:190} INFO - [2026-08-12T04:50:49.309+0000] {dag.py:4138} INFO - Setting next_dagrun for example_branch_datetime_operator_2 to 2026-08-11 00:00:00+00:00, run_after=2026-08-12 00:00:00+00:00
[2026-08-12T04:50:49.312+0000] {logging_mixin.py:190} INFO - [2026-08-12T04:50:49.312+0000] {dag.py:4138} INFO - Setting next_dagrun for example_branch_datetime_operator_3 to 2026-08-11 00:00:00+00:00, run_after=2026-08-12 00:00:00+00:00
[2026-08-12T04:50:49.329+0000] {processor.py:208} INFO - Processing /home/airflow/.local/lib/python3.12/site-packages/airflow/example_dags/example_branch_datetime_operator.py took 0.112 seconds
[2026-08-12T04:51:19.830+0000] {processor.py:186} INFO - Started process (PID=2321) to work on /home/airflow/.local/lib/python3.12/site-packages/airflow/example_dags/example_branch_datetime_operator.py
[2026-08-12T04:51:19.832+0000] {processor.py:914} INFO - Processing file /home/airflow/.local/lib/python3.12/site-packages/airflow/example_dags/example_branch_datetime_operator.py for tasks to queue
[2026-08-12T04:51:19.835+0000] {logging_mixin.py:190} INFO - [2026-08-12T04:51:19.835+0000] {dagbag.py:587} INFO - Filling up the DagBag from /home/airflow/.local/lib/python3.12/site-packages/airflow/example_dags/example_branch_datetime_operator.py
[2026-08-12T04:51:19.853+0000] {processor.py:925} INFO - DAG(s) 'example_branch_datetime_operator_2', 'example_branch_datetime_operator_3', 'example_branch_datetime_operator' retrieved from /home/airflow/.local/lib/python3.12/site-packages/airflow/example_dags/example_branch_datetime_operator.py
[2026-08-12T04:51:19.891+0000] {logging_mixin.py:190} INFO - [2026-08-12T04:51:19.890+0000] {dag.py:3211} INFO - Sync 3 DAGs
[2026-08-12T04:51:19.917+0000] {logging_mixin.py:190} INFO - [2026-08-12T04:51:19.917+0000] {dag.py:4138} INFO - Setting next_dagrun for example_branch_datetime_operator to 2026-08-11 00:00:00+00:00, run_after=2026-08-12 00:00:00+00:00
[2026-08-12T04:51:19.922+0000] {logging_mixin.py:190} INFO - [2026-08-12T04:51:19.922+0000] {dag.py:4138} INFO - Setting next_dagrun for example_branch_datetime_operator_2 to 2026-08-11 00:00:00+00:00, run_after=2026-08-12 00:00:00+00:00
[2026-08-12T04:51:19.926+0000] {logging_mixin.py:190} INFO - [2026-08-12T04:51:19.925+0000] {dag.py:4138} INFO - Setting next_dagrun for example_branch_datetime_operator_3 to 2026-08-11 00:00:00+00:00, run_after=2026-08-12 00:00:00+00:00
[2026-08-12T04:51:19.945+0000] {processor.py:208} INFO - Processing /home/airflow/.local/lib/python3.12/site-packages/airflow/example_dags/example_branch_datetime_operator.py took 0.119 seconds
[2026-08-12T04:51:50.566+0000] {processor.py:186} INFO - Started process (PID=2383) to work on /home/airflow/.local/lib/python3.12/site-packages/airflow/example_dags/example_branch_datetime_operator.py
[2026-08-12T04:51:50.568+0000] {processor.py:914} INFO - Processing file /home/airflow/.local/lib/python3.12/site-packages/airflow/example_dags/example_branch_datetime_operator.py for tasks to queue
[2026-08-12T04:51:50.571+0000] {logging_mixin.py:190} INFO - [2026-08-12T04:51:50.571+0000] {dagbag.py:587} INFO - Filling up the DagBag from /home/airflow/.local/lib/python3.12/site-packages/airflow/example_dags/example_branch_datetime_operator.py
[2026-08-12T04:51:50.585+0000] {processor.py:925} INFO - DAG(s) 'example_branch_datetime_operator', 'example_branch_datetime_operator_3', 'example_branch_datetime_operator_2' retrieved from /home/airflow/.local/lib/python3.12/site-packages/airflow/example_dags/example_branch_datetime_operator.py
[2026-08-12T04:51:50.609+0000] {logging_mixin.py:190} INFO - [2026-08-12T04:51:50.609+0000] {dag.py:3211} INFO - Sync 3 DAGs
[2026-08-12T04:51:50.637+0000] {logging_mixin.py:190} INFO - [2026-08-12T04:51:50.637+0000] {dag.py:4138} INFO - Setting next_dagrun for example_branch_datetime_operator to 2026-08-11 00:00:00+00:00, run_after=2026-08-12 00:00:00+00:00
[2026-08-12T04:51:50.642+0000] {logging_mixin.py:190} INFO - [2026-08-12T04:51:50.642+0000] {dag.py:4138} INFO - Setting next_dagrun for example_branch_datetime_operator_2 to 2026-08-11 00:00:00+00:00, run_after=2026-08-12 00:00:00+00:00
[2026-08-12T04:51:50.646+0000] {logging_mixin.py:190} INFO - [2026-08-12T04:51:50.645+0000] {dag.py:4138} INFO - Setting next_dagrun for example_branch_datetime_operator_3 to 2026-08-11 00:00:00+00:00, run_after=2026-08-12 00:00:00+00:00
[2026-08-12T04:51:50.662+0000] {processor.py:208} INFO - Processing /home/airflow/.local/lib/python3.12/site-packages/airflow/example_dags/example_branch_datetime_operator.py took 0.102 seconds
[2026-08-12T04:52:22.090+0000] {processor.py:186} INFO - Started process (PID=2447) to work on /home/airflow/.local/lib/python3.12/site-packages/airflow/example_dags/example_branch_datetime_operator.py
[2026-08-12T04:52:22.092+0000] {processor.py:914} INFO - Processing file /home/airflow/.local/lib/python3.12/site-packages/airflow/example_dags/example_branch_datetime_operator.py for tasks to queue
[2026-08-12T04:52:22.095+0000] {logging_mixin.py:190} INFO - [2026-08-12T04:52:22.095+0000] {dagbag.py:587} INFO - Filling up the DagBag from /home/airflow/.local/lib/python3.12/site-packages/airflow/example_dags/example_branch_datetime_operator.py
[2026-08-12T04:52:22.106+0000] {processor.py:925} INFO - DAG(s) 'example_branch_datetime_operator_2', 'example_branch_datetime_operator_3', 'example_branch_datetime_operator' retrieved from /home/airflow/.local/lib/python3.12/site-packages/airflow/example_dags/example_branch_datetime_operator.py
[2026-08-12T04:52:22.145+0000] {logging_mixin.py:190} INFO - [2026-08-12T04:52:22.145+0000] {dag.py:3211} INFO - Sync 3 DAGs
[2026-08-12T04:52:22.181+0000] {logging_mixin.py:190} INFO - [2026-08-12T04:52:22.181+0000] {dag.py:4138} INFO - Setting next_dagrun for example_branch_datetime_operator to 2026-08-11 00:00:00+00:00, run_after=2026-08-12 00:00:00+00:00
[2026-08-12T04:52:22.186+0000] {logging_mixin.py:190} INFO - [2026-08-12T04:52:22.186+0000] {dag.py:4138} INFO - Setting next_dagrun for example_branch_datetime_operator_2 to 2026-08-11 00:00:00+00:00, run_after=2026-08-12 00:00:00+00:00
[2026-08-12T04:52:22.189+0000] {logging_mixin.py:190} INFO - [2026-08-12T04:52:22.189+0000] {dag.py:4138} INFO - Setting next_dagrun for example_branch_datetime_operator_3 to 2026-08-11 00:00:00+00:00, run_after=2026-08-12 00:00:00+00:00
[2026-08-12T04:52:22.207+0000] {processor.py:208} INFO - Processing /home/airflow/.local/lib/python3.12/site-packages/airflow/example_dags/example_branch_datetime_operator.py took 0.122 seconds
[2026-08-12T04:52:53.026+0000] {processor.py:186} INFO - Started process (PID=2510) to work on /home/airflow/.local/lib/python3.12/site-packages/airflow/example_dags/example_branch_datetime_operator.py
[2026-08-12T04:52:53.028+0000] {processor.py:914} INFO - Processing file /home/airflow/.local/lib/python3.12/site-packages/airflow/example_dags/example_branch_datetime_operator.py for tasks to queue
[2026-08-12T04:52:53.031+0000] {logging_mixin.py:190} INFO - [2026-08-12T04:52:53.031+0000] {dagbag.py:587} INFO - Filling up the DagBag from /home/airflow/.local/lib/python3.12/site-packages/airflow/example_dags/example_branch_datetime_operator.py
[2026-08-12T04:52:53.044+0000] {processor.py:925} INFO - DAG(s) 'example_branch_datetime_operator_3', 'example_branch_datetime_operator', 'example_branch_datetime_operator_2' retrieved from /home/airflow/.local/lib/python3.12/site-packages/airflow/example_dags/example_branch_datetime_operator.py
[2026-08-12T04:52:53.074+0000] {logging_mixin.py:190} INFO - [2026-08-12T04:52:53.074+0000] {dag.py:3211} INFO - Sync 3 DAGs
[2026-08-12T04:52:53.102+0000] {logging_mixin.py:190} INFO - [2026-08-12T04:52:53.101+0000] {dag.py:4138} INFO - Setting next_dagrun for example_branch_datetime_operator to 2026-08-11 00:00:00+00:00, run_after=2026-08-12 00:00:00+00:00
[2026-08-12T04:52:53.107+0000] {logging_mixin.py:190} INFO - [2026-08-12T04:52:53.107+0000] {dag.py:4138} INFO - Setting next_dagrun for example_branch_datetime_operator_2 to 2026-08-11 00:00:00+00:00, run_after=2026-08-12 00:00:00+00:00
[2026-08-12T04:52:53.110+0000] {logging_mixin.py:190} INFO - [2026-08-12T04:52:53.110+0000] {dag.py:4138} INFO - Setting next_dagrun for example_branch_datetime_operator_3 to 2026-08-11 00:00:00+00:00, run_after=2026-08-12 00:00:00+00:00
[2026-08-12T04:52:53.131+0000] {processor.py:208} INFO - Processing /home/airflow/.local/lib/python3.12/site-packages/airflow/example_dags/example_branch_datetime_operator.py took 0.112 seconds
[2026-08-12T04:53:24.026+0000] {processor.py:186} INFO - Started process (PID=2573) to work on /home/airflow/.local/lib/python3.12/site-packages/airflow/example_dags/example_branch_datetime_operator.py
[2026-08-12T04:53:24.028+0000] {processor.py:914} INFO - Processing file /home/airflow/.local/lib/python3.12/site-packages/airflow/example_dags/example_branch_datetime_operator.py for tasks to queue
[2026-08-12T04:53:24.032+0000] {logging_mixin.py:190} INFO - [2026-08-12T04:53:24.032+0000] {dagbag.py:587} INFO - Filling up the DagBag from /home/airflow/.local/lib/python3.12/site-packages/airflow/example_dags/example_branch_datetime_operator.py
[2026-08-12T04:53:24.046+0000] {processor.py:925} INFO - DAG(s) 'example_branch_datetime_operator_2', 'example_branch_datetime_operator', 'example_branch_datetime_operator_3' retrieved from /home/airflow/.local/lib/python3.12/site-packages/airflow/example_dags/example_branch_datetime_operator.py
[2026-08-12T04:53:24.076+0000] {logging_mixin.py:190} INFO - [2026-08-12T04:53:24.075+0000] {dag.py:3211} INFO - Sync 3 DAGs
[2026-08-12T04:53:24.101+0000] {logging_mixin.py:190} INFO - [2026-08-12T04:53:24.101+0000] {dag.py:4138} INFO - Setting next_dagrun for example_branch_datetime_operator to 2026-08-11 00:00:00+00:00, run_after=2026-08-12 00:00:00+00:00
[2026-08-12T04:53:24.107+0000] {logging_mixin.py:190} INFO - [2026-08-12T04:53:24.107+0000] {dag.py:4138} INFO - Setting next_dagrun for example_branch_datetime_operator_2 to 2026-08-11 00:00:00+00:00, run_after=2026-08-12 00:00:00+00:00
[2026-08-12T04:53:24.110+0000] {logging_mixin.py:190} INFO - [2026-08-12T04:53:24.110+0000] {dag.py:4138} INFO - Setting next_dagrun for example_branch_datetime_operator_3 to 2026-08-11 00:00:00+00:00, run_after=2026-08-12 00:00:00+00:00
[2026-08-12T04:53:24.130+0000] {processor.py:208} INFO - Processing /home/airflow/.local/lib/python3.12/site-packages/airflow/example_dags/example_branch_datetime_operator.py took 0.112 seconds
[2026-08-12T04:53:54.781+0000] {processor.py:186} INFO - Started process (PID=2636) to work on /home/airflow/.local/lib/python3.12/site-packages/airflow/example_dags/example_branch_datetime_operator.py
[2026-08-12T04:53:54.783+0000] {processor.py:914} INFO - Processing file /home/airflow/.local/lib/python3.12/site-packages/airflow/example_dags/example_branch_datetime_operator.py for tasks to queue
[2026-08-12T04:53:54.786+0000] {logging_mixin.py:190} INFO - [2026-08-12T04:53:54.785+0000] {dagbag.py:587} INFO - Filling up the DagBag from /home/airflow/.local/lib/python3.12/site-packages/airflow/example_dags/example_branch_datetime_operator.py
[2026-08-12T04:53:54.798+0000] {processor.py:925} INFO - DAG(s) 'example_branch_datetime_operator', 'example_branch_datetime_operator_2', 'example_branch_datetime_operator_3' retrieved from /home/airflow/.local/lib/python3.12/site-packages/airflow/example_dags/example_branch_datetime_operator.py
[2026-08-12T04:53:54.832+0000] {logging_mixin.py:190} INFO - [2026-08-12T04:53:54.832+0000] {dag.py:3211} INFO - Sync 3 DAGs
[2026-08-12T04:53:54.859+0000] {logging_mixin.py:190} INFO - [2026-08-12T04:53:54.858+0000] {dag.py:4138} INFO - Setting next_dagrun for example_branch_datetime_operator to 2026-08-11 00:00:00+00:00, run_after=2026-08-12 00:00:00+00:00
[2026-08-12T04:53:54.864+0000] {logging_mixin.py:190} INFO - [2026-08-12T04:53:54.864+0000] {dag.py:4138} INFO - Setting next_dagrun for example_branch_datetime_operator_2 to 2026-08-11 00:00:00+00:00, run_after=2026-08-12 00:00:00+00:00
[2026-08-12T04:53:54.869+0000] {logging_mixin.py:190} INFO - [2026-08-12T04:53:54.869+0000] {dag.py:4138} INFO - Setting next_dagrun for example_branch_datetime_operator_3 to 2026-08-11 00:00:00+00:00, run_after=2026-08-12 00:00:00+00:00
[2026-08-12T04:53:54.889+0000] {processor.py:208} INFO - Processing /home/airflow/.local/lib/python3.12/site-packages/airflow/example_dags/example_branch_datetime_operator.py took 0.115 seconds
[2026-08-12T04:54:25.611+0000] {processor.py:186} INFO - Started process (PID=2699) to work on /home/airflow/.local/lib/python3.12/site-packages/airflow/example_dags/example_branch_datetime_operator.py
[2026-08-12T04:54:25.613+0000] {processor.py:914} INFO - Processing file /home/airflow/.local/lib/python3.12/site-packages/airflow/example_dags/example_branch_datetime_operator.py for tasks to queue
[2026-08-12T04:54:25.617+0000] {logging_mixin.py:190} INFO - [2026-08-12T04:54:25.616+0000] {dagbag.py:587} INFO - Filling up the DagBag from /home/airflow/.local/lib/python3.12/site-packages/airflow/example_dags/example_branch_datetime_operator.py
[2026-08-12T04:54:25.632+0000] {processor.py:925} INFO - DAG(s) 'example_branch_datetime_operator', 'example_branch_datetime_operator_2', 'example_branch_datetime_operator_3' retrieved from /home/airflow/.local/lib/python3.12/site-packages/airflow/example_dags/example_branch_datetime_operator.py
[2026-08-12T04:54:25.668+0000] {logging_mixin.py:190} INFO - [2026-08-12T04:54:25.668+0000] {dag.py:3211} INFO - Sync 3 DAGs
[2026-08-12T04:54:25.703+0000] {logging_mixin.py:190} INFO - [2026-08-12T04:54:25.703+0000] {dag.py:4138} INFO - Setting next_dagrun for example_branch_datetime_operator to 2026-08-11 00:00:00+00:00, run_after=2026-08-12 00:00:00+00:00
[2026-08-12T04:54:25.710+0000] {logging_mixin.py:190} INFO - [2026-08-12T04:54:25.710+0000] {dag.py:4138} INFO - Setting next_dagrun for example_branch_datetime_operator_2 to 2026-08-11 00:00:00+00:00, run_after=2026-08-12 00:00:00+00:00
[2026-08-12T04:54:25.713+0000] {logging_mixin.py:190} INFO - [2026-08-12T04:54:25.713+0000] {dag.py:4138} INFO - Setting next_dagrun for example_branch_datetime_operator_3 to 2026-08-11 00:00:00+00:00, run_after=2026-08-12 00:00:00+00:00
[2026-08-12T04:54:25.737+0000] {processor.py:208} INFO - Processing /home/airflow/.local/lib/python3.12/site-packages/airflow/example_dags/example_branch_datetime_operator.py took 0.133 seconds
[2026-08-12T04:54:56.211+0000] {processor.py:186} INFO - Started process (PID=2762) to work on /home/airflow/.local/lib/python3.12/site-packages/airflow/example_dags/example_branch_datetime_operator.py
[2026-08-12T04:54:56.213+0000] {processor.py:914} INFO - Processing file /home/airflow/.local/lib/python3.12/site-packages/airflow/example_dags/example_branch_datetime_operator.py for tasks to queue
[2026-08-12T04:54:56.216+0000] {logging_mixin.py:190} INFO - [2026-08-12T04:54:56.216+0000] {dagbag.py:587} INFO - Filling up the DagBag from /home/airflow/.local/lib/python3.12/site-packages/airflow/example_dags/example_branch_datetime_operator.py
[2026-08-12T04:54:56.228+0000] {processor.py:925} INFO - DAG(s) 'example_branch_datetime_operator_2', 'example_branch_datetime_operator', 'example_branch_datetime_operator_3' retrieved from /home/airflow/.local/lib/python3.12/site-packages/airflow/example_dags/example_branch_datetime_operator.py
[2026-08-12T04:54:56.261+0000] {logging_mixin.py:190} INFO - [2026-08-12T04:54:56.261+0000] {dag.py:3211} INFO - Sync 3 DAGs
[2026-08-12T04:54:56.293+0000] {logging_mixin.py:190} INFO - [2026-08-12T04:54:56.293+0000] {dag.py:4138} INFO - Setting next_dagrun for example_branch_datetime_operator to 2026-08-11 00:00:00+00:00, run_after=2026-08-12 00:00:00+00:00
[2026-08-12T04:54:56.300+0000] {logging_mixin.py:190} INFO - [2026-08-12T04:54:56.300+0000] {dag.py:4138} INFO - Setting next_dagrun for example_branch_datetime_operator_2 to 2026-08-11 00:00:00+00:00, run_after=2026-08-12 00:00:00+00:00
[2026-08-12T04:54:56.304+0000] {logging_mixin.py:190} INFO - [2026-08-12T04:54:56.304+0000] {dag.py:4138} INFO - Setting next_dagrun for example_branch_datetime_operator_3 to 2026-08-11 00:00:00+00:00, run_after=2026-08-12 00:00:00+00:00
[2026-08-12T04:54:56.325+0000] {processor.py:208} INFO - Processing /home/airflow/.local/lib/python3.12/site-packages/airflow/example_dags/example_branch_datetime_operator.py took 0.118 seconds
[2026-08-12T04:55:27.097+0000] {processor.py:186} INFO - Started process (PID=2825) to work on /home/airflow/.local/lib/python3.12/site-packages/airflow/example_dags/example_branch_datetime_operator.py
[2026-08-12T04:55:27.098+0000] {processor.py:914} INFO - Processing file /home/airflow/.local/lib/python3.12/site-packages/airflow/example_dags/example_branch_datetime_operator.py for tasks to queue
[2026-08-12T04:55:27.101+0000] {logging_mixin.py:190} INFO - [2026-08-12T04:55:27.101+0000] {dagbag.py:587} INFO - Filling up the DagBag from /home/airflow/.local/lib/python3.12/site-packages/airflow/example_dags/example_branch_datetime_operator.py
[2026-08-12T04:55:27.113+0000] {processor.py:925} INFO - DAG(s) 'example_branch_datetime_operator_2', 'example_branch_datetime_operator_3', 'example_branch_datetime_operator' retrieved from /home/airflow/.local/lib/python3.12/site-packages/airflow/example_dags/example_branch_datetime_operator.py
[2026-08-12T04:55:27.140+0000] {logging_mixin.py:190} INFO - [2026-08-12T04:55:27.139+0000] {dag.py:3211} INFO - Sync 3 DAGs
[2026-08-12T04:55:27.163+0000] {logging_mixin.py:190} INFO - [2026-08-12T04:55:27.163+0000] {dag.py:4138} INFO - Setting next_dagrun for example_branch_datetime_operator to 2026-08-11 00:00:00+00:00, run_after=2026-08-12 00:00:00+00:00
[2026-08-12T04:55:27.168+0000] {logging_mixin.py:190} INFO - [2026-08-12T04:55:27.168+0000] {dag.py:4138} INFO - Setting next_dagrun for example_branch_datetime_operator_2 to 2026-08-11 00:00:00+00:00, run_after=2026-08-12 00:00:00+00:00
[2026-08-12T04:55:27.172+0000] {logging_mixin.py:190} INFO - [2026-08-12T04:55:27.172+0000] {dag.py:4138} INFO - Setting next_dagrun for example_branch_datetime_operator_3 to 2026-08-11 00:00:00+00:00, run_after=2026-08-12 00:00:00+00:00
[2026-08-12T04:55:27.192+0000] {processor.py:208} INFO - Processing /home/airflow/.local/lib/python3.12/site-packages/airflow/example_dags/example_branch_datetime_operator.py took 0.101 seconds
[2026-08-12T04:55:57.680+0000] {processor.py:186} INFO - Started process (PID=2888) to work on /home/airflow/.local/lib/python3.12/site-packages/airflow/example_dags/example_branch_datetime_operator.py
[2026-08-12T04:55:57.682+0000] {processor.py:914} INFO - Processing file /home/airflow/.local/lib/python3.12/site-packages/airflow/example_dags/example_branch_datetime_operator.py for tasks to queue
[2026-08-12T04:55:57.686+0000] {logging_mixin.py:190} INFO - [2026-08-12T04:55:57.686+0000] {dagbag.py:587} INFO - Filling up the DagBag from /home/airflow/.local/lib/python3.12/site-packages/airflow/example_dags/example_branch_datetime_operator.py
[2026-08-12T04:55:57.698+0000] {processor.py:925} INFO - DAG(s) 'example_branch_datetime_operator', 'example_branch_datetime_operator_3', 'example_branch_datetime_operator_2' retrieved from /home/airflow/.local/lib/python3.12/site-packages/airflow/example_dags/example_branch_datetime_operator.py
[2026-08-12T04:55:57.728+0000] {logging_mixin.py:190} INFO - [2026-08-12T04:55:57.728+0000] {dag.py:3211} INFO - Sync 3 DAGs
[2026-08-12T04:55:57.755+0000] {logging_mixin.py:190} INFO - [2026-08-12T04:55:57.755+0000] {dag.py:4138} INFO - Setting next_dagrun for example_branch_datetime_operator to 2026-08-11 00:00:00+00:00, run_after=2026-08-12 00:00:00+00:00
[2026-08-12T04:55:57.761+0000] {logging_mixin.py:190} INFO - [2026-08-12T04:55:57.761+0000] {dag.py:4138} INFO - Setting next_dagrun for example_branch_datetime_operator_2 to 2026-08-11 00:00:00+00:00, run_after=2026-08-12 00:00:00+00:00
[2026-08-12T04:55:57.765+0000] {logging_mixin.py:190} INFO - [2026-08-12T04:55:57.764+0000] {dag.py:4138} INFO - Setting next_dagrun for example_branch_datetime_operator_3 to 2026-08-11 00:00:00+00:00, run_after=2026-08-12 00:00:00+00:00
[2026-08-12T04:55:57.784+0000] {processor.py:208} INFO - Processing /home/airflow/.local/lib/python3.12/site-packages/airflow/example_dags/example_branch_datetime_operator.py took 0.110 seconds
[2026-08-12T04:56:28.290+0000] {processor.py:186} INFO - Started process (PID=2951) to work on /home/airflow/.local/lib/python3.12/site-packages/airflow/example_dags/example_branch_datetime_operator.py
[2026-08-12T04:56:28.291+0000] {processor.py:914} INFO - Processing file /home/airflow/.local/lib/python3.12/site-packages/airflow/example_dags/example_branch_datetime_operator.py for tasks to queue
[2026-08-12T04:56:28.295+0000] {logging_mixin.py:190} INFO - [2026-08-12T04:56:28.294+0000] {dagbag.py:587} INFO - Filling up the DagBag from /home/airflow/.local/lib/python3.12/site-packages/airflow/example_dags/example_branch_datetime_operator.py
[2026-08-12T04:56:28.306+0000] {processor.py:925} INFO - DAG(s) 'example_branch_datetime_operator', 'example_branch_datetime_operator_2', 'example_branch_datetime_operator_3' retrieved from /home/airflow/.local/lib/python3.12/site-packages/airflow/example_dags/example_branch_datetime_operator.py
[2026-08-12T04:56:28.335+0000] {logging_mixin.py:190} INFO - [2026-08-12T04:56:28.335+0000] {dag.py:3211} INFO - Sync 3 DAGs
[2026-08-12T04:56:28.365+0000] {logging_mixin.py:190} INFO - [2026-08-12T04:56:28.365+0000] {dag.py:4138} INFO - Setting next_dagrun for example_branch_datetime_operator to 2026-08-11 00:00:00+00:00, run_after=2026-08-12 00:00:00+00:00
[2026-08-12T04:56:28.371+0000] {logging_mixin.py:190} INFO - [2026-08-12T04:56:28.370+0000] {dag.py:4138} INFO - Setting next_dagrun for example_branch_datetime_operator_2 to 2026-08-11 00:00:00+00:00, run_after=2026-08-12 00:00:00+00:00
[2026-08-12T04:56:28.374+0000] {logging_mixin.py:190} INFO - [2026-08-12T04:56:28.374+0000] {dag.py:4138} INFO - Setting next_dagrun for example_branch_datetime_operator_3 to 2026-08-11 00:00:00+00:00, run_after=2026-08-12 00:00:00+00:00
[2026-08-12T04:56:28.395+0000] {processor.py:208} INFO - Processing /home/airflow/.local/lib/python3.12/site-packages/airflow/example_dags/example_branch_datetime_operator.py took 0.110 seconds
[2026-08-12T04:56:58.458+0000] {processor.py:186} INFO - Started process (PID=3014) to work on /home/airflow/.local/lib/python3.12/site-packages/airflow/example_dags/example_branch_datetime_operator.py
[2026-08-12T04:56:58.460+0000] {processor.py:914} INFO - Processing file /home/airflow/.local/lib/python3.12/site-packages/airflow/example_dags/example_branch_datetime_operator.py for tasks to queue
[2026-08-12T04:56:58.463+0000] {logging_mixin.py:190} INFO - [2026-08-12T04:56:58.463+0000] {dagbag.py:587} INFO - Filling up the DagBag from /home/airflow/.local/lib/python3.12/site-packages/airflow/example_dags/example_branch_datetime_operator.py
[2026-08-12T04:56:58.477+0000] {processor.py:925} INFO - DAG(s) 'example_branch_datetime_operator_2', 'example_branch_datetime_operator', 'example_branch_datetime_operator_3' retrieved from /home/airflow/.local/lib/python3.12/site-packages/airflow/example_dags/example_branch_datetime_operator.py
[2026-08-12T04:56:58.507+0000] {logging_mixin.py:190} INFO - [2026-08-12T04:56:58.506+0000] {dag.py:3211} INFO - Sync 3 DAGs
[2026-08-12T04:56:58.532+0000] {logging_mixin.py:190} INFO - [2026-08-12T04:56:58.532+0000] {dag.py:4138} INFO - Setting next_dagrun for example_branch_datetime_operator to 2026-08-11 00:00:00+00:00, run_after=2026-08-12 00:00:00+00:00
[2026-08-12T04:56:58.538+0000] {logging_mixin.py:190} INFO - [2026-08-12T04:56:58.537+0000] {dag.py:4138} INFO - Setting next_dagrun for example_branch_datetime_operator_2 to 2026-08-11 00:00:00+00:00, run_after=2026-08-12 00:00:00+00:00
[2026-08-12T04:56:58.541+0000] {logging_mixin.py:190} INFO - [2026-08-12T04:56:58.541+0000] {dag.py:4138} INFO - Setting next_dagrun for example_branch_datetime_operator_3 to 2026-08-11 00:00:00+00:00, run_after=2026-08-12 00:00:00+00:00
[2026-08-12T04:56:58.559+0000] {processor.py:208} INFO - Processing /home/airflow/.local/lib/python3.12/site-packages/airflow/example_dags/example_branch_datetime_operator.py took 0.106 seconds
[2026-08-12T04:57:28.881+0000] {processor.py:186} INFO - Started process (PID=3076) to work on /home/airflow/.local/lib/python3.12/site-packages/airflow/example_dags/example_branch_datetime_operator.py
[2026-08-12T04:57:28.883+0000] {processor.py:914} INFO - Processing file /home/airflow/.local/lib/python3.12/site-packages/airflow/example_dags/example_branch_datetime_operator.py for tasks to queue
[2026-08-12T04:57:28.886+0000] {logging_mixin.py:190} INFO - [2026-08-12T04:57:28.886+0000] {dagbag.py:587} INFO - Filling up the DagBag from /home/airflow/.local/lib/python3.12/site-packages/airflow/example_dags/example_branch_datetime_operator.py
[2026-08-12T04:57:28.901+0000] {processor.py:925} INFO - DAG(s) 'example_branch_datetime_operator_2', 'example_branch_datetime_operator_3', 'example_branch_datetime_operator' retrieved from /home/airflow/.local/lib/python3.12/site-packages/airflow/example_dags/example_branch_datetime_operator.py
[2026-08-12T04:57:28.930+0000] {logging_mixin.py:190} INFO - [2026-08-12T04:57:28.929+0000] {dag.py:3211} INFO - Sync 3 DAGs
[2026-08-12T04:57:28.954+0000] {logging_mixin.py:190} INFO - [2026-08-12T04:57:28.954+0000] {dag.py:4138} INFO - Setting next_dagrun for example_branch_datetime_operator to 2026-08-11 00:00:00+00:00, run_after=2026-08-12 00:00:00+00:00
[2026-08-12T04:57:28.960+0000] {logging_mixin.py:190} INFO - [2026-08-12T04:57:28.959+0000] {dag.py:4138} INFO - Setting next_dagrun for example_branch_datetime_operator_2 to 2026-08-11 00:00:00+00:00, run_after=2026-08-12 00:00:00+00:00
[2026-08-12T04:57:28.963+0000] {logging_mixin.py:190} INFO - [2026-08-12T04:57:28.963+0000] {dag.py:4138} INFO - Setting next_dagrun for example_branch_datetime_operator_3 to 2026-08-11 00:00:00+00:00, run_after=2026-08-12 00:00:00+00:00
[2026-08-12T04:57:28.982+0000] {processor.py:208} INFO - Processing /home/airflow/.local/lib/python3.12/site-packages/airflow/example_dags/example_branch_datetime_operator.py took 0.109 seconds
[2026-08-12T04:57:59.723+0000] {processor.py:186} INFO - Started process (PID=3139) to work on /home/airflow/.local/lib/python3.12/site-packages/airflow/example_dags/example_branch_datetime_operator.py
[2026-08-12T04:57:59.725+0000] {processor.py:914} INFO - Processing file /home/airflow/.local/lib/python3.12/site-packages/airflow/example_dags/example_branch_datetime_operator.py for tasks to queue
[2026-08-12T04:57:59.728+0000] {logging_mixin.py:190} INFO - [2026-08-12T04:57:59.727+0000] {dagbag.py:587} INFO - Filling up the DagBag from /home/airflow/.local/lib/python3.12/site-packages/airflow/example_dags/example_branch_datetime_operator.py
[2026-08-12T04:57:59.738+0000] {processor.py:925} INFO - DAG(s) 'example_branch_datetime_operator_2', 'example_branch_datetime_operator_3', 'example_branch_datetime_operator' retrieved from /home/airflow/.local/lib/python3.12/site-packages/airflow/example_dags/example_branch_datetime_operator.py
[2026-08-12T04:57:59.763+0000] {logging_mixin.py:190} INFO - [2026-08-12T04:57:59.763+0000] {dag.py:3211} INFO - Sync 3 DAGs
[2026-08-12T04:57:59.791+0000] {logging_mixin.py:190} INFO - [2026-08-12T04:57:59.790+0000] {dag.py:4138} INFO - Setting next_dagrun for example_branch_datetime_operator to 2026-08-11 00:00:00+00:00, run_after=2026-08-12 00:00:00+00:00
[2026-08-12T04:57:59.796+0000] {logging_mixin.py:190} INFO - [2026-08-12T04:57:59.796+0000] {dag.py:4138} INFO - Setting next_dagrun for example_branch_datetime_operator_2 to 2026-08-11 00:00:00+00:00, run_after=2026-08-12 00:00:00+00:00
[2026-08-12T04:57:59.799+0000] {logging_mixin.py:190} INFO - [2026-08-12T04:57:59.799+0000] {dag.py:4138} INFO - Setting next_dagrun for example_branch_datetime_operator_3 to 2026-08-11 00:00:00+00:00, run_after=2026-08-12 00:00:00+00:00
[2026-08-12T04:57:59.818+0000] {processor.py:208} INFO - Processing /home/airflow/.local/lib/python3.12/site-packages/airflow/example_dags/example_branch_datetime_operator.py took 0.100 seconds
[2026-08-12T04:58:30.202+0000] {processor.py:186} INFO - Started process (PID=3202) to work on /home/airflow/.local/lib/python3.12/site-packages/airflow/example_dags/example_branch_datetime_operator.py
[2026-08-12T04:58:30.203+0000] {processor.py:914} INFO - Processing file /home/airflow/.local/lib/python3.12/site-packages/airflow/example_dags/example_branch_datetime_operator.py for tasks to queue
[2026-08-12T04:58:30.207+0000] {logging_mixin.py:190} INFO - [2026-08-12T04:58:30.206+0000] {dagbag.py:587} INFO - Filling up the DagBag from /home/airflow/.local/lib/python3.12/site-packages/airflow/example_dags/example_branch_datetime_operator.py
[2026-08-12T04:58:30.220+0000] {processor.py:925} INFO - DAG(s) 'example_branch_datetime_operator', 'example_branch_datetime_operator_2', 'example_branch_datetime_operator_3' retrieved from /home/airflow/.local/lib/python3.12/site-packages/airflow/example_dags/example_branch_datetime_operator.py
[2026-08-12T04:58:30.249+0000] {logging_mixin.py:190} INFO - [2026-08-12T04:58:30.249+0000] {dag.py:3211} INFO - Sync 3 DAGs
[2026-08-12T04:58:30.276+0000] {logging_mixin.py:190} INFO - [2026-08-12T04:58:30.275+0000] {dag.py:4138} INFO - Setting next_dagrun for example_branch_datetime_operator to 2026-08-11 00:00:00+00:00, run_after=2026-08-12 00:00:00+00:00
[2026-08-12T04:58:30.281+0000] {logging_mixin.py:190} INFO - [2026-08-12T04:58:30.280+0000] {dag.py:4138} INFO - Setting next_dagrun for example_branch_datetime_operator_2 to 2026-08-11 00:00:00+00:00, run_after=2026-08-12 00:00:00+00:00
[2026-08-12T04:58:30.284+0000] {logging_mixin.py:190} INFO - [2026-08-12T04:58:30.284+0000] {dag.py:4138} INFO - Setting next_dagrun for example_branch_datetime_operator_3 to 2026-08-11 00:00:00+00:00, run_after=2026-08-12 00:00:00+00:00
[2026-08-12T04:58:30.303+0000] {processor.py:208} INFO - Processing /home/airflow/.local/lib/python3.12/site-packages/airflow/example_dags/example_branch_datetime_operator.py took 0.108 seconds
[2026-08-12T04:59:02.063+0000] {processor.py:186} INFO - Started process (PID=3266) to work on /home/airflow/.local/lib/python3.12/site-packages/airflow/example_dags/example_branch_datetime_operator.py
[2026-08-12T04:59:02.065+0000] {processor.py:914} INFO - Processing file /home/airflow/.local/lib/python3.12/site-packages/airflow/example_dags/example_branch_datetime_operator.py for tasks to queue
[2026-08-12T04:59:02.069+0000] {logging_mixin.py:190} INFO - [2026-08-12T04:59:02.069+0000] {dagbag.py:587} INFO - Filling up the DagBag from /home/airflow/.local/lib/python3.12/site-packages/airflow/example_dags/example_branch_datetime_operator.py
[2026-08-12T04:59:02.082+0000] {processor.py:925} INFO - DAG(s) 'example_branch_datetime_operator_2', 'example_branch_datetime_operator_3', 'example_branch_datetime_operator' retrieved from /home/airflow/.local/lib/python3.12/site-packages/airflow/example_dags/example_branch_datetime_operator.py
[2026-08-12T04:59:02.325+0000] {logging_mixin.py:190} INFO - [2026-08-12T04:59:02.325+0000] {dag.py:3211} INFO - Sync 3 DAGs
[2026-08-12T04:59:02.344+0000] {logging_mixin.py:190} INFO - [2026-08-12T04:59:02.344+0000] {dag.py:4138} INFO - Setting next_dagrun for example_branch_datetime_operator to 2026-08-11 00:00:00+00:00, run_after=2026-08-12 00:00:00+00:00
[2026-08-12T04:59:02.349+0000] {logging_mixin.py:190} INFO - [2026-08-12T04:59:02.349+0000] {dag.py:4138} INFO - Setting next_dagrun for example_branch_datetime_operator_2 to 2026-08-11 00:00:00+00:00, run_after=2026-08-12 00:00:00+00:00
[2026-08-12T04:59:02.352+0000] {logging_mixin.py:190} INFO - [2026-08-12T04:59:02.352+0000] {dag.py:4138} INFO - Setting next_dagrun for example_branch_datetime_operator_3 to 2026-08-11 00:00:00+00:00, run_after=2026-08-12 00:00:00+00:00
[2026-08-12T04:59:02.371+0000] {processor.py:208} INFO - Processing /home/airflow/.local/lib/python3.12/site-packages/airflow/example_dags/example_branch_datetime_operator.py took 0.315 seconds
[2026-08-12T04:59:33.211+0000] {processor.py:186} INFO - Started process (PID=3329) to work on /home/airflow/.local/lib/python3.12/site-packages/airflow/example_dags/example_branch_datetime_operator.py
[2026-08-12T04:59:33.213+0000] {processor.py:914} INFO - Processing file /home/airflow/.local/lib/python3.12/site-packages/airflow/example_dags/example_branch_datetime_operator.py for tasks to queue
[2026-08-12T04:59:33.216+0000] {logging_mixin.py:190} INFO - [2026-08-12T04:59:33.216+0000] {dagbag.py:587} INFO - Filling up the DagBag from /home/airflow/.local/lib/python3.12/site-packages/airflow/example_dags/example_branch_datetime_operator.py
[2026-08-12T04:59:33.229+0000] {processor.py:925} INFO - DAG(s) 'example_branch_datetime_operator_2', 'example_branch_datetime_operator_3', 'example_branch_datetime_operator' retrieved from /home/airflow/.local/lib/python3.12/site-packages/airflow/example_dags/example_branch_datetime_operator.py
[2026-08-12T04:59:33.263+0000] {logging_mixin.py:190} INFO - [2026-08-12T04:59:33.263+0000] {dag.py:3211} INFO - Sync 3 DAGs
[2026-08-12T04:59:33.475+0000] {logging_mixin.py:190} INFO - [2026-08-12T04:59:33.475+0000] {dag.py:4138} INFO - Setting next_dagrun for example_branch_datetime_operator to 2026-08-11 00:00:00+00:00, run_after=2026-08-12 00:00:00+00:00
[2026-08-12T04:59:33.481+0000] {logging_mixin.py:190} INFO - [2026-08-12T04:59:33.480+0000] {dag.py:4138} INFO - Setting next_dagrun for example_branch_datetime_operator_2 to 2026-08-11 00:00:00+00:00, run_after=2026-08-12 00:00:00+00:00
[2026-08-12T04:59:33.484+0000] {logging_mixin.py:190} INFO - [2026-08-12T04:59:33.484+0000] {dag.py:4138} INFO - Setting next_dagrun for example_branch_datetime_operator_3 to 2026-08-11 00:00:00+00:00, run_after=2026-08-12 00:00:00+00:00
[2026-08-12T04:59:33.501+0000] {processor.py:208} INFO - Processing /home/airflow/.local/lib/python3.12/site-packages/airflow/example_dags/example_branch_datetime_operator.py took 0.299 seconds
[2026-08-12T05:00:03.896+0000] {processor.py:186} INFO - Started process (PID=3398) to work on /home/airflow/.local/lib/python3.12/site-packages/airflow/example_dags/example_branch_datetime_operator.py
[2026-08-12T05:00:03.898+0000] {processor.py:914} INFO - Processing file /home/airflow/.local/lib/python3.12/site-packages/airflow/example_dags/example_branch_datetime_operator.py for tasks to queue
[2026-08-12T05:00:03.901+0000] {logging_mixin.py:190} INFO - [2026-08-12T05:00:03.901+0000] {dagbag.py:587} INFO - Filling up the DagBag from /home/airflow/.local/lib/python3.12/site-packages/airflow/example_dags/example_branch_datetime_operator.py
[2026-08-12T05:00:03.914+0000] {processor.py:925} INFO - DAG(s) 'example_branch_datetime_operator', 'example_branch_datetime_operator_2', 'example_branch_datetime_operator_3' retrieved from /home/airflow/.local/lib/python3.12/site-packages/airflow/example_dags/example_branch_datetime_operator.py
[2026-08-12T05:00:03.941+0000] {logging_mixin.py:190} INFO - [2026-08-12T05:00:03.941+0000] {dag.py:3211} INFO - Sync 3 DAGs
[2026-08-12T05:00:03.966+0000] {logging_mixin.py:190} INFO - [2026-08-12T05:00:03.965+0000] {dag.py:4138} INFO - Setting next_dagrun for example_branch_datetime_operator to 2026-08-11 00:00:00+00:00, run_after=2026-08-12 00:00:00+00:00
[2026-08-12T05:00:03.972+0000] {logging_mixin.py:190} INFO - [2026-08-12T05:00:03.972+0000] {dag.py:4138} INFO - Setting next_dagrun for example_branch_datetime_operator_2 to 2026-08-11 00:00:00+00:00, run_after=2026-08-12 00:00:00+00:00
[2026-08-12T05:00:03.975+0000] {logging_mixin.py:190} INFO - [2026-08-12T05:00:03.975+0000] {dag.py:4138} INFO - Setting next_dagrun for example_branch_datetime_operator_3 to 2026-08-11 00:00:00+00:00, run_after=2026-08-12 00:00:00+00:00
[2026-08-12T05:00:03.992+0000] {processor.py:208} INFO - Processing /home/airflow/.local/lib/python3.12/site-packages/airflow/example_dags/example_branch_datetime_operator.py took 0.102 seconds
[2026-08-12T05:00:34.471+0000] {processor.py:186} INFO - Started process (PID=3461) to work on /home/airflow/.local/lib/python3.12/site-packages/airflow/example_dags/example_branch_datetime_operator.py
[2026-08-12T05:00:34.473+0000] {processor.py:914} INFO - Processing file /home/airflow/.local/lib/python3.12/site-packages/airflow/example_dags/example_branch_datetime_operator.py for tasks to queue
[2026-08-12T05:00:34.477+0000] {logging_mixin.py:190} INFO - [2026-08-12T05:00:34.477+0000] {dagbag.py:587} INFO - Filling up the DagBag from /home/airflow/.local/lib/python3.12/site-packages/airflow/example_dags/example_branch_datetime_operator.py
[2026-08-12T05:00:34.491+0000] {processor.py:925} INFO - DAG(s) 'example_branch_datetime_operator_3', 'example_branch_datetime_operator_2', 'example_branch_datetime_operator' retrieved from /home/airflow/.local/lib/python3.12/site-packages/airflow/example_dags/example_branch_datetime_operator.py
[2026-08-12T05:00:34.518+0000] {logging_mixin.py:190} INFO - [2026-08-12T05:00:34.518+0000] {dag.py:3211} INFO - Sync 3 DAGs
[2026-08-12T05:00:34.547+0000] {logging_mixin.py:190} INFO - [2026-08-12T05:00:34.547+0000] {dag.py:4138} INFO - Setting next_dagrun for example_branch_datetime_operator to 2026-08-11 00:00:00+00:00, run_after=2026-08-12 00:00:00+00:00
[2026-08-12T05:00:34.553+0000] {logging_mixin.py:190} INFO - [2026-08-12T05:00:34.552+0000] {dag.py:4138} INFO - Setting next_dagrun for example_branch_datetime_operator_2 to 2026-08-11 00:00:00+00:00, run_after=2026-08-12 00:00:00+00:00
[2026-08-12T05:00:34.556+0000] {logging_mixin.py:190} INFO - [2026-08-12T05:00:34.556+0000] {dag.py:4138} INFO - Setting next_dagrun for example_branch_datetime_operator_3 to 2026-08-11 00:00:00+00:00, run_after=2026-08-12 00:00:00+00:00
[2026-08-12T05:00:34.575+0000] {processor.py:208} INFO - Processing /home/airflow/.local/lib/python3.12/site-packages/airflow/example_dags/example_branch_datetime_operator.py took 0.111 seconds
[2026-08-12T05:01:04.932+0000] {processor.py:186} INFO - Started process (PID=3524) to work on /home/airflow/.local/lib/python3.12/site-packages/airflow/example_dags/example_branch_datetime_operator.py
[2026-08-12T05:01:04.933+0000] {processor.py:914} INFO - Processing file /home/airflow/.local/lib/python3.12/site-packages/airflow/example_dags/example_branch_datetime_operator.py for tasks to queue
[2026-08-12T05:01:04.936+0000] {logging_mixin.py:190} INFO - [2026-08-12T05:01:04.935+0000] {dagbag.py:587} INFO - Filling up the DagBag from /home/airflow/.local/lib/python3.12/site-packages/airflow/example_dags/example_branch_datetime_operator.py
[2026-08-12T05:01:04.946+0000] {processor.py:925} INFO - DAG(s) 'example_branch_datetime_operator_2', 'example_branch_datetime_operator', 'example_branch_datetime_operator_3' retrieved from /home/airflow/.local/lib/python3.12/site-packages/airflow/example_dags/example_branch_datetime_operator.py
[2026-08-12T05:01:04.970+0000] {logging_mixin.py:190} INFO - [2026-08-12T05:01:04.970+0000] {dag.py:3211} INFO - Sync 3 DAGs
[2026-08-12T05:01:04.994+0000] {logging_mixin.py:190} INFO - [2026-08-12T05:01:04.994+0000] {dag.py:4138} INFO - Setting next_dagrun for example_branch_datetime_operator to 2026-08-11 00:00:00+00:00, run_after=2026-08-12 00:00:00+00:00
[2026-08-12T05:01:04.999+0000] {logging_mixin.py:190} INFO - [2026-08-12T05:01:04.999+0000] {dag.py:4138} INFO - Setting next_dagrun for example_branch_datetime_operator_2 to 2026-08-11 00:00:00+00:00, run_after=2026-08-12 00:00:00+00:00
[2026-08-12T05:01:05.001+0000] {logging_mixin.py:190} INFO - [2026-08-12T05:01:05.001+0000] {dag.py:4138} INFO - Setting next_dagrun for example_branch_datetime_operator_3 to 2026-08-11 00:00:00+00:00, run_after=2026-08-12 00:00:00+00:00
[2026-08-12T05:01:05.019+0000] {processor.py:208} INFO - Processing /home/airflow/.local/lib/python3.12/site-packages/airflow/example_dags/example_branch_datetime_operator.py took 0.092 seconds
[2026-08-12T05:01:35.465+0000] {processor.py:186} INFO - Started process (PID=3587) to work on /home/airflow/.local/lib/python3.12/site-packages/airflow/example_dags/example_branch_datetime_operator.py
[2026-08-12T05:01:35.467+0000] {processor.py:914} INFO - Processing file /home/airflow/.local/lib/python3.12/site-packages/airflow/example_dags/example_branch_datetime_operator.py for tasks to queue
[2026-08-12T05:01:35.471+0000] {logging_mixin.py:190} INFO - [2026-08-12T05:01:35.470+0000] {dagbag.py:587} INFO - Filling up the DagBag from /home/airflow/.local/lib/python3.12/site-packages/airflow/example_dags/example_branch_datetime_operator.py
[2026-08-12T05:01:35.484+0000] {processor.py:925} INFO - DAG(s) 'example_branch_datetime_operator_3', 'example_branch_datetime_operator_2', 'example_branch_datetime_operator' retrieved from /home/airflow/.local/lib/python3.12/site-packages/airflow/example_dags/example_branch_datetime_operator.py
[2026-08-12T05:01:35.513+0000] {logging_mixin.py:190} INFO - [2026-08-12T05:01:35.513+0000] {dag.py:3211} INFO - Sync 3 DAGs
[2026-08-12T05:01:35.539+0000] {logging_mixin.py:190} INFO - [2026-08-12T05:01:35.538+0000] {dag.py:4138} INFO - Setting next_dagrun for example_branch_datetime_operator to 2026-08-11 00:00:00+00:00, run_after=2026-08-12 00:00:00+00:00
[2026-08-12T05:01:35.546+0000] {logging_mixin.py:190} INFO - [2026-08-12T05:01:35.546+0000] {dag.py:4138} INFO - Setting next_dagrun for example_branch_datetime_operator_2 to 2026-08-11 00:00:00+00:00, run_after=2026-08-12 00:00:00+00:00
[2026-08-12T05:01:35.550+0000] {logging_mixin.py:190} INFO - [2026-08-12T05:01:35.549+0000] {dag.py:4138} INFO - Setting next_dagrun for example_branch_datetime_operator_3 to 2026-08-11 00:00:00+00:00, run_after=2026-08-12 00:00:00+00:00
[2026-08-12T05:01:35.570+0000] {processor.py:208} INFO - Processing /home/airflow/.local/lib/python3.12/site-packages/airflow/example_dags/example_branch_datetime_operator.py took 0.112 seconds
[2026-08-12T05:02:06.209+0000] {processor.py:186} INFO - Started process (PID=3650) to work on /home/airflow/.local/lib/python3.12/site-packages/airflow/example_dags/example_branch_datetime_operator.py
[2026-08-12T05:02:06.211+0000] {processor.py:914} INFO - Processing file /home/airflow/.local/lib/python3.12/site-packages/airflow/example_dags/example_branch_datetime_operator.py for tasks to queue
[2026-08-12T05:02:06.214+0000] {logging_mixin.py:190} INFO - [2026-08-12T05:02:06.213+0000] {dagbag.py:587} INFO - Filling up the DagBag from /home/airflow/.local/lib/python3.12/site-packages/airflow/example_dags/example_branch_datetime_operator.py
[2026-08-12T05:02:06.230+0000] {processor.py:925} INFO - DAG(s) 'example_branch_datetime_operator_2', 'example_branch_datetime_operator', 'example_branch_datetime_operator_3' retrieved from /home/airflow/.local/lib/python3.12/site-packages/airflow/example_dags/example_branch_datetime_operator.py
[2026-08-12T05:02:06.263+0000] {logging_mixin.py:190} INFO - [2026-08-12T05:02:06.263+0000] {dag.py:3211} INFO - Sync 3 DAGs
[2026-08-12T05:02:06.291+0000] {logging_mixin.py:190} INFO - [2026-08-12T05:02:06.291+0000] {dag.py:4138} INFO - Setting next_dagrun for example_branch_datetime_operator to 2026-08-11 00:00:00+00:00, run_after=2026-08-12 00:00:00+00:00
[2026-08-12T05:02:06.296+0000] {logging_mixin.py:190} INFO - [2026-08-12T05:02:06.296+0000] {dag.py:4138} INFO - Setting next_dagrun for example_branch_datetime_operator_2 to 2026-08-11 00:00:00+00:00, run_after=2026-08-12 00:00:00+00:00
[2026-08-12T05:02:06.300+0000] {logging_mixin.py:190} INFO - [2026-08-12T05:02:06.299+0000] {dag.py:4138} INFO - Setting next_dagrun for example_branch_datetime_operator_3 to 2026-08-11 00:00:00+00:00, run_after=2026-08-12 00:00:00+00:00
[2026-08-12T05:02:06.322+0000] {processor.py:208} INFO - Processing /home/airflow/.local/lib/python3.12/site-packages/airflow/example_dags/example_branch_datetime_operator.py took 0.121 seconds
[2026-08-12T05:02:36.685+0000] {processor.py:186} INFO - Started process (PID=3713) to work on /home/airflow/.local/lib/python3.12/site-packages/airflow/example_dags/example_branch_datetime_operator.py
[2026-08-12T05:02:36.687+0000] {processor.py:914} INFO - Processing file /home/airflow/.local/lib/python3.12/site-packages/airflow/example_dags/example_branch_datetime_operator.py for tasks to queue
[2026-08-12T05:02:36.690+0000] {logging_mixin.py:190} INFO - [2026-08-12T05:02:36.690+0000] {dagbag.py:587} INFO - Filling up the DagBag from /home/airflow/.local/lib/python3.12/site-packages/airflow/example_dags/example_branch_datetime_operator.py
[2026-08-12T05:02:36.702+0000] {processor.py:925} INFO - DAG(s) 'example_branch_datetime_operator_2', 'example_branch_datetime_operator', 'example_branch_datetime_operator_3' retrieved from /home/airflow/.local/lib/python3.12/site-packages/airflow/example_dags/example_branch_datetime_operator.py
[2026-08-12T05:02:36.730+0000] {logging_mixin.py:190} INFO - [2026-08-12T05:02:36.730+0000] {dag.py:3211} INFO - Sync 3 DAGs
[2026-08-12T05:02:36.753+0000] {logging_mixin.py:190} INFO - [2026-08-12T05:02:36.753+0000] {dag.py:4138} INFO - Setting next_dagrun for example_branch_datetime_operator to 2026-08-11 00:00:00+00:00, run_after=2026-08-12 00:00:00+00:00
[2026-08-12T05:02:36.759+0000] {logging_mixin.py:190} INFO - [2026-08-12T05:02:36.759+0000] {dag.py:4138} INFO - Setting next_dagrun for example_branch_datetime_operator_2 to 2026-08-11 00:00:00+00:00, run_after=2026-08-12 00:00:00+00:00
[2026-08-12T05:02:36.764+0000] {logging_mixin.py:190} INFO - [2026-08-12T05:02:36.764+0000] {dag.py:4138} INFO - Setting next_dagrun for example_branch_datetime_operator_3 to 2026-08-11 00:00:00+00:00, run_after=2026-08-12 00:00:00+00:00
[2026-08-12T05:02:36.783+0000] {processor.py:208} INFO - Processing /home/airflow/.local/lib/python3.12/site-packages/airflow/example_dags/example_branch_datetime_operator.py took 0.104 seconds
[2026-08-12T05:03:07.193+0000] {processor.py:186} INFO - Started process (PID=3776) to work on /home/airflow/.local/lib/python3.12/site-packages/airflow/example_dags/example_branch_datetime_operator.py
[2026-08-12T05:03:07.195+0000] {processor.py:914} INFO - Processing file /home/airflow/.local/lib/python3.12/site-packages/airflow/example_dags/example_branch_datetime_operator.py for tasks to queue
[2026-08-12T05:03:07.198+0000] {logging_mixin.py:190} INFO - [2026-08-12T05:03:07.198+0000] {dagbag.py:587} INFO - Filling up the DagBag from /home/airflow/.local/lib/python3.12/site-packages/airflow/example_dags/example_branch_datetime_operator.py
[2026-08-12T05:03:07.211+0000] {processor.py:925} INFO - DAG(s) 'example_branch_datetime_operator', 'example_branch_datetime_operator_2', 'example_branch_datetime_operator_3' retrieved from /home/airflow/.local/lib/python3.12/site-packages/airflow/example_dags/example_branch_datetime_operator.py
[2026-08-12T05:03:07.238+0000] {logging_mixin.py:190} INFO - [2026-08-12T05:03:07.238+0000] {dag.py:3211} INFO - Sync 3 DAGs
[2026-08-12T05:03:07.267+0000] {logging_mixin.py:190} INFO - [2026-08-12T05:03:07.267+0000] {dag.py:4138} INFO - Setting next_dagrun for example_branch_datetime_operator to 2026-08-11 00:00:00+00:00, run_after=2026-08-12 00:00:00+00:00
[2026-08-12T05:03:07.274+0000] {logging_mixin.py:190} INFO - [2026-08-12T05:03:07.274+0000] {dag.py:4138} INFO - Setting next_dagrun for example_branch_datetime_operator_2 to 2026-08-11 00:00:00+00:00, run_after=2026-08-12 00:00:00+00:00
[2026-08-12T05:03:07.279+0000] {logging_mixin.py:190} INFO - [2026-08-12T05:03:07.279+0000] {dag.py:4138} INFO - Setting next_dagrun for example_branch_datetime_operator_3 to 2026-08-11 00:00:00+00:00, run_after=2026-08-12 00:00:00+00:00
[2026-08-12T05:03:07.303+0000] {processor.py:208} INFO - Processing /home/airflow/.local/lib/python3.12/site-packages/airflow/example_dags/example_branch_datetime_operator.py took 0.116 seconds
[2026-08-12T05:03:37.551+0000] {processor.py:186} INFO - Started process (PID=3839) to work on /home/airflow/.local/lib/python3.12/site-packages/airflow/example_dags/example_branch_datetime_operator.py
[2026-08-12T05:03:37.552+0000] {processor.py:914} INFO - Processing file /home/airflow/.local/lib/python3.12/site-packages/airflow/example_dags/example_branch_datetime_operator.py for tasks to queue
[2026-08-12T05:03:37.557+0000] {logging_mixin.py:190} INFO - [2026-08-12T05:03:37.557+0000] {dagbag.py:587} INFO - Filling up the DagBag from /home/airflow/.local/lib/python3.12/site-packages/airflow/example_dags/example_branch_datetime_operator.py
[2026-08-12T05:03:37.569+0000] {processor.py:925} INFO - DAG(s) 'example_branch_datetime_operator_3', 'example_branch_datetime_operator_2', 'example_branch_datetime_operator' retrieved from /home/airflow/.local/lib/python3.12/site-packages/airflow/example_dags/example_branch_datetime_operator.py
[2026-08-12T05:03:37.594+0000] {logging_mixin.py:190} INFO - [2026-08-12T05:03:37.593+0000] {dag.py:3211} INFO - Sync 3 DAGs
[2026-08-12T05:03:37.617+0000] {logging_mixin.py:190} INFO - [2026-08-12T05:03:37.616+0000] {dag.py:4138} INFO - Setting next_dagrun for example_branch_datetime_operator to 2026-08-11 00:00:00+00:00, run_after=2026-08-12 00:00:00+00:00
[2026-08-12T05:03:37.622+0000] {logging_mixin.py:190} INFO - [2026-08-12T05:03:37.622+0000] {dag.py:4138} INFO - Setting next_dagrun for example_branch_datetime_operator_2 to 2026-08-11 00:00:00+00:00, run_after=2026-08-12 00:00:00+00:00
[2026-08-12T05:03:37.625+0000] {logging_mixin.py:190} INFO - [2026-08-12T05:03:37.625+0000] {dag.py:4138} INFO - Setting next_dagrun for example_branch_datetime_operator_3 to 2026-08-11 00:00:00+00:00, run_after=2026-08-12 00:00:00+00:00
[2026-08-12T05:03:37.643+0000] {processor.py:208} INFO - Processing /home/airflow/.local/lib/python3.12/site-packages/airflow/example_dags/example_branch_datetime_operator.py took 0.098 seconds
[2026-08-12T05:04:08.078+0000] {processor.py:186} INFO - Started process (PID=3903) to work on /home/airflow/.local/lib/python3.12/site-packages/airflow/example_dags/example_branch_datetime_operator.py
[2026-08-12T05:04:08.080+0000] {processor.py:914} INFO - Processing file /home/airflow/.local/lib/python3.12/site-packages/airflow/example_dags/example_branch_datetime_operator.py for tasks to queue
[2026-08-12T05:04:08.082+0000] {logging_mixin.py:190} INFO - [2026-08-12T05:04:08.082+0000] {dagbag.py:587} INFO - Filling up the DagBag from /home/airflow/.local/lib/python3.12/site-packages/airflow/example_dags/example_branch_datetime_operator.py
[2026-08-12T05:04:08.093+0000] {processor.py:925} INFO - DAG(s) 'example_branch_datetime_operator_3', 'example_branch_datetime_operator_2', 'example_branch_datetime_operator' retrieved from /home/airflow/.local/lib/python3.12/site-packages/airflow/example_dags/example_branch_datetime_operator.py
[2026-08-12T05:04:08.123+0000] {logging_mixin.py:190} INFO - [2026-08-12T05:04:08.123+0000] {dag.py:3211} INFO - Sync 3 DAGs
[2026-08-12T05:04:08.148+0000] {logging_mixin.py:190} INFO - [2026-08-12T05:04:08.148+0000] {dag.py:4138} INFO - Setting next_dagrun for example_branch_datetime_operator to 2026-08-11 00:00:00+00:00, run_after=2026-08-12 00:00:00+00:00
[2026-08-12T05:04:08.154+0000] {logging_mixin.py:190} INFO - [2026-08-12T05:04:08.154+0000] {dag.py:4138} INFO - Setting next_dagrun for example_branch_datetime_operator_2 to 2026-08-11 00:00:00+00:00, run_after=2026-08-12 00:00:00+00:00
[2026-08-12T05:04:08.158+0000] {logging_mixin.py:190} INFO - [2026-08-12T05:04:08.157+0000] {dag.py:4138} INFO - Setting next_dagrun for example_branch_datetime_operator_3 to 2026-08-11 00:00:00+00:00, run_after=2026-08-12 00:00:00+00:00
[2026-08-12T05:04:08.178+0000] {processor.py:208} INFO - Processing /home/airflow/.local/lib/python3.12/site-packages/airflow/example_dags/example_branch_datetime_operator.py took 0.106 seconds
[2026-08-12T05:04:38.332+0000] {processor.py:186} INFO - Started process (PID=3966) to work on /home/airflow/.local/lib/python3.12/site-packages/airflow/example_dags/example_branch_datetime_operator.py
[2026-08-12T05:04:38.333+0000] {processor.py:914} INFO - Processing file /home/airflow/.local/lib/python3.12/site-packages/airflow/example_dags/example_branch_datetime_operator.py for tasks to queue
[2026-08-12T05:04:38.337+0000] {logging_mixin.py:190} INFO - [2026-08-12T05:04:38.336+0000] {dagbag.py:587} INFO - Filling up the DagBag from /home/airflow/.local/lib/python3.12/site-packages/airflow/example_dags/example_branch_datetime_operator.py
[2026-08-12T05:04:38.350+0000] {processor.py:925} INFO - DAG(s) 'example_branch_datetime_operator_2', 'example_branch_datetime_operator_3', 'example_branch_datetime_operator' retrieved from /home/airflow/.local/lib/python3.12/site-packages/airflow/example_dags/example_branch_datetime_operator.py
[2026-08-12T05:04:38.380+0000] {logging_mixin.py:190} INFO - [2026-08-12T05:04:38.380+0000] {dag.py:3211} INFO - Sync 3 DAGs
[2026-08-12T05:04:38.404+0000] {logging_mixin.py:190} INFO - [2026-08-12T05:04:38.403+0000] {dag.py:4138} INFO - Setting next_dagrun for example_branch_datetime_operator to 2026-08-11 00:00:00+00:00, run_after=2026-08-12 00:00:00+00:00
[2026-08-12T05:04:38.409+0000] {logging_mixin.py:190} INFO - [2026-08-12T05:04:38.409+0000] {dag.py:4138} INFO - Setting next_dagrun for example_branch_datetime_operator_2 to 2026-08-11 00:00:00+00:00, run_after=2026-08-12 00:00:00+00:00
[2026-08-12T05:04:38.412+0000] {logging_mixin.py:190} INFO - [2026-08-12T05:04:38.412+0000] {dag.py:4138} INFO - Setting next_dagrun for example_branch_datetime_operator_3 to 2026-08-11 00:00:00+00:00, run_after=2026-08-12 00:00:00+00:00
[2026-08-12T05:04:38.428+0000] {processor.py:208} INFO - Processing /home/airflow/.local/lib/python3.12/site-packages/airflow/example_dags/example_branch_datetime_operator.py took 0.102 seconds
[2026-08-12T05:05:08.769+0000] {processor.py:186} INFO - Started process (PID=4029) to work on /home/airflow/.local/lib/python3.12/site-packages/airflow/example_dags/example_branch_datetime_operator.py
[2026-08-12T05:05:08.771+0000] {processor.py:914} INFO - Processing file /home/airflow/.local/lib/python3.12/site-packages/airflow/example_dags/example_branch_datetime_operator.py for tasks to queue
[2026-08-12T05:05:08.774+0000] {logging_mixin.py:190} INFO - [2026-08-12T05:05:08.774+0000] {dagbag.py:587} INFO - Filling up the DagBag from /home/airflow/.local/lib/python3.12/site-packages/airflow/example_dags/example_branch_datetime_operator.py
[2026-08-12T05:05:08.787+0000] {processor.py:925} INFO - DAG(s) 'example_branch_datetime_operator_3', 'example_branch_datetime_operator_2', 'example_branch_datetime_operator' retrieved from /home/airflow/.local/lib/python3.12/site-packages/airflow/example_dags/example_branch_datetime_operator.py
[2026-08-12T05:05:08.813+0000] {logging_mixin.py:190} INFO - [2026-08-12T05:05:08.813+0000] {dag.py:3211} INFO - Sync 3 DAGs
[2026-08-12T05:05:08.836+0000] {logging_mixin.py:190} INFO - [2026-08-12T05:05:08.836+0000] {dag.py:4138} INFO - Setting next_dagrun for example_branch_datetime_operator to 2026-08-11 00:00:00+00:00, run_after=2026-08-12 00:00:00+00:00
[2026-08-12T05:05:08.843+0000] {logging_mixin.py:190} INFO - [2026-08-12T05:05:08.842+0000] {dag.py:4138} INFO - Setting next_dagrun for example_branch_datetime_operator_2 to 2026-08-11 00:00:00+00:00, run_after=2026-08-12 00:00:00+00:00
[2026-08-12T05:05:08.846+0000] {logging_mixin.py:190} INFO - [2026-08-12T05:05:08.846+0000] {dag.py:4138} INFO - Setting next_dagrun for example_branch_datetime_operator_3 to 2026-08-11 00:00:00+00:00, run_after=2026-08-12 00:00:00+00:00
[2026-08-12T05:05:08.863+0000] {processor.py:208} INFO - Processing /home/airflow/.local/lib/python3.12/site-packages/airflow/example_dags/example_branch_datetime_operator.py took 0.100 seconds
[2026-08-12T05:05:39.282+0000] {processor.py:186} INFO - Started process (PID=4092) to work on /home/airflow/.local/lib/python3.12/site-packages/airflow/example_dags/example_branch_datetime_operator.py
[2026-08-12T05:05:39.283+0000] {processor.py:914} INFO - Processing file /home/airflow/.local/lib/python3.12/site-packages/airflow/example_dags/example_branch_datetime_operator.py for tasks to queue
[2026-08-12T05:05:39.286+0000] {logging_mixin.py:190} INFO - [2026-08-12T05:05:39.285+0000] {dagbag.py:587} INFO - Filling up the DagBag from /home/airflow/.local/lib/python3.12/site-packages/airflow/example_dags/example_branch_datetime_operator.py
[2026-08-12T05:05:39.296+0000] {processor.py:925} INFO - DAG(s) 'example_branch_datetime_operator_3', 'example_branch_datetime_operator', 'example_branch_datetime_operator_2' retrieved from /home/airflow/.local/lib/python3.12/site-packages/airflow/example_dags/example_branch_datetime_operator.py
[2026-08-12T05:05:39.321+0000] {logging_mixin.py:190} INFO - [2026-08-12T05:05:39.321+0000] {dag.py:3211} INFO - Sync 3 DAGs
[2026-08-12T05:05:39.343+0000] {logging_mixin.py:190} INFO - [2026-08-12T05:05:39.343+0000] {dag.py:4138} INFO - Setting next_dagrun for example_branch_datetime_operator to 2026-08-11 00:00:00+00:00, run_after=2026-08-12 00:00:00+00:00
[2026-08-12T05:05:39.348+0000] {logging_mixin.py:190} INFO - [2026-08-12T05:05:39.348+0000] {dag.py:4138} INFO - Setting next_dagrun for example_branch_datetime_operator_2 to 2026-08-11 00:00:00+00:00, run_after=2026-08-12 00:00:00+00:00
[2026-08-12T05:05:39.352+0000] {logging_mixin.py:190} INFO - [2026-08-12T05:05:39.351+0000] {dag.py:4138} INFO - Setting next_dagrun for example_branch_datetime_operator_3 to 2026-08-11 00:00:00+00:00, run_after=2026-08-12 00:00:00+00:00
[2026-08-12T05:05:39.371+0000] {processor.py:208} INFO - Processing /home/airflow/.local/lib/python3.12/site-packages/airflow/example_dags/example_branch_datetime_operator.py took 0.094 seconds
[2026-08-12T05:06:09.648+0000] {processor.py:186} INFO - Started process (PID=4155) to work on /home/airflow/.local/lib/python3.12/site-packages/airflow/example_dags/example_branch_datetime_operator.py
[2026-08-12T05:06:09.650+0000] {processor.py:914} INFO - Processing file /home/airflow/.local/lib/python3.12/site-packages/airflow/example_dags/example_branch_datetime_operator.py for tasks to queue
[2026-08-12T05:06:09.653+0000] {logging_mixin.py:190} INFO - [2026-08-12T05:06:09.653+0000] {dagbag.py:587} INFO - Filling up the DagBag from /home/airflow/.local/lib/python3.12/site-packages/airflow/example_dags/example_branch_datetime_operator.py
[2026-08-12T05:06:09.669+0000] {processor.py:925} INFO - DAG(s) 'example_branch_datetime_operator', 'example_branch_datetime_operator_3', 'example_branch_datetime_operator_2' retrieved from /home/airflow/.local/lib/python3.12/site-packages/airflow/example_dags/example_branch_datetime_operator.py
[2026-08-12T05:06:09.704+0000] {logging_mixin.py:190} INFO - [2026-08-12T05:06:09.704+0000] {dag.py:3211} INFO - Sync 3 DAGs
[2026-08-12T05:06:09.735+0000] {logging_mixin.py:190} INFO - [2026-08-12T05:06:09.735+0000] {dag.py:4138} INFO - Setting next_dagrun for example_branch_datetime_operator to 2026-08-11 00:00:00+00:00, run_after=2026-08-12 00:00:00+00:00
[2026-08-12T05:06:09.744+0000] {logging_mixin.py:190} INFO - [2026-08-12T05:06:09.743+0000] {dag.py:4138} INFO - Setting next_dagrun for example_branch_datetime_operator_2 to 2026-08-11 00:00:00+00:00, run_after=2026-08-12 00:00:00+00:00
[2026-08-12T05:06:09.747+0000] {logging_mixin.py:190} INFO - [2026-08-12T05:06:09.747+0000] {dag.py:4138} INFO - Setting next_dagrun for example_branch_datetime_operator_3 to 2026-08-11 00:00:00+00:00, run_after=2026-08-12 00:00:00+00:00
[2026-08-12T05:06:09.775+0000] {processor.py:208} INFO - Processing /home/airflow/.local/lib/python3.12/site-packages/airflow/example_dags/example_branch_datetime_operator.py took 0.134 seconds
[2026-08-12T05:06:40.260+0000] {processor.py:186} INFO - Started process (PID=4218) to work on /home/airflow/.local/lib/python3.12/site-packages/airflow/example_dags/example_branch_datetime_operator.py
[2026-08-12T05:06:40.262+0000] {processor.py:914} INFO - Processing file /home/airflow/.local/lib/python3.12/site-packages/airflow/example_dags/example_branch_datetime_operator.py for tasks to queue
[2026-08-12T05:06:40.266+0000] {logging_mixin.py:190} INFO - [2026-08-12T05:06:40.266+0000] {dagbag.py:587} INFO - Filling up the DagBag from /home/airflow/.local/lib/python3.12/site-packages/airflow/example_dags/example_branch_datetime_operator.py
[2026-08-12T05:06:40.279+0000] {processor.py:925} INFO - DAG(s) 'example_branch_datetime_operator_2', 'example_branch_datetime_operator', 'example_branch_datetime_operator_3' retrieved from /home/airflow/.local/lib/python3.12/site-packages/airflow/example_dags/example_branch_datetime_operator.py
[2026-08-12T05:06:40.307+0000] {logging_mixin.py:190} INFO - [2026-08-12T05:06:40.307+0000] {dag.py:3211} INFO - Sync 3 DAGs
[2026-08-12T05:06:40.330+0000] {logging_mixin.py:190} INFO - [2026-08-12T05:06:40.330+0000] {dag.py:4138} INFO - Setting next_dagrun for example_branch_datetime_operator to 2026-08-11 00:00:00+00:00, run_after=2026-08-12 00:00:00+00:00
[2026-08-12T05:06:40.335+0000] {logging_mixin.py:190} INFO - [2026-08-12T05:06:40.335+0000] {dag.py:4138} INFO - Setting next_dagrun for example_branch_datetime_operator_2 to 2026-08-11 00:00:00+00:00, run_after=2026-08-12 00:00:00+00:00
[2026-08-12T05:06:40.338+0000] {logging_mixin.py:190} INFO - [2026-08-12T05:06:40.338+0000] {dag.py:4138} INFO - Setting next_dagrun for example_branch_datetime_operator_3 to 2026-08-11 00:00:00+00:00, run_after=2026-08-12 00:00:00+00:00
[2026-08-12T05:06:40.355+0000] {processor.py:208} INFO - Processing /home/airflow/.local/lib/python3.12/site-packages/airflow/example_dags/example_branch_datetime_operator.py took 0.101 seconds
[2026-08-12T05:07:11.044+0000] {processor.py:186} INFO - Started process (PID=4281) to work on /home/airflow/.local/lib/python3.12/site-packages/airflow/example_dags/example_branch_datetime_operator.py
[2026-08-12T05:07:11.047+0000] {processor.py:914} INFO - Processing file /home/airflow/.local/lib/python3.12/site-packages/airflow/example_dags/example_branch_datetime_operator.py for tasks to queue
[2026-08-12T05:07:11.052+0000] {logging_mixin.py:190} INFO - [2026-08-12T05:07:11.052+0000] {dagbag.py:587} INFO - Filling up the DagBag from /home/airflow/.local/lib/python3.12/site-packages/airflow/example_dags/example_branch_datetime_operator.py
[2026-08-12T05:07:11.076+0000] {processor.py:925} INFO - DAG(s) 'example_branch_datetime_operator_2', 'example_branch_datetime_operator', 'example_branch_datetime_operator_3' retrieved from /home/airflow/.local/lib/python3.12/site-packages/airflow/example_dags/example_branch_datetime_operator.py
[2026-08-12T05:07:11.121+0000] {logging_mixin.py:190} INFO - [2026-08-12T05:07:11.121+0000] {dag.py:3211} INFO - Sync 3 DAGs
[2026-08-12T05:07:11.164+0000] {logging_mixin.py:190} INFO - [2026-08-12T05:07:11.164+0000] {dag.py:4138} INFO - Setting next_dagrun for example_branch_datetime_operator to 2026-08-11 00:00:00+00:00, run_after=2026-08-12 00:00:00+00:00
[2026-08-12T05:07:11.184+0000] {logging_mixin.py:190} INFO - [2026-08-12T05:07:11.183+0000] {dag.py:4138} INFO - Setting next_dagrun for example_branch_datetime_operator_2 to 2026-08-11 00:00:00+00:00, run_after=2026-08-12 00:00:00+00:00
[2026-08-12T05:07:11.189+0000] {logging_mixin.py:190} INFO - [2026-08-12T05:07:11.189+0000] {dag.py:4138} INFO - Setting next_dagrun for example_branch_datetime_operator_3 to 2026-08-11 00:00:00+00:00, run_after=2026-08-12 00:00:00+00:00
[2026-08-12T05:07:11.218+0000] {processor.py:208} INFO - Processing /home/airflow/.local/lib/python3.12/site-packages/airflow/example_dags/example_branch_datetime_operator.py took 0.185 seconds
[2026-08-12T05:07:41.438+0000] {processor.py:186} INFO - Started process (PID=4344) to work on /home/airflow/.local/lib/python3.12/site-packages/airflow/example_dags/example_branch_datetime_operator.py
[2026-08-12T05:07:41.439+0000] {processor.py:914} INFO - Processing file /home/airflow/.local/lib/python3.12/site-packages/airflow/example_dags/example_branch_datetime_operator.py for tasks to queue
[2026-08-12T05:07:41.442+0000] {logging_mixin.py:190} INFO - [2026-08-12T05:07:41.442+0000] {dagbag.py:587} INFO - Filling up the DagBag from /home/airflow/.local/lib/python3.12/site-packages/airflow/example_dags/example_branch_datetime_operator.py
[2026-08-12T05:07:41.457+0000] {processor.py:925} INFO - DAG(s) 'example_branch_datetime_operator_3', 'example_branch_datetime_operator_2', 'example_branch_datetime_operator' retrieved from /home/airflow/.local/lib/python3.12/site-packages/airflow/example_dags/example_branch_datetime_operator.py
[2026-08-12T05:07:41.489+0000] {logging_mixin.py:190} INFO - [2026-08-12T05:07:41.489+0000] {dag.py:3211} INFO - Sync 3 DAGs
[2026-08-12T05:07:41.519+0000] {logging_mixin.py:190} INFO - [2026-08-12T05:07:41.518+0000] {dag.py:4138} INFO - Setting next_dagrun for example_branch_datetime_operator to 2026-08-11 00:00:00+00:00, run_after=2026-08-12 00:00:00+00:00
[2026-08-12T05:07:41.525+0000] {logging_mixin.py:190} INFO - [2026-08-12T05:07:41.524+0000] {dag.py:4138} INFO - Setting next_dagrun for example_branch_datetime_operator_2 to 2026-08-11 00:00:00+00:00, run_after=2026-08-12 00:00:00+00:00
[2026-08-12T05:07:41.529+0000] {logging_mixin.py:190} INFO - [2026-08-12T05:07:41.528+0000] {dag.py:4138} INFO - Setting next_dagrun for example_branch_datetime_operator_3 to 2026-08-11 00:00:00+00:00, run_after=2026-08-12 00:00:00+00:00
[2026-08-12T05:07:41.550+0000] {processor.py:208} INFO - Processing /home/airflow/.local/lib/python3.12/site-packages/airflow/example_dags/example_branch_datetime_operator.py took 0.119 seconds
[2026-08-12T05:08:12.583+0000] {processor.py:186} INFO - Started process (PID=4407) to work on /home/airflow/.local/lib/python3.12/site-packages/airflow/example_dags/example_branch_datetime_operator.py
[2026-08-12T05:08:12.584+0000] {processor.py:914} INFO - Processing file /home/airflow/.local/lib/python3.12/site-packages/airflow/example_dags/example_branch_datetime_operator.py for tasks to queue
[2026-08-12T05:08:12.587+0000] {logging_mixin.py:190} INFO - [2026-08-12T05:08:12.587+0000] {dagbag.py:587} INFO - Filling up the DagBag from /home/airflow/.local/lib/python3.12/site-packages/airflow/example_dags/example_branch_datetime_operator.py
[2026-08-12T05:08:12.599+0000] {processor.py:925} INFO - DAG(s) 'example_branch_datetime_operator', 'example_branch_datetime_operator_3', 'example_branch_datetime_operator_2' retrieved from /home/airflow/.local/lib/python3.12/site-packages/airflow/example_dags/example_branch_datetime_operator.py
[2026-08-12T05:08:12.627+0000] {logging_mixin.py:190} INFO - [2026-08-12T05:08:12.626+0000] {dag.py:3211} INFO - Sync 3 DAGs
[2026-08-12T05:08:12.652+0000] {logging_mixin.py:190} INFO - [2026-08-12T05:08:12.652+0000] {dag.py:4138} INFO - Setting next_dagrun for example_branch_datetime_operator to 2026-08-11 00:00:00+00:00, run_after=2026-08-12 00:00:00+00:00
[2026-08-12T05:08:12.658+0000] {logging_mixin.py:190} INFO - [2026-08-12T05:08:12.658+0000] {dag.py:4138} INFO - Setting next_dagrun for example_branch_datetime_operator_2 to 2026-08-11 00:00:00+00:00, run_after=2026-08-12 00:00:00+00:00
[2026-08-12T05:08:12.661+0000] {logging_mixin.py:190} INFO - [2026-08-12T05:08:12.661+0000] {dag.py:4138} INFO - Setting next_dagrun for example_branch_datetime_operator_3 to 2026-08-11 00:00:00+00:00, run_after=2026-08-12 00:00:00+00:00
[2026-08-12T05:08:12.681+0000] {processor.py:208} INFO - Processing /home/airflow/.local/lib/python3.12/site-packages/airflow/example_dags/example_branch_datetime_operator.py took 0.104 seconds
[2026-08-12T05:08:43.233+0000] {processor.py:186} INFO - Started process (PID=4470) to work on /home/airflow/.local/lib/python3.12/site-packages/airflow/example_dags/example_branch_datetime_operator.py
[2026-08-12T05:08:43.235+0000] {processor.py:914} INFO - Processing file /home/airflow/.local/lib/python3.12/site-packages/airflow/example_dags/example_branch_datetime_operator.py for tasks to queue
[2026-08-12T05:08:43.238+0000] {logging_mixin.py:190} INFO - [2026-08-12T05:08:43.238+0000] {dagbag.py:587} INFO - Filling up the DagBag from /home/airflow/.local/lib/python3.12/site-packages/airflow/example_dags/example_branch_datetime_operator.py
[2026-08-12T05:08:43.255+0000] {processor.py:925} INFO - DAG(s) 'example_branch_datetime_operator_2', 'example_branch_datetime_operator_3', 'example_branch_datetime_operator' retrieved from /home/airflow/.local/lib/python3.12/site-packages/airflow/example_dags/example_branch_datetime_operator.py
[2026-08-12T05:08:43.292+0000] {logging_mixin.py:190} INFO - [2026-08-12T05:08:43.291+0000] {dag.py:3211} INFO - Sync 3 DAGs
[2026-08-12T05:08:43.321+0000] {logging_mixin.py:190} INFO - [2026-08-12T05:08:43.321+0000] {dag.py:4138} INFO - Setting next_dagrun for example_branch_datetime_operator to 2026-08-11 00:00:00+00:00, run_after=2026-08-12 00:00:00+00:00
[2026-08-12T05:08:43.328+0000] {logging_mixin.py:190} INFO - [2026-08-12T05:08:43.327+0000] {dag.py:4138} INFO - Setting next_dagrun for example_branch_datetime_operator_2 to 2026-08-11 00:00:00+00:00, run_after=2026-08-12 00:00:00+00:00
[2026-08-12T05:08:43.331+0000] {logging_mixin.py:190} INFO - [2026-08-12T05:08:43.331+0000] {dag.py:4138} INFO - Setting next_dagrun for example_branch_datetime_operator_3 to 2026-08-11 00:00:00+00:00, run_after=2026-08-12 00:00:00+00:00
[2026-08-12T05:08:43.351+0000] {processor.py:208} INFO - Processing /home/airflow/.local/lib/python3.12/site-packages/airflow/example_dags/example_branch_datetime_operator.py took 0.125 seconds
[2026-08-12T05:09:13.574+0000] {processor.py:186} INFO - Started process (PID=4533) to work on /home/airflow/.local/lib/python3.12/site-packages/airflow/example_dags/example_branch_datetime_operator.py
[2026-08-12T05:09:13.575+0000] {processor.py:914} INFO - Processing file /home/airflow/.local/lib/python3.12/site-packages/airflow/example_dags/example_branch_datetime_operator.py for tasks to queue
[2026-08-12T05:09:13.579+0000] {logging_mixin.py:190} INFO - [2026-08-12T05:09:13.579+0000] {dagbag.py:587} INFO - Filling up the DagBag from /home/airflow/.local/lib/python3.12/site-packages/airflow/example_dags/example_branch_datetime_operator.py
[2026-08-12T05:09:13.593+0000] {processor.py:925} INFO - DAG(s) 'example_branch_datetime_operator', 'example_branch_datetime_operator_2', 'example_branch_datetime_operator_3' retrieved from /home/airflow/.local/lib/python3.12/site-packages/airflow/example_dags/example_branch_datetime_operator.py
[2026-08-12T05:09:13.629+0000] {logging_mixin.py:190} INFO - [2026-08-12T05:09:13.629+0000] {dag.py:3211} INFO - Sync 3 DAGs
[2026-08-12T05:09:13.660+0000] {logging_mixin.py:190} INFO - [2026-08-12T05:09:13.659+0000] {dag.py:4138} INFO - Setting next_dagrun for example_branch_datetime_operator to 2026-08-11 00:00:00+00:00, run_after=2026-08-12 00:00:00+00:00
[2026-08-12T05:09:13.665+0000] {logging_mixin.py:190} INFO - [2026-08-12T05:09:13.665+0000] {dag.py:4138} INFO - Setting next_dagrun for example_branch_datetime_operator_2 to 2026-08-11 00:00:00+00:00, run_after=2026-08-12 00:00:00+00:00
[2026-08-12T05:09:13.668+0000] {logging_mixin.py:190} INFO - [2026-08-12T05:09:13.668+0000] {dag.py:4138} INFO - Setting next_dagrun for example_branch_datetime_operator_3 to 2026-08-11 00:00:00+00:00, run_after=2026-08-12 00:00:00+00:00
[2026-08-12T05:09:13.688+0000] {processor.py:208} INFO - Processing /home/airflow/.local/lib/python3.12/site-packages/airflow/example_dags/example_branch_datetime_operator.py took 0.120 seconds
[2026-08-12T05:09:44.273+0000] {processor.py:186} INFO - Started process (PID=4596) to work on /home/airflow/.local/lib/python3.12/site-packages/airflow/example_dags/example_branch_datetime_operator.py
[2026-08-12T05:09:44.275+0000] {processor.py:914} INFO - Processing file /home/airflow/.local/lib/python3.12/site-packages/airflow/example_dags/example_branch_datetime_operator.py for tasks to queue
[2026-08-12T05:09:44.278+0000] {logging_mixin.py:190} INFO - [2026-08-12T05:09:44.278+0000] {dagbag.py:587} INFO - Filling up the DagBag from /home/airflow/.local/lib/python3.12/site-packages/airflow/example_dags/example_branch_datetime_operator.py
[2026-08-12T05:09:44.292+0000] {processor.py:925} INFO - DAG(s) 'example_branch_datetime_operator_2', 'example_branch_datetime_operator', 'example_branch_datetime_operator_3' retrieved from /home/airflow/.local/lib/python3.12/site-packages/airflow/example_dags/example_branch_datetime_operator.py
[2026-08-12T05:09:44.321+0000] {logging_mixin.py:190} INFO - [2026-08-12T05:09:44.321+0000] {dag.py:3211} INFO - Sync 3 DAGs
[2026-08-12T05:09:44.346+0000] {logging_mixin.py:190} INFO - [2026-08-12T05:09:44.346+0000] {dag.py:4138} INFO - Setting next_dagrun for example_branch_datetime_operator to 2026-08-11 00:00:00+00:00, run_after=2026-08-12 00:00:00+00:00
[2026-08-12T05:09:44.352+0000] {logging_mixin.py:190} INFO - [2026-08-12T05:09:44.352+0000] {dag.py:4138} INFO - Setting next_dagrun for example_branch_datetime_operator_2 to 2026-08-11 00:00:00+00:00, run_after=2026-08-12 00:00:00+00:00
[2026-08-12T05:09:44.356+0000] {logging_mixin.py:190} INFO - [2026-08-12T05:09:44.356+0000] {dag.py:4138} INFO - Setting next_dagrun for example_branch_datetime_operator_3 to 2026-08-11 00:00:00+00:00, run_after=2026-08-12 00:00:00+00:00
[2026-08-12T05:09:44.375+0000] {processor.py:208} INFO - Processing /home/airflow/.local/lib/python3.12/site-packages/airflow/example_dags/example_branch_datetime_operator.py took 0.108 seconds
[2026-08-12T05:10:14.953+0000] {processor.py:186} INFO - Started process (PID=4659) to work on /home/airflow/.local/lib/python3.12/site-packages/airflow/example_dags/example_branch_datetime_operator.py
[2026-08-12T05:10:14.955+0000] {processor.py:914} INFO - Processing file /home/airflow/.local/lib/python3.12/site-packages/airflow/example_dags/example_branch_datetime_operator.py for tasks to queue
[2026-08-12T05:10:14.958+0000] {logging_mixin.py:190} INFO - [2026-08-12T05:10:14.958+0000] {dagbag.py:587} INFO - Filling up the DagBag from /home/airflow/.local/lib/python3.12/site-packages/airflow/example_dags/example_branch_datetime_operator.py
[2026-08-12T05:10:14.973+0000] {processor.py:925} INFO - DAG(s) 'example_branch_datetime_operator_3', 'example_branch_datetime_operator_2', 'example_branch_datetime_operator' retrieved from /home/airflow/.local/lib/python3.12/site-packages/airflow/example_dags/example_branch_datetime_operator.py
[2026-08-12T05:10:15.010+0000] {logging_mixin.py:190} INFO - [2026-08-12T05:10:15.009+0000] {dag.py:3211} INFO - Sync 3 DAGs
[2026-08-12T05:10:15.041+0000] {logging_mixin.py:190} INFO - [2026-08-12T05:10:15.041+0000] {dag.py:4138} INFO - Setting next_dagrun for example_branch_datetime_operator to 2026-08-11 00:00:00+00:00, run_after=2026-08-12 00:00:00+00:00
[2026-08-12T05:10:15.049+0000] {logging_mixin.py:190} INFO - [2026-08-12T05:10:15.049+0000] {dag.py:4138} INFO - Setting next_dagrun for example_branch_datetime_operator_2 to 2026-08-11 00:00:00+00:00, run_after=2026-08-12 00:00:00+00:00
[2026-08-12T05:10:15.053+0000] {logging_mixin.py:190} INFO - [2026-08-12T05:10:15.053+0000] {dag.py:4138} INFO - Setting next_dagrun for example_branch_datetime_operator_3 to 2026-08-11 00:00:00+00:00, run_after=2026-08-12 00:00:00+00:00
[2026-08-12T05:10:15.092+0000] {processor.py:208} INFO - Processing /home/airflow/.local/lib/python3.12/site-packages/airflow/example_dags/example_branch_datetime_operator.py took 0.145 seconds
[2026-08-12T05:10:45.492+0000] {processor.py:186} INFO - Started process (PID=4722) to work on /home/airflow/.local/lib/python3.12/site-packages/airflow/example_dags/example_branch_datetime_operator.py
[2026-08-12T05:10:45.494+0000] {processor.py:914} INFO - Processing file /home/airflow/.local/lib/python3.12/site-packages/airflow/example_dags/example_branch_datetime_operator.py for tasks to queue
[2026-08-12T05:10:45.498+0000] {logging_mixin.py:190} INFO - [2026-08-12T05:10:45.497+0000] {dagbag.py:587} INFO - Filling up the DagBag from /home/airflow/.local/lib/python3.12/site-packages/airflow/example_dags/example_branch_datetime_operator.py
[2026-08-12T05:10:45.513+0000] {processor.py:925} INFO - DAG(s) 'example_branch_datetime_operator', 'example_branch_datetime_operator_3', 'example_branch_datetime_operator_2' retrieved from /home/airflow/.local/lib/python3.12/site-packages/airflow/example_dags/example_branch_datetime_operator.py
[2026-08-12T05:10:45.544+0000] {logging_mixin.py:190} INFO - [2026-08-12T05:10:45.544+0000] {dag.py:3211} INFO - Sync 3 DAGs
[2026-08-12T05:10:45.573+0000] {logging_mixin.py:190} INFO - [2026-08-12T05:10:45.573+0000] {dag.py:4138} INFO - Setting next_dagrun for example_branch_datetime_operator to 2026-08-11 00:00:00+00:00, run_after=2026-08-12 00:00:00+00:00
[2026-08-12T05:10:45.579+0000] {logging_mixin.py:190} INFO - [2026-08-12T05:10:45.578+0000] {dag.py:4138} INFO - Setting next_dagrun for example_branch_datetime_operator_2 to 2026-08-11 00:00:00+00:00, run_after=2026-08-12 00:00:00+00:00
[2026-08-12T05:10:45.582+0000] {logging_mixin.py:190} INFO - [2026-08-12T05:10:45.582+0000] {dag.py:4138} INFO - Setting next_dagrun for example_branch_datetime_operator_3 to 2026-08-11 00:00:00+00:00, run_after=2026-08-12 00:00:00+00:00
[2026-08-12T05:10:45.602+0000] {processor.py:208} INFO - Processing /home/airflow/.local/lib/python3.12/site-packages/airflow/example_dags/example_branch_datetime_operator.py took 0.118 seconds
[2026-08-12T05:11:15.767+0000] {processor.py:186} INFO - Started process (PID=4785) to work on /home/airflow/.local/lib/python3.12/site-packages/airflow/example_dags/example_branch_datetime_operator.py
[2026-08-12T05:11:15.769+0000] {processor.py:914} INFO - Processing file /home/airflow/.local/lib/python3.12/site-packages/airflow/example_dags/example_branch_datetime_operator.py for tasks to queue
[2026-08-12T05:11:15.774+0000] {logging_mixin.py:190} INFO - [2026-08-12T05:11:15.773+0000] {dagbag.py:587} INFO - Filling up the DagBag from /home/airflow/.local/lib/python3.12/site-packages/airflow/example_dags/example_branch_datetime_operator.py
[2026-08-12T05:11:15.788+0000] {processor.py:925} INFO - DAG(s) 'example_branch_datetime_operator_2', 'example_branch_datetime_operator_3', 'example_branch_datetime_operator' retrieved from /home/airflow/.local/lib/python3.12/site-packages/airflow/example_dags/example_branch_datetime_operator.py
[2026-08-12T05:11:15.816+0000] {logging_mixin.py:190} INFO - [2026-08-12T05:11:15.816+0000] {dag.py:3211} INFO - Sync 3 DAGs
[2026-08-12T05:11:15.847+0000] {logging_mixin.py:190} INFO - [2026-08-12T05:11:15.846+0000] {dag.py:4138} INFO - Setting next_dagrun for example_branch_datetime_operator to 2026-08-11 00:00:00+00:00, run_after=2026-08-12 00:00:00+00:00
[2026-08-12T05:11:15.853+0000] {logging_mixin.py:190} INFO - [2026-08-12T05:11:15.853+0000] {dag.py:4138} INFO - Setting next_dagrun for example_branch_datetime_operator_2 to 2026-08-11 00:00:00+00:00, run_after=2026-08-12 00:00:00+00:00
[2026-08-12T05:11:15.858+0000] {logging_mixin.py:190} INFO - [2026-08-12T05:11:15.857+0000] {dag.py:4138} INFO - Setting next_dagrun for example_branch_datetime_operator_3 to 2026-08-11 00:00:00+00:00, run_after=2026-08-12 00:00:00+00:00
[2026-08-12T05:11:15.877+0000] {processor.py:208} INFO - Processing /home/airflow/.local/lib/python3.12/site-packages/airflow/example_dags/example_branch_datetime_operator.py took 0.118 seconds
[2026-08-12T05:11:46.409+0000] {processor.py:186} INFO - Started process (PID=4848) to work on /home/airflow/.local/lib/python3.12/site-packages/airflow/example_dags/example_branch_datetime_operator.py
[2026-08-12T05:11:46.411+0000] {processor.py:914} INFO - Processing file /home/airflow/.local/lib/python3.12/site-packages/airflow/example_dags/example_branch_datetime_operator.py for tasks to queue
[2026-08-12T05:11:46.415+0000] {logging_mixin.py:190} INFO - [2026-08-12T05:11:46.414+0000] {dagbag.py:587} INFO - Filling up the DagBag from /home/airflow/.local/lib/python3.12/site-packages/airflow/example_dags/example_branch_datetime_operator.py
[2026-08-12T05:11:46.431+0000] {processor.py:925} INFO - DAG(s) 'example_branch_datetime_operator', 'example_branch_datetime_operator_2', 'example_branch_datetime_operator_3' retrieved from /home/airflow/.local/lib/python3.12/site-packages/airflow/example_dags/example_branch_datetime_operator.py
[2026-08-12T05:11:46.465+0000] {logging_mixin.py:190} INFO - [2026-08-12T05:11:46.465+0000] {dag.py:3211} INFO - Sync 3 DAGs
[2026-08-12T05:11:46.491+0000] {logging_mixin.py:190} INFO - [2026-08-12T05:11:46.491+0000] {dag.py:4138} INFO - Setting next_dagrun for example_branch_datetime_operator to 2026-08-11 00:00:00+00:00, run_after=2026-08-12 00:00:00+00:00
[2026-08-12T05:11:46.497+0000] {logging_mixin.py:190} INFO - [2026-08-12T05:11:46.497+0000] {dag.py:4138} INFO - Setting next_dagrun for example_branch_datetime_operator_2 to 2026-08-11 00:00:00+00:00, run_after=2026-08-12 00:00:00+00:00
[2026-08-12T05:11:46.502+0000] {logging_mixin.py:190} INFO - [2026-08-12T05:11:46.501+0000] {dag.py:4138} INFO - Setting next_dagrun for example_branch_datetime_operator_3 to 2026-08-11 00:00:00+00:00, run_after=2026-08-12 00:00:00+00:00
[2026-08-12T05:11:46.519+0000] {processor.py:208} INFO - Processing /home/airflow/.local/lib/python3.12/site-packages/airflow/example_dags/example_branch_datetime_operator.py took 0.116 seconds
[2026-08-12T05:12:17.188+0000] {processor.py:186} INFO - Started process (PID=4911) to work on /home/airflow/.local/lib/python3.12/site-packages/airflow/example_dags/example_branch_datetime_operator.py
[2026-08-12T05:12:17.190+0000] {processor.py:914} INFO - Processing file /home/airflow/.local/lib/python3.12/site-packages/airflow/example_dags/example_branch_datetime_operator.py for tasks to queue
[2026-08-12T05:12:17.194+0000] {logging_mixin.py:190} INFO - [2026-08-12T05:12:17.193+0000] {dagbag.py:587} INFO - Filling up the DagBag from /home/airflow/.local/lib/python3.12/site-packages/airflow/example_dags/example_branch_datetime_operator.py
[2026-08-12T05:12:17.210+0000] {processor.py:925} INFO - DAG(s) 'example_branch_datetime_operator_2', 'example_branch_datetime_operator', 'example_branch_datetime_operator_3' retrieved from /home/airflow/.local/lib/python3.12/site-packages/airflow/example_dags/example_branch_datetime_operator.py
[2026-08-12T05:12:17.249+0000] {logging_mixin.py:190} INFO - [2026-08-12T05:12:17.249+0000] {dag.py:3211} INFO - Sync 3 DAGs
[2026-08-12T05:12:17.282+0000] {logging_mixin.py:190} INFO - [2026-08-12T05:12:17.281+0000] {dag.py:4138} INFO - Setting next_dagrun for example_branch_datetime_operator to 2026-08-11 00:00:00+00:00, run_after=2026-08-12 00:00:00+00:00
[2026-08-12T05:12:17.289+0000] {logging_mixin.py:190} INFO - [2026-08-12T05:12:17.288+0000] {dag.py:4138} INFO - Setting next_dagrun for example_branch_datetime_operator_2 to 2026-08-11 00:00:00+00:00, run_after=2026-08-12 00:00:00+00:00
[2026-08-12T05:12:17.292+0000] {logging_mixin.py:190} INFO - [2026-08-12T05:12:17.292+0000] {dag.py:4138} INFO - Setting next_dagrun for example_branch_datetime_operator_3 to 2026-08-11 00:00:00+00:00, run_after=2026-08-12 00:00:00+00:00
[2026-08-12T05:12:17.313+0000] {processor.py:208} INFO - Processing /home/airflow/.local/lib/python3.12/site-packages/airflow/example_dags/example_branch_datetime_operator.py took 0.131 seconds
[2026-08-12T05:12:47.708+0000] {processor.py:186} INFO - Started process (PID=4974) to work on /home/airflow/.local/lib/python3.12/site-packages/airflow/example_dags/example_branch_datetime_operator.py
[2026-08-12T05:12:47.710+0000] {processor.py:914} INFO - Processing file /home/airflow/.local/lib/python3.12/site-packages/airflow/example_dags/example_branch_datetime_operator.py for tasks to queue
[2026-08-12T05:12:47.714+0000] {logging_mixin.py:190} INFO - [2026-08-12T05:12:47.713+0000] {dagbag.py:587} INFO - Filling up the DagBag from /home/airflow/.local/lib/python3.12/site-packages/airflow/example_dags/example_branch_datetime_operator.py
[2026-08-12T05:12:47.732+0000] {processor.py:925} INFO - DAG(s) 'example_branch_datetime_operator_3', 'example_branch_datetime_operator_2', 'example_branch_datetime_operator' retrieved from /home/airflow/.local/lib/python3.12/site-packages/airflow/example_dags/example_branch_datetime_operator.py
[2026-08-12T05:12:47.778+0000] {logging_mixin.py:190} INFO - [2026-08-12T05:12:47.778+0000] {dag.py:3211} INFO - Sync 3 DAGs
[2026-08-12T05:12:47.812+0000] {logging_mixin.py:190} INFO - [2026-08-12T05:12:47.812+0000] {dag.py:4138} INFO - Setting next_dagrun for example_branch_datetime_operator to 2026-08-11 00:00:00+00:00, run_after=2026-08-12 00:00:00+00:00
[2026-08-12T05:12:47.821+0000] {logging_mixin.py:190} INFO - [2026-08-12T05:12:47.821+0000] {dag.py:4138} INFO - Setting next_dagrun for example_branch_datetime_operator_2 to 2026-08-11 00:00:00+00:00, run_after=2026-08-12 00:00:00+00:00
[2026-08-12T05:12:47.825+0000] {logging_mixin.py:190} INFO - [2026-08-12T05:12:47.825+0000] {dag.py:4138} INFO - Setting next_dagrun for example_branch_datetime_operator_3 to 2026-08-11 00:00:00+00:00, run_after=2026-08-12 00:00:00+00:00
[2026-08-12T05:12:47.848+0000] {processor.py:208} INFO - Processing /home/airflow/.local/lib/python3.12/site-packages/airflow/example_dags/example_branch_datetime_operator.py took 0.146 seconds
[2026-08-12T05:13:18.163+0000] {processor.py:186} INFO - Started process (PID=5037) to work on /home/airflow/.local/lib/python3.12/site-packages/airflow/example_dags/example_branch_datetime_operator.py
[2026-08-12T05:13:18.165+0000] {processor.py:914} INFO - Processing file /home/airflow/.local/lib/python3.12/site-packages/airflow/example_dags/example_branch_datetime_operator.py for tasks to queue
[2026-08-12T05:13:18.168+0000] {logging_mixin.py:190} INFO - [2026-08-12T05:13:18.168+0000] {dagbag.py:587} INFO - Filling up the DagBag from /home/airflow/.local/lib/python3.12/site-packages/airflow/example_dags/example_branch_datetime_operator.py
[2026-08-12T05:13:18.181+0000] {processor.py:925} INFO - DAG(s) 'example_branch_datetime_operator_3', 'example_branch_datetime_operator', 'example_branch_datetime_operator_2' retrieved from /home/airflow/.local/lib/python3.12/site-packages/airflow/example_dags/example_branch_datetime_operator.py
[2026-08-12T05:13:18.211+0000] {logging_mixin.py:190} INFO - [2026-08-12T05:13:18.211+0000] {dag.py:3211} INFO - Sync 3 DAGs
[2026-08-12T05:13:18.235+0000] {logging_mixin.py:190} INFO - [2026-08-12T05:13:18.235+0000] {dag.py:4138} INFO - Setting next_dagrun for example_branch_datetime_operator to 2026-08-11 00:00:00+00:00, run_after=2026-08-12 00:00:00+00:00
[2026-08-12T05:13:18.241+0000] {logging_mixin.py:190} INFO - [2026-08-12T05:13:18.241+0000] {dag.py:4138} INFO - Setting next_dagrun for example_branch_datetime_operator_2 to 2026-08-11 00:00:00+00:00, run_after=2026-08-12 00:00:00+00:00
[2026-08-12T05:13:18.244+0000] {logging_mixin.py:190} INFO - [2026-08-12T05:13:18.244+0000] {dag.py:4138} INFO - Setting next_dagrun for example_branch_datetime_operator_3 to 2026-08-11 00:00:00+00:00, run_after=2026-08-12 00:00:00+00:00
[2026-08-12T05:13:18.262+0000] {processor.py:208} INFO - Processing /home/airflow/.local/lib/python3.12/site-packages/airflow/example_dags/example_branch_datetime_operator.py took 0.106 seconds
[2026-08-12T05:13:48.661+0000] {processor.py:186} INFO - Started process (PID=5100) to work on /home/airflow/.local/lib/python3.12/site-packages/airflow/example_dags/example_branch_datetime_operator.py
[2026-08-12T05:13:48.662+0000] {processor.py:914} INFO - Processing file /home/airflow/.local/lib/python3.12/site-packages/airflow/example_dags/example_branch_datetime_operator.py for tasks to queue
[2026-08-12T05:13:48.665+0000] {logging_mixin.py:190} INFO - [2026-08-12T05:13:48.665+0000] {dagbag.py:587} INFO - Filling up the DagBag from /home/airflow/.local/lib/python3.12/site-packages/airflow/example_dags/example_branch_datetime_operator.py
[2026-08-12T05:13:48.678+0000] {processor.py:925} INFO - DAG(s) 'example_branch_datetime_operator_2', 'example_branch_datetime_operator_3', 'example_branch_datetime_operator' retrieved from /home/airflow/.local/lib/python3.12/site-packages/airflow/example_dags/example_branch_datetime_operator.py
[2026-08-12T05:13:48.705+0000] {logging_mixin.py:190} INFO - [2026-08-12T05:13:48.705+0000] {dag.py:3211} INFO - Sync 3 DAGs
[2026-08-12T05:13:48.730+0000] {logging_mixin.py:190} INFO - [2026-08-12T05:13:48.730+0000] {dag.py:4138} INFO - Setting next_dagrun for example_branch_datetime_operator to 2026-08-11 00:00:00+00:00, run_after=2026-08-12 00:00:00+00:00
[2026-08-12T05:13:48.737+0000] {logging_mixin.py:190} INFO - [2026-08-12T05:13:48.736+0000] {dag.py:4138} INFO - Setting next_dagrun for example_branch_datetime_operator_2 to 2026-08-11 00:00:00+00:00, run_after=2026-08-12 00:00:00+00:00
[2026-08-12T05:13:48.740+0000] {logging_mixin.py:190} INFO - [2026-08-12T05:13:48.739+0000] {dag.py:4138} INFO - Setting next_dagrun for example_branch_datetime_operator_3 to 2026-08-11 00:00:00+00:00, run_after=2026-08-12 00:00:00+00:00
[2026-08-12T05:13:48.757+0000] {processor.py:208} INFO - Processing /home/airflow/.local/lib/python3.12/site-packages/airflow/example_dags/example_branch_datetime_operator.py took 0.102 seconds
[2026-08-12T05:14:19.227+0000] {processor.py:186} INFO - Started process (PID=5163) to work on /home/airflow/.local/lib/python3.12/site-packages/airflow/example_dags/example_branch_datetime_operator.py
[2026-08-12T05:14:19.228+0000] {processor.py:914} INFO - Processing file /home/airflow/.local/lib/python3.12/site-packages/airflow/example_dags/example_branch_datetime_operator.py for tasks to queue
[2026-08-12T05:14:19.232+0000] {logging_mixin.py:190} INFO - [2026-08-12T05:14:19.231+0000] {dagbag.py:587} INFO - Filling up the DagBag from /home/airflow/.local/lib/python3.12/site-packages/airflow/example_dags/example_branch_datetime_operator.py
[2026-08-12T05:14:19.244+0000] {processor.py:925} INFO - DAG(s) 'example_branch_datetime_operator_2', 'example_branch_datetime_operator_3', 'example_branch_datetime_operator' retrieved from /home/airflow/.local/lib/python3.12/site-packages/airflow/example_dags/example_branch_datetime_operator.py
[2026-08-12T05:14:19.275+0000] {logging_mixin.py:190} INFO - [2026-08-12T05:14:19.274+0000] {dag.py:3211} INFO - Sync 3 DAGs
[2026-08-12T05:14:19.313+0000] {logging_mixin.py:190} INFO - [2026-08-12T05:14:19.313+0000] {dag.py:4138} INFO - Setting next_dagrun for example_branch_datetime_operator to 2026-08-11 00:00:00+00:00, run_after=2026-08-12 00:00:00+00:00
[2026-08-12T05:14:19.322+0000] {logging_mixin.py:190} INFO - [2026-08-12T05:14:19.322+0000] {dag.py:4138} INFO - Setting next_dagrun for example_branch_datetime_operator_2 to 2026-08-11 00:00:00+00:00, run_after=2026-08-12 00:00:00+00:00
[2026-08-12T05:14:19.325+0000] {logging_mixin.py:190} INFO - [2026-08-12T05:14:19.325+0000] {dag.py:4138} INFO - Setting next_dagrun for example_branch_datetime_operator_3 to 2026-08-11 00:00:00+00:00, run_after=2026-08-12 00:00:00+00:00
[2026-08-12T05:14:19.351+0000] {processor.py:208} INFO - Processing /home/airflow/.local/lib/python3.12/site-packages/airflow/example_dags/example_branch_datetime_operator.py took 0.130 seconds
[2026-08-12T05:14:49.658+0000] {processor.py:186} INFO - Started process (PID=5226) to work on /home/airflow/.local/lib/python3.12/site-packages/airflow/example_dags/example_branch_datetime_operator.py
[2026-08-12T05:14:49.660+0000] {processor.py:914} INFO - Processing file /home/airflow/.local/lib/python3.12/site-packages/airflow/example_dags/example_branch_datetime_operator.py for tasks to queue
[2026-08-12T05:14:49.663+0000] {logging_mixin.py:190} INFO - [2026-08-12T05:14:49.663+0000] {dagbag.py:587} INFO - Filling up the DagBag from /home/airflow/.local/lib/python3.12/site-packages/airflow/example_dags/example_branch_datetime_operator.py
[2026-08-12T05:14:49.676+0000] {processor.py:925} INFO - DAG(s) 'example_branch_datetime_operator_3', 'example_branch_datetime_operator_2', 'example_branch_datetime_operator' retrieved from /home/airflow/.local/lib/python3.12/site-packages/airflow/example_dags/example_branch_datetime_operator.py
[2026-08-12T05:14:49.706+0000] {logging_mixin.py:190} INFO - [2026-08-12T05:14:49.706+0000] {dag.py:3211} INFO - Sync 3 DAGs
[2026-08-12T05:14:49.730+0000] {logging_mixin.py:190} INFO - [2026-08-12T05:14:49.730+0000] {dag.py:4138} INFO - Setting next_dagrun for example_branch_datetime_operator to 2026-08-11 00:00:00+00:00, run_after=2026-08-12 00:00:00+00:00
[2026-08-12T05:14:49.735+0000] {logging_mixin.py:190} INFO - [2026-08-12T05:14:49.735+0000] {dag.py:4138} INFO - Setting next_dagrun for example_branch_datetime_operator_2 to 2026-08-11 00:00:00+00:00, run_after=2026-08-12 00:00:00+00:00
[2026-08-12T05:14:49.738+0000] {logging_mixin.py:190} INFO - [2026-08-12T05:14:49.738+0000] {dag.py:4138} INFO - Setting next_dagrun for example_branch_datetime_operator_3 to 2026-08-11 00:00:00+00:00, run_after=2026-08-12 00:00:00+00:00
[2026-08-12T05:14:49.756+0000] {processor.py:208} INFO - Processing /home/airflow/.local/lib/python3.12/site-packages/airflow/example_dags/example_branch_datetime_operator.py took 0.104 seconds
[2026-08-12T05:15:20.527+0000] {processor.py:186} INFO - Started process (PID=5289) to work on /home/airflow/.local/lib/python3.12/site-packages/airflow/example_dags/example_branch_datetime_operator.py
[2026-08-12T05:15:20.529+0000] {processor.py:914} INFO - Processing file /home/airflow/.local/lib/python3.12/site-packages/airflow/example_dags/example_branch_datetime_operator.py for tasks to queue
[2026-08-12T05:15:20.533+0000] {logging_mixin.py:190} INFO - [2026-08-12T05:15:20.532+0000] {dagbag.py:587} INFO - Filling up the DagBag from /home/airflow/.local/lib/python3.12/site-packages/airflow/example_dags/example_branch_datetime_operator.py
[2026-08-12T05:15:20.547+0000] {processor.py:925} INFO - DAG(s) 'example_branch_datetime_operator', 'example_branch_datetime_operator_3', 'example_branch_datetime_operator_2' retrieved from /home/airflow/.local/lib/python3.12/site-packages/airflow/example_dags/example_branch_datetime_operator.py
[2026-08-12T05:15:20.577+0000] {logging_mixin.py:190} INFO - [2026-08-12T05:15:20.577+0000] {dag.py:3211} INFO - Sync 3 DAGs
[2026-08-12T05:15:20.606+0000] {logging_mixin.py:190} INFO - [2026-08-12T05:15:20.606+0000] {dag.py:4138} INFO - Setting next_dagrun for example_branch_datetime_operator to 2026-08-11 00:00:00+00:00, run_after=2026-08-12 00:00:00+00:00
[2026-08-12T05:15:20.613+0000] {logging_mixin.py:190} INFO - [2026-08-12T05:15:20.613+0000] {dag.py:4138} INFO - Setting next_dagrun for example_branch_datetime_operator_2 to 2026-08-11 00:00:00+00:00, run_after=2026-08-12 00:00:00+00:00
[2026-08-12T05:15:20.617+0000] {logging_mixin.py:190} INFO - [2026-08-12T05:15:20.617+0000] {dag.py:4138} INFO - Setting next_dagrun for example_branch_datetime_operator_3 to 2026-08-11 00:00:00+00:00, run_after=2026-08-12 00:00:00+00:00
[2026-08-12T05:15:20.641+0000] {processor.py:208} INFO - Processing /home/airflow/.local/lib/python3.12/site-packages/airflow/example_dags/example_branch_datetime_operator.py took 0.121 seconds
[2026-08-12T05:15:51.066+0000] {processor.py:186} INFO - Started process (PID=5352) to work on /home/airflow/.local/lib/python3.12/site-packages/airflow/example_dags/example_branch_datetime_operator.py
[2026-08-12T05:15:51.068+0000] {processor.py:914} INFO - Processing file /home/airflow/.local/lib/python3.12/site-packages/airflow/example_dags/example_branch_datetime_operator.py for tasks to queue
[2026-08-12T05:15:51.072+0000] {logging_mixin.py:190} INFO - [2026-08-12T05:15:51.071+0000] {dagbag.py:587} INFO - Filling up the DagBag from /home/airflow/.local/lib/python3.12/site-packages/airflow/example_dags/example_branch_datetime_operator.py
[2026-08-12T05:15:51.089+0000] {processor.py:925} INFO - DAG(s) 'example_branch_datetime_operator_3', 'example_branch_datetime_operator', 'example_branch_datetime_operator_2' retrieved from /home/airflow/.local/lib/python3.12/site-packages/airflow/example_dags/example_branch_datetime_operator.py
[2026-08-12T05:15:51.121+0000] {logging_mixin.py:190} INFO - [2026-08-12T05:15:51.120+0000] {dag.py:3211} INFO - Sync 3 DAGs
[2026-08-12T05:15:51.152+0000] {logging_mixin.py:190} INFO - [2026-08-12T05:15:51.152+0000] {dag.py:4138} INFO - Setting next_dagrun for example_branch_datetime_operator to 2026-08-11 00:00:00+00:00, run_after=2026-08-12 00:00:00+00:00
[2026-08-12T05:15:51.158+0000] {logging_mixin.py:190} INFO - [2026-08-12T05:15:51.158+0000] {dag.py:4138} INFO - Setting next_dagrun for example_branch_datetime_operator_2 to 2026-08-11 00:00:00+00:00, run_after=2026-08-12 00:00:00+00:00
[2026-08-12T05:15:51.162+0000] {logging_mixin.py:190} INFO - [2026-08-12T05:15:51.162+0000] {dag.py:4138} INFO - Setting next_dagrun for example_branch_datetime_operator_3 to 2026-08-11 00:00:00+00:00, run_after=2026-08-12 00:00:00+00:00
[2026-08-12T05:15:51.187+0000] {processor.py:208} INFO - Processing /home/airflow/.local/lib/python3.12/site-packages/airflow/example_dags/example_branch_datetime_operator.py took 0.130 seconds
[2026-08-12T05:16:21.656+0000] {processor.py:186} INFO - Started process (PID=5415) to work on /home/airflow/.local/lib/python3.12/site-packages/airflow/example_dags/example_branch_datetime_operator.py
[2026-08-12T05:16:21.657+0000] {processor.py:914} INFO - Processing file /home/airflow/.local/lib/python3.12/site-packages/airflow/example_dags/example_branch_datetime_operator.py for tasks to queue
[2026-08-12T05:16:21.662+0000] {logging_mixin.py:190} INFO - [2026-08-12T05:16:21.661+0000] {dagbag.py:587} INFO - Filling up the DagBag from /home/airflow/.local/lib/python3.12/site-packages/airflow/example_dags/example_branch_datetime_operator.py
[2026-08-12T05:16:21.681+0000] {processor.py:925} INFO - DAG(s) 'example_branch_datetime_operator', 'example_branch_datetime_operator_3', 'example_branch_datetime_operator_2' retrieved from /home/airflow/.local/lib/python3.12/site-packages/airflow/example_dags/example_branch_datetime_operator.py
[2026-08-12T05:16:21.720+0000] {logging_mixin.py:190} INFO - [2026-08-12T05:16:21.720+0000] {dag.py:3211} INFO - Sync 3 DAGs
[2026-08-12T05:16:21.749+0000] {logging_mixin.py:190} INFO - [2026-08-12T05:16:21.749+0000] {dag.py:4138} INFO - Setting next_dagrun for example_branch_datetime_operator to 2026-08-11 00:00:00+00:00, run_after=2026-08-12 00:00:00+00:00
[2026-08-12T05:16:21.756+0000] {logging_mixin.py:190} INFO - [2026-08-12T05:16:21.755+0000] {dag.py:4138} INFO - Setting next_dagrun for example_branch_datetime_operator_2 to 2026-08-11 00:00:00+00:00, run_after=2026-08-12 00:00:00+00:00
[2026-08-12T05:16:21.759+0000] {logging_mixin.py:190} INFO - [2026-08-12T05:16:21.758+0000] {dag.py:4138} INFO - Setting next_dagrun for example_branch_datetime_operator_3 to 2026-08-11 00:00:00+00:00, run_after=2026-08-12 00:00:00+00:00
[2026-08-12T05:16:21.775+0000] {processor.py:208} INFO - Processing /home/airflow/.local/lib/python3.12/site-packages/airflow/example_dags/example_branch_datetime_operator.py took 0.131 seconds
[2026-08-12T05:16:52.112+0000] {processor.py:186} INFO - Started process (PID=5478) to work on /home/airflow/.local/lib/python3.12/site-packages/airflow/example_dags/example_branch_datetime_operator.py
[2026-08-12T05:16:52.114+0000] {processor.py:914} INFO - Processing file /home/airflow/.local/lib/python3.12/site-packages/airflow/example_dags/example_branch_datetime_operator.py for tasks to queue
[2026-08-12T05:16:52.117+0000] {logging_mixin.py:190} INFO - [2026-08-12T05:16:52.117+0000] {dagbag.py:587} INFO - Filling up the DagBag from /home/airflow/.local/lib/python3.12/site-packages/airflow/example_dags/example_branch_datetime_operator.py
[2026-08-12T05:16:52.129+0000] {processor.py:925} INFO - DAG(s) 'example_branch_datetime_operator_3', 'example_branch_datetime_operator', 'example_branch_datetime_operator_2' retrieved from /home/airflow/.local/lib/python3.12/site-packages/airflow/example_dags/example_branch_datetime_operator.py
[2026-08-12T05:16:52.156+0000] {logging_mixin.py:190} INFO - [2026-08-12T05:16:52.156+0000] {dag.py:3211} INFO - Sync 3 DAGs
[2026-08-12T05:16:52.181+0000] {logging_mixin.py:190} INFO - [2026-08-12T05:16:52.181+0000] {dag.py:4138} INFO - Setting next_dagrun for example_branch_datetime_operator to 2026-08-11 00:00:00+00:00, run_after=2026-08-12 00:00:00+00:00
[2026-08-12T05:16:52.188+0000] {logging_mixin.py:190} INFO - [2026-08-12T05:16:52.187+0000] {dag.py:4138} INFO - Setting next_dagrun for example_branch_datetime_operator_2 to 2026-08-11 00:00:00+00:00, run_after=2026-08-12 00:00:00+00:00
[2026-08-12T05:16:52.191+0000] {logging_mixin.py:190} INFO - [2026-08-12T05:16:52.191+0000] {dag.py:4138} INFO - Setting next_dagrun for example_branch_datetime_operator_3 to 2026-08-11 00:00:00+00:00, run_after=2026-08-12 00:00:00+00:00
[2026-08-12T05:16:52.211+0000] {processor.py:208} INFO - Processing /home/airflow/.local/lib/python3.12/site-packages/airflow/example_dags/example_branch_datetime_operator.py took 0.105 seconds
[2026-08-12T05:17:22.755+0000] {processor.py:186} INFO - Started process (PID=5541) to work on /home/airflow/.local/lib/python3.12/site-packages/airflow/example_dags/example_branch_datetime_operator.py
[2026-08-12T05:17:22.757+0000] {processor.py:914} INFO - Processing file /home/airflow/.local/lib/python3.12/site-packages/airflow/example_dags/example_branch_datetime_operator.py for tasks to queue
[2026-08-12T05:17:22.760+0000] {logging_mixin.py:190} INFO - [2026-08-12T05:17:22.760+0000] {dagbag.py:587} INFO - Filling up the DagBag from /home/airflow/.local/lib/python3.12/site-packages/airflow/example_dags/example_branch_datetime_operator.py
[2026-08-12T05:17:22.772+0000] {processor.py:925} INFO - DAG(s) 'example_branch_datetime_operator_3', 'example_branch_datetime_operator', 'example_branch_datetime_operator_2' retrieved from /home/airflow/.local/lib/python3.12/site-packages/airflow/example_dags/example_branch_datetime_operator.py
[2026-08-12T05:17:22.801+0000] {logging_mixin.py:190} INFO - [2026-08-12T05:17:22.801+0000] {dag.py:3211} INFO - Sync 3 DAGs
[2026-08-12T05:17:22.828+0000] {logging_mixin.py:190} INFO - [2026-08-12T05:17:22.828+0000] {dag.py:4138} INFO - Setting next_dagrun for example_branch_datetime_operator to 2026-08-11 00:00:00+00:00, run_after=2026-08-12 00:00:00+00:00
[2026-08-12T05:17:22.833+0000] {logging_mixin.py:190} INFO - [2026-08-12T05:17:22.833+0000] {dag.py:4138} INFO - Setting next_dagrun for example_branch_datetime_operator_2 to 2026-08-11 00:00:00+00:00, run_after=2026-08-12 00:00:00+00:00
[2026-08-12T05:17:22.836+0000] {logging_mixin.py:190} INFO - [2026-08-12T05:17:22.836+0000] {dag.py:4138} INFO - Setting next_dagrun for example_branch_datetime_operator_3 to 2026-08-11 00:00:00+00:00, run_after=2026-08-12 00:00:00+00:00
[2026-08-12T05:17:22.853+0000] {processor.py:208} INFO - Processing /home/airflow/.local/lib/python3.12/site-packages/airflow/example_dags/example_branch_datetime_operator.py took 0.104 seconds
[2026-08-12T05:17:53.496+0000] {processor.py:186} INFO - Started process (PID=5604) to work on /home/airflow/.local/lib/python3.12/site-packages/airflow/example_dags/example_branch_datetime_operator.py
[2026-08-12T05:17:53.497+0000] {processor.py:914} INFO - Processing file /home/airflow/.local/lib/python3.12/site-packages/airflow/example_dags/example_branch_datetime_operator.py for tasks to queue
[2026-08-12T05:17:53.501+0000] {logging_mixin.py:190} INFO - [2026-08-12T05:17:53.500+0000] {dagbag.py:587} INFO - Filling up the DagBag from /home/airflow/.local/lib/python3.12/site-packages/airflow/example_dags/example_branch_datetime_operator.py
[2026-08-12T05:17:53.517+0000] {processor.py:925} INFO - DAG(s) 'example_branch_datetime_operator_2', 'example_branch_datetime_operator_3', 'example_branch_datetime_operator' retrieved from /home/airflow/.local/lib/python3.12/site-packages/airflow/example_dags/example_branch_datetime_operator.py
[2026-08-12T05:17:53.553+0000] {logging_mixin.py:190} INFO - [2026-08-12T05:17:53.552+0000] {dag.py:3211} INFO - Sync 3 DAGs
[2026-08-12T05:17:53.587+0000] {logging_mixin.py:190} INFO - [2026-08-12T05:17:53.586+0000] {dag.py:4138} INFO - Setting next_dagrun for example_branch_datetime_operator to 2026-08-11 00:00:00+00:00, run_after=2026-08-12 00:00:00+00:00
[2026-08-12T05:17:53.594+0000] {logging_mixin.py:190} INFO - [2026-08-12T05:17:53.593+0000] {dag.py:4138} INFO - Setting next_dagrun for example_branch_datetime_operator_2 to 2026-08-11 00:00:00+00:00, run_after=2026-08-12 00:00:00+00:00
[2026-08-12T05:17:53.597+0000] {logging_mixin.py:190} INFO - [2026-08-12T05:17:53.596+0000] {dag.py:4138} INFO - Setting next_dagrun for example_branch_datetime_operator_3 to 2026-08-11 00:00:00+00:00, run_after=2026-08-12 00:00:00+00:00
[2026-08-12T05:17:53.616+0000] {processor.py:208} INFO - Processing /home/airflow/.local/lib/python3.12/site-packages/airflow/example_dags/example_branch_datetime_operator.py took 0.128 seconds
[2026-08-12T05:18:24.519+0000] {processor.py:186} INFO - Started process (PID=5667) to work on /home/airflow/.local/lib/python3.12/site-packages/airflow/example_dags/example_branch_datetime_operator.py
[2026-08-12T05:18:24.521+0000] {processor.py:914} INFO - Processing file /home/airflow/.local/lib/python3.12/site-packages/airflow/example_dags/example_branch_datetime_operator.py for tasks to queue
[2026-08-12T05:18:24.525+0000] {logging_mixin.py:190} INFO - [2026-08-12T05:18:24.524+0000] {dagbag.py:587} INFO - Filling up the DagBag from /home/airflow/.local/lib/python3.12/site-packages/airflow/example_dags/example_branch_datetime_operator.py
[2026-08-12T05:18:24.540+0000] {processor.py:925} INFO - DAG(s) 'example_branch_datetime_operator_2', 'example_branch_datetime_operator_3', 'example_branch_datetime_operator' retrieved from /home/airflow/.local/lib/python3.12/site-packages/airflow/example_dags/example_branch_datetime_operator.py
[2026-08-12T05:18:24.578+0000] {logging_mixin.py:190} INFO - [2026-08-12T05:18:24.577+0000] {dag.py:3211} INFO - Sync 3 DAGs
[2026-08-12T05:18:24.615+0000] {logging_mixin.py:190} INFO - [2026-08-12T05:18:24.615+0000] {dag.py:4138} INFO - Setting next_dagrun for example_branch_datetime_operator to 2026-08-11 00:00:00+00:00, run_after=2026-08-12 00:00:00+00:00
[2026-08-12T05:18:24.625+0000] {logging_mixin.py:190} INFO - [2026-08-12T05:18:24.625+0000] {dag.py:4138} INFO - Setting next_dagrun for example_branch_datetime_operator_2 to 2026-08-11 00:00:00+00:00, run_after=2026-08-12 00:00:00+00:00
[2026-08-12T05:18:24.629+0000] {logging_mixin.py:190} INFO - [2026-08-12T05:18:24.629+0000] {dag.py:4138} INFO - Setting next_dagrun for example_branch_datetime_operator_3 to 2026-08-11 00:00:00+00:00, run_after=2026-08-12 00:00:00+00:00
[2026-08-12T05:18:24.654+0000] {processor.py:208} INFO - Processing /home/airflow/.local/lib/python3.12/site-packages/airflow/example_dags/example_branch_datetime_operator.py took 0.141 seconds
[2026-08-12T05:18:56.028+0000] {processor.py:186} INFO - Started process (PID=5730) to work on /home/airflow/.local/lib/python3.12/site-packages/airflow/example_dags/example_branch_datetime_operator.py
[2026-08-12T05:18:56.057+0000] {processor.py:914} INFO - Processing file /home/airflow/.local/lib/python3.12/site-packages/airflow/example_dags/example_branch_datetime_operator.py for tasks to queue
[2026-08-12T05:18:56.081+0000] {logging_mixin.py:190} INFO - [2026-08-12T05:18:56.079+0000] {dagbag.py:587} INFO - Filling up the DagBag from /home/airflow/.local/lib/python3.12/site-packages/airflow/example_dags/example_branch_datetime_operator.py
[2026-08-12T05:18:56.156+0000] {processor.py:925} INFO - DAG(s) 'example_branch_datetime_operator_3', 'example_branch_datetime_operator', 'example_branch_datetime_operator_2' retrieved from /home/airflow/.local/lib/python3.12/site-packages/airflow/example_dags/example_branch_datetime_operator.py
[2026-08-12T05:18:56.316+0000] {logging_mixin.py:190} INFO - [2026-08-12T05:18:56.314+0000] {dag.py:3211} INFO - Sync 3 DAGs
[2026-08-12T05:18:56.589+0000] {logging_mixin.py:190} INFO - [2026-08-12T05:18:56.589+0000] {dag.py:4138} INFO - Setting next_dagrun for example_branch_datetime_operator to 2026-08-11 00:00:00+00:00, run_after=2026-08-12 00:00:00+00:00
[2026-08-12T05:18:56.620+0000] {logging_mixin.py:190} INFO - [2026-08-12T05:18:56.620+0000] {dag.py:4138} INFO - Setting next_dagrun for example_branch_datetime_operator_2 to 2026-08-11 00:00:00+00:00, run_after=2026-08-12 00:00:00+00:00
[2026-08-12T05:18:56.687+0000] {logging_mixin.py:190} INFO - [2026-08-12T05:18:56.687+0000] {dag.py:4138} INFO - Setting next_dagrun for example_branch_datetime_operator_3 to 2026-08-11 00:00:00+00:00, run_after=2026-08-12 00:00:00+00:00
[2026-08-12T05:18:56.791+0000] {processor.py:208} INFO - Processing /home/airflow/.local/lib/python3.12/site-packages/airflow/example_dags/example_branch_datetime_operator.py took 0.800 seconds
[2026-08-12T05:19:27.147+0000] {processor.py:186} INFO - Started process (PID=5794) to work on /home/airflow/.local/lib/python3.12/site-packages/airflow/example_dags/example_branch_datetime_operator.py
[2026-08-12T05:19:27.170+0000] {processor.py:914} INFO - Processing file /home/airflow/.local/lib/python3.12/site-packages/airflow/example_dags/example_branch_datetime_operator.py for tasks to queue
[2026-08-12T05:19:27.178+0000] {logging_mixin.py:190} INFO - [2026-08-12T05:19:27.177+0000] {dagbag.py:587} INFO - Filling up the DagBag from /home/airflow/.local/lib/python3.12/site-packages/airflow/example_dags/example_branch_datetime_operator.py
[2026-08-12T05:19:27.257+0000] {processor.py:925} INFO - DAG(s) 'example_branch_datetime_operator_2', 'example_branch_datetime_operator_3', 'example_branch_datetime_operator' retrieved from /home/airflow/.local/lib/python3.12/site-packages/airflow/example_dags/example_branch_datetime_operator.py
[2026-08-12T05:19:27.389+0000] {logging_mixin.py:190} INFO - [2026-08-12T05:19:27.389+0000] {dag.py:3211} INFO - Sync 3 DAGs
[2026-08-12T05:19:27.504+0000] {logging_mixin.py:190} INFO - [2026-08-12T05:19:27.503+0000] {dag.py:4138} INFO - Setting next_dagrun for example_branch_datetime_operator to 2026-08-11 00:00:00+00:00, run_after=2026-08-12 00:00:00+00:00
[2026-08-12T05:19:27.526+0000] {logging_mixin.py:190} INFO - [2026-08-12T05:19:27.525+0000] {dag.py:4138} INFO - Setting next_dagrun for example_branch_datetime_operator_2 to 2026-08-11 00:00:00+00:00, run_after=2026-08-12 00:00:00+00:00
[2026-08-12T05:19:27.535+0000] {logging_mixin.py:190} INFO - [2026-08-12T05:19:27.534+0000] {dag.py:4138} INFO - Setting next_dagrun for example_branch_datetime_operator_3 to 2026-08-11 00:00:00+00:00, run_after=2026-08-12 00:00:00+00:00
[2026-08-12T05:19:27.609+0000] {processor.py:208} INFO - Processing /home/airflow/.local/lib/python3.12/site-packages/airflow/example_dags/example_branch_datetime_operator.py took 0.496 seconds
[2026-08-12T05:20:00.602+0000] {processor.py:186} INFO - Started process (PID=5857) to work on /home/airflow/.local/lib/python3.12/site-packages/airflow/example_dags/example_branch_datetime_operator.py
[2026-08-12T05:20:00.611+0000] {processor.py:914} INFO - Processing file /home/airflow/.local/lib/python3.12/site-packages/airflow/example_dags/example_branch_datetime_operator.py for tasks to queue
[2026-08-12T05:20:00.663+0000] {logging_mixin.py:190} INFO - [2026-08-12T05:20:00.662+0000] {dagbag.py:587} INFO - Filling up the DagBag from /home/airflow/.local/lib/python3.12/site-packages/airflow/example_dags/example_branch_datetime_operator.py
[2026-08-12T05:20:00.756+0000] {processor.py:925} INFO - DAG(s) 'example_branch_datetime_operator', 'example_branch_datetime_operator_3', 'example_branch_datetime_operator_2' retrieved from /home/airflow/.local/lib/python3.12/site-packages/airflow/example_dags/example_branch_datetime_operator.py
[2026-08-12T05:20:00.957+0000] {logging_mixin.py:190} INFO - [2026-08-12T05:20:00.957+0000] {dag.py:3211} INFO - Sync 3 DAGs
[2026-08-12T05:20:01.134+0000] {logging_mixin.py:190} INFO - [2026-08-12T05:20:01.133+0000] {dag.py:4138} INFO - Setting next_dagrun for example_branch_datetime_operator to 2026-08-11 00:00:00+00:00, run_after=2026-08-12 00:00:00+00:00
[2026-08-12T05:20:01.182+0000] {logging_mixin.py:190} INFO - [2026-08-12T05:20:01.182+0000] {dag.py:4138} INFO - Setting next_dagrun for example_branch_datetime_operator_2 to 2026-08-11 00:00:00+00:00, run_after=2026-08-12 00:00:00+00:00
[2026-08-12T05:20:01.209+0000] {logging_mixin.py:190} INFO - [2026-08-12T05:20:01.208+0000] {dag.py:4138} INFO - Setting next_dagrun for example_branch_datetime_operator_3 to 2026-08-11 00:00:00+00:00, run_after=2026-08-12 00:00:00+00:00
[2026-08-12T05:20:01.335+0000] {processor.py:208} INFO - Processing /home/airflow/.local/lib/python3.12/site-packages/airflow/example_dags/example_branch_datetime_operator.py took 0.751 seconds
[2026-08-12T05:20:31.907+0000] {processor.py:186} INFO - Started process (PID=5920) to work on /home/airflow/.local/lib/python3.12/site-packages/airflow/example_dags/example_branch_datetime_operator.py
[2026-08-12T05:20:31.949+0000] {processor.py:914} INFO - Processing file /home/airflow/.local/lib/python3.12/site-packages/airflow/example_dags/example_branch_datetime_operator.py for tasks to queue
[2026-08-12T05:20:31.976+0000] {logging_mixin.py:190} INFO - [2026-08-12T05:20:31.975+0000] {dagbag.py:587} INFO - Filling up the DagBag from /home/airflow/.local/lib/python3.12/site-packages/airflow/example_dags/example_branch_datetime_operator.py
[2026-08-12T05:20:32.121+0000] {processor.py:925} INFO - DAG(s) 'example_branch_datetime_operator_2', 'example_branch_datetime_operator', 'example_branch_datetime_operator_3' retrieved from /home/airflow/.local/lib/python3.12/site-packages/airflow/example_dags/example_branch_datetime_operator.py
[2026-08-12T05:20:32.301+0000] {logging_mixin.py:190} INFO - [2026-08-12T05:20:32.300+0000] {dag.py:3211} INFO - Sync 3 DAGs
[2026-08-12T05:20:32.396+0000] {logging_mixin.py:190} INFO - [2026-08-12T05:20:32.396+0000] {dag.py:4138} INFO - Setting next_dagrun for example_branch_datetime_operator to 2026-08-11 00:00:00+00:00, run_after=2026-08-12 00:00:00+00:00
[2026-08-12T05:20:32.434+0000] {logging_mixin.py:190} INFO - [2026-08-12T05:20:32.434+0000] {dag.py:4138} INFO - Setting next_dagrun for example_branch_datetime_operator_2 to 2026-08-11 00:00:00+00:00, run_after=2026-08-12 00:00:00+00:00
[2026-08-12T05:20:32.494+0000] {logging_mixin.py:190} INFO - [2026-08-12T05:20:32.493+0000] {dag.py:4138} INFO - Setting next_dagrun for example_branch_datetime_operator_3 to 2026-08-11 00:00:00+00:00, run_after=2026-08-12 00:00:00+00:00
[2026-08-12T05:20:32.758+0000] {processor.py:208} INFO - Processing /home/airflow/.local/lib/python3.12/site-packages/airflow/example_dags/example_branch_datetime_operator.py took 0.871 seconds
[2026-08-12T05:21:03.165+0000] {processor.py:186} INFO - Started process (PID=5984) to work on /home/airflow/.local/lib/python3.12/site-packages/airflow/example_dags/example_branch_datetime_operator.py
[2026-08-12T05:21:03.168+0000] {processor.py:914} INFO - Processing file /home/airflow/.local/lib/python3.12/site-packages/airflow/example_dags/example_branch_datetime_operator.py for tasks to queue
[2026-08-12T05:21:03.179+0000] {logging_mixin.py:190} INFO - [2026-08-12T05:21:03.178+0000] {dagbag.py:587} INFO - Filling up the DagBag from /home/airflow/.local/lib/python3.12/site-packages/airflow/example_dags/example_branch_datetime_operator.py
[2026-08-12T05:21:03.227+0000] {processor.py:925} INFO - DAG(s) 'example_branch_datetime_operator_3', 'example_branch_datetime_operator', 'example_branch_datetime_operator_2' retrieved from /home/airflow/.local/lib/python3.12/site-packages/airflow/example_dags/example_branch_datetime_operator.py
[2026-08-12T05:21:03.402+0000] {logging_mixin.py:190} INFO - [2026-08-12T05:21:03.402+0000] {dag.py:3211} INFO - Sync 3 DAGs
[2026-08-12T05:21:03.495+0000] {logging_mixin.py:190} INFO - [2026-08-12T05:21:03.494+0000] {dag.py:4138} INFO - Setting next_dagrun for example_branch_datetime_operator to 2026-08-11 00:00:00+00:00, run_after=2026-08-12 00:00:00+00:00
[2026-08-12T05:21:03.531+0000] {logging_mixin.py:190} INFO - [2026-08-12T05:21:03.530+0000] {dag.py:4138} INFO - Setting next_dagrun for example_branch_datetime_operator_2 to 2026-08-11 00:00:00+00:00, run_after=2026-08-12 00:00:00+00:00
[2026-08-12T05:21:03.549+0000] {logging_mixin.py:190} INFO - [2026-08-12T05:21:03.548+0000] {dag.py:4138} INFO - Setting next_dagrun for example_branch_datetime_operator_3 to 2026-08-11 00:00:00+00:00, run_after=2026-08-12 00:00:00+00:00
[2026-08-12T05:21:03.620+0000] {processor.py:208} INFO - Processing /home/airflow/.local/lib/python3.12/site-packages/airflow/example_dags/example_branch_datetime_operator.py took 0.473 seconds
[2026-08-12T05:21:34.221+0000] {processor.py:186} INFO - Started process (PID=6048) to work on /home/airflow/.local/lib/python3.12/site-packages/airflow/example_dags/example_branch_datetime_operator.py
[2026-08-12T05:21:34.223+0000] {processor.py:914} INFO - Processing file /home/airflow/.local/lib/python3.12/site-packages/airflow/example_dags/example_branch_datetime_operator.py for tasks to queue
[2026-08-12T05:21:34.226+0000] {logging_mixin.py:190} INFO - [2026-08-12T05:21:34.225+0000] {dagbag.py:587} INFO - Filling up the DagBag from /home/airflow/.local/lib/python3.12/site-packages/airflow/example_dags/example_branch_datetime_operator.py
[2026-08-12T05:21:34.241+0000] {processor.py:925} INFO - DAG(s) 'example_branch_datetime_operator_2', 'example_branch_datetime_operator', 'example_branch_datetime_operator_3' retrieved from /home/airflow/.local/lib/python3.12/site-packages/airflow/example_dags/example_branch_datetime_operator.py
[2026-08-12T05:21:34.281+0000] {logging_mixin.py:190} INFO - [2026-08-12T05:21:34.281+0000] {dag.py:3211} INFO - Sync 3 DAGs
[2026-08-12T05:21:34.314+0000] {logging_mixin.py:190} INFO - [2026-08-12T05:21:34.314+0000] {dag.py:4138} INFO - Setting next_dagrun for example_branch_datetime_operator to 2026-08-11 00:00:00+00:00, run_after=2026-08-12 00:00:00+00:00
[2026-08-12T05:21:34.320+0000] {logging_mixin.py:190} INFO - [2026-08-12T05:21:34.319+0000] {dag.py:4138} INFO - Setting next_dagrun for example_branch_datetime_operator_2 to 2026-08-11 00:00:00+00:00, run_after=2026-08-12 00:00:00+00:00
[2026-08-12T05:21:34.324+0000] {logging_mixin.py:190} INFO - [2026-08-12T05:21:34.323+0000] {dag.py:4138} INFO - Setting next_dagrun for example_branch_datetime_operator_3 to 2026-08-11 00:00:00+00:00, run_after=2026-08-12 00:00:00+00:00
[2026-08-12T05:21:34.347+0000] {processor.py:208} INFO - Processing /home/airflow/.local/lib/python3.12/site-packages/airflow/example_dags/example_branch_datetime_operator.py took 0.134 seconds
[2026-08-12T05:22:04.788+0000] {processor.py:186} INFO - Started process (PID=6113) to work on /home/airflow/.local/lib/python3.12/site-packages/airflow/example_dags/example_branch_datetime_operator.py
[2026-08-12T05:22:04.790+0000] {processor.py:914} INFO - Processing file /home/airflow/.local/lib/python3.12/site-packages/airflow/example_dags/example_branch_datetime_operator.py for tasks to queue
[2026-08-12T05:22:04.795+0000] {logging_mixin.py:190} INFO - [2026-08-12T05:22:04.794+0000] {dagbag.py:587} INFO - Filling up the DagBag from /home/airflow/.local/lib/python3.12/site-packages/airflow/example_dags/example_branch_datetime_operator.py
[2026-08-12T05:22:04.808+0000] {processor.py:925} INFO - DAG(s) 'example_branch_datetime_operator', 'example_branch_datetime_operator_2', 'example_branch_datetime_operator_3' retrieved from /home/airflow/.local/lib/python3.12/site-packages/airflow/example_dags/example_branch_datetime_operator.py
[2026-08-12T05:22:04.843+0000] {logging_mixin.py:190} INFO - [2026-08-12T05:22:04.842+0000] {dag.py:3211} INFO - Sync 3 DAGs
[2026-08-12T05:22:04.869+0000] {logging_mixin.py:190} INFO - [2026-08-12T05:22:04.869+0000] {dag.py:4138} INFO - Setting next_dagrun for example_branch_datetime_operator to 2026-08-11 00:00:00+00:00, run_after=2026-08-12 00:00:00+00:00
[2026-08-12T05:22:04.875+0000] {logging_mixin.py:190} INFO - [2026-08-12T05:22:04.875+0000] {dag.py:4138} INFO - Setting next_dagrun for example_branch_datetime_operator_2 to 2026-08-11 00:00:00+00:00, run_after=2026-08-12 00:00:00+00:00
[2026-08-12T05:22:04.879+0000] {logging_mixin.py:190} INFO - [2026-08-12T05:22:04.879+0000] {dag.py:4138} INFO - Setting next_dagrun for example_branch_datetime_operator_3 to 2026-08-11 00:00:00+00:00, run_after=2026-08-12 00:00:00+00:00
[2026-08-12T05:22:04.900+0000] {processor.py:208} INFO - Processing /home/airflow/.local/lib/python3.12/site-packages/airflow/example_dags/example_branch_datetime_operator.py took 0.119 seconds
[2026-08-12T05:22:35.135+0000] {processor.py:186} INFO - Started process (PID=6176) to work on /home/airflow/.local/lib/python3.12/site-packages/airflow/example_dags/example_branch_datetime_operator.py
[2026-08-12T05:22:35.137+0000] {processor.py:914} INFO - Processing file /home/airflow/.local/lib/python3.12/site-packages/airflow/example_dags/example_branch_datetime_operator.py for tasks to queue
[2026-08-12T05:22:35.140+0000] {logging_mixin.py:190} INFO - [2026-08-12T05:22:35.140+0000] {dagbag.py:587} INFO - Filling up the DagBag from /home/airflow/.local/lib/python3.12/site-packages/airflow/example_dags/example_branch_datetime_operator.py
[2026-08-12T05:22:35.151+0000] {processor.py:925} INFO - DAG(s) 'example_branch_datetime_operator_3', 'example_branch_datetime_operator_2', 'example_branch_datetime_operator' retrieved from /home/airflow/.local/lib/python3.12/site-packages/airflow/example_dags/example_branch_datetime_operator.py
[2026-08-12T05:22:35.179+0000] {logging_mixin.py:190} INFO - [2026-08-12T05:22:35.179+0000] {dag.py:3211} INFO - Sync 3 DAGs
[2026-08-12T05:22:35.202+0000] {logging_mixin.py:190} INFO - [2026-08-12T05:22:35.202+0000] {dag.py:4138} INFO - Setting next_dagrun for example_branch_datetime_operator to 2026-08-11 00:00:00+00:00, run_after=2026-08-12 00:00:00+00:00
[2026-08-12T05:22:35.207+0000] {logging_mixin.py:190} INFO - [2026-08-12T05:22:35.207+0000] {dag.py:4138} INFO - Setting next_dagrun for example_branch_datetime_operator_2 to 2026-08-11 00:00:00+00:00, run_after=2026-08-12 00:00:00+00:00
[2026-08-12T05:22:35.211+0000] {logging_mixin.py:190} INFO - [2026-08-12T05:22:35.211+0000] {dag.py:4138} INFO - Setting next_dagrun for example_branch_datetime_operator_3 to 2026-08-11 00:00:00+00:00, run_after=2026-08-12 00:00:00+00:00
[2026-08-12T05:22:35.230+0000] {processor.py:208} INFO - Processing /home/airflow/.local/lib/python3.12/site-packages/airflow/example_dags/example_branch_datetime_operator.py took 0.100 seconds
[2026-08-12T05:23:05.734+0000] {processor.py:186} INFO - Started process (PID=6240) to work on /home/airflow/.local/lib/python3.12/site-packages/airflow/example_dags/example_branch_datetime_operator.py
[2026-08-12T05:23:05.735+0000] {processor.py:914} INFO - Processing file /home/airflow/.local/lib/python3.12/site-packages/airflow/example_dags/example_branch_datetime_operator.py for tasks to queue
[2026-08-12T05:23:05.738+0000] {logging_mixin.py:190} INFO - [2026-08-12T05:23:05.738+0000] {dagbag.py:587} INFO - Filling up the DagBag from /home/airflow/.local/lib/python3.12/site-packages/airflow/example_dags/example_branch_datetime_operator.py
[2026-08-12T05:23:05.749+0000] {processor.py:925} INFO - DAG(s) 'example_branch_datetime_operator_2', 'example_branch_datetime_operator', 'example_branch_datetime_operator_3' retrieved from /home/airflow/.local/lib/python3.12/site-packages/airflow/example_dags/example_branch_datetime_operator.py
[2026-08-12T05:23:05.780+0000] {logging_mixin.py:190} INFO - [2026-08-12T05:23:05.780+0000] {dag.py:3211} INFO - Sync 3 DAGs
[2026-08-12T05:23:05.803+0000] {logging_mixin.py:190} INFO - [2026-08-12T05:23:05.803+0000] {dag.py:4138} INFO - Setting next_dagrun for example_branch_datetime_operator to 2026-08-11 00:00:00+00:00, run_after=2026-08-12 00:00:00+00:00
[2026-08-12T05:23:05.809+0000] {logging_mixin.py:190} INFO - [2026-08-12T05:23:05.808+0000] {dag.py:4138} INFO - Setting next_dagrun for example_branch_datetime_operator_2 to 2026-08-11 00:00:00+00:00, run_after=2026-08-12 00:00:00+00:00
[2026-08-12T05:23:05.812+0000] {logging_mixin.py:190} INFO - [2026-08-12T05:23:05.812+0000] {dag.py:4138} INFO - Setting next_dagrun for example_branch_datetime_operator_3 to 2026-08-11 00:00:00+00:00, run_after=2026-08-12 00:00:00+00:00
[2026-08-12T05:23:05.845+0000] {processor.py:208} INFO - Processing /home/airflow/.local/lib/python3.12/site-packages/airflow/example_dags/example_branch_datetime_operator.py took 0.116 seconds
[2026-08-12T05:23:35.945+0000] {processor.py:186} INFO - Started process (PID=6303) to work on /home/airflow/.local/lib/python3.12/site-packages/airflow/example_dags/example_branch_datetime_operator.py
[2026-08-12T05:23:35.947+0000] {processor.py:914} INFO - Processing file /home/airflow/.local/lib/python3.12/site-packages/airflow/example_dags/example_branch_datetime_operator.py for tasks to queue
[2026-08-12T05:23:35.950+0000] {logging_mixin.py:190} INFO - [2026-08-12T05:23:35.949+0000] {dagbag.py:587} INFO - Filling up the DagBag from /home/airflow/.local/lib/python3.12/site-packages/airflow/example_dags/example_branch_datetime_operator.py
[2026-08-12T05:23:35.960+0000] {processor.py:925} INFO - DAG(s) 'example_branch_datetime_operator_2', 'example_branch_datetime_operator', 'example_branch_datetime_operator_3' retrieved from /home/airflow/.local/lib/python3.12/site-packages/airflow/example_dags/example_branch_datetime_operator.py
[2026-08-12T05:23:35.984+0000] {logging_mixin.py:190} INFO - [2026-08-12T05:23:35.984+0000] {dag.py:3211} INFO - Sync 3 DAGs
[2026-08-12T05:23:36.006+0000] {logging_mixin.py:190} INFO - [2026-08-12T05:23:36.006+0000] {dag.py:4138} INFO - Setting next_dagrun for example_branch_datetime_operator to 2026-08-11 00:00:00+00:00, run_after=2026-08-12 00:00:00+00:00
[2026-08-12T05:23:36.024+0000] {logging_mixin.py:190} INFO - [2026-08-12T05:23:36.024+0000] {dag.py:4138} INFO - Setting next_dagrun for example_branch_datetime_operator_2 to 2026-08-11 00:00:00+00:00, run_after=2026-08-12 00:00:00+00:00
[2026-08-12T05:23:36.027+0000] {logging_mixin.py:190} INFO - [2026-08-12T05:23:36.027+0000] {dag.py:4138} INFO - Setting next_dagrun for example_branch_datetime_operator_3 to 2026-08-11 00:00:00+00:00, run_after=2026-08-12 00:00:00+00:00
[2026-08-12T05:23:36.047+0000] {processor.py:208} INFO - Processing /home/airflow/.local/lib/python3.12/site-packages/airflow/example_dags/example_branch_datetime_operator.py took 0.107 seconds
[2026-08-12T05:24:06.166+0000] {processor.py:186} INFO - Started process (PID=6366) to work on /home/airflow/.local/lib/python3.12/site-packages/airflow/example_dags/example_branch_datetime_operator.py
[2026-08-12T05:24:06.168+0000] {processor.py:914} INFO - Processing file /home/airflow/.local/lib/python3.12/site-packages/airflow/example_dags/example_branch_datetime_operator.py for tasks to queue
[2026-08-12T05:24:06.172+0000] {logging_mixin.py:190} INFO - [2026-08-12T05:24:06.171+0000] {dagbag.py:587} INFO - Filling up the DagBag from /home/airflow/.local/lib/python3.12/site-packages/airflow/example_dags/example_branch_datetime_operator.py
[2026-08-12T05:24:06.184+0000] {processor.py:925} INFO - DAG(s) 'example_branch_datetime_operator_3', 'example_branch_datetime_operator', 'example_branch_datetime_operator_2' retrieved from /home/airflow/.local/lib/python3.12/site-packages/airflow/example_dags/example_branch_datetime_operator.py
[2026-08-12T05:24:06.209+0000] {logging_mixin.py:190} INFO - [2026-08-12T05:24:06.209+0000] {dag.py:3211} INFO - Sync 3 DAGs
[2026-08-12T05:24:06.233+0000] {logging_mixin.py:190} INFO - [2026-08-12T05:24:06.233+0000] {dag.py:4138} INFO - Setting next_dagrun for example_branch_datetime_operator to 2026-08-11 00:00:00+00:00, run_after=2026-08-12 00:00:00+00:00
[2026-08-12T05:24:06.238+0000] {logging_mixin.py:190} INFO - [2026-08-12T05:24:06.238+0000] {dag.py:4138} INFO - Setting next_dagrun for example_branch_datetime_operator_2 to 2026-08-11 00:00:00+00:00, run_after=2026-08-12 00:00:00+00:00
[2026-08-12T05:24:06.242+0000] {logging_mixin.py:190} INFO - [2026-08-12T05:24:06.242+0000] {dag.py:4138} INFO - Setting next_dagrun for example_branch_datetime_operator_3 to 2026-08-11 00:00:00+00:00, run_after=2026-08-12 00:00:00+00:00
[2026-08-12T05:24:06.277+0000] {processor.py:208} INFO - Processing /home/airflow/.local/lib/python3.12/site-packages/airflow/example_dags/example_branch_datetime_operator.py took 0.117 seconds
[2026-08-12T05:24:36.941+0000] {processor.py:186} INFO - Started process (PID=6430) to work on /home/airflow/.local/lib/python3.12/site-packages/airflow/example_dags/example_branch_datetime_operator.py
[2026-08-12T05:24:36.943+0000] {processor.py:914} INFO - Processing file /home/airflow/.local/lib/python3.12/site-packages/airflow/example_dags/example_branch_datetime_operator.py for tasks to queue
[2026-08-12T05:24:36.946+0000] {logging_mixin.py:190} INFO - [2026-08-12T05:24:36.946+0000] {dagbag.py:587} INFO - Filling up the DagBag from /home/airflow/.local/lib/python3.12/site-packages/airflow/example_dags/example_branch_datetime_operator.py
[2026-08-12T05:24:36.956+0000] {processor.py:925} INFO - DAG(s) 'example_branch_datetime_operator_3', 'example_branch_datetime_operator', 'example_branch_datetime_operator_2' retrieved from /home/airflow/.local/lib/python3.12/site-packages/airflow/example_dags/example_branch_datetime_operator.py
[2026-08-12T05:24:36.983+0000] {logging_mixin.py:190} INFO - [2026-08-12T05:24:36.983+0000] {dag.py:3211} INFO - Sync 3 DAGs
[2026-08-12T05:24:37.008+0000] {logging_mixin.py:190} INFO - [2026-08-12T05:24:37.007+0000] {dag.py:4138} INFO - Setting next_dagrun for example_branch_datetime_operator to 2026-08-11 00:00:00+00:00, run_after=2026-08-12 00:00:00+00:00
[2026-08-12T05:24:37.013+0000] {logging_mixin.py:190} INFO - [2026-08-12T05:24:37.013+0000] {dag.py:4138} INFO - Setting next_dagrun for example_branch_datetime_operator_2 to 2026-08-11 00:00:00+00:00, run_after=2026-08-12 00:00:00+00:00
[2026-08-12T05:24:37.017+0000] {logging_mixin.py:190} INFO - [2026-08-12T05:24:37.017+0000] {dag.py:4138} INFO - Setting next_dagrun for example_branch_datetime_operator_3 to 2026-08-11 00:00:00+00:00, run_after=2026-08-12 00:00:00+00:00
[2026-08-12T05:24:37.049+0000] {processor.py:208} INFO - Processing /home/airflow/.local/lib/python3.12/site-packages/airflow/example_dags/example_branch_datetime_operator.py took 0.112 seconds
[2026-08-12T05:25:07.382+0000] {processor.py:186} INFO - Started process (PID=6501) to work on /home/airflow/.local/lib/python3.12/site-packages/airflow/example_dags/example_branch_datetime_operator.py
[2026-08-12T05:25:07.383+0000] {processor.py:914} INFO - Processing file /home/airflow/.local/lib/python3.12/site-packages/airflow/example_dags/example_branch_datetime_operator.py for tasks to queue
[2026-08-12T05:25:07.387+0000] {logging_mixin.py:190} INFO - [2026-08-12T05:25:07.387+0000] {dagbag.py:587} INFO - Filling up the DagBag from /home/airflow/.local/lib/python3.12/site-packages/airflow/example_dags/example_branch_datetime_operator.py
[2026-08-12T05:25:07.401+0000] {processor.py:925} INFO - DAG(s) 'example_branch_datetime_operator', 'example_branch_datetime_operator_3', 'example_branch_datetime_operator_2' retrieved from /home/airflow/.local/lib/python3.12/site-packages/airflow/example_dags/example_branch_datetime_operator.py
[2026-08-12T05:25:07.430+0000] {logging_mixin.py:190} INFO - [2026-08-12T05:25:07.430+0000] {dag.py:3211} INFO - Sync 3 DAGs
[2026-08-12T05:25:07.455+0000] {logging_mixin.py:190} INFO - [2026-08-12T05:25:07.455+0000] {dag.py:4138} INFO - Setting next_dagrun for example_branch_datetime_operator to 2026-08-11 00:00:00+00:00, run_after=2026-08-12 00:00:00+00:00
[2026-08-12T05:25:07.461+0000] {logging_mixin.py:190} INFO - [2026-08-12T05:25:07.460+0000] {dag.py:4138} INFO - Setting next_dagrun for example_branch_datetime_operator_2 to 2026-08-11 00:00:00+00:00, run_after=2026-08-12 00:00:00+00:00
[2026-08-12T05:25:07.465+0000] {logging_mixin.py:190} INFO - [2026-08-12T05:25:07.464+0000] {dag.py:4138} INFO - Setting next_dagrun for example_branch_datetime_operator_3 to 2026-08-11 00:00:00+00:00, run_after=2026-08-12 00:00:00+00:00
[2026-08-12T05:25:07.484+0000] {processor.py:208} INFO - Processing /home/airflow/.local/lib/python3.12/site-packages/airflow/example_dags/example_branch_datetime_operator.py took 0.110 seconds
[2026-08-12T05:25:37.862+0000] {processor.py:186} INFO - Started process (PID=6564) to work on /home/airflow/.local/lib/python3.12/site-packages/airflow/example_dags/example_branch_datetime_operator.py
[2026-08-12T05:25:37.864+0000] {processor.py:914} INFO - Processing file /home/airflow/.local/lib/python3.12/site-packages/airflow/example_dags/example_branch_datetime_operator.py for tasks to queue
[2026-08-12T05:25:37.872+0000] {logging_mixin.py:190} INFO - [2026-08-12T05:25:37.871+0000] {dagbag.py:587} INFO - Filling up the DagBag from /home/airflow/.local/lib/python3.12/site-packages/airflow/example_dags/example_branch_datetime_operator.py
[2026-08-12T05:25:37.897+0000] {processor.py:925} INFO - DAG(s) 'example_branch_datetime_operator_3', 'example_branch_datetime_operator_2', 'example_branch_datetime_operator' retrieved from /home/airflow/.local/lib/python3.12/site-packages/airflow/example_dags/example_branch_datetime_operator.py
[2026-08-12T05:25:38.030+0000] {logging_mixin.py:190} INFO - [2026-08-12T05:25:38.030+0000] {dag.py:3211} INFO - Sync 3 DAGs
[2026-08-12T05:25:38.106+0000] {logging_mixin.py:190} INFO - [2026-08-12T05:25:38.105+0000] {dag.py:4138} INFO - Setting next_dagrun for example_branch_datetime_operator to 2026-08-11 00:00:00+00:00, run_after=2026-08-12 00:00:00+00:00
[2026-08-12T05:25:38.120+0000] {logging_mixin.py:190} INFO - [2026-08-12T05:25:38.119+0000] {dag.py:4138} INFO - Setting next_dagrun for example_branch_datetime_operator_2 to 2026-08-11 00:00:00+00:00, run_after=2026-08-12 00:00:00+00:00
[2026-08-12T05:25:38.128+0000] {logging_mixin.py:190} INFO - [2026-08-12T05:25:38.127+0000] {dag.py:4138} INFO - Setting next_dagrun for example_branch_datetime_operator_3 to 2026-08-11 00:00:00+00:00, run_after=2026-08-12 00:00:00+00:00
[2026-08-12T05:25:38.187+0000] {processor.py:208} INFO - Processing /home/airflow/.local/lib/python3.12/site-packages/airflow/example_dags/example_branch_datetime_operator.py took 0.335 seconds
