[2026-08-12T04:30:54.277+0000] {processor.py:186} INFO - Started process (PID=109) to work on /home/airflow/.local/lib/python3.12/site-packages/airflow/example_dags/example_inlet_event_extra.py
[2026-08-12T04:30:54.279+0000] {processor.py:914} INFO - Processing file /home/airflow/.local/lib/python3.12/site-packages/airflow/example_dags/example_inlet_event_extra.py for tasks to queue
[2026-08-12T04:30:54.284+0000] {logging_mixin.py:190} INFO - [2026-08-12T04:30:54.284+0000] {dagbag.py:587} INFO - Filling up the DagBag from /home/airflow/.local/lib/python3.12/site-packages/airflow/example_dags/example_inlet_event_extra.py
[2026-08-12T04:30:54.504+0000] {processor.py:925} INFO - DAG(s) 'read_dataset_event', 'read_dataset_event_from_classic' retrieved from /home/airflow/.local/lib/python3.12/site-packages/airflow/example_dags/example_inlet_event_extra.py
[2026-08-12T04:30:54.645+0000] {logging_mixin.py:190} INFO - [2026-08-12T04:30:54.644+0000] {override.py:1858} INFO - Created Permission View: can edit on DAG:read_dataset_event
[2026-08-12T04:30:54.660+0000] {logging_mixin.py:190} INFO - [2026-08-12T04:30:54.660+0000] {override.py:1858} INFO - Created Permission View: can delete on DAG:read_dataset_event
[2026-08-12T04:30:54.671+0000] {logging_mixin.py:190} INFO - [2026-08-12T04:30:54.670+0000] {override.py:1858} INFO - Created Permission View: can read on DAG:read_dataset_event
[2026-08-12T04:30:54.690+0000] {logging_mixin.py:190} INFO - [2026-08-12T04:30:54.689+0000] {override.py:1858} INFO - Created Permission View: can edit on DAG:read_dataset_event_from_classic
[2026-08-12T04:30:54.699+0000] {logging_mixin.py:190} INFO - [2026-08-12T04:30:54.699+0000] {override.py:1858} INFO - Created Permission View: can delete on DAG:read_dataset_event_from_classic
[2026-08-12T04:30:54.710+0000] {logging_mixin.py:190} INFO - [2026-08-12T04:30:54.709+0000] {override.py:1858} INFO - Created Permission View: can read on DAG:read_dataset_event_from_classic
[2026-08-12T04:30:54.712+0000] {logging_mixin.py:190} INFO - [2026-08-12T04:30:54.712+0000] {dag.py:3211} INFO - Sync 2 DAGs
[2026-08-12T04:30:54.738+0000] {logging_mixin.py:190} INFO - [2026-08-12T04:30:54.737+0000] {dag.py:3234} INFO - Creating ORM DAG for read_dataset_event_from_classic
[2026-08-12T04:30:54.739+0000] {logging_mixin.py:190} INFO - [2026-08-12T04:30:54.739+0000] {dag.py:3234} INFO - Creating ORM DAG for read_dataset_event
[2026-08-12T04:30:54.756+0000] {logging_mixin.py:190} INFO - [2026-08-12T04:30:54.755+0000] {dag.py:4138} INFO - Setting next_dagrun for read_dataset_event to 2026-08-11 00:00:00+00:00, run_after=2026-08-12 00:00:00+00:00
[2026-08-12T04:30:54.761+0000] {logging_mixin.py:190} INFO - [2026-08-12T04:30:54.760+0000] {dag.py:4138} INFO - Setting next_dagrun for read_dataset_event_from_classic to 2026-08-11 00:00:00+00:00, run_after=2026-08-12 00:00:00+00:00
[2026-08-12T04:30:54.789+0000] {processor.py:208} INFO - Processing /home/airflow/.local/lib/python3.12/site-packages/airflow/example_dags/example_inlet_event_extra.py took 0.519 seconds
[2026-08-12T04:31:25.673+0000] {processor.py:186} INFO - Started process (PID=171) to work on /home/airflow/.local/lib/python3.12/site-packages/airflow/example_dags/example_inlet_event_extra.py
[2026-08-12T04:31:25.675+0000] {processor.py:914} INFO - Processing file /home/airflow/.local/lib/python3.12/site-packages/airflow/example_dags/example_inlet_event_extra.py for tasks to queue
[2026-08-12T04:31:25.678+0000] {logging_mixin.py:190} INFO - [2026-08-12T04:31:25.677+0000] {dagbag.py:587} INFO - Filling up the DagBag from /home/airflow/.local/lib/python3.12/site-packages/airflow/example_dags/example_inlet_event_extra.py
[2026-08-12T04:31:25.810+0000] {processor.py:925} INFO - DAG(s) 'read_dataset_event', 'read_dataset_event_from_classic' retrieved from /home/airflow/.local/lib/python3.12/site-packages/airflow/example_dags/example_inlet_event_extra.py
[2026-08-12T04:31:25.833+0000] {logging_mixin.py:190} INFO - [2026-08-12T04:31:25.833+0000] {dag.py:3211} INFO - Sync 2 DAGs
[2026-08-12T04:31:25.858+0000] {logging_mixin.py:190} INFO - [2026-08-12T04:31:25.858+0000] {dag.py:4138} INFO - Setting next_dagrun for read_dataset_event to 2026-08-11 00:00:00+00:00, run_after=2026-08-12 00:00:00+00:00
[2026-08-12T04:31:25.863+0000] {logging_mixin.py:190} INFO - [2026-08-12T04:31:25.863+0000] {dag.py:4138} INFO - Setting next_dagrun for read_dataset_event_from_classic to 2026-08-11 00:00:00+00:00, run_after=2026-08-12 00:00:00+00:00
[2026-08-12T04:31:25.882+0000] {processor.py:208} INFO - Processing /home/airflow/.local/lib/python3.12/site-packages/airflow/example_dags/example_inlet_event_extra.py took 0.215 seconds
[2026-08-12T04:31:55.978+0000] {processor.py:186} INFO - Started process (PID=233) to work on /home/airflow/.local/lib/python3.12/site-packages/airflow/example_dags/example_inlet_event_extra.py
[2026-08-12T04:31:55.980+0000] {processor.py:914} INFO - Processing file /home/airflow/.local/lib/python3.12/site-packages/airflow/example_dags/example_inlet_event_extra.py for tasks to queue
[2026-08-12T04:31:55.983+0000] {logging_mixin.py:190} INFO - [2026-08-12T04:31:55.983+0000] {dagbag.py:587} INFO - Filling up the DagBag from /home/airflow/.local/lib/python3.12/site-packages/airflow/example_dags/example_inlet_event_extra.py
[2026-08-12T04:31:56.115+0000] {processor.py:925} INFO - DAG(s) 'read_dataset_event_from_classic', 'read_dataset_event' retrieved from /home/airflow/.local/lib/python3.12/site-packages/airflow/example_dags/example_inlet_event_extra.py
[2026-08-12T04:31:56.137+0000] {logging_mixin.py:190} INFO - [2026-08-12T04:31:56.137+0000] {dag.py:3211} INFO - Sync 2 DAGs
[2026-08-12T04:31:56.160+0000] {logging_mixin.py:190} INFO - [2026-08-12T04:31:56.159+0000] {dag.py:4138} INFO - Setting next_dagrun for read_dataset_event to 2026-08-11 00:00:00+00:00, run_after=2026-08-12 00:00:00+00:00
[2026-08-12T04:31:56.166+0000] {logging_mixin.py:190} INFO - [2026-08-12T04:31:56.166+0000] {dag.py:4138} INFO - Setting next_dagrun for read_dataset_event_from_classic to 2026-08-11 00:00:00+00:00, run_after=2026-08-12 00:00:00+00:00
[2026-08-12T04:31:56.185+0000] {processor.py:208} INFO - Processing /home/airflow/.local/lib/python3.12/site-packages/airflow/example_dags/example_inlet_event_extra.py took 0.214 seconds
[2026-08-12T04:33:06.092+0000] {processor.py:186} INFO - Started process (PID=106) to work on /home/airflow/.local/lib/python3.12/site-packages/airflow/example_dags/example_inlet_event_extra.py
[2026-08-12T04:33:06.095+0000] {processor.py:914} INFO - Processing file /home/airflow/.local/lib/python3.12/site-packages/airflow/example_dags/example_inlet_event_extra.py for tasks to queue
[2026-08-12T04:33:06.100+0000] {logging_mixin.py:190} INFO - [2026-08-12T04:33:06.099+0000] {dagbag.py:587} INFO - Filling up the DagBag from /home/airflow/.local/lib/python3.12/site-packages/airflow/example_dags/example_inlet_event_extra.py
[2026-08-12T04:33:06.328+0000] {processor.py:925} INFO - DAG(s) 'read_dataset_event', 'read_dataset_event_from_classic' retrieved from /home/airflow/.local/lib/python3.12/site-packages/airflow/example_dags/example_inlet_event_extra.py
[2026-08-12T04:33:06.362+0000] {logging_mixin.py:190} INFO - [2026-08-12T04:33:06.362+0000] {dag.py:3211} INFO - Sync 2 DAGs
[2026-08-12T04:33:06.402+0000] {logging_mixin.py:190} INFO - [2026-08-12T04:33:06.402+0000] {dag.py:4138} INFO - Setting next_dagrun for read_dataset_event to 2026-08-11 00:00:00+00:00, run_after=2026-08-12 00:00:00+00:00
[2026-08-12T04:33:06.409+0000] {logging_mixin.py:190} INFO - [2026-08-12T04:33:06.409+0000] {dag.py:4138} INFO - Setting next_dagrun for read_dataset_event_from_classic to 2026-08-11 00:00:00+00:00, run_after=2026-08-12 00:00:00+00:00
[2026-08-12T04:33:06.435+0000] {processor.py:208} INFO - Processing /home/airflow/.local/lib/python3.12/site-packages/airflow/example_dags/example_inlet_event_extra.py took 0.350 seconds
[2026-08-12T04:33:36.588+0000] {processor.py:186} INFO - Started process (PID=168) to work on /home/airflow/.local/lib/python3.12/site-packages/airflow/example_dags/example_inlet_event_extra.py
[2026-08-12T04:33:36.590+0000] {processor.py:914} INFO - Processing file /home/airflow/.local/lib/python3.12/site-packages/airflow/example_dags/example_inlet_event_extra.py for tasks to queue
[2026-08-12T04:33:36.593+0000] {logging_mixin.py:190} INFO - [2026-08-12T04:33:36.593+0000] {dagbag.py:587} INFO - Filling up the DagBag from /home/airflow/.local/lib/python3.12/site-packages/airflow/example_dags/example_inlet_event_extra.py
[2026-08-12T04:33:36.737+0000] {processor.py:925} INFO - DAG(s) 'read_dataset_event_from_classic', 'read_dataset_event' retrieved from /home/airflow/.local/lib/python3.12/site-packages/airflow/example_dags/example_inlet_event_extra.py
[2026-08-12T04:33:36.771+0000] {logging_mixin.py:190} INFO - [2026-08-12T04:33:36.770+0000] {dag.py:3211} INFO - Sync 2 DAGs
[2026-08-12T04:33:36.809+0000] {logging_mixin.py:190} INFO - [2026-08-12T04:33:36.809+0000] {dag.py:4138} INFO - Setting next_dagrun for read_dataset_event to 2026-08-11 00:00:00+00:00, run_after=2026-08-12 00:00:00+00:00
[2026-08-12T04:33:36.817+0000] {logging_mixin.py:190} INFO - [2026-08-12T04:33:36.817+0000] {dag.py:4138} INFO - Setting next_dagrun for read_dataset_event_from_classic to 2026-08-11 00:00:00+00:00, run_after=2026-08-12 00:00:00+00:00
[2026-08-12T04:33:36.839+0000] {processor.py:208} INFO - Processing /home/airflow/.local/lib/python3.12/site-packages/airflow/example_dags/example_inlet_event_extra.py took 0.256 seconds
[2026-08-12T04:34:07.092+0000] {processor.py:186} INFO - Started process (PID=231) to work on /home/airflow/.local/lib/python3.12/site-packages/airflow/example_dags/example_inlet_event_extra.py
[2026-08-12T04:34:07.094+0000] {processor.py:914} INFO - Processing file /home/airflow/.local/lib/python3.12/site-packages/airflow/example_dags/example_inlet_event_extra.py for tasks to queue
[2026-08-12T04:34:07.098+0000] {logging_mixin.py:190} INFO - [2026-08-12T04:34:07.097+0000] {dagbag.py:587} INFO - Filling up the DagBag from /home/airflow/.local/lib/python3.12/site-packages/airflow/example_dags/example_inlet_event_extra.py
[2026-08-12T04:34:07.230+0000] {processor.py:925} INFO - DAG(s) 'read_dataset_event', 'read_dataset_event_from_classic' retrieved from /home/airflow/.local/lib/python3.12/site-packages/airflow/example_dags/example_inlet_event_extra.py
[2026-08-12T04:34:07.251+0000] {logging_mixin.py:190} INFO - [2026-08-12T04:34:07.251+0000] {dag.py:3211} INFO - Sync 2 DAGs
[2026-08-12T04:34:07.276+0000] {logging_mixin.py:190} INFO - [2026-08-12T04:34:07.276+0000] {dag.py:4138} INFO - Setting next_dagrun for read_dataset_event to 2026-08-11 00:00:00+00:00, run_after=2026-08-12 00:00:00+00:00
[2026-08-12T04:34:07.281+0000] {logging_mixin.py:190} INFO - [2026-08-12T04:34:07.281+0000] {dag.py:4138} INFO - Setting next_dagrun for read_dataset_event_from_classic to 2026-08-11 00:00:00+00:00, run_after=2026-08-12 00:00:00+00:00
[2026-08-12T04:34:07.299+0000] {processor.py:208} INFO - Processing /home/airflow/.local/lib/python3.12/site-packages/airflow/example_dags/example_inlet_event_extra.py took 0.214 seconds
[2026-08-12T04:34:37.651+0000] {processor.py:186} INFO - Started process (PID=294) to work on /home/airflow/.local/lib/python3.12/site-packages/airflow/example_dags/example_inlet_event_extra.py
[2026-08-12T04:34:37.653+0000] {processor.py:914} INFO - Processing file /home/airflow/.local/lib/python3.12/site-packages/airflow/example_dags/example_inlet_event_extra.py for tasks to queue
[2026-08-12T04:34:37.656+0000] {logging_mixin.py:190} INFO - [2026-08-12T04:34:37.656+0000] {dagbag.py:587} INFO - Filling up the DagBag from /home/airflow/.local/lib/python3.12/site-packages/airflow/example_dags/example_inlet_event_extra.py
[2026-08-12T04:34:37.829+0000] {processor.py:925} INFO - DAG(s) 'read_dataset_event_from_classic', 'read_dataset_event' retrieved from /home/airflow/.local/lib/python3.12/site-packages/airflow/example_dags/example_inlet_event_extra.py
[2026-08-12T04:34:37.886+0000] {logging_mixin.py:190} INFO - [2026-08-12T04:34:37.886+0000] {dag.py:3211} INFO - Sync 2 DAGs
[2026-08-12T04:34:37.930+0000] {logging_mixin.py:190} INFO - [2026-08-12T04:34:37.930+0000] {dag.py:4138} INFO - Setting next_dagrun for read_dataset_event to 2026-08-11 00:00:00+00:00, run_after=2026-08-12 00:00:00+00:00
[2026-08-12T04:34:37.939+0000] {logging_mixin.py:190} INFO - [2026-08-12T04:34:37.939+0000] {dag.py:4138} INFO - Setting next_dagrun for read_dataset_event_from_classic to 2026-08-11 00:00:00+00:00, run_after=2026-08-12 00:00:00+00:00
[2026-08-12T04:34:37.969+0000] {processor.py:208} INFO - Processing /home/airflow/.local/lib/python3.12/site-packages/airflow/example_dags/example_inlet_event_extra.py took 0.324 seconds
[2026-08-12T04:35:08.024+0000] {processor.py:186} INFO - Started process (PID=356) to work on /home/airflow/.local/lib/python3.12/site-packages/airflow/example_dags/example_inlet_event_extra.py
[2026-08-12T04:35:08.027+0000] {processor.py:914} INFO - Processing file /home/airflow/.local/lib/python3.12/site-packages/airflow/example_dags/example_inlet_event_extra.py for tasks to queue
[2026-08-12T04:35:08.033+0000] {logging_mixin.py:190} INFO - [2026-08-12T04:35:08.033+0000] {dagbag.py:587} INFO - Filling up the DagBag from /home/airflow/.local/lib/python3.12/site-packages/airflow/example_dags/example_inlet_event_extra.py
[2026-08-12T04:35:08.186+0000] {processor.py:925} INFO - DAG(s) 'read_dataset_event', 'read_dataset_event_from_classic' retrieved from /home/airflow/.local/lib/python3.12/site-packages/airflow/example_dags/example_inlet_event_extra.py
[2026-08-12T04:35:08.213+0000] {logging_mixin.py:190} INFO - [2026-08-12T04:35:08.213+0000] {dag.py:3211} INFO - Sync 2 DAGs
[2026-08-12T04:35:08.238+0000] {logging_mixin.py:190} INFO - [2026-08-12T04:35:08.238+0000] {dag.py:4138} INFO - Setting next_dagrun for read_dataset_event to 2026-08-11 00:00:00+00:00, run_after=2026-08-12 00:00:00+00:00
[2026-08-12T04:35:08.243+0000] {logging_mixin.py:190} INFO - [2026-08-12T04:35:08.243+0000] {dag.py:4138} INFO - Setting next_dagrun for read_dataset_event_from_classic to 2026-08-11 00:00:00+00:00, run_after=2026-08-12 00:00:00+00:00
[2026-08-12T04:35:08.263+0000] {processor.py:208} INFO - Processing /home/airflow/.local/lib/python3.12/site-packages/airflow/example_dags/example_inlet_event_extra.py took 0.249 seconds
[2026-08-12T04:35:38.330+0000] {processor.py:186} INFO - Started process (PID=418) to work on /home/airflow/.local/lib/python3.12/site-packages/airflow/example_dags/example_inlet_event_extra.py
[2026-08-12T04:35:38.332+0000] {processor.py:914} INFO - Processing file /home/airflow/.local/lib/python3.12/site-packages/airflow/example_dags/example_inlet_event_extra.py for tasks to queue
[2026-08-12T04:35:38.336+0000] {logging_mixin.py:190} INFO - [2026-08-12T04:35:38.335+0000] {dagbag.py:587} INFO - Filling up the DagBag from /home/airflow/.local/lib/python3.12/site-packages/airflow/example_dags/example_inlet_event_extra.py
[2026-08-12T04:35:38.473+0000] {processor.py:925} INFO - DAG(s) 'read_dataset_event_from_classic', 'read_dataset_event' retrieved from /home/airflow/.local/lib/python3.12/site-packages/airflow/example_dags/example_inlet_event_extra.py
[2026-08-12T04:35:38.502+0000] {logging_mixin.py:190} INFO - [2026-08-12T04:35:38.502+0000] {dag.py:3211} INFO - Sync 2 DAGs
[2026-08-12T04:35:38.531+0000] {logging_mixin.py:190} INFO - [2026-08-12T04:35:38.530+0000] {dag.py:4138} INFO - Setting next_dagrun for read_dataset_event to 2026-08-11 00:00:00+00:00, run_after=2026-08-12 00:00:00+00:00
[2026-08-12T04:35:38.536+0000] {logging_mixin.py:190} INFO - [2026-08-12T04:35:38.536+0000] {dag.py:4138} INFO - Setting next_dagrun for read_dataset_event_from_classic to 2026-08-11 00:00:00+00:00, run_after=2026-08-12 00:00:00+00:00
[2026-08-12T04:35:38.558+0000] {processor.py:208} INFO - Processing /home/airflow/.local/lib/python3.12/site-packages/airflow/example_dags/example_inlet_event_extra.py took 0.232 seconds
[2026-08-12T04:36:08.638+0000] {processor.py:186} INFO - Started process (PID=480) to work on /home/airflow/.local/lib/python3.12/site-packages/airflow/example_dags/example_inlet_event_extra.py
[2026-08-12T04:36:08.640+0000] {processor.py:914} INFO - Processing file /home/airflow/.local/lib/python3.12/site-packages/airflow/example_dags/example_inlet_event_extra.py for tasks to queue
[2026-08-12T04:36:08.643+0000] {logging_mixin.py:190} INFO - [2026-08-12T04:36:08.643+0000] {dagbag.py:587} INFO - Filling up the DagBag from /home/airflow/.local/lib/python3.12/site-packages/airflow/example_dags/example_inlet_event_extra.py
[2026-08-12T04:36:08.754+0000] {processor.py:925} INFO - DAG(s) 'read_dataset_event', 'read_dataset_event_from_classic' retrieved from /home/airflow/.local/lib/python3.12/site-packages/airflow/example_dags/example_inlet_event_extra.py
[2026-08-12T04:36:08.778+0000] {logging_mixin.py:190} INFO - [2026-08-12T04:36:08.777+0000] {dag.py:3211} INFO - Sync 2 DAGs
[2026-08-12T04:36:08.832+0000] {logging_mixin.py:190} INFO - [2026-08-12T04:36:08.831+0000] {dag.py:4138} INFO - Setting next_dagrun for read_dataset_event to 2026-08-11 00:00:00+00:00, run_after=2026-08-12 00:00:00+00:00
[2026-08-12T04:36:08.839+0000] {logging_mixin.py:190} INFO - [2026-08-12T04:36:08.839+0000] {dag.py:4138} INFO - Setting next_dagrun for read_dataset_event_from_classic to 2026-08-11 00:00:00+00:00, run_after=2026-08-12 00:00:00+00:00
[2026-08-12T04:36:08.864+0000] {processor.py:208} INFO - Processing /home/airflow/.local/lib/python3.12/site-packages/airflow/example_dags/example_inlet_event_extra.py took 0.232 seconds
[2026-08-12T04:36:39.747+0000] {processor.py:186} INFO - Started process (PID=542) to work on /home/airflow/.local/lib/python3.12/site-packages/airflow/example_dags/example_inlet_event_extra.py
[2026-08-12T04:36:39.749+0000] {processor.py:914} INFO - Processing file /home/airflow/.local/lib/python3.12/site-packages/airflow/example_dags/example_inlet_event_extra.py for tasks to queue
[2026-08-12T04:36:39.753+0000] {logging_mixin.py:190} INFO - [2026-08-12T04:36:39.753+0000] {dagbag.py:587} INFO - Filling up the DagBag from /home/airflow/.local/lib/python3.12/site-packages/airflow/example_dags/example_inlet_event_extra.py
[2026-08-12T04:36:39.949+0000] {processor.py:925} INFO - DAG(s) 'read_dataset_event', 'read_dataset_event_from_classic' retrieved from /home/airflow/.local/lib/python3.12/site-packages/airflow/example_dags/example_inlet_event_extra.py
[2026-08-12T04:36:39.987+0000] {logging_mixin.py:190} INFO - [2026-08-12T04:36:39.987+0000] {dag.py:3211} INFO - Sync 2 DAGs
[2026-08-12T04:36:40.028+0000] {logging_mixin.py:190} INFO - [2026-08-12T04:36:40.027+0000] {dag.py:4138} INFO - Setting next_dagrun for read_dataset_event to 2026-08-11 00:00:00+00:00, run_after=2026-08-12 00:00:00+00:00
[2026-08-12T04:36:40.036+0000] {logging_mixin.py:190} INFO - [2026-08-12T04:36:40.035+0000] {dag.py:4138} INFO - Setting next_dagrun for read_dataset_event_from_classic to 2026-08-11 00:00:00+00:00, run_after=2026-08-12 00:00:00+00:00
[2026-08-12T04:36:40.078+0000] {processor.py:208} INFO - Processing /home/airflow/.local/lib/python3.12/site-packages/airflow/example_dags/example_inlet_event_extra.py took 0.342 seconds
[2026-08-12T04:37:10.859+0000] {processor.py:186} INFO - Started process (PID=604) to work on /home/airflow/.local/lib/python3.12/site-packages/airflow/example_dags/example_inlet_event_extra.py
[2026-08-12T04:37:10.861+0000] {processor.py:914} INFO - Processing file /home/airflow/.local/lib/python3.12/site-packages/airflow/example_dags/example_inlet_event_extra.py for tasks to queue
[2026-08-12T04:37:10.865+0000] {logging_mixin.py:190} INFO - [2026-08-12T04:37:10.865+0000] {dagbag.py:587} INFO - Filling up the DagBag from /home/airflow/.local/lib/python3.12/site-packages/airflow/example_dags/example_inlet_event_extra.py
[2026-08-12T04:37:11.001+0000] {processor.py:925} INFO - DAG(s) 'read_dataset_event_from_classic', 'read_dataset_event' retrieved from /home/airflow/.local/lib/python3.12/site-packages/airflow/example_dags/example_inlet_event_extra.py
[2026-08-12T04:37:11.040+0000] {logging_mixin.py:190} INFO - [2026-08-12T04:37:11.040+0000] {dag.py:3211} INFO - Sync 2 DAGs
[2026-08-12T04:37:11.078+0000] {logging_mixin.py:190} INFO - [2026-08-12T04:37:11.078+0000] {dag.py:4138} INFO - Setting next_dagrun for read_dataset_event to 2026-08-11 00:00:00+00:00, run_after=2026-08-12 00:00:00+00:00
[2026-08-12T04:37:11.085+0000] {logging_mixin.py:190} INFO - [2026-08-12T04:37:11.085+0000] {dag.py:4138} INFO - Setting next_dagrun for read_dataset_event_from_classic to 2026-08-11 00:00:00+00:00, run_after=2026-08-12 00:00:00+00:00
[2026-08-12T04:37:11.108+0000] {processor.py:208} INFO - Processing /home/airflow/.local/lib/python3.12/site-packages/airflow/example_dags/example_inlet_event_extra.py took 0.255 seconds
[2026-08-12T04:37:41.466+0000] {processor.py:186} INFO - Started process (PID=666) to work on /home/airflow/.local/lib/python3.12/site-packages/airflow/example_dags/example_inlet_event_extra.py
[2026-08-12T04:37:41.468+0000] {processor.py:914} INFO - Processing file /home/airflow/.local/lib/python3.12/site-packages/airflow/example_dags/example_inlet_event_extra.py for tasks to queue
[2026-08-12T04:37:41.472+0000] {logging_mixin.py:190} INFO - [2026-08-12T04:37:41.471+0000] {dagbag.py:587} INFO - Filling up the DagBag from /home/airflow/.local/lib/python3.12/site-packages/airflow/example_dags/example_inlet_event_extra.py
[2026-08-12T04:37:41.629+0000] {processor.py:925} INFO - DAG(s) 'read_dataset_event', 'read_dataset_event_from_classic' retrieved from /home/airflow/.local/lib/python3.12/site-packages/airflow/example_dags/example_inlet_event_extra.py
[2026-08-12T04:37:41.657+0000] {logging_mixin.py:190} INFO - [2026-08-12T04:37:41.657+0000] {dag.py:3211} INFO - Sync 2 DAGs
[2026-08-12T04:37:41.685+0000] {logging_mixin.py:190} INFO - [2026-08-12T04:37:41.685+0000] {dag.py:4138} INFO - Setting next_dagrun for read_dataset_event to 2026-08-11 00:00:00+00:00, run_after=2026-08-12 00:00:00+00:00
[2026-08-12T04:37:41.691+0000] {logging_mixin.py:190} INFO - [2026-08-12T04:37:41.691+0000] {dag.py:4138} INFO - Setting next_dagrun for read_dataset_event_from_classic to 2026-08-11 00:00:00+00:00, run_after=2026-08-12 00:00:00+00:00
[2026-08-12T04:37:41.710+0000] {processor.py:208} INFO - Processing /home/airflow/.local/lib/python3.12/site-packages/airflow/example_dags/example_inlet_event_extra.py took 0.251 seconds
[2026-08-12T04:38:12.649+0000] {processor.py:186} INFO - Started process (PID=728) to work on /home/airflow/.local/lib/python3.12/site-packages/airflow/example_dags/example_inlet_event_extra.py
[2026-08-12T04:38:12.651+0000] {processor.py:914} INFO - Processing file /home/airflow/.local/lib/python3.12/site-packages/airflow/example_dags/example_inlet_event_extra.py for tasks to queue
[2026-08-12T04:38:12.654+0000] {logging_mixin.py:190} INFO - [2026-08-12T04:38:12.654+0000] {dagbag.py:587} INFO - Filling up the DagBag from /home/airflow/.local/lib/python3.12/site-packages/airflow/example_dags/example_inlet_event_extra.py
[2026-08-12T04:38:12.781+0000] {processor.py:925} INFO - DAG(s) 'read_dataset_event', 'read_dataset_event_from_classic' retrieved from /home/airflow/.local/lib/python3.12/site-packages/airflow/example_dags/example_inlet_event_extra.py
[2026-08-12T04:38:12.806+0000] {logging_mixin.py:190} INFO - [2026-08-12T04:38:12.805+0000] {dag.py:3211} INFO - Sync 2 DAGs
[2026-08-12T04:38:12.829+0000] {logging_mixin.py:190} INFO - [2026-08-12T04:38:12.829+0000] {dag.py:4138} INFO - Setting next_dagrun for read_dataset_event to 2026-08-11 00:00:00+00:00, run_after=2026-08-12 00:00:00+00:00
[2026-08-12T04:38:12.835+0000] {logging_mixin.py:190} INFO - [2026-08-12T04:38:12.834+0000] {dag.py:4138} INFO - Setting next_dagrun for read_dataset_event_from_classic to 2026-08-11 00:00:00+00:00, run_after=2026-08-12 00:00:00+00:00
[2026-08-12T04:38:12.852+0000] {processor.py:208} INFO - Processing /home/airflow/.local/lib/python3.12/site-packages/airflow/example_dags/example_inlet_event_extra.py took 0.210 seconds
[2026-08-12T04:38:42.948+0000] {processor.py:186} INFO - Started process (PID=789) to work on /home/airflow/.local/lib/python3.12/site-packages/airflow/example_dags/example_inlet_event_extra.py
[2026-08-12T04:38:42.950+0000] {processor.py:914} INFO - Processing file /home/airflow/.local/lib/python3.12/site-packages/airflow/example_dags/example_inlet_event_extra.py for tasks to queue
[2026-08-12T04:38:42.953+0000] {logging_mixin.py:190} INFO - [2026-08-12T04:38:42.953+0000] {dagbag.py:587} INFO - Filling up the DagBag from /home/airflow/.local/lib/python3.12/site-packages/airflow/example_dags/example_inlet_event_extra.py
[2026-08-12T04:38:43.070+0000] {processor.py:925} INFO - DAG(s) 'read_dataset_event_from_classic', 'read_dataset_event' retrieved from /home/airflow/.local/lib/python3.12/site-packages/airflow/example_dags/example_inlet_event_extra.py
[2026-08-12T04:38:43.096+0000] {logging_mixin.py:190} INFO - [2026-08-12T04:38:43.096+0000] {dag.py:3211} INFO - Sync 2 DAGs
[2026-08-12T04:38:43.130+0000] {logging_mixin.py:190} INFO - [2026-08-12T04:38:43.130+0000] {dag.py:4138} INFO - Setting next_dagrun for read_dataset_event to 2026-08-11 00:00:00+00:00, run_after=2026-08-12 00:00:00+00:00
[2026-08-12T04:38:43.136+0000] {logging_mixin.py:190} INFO - [2026-08-12T04:38:43.136+0000] {dag.py:4138} INFO - Setting next_dagrun for read_dataset_event_from_classic to 2026-08-11 00:00:00+00:00, run_after=2026-08-12 00:00:00+00:00
[2026-08-12T04:38:43.170+0000] {processor.py:208} INFO - Processing /home/airflow/.local/lib/python3.12/site-packages/airflow/example_dags/example_inlet_event_extra.py took 0.227 seconds
[2026-08-12T04:39:13.830+0000] {processor.py:186} INFO - Started process (PID=852) to work on /home/airflow/.local/lib/python3.12/site-packages/airflow/example_dags/example_inlet_event_extra.py
[2026-08-12T04:39:13.833+0000] {processor.py:914} INFO - Processing file /home/airflow/.local/lib/python3.12/site-packages/airflow/example_dags/example_inlet_event_extra.py for tasks to queue
[2026-08-12T04:39:13.837+0000] {logging_mixin.py:190} INFO - [2026-08-12T04:39:13.836+0000] {dagbag.py:587} INFO - Filling up the DagBag from /home/airflow/.local/lib/python3.12/site-packages/airflow/example_dags/example_inlet_event_extra.py
[2026-08-12T04:39:13.992+0000] {processor.py:925} INFO - DAG(s) 'read_dataset_event_from_classic', 'read_dataset_event' retrieved from /home/airflow/.local/lib/python3.12/site-packages/airflow/example_dags/example_inlet_event_extra.py
[2026-08-12T04:39:14.017+0000] {logging_mixin.py:190} INFO - [2026-08-12T04:39:14.017+0000] {dag.py:3211} INFO - Sync 2 DAGs
[2026-08-12T04:39:14.046+0000] {logging_mixin.py:190} INFO - [2026-08-12T04:39:14.045+0000] {dag.py:4138} INFO - Setting next_dagrun for read_dataset_event to 2026-08-11 00:00:00+00:00, run_after=2026-08-12 00:00:00+00:00
[2026-08-12T04:39:14.051+0000] {logging_mixin.py:190} INFO - [2026-08-12T04:39:14.051+0000] {dag.py:4138} INFO - Setting next_dagrun for read_dataset_event_from_classic to 2026-08-11 00:00:00+00:00, run_after=2026-08-12 00:00:00+00:00
[2026-08-12T04:39:14.082+0000] {processor.py:208} INFO - Processing /home/airflow/.local/lib/python3.12/site-packages/airflow/example_dags/example_inlet_event_extra.py took 0.261 seconds
[2026-08-12T04:39:44.303+0000] {processor.py:186} INFO - Started process (PID=914) to work on /home/airflow/.local/lib/python3.12/site-packages/airflow/example_dags/example_inlet_event_extra.py
[2026-08-12T04:39:44.305+0000] {processor.py:914} INFO - Processing file /home/airflow/.local/lib/python3.12/site-packages/airflow/example_dags/example_inlet_event_extra.py for tasks to queue
[2026-08-12T04:39:44.307+0000] {logging_mixin.py:190} INFO - [2026-08-12T04:39:44.307+0000] {dagbag.py:587} INFO - Filling up the DagBag from /home/airflow/.local/lib/python3.12/site-packages/airflow/example_dags/example_inlet_event_extra.py
[2026-08-12T04:39:44.424+0000] {processor.py:925} INFO - DAG(s) 'read_dataset_event_from_classic', 'read_dataset_event' retrieved from /home/airflow/.local/lib/python3.12/site-packages/airflow/example_dags/example_inlet_event_extra.py
[2026-08-12T04:39:44.449+0000] {logging_mixin.py:190} INFO - [2026-08-12T04:39:44.448+0000] {dag.py:3211} INFO - Sync 2 DAGs
[2026-08-12T04:39:44.474+0000] {logging_mixin.py:190} INFO - [2026-08-12T04:39:44.474+0000] {dag.py:4138} INFO - Setting next_dagrun for read_dataset_event to 2026-08-11 00:00:00+00:00, run_after=2026-08-12 00:00:00+00:00
[2026-08-12T04:39:44.481+0000] {logging_mixin.py:190} INFO - [2026-08-12T04:39:44.481+0000] {dag.py:4138} INFO - Setting next_dagrun for read_dataset_event_from_classic to 2026-08-11 00:00:00+00:00, run_after=2026-08-12 00:00:00+00:00
[2026-08-12T04:39:44.515+0000] {processor.py:208} INFO - Processing /home/airflow/.local/lib/python3.12/site-packages/airflow/example_dags/example_inlet_event_extra.py took 0.216 seconds
[2026-08-12T04:40:14.901+0000] {processor.py:186} INFO - Started process (PID=976) to work on /home/airflow/.local/lib/python3.12/site-packages/airflow/example_dags/example_inlet_event_extra.py
[2026-08-12T04:40:14.902+0000] {processor.py:914} INFO - Processing file /home/airflow/.local/lib/python3.12/site-packages/airflow/example_dags/example_inlet_event_extra.py for tasks to queue
[2026-08-12T04:40:14.905+0000] {logging_mixin.py:190} INFO - [2026-08-12T04:40:14.905+0000] {dagbag.py:587} INFO - Filling up the DagBag from /home/airflow/.local/lib/python3.12/site-packages/airflow/example_dags/example_inlet_event_extra.py
[2026-08-12T04:40:15.032+0000] {processor.py:925} INFO - DAG(s) 'read_dataset_event_from_classic', 'read_dataset_event' retrieved from /home/airflow/.local/lib/python3.12/site-packages/airflow/example_dags/example_inlet_event_extra.py
[2026-08-12T04:40:15.060+0000] {logging_mixin.py:190} INFO - [2026-08-12T04:40:15.060+0000] {dag.py:3211} INFO - Sync 2 DAGs
[2026-08-12T04:40:15.091+0000] {logging_mixin.py:190} INFO - [2026-08-12T04:40:15.091+0000] {dag.py:4138} INFO - Setting next_dagrun for read_dataset_event to 2026-08-11 00:00:00+00:00, run_after=2026-08-12 00:00:00+00:00
[2026-08-12T04:40:15.099+0000] {logging_mixin.py:190} INFO - [2026-08-12T04:40:15.098+0000] {dag.py:4138} INFO - Setting next_dagrun for read_dataset_event_from_classic to 2026-08-11 00:00:00+00:00, run_after=2026-08-12 00:00:00+00:00
[2026-08-12T04:40:15.119+0000] {processor.py:208} INFO - Processing /home/airflow/.local/lib/python3.12/site-packages/airflow/example_dags/example_inlet_event_extra.py took 0.224 seconds
[2026-08-12T04:40:45.330+0000] {processor.py:186} INFO - Started process (PID=1038) to work on /home/airflow/.local/lib/python3.12/site-packages/airflow/example_dags/example_inlet_event_extra.py
[2026-08-12T04:40:45.331+0000] {processor.py:914} INFO - Processing file /home/airflow/.local/lib/python3.12/site-packages/airflow/example_dags/example_inlet_event_extra.py for tasks to queue
[2026-08-12T04:40:45.334+0000] {logging_mixin.py:190} INFO - [2026-08-12T04:40:45.334+0000] {dagbag.py:587} INFO - Filling up the DagBag from /home/airflow/.local/lib/python3.12/site-packages/airflow/example_dags/example_inlet_event_extra.py
[2026-08-12T04:40:45.447+0000] {processor.py:925} INFO - DAG(s) 'read_dataset_event_from_classic', 'read_dataset_event' retrieved from /home/airflow/.local/lib/python3.12/site-packages/airflow/example_dags/example_inlet_event_extra.py
[2026-08-12T04:40:45.472+0000] {logging_mixin.py:190} INFO - [2026-08-12T04:40:45.471+0000] {dag.py:3211} INFO - Sync 2 DAGs
[2026-08-12T04:40:45.494+0000] {logging_mixin.py:190} INFO - [2026-08-12T04:40:45.493+0000] {dag.py:4138} INFO - Setting next_dagrun for read_dataset_event to 2026-08-11 00:00:00+00:00, run_after=2026-08-12 00:00:00+00:00
[2026-08-12T04:40:45.499+0000] {logging_mixin.py:190} INFO - [2026-08-12T04:40:45.499+0000] {dag.py:4138} INFO - Setting next_dagrun for read_dataset_event_from_classic to 2026-08-11 00:00:00+00:00, run_after=2026-08-12 00:00:00+00:00
[2026-08-12T04:40:45.537+0000] {processor.py:208} INFO - Processing /home/airflow/.local/lib/python3.12/site-packages/airflow/example_dags/example_inlet_event_extra.py took 0.213 seconds
[2026-08-12T04:41:15.752+0000] {processor.py:186} INFO - Started process (PID=1100) to work on /home/airflow/.local/lib/python3.12/site-packages/airflow/example_dags/example_inlet_event_extra.py
[2026-08-12T04:41:15.754+0000] {processor.py:914} INFO - Processing file /home/airflow/.local/lib/python3.12/site-packages/airflow/example_dags/example_inlet_event_extra.py for tasks to queue
[2026-08-12T04:41:15.760+0000] {logging_mixin.py:190} INFO - [2026-08-12T04:41:15.760+0000] {dagbag.py:587} INFO - Filling up the DagBag from /home/airflow/.local/lib/python3.12/site-packages/airflow/example_dags/example_inlet_event_extra.py
[2026-08-12T04:41:15.956+0000] {processor.py:925} INFO - DAG(s) 'read_dataset_event_from_classic', 'read_dataset_event' retrieved from /home/airflow/.local/lib/python3.12/site-packages/airflow/example_dags/example_inlet_event_extra.py
[2026-08-12T04:41:16.002+0000] {logging_mixin.py:190} INFO - [2026-08-12T04:41:16.002+0000] {dag.py:3211} INFO - Sync 2 DAGs
[2026-08-12T04:41:16.034+0000] {logging_mixin.py:190} INFO - [2026-08-12T04:41:16.034+0000] {dag.py:4138} INFO - Setting next_dagrun for read_dataset_event to 2026-08-11 00:00:00+00:00, run_after=2026-08-12 00:00:00+00:00
[2026-08-12T04:41:16.040+0000] {logging_mixin.py:190} INFO - [2026-08-12T04:41:16.040+0000] {dag.py:4138} INFO - Setting next_dagrun for read_dataset_event_from_classic to 2026-08-11 00:00:00+00:00, run_after=2026-08-12 00:00:00+00:00
[2026-08-12T04:41:16.074+0000] {processor.py:208} INFO - Processing /home/airflow/.local/lib/python3.12/site-packages/airflow/example_dags/example_inlet_event_extra.py took 0.331 seconds
[2026-08-12T04:41:46.465+0000] {processor.py:186} INFO - Started process (PID=1162) to work on /home/airflow/.local/lib/python3.12/site-packages/airflow/example_dags/example_inlet_event_extra.py
[2026-08-12T04:41:46.466+0000] {processor.py:914} INFO - Processing file /home/airflow/.local/lib/python3.12/site-packages/airflow/example_dags/example_inlet_event_extra.py for tasks to queue
[2026-08-12T04:41:46.470+0000] {logging_mixin.py:190} INFO - [2026-08-12T04:41:46.469+0000] {dagbag.py:587} INFO - Filling up the DagBag from /home/airflow/.local/lib/python3.12/site-packages/airflow/example_dags/example_inlet_event_extra.py
[2026-08-12T04:41:46.591+0000] {processor.py:925} INFO - DAG(s) 'read_dataset_event_from_classic', 'read_dataset_event' retrieved from /home/airflow/.local/lib/python3.12/site-packages/airflow/example_dags/example_inlet_event_extra.py
[2026-08-12T04:41:46.615+0000] {logging_mixin.py:190} INFO - [2026-08-12T04:41:46.615+0000] {dag.py:3211} INFO - Sync 2 DAGs
[2026-08-12T04:41:46.643+0000] {logging_mixin.py:190} INFO - [2026-08-12T04:41:46.642+0000] {dag.py:4138} INFO - Setting next_dagrun for read_dataset_event to 2026-08-11 00:00:00+00:00, run_after=2026-08-12 00:00:00+00:00
[2026-08-12T04:41:46.650+0000] {logging_mixin.py:190} INFO - [2026-08-12T04:41:46.650+0000] {dag.py:4138} INFO - Setting next_dagrun for read_dataset_event_from_classic to 2026-08-11 00:00:00+00:00, run_after=2026-08-12 00:00:00+00:00
[2026-08-12T04:41:46.668+0000] {processor.py:208} INFO - Processing /home/airflow/.local/lib/python3.12/site-packages/airflow/example_dags/example_inlet_event_extra.py took 0.208 seconds
[2026-08-12T04:42:16.881+0000] {processor.py:186} INFO - Started process (PID=1224) to work on /home/airflow/.local/lib/python3.12/site-packages/airflow/example_dags/example_inlet_event_extra.py
[2026-08-12T04:42:16.883+0000] {processor.py:914} INFO - Processing file /home/airflow/.local/lib/python3.12/site-packages/airflow/example_dags/example_inlet_event_extra.py for tasks to queue
[2026-08-12T04:42:16.887+0000] {logging_mixin.py:190} INFO - [2026-08-12T04:42:16.887+0000] {dagbag.py:587} INFO - Filling up the DagBag from /home/airflow/.local/lib/python3.12/site-packages/airflow/example_dags/example_inlet_event_extra.py
[2026-08-12T04:42:17.049+0000] {processor.py:925} INFO - DAG(s) 'read_dataset_event', 'read_dataset_event_from_classic' retrieved from /home/airflow/.local/lib/python3.12/site-packages/airflow/example_dags/example_inlet_event_extra.py
[2026-08-12T04:42:17.075+0000] {logging_mixin.py:190} INFO - [2026-08-12T04:42:17.075+0000] {dag.py:3211} INFO - Sync 2 DAGs
[2026-08-12T04:42:17.102+0000] {logging_mixin.py:190} INFO - [2026-08-12T04:42:17.102+0000] {dag.py:4138} INFO - Setting next_dagrun for read_dataset_event to 2026-08-11 00:00:00+00:00, run_after=2026-08-12 00:00:00+00:00
[2026-08-12T04:42:17.108+0000] {logging_mixin.py:190} INFO - [2026-08-12T04:42:17.108+0000] {dag.py:4138} INFO - Setting next_dagrun for read_dataset_event_from_classic to 2026-08-11 00:00:00+00:00, run_after=2026-08-12 00:00:00+00:00
[2026-08-12T04:42:17.138+0000] {processor.py:208} INFO - Processing /home/airflow/.local/lib/python3.12/site-packages/airflow/example_dags/example_inlet_event_extra.py took 0.263 seconds
[2026-08-12T04:42:47.183+0000] {processor.py:186} INFO - Started process (PID=1285) to work on /home/airflow/.local/lib/python3.12/site-packages/airflow/example_dags/example_inlet_event_extra.py
[2026-08-12T04:42:47.184+0000] {processor.py:914} INFO - Processing file /home/airflow/.local/lib/python3.12/site-packages/airflow/example_dags/example_inlet_event_extra.py for tasks to queue
[2026-08-12T04:42:47.187+0000] {logging_mixin.py:190} INFO - [2026-08-12T04:42:47.187+0000] {dagbag.py:587} INFO - Filling up the DagBag from /home/airflow/.local/lib/python3.12/site-packages/airflow/example_dags/example_inlet_event_extra.py
[2026-08-12T04:42:47.303+0000] {processor.py:925} INFO - DAG(s) 'read_dataset_event_from_classic', 'read_dataset_event' retrieved from /home/airflow/.local/lib/python3.12/site-packages/airflow/example_dags/example_inlet_event_extra.py
[2026-08-12T04:42:47.325+0000] {logging_mixin.py:190} INFO - [2026-08-12T04:42:47.325+0000] {dag.py:3211} INFO - Sync 2 DAGs
[2026-08-12T04:42:47.349+0000] {logging_mixin.py:190} INFO - [2026-08-12T04:42:47.349+0000] {dag.py:4138} INFO - Setting next_dagrun for read_dataset_event to 2026-08-11 00:00:00+00:00, run_after=2026-08-12 00:00:00+00:00
[2026-08-12T04:42:47.354+0000] {logging_mixin.py:190} INFO - [2026-08-12T04:42:47.354+0000] {dag.py:4138} INFO - Setting next_dagrun for read_dataset_event_from_classic to 2026-08-11 00:00:00+00:00, run_after=2026-08-12 00:00:00+00:00
[2026-08-12T04:42:47.392+0000] {processor.py:208} INFO - Processing /home/airflow/.local/lib/python3.12/site-packages/airflow/example_dags/example_inlet_event_extra.py took 0.215 seconds
[2026-08-12T04:43:17.668+0000] {processor.py:186} INFO - Started process (PID=1347) to work on /home/airflow/.local/lib/python3.12/site-packages/airflow/example_dags/example_inlet_event_extra.py
[2026-08-12T04:43:17.670+0000] {processor.py:914} INFO - Processing file /home/airflow/.local/lib/python3.12/site-packages/airflow/example_dags/example_inlet_event_extra.py for tasks to queue
[2026-08-12T04:43:17.673+0000] {logging_mixin.py:190} INFO - [2026-08-12T04:43:17.673+0000] {dagbag.py:587} INFO - Filling up the DagBag from /home/airflow/.local/lib/python3.12/site-packages/airflow/example_dags/example_inlet_event_extra.py
[2026-08-12T04:43:17.808+0000] {processor.py:925} INFO - DAG(s) 'read_dataset_event_from_classic', 'read_dataset_event' retrieved from /home/airflow/.local/lib/python3.12/site-packages/airflow/example_dags/example_inlet_event_extra.py
[2026-08-12T04:43:17.830+0000] {logging_mixin.py:190} INFO - [2026-08-12T04:43:17.830+0000] {dag.py:3211} INFO - Sync 2 DAGs
[2026-08-12T04:43:17.853+0000] {logging_mixin.py:190} INFO - [2026-08-12T04:43:17.853+0000] {dag.py:4138} INFO - Setting next_dagrun for read_dataset_event to 2026-08-11 00:00:00+00:00, run_after=2026-08-12 00:00:00+00:00
[2026-08-12T04:43:17.859+0000] {logging_mixin.py:190} INFO - [2026-08-12T04:43:17.858+0000] {dag.py:4138} INFO - Setting next_dagrun for read_dataset_event_from_classic to 2026-08-11 00:00:00+00:00, run_after=2026-08-12 00:00:00+00:00
[2026-08-12T04:43:17.876+0000] {processor.py:208} INFO - Processing /home/airflow/.local/lib/python3.12/site-packages/airflow/example_dags/example_inlet_event_extra.py took 0.213 seconds
[2026-08-12T04:43:48.213+0000] {processor.py:186} INFO - Started process (PID=1410) to work on /home/airflow/.local/lib/python3.12/site-packages/airflow/example_dags/example_inlet_event_extra.py
[2026-08-12T04:43:48.215+0000] {processor.py:914} INFO - Processing file /home/airflow/.local/lib/python3.12/site-packages/airflow/example_dags/example_inlet_event_extra.py for tasks to queue
[2026-08-12T04:43:48.220+0000] {logging_mixin.py:190} INFO - [2026-08-12T04:43:48.219+0000] {dagbag.py:587} INFO - Filling up the DagBag from /home/airflow/.local/lib/python3.12/site-packages/airflow/example_dags/example_inlet_event_extra.py
[2026-08-12T04:43:48.394+0000] {processor.py:925} INFO - DAG(s) 'read_dataset_event', 'read_dataset_event_from_classic' retrieved from /home/airflow/.local/lib/python3.12/site-packages/airflow/example_dags/example_inlet_event_extra.py
[2026-08-12T04:43:48.422+0000] {logging_mixin.py:190} INFO - [2026-08-12T04:43:48.421+0000] {dag.py:3211} INFO - Sync 2 DAGs
[2026-08-12T04:43:48.457+0000] {logging_mixin.py:190} INFO - [2026-08-12T04:43:48.457+0000] {dag.py:4138} INFO - Setting next_dagrun for read_dataset_event to 2026-08-11 00:00:00+00:00, run_after=2026-08-12 00:00:00+00:00
[2026-08-12T04:43:48.464+0000] {logging_mixin.py:190} INFO - [2026-08-12T04:43:48.464+0000] {dag.py:4138} INFO - Setting next_dagrun for read_dataset_event_from_classic to 2026-08-11 00:00:00+00:00, run_after=2026-08-12 00:00:00+00:00
[2026-08-12T04:43:48.485+0000] {processor.py:208} INFO - Processing /home/airflow/.local/lib/python3.12/site-packages/airflow/example_dags/example_inlet_event_extra.py took 0.288 seconds
[2026-08-12T04:44:18.838+0000] {processor.py:186} INFO - Started process (PID=1472) to work on /home/airflow/.local/lib/python3.12/site-packages/airflow/example_dags/example_inlet_event_extra.py
[2026-08-12T04:44:18.840+0000] {processor.py:914} INFO - Processing file /home/airflow/.local/lib/python3.12/site-packages/airflow/example_dags/example_inlet_event_extra.py for tasks to queue
[2026-08-12T04:44:18.843+0000] {logging_mixin.py:190} INFO - [2026-08-12T04:44:18.842+0000] {dagbag.py:587} INFO - Filling up the DagBag from /home/airflow/.local/lib/python3.12/site-packages/airflow/example_dags/example_inlet_event_extra.py
[2026-08-12T04:44:18.964+0000] {processor.py:925} INFO - DAG(s) 'read_dataset_event_from_classic', 'read_dataset_event' retrieved from /home/airflow/.local/lib/python3.12/site-packages/airflow/example_dags/example_inlet_event_extra.py
[2026-08-12T04:44:18.994+0000] {logging_mixin.py:190} INFO - [2026-08-12T04:44:18.994+0000] {dag.py:3211} INFO - Sync 2 DAGs
[2026-08-12T04:44:19.023+0000] {logging_mixin.py:190} INFO - [2026-08-12T04:44:19.023+0000] {dag.py:4138} INFO - Setting next_dagrun for read_dataset_event to 2026-08-11 00:00:00+00:00, run_after=2026-08-12 00:00:00+00:00
[2026-08-12T04:44:19.029+0000] {logging_mixin.py:190} INFO - [2026-08-12T04:44:19.029+0000] {dag.py:4138} INFO - Setting next_dagrun for read_dataset_event_from_classic to 2026-08-11 00:00:00+00:00, run_after=2026-08-12 00:00:00+00:00
[2026-08-12T04:44:19.065+0000] {processor.py:208} INFO - Processing /home/airflow/.local/lib/python3.12/site-packages/airflow/example_dags/example_inlet_event_extra.py took 0.232 seconds
[2026-08-12T04:44:50.056+0000] {processor.py:186} INFO - Started process (PID=1535) to work on /home/airflow/.local/lib/python3.12/site-packages/airflow/example_dags/example_inlet_event_extra.py
[2026-08-12T04:44:50.058+0000] {processor.py:914} INFO - Processing file /home/airflow/.local/lib/python3.12/site-packages/airflow/example_dags/example_inlet_event_extra.py for tasks to queue
[2026-08-12T04:44:50.062+0000] {logging_mixin.py:190} INFO - [2026-08-12T04:44:50.062+0000] {dagbag.py:587} INFO - Filling up the DagBag from /home/airflow/.local/lib/python3.12/site-packages/airflow/example_dags/example_inlet_event_extra.py
[2026-08-12T04:44:50.244+0000] {processor.py:925} INFO - DAG(s) 'read_dataset_event', 'read_dataset_event_from_classic' retrieved from /home/airflow/.local/lib/python3.12/site-packages/airflow/example_dags/example_inlet_event_extra.py
[2026-08-12T04:44:50.274+0000] {logging_mixin.py:190} INFO - [2026-08-12T04:44:50.273+0000] {dag.py:3211} INFO - Sync 2 DAGs
[2026-08-12T04:44:50.305+0000] {logging_mixin.py:190} INFO - [2026-08-12T04:44:50.305+0000] {dag.py:4138} INFO - Setting next_dagrun for read_dataset_event to 2026-08-11 00:00:00+00:00, run_after=2026-08-12 00:00:00+00:00
[2026-08-12T04:44:50.311+0000] {logging_mixin.py:190} INFO - [2026-08-12T04:44:50.311+0000] {dag.py:4138} INFO - Setting next_dagrun for read_dataset_event_from_classic to 2026-08-11 00:00:00+00:00, run_after=2026-08-12 00:00:00+00:00
[2026-08-12T04:44:50.336+0000] {processor.py:208} INFO - Processing /home/airflow/.local/lib/python3.12/site-packages/airflow/example_dags/example_inlet_event_extra.py took 0.286 seconds
[2026-08-12T04:45:20.464+0000] {processor.py:186} INFO - Started process (PID=1596) to work on /home/airflow/.local/lib/python3.12/site-packages/airflow/example_dags/example_inlet_event_extra.py
[2026-08-12T04:45:20.466+0000] {processor.py:914} INFO - Processing file /home/airflow/.local/lib/python3.12/site-packages/airflow/example_dags/example_inlet_event_extra.py for tasks to queue
[2026-08-12T04:45:20.471+0000] {logging_mixin.py:190} INFO - [2026-08-12T04:45:20.471+0000] {dagbag.py:587} INFO - Filling up the DagBag from /home/airflow/.local/lib/python3.12/site-packages/airflow/example_dags/example_inlet_event_extra.py
[2026-08-12T04:45:20.684+0000] {processor.py:925} INFO - DAG(s) 'read_dataset_event_from_classic', 'read_dataset_event' retrieved from /home/airflow/.local/lib/python3.12/site-packages/airflow/example_dags/example_inlet_event_extra.py
[2026-08-12T04:45:20.728+0000] {logging_mixin.py:190} INFO - [2026-08-12T04:45:20.727+0000] {dag.py:3211} INFO - Sync 2 DAGs
[2026-08-12T04:45:20.771+0000] {logging_mixin.py:190} INFO - [2026-08-12T04:45:20.771+0000] {dag.py:4138} INFO - Setting next_dagrun for read_dataset_event to 2026-08-11 00:00:00+00:00, run_after=2026-08-12 00:00:00+00:00
[2026-08-12T04:45:20.781+0000] {logging_mixin.py:190} INFO - [2026-08-12T04:45:20.780+0000] {dag.py:4138} INFO - Setting next_dagrun for read_dataset_event_from_classic to 2026-08-11 00:00:00+00:00, run_after=2026-08-12 00:00:00+00:00
[2026-08-12T04:45:20.821+0000] {processor.py:208} INFO - Processing /home/airflow/.local/lib/python3.12/site-packages/airflow/example_dags/example_inlet_event_extra.py took 0.363 seconds
[2026-08-12T04:45:51.360+0000] {processor.py:186} INFO - Started process (PID=1659) to work on /home/airflow/.local/lib/python3.12/site-packages/airflow/example_dags/example_inlet_event_extra.py
[2026-08-12T04:45:51.362+0000] {processor.py:914} INFO - Processing file /home/airflow/.local/lib/python3.12/site-packages/airflow/example_dags/example_inlet_event_extra.py for tasks to queue
[2026-08-12T04:45:51.367+0000] {logging_mixin.py:190} INFO - [2026-08-12T04:45:51.366+0000] {dagbag.py:587} INFO - Filling up the DagBag from /home/airflow/.local/lib/python3.12/site-packages/airflow/example_dags/example_inlet_event_extra.py
[2026-08-12T04:45:51.508+0000] {processor.py:925} INFO - DAG(s) 'read_dataset_event_from_classic', 'read_dataset_event' retrieved from /home/airflow/.local/lib/python3.12/site-packages/airflow/example_dags/example_inlet_event_extra.py
[2026-08-12T04:45:51.535+0000] {logging_mixin.py:190} INFO - [2026-08-12T04:45:51.535+0000] {dag.py:3211} INFO - Sync 2 DAGs
[2026-08-12T04:45:51.567+0000] {logging_mixin.py:190} INFO - [2026-08-12T04:45:51.566+0000] {dag.py:4138} INFO - Setting next_dagrun for read_dataset_event to 2026-08-11 00:00:00+00:00, run_after=2026-08-12 00:00:00+00:00
[2026-08-12T04:45:51.573+0000] {logging_mixin.py:190} INFO - [2026-08-12T04:45:51.572+0000] {dag.py:4138} INFO - Setting next_dagrun for read_dataset_event_from_classic to 2026-08-11 00:00:00+00:00, run_after=2026-08-12 00:00:00+00:00
[2026-08-12T04:45:51.593+0000] {processor.py:208} INFO - Processing /home/airflow/.local/lib/python3.12/site-packages/airflow/example_dags/example_inlet_event_extra.py took 0.240 seconds
[2026-08-12T04:46:21.934+0000] {processor.py:186} INFO - Started process (PID=1721) to work on /home/airflow/.local/lib/python3.12/site-packages/airflow/example_dags/example_inlet_event_extra.py
[2026-08-12T04:46:21.937+0000] {processor.py:914} INFO - Processing file /home/airflow/.local/lib/python3.12/site-packages/airflow/example_dags/example_inlet_event_extra.py for tasks to queue
[2026-08-12T04:46:21.941+0000] {logging_mixin.py:190} INFO - [2026-08-12T04:46:21.941+0000] {dagbag.py:587} INFO - Filling up the DagBag from /home/airflow/.local/lib/python3.12/site-packages/airflow/example_dags/example_inlet_event_extra.py
[2026-08-12T04:46:22.146+0000] {processor.py:925} INFO - DAG(s) 'read_dataset_event_from_classic', 'read_dataset_event' retrieved from /home/airflow/.local/lib/python3.12/site-packages/airflow/example_dags/example_inlet_event_extra.py
[2026-08-12T04:46:22.176+0000] {logging_mixin.py:190} INFO - [2026-08-12T04:46:22.176+0000] {dag.py:3211} INFO - Sync 2 DAGs
[2026-08-12T04:46:22.202+0000] {logging_mixin.py:190} INFO - [2026-08-12T04:46:22.202+0000] {dag.py:4138} INFO - Setting next_dagrun for read_dataset_event to 2026-08-11 00:00:00+00:00, run_after=2026-08-12 00:00:00+00:00
[2026-08-12T04:46:22.208+0000] {logging_mixin.py:190} INFO - [2026-08-12T04:46:22.208+0000] {dag.py:4138} INFO - Setting next_dagrun for read_dataset_event_from_classic to 2026-08-11 00:00:00+00:00, run_after=2026-08-12 00:00:00+00:00
[2026-08-12T04:46:22.238+0000] {processor.py:208} INFO - Processing /home/airflow/.local/lib/python3.12/site-packages/airflow/example_dags/example_inlet_event_extra.py took 0.310 seconds
[2026-08-12T04:46:52.410+0000] {processor.py:186} INFO - Started process (PID=1783) to work on /home/airflow/.local/lib/python3.12/site-packages/airflow/example_dags/example_inlet_event_extra.py
[2026-08-12T04:46:52.412+0000] {processor.py:914} INFO - Processing file /home/airflow/.local/lib/python3.12/site-packages/airflow/example_dags/example_inlet_event_extra.py for tasks to queue
[2026-08-12T04:46:52.417+0000] {logging_mixin.py:190} INFO - [2026-08-12T04:46:52.416+0000] {dagbag.py:587} INFO - Filling up the DagBag from /home/airflow/.local/lib/python3.12/site-packages/airflow/example_dags/example_inlet_event_extra.py
[2026-08-12T04:46:52.603+0000] {processor.py:925} INFO - DAG(s) 'read_dataset_event_from_classic', 'read_dataset_event' retrieved from /home/airflow/.local/lib/python3.12/site-packages/airflow/example_dags/example_inlet_event_extra.py
[2026-08-12T04:46:52.632+0000] {logging_mixin.py:190} INFO - [2026-08-12T04:46:52.632+0000] {dag.py:3211} INFO - Sync 2 DAGs
[2026-08-12T04:46:52.661+0000] {logging_mixin.py:190} INFO - [2026-08-12T04:46:52.661+0000] {dag.py:4138} INFO - Setting next_dagrun for read_dataset_event to 2026-08-11 00:00:00+00:00, run_after=2026-08-12 00:00:00+00:00
[2026-08-12T04:46:52.666+0000] {logging_mixin.py:190} INFO - [2026-08-12T04:46:52.666+0000] {dag.py:4138} INFO - Setting next_dagrun for read_dataset_event_from_classic to 2026-08-11 00:00:00+00:00, run_after=2026-08-12 00:00:00+00:00
[2026-08-12T04:46:52.698+0000] {processor.py:208} INFO - Processing /home/airflow/.local/lib/python3.12/site-packages/airflow/example_dags/example_inlet_event_extra.py took 0.296 seconds
[2026-08-12T04:47:23.049+0000] {processor.py:186} INFO - Started process (PID=1845) to work on /home/airflow/.local/lib/python3.12/site-packages/airflow/example_dags/example_inlet_event_extra.py
[2026-08-12T04:47:23.050+0000] {processor.py:914} INFO - Processing file /home/airflow/.local/lib/python3.12/site-packages/airflow/example_dags/example_inlet_event_extra.py for tasks to queue
[2026-08-12T04:47:23.053+0000] {logging_mixin.py:190} INFO - [2026-08-12T04:47:23.053+0000] {dagbag.py:587} INFO - Filling up the DagBag from /home/airflow/.local/lib/python3.12/site-packages/airflow/example_dags/example_inlet_event_extra.py
[2026-08-12T04:47:23.190+0000] {processor.py:925} INFO - DAG(s) 'read_dataset_event_from_classic', 'read_dataset_event' retrieved from /home/airflow/.local/lib/python3.12/site-packages/airflow/example_dags/example_inlet_event_extra.py
[2026-08-12T04:47:23.217+0000] {logging_mixin.py:190} INFO - [2026-08-12T04:47:23.217+0000] {dag.py:3211} INFO - Sync 2 DAGs
[2026-08-12T04:47:23.244+0000] {logging_mixin.py:190} INFO - [2026-08-12T04:47:23.243+0000] {dag.py:4138} INFO - Setting next_dagrun for read_dataset_event to 2026-08-11 00:00:00+00:00, run_after=2026-08-12 00:00:00+00:00
[2026-08-12T04:47:23.252+0000] {logging_mixin.py:190} INFO - [2026-08-12T04:47:23.251+0000] {dag.py:4138} INFO - Setting next_dagrun for read_dataset_event_from_classic to 2026-08-11 00:00:00+00:00, run_after=2026-08-12 00:00:00+00:00
[2026-08-12T04:47:23.544+0000] {processor.py:208} INFO - Processing /home/airflow/.local/lib/python3.12/site-packages/airflow/example_dags/example_inlet_event_extra.py took 0.502 seconds
[2026-08-12T04:47:53.862+0000] {processor.py:186} INFO - Started process (PID=1907) to work on /home/airflow/.local/lib/python3.12/site-packages/airflow/example_dags/example_inlet_event_extra.py
[2026-08-12T04:47:53.864+0000] {processor.py:914} INFO - Processing file /home/airflow/.local/lib/python3.12/site-packages/airflow/example_dags/example_inlet_event_extra.py for tasks to queue
[2026-08-12T04:47:53.870+0000] {logging_mixin.py:190} INFO - [2026-08-12T04:47:53.869+0000] {dagbag.py:587} INFO - Filling up the DagBag from /home/airflow/.local/lib/python3.12/site-packages/airflow/example_dags/example_inlet_event_extra.py
[2026-08-12T04:47:54.025+0000] {processor.py:925} INFO - DAG(s) 'read_dataset_event_from_classic', 'read_dataset_event' retrieved from /home/airflow/.local/lib/python3.12/site-packages/airflow/example_dags/example_inlet_event_extra.py
[2026-08-12T04:47:54.054+0000] {logging_mixin.py:190} INFO - [2026-08-12T04:47:54.054+0000] {dag.py:3211} INFO - Sync 2 DAGs
[2026-08-12T04:47:54.079+0000] {logging_mixin.py:190} INFO - [2026-08-12T04:47:54.079+0000] {dag.py:4138} INFO - Setting next_dagrun for read_dataset_event to 2026-08-11 00:00:00+00:00, run_after=2026-08-12 00:00:00+00:00
[2026-08-12T04:47:54.085+0000] {logging_mixin.py:190} INFO - [2026-08-12T04:47:54.084+0000] {dag.py:4138} INFO - Setting next_dagrun for read_dataset_event_from_classic to 2026-08-11 00:00:00+00:00, run_after=2026-08-12 00:00:00+00:00
[2026-08-12T04:47:54.116+0000] {processor.py:208} INFO - Processing /home/airflow/.local/lib/python3.12/site-packages/airflow/example_dags/example_inlet_event_extra.py took 0.261 seconds
[2026-08-12T04:48:24.701+0000] {processor.py:186} INFO - Started process (PID=1970) to work on /home/airflow/.local/lib/python3.12/site-packages/airflow/example_dags/example_inlet_event_extra.py
[2026-08-12T04:48:24.703+0000] {processor.py:914} INFO - Processing file /home/airflow/.local/lib/python3.12/site-packages/airflow/example_dags/example_inlet_event_extra.py for tasks to queue
[2026-08-12T04:48:24.707+0000] {logging_mixin.py:190} INFO - [2026-08-12T04:48:24.707+0000] {dagbag.py:587} INFO - Filling up the DagBag from /home/airflow/.local/lib/python3.12/site-packages/airflow/example_dags/example_inlet_event_extra.py
[2026-08-12T04:48:24.892+0000] {processor.py:925} INFO - DAG(s) 'read_dataset_event_from_classic', 'read_dataset_event' retrieved from /home/airflow/.local/lib/python3.12/site-packages/airflow/example_dags/example_inlet_event_extra.py
[2026-08-12T04:48:24.918+0000] {logging_mixin.py:190} INFO - [2026-08-12T04:48:24.917+0000] {dag.py:3211} INFO - Sync 2 DAGs
[2026-08-12T04:48:24.944+0000] {logging_mixin.py:190} INFO - [2026-08-12T04:48:24.943+0000] {dag.py:4138} INFO - Setting next_dagrun for read_dataset_event to 2026-08-11 00:00:00+00:00, run_after=2026-08-12 00:00:00+00:00
[2026-08-12T04:48:24.949+0000] {logging_mixin.py:190} INFO - [2026-08-12T04:48:24.949+0000] {dag.py:4138} INFO - Setting next_dagrun for read_dataset_event_from_classic to 2026-08-11 00:00:00+00:00, run_after=2026-08-12 00:00:00+00:00
[2026-08-12T04:48:24.982+0000] {processor.py:208} INFO - Processing /home/airflow/.local/lib/python3.12/site-packages/airflow/example_dags/example_inlet_event_extra.py took 0.289 seconds
[2026-08-12T04:48:55.550+0000] {processor.py:186} INFO - Started process (PID=2033) to work on /home/airflow/.local/lib/python3.12/site-packages/airflow/example_dags/example_inlet_event_extra.py
[2026-08-12T04:48:55.552+0000] {processor.py:914} INFO - Processing file /home/airflow/.local/lib/python3.12/site-packages/airflow/example_dags/example_inlet_event_extra.py for tasks to queue
[2026-08-12T04:48:55.558+0000] {logging_mixin.py:190} INFO - [2026-08-12T04:48:55.555+0000] {dagbag.py:587} INFO - Filling up the DagBag from /home/airflow/.local/lib/python3.12/site-packages/airflow/example_dags/example_inlet_event_extra.py
[2026-08-12T04:48:55.741+0000] {processor.py:925} INFO - DAG(s) 'read_dataset_event', 'read_dataset_event_from_classic' retrieved from /home/airflow/.local/lib/python3.12/site-packages/airflow/example_dags/example_inlet_event_extra.py
[2026-08-12T04:48:55.779+0000] {logging_mixin.py:190} INFO - [2026-08-12T04:48:55.779+0000] {dag.py:3211} INFO - Sync 2 DAGs
[2026-08-12T04:48:55.818+0000] {logging_mixin.py:190} INFO - [2026-08-12T04:48:55.817+0000] {dag.py:4138} INFO - Setting next_dagrun for read_dataset_event to 2026-08-11 00:00:00+00:00, run_after=2026-08-12 00:00:00+00:00
[2026-08-12T04:48:55.828+0000] {logging_mixin.py:190} INFO - [2026-08-12T04:48:55.826+0000] {dag.py:4138} INFO - Setting next_dagrun for read_dataset_event_from_classic to 2026-08-11 00:00:00+00:00, run_after=2026-08-12 00:00:00+00:00
[2026-08-12T04:48:55.871+0000] {processor.py:208} INFO - Processing /home/airflow/.local/lib/python3.12/site-packages/airflow/example_dags/example_inlet_event_extra.py took 0.328 seconds
[2026-08-12T04:49:25.927+0000] {processor.py:186} INFO - Started process (PID=2095) to work on /home/airflow/.local/lib/python3.12/site-packages/airflow/example_dags/example_inlet_event_extra.py
[2026-08-12T04:49:25.928+0000] {processor.py:914} INFO - Processing file /home/airflow/.local/lib/python3.12/site-packages/airflow/example_dags/example_inlet_event_extra.py for tasks to queue
[2026-08-12T04:49:25.931+0000] {logging_mixin.py:190} INFO - [2026-08-12T04:49:25.930+0000] {dagbag.py:587} INFO - Filling up the DagBag from /home/airflow/.local/lib/python3.12/site-packages/airflow/example_dags/example_inlet_event_extra.py
[2026-08-12T04:49:26.043+0000] {processor.py:925} INFO - DAG(s) 'read_dataset_event', 'read_dataset_event_from_classic' retrieved from /home/airflow/.local/lib/python3.12/site-packages/airflow/example_dags/example_inlet_event_extra.py
[2026-08-12T04:49:26.251+0000] {logging_mixin.py:190} INFO - [2026-08-12T04:49:26.251+0000] {dag.py:3211} INFO - Sync 2 DAGs
[2026-08-12T04:49:26.276+0000] {logging_mixin.py:190} INFO - [2026-08-12T04:49:26.275+0000] {dag.py:4138} INFO - Setting next_dagrun for read_dataset_event to 2026-08-11 00:00:00+00:00, run_after=2026-08-12 00:00:00+00:00
[2026-08-12T04:49:26.281+0000] {logging_mixin.py:190} INFO - [2026-08-12T04:49:26.281+0000] {dag.py:4138} INFO - Setting next_dagrun for read_dataset_event_from_classic to 2026-08-11 00:00:00+00:00, run_after=2026-08-12 00:00:00+00:00
[2026-08-12T04:49:26.310+0000] {processor.py:208} INFO - Processing /home/airflow/.local/lib/python3.12/site-packages/airflow/example_dags/example_inlet_event_extra.py took 0.388 seconds
[2026-08-12T04:49:56.865+0000] {processor.py:186} INFO - Started process (PID=2159) to work on /home/airflow/.local/lib/python3.12/site-packages/airflow/example_dags/example_inlet_event_extra.py
[2026-08-12T04:49:56.867+0000] {processor.py:914} INFO - Processing file /home/airflow/.local/lib/python3.12/site-packages/airflow/example_dags/example_inlet_event_extra.py for tasks to queue
[2026-08-12T04:49:56.871+0000] {logging_mixin.py:190} INFO - [2026-08-12T04:49:56.870+0000] {dagbag.py:587} INFO - Filling up the DagBag from /home/airflow/.local/lib/python3.12/site-packages/airflow/example_dags/example_inlet_event_extra.py
[2026-08-12T04:49:57.018+0000] {processor.py:925} INFO - DAG(s) 'read_dataset_event_from_classic', 'read_dataset_event' retrieved from /home/airflow/.local/lib/python3.12/site-packages/airflow/example_dags/example_inlet_event_extra.py
[2026-08-12T04:49:57.050+0000] {logging_mixin.py:190} INFO - [2026-08-12T04:49:57.050+0000] {dag.py:3211} INFO - Sync 2 DAGs
[2026-08-12T04:49:57.271+0000] {logging_mixin.py:190} INFO - [2026-08-12T04:49:57.271+0000] {dag.py:4138} INFO - Setting next_dagrun for read_dataset_event to 2026-08-11 00:00:00+00:00, run_after=2026-08-12 00:00:00+00:00
[2026-08-12T04:49:57.280+0000] {logging_mixin.py:190} INFO - [2026-08-12T04:49:57.280+0000] {dag.py:4138} INFO - Setting next_dagrun for read_dataset_event_from_classic to 2026-08-11 00:00:00+00:00, run_after=2026-08-12 00:00:00+00:00
[2026-08-12T04:49:57.303+0000] {processor.py:208} INFO - Processing /home/airflow/.local/lib/python3.12/site-packages/airflow/example_dags/example_inlet_event_extra.py took 0.445 seconds
[2026-08-12T04:50:27.454+0000] {processor.py:186} INFO - Started process (PID=2223) to work on /home/airflow/.local/lib/python3.12/site-packages/airflow/example_dags/example_inlet_event_extra.py
[2026-08-12T04:50:27.456+0000] {processor.py:914} INFO - Processing file /home/airflow/.local/lib/python3.12/site-packages/airflow/example_dags/example_inlet_event_extra.py for tasks to queue
[2026-08-12T04:50:27.459+0000] {logging_mixin.py:190} INFO - [2026-08-12T04:50:27.458+0000] {dagbag.py:587} INFO - Filling up the DagBag from /home/airflow/.local/lib/python3.12/site-packages/airflow/example_dags/example_inlet_event_extra.py
[2026-08-12T04:50:27.604+0000] {processor.py:925} INFO - DAG(s) 'read_dataset_event_from_classic', 'read_dataset_event' retrieved from /home/airflow/.local/lib/python3.12/site-packages/airflow/example_dags/example_inlet_event_extra.py
[2026-08-12T04:50:27.627+0000] {logging_mixin.py:190} INFO - [2026-08-12T04:50:27.627+0000] {dag.py:3211} INFO - Sync 2 DAGs
[2026-08-12T04:50:27.653+0000] {logging_mixin.py:190} INFO - [2026-08-12T04:50:27.653+0000] {dag.py:4138} INFO - Setting next_dagrun for read_dataset_event to 2026-08-11 00:00:00+00:00, run_after=2026-08-12 00:00:00+00:00
[2026-08-12T04:50:27.658+0000] {logging_mixin.py:190} INFO - [2026-08-12T04:50:27.658+0000] {dag.py:4138} INFO - Setting next_dagrun for read_dataset_event_from_classic to 2026-08-11 00:00:00+00:00, run_after=2026-08-12 00:00:00+00:00
[2026-08-12T04:50:27.860+0000] {processor.py:208} INFO - Processing /home/airflow/.local/lib/python3.12/site-packages/airflow/example_dags/example_inlet_event_extra.py took 0.410 seconds
[2026-08-12T04:50:58.415+0000] {processor.py:186} INFO - Started process (PID=2286) to work on /home/airflow/.local/lib/python3.12/site-packages/airflow/example_dags/example_inlet_event_extra.py
[2026-08-12T04:50:58.416+0000] {processor.py:914} INFO - Processing file /home/airflow/.local/lib/python3.12/site-packages/airflow/example_dags/example_inlet_event_extra.py for tasks to queue
[2026-08-12T04:50:58.419+0000] {logging_mixin.py:190} INFO - [2026-08-12T04:50:58.419+0000] {dagbag.py:587} INFO - Filling up the DagBag from /home/airflow/.local/lib/python3.12/site-packages/airflow/example_dags/example_inlet_event_extra.py
[2026-08-12T04:50:58.607+0000] {processor.py:925} INFO - DAG(s) 'read_dataset_event', 'read_dataset_event_from_classic' retrieved from /home/airflow/.local/lib/python3.12/site-packages/airflow/example_dags/example_inlet_event_extra.py
[2026-08-12T04:50:58.638+0000] {logging_mixin.py:190} INFO - [2026-08-12T04:50:58.637+0000] {dag.py:3211} INFO - Sync 2 DAGs
[2026-08-12T04:50:58.668+0000] {logging_mixin.py:190} INFO - [2026-08-12T04:50:58.668+0000] {dag.py:4138} INFO - Setting next_dagrun for read_dataset_event to 2026-08-11 00:00:00+00:00, run_after=2026-08-12 00:00:00+00:00
[2026-08-12T04:50:58.678+0000] {logging_mixin.py:190} INFO - [2026-08-12T04:50:58.677+0000] {dag.py:4138} INFO - Setting next_dagrun for read_dataset_event_from_classic to 2026-08-11 00:00:00+00:00, run_after=2026-08-12 00:00:00+00:00
[2026-08-12T04:50:58.701+0000] {processor.py:208} INFO - Processing /home/airflow/.local/lib/python3.12/site-packages/airflow/example_dags/example_inlet_event_extra.py took 0.291 seconds
[2026-08-12T04:51:29.059+0000] {processor.py:186} INFO - Started process (PID=2349) to work on /home/airflow/.local/lib/python3.12/site-packages/airflow/example_dags/example_inlet_event_extra.py
[2026-08-12T04:51:29.062+0000] {processor.py:914} INFO - Processing file /home/airflow/.local/lib/python3.12/site-packages/airflow/example_dags/example_inlet_event_extra.py for tasks to queue
[2026-08-12T04:51:29.068+0000] {logging_mixin.py:190} INFO - [2026-08-12T04:51:29.068+0000] {dagbag.py:587} INFO - Filling up the DagBag from /home/airflow/.local/lib/python3.12/site-packages/airflow/example_dags/example_inlet_event_extra.py
[2026-08-12T04:51:29.278+0000] {processor.py:925} INFO - DAG(s) 'read_dataset_event_from_classic', 'read_dataset_event' retrieved from /home/airflow/.local/lib/python3.12/site-packages/airflow/example_dags/example_inlet_event_extra.py
[2026-08-12T04:51:29.504+0000] {logging_mixin.py:190} INFO - [2026-08-12T04:51:29.504+0000] {dag.py:3211} INFO - Sync 2 DAGs
[2026-08-12T04:51:29.526+0000] {logging_mixin.py:190} INFO - [2026-08-12T04:51:29.526+0000] {dag.py:4138} INFO - Setting next_dagrun for read_dataset_event to 2026-08-11 00:00:00+00:00, run_after=2026-08-12 00:00:00+00:00
[2026-08-12T04:51:29.534+0000] {logging_mixin.py:190} INFO - [2026-08-12T04:51:29.534+0000] {dag.py:4138} INFO - Setting next_dagrun for read_dataset_event_from_classic to 2026-08-11 00:00:00+00:00, run_after=2026-08-12 00:00:00+00:00
[2026-08-12T04:51:29.550+0000] {processor.py:208} INFO - Processing /home/airflow/.local/lib/python3.12/site-packages/airflow/example_dags/example_inlet_event_extra.py took 0.501 seconds
[2026-08-12T04:51:59.978+0000] {processor.py:186} INFO - Started process (PID=2412) to work on /home/airflow/.local/lib/python3.12/site-packages/airflow/example_dags/example_inlet_event_extra.py
[2026-08-12T04:51:59.979+0000] {processor.py:914} INFO - Processing file /home/airflow/.local/lib/python3.12/site-packages/airflow/example_dags/example_inlet_event_extra.py for tasks to queue
[2026-08-12T04:51:59.983+0000] {logging_mixin.py:190} INFO - [2026-08-12T04:51:59.982+0000] {dagbag.py:587} INFO - Filling up the DagBag from /home/airflow/.local/lib/python3.12/site-packages/airflow/example_dags/example_inlet_event_extra.py
[2026-08-12T04:52:00.130+0000] {processor.py:925} INFO - DAG(s) 'read_dataset_event_from_classic', 'read_dataset_event' retrieved from /home/airflow/.local/lib/python3.12/site-packages/airflow/example_dags/example_inlet_event_extra.py
[2026-08-12T04:52:00.389+0000] {logging_mixin.py:190} INFO - [2026-08-12T04:52:00.388+0000] {dag.py:3211} INFO - Sync 2 DAGs
[2026-08-12T04:52:00.412+0000] {logging_mixin.py:190} INFO - [2026-08-12T04:52:00.412+0000] {dag.py:4138} INFO - Setting next_dagrun for read_dataset_event to 2026-08-11 00:00:00+00:00, run_after=2026-08-12 00:00:00+00:00
[2026-08-12T04:52:00.419+0000] {logging_mixin.py:190} INFO - [2026-08-12T04:52:00.419+0000] {dag.py:4138} INFO - Setting next_dagrun for read_dataset_event_from_classic to 2026-08-11 00:00:00+00:00, run_after=2026-08-12 00:00:00+00:00
[2026-08-12T04:52:00.445+0000] {processor.py:208} INFO - Processing /home/airflow/.local/lib/python3.12/site-packages/airflow/example_dags/example_inlet_event_extra.py took 0.473 seconds
[2026-08-12T04:52:30.622+0000] {processor.py:186} INFO - Started process (PID=2478) to work on /home/airflow/.local/lib/python3.12/site-packages/airflow/example_dags/example_inlet_event_extra.py
[2026-08-12T04:52:30.623+0000] {processor.py:914} INFO - Processing file /home/airflow/.local/lib/python3.12/site-packages/airflow/example_dags/example_inlet_event_extra.py for tasks to queue
[2026-08-12T04:52:30.626+0000] {logging_mixin.py:190} INFO - [2026-08-12T04:52:30.626+0000] {dagbag.py:587} INFO - Filling up the DagBag from /home/airflow/.local/lib/python3.12/site-packages/airflow/example_dags/example_inlet_event_extra.py
[2026-08-12T04:52:30.792+0000] {processor.py:925} INFO - DAG(s) 'read_dataset_event_from_classic', 'read_dataset_event' retrieved from /home/airflow/.local/lib/python3.12/site-packages/airflow/example_dags/example_inlet_event_extra.py
[2026-08-12T04:52:30.816+0000] {logging_mixin.py:190} INFO - [2026-08-12T04:52:30.816+0000] {dag.py:3211} INFO - Sync 2 DAGs
[2026-08-12T04:52:31.023+0000] {logging_mixin.py:190} INFO - [2026-08-12T04:52:31.023+0000] {dag.py:4138} INFO - Setting next_dagrun for read_dataset_event to 2026-08-11 00:00:00+00:00, run_after=2026-08-12 00:00:00+00:00
[2026-08-12T04:52:31.028+0000] {logging_mixin.py:190} INFO - [2026-08-12T04:52:31.028+0000] {dag.py:4138} INFO - Setting next_dagrun for read_dataset_event_from_classic to 2026-08-11 00:00:00+00:00, run_after=2026-08-12 00:00:00+00:00
[2026-08-12T04:52:31.043+0000] {processor.py:208} INFO - Processing /home/airflow/.local/lib/python3.12/site-packages/airflow/example_dags/example_inlet_event_extra.py took 0.428 seconds
[2026-08-12T04:53:01.223+0000] {processor.py:186} INFO - Started process (PID=2538) to work on /home/airflow/.local/lib/python3.12/site-packages/airflow/example_dags/example_inlet_event_extra.py
[2026-08-12T04:53:01.225+0000] {processor.py:914} INFO - Processing file /home/airflow/.local/lib/python3.12/site-packages/airflow/example_dags/example_inlet_event_extra.py for tasks to queue
[2026-08-12T04:53:01.229+0000] {logging_mixin.py:190} INFO - [2026-08-12T04:53:01.228+0000] {dagbag.py:587} INFO - Filling up the DagBag from /home/airflow/.local/lib/python3.12/site-packages/airflow/example_dags/example_inlet_event_extra.py
[2026-08-12T04:53:01.645+0000] {processor.py:925} INFO - DAG(s) 'read_dataset_event_from_classic', 'read_dataset_event' retrieved from /home/airflow/.local/lib/python3.12/site-packages/airflow/example_dags/example_inlet_event_extra.py
[2026-08-12T04:53:01.666+0000] {logging_mixin.py:190} INFO - [2026-08-12T04:53:01.666+0000] {dag.py:3211} INFO - Sync 2 DAGs
[2026-08-12T04:53:01.694+0000] {logging_mixin.py:190} INFO - [2026-08-12T04:53:01.693+0000] {dag.py:4138} INFO - Setting next_dagrun for read_dataset_event to 2026-08-11 00:00:00+00:00, run_after=2026-08-12 00:00:00+00:00
[2026-08-12T04:53:01.700+0000] {logging_mixin.py:190} INFO - [2026-08-12T04:53:01.699+0000] {dag.py:4138} INFO - Setting next_dagrun for read_dataset_event_from_classic to 2026-08-11 00:00:00+00:00, run_after=2026-08-12 00:00:00+00:00
[2026-08-12T04:53:01.724+0000] {processor.py:208} INFO - Processing /home/airflow/.local/lib/python3.12/site-packages/airflow/example_dags/example_inlet_event_extra.py took 0.511 seconds
[2026-08-12T04:53:32.177+0000] {processor.py:186} INFO - Started process (PID=2601) to work on /home/airflow/.local/lib/python3.12/site-packages/airflow/example_dags/example_inlet_event_extra.py
[2026-08-12T04:53:32.179+0000] {processor.py:914} INFO - Processing file /home/airflow/.local/lib/python3.12/site-packages/airflow/example_dags/example_inlet_event_extra.py for tasks to queue
[2026-08-12T04:53:32.182+0000] {logging_mixin.py:190} INFO - [2026-08-12T04:53:32.182+0000] {dagbag.py:587} INFO - Filling up the DagBag from /home/airflow/.local/lib/python3.12/site-packages/airflow/example_dags/example_inlet_event_extra.py
[2026-08-12T04:53:32.553+0000] {processor.py:925} INFO - DAG(s) 'read_dataset_event_from_classic', 'read_dataset_event' retrieved from /home/airflow/.local/lib/python3.12/site-packages/airflow/example_dags/example_inlet_event_extra.py
[2026-08-12T04:53:32.573+0000] {logging_mixin.py:190} INFO - [2026-08-12T04:53:32.573+0000] {dag.py:3211} INFO - Sync 2 DAGs
[2026-08-12T04:53:32.598+0000] {logging_mixin.py:190} INFO - [2026-08-12T04:53:32.598+0000] {dag.py:4138} INFO - Setting next_dagrun for read_dataset_event to 2026-08-11 00:00:00+00:00, run_after=2026-08-12 00:00:00+00:00
[2026-08-12T04:53:32.604+0000] {logging_mixin.py:190} INFO - [2026-08-12T04:53:32.603+0000] {dag.py:4138} INFO - Setting next_dagrun for read_dataset_event_from_classic to 2026-08-11 00:00:00+00:00, run_after=2026-08-12 00:00:00+00:00
[2026-08-12T04:53:32.621+0000] {processor.py:208} INFO - Processing /home/airflow/.local/lib/python3.12/site-packages/airflow/example_dags/example_inlet_event_extra.py took 0.450 seconds
[2026-08-12T04:54:03.091+0000] {processor.py:186} INFO - Started process (PID=2670) to work on /home/airflow/.local/lib/python3.12/site-packages/airflow/example_dags/example_inlet_event_extra.py
[2026-08-12T04:54:03.093+0000] {processor.py:914} INFO - Processing file /home/airflow/.local/lib/python3.12/site-packages/airflow/example_dags/example_inlet_event_extra.py for tasks to queue
[2026-08-12T04:54:03.097+0000] {logging_mixin.py:190} INFO - [2026-08-12T04:54:03.097+0000] {dagbag.py:587} INFO - Filling up the DagBag from /home/airflow/.local/lib/python3.12/site-packages/airflow/example_dags/example_inlet_event_extra.py
[2026-08-12T04:54:03.429+0000] {processor.py:925} INFO - DAG(s) 'read_dataset_event_from_classic', 'read_dataset_event' retrieved from /home/airflow/.local/lib/python3.12/site-packages/airflow/example_dags/example_inlet_event_extra.py
[2026-08-12T04:54:03.453+0000] {logging_mixin.py:190} INFO - [2026-08-12T04:54:03.452+0000] {dag.py:3211} INFO - Sync 2 DAGs
[2026-08-12T04:54:03.474+0000] {logging_mixin.py:190} INFO - [2026-08-12T04:54:03.474+0000] {dag.py:4138} INFO - Setting next_dagrun for read_dataset_event to 2026-08-11 00:00:00+00:00, run_after=2026-08-12 00:00:00+00:00
[2026-08-12T04:54:03.480+0000] {logging_mixin.py:190} INFO - [2026-08-12T04:54:03.480+0000] {dag.py:4138} INFO - Setting next_dagrun for read_dataset_event_from_classic to 2026-08-11 00:00:00+00:00, run_after=2026-08-12 00:00:00+00:00
[2026-08-12T04:54:03.498+0000] {processor.py:208} INFO - Processing /home/airflow/.local/lib/python3.12/site-packages/airflow/example_dags/example_inlet_event_extra.py took 0.415 seconds
[2026-08-12T04:54:33.619+0000] {processor.py:186} INFO - Started process (PID=2733) to work on /home/airflow/.local/lib/python3.12/site-packages/airflow/example_dags/example_inlet_event_extra.py
[2026-08-12T04:54:33.621+0000] {processor.py:914} INFO - Processing file /home/airflow/.local/lib/python3.12/site-packages/airflow/example_dags/example_inlet_event_extra.py for tasks to queue
[2026-08-12T04:54:33.626+0000] {logging_mixin.py:190} INFO - [2026-08-12T04:54:33.625+0000] {dagbag.py:587} INFO - Filling up the DagBag from /home/airflow/.local/lib/python3.12/site-packages/airflow/example_dags/example_inlet_event_extra.py
[2026-08-12T04:54:33.990+0000] {processor.py:925} INFO - DAG(s) 'read_dataset_event_from_classic', 'read_dataset_event' retrieved from /home/airflow/.local/lib/python3.12/site-packages/airflow/example_dags/example_inlet_event_extra.py
[2026-08-12T04:54:34.010+0000] {logging_mixin.py:190} INFO - [2026-08-12T04:54:34.010+0000] {dag.py:3211} INFO - Sync 2 DAGs
[2026-08-12T04:54:34.031+0000] {logging_mixin.py:190} INFO - [2026-08-12T04:54:34.031+0000] {dag.py:4138} INFO - Setting next_dagrun for read_dataset_event to 2026-08-11 00:00:00+00:00, run_after=2026-08-12 00:00:00+00:00
[2026-08-12T04:54:34.037+0000] {logging_mixin.py:190} INFO - [2026-08-12T04:54:34.036+0000] {dag.py:4138} INFO - Setting next_dagrun for read_dataset_event_from_classic to 2026-08-11 00:00:00+00:00, run_after=2026-08-12 00:00:00+00:00
[2026-08-12T04:54:34.052+0000] {processor.py:208} INFO - Processing /home/airflow/.local/lib/python3.12/site-packages/airflow/example_dags/example_inlet_event_extra.py took 0.444 seconds
[2026-08-12T04:55:04.302+0000] {processor.py:186} INFO - Started process (PID=2796) to work on /home/airflow/.local/lib/python3.12/site-packages/airflow/example_dags/example_inlet_event_extra.py
[2026-08-12T04:55:04.304+0000] {processor.py:914} INFO - Processing file /home/airflow/.local/lib/python3.12/site-packages/airflow/example_dags/example_inlet_event_extra.py for tasks to queue
[2026-08-12T04:55:04.308+0000] {logging_mixin.py:190} INFO - [2026-08-12T04:55:04.307+0000] {dagbag.py:587} INFO - Filling up the DagBag from /home/airflow/.local/lib/python3.12/site-packages/airflow/example_dags/example_inlet_event_extra.py
[2026-08-12T04:55:04.609+0000] {processor.py:925} INFO - DAG(s) 'read_dataset_event', 'read_dataset_event_from_classic' retrieved from /home/airflow/.local/lib/python3.12/site-packages/airflow/example_dags/example_inlet_event_extra.py
[2026-08-12T04:55:04.629+0000] {logging_mixin.py:190} INFO - [2026-08-12T04:55:04.628+0000] {dag.py:3211} INFO - Sync 2 DAGs
[2026-08-12T04:55:04.651+0000] {logging_mixin.py:190} INFO - [2026-08-12T04:55:04.651+0000] {dag.py:4138} INFO - Setting next_dagrun for read_dataset_event to 2026-08-11 00:00:00+00:00, run_after=2026-08-12 00:00:00+00:00
[2026-08-12T04:55:04.657+0000] {logging_mixin.py:190} INFO - [2026-08-12T04:55:04.657+0000] {dag.py:4138} INFO - Setting next_dagrun for read_dataset_event_from_classic to 2026-08-11 00:00:00+00:00, run_after=2026-08-12 00:00:00+00:00
[2026-08-12T04:55:04.674+0000] {processor.py:208} INFO - Processing /home/airflow/.local/lib/python3.12/site-packages/airflow/example_dags/example_inlet_event_extra.py took 0.378 seconds
[2026-08-12T04:55:35.222+0000] {processor.py:186} INFO - Started process (PID=2859) to work on /home/airflow/.local/lib/python3.12/site-packages/airflow/example_dags/example_inlet_event_extra.py
[2026-08-12T04:55:35.223+0000] {processor.py:914} INFO - Processing file /home/airflow/.local/lib/python3.12/site-packages/airflow/example_dags/example_inlet_event_extra.py for tasks to queue
[2026-08-12T04:55:35.226+0000] {logging_mixin.py:190} INFO - [2026-08-12T04:55:35.226+0000] {dagbag.py:587} INFO - Filling up the DagBag from /home/airflow/.local/lib/python3.12/site-packages/airflow/example_dags/example_inlet_event_extra.py
[2026-08-12T04:55:35.512+0000] {processor.py:925} INFO - DAG(s) 'read_dataset_event', 'read_dataset_event_from_classic' retrieved from /home/airflow/.local/lib/python3.12/site-packages/airflow/example_dags/example_inlet_event_extra.py
[2026-08-12T04:55:35.536+0000] {logging_mixin.py:190} INFO - [2026-08-12T04:55:35.535+0000] {dag.py:3211} INFO - Sync 2 DAGs
[2026-08-12T04:55:35.566+0000] {logging_mixin.py:190} INFO - [2026-08-12T04:55:35.566+0000] {dag.py:4138} INFO - Setting next_dagrun for read_dataset_event to 2026-08-11 00:00:00+00:00, run_after=2026-08-12 00:00:00+00:00
[2026-08-12T04:55:35.572+0000] {logging_mixin.py:190} INFO - [2026-08-12T04:55:35.572+0000] {dag.py:4138} INFO - Setting next_dagrun for read_dataset_event_from_classic to 2026-08-11 00:00:00+00:00, run_after=2026-08-12 00:00:00+00:00
[2026-08-12T04:55:35.597+0000] {processor.py:208} INFO - Processing /home/airflow/.local/lib/python3.12/site-packages/airflow/example_dags/example_inlet_event_extra.py took 0.380 seconds
[2026-08-12T04:56:05.741+0000] {processor.py:186} INFO - Started process (PID=2922) to work on /home/airflow/.local/lib/python3.12/site-packages/airflow/example_dags/example_inlet_event_extra.py
[2026-08-12T04:56:05.744+0000] {processor.py:914} INFO - Processing file /home/airflow/.local/lib/python3.12/site-packages/airflow/example_dags/example_inlet_event_extra.py for tasks to queue
[2026-08-12T04:56:05.747+0000] {logging_mixin.py:190} INFO - [2026-08-12T04:56:05.747+0000] {dagbag.py:587} INFO - Filling up the DagBag from /home/airflow/.local/lib/python3.12/site-packages/airflow/example_dags/example_inlet_event_extra.py
[2026-08-12T04:56:06.077+0000] {processor.py:925} INFO - DAG(s) 'read_dataset_event', 'read_dataset_event_from_classic' retrieved from /home/airflow/.local/lib/python3.12/site-packages/airflow/example_dags/example_inlet_event_extra.py
[2026-08-12T04:56:06.096+0000] {logging_mixin.py:190} INFO - [2026-08-12T04:56:06.096+0000] {dag.py:3211} INFO - Sync 2 DAGs
[2026-08-12T04:56:06.120+0000] {logging_mixin.py:190} INFO - [2026-08-12T04:56:06.120+0000] {dag.py:4138} INFO - Setting next_dagrun for read_dataset_event to 2026-08-11 00:00:00+00:00, run_after=2026-08-12 00:00:00+00:00
[2026-08-12T04:56:06.126+0000] {logging_mixin.py:190} INFO - [2026-08-12T04:56:06.125+0000] {dag.py:4138} INFO - Setting next_dagrun for read_dataset_event_from_classic to 2026-08-11 00:00:00+00:00, run_after=2026-08-12 00:00:00+00:00
[2026-08-12T04:56:06.143+0000] {processor.py:208} INFO - Processing /home/airflow/.local/lib/python3.12/site-packages/airflow/example_dags/example_inlet_event_extra.py took 0.409 seconds
[2026-08-12T04:56:36.542+0000] {processor.py:186} INFO - Started process (PID=2985) to work on /home/airflow/.local/lib/python3.12/site-packages/airflow/example_dags/example_inlet_event_extra.py
[2026-08-12T04:56:36.544+0000] {processor.py:914} INFO - Processing file /home/airflow/.local/lib/python3.12/site-packages/airflow/example_dags/example_inlet_event_extra.py for tasks to queue
[2026-08-12T04:56:36.549+0000] {logging_mixin.py:190} INFO - [2026-08-12T04:56:36.548+0000] {dagbag.py:587} INFO - Filling up the DagBag from /home/airflow/.local/lib/python3.12/site-packages/airflow/example_dags/example_inlet_event_extra.py
[2026-08-12T04:56:36.967+0000] {processor.py:925} INFO - DAG(s) 'read_dataset_event_from_classic', 'read_dataset_event' retrieved from /home/airflow/.local/lib/python3.12/site-packages/airflow/example_dags/example_inlet_event_extra.py
[2026-08-12T04:56:36.991+0000] {logging_mixin.py:190} INFO - [2026-08-12T04:56:36.991+0000] {dag.py:3211} INFO - Sync 2 DAGs
[2026-08-12T04:56:37.020+0000] {logging_mixin.py:190} INFO - [2026-08-12T04:56:37.020+0000] {dag.py:4138} INFO - Setting next_dagrun for read_dataset_event to 2026-08-11 00:00:00+00:00, run_after=2026-08-12 00:00:00+00:00
[2026-08-12T04:56:37.026+0000] {logging_mixin.py:190} INFO - [2026-08-12T04:56:37.026+0000] {dag.py:4138} INFO - Setting next_dagrun for read_dataset_event_from_classic to 2026-08-11 00:00:00+00:00, run_after=2026-08-12 00:00:00+00:00
[2026-08-12T04:56:37.042+0000] {processor.py:208} INFO - Processing /home/airflow/.local/lib/python3.12/site-packages/airflow/example_dags/example_inlet_event_extra.py took 0.509 seconds
[2026-08-12T04:57:07.373+0000] {processor.py:186} INFO - Started process (PID=3048) to work on /home/airflow/.local/lib/python3.12/site-packages/airflow/example_dags/example_inlet_event_extra.py
[2026-08-12T04:57:07.375+0000] {processor.py:914} INFO - Processing file /home/airflow/.local/lib/python3.12/site-packages/airflow/example_dags/example_inlet_event_extra.py for tasks to queue
[2026-08-12T04:57:07.379+0000] {logging_mixin.py:190} INFO - [2026-08-12T04:57:07.379+0000] {dagbag.py:587} INFO - Filling up the DagBag from /home/airflow/.local/lib/python3.12/site-packages/airflow/example_dags/example_inlet_event_extra.py
[2026-08-12T04:57:07.726+0000] {processor.py:925} INFO - DAG(s) 'read_dataset_event_from_classic', 'read_dataset_event' retrieved from /home/airflow/.local/lib/python3.12/site-packages/airflow/example_dags/example_inlet_event_extra.py
[2026-08-12T04:57:07.745+0000] {logging_mixin.py:190} INFO - [2026-08-12T04:57:07.745+0000] {dag.py:3211} INFO - Sync 2 DAGs
[2026-08-12T04:57:07.767+0000] {logging_mixin.py:190} INFO - [2026-08-12T04:57:07.767+0000] {dag.py:4138} INFO - Setting next_dagrun for read_dataset_event to 2026-08-11 00:00:00+00:00, run_after=2026-08-12 00:00:00+00:00
[2026-08-12T04:57:07.772+0000] {logging_mixin.py:190} INFO - [2026-08-12T04:57:07.771+0000] {dag.py:4138} INFO - Setting next_dagrun for read_dataset_event_from_classic to 2026-08-11 00:00:00+00:00, run_after=2026-08-12 00:00:00+00:00
[2026-08-12T04:57:07.788+0000] {processor.py:208} INFO - Processing /home/airflow/.local/lib/python3.12/site-packages/airflow/example_dags/example_inlet_event_extra.py took 0.423 seconds
[2026-08-12T04:57:37.905+0000] {processor.py:186} INFO - Started process (PID=3112) to work on /home/airflow/.local/lib/python3.12/site-packages/airflow/example_dags/example_inlet_event_extra.py
[2026-08-12T04:57:37.907+0000] {processor.py:914} INFO - Processing file /home/airflow/.local/lib/python3.12/site-packages/airflow/example_dags/example_inlet_event_extra.py for tasks to queue
[2026-08-12T04:57:37.910+0000] {logging_mixin.py:190} INFO - [2026-08-12T04:57:37.909+0000] {dagbag.py:587} INFO - Filling up the DagBag from /home/airflow/.local/lib/python3.12/site-packages/airflow/example_dags/example_inlet_event_extra.py
[2026-08-12T04:57:38.264+0000] {processor.py:925} INFO - DAG(s) 'read_dataset_event', 'read_dataset_event_from_classic' retrieved from /home/airflow/.local/lib/python3.12/site-packages/airflow/example_dags/example_inlet_event_extra.py
[2026-08-12T04:57:38.285+0000] {logging_mixin.py:190} INFO - [2026-08-12T04:57:38.285+0000] {dag.py:3211} INFO - Sync 2 DAGs
[2026-08-12T04:57:38.305+0000] {logging_mixin.py:190} INFO - [2026-08-12T04:57:38.305+0000] {dag.py:4138} INFO - Setting next_dagrun for read_dataset_event to 2026-08-11 00:00:00+00:00, run_after=2026-08-12 00:00:00+00:00
[2026-08-12T04:57:38.310+0000] {logging_mixin.py:190} INFO - [2026-08-12T04:57:38.310+0000] {dag.py:4138} INFO - Setting next_dagrun for read_dataset_event_from_classic to 2026-08-11 00:00:00+00:00, run_after=2026-08-12 00:00:00+00:00
[2026-08-12T04:57:38.325+0000] {processor.py:208} INFO - Processing /home/airflow/.local/lib/python3.12/site-packages/airflow/example_dags/example_inlet_event_extra.py took 0.427 seconds
[2026-08-12T04:58:08.442+0000] {processor.py:186} INFO - Started process (PID=3176) to work on /home/airflow/.local/lib/python3.12/site-packages/airflow/example_dags/example_inlet_event_extra.py
[2026-08-12T04:58:08.443+0000] {processor.py:914} INFO - Processing file /home/airflow/.local/lib/python3.12/site-packages/airflow/example_dags/example_inlet_event_extra.py for tasks to queue
[2026-08-12T04:58:08.446+0000] {logging_mixin.py:190} INFO - [2026-08-12T04:58:08.446+0000] {dagbag.py:587} INFO - Filling up the DagBag from /home/airflow/.local/lib/python3.12/site-packages/airflow/example_dags/example_inlet_event_extra.py
[2026-08-12T04:58:08.776+0000] {processor.py:925} INFO - DAG(s) 'read_dataset_event', 'read_dataset_event_from_classic' retrieved from /home/airflow/.local/lib/python3.12/site-packages/airflow/example_dags/example_inlet_event_extra.py
[2026-08-12T04:58:08.814+0000] {logging_mixin.py:190} INFO - [2026-08-12T04:58:08.813+0000] {dag.py:3211} INFO - Sync 2 DAGs
[2026-08-12T04:58:08.850+0000] {logging_mixin.py:190} INFO - [2026-08-12T04:58:08.850+0000] {dag.py:4138} INFO - Setting next_dagrun for read_dataset_event to 2026-08-11 00:00:00+00:00, run_after=2026-08-12 00:00:00+00:00
[2026-08-12T04:58:08.858+0000] {logging_mixin.py:190} INFO - [2026-08-12T04:58:08.858+0000] {dag.py:4138} INFO - Setting next_dagrun for read_dataset_event_from_classic to 2026-08-11 00:00:00+00:00, run_after=2026-08-12 00:00:00+00:00
[2026-08-12T04:58:08.887+0000] {processor.py:208} INFO - Processing /home/airflow/.local/lib/python3.12/site-packages/airflow/example_dags/example_inlet_event_extra.py took 0.451 seconds
[2026-08-12T04:58:39.181+0000] {processor.py:186} INFO - Started process (PID=3239) to work on /home/airflow/.local/lib/python3.12/site-packages/airflow/example_dags/example_inlet_event_extra.py
[2026-08-12T04:58:39.182+0000] {processor.py:914} INFO - Processing file /home/airflow/.local/lib/python3.12/site-packages/airflow/example_dags/example_inlet_event_extra.py for tasks to queue
[2026-08-12T04:58:39.186+0000] {logging_mixin.py:190} INFO - [2026-08-12T04:58:39.185+0000] {dagbag.py:587} INFO - Filling up the DagBag from /home/airflow/.local/lib/python3.12/site-packages/airflow/example_dags/example_inlet_event_extra.py
[2026-08-12T04:58:39.480+0000] {processor.py:925} INFO - DAG(s) 'read_dataset_event', 'read_dataset_event_from_classic' retrieved from /home/airflow/.local/lib/python3.12/site-packages/airflow/example_dags/example_inlet_event_extra.py
[2026-08-12T04:58:39.499+0000] {logging_mixin.py:190} INFO - [2026-08-12T04:58:39.499+0000] {dag.py:3211} INFO - Sync 2 DAGs
[2026-08-12T04:58:39.518+0000] {logging_mixin.py:190} INFO - [2026-08-12T04:58:39.518+0000] {dag.py:4138} INFO - Setting next_dagrun for read_dataset_event to 2026-08-11 00:00:00+00:00, run_after=2026-08-12 00:00:00+00:00
[2026-08-12T04:58:39.523+0000] {logging_mixin.py:190} INFO - [2026-08-12T04:58:39.523+0000] {dag.py:4138} INFO - Setting next_dagrun for read_dataset_event_from_classic to 2026-08-11 00:00:00+00:00, run_after=2026-08-12 00:00:00+00:00
[2026-08-12T04:58:39.548+0000] {processor.py:208} INFO - Processing /home/airflow/.local/lib/python3.12/site-packages/airflow/example_dags/example_inlet_event_extra.py took 0.372 seconds
[2026-08-12T04:59:09.796+0000] {processor.py:186} INFO - Started process (PID=3300) to work on /home/airflow/.local/lib/python3.12/site-packages/airflow/example_dags/example_inlet_event_extra.py
[2026-08-12T04:59:09.797+0000] {processor.py:914} INFO - Processing file /home/airflow/.local/lib/python3.12/site-packages/airflow/example_dags/example_inlet_event_extra.py for tasks to queue
[2026-08-12T04:59:09.801+0000] {logging_mixin.py:190} INFO - [2026-08-12T04:59:09.801+0000] {dagbag.py:587} INFO - Filling up the DagBag from /home/airflow/.local/lib/python3.12/site-packages/airflow/example_dags/example_inlet_event_extra.py
[2026-08-12T04:59:10.114+0000] {processor.py:925} INFO - DAG(s) 'read_dataset_event_from_classic', 'read_dataset_event' retrieved from /home/airflow/.local/lib/python3.12/site-packages/airflow/example_dags/example_inlet_event_extra.py
[2026-08-12T04:59:10.139+0000] {logging_mixin.py:190} INFO - [2026-08-12T04:59:10.138+0000] {dag.py:3211} INFO - Sync 2 DAGs
[2026-08-12T04:59:10.159+0000] {logging_mixin.py:190} INFO - [2026-08-12T04:59:10.159+0000] {dag.py:4138} INFO - Setting next_dagrun for read_dataset_event to 2026-08-11 00:00:00+00:00, run_after=2026-08-12 00:00:00+00:00
[2026-08-12T04:59:10.165+0000] {logging_mixin.py:190} INFO - [2026-08-12T04:59:10.165+0000] {dag.py:4138} INFO - Setting next_dagrun for read_dataset_event_from_classic to 2026-08-11 00:00:00+00:00, run_after=2026-08-12 00:00:00+00:00
[2026-08-12T04:59:10.183+0000] {processor.py:208} INFO - Processing /home/airflow/.local/lib/python3.12/site-packages/airflow/example_dags/example_inlet_event_extra.py took 0.396 seconds
[2026-08-12T04:59:40.259+0000] {processor.py:186} INFO - Started process (PID=3364) to work on /home/airflow/.local/lib/python3.12/site-packages/airflow/example_dags/example_inlet_event_extra.py
[2026-08-12T04:59:40.260+0000] {processor.py:914} INFO - Processing file /home/airflow/.local/lib/python3.12/site-packages/airflow/example_dags/example_inlet_event_extra.py for tasks to queue
[2026-08-12T04:59:40.263+0000] {logging_mixin.py:190} INFO - [2026-08-12T04:59:40.263+0000] {dagbag.py:587} INFO - Filling up the DagBag from /home/airflow/.local/lib/python3.12/site-packages/airflow/example_dags/example_inlet_event_extra.py
[2026-08-12T04:59:40.536+0000] {processor.py:925} INFO - DAG(s) 'read_dataset_event_from_classic', 'read_dataset_event' retrieved from /home/airflow/.local/lib/python3.12/site-packages/airflow/example_dags/example_inlet_event_extra.py
[2026-08-12T04:59:40.558+0000] {logging_mixin.py:190} INFO - [2026-08-12T04:59:40.557+0000] {dag.py:3211} INFO - Sync 2 DAGs
[2026-08-12T04:59:40.579+0000] {logging_mixin.py:190} INFO - [2026-08-12T04:59:40.579+0000] {dag.py:4138} INFO - Setting next_dagrun for read_dataset_event to 2026-08-11 00:00:00+00:00, run_after=2026-08-12 00:00:00+00:00
[2026-08-12T04:59:40.584+0000] {logging_mixin.py:190} INFO - [2026-08-12T04:59:40.584+0000] {dag.py:4138} INFO - Setting next_dagrun for read_dataset_event_from_classic to 2026-08-11 00:00:00+00:00, run_after=2026-08-12 00:00:00+00:00
[2026-08-12T04:59:40.612+0000] {processor.py:208} INFO - Processing /home/airflow/.local/lib/python3.12/site-packages/airflow/example_dags/example_inlet_event_extra.py took 0.359 seconds
[2026-08-12T05:00:11.086+0000] {processor.py:186} INFO - Started process (PID=3426) to work on /home/airflow/.local/lib/python3.12/site-packages/airflow/example_dags/example_inlet_event_extra.py
[2026-08-12T05:00:11.087+0000] {processor.py:914} INFO - Processing file /home/airflow/.local/lib/python3.12/site-packages/airflow/example_dags/example_inlet_event_extra.py for tasks to queue
[2026-08-12T05:00:11.091+0000] {logging_mixin.py:190} INFO - [2026-08-12T05:00:11.091+0000] {dagbag.py:587} INFO - Filling up the DagBag from /home/airflow/.local/lib/python3.12/site-packages/airflow/example_dags/example_inlet_event_extra.py
[2026-08-12T05:00:11.299+0000] {processor.py:925} INFO - DAG(s) 'read_dataset_event_from_classic', 'read_dataset_event' retrieved from /home/airflow/.local/lib/python3.12/site-packages/airflow/example_dags/example_inlet_event_extra.py
[2026-08-12T05:00:11.338+0000] {logging_mixin.py:190} INFO - [2026-08-12T05:00:11.338+0000] {dag.py:3211} INFO - Sync 2 DAGs
[2026-08-12T05:00:11.371+0000] {logging_mixin.py:190} INFO - [2026-08-12T05:00:11.371+0000] {dag.py:4138} INFO - Setting next_dagrun for read_dataset_event to 2026-08-11 00:00:00+00:00, run_after=2026-08-12 00:00:00+00:00
[2026-08-12T05:00:11.379+0000] {logging_mixin.py:190} INFO - [2026-08-12T05:00:11.379+0000] {dag.py:4138} INFO - Setting next_dagrun for read_dataset_event_from_classic to 2026-08-11 00:00:00+00:00, run_after=2026-08-12 00:00:00+00:00
[2026-08-12T05:00:11.399+0000] {processor.py:208} INFO - Processing /home/airflow/.local/lib/python3.12/site-packages/airflow/example_dags/example_inlet_event_extra.py took 0.319 seconds
[2026-08-12T05:00:41.488+0000] {processor.py:186} INFO - Started process (PID=3489) to work on /home/airflow/.local/lib/python3.12/site-packages/airflow/example_dags/example_inlet_event_extra.py
[2026-08-12T05:00:41.489+0000] {processor.py:914} INFO - Processing file /home/airflow/.local/lib/python3.12/site-packages/airflow/example_dags/example_inlet_event_extra.py for tasks to queue
[2026-08-12T05:00:41.492+0000] {logging_mixin.py:190} INFO - [2026-08-12T05:00:41.492+0000] {dagbag.py:587} INFO - Filling up the DagBag from /home/airflow/.local/lib/python3.12/site-packages/airflow/example_dags/example_inlet_event_extra.py
[2026-08-12T05:00:41.645+0000] {processor.py:925} INFO - DAG(s) 'read_dataset_event', 'read_dataset_event_from_classic' retrieved from /home/airflow/.local/lib/python3.12/site-packages/airflow/example_dags/example_inlet_event_extra.py
[2026-08-12T05:00:41.667+0000] {logging_mixin.py:190} INFO - [2026-08-12T05:00:41.667+0000] {dag.py:3211} INFO - Sync 2 DAGs
[2026-08-12T05:00:41.693+0000] {logging_mixin.py:190} INFO - [2026-08-12T05:00:41.693+0000] {dag.py:4138} INFO - Setting next_dagrun for read_dataset_event to 2026-08-11 00:00:00+00:00, run_after=2026-08-12 00:00:00+00:00
[2026-08-12T05:00:41.699+0000] {logging_mixin.py:190} INFO - [2026-08-12T05:00:41.699+0000] {dag.py:4138} INFO - Setting next_dagrun for read_dataset_event_from_classic to 2026-08-11 00:00:00+00:00, run_after=2026-08-12 00:00:00+00:00
[2026-08-12T05:00:41.717+0000] {processor.py:208} INFO - Processing /home/airflow/.local/lib/python3.12/site-packages/airflow/example_dags/example_inlet_event_extra.py took 0.236 seconds
[2026-08-12T05:01:12.031+0000] {processor.py:186} INFO - Started process (PID=3552) to work on /home/airflow/.local/lib/python3.12/site-packages/airflow/example_dags/example_inlet_event_extra.py
[2026-08-12T05:01:12.033+0000] {processor.py:914} INFO - Processing file /home/airflow/.local/lib/python3.12/site-packages/airflow/example_dags/example_inlet_event_extra.py for tasks to queue
[2026-08-12T05:01:12.036+0000] {logging_mixin.py:190} INFO - [2026-08-12T05:01:12.036+0000] {dagbag.py:587} INFO - Filling up the DagBag from /home/airflow/.local/lib/python3.12/site-packages/airflow/example_dags/example_inlet_event_extra.py
[2026-08-12T05:01:12.168+0000] {processor.py:925} INFO - DAG(s) 'read_dataset_event', 'read_dataset_event_from_classic' retrieved from /home/airflow/.local/lib/python3.12/site-packages/airflow/example_dags/example_inlet_event_extra.py
[2026-08-12T05:01:12.193+0000] {logging_mixin.py:190} INFO - [2026-08-12T05:01:12.193+0000] {dag.py:3211} INFO - Sync 2 DAGs
[2026-08-12T05:01:12.219+0000] {logging_mixin.py:190} INFO - [2026-08-12T05:01:12.218+0000] {dag.py:4138} INFO - Setting next_dagrun for read_dataset_event to 2026-08-11 00:00:00+00:00, run_after=2026-08-12 00:00:00+00:00
[2026-08-12T05:01:12.225+0000] {logging_mixin.py:190} INFO - [2026-08-12T05:01:12.225+0000] {dag.py:4138} INFO - Setting next_dagrun for read_dataset_event_from_classic to 2026-08-11 00:00:00+00:00, run_after=2026-08-12 00:00:00+00:00
[2026-08-12T05:01:12.243+0000] {processor.py:208} INFO - Processing /home/airflow/.local/lib/python3.12/site-packages/airflow/example_dags/example_inlet_event_extra.py took 0.217 seconds
[2026-08-12T05:01:42.621+0000] {processor.py:186} INFO - Started process (PID=3615) to work on /home/airflow/.local/lib/python3.12/site-packages/airflow/example_dags/example_inlet_event_extra.py
[2026-08-12T05:01:42.623+0000] {processor.py:914} INFO - Processing file /home/airflow/.local/lib/python3.12/site-packages/airflow/example_dags/example_inlet_event_extra.py for tasks to queue
[2026-08-12T05:01:42.627+0000] {logging_mixin.py:190} INFO - [2026-08-12T05:01:42.627+0000] {dagbag.py:587} INFO - Filling up the DagBag from /home/airflow/.local/lib/python3.12/site-packages/airflow/example_dags/example_inlet_event_extra.py
[2026-08-12T05:01:42.779+0000] {processor.py:925} INFO - DAG(s) 'read_dataset_event', 'read_dataset_event_from_classic' retrieved from /home/airflow/.local/lib/python3.12/site-packages/airflow/example_dags/example_inlet_event_extra.py
[2026-08-12T05:01:42.803+0000] {logging_mixin.py:190} INFO - [2026-08-12T05:01:42.803+0000] {dag.py:3211} INFO - Sync 2 DAGs
[2026-08-12T05:01:42.829+0000] {logging_mixin.py:190} INFO - [2026-08-12T05:01:42.829+0000] {dag.py:4138} INFO - Setting next_dagrun for read_dataset_event to 2026-08-11 00:00:00+00:00, run_after=2026-08-12 00:00:00+00:00
[2026-08-12T05:01:42.835+0000] {logging_mixin.py:190} INFO - [2026-08-12T05:01:42.834+0000] {dag.py:4138} INFO - Setting next_dagrun for read_dataset_event_from_classic to 2026-08-11 00:00:00+00:00, run_after=2026-08-12 00:00:00+00:00
[2026-08-12T05:01:42.854+0000] {processor.py:208} INFO - Processing /home/airflow/.local/lib/python3.12/site-packages/airflow/example_dags/example_inlet_event_extra.py took 0.239 seconds
[2026-08-12T05:02:13.369+0000] {processor.py:186} INFO - Started process (PID=3678) to work on /home/airflow/.local/lib/python3.12/site-packages/airflow/example_dags/example_inlet_event_extra.py
[2026-08-12T05:02:13.371+0000] {processor.py:914} INFO - Processing file /home/airflow/.local/lib/python3.12/site-packages/airflow/example_dags/example_inlet_event_extra.py for tasks to queue
[2026-08-12T05:02:13.373+0000] {logging_mixin.py:190} INFO - [2026-08-12T05:02:13.373+0000] {dagbag.py:587} INFO - Filling up the DagBag from /home/airflow/.local/lib/python3.12/site-packages/airflow/example_dags/example_inlet_event_extra.py
[2026-08-12T05:02:13.523+0000] {processor.py:925} INFO - DAG(s) 'read_dataset_event_from_classic', 'read_dataset_event' retrieved from /home/airflow/.local/lib/python3.12/site-packages/airflow/example_dags/example_inlet_event_extra.py
[2026-08-12T05:02:13.544+0000] {logging_mixin.py:190} INFO - [2026-08-12T05:02:13.544+0000] {dag.py:3211} INFO - Sync 2 DAGs
[2026-08-12T05:02:13.569+0000] {logging_mixin.py:190} INFO - [2026-08-12T05:02:13.569+0000] {dag.py:4138} INFO - Setting next_dagrun for read_dataset_event to 2026-08-11 00:00:00+00:00, run_after=2026-08-12 00:00:00+00:00
[2026-08-12T05:02:13.574+0000] {logging_mixin.py:190} INFO - [2026-08-12T05:02:13.573+0000] {dag.py:4138} INFO - Setting next_dagrun for read_dataset_event_from_classic to 2026-08-11 00:00:00+00:00, run_after=2026-08-12 00:00:00+00:00
[2026-08-12T05:02:13.592+0000] {processor.py:208} INFO - Processing /home/airflow/.local/lib/python3.12/site-packages/airflow/example_dags/example_inlet_event_extra.py took 0.229 seconds
[2026-08-12T05:02:43.992+0000] {processor.py:186} INFO - Started process (PID=3741) to work on /home/airflow/.local/lib/python3.12/site-packages/airflow/example_dags/example_inlet_event_extra.py
[2026-08-12T05:02:43.994+0000] {processor.py:914} INFO - Processing file /home/airflow/.local/lib/python3.12/site-packages/airflow/example_dags/example_inlet_event_extra.py for tasks to queue
[2026-08-12T05:02:43.997+0000] {logging_mixin.py:190} INFO - [2026-08-12T05:02:43.997+0000] {dagbag.py:587} INFO - Filling up the DagBag from /home/airflow/.local/lib/python3.12/site-packages/airflow/example_dags/example_inlet_event_extra.py
[2026-08-12T05:02:44.135+0000] {processor.py:925} INFO - DAG(s) 'read_dataset_event_from_classic', 'read_dataset_event' retrieved from /home/airflow/.local/lib/python3.12/site-packages/airflow/example_dags/example_inlet_event_extra.py
[2026-08-12T05:02:44.161+0000] {logging_mixin.py:190} INFO - [2026-08-12T05:02:44.161+0000] {dag.py:3211} INFO - Sync 2 DAGs
[2026-08-12T05:02:44.186+0000] {logging_mixin.py:190} INFO - [2026-08-12T05:02:44.185+0000] {dag.py:4138} INFO - Setting next_dagrun for read_dataset_event to 2026-08-11 00:00:00+00:00, run_after=2026-08-12 00:00:00+00:00
[2026-08-12T05:02:44.191+0000] {logging_mixin.py:190} INFO - [2026-08-12T05:02:44.190+0000] {dag.py:4138} INFO - Setting next_dagrun for read_dataset_event_from_classic to 2026-08-11 00:00:00+00:00, run_after=2026-08-12 00:00:00+00:00
[2026-08-12T05:02:44.208+0000] {processor.py:208} INFO - Processing /home/airflow/.local/lib/python3.12/site-packages/airflow/example_dags/example_inlet_event_extra.py took 0.221 seconds
[2026-08-12T05:03:14.412+0000] {processor.py:186} INFO - Started process (PID=3804) to work on /home/airflow/.local/lib/python3.12/site-packages/airflow/example_dags/example_inlet_event_extra.py
[2026-08-12T05:03:14.414+0000] {processor.py:914} INFO - Processing file /home/airflow/.local/lib/python3.12/site-packages/airflow/example_dags/example_inlet_event_extra.py for tasks to queue
[2026-08-12T05:03:14.418+0000] {logging_mixin.py:190} INFO - [2026-08-12T05:03:14.418+0000] {dagbag.py:587} INFO - Filling up the DagBag from /home/airflow/.local/lib/python3.12/site-packages/airflow/example_dags/example_inlet_event_extra.py
[2026-08-12T05:03:14.553+0000] {processor.py:925} INFO - DAG(s) 'read_dataset_event', 'read_dataset_event_from_classic' retrieved from /home/airflow/.local/lib/python3.12/site-packages/airflow/example_dags/example_inlet_event_extra.py
[2026-08-12T05:03:14.577+0000] {logging_mixin.py:190} INFO - [2026-08-12T05:03:14.577+0000] {dag.py:3211} INFO - Sync 2 DAGs
[2026-08-12T05:03:14.603+0000] {logging_mixin.py:190} INFO - [2026-08-12T05:03:14.602+0000] {dag.py:4138} INFO - Setting next_dagrun for read_dataset_event to 2026-08-11 00:00:00+00:00, run_after=2026-08-12 00:00:00+00:00
[2026-08-12T05:03:14.608+0000] {logging_mixin.py:190} INFO - [2026-08-12T05:03:14.608+0000] {dag.py:4138} INFO - Setting next_dagrun for read_dataset_event_from_classic to 2026-08-11 00:00:00+00:00, run_after=2026-08-12 00:00:00+00:00
[2026-08-12T05:03:14.625+0000] {processor.py:208} INFO - Processing /home/airflow/.local/lib/python3.12/site-packages/airflow/example_dags/example_inlet_event_extra.py took 0.221 seconds
[2026-08-12T05:03:44.725+0000] {processor.py:186} INFO - Started process (PID=3867) to work on /home/airflow/.local/lib/python3.12/site-packages/airflow/example_dags/example_inlet_event_extra.py
[2026-08-12T05:03:44.727+0000] {processor.py:914} INFO - Processing file /home/airflow/.local/lib/python3.12/site-packages/airflow/example_dags/example_inlet_event_extra.py for tasks to queue
[2026-08-12T05:03:44.731+0000] {logging_mixin.py:190} INFO - [2026-08-12T05:03:44.731+0000] {dagbag.py:587} INFO - Filling up the DagBag from /home/airflow/.local/lib/python3.12/site-packages/airflow/example_dags/example_inlet_event_extra.py
[2026-08-12T05:03:44.896+0000] {processor.py:925} INFO - DAG(s) 'read_dataset_event', 'read_dataset_event_from_classic' retrieved from /home/airflow/.local/lib/python3.12/site-packages/airflow/example_dags/example_inlet_event_extra.py
[2026-08-12T05:03:44.920+0000] {logging_mixin.py:190} INFO - [2026-08-12T05:03:44.920+0000] {dag.py:3211} INFO - Sync 2 DAGs
[2026-08-12T05:03:44.950+0000] {logging_mixin.py:190} INFO - [2026-08-12T05:03:44.950+0000] {dag.py:4138} INFO - Setting next_dagrun for read_dataset_event to 2026-08-11 00:00:00+00:00, run_after=2026-08-12 00:00:00+00:00
[2026-08-12T05:03:44.955+0000] {logging_mixin.py:190} INFO - [2026-08-12T05:03:44.955+0000] {dag.py:4138} INFO - Setting next_dagrun for read_dataset_event_from_classic to 2026-08-11 00:00:00+00:00, run_after=2026-08-12 00:00:00+00:00
[2026-08-12T05:03:44.974+0000] {processor.py:208} INFO - Processing /home/airflow/.local/lib/python3.12/site-packages/airflow/example_dags/example_inlet_event_extra.py took 0.256 seconds
[2026-08-12T05:04:15.114+0000] {processor.py:186} INFO - Started process (PID=3931) to work on /home/airflow/.local/lib/python3.12/site-packages/airflow/example_dags/example_inlet_event_extra.py
[2026-08-12T05:04:15.115+0000] {processor.py:914} INFO - Processing file /home/airflow/.local/lib/python3.12/site-packages/airflow/example_dags/example_inlet_event_extra.py for tasks to queue
[2026-08-12T05:04:15.118+0000] {logging_mixin.py:190} INFO - [2026-08-12T05:04:15.118+0000] {dagbag.py:587} INFO - Filling up the DagBag from /home/airflow/.local/lib/python3.12/site-packages/airflow/example_dags/example_inlet_event_extra.py
[2026-08-12T05:04:15.250+0000] {processor.py:925} INFO - DAG(s) 'read_dataset_event_from_classic', 'read_dataset_event' retrieved from /home/airflow/.local/lib/python3.12/site-packages/airflow/example_dags/example_inlet_event_extra.py
[2026-08-12T05:04:15.279+0000] {logging_mixin.py:190} INFO - [2026-08-12T05:04:15.278+0000] {dag.py:3211} INFO - Sync 2 DAGs
[2026-08-12T05:04:15.320+0000] {logging_mixin.py:190} INFO - [2026-08-12T05:04:15.319+0000] {dag.py:4138} INFO - Setting next_dagrun for read_dataset_event to 2026-08-11 00:00:00+00:00, run_after=2026-08-12 00:00:00+00:00
[2026-08-12T05:04:15.329+0000] {logging_mixin.py:190} INFO - [2026-08-12T05:04:15.329+0000] {dag.py:4138} INFO - Setting next_dagrun for read_dataset_event_from_classic to 2026-08-11 00:00:00+00:00, run_after=2026-08-12 00:00:00+00:00
[2026-08-12T05:04:15.351+0000] {processor.py:208} INFO - Processing /home/airflow/.local/lib/python3.12/site-packages/airflow/example_dags/example_inlet_event_extra.py took 0.244 seconds
[2026-08-12T05:04:45.505+0000] {processor.py:186} INFO - Started process (PID=3994) to work on /home/airflow/.local/lib/python3.12/site-packages/airflow/example_dags/example_inlet_event_extra.py
[2026-08-12T05:04:45.507+0000] {processor.py:914} INFO - Processing file /home/airflow/.local/lib/python3.12/site-packages/airflow/example_dags/example_inlet_event_extra.py for tasks to queue
[2026-08-12T05:04:45.510+0000] {logging_mixin.py:190} INFO - [2026-08-12T05:04:45.510+0000] {dagbag.py:587} INFO - Filling up the DagBag from /home/airflow/.local/lib/python3.12/site-packages/airflow/example_dags/example_inlet_event_extra.py
[2026-08-12T05:04:45.656+0000] {processor.py:925} INFO - DAG(s) 'read_dataset_event', 'read_dataset_event_from_classic' retrieved from /home/airflow/.local/lib/python3.12/site-packages/airflow/example_dags/example_inlet_event_extra.py
[2026-08-12T05:04:45.691+0000] {logging_mixin.py:190} INFO - [2026-08-12T05:04:45.690+0000] {dag.py:3211} INFO - Sync 2 DAGs
[2026-08-12T05:04:45.728+0000] {logging_mixin.py:190} INFO - [2026-08-12T05:04:45.728+0000] {dag.py:4138} INFO - Setting next_dagrun for read_dataset_event to 2026-08-11 00:00:00+00:00, run_after=2026-08-12 00:00:00+00:00
[2026-08-12T05:04:45.736+0000] {logging_mixin.py:190} INFO - [2026-08-12T05:04:45.736+0000] {dag.py:4138} INFO - Setting next_dagrun for read_dataset_event_from_classic to 2026-08-11 00:00:00+00:00, run_after=2026-08-12 00:00:00+00:00
[2026-08-12T05:04:45.761+0000] {processor.py:208} INFO - Processing /home/airflow/.local/lib/python3.12/site-packages/airflow/example_dags/example_inlet_event_extra.py took 0.263 seconds
[2026-08-12T05:05:15.874+0000] {processor.py:186} INFO - Started process (PID=4057) to work on /home/airflow/.local/lib/python3.12/site-packages/airflow/example_dags/example_inlet_event_extra.py
[2026-08-12T05:05:15.876+0000] {processor.py:914} INFO - Processing file /home/airflow/.local/lib/python3.12/site-packages/airflow/example_dags/example_inlet_event_extra.py for tasks to queue
[2026-08-12T05:05:15.880+0000] {logging_mixin.py:190} INFO - [2026-08-12T05:05:15.879+0000] {dagbag.py:587} INFO - Filling up the DagBag from /home/airflow/.local/lib/python3.12/site-packages/airflow/example_dags/example_inlet_event_extra.py
[2026-08-12T05:05:16.056+0000] {processor.py:925} INFO - DAG(s) 'read_dataset_event_from_classic', 'read_dataset_event' retrieved from /home/airflow/.local/lib/python3.12/site-packages/airflow/example_dags/example_inlet_event_extra.py
[2026-08-12T05:05:16.085+0000] {logging_mixin.py:190} INFO - [2026-08-12T05:05:16.085+0000] {dag.py:3211} INFO - Sync 2 DAGs
[2026-08-12T05:05:16.116+0000] {logging_mixin.py:190} INFO - [2026-08-12T05:05:16.116+0000] {dag.py:4138} INFO - Setting next_dagrun for read_dataset_event to 2026-08-11 00:00:00+00:00, run_after=2026-08-12 00:00:00+00:00
[2026-08-12T05:05:16.122+0000] {logging_mixin.py:190} INFO - [2026-08-12T05:05:16.122+0000] {dag.py:4138} INFO - Setting next_dagrun for read_dataset_event_from_classic to 2026-08-11 00:00:00+00:00, run_after=2026-08-12 00:00:00+00:00
[2026-08-12T05:05:16.142+0000] {processor.py:208} INFO - Processing /home/airflow/.local/lib/python3.12/site-packages/airflow/example_dags/example_inlet_event_extra.py took 0.276 seconds
[2026-08-12T05:05:46.367+0000] {processor.py:186} INFO - Started process (PID=4120) to work on /home/airflow/.local/lib/python3.12/site-packages/airflow/example_dags/example_inlet_event_extra.py
[2026-08-12T05:05:46.369+0000] {processor.py:914} INFO - Processing file /home/airflow/.local/lib/python3.12/site-packages/airflow/example_dags/example_inlet_event_extra.py for tasks to queue
[2026-08-12T05:05:46.372+0000] {logging_mixin.py:190} INFO - [2026-08-12T05:05:46.372+0000] {dagbag.py:587} INFO - Filling up the DagBag from /home/airflow/.local/lib/python3.12/site-packages/airflow/example_dags/example_inlet_event_extra.py
[2026-08-12T05:05:46.500+0000] {processor.py:925} INFO - DAG(s) 'read_dataset_event', 'read_dataset_event_from_classic' retrieved from /home/airflow/.local/lib/python3.12/site-packages/airflow/example_dags/example_inlet_event_extra.py
[2026-08-12T05:05:46.525+0000] {logging_mixin.py:190} INFO - [2026-08-12T05:05:46.525+0000] {dag.py:3211} INFO - Sync 2 DAGs
[2026-08-12T05:05:46.549+0000] {logging_mixin.py:190} INFO - [2026-08-12T05:05:46.549+0000] {dag.py:4138} INFO - Setting next_dagrun for read_dataset_event to 2026-08-11 00:00:00+00:00, run_after=2026-08-12 00:00:00+00:00
[2026-08-12T05:05:46.554+0000] {logging_mixin.py:190} INFO - [2026-08-12T05:05:46.554+0000] {dag.py:4138} INFO - Setting next_dagrun for read_dataset_event_from_classic to 2026-08-11 00:00:00+00:00, run_after=2026-08-12 00:00:00+00:00
[2026-08-12T05:05:46.572+0000] {processor.py:208} INFO - Processing /home/airflow/.local/lib/python3.12/site-packages/airflow/example_dags/example_inlet_event_extra.py took 0.210 seconds
[2026-08-12T05:06:17.073+0000] {processor.py:186} INFO - Started process (PID=4183) to work on /home/airflow/.local/lib/python3.12/site-packages/airflow/example_dags/example_inlet_event_extra.py
[2026-08-12T05:06:17.074+0000] {processor.py:914} INFO - Processing file /home/airflow/.local/lib/python3.12/site-packages/airflow/example_dags/example_inlet_event_extra.py for tasks to queue
[2026-08-12T05:06:17.077+0000] {logging_mixin.py:190} INFO - [2026-08-12T05:06:17.077+0000] {dagbag.py:587} INFO - Filling up the DagBag from /home/airflow/.local/lib/python3.12/site-packages/airflow/example_dags/example_inlet_event_extra.py
[2026-08-12T05:06:17.212+0000] {processor.py:925} INFO - DAG(s) 'read_dataset_event', 'read_dataset_event_from_classic' retrieved from /home/airflow/.local/lib/python3.12/site-packages/airflow/example_dags/example_inlet_event_extra.py
[2026-08-12T05:06:17.237+0000] {logging_mixin.py:190} INFO - [2026-08-12T05:06:17.237+0000] {dag.py:3211} INFO - Sync 2 DAGs
[2026-08-12T05:06:17.262+0000] {logging_mixin.py:190} INFO - [2026-08-12T05:06:17.262+0000] {dag.py:4138} INFO - Setting next_dagrun for read_dataset_event to 2026-08-11 00:00:00+00:00, run_after=2026-08-12 00:00:00+00:00
[2026-08-12T05:06:17.268+0000] {logging_mixin.py:190} INFO - [2026-08-12T05:06:17.267+0000] {dag.py:4138} INFO - Setting next_dagrun for read_dataset_event_from_classic to 2026-08-11 00:00:00+00:00, run_after=2026-08-12 00:00:00+00:00
[2026-08-12T05:06:17.286+0000] {processor.py:208} INFO - Processing /home/airflow/.local/lib/python3.12/site-packages/airflow/example_dags/example_inlet_event_extra.py took 0.218 seconds
[2026-08-12T05:06:47.375+0000] {processor.py:186} INFO - Started process (PID=4246) to work on /home/airflow/.local/lib/python3.12/site-packages/airflow/example_dags/example_inlet_event_extra.py
[2026-08-12T05:06:47.376+0000] {processor.py:914} INFO - Processing file /home/airflow/.local/lib/python3.12/site-packages/airflow/example_dags/example_inlet_event_extra.py for tasks to queue
[2026-08-12T05:06:47.379+0000] {logging_mixin.py:190} INFO - [2026-08-12T05:06:47.379+0000] {dagbag.py:587} INFO - Filling up the DagBag from /home/airflow/.local/lib/python3.12/site-packages/airflow/example_dags/example_inlet_event_extra.py
[2026-08-12T05:06:47.546+0000] {processor.py:925} INFO - DAG(s) 'read_dataset_event', 'read_dataset_event_from_classic' retrieved from /home/airflow/.local/lib/python3.12/site-packages/airflow/example_dags/example_inlet_event_extra.py
[2026-08-12T05:06:47.581+0000] {logging_mixin.py:190} INFO - [2026-08-12T05:06:47.580+0000] {dag.py:3211} INFO - Sync 2 DAGs
[2026-08-12T05:06:47.634+0000] {logging_mixin.py:190} INFO - [2026-08-12T05:06:47.633+0000] {dag.py:4138} INFO - Setting next_dagrun for read_dataset_event to 2026-08-11 00:00:00+00:00, run_after=2026-08-12 00:00:00+00:00
[2026-08-12T05:06:47.643+0000] {logging_mixin.py:190} INFO - [2026-08-12T05:06:47.643+0000] {dag.py:4138} INFO - Setting next_dagrun for read_dataset_event_from_classic to 2026-08-11 00:00:00+00:00, run_after=2026-08-12 00:00:00+00:00
[2026-08-12T05:06:47.670+0000] {processor.py:208} INFO - Processing /home/airflow/.local/lib/python3.12/site-packages/airflow/example_dags/example_inlet_event_extra.py took 0.302 seconds
[2026-08-12T05:07:18.647+0000] {processor.py:186} INFO - Started process (PID=4310) to work on /home/airflow/.local/lib/python3.12/site-packages/airflow/example_dags/example_inlet_event_extra.py
[2026-08-12T05:07:18.649+0000] {processor.py:914} INFO - Processing file /home/airflow/.local/lib/python3.12/site-packages/airflow/example_dags/example_inlet_event_extra.py for tasks to queue
[2026-08-12T05:07:18.652+0000] {logging_mixin.py:190} INFO - [2026-08-12T05:07:18.652+0000] {dagbag.py:587} INFO - Filling up the DagBag from /home/airflow/.local/lib/python3.12/site-packages/airflow/example_dags/example_inlet_event_extra.py
[2026-08-12T05:07:18.810+0000] {processor.py:925} INFO - DAG(s) 'read_dataset_event_from_classic', 'read_dataset_event' retrieved from /home/airflow/.local/lib/python3.12/site-packages/airflow/example_dags/example_inlet_event_extra.py
[2026-08-12T05:07:18.837+0000] {logging_mixin.py:190} INFO - [2026-08-12T05:07:18.836+0000] {dag.py:3211} INFO - Sync 2 DAGs
[2026-08-12T05:07:18.864+0000] {logging_mixin.py:190} INFO - [2026-08-12T05:07:18.864+0000] {dag.py:4138} INFO - Setting next_dagrun for read_dataset_event to 2026-08-11 00:00:00+00:00, run_after=2026-08-12 00:00:00+00:00
[2026-08-12T05:07:18.870+0000] {logging_mixin.py:190} INFO - [2026-08-12T05:07:18.869+0000] {dag.py:4138} INFO - Setting next_dagrun for read_dataset_event_from_classic to 2026-08-11 00:00:00+00:00, run_after=2026-08-12 00:00:00+00:00
[2026-08-12T05:07:18.889+0000] {processor.py:208} INFO - Processing /home/airflow/.local/lib/python3.12/site-packages/airflow/example_dags/example_inlet_event_extra.py took 0.249 seconds
[2026-08-12T05:07:49.033+0000] {processor.py:186} INFO - Started process (PID=4373) to work on /home/airflow/.local/lib/python3.12/site-packages/airflow/example_dags/example_inlet_event_extra.py
[2026-08-12T05:07:49.035+0000] {processor.py:914} INFO - Processing file /home/airflow/.local/lib/python3.12/site-packages/airflow/example_dags/example_inlet_event_extra.py for tasks to queue
[2026-08-12T05:07:49.039+0000] {logging_mixin.py:190} INFO - [2026-08-12T05:07:49.038+0000] {dagbag.py:587} INFO - Filling up the DagBag from /home/airflow/.local/lib/python3.12/site-packages/airflow/example_dags/example_inlet_event_extra.py
[2026-08-12T05:07:49.302+0000] {processor.py:925} INFO - DAG(s) 'read_dataset_event', 'read_dataset_event_from_classic' retrieved from /home/airflow/.local/lib/python3.12/site-packages/airflow/example_dags/example_inlet_event_extra.py
[2026-08-12T05:07:49.335+0000] {logging_mixin.py:190} INFO - [2026-08-12T05:07:49.335+0000] {dag.py:3211} INFO - Sync 2 DAGs
[2026-08-12T05:07:49.370+0000] {logging_mixin.py:190} INFO - [2026-08-12T05:07:49.369+0000] {dag.py:4138} INFO - Setting next_dagrun for read_dataset_event to 2026-08-11 00:00:00+00:00, run_after=2026-08-12 00:00:00+00:00
[2026-08-12T05:07:49.376+0000] {logging_mixin.py:190} INFO - [2026-08-12T05:07:49.376+0000] {dag.py:4138} INFO - Setting next_dagrun for read_dataset_event_from_classic to 2026-08-11 00:00:00+00:00, run_after=2026-08-12 00:00:00+00:00
[2026-08-12T05:07:49.399+0000] {processor.py:208} INFO - Processing /home/airflow/.local/lib/python3.12/site-packages/airflow/example_dags/example_inlet_event_extra.py took 0.376 seconds
[2026-08-12T05:08:20.095+0000] {processor.py:186} INFO - Started process (PID=4436) to work on /home/airflow/.local/lib/python3.12/site-packages/airflow/example_dags/example_inlet_event_extra.py
[2026-08-12T05:08:20.096+0000] {processor.py:914} INFO - Processing file /home/airflow/.local/lib/python3.12/site-packages/airflow/example_dags/example_inlet_event_extra.py for tasks to queue
[2026-08-12T05:08:20.099+0000] {logging_mixin.py:190} INFO - [2026-08-12T05:08:20.099+0000] {dagbag.py:587} INFO - Filling up the DagBag from /home/airflow/.local/lib/python3.12/site-packages/airflow/example_dags/example_inlet_event_extra.py
[2026-08-12T05:08:20.248+0000] {processor.py:925} INFO - DAG(s) 'read_dataset_event_from_classic', 'read_dataset_event' retrieved from /home/airflow/.local/lib/python3.12/site-packages/airflow/example_dags/example_inlet_event_extra.py
[2026-08-12T05:08:20.273+0000] {logging_mixin.py:190} INFO - [2026-08-12T05:08:20.273+0000] {dag.py:3211} INFO - Sync 2 DAGs
[2026-08-12T05:08:20.300+0000] {logging_mixin.py:190} INFO - [2026-08-12T05:08:20.300+0000] {dag.py:4138} INFO - Setting next_dagrun for read_dataset_event to 2026-08-11 00:00:00+00:00, run_after=2026-08-12 00:00:00+00:00
[2026-08-12T05:08:20.306+0000] {logging_mixin.py:190} INFO - [2026-08-12T05:08:20.306+0000] {dag.py:4138} INFO - Setting next_dagrun for read_dataset_event_from_classic to 2026-08-11 00:00:00+00:00, run_after=2026-08-12 00:00:00+00:00
[2026-08-12T05:08:20.325+0000] {processor.py:208} INFO - Processing /home/airflow/.local/lib/python3.12/site-packages/airflow/example_dags/example_inlet_event_extra.py took 0.235 seconds
[2026-08-12T05:08:50.410+0000] {processor.py:186} INFO - Started process (PID=4500) to work on /home/airflow/.local/lib/python3.12/site-packages/airflow/example_dags/example_inlet_event_extra.py
[2026-08-12T05:08:50.412+0000] {processor.py:914} INFO - Processing file /home/airflow/.local/lib/python3.12/site-packages/airflow/example_dags/example_inlet_event_extra.py for tasks to queue
[2026-08-12T05:08:50.415+0000] {logging_mixin.py:190} INFO - [2026-08-12T05:08:50.415+0000] {dagbag.py:587} INFO - Filling up the DagBag from /home/airflow/.local/lib/python3.12/site-packages/airflow/example_dags/example_inlet_event_extra.py
[2026-08-12T05:08:50.628+0000] {processor.py:925} INFO - DAG(s) 'read_dataset_event_from_classic', 'read_dataset_event' retrieved from /home/airflow/.local/lib/python3.12/site-packages/airflow/example_dags/example_inlet_event_extra.py
[2026-08-12T05:08:50.653+0000] {logging_mixin.py:190} INFO - [2026-08-12T05:08:50.653+0000] {dag.py:3211} INFO - Sync 2 DAGs
[2026-08-12T05:08:50.683+0000] {logging_mixin.py:190} INFO - [2026-08-12T05:08:50.683+0000] {dag.py:4138} INFO - Setting next_dagrun for read_dataset_event to 2026-08-11 00:00:00+00:00, run_after=2026-08-12 00:00:00+00:00
[2026-08-12T05:08:50.690+0000] {logging_mixin.py:190} INFO - [2026-08-12T05:08:50.689+0000] {dag.py:4138} INFO - Setting next_dagrun for read_dataset_event_from_classic to 2026-08-11 00:00:00+00:00, run_after=2026-08-12 00:00:00+00:00
[2026-08-12T05:08:50.710+0000] {processor.py:208} INFO - Processing /home/airflow/.local/lib/python3.12/site-packages/airflow/example_dags/example_inlet_event_extra.py took 0.307 seconds
[2026-08-12T05:09:20.902+0000] {processor.py:186} INFO - Started process (PID=4564) to work on /home/airflow/.local/lib/python3.12/site-packages/airflow/example_dags/example_inlet_event_extra.py
[2026-08-12T05:09:20.911+0000] {processor.py:914} INFO - Processing file /home/airflow/.local/lib/python3.12/site-packages/airflow/example_dags/example_inlet_event_extra.py for tasks to queue
[2026-08-12T05:09:20.915+0000] {logging_mixin.py:190} INFO - [2026-08-12T05:09:20.914+0000] {dagbag.py:587} INFO - Filling up the DagBag from /home/airflow/.local/lib/python3.12/site-packages/airflow/example_dags/example_inlet_event_extra.py
[2026-08-12T05:09:21.049+0000] {processor.py:925} INFO - DAG(s) 'read_dataset_event', 'read_dataset_event_from_classic' retrieved from /home/airflow/.local/lib/python3.12/site-packages/airflow/example_dags/example_inlet_event_extra.py
[2026-08-12T05:09:21.074+0000] {logging_mixin.py:190} INFO - [2026-08-12T05:09:21.074+0000] {dag.py:3211} INFO - Sync 2 DAGs
[2026-08-12T05:09:21.095+0000] {logging_mixin.py:190} INFO - [2026-08-12T05:09:21.095+0000] {dag.py:4138} INFO - Setting next_dagrun for read_dataset_event to 2026-08-11 00:00:00+00:00, run_after=2026-08-12 00:00:00+00:00
[2026-08-12T05:09:21.100+0000] {logging_mixin.py:190} INFO - [2026-08-12T05:09:21.100+0000] {dag.py:4138} INFO - Setting next_dagrun for read_dataset_event_from_classic to 2026-08-11 00:00:00+00:00, run_after=2026-08-12 00:00:00+00:00
[2026-08-12T05:09:21.131+0000] {processor.py:208} INFO - Processing /home/airflow/.local/lib/python3.12/site-packages/airflow/example_dags/example_inlet_event_extra.py took 0.249 seconds
[2026-08-12T05:09:51.562+0000] {processor.py:186} INFO - Started process (PID=4625) to work on /home/airflow/.local/lib/python3.12/site-packages/airflow/example_dags/example_inlet_event_extra.py
[2026-08-12T05:09:51.564+0000] {processor.py:914} INFO - Processing file /home/airflow/.local/lib/python3.12/site-packages/airflow/example_dags/example_inlet_event_extra.py for tasks to queue
[2026-08-12T05:09:51.569+0000] {logging_mixin.py:190} INFO - [2026-08-12T05:09:51.568+0000] {dagbag.py:587} INFO - Filling up the DagBag from /home/airflow/.local/lib/python3.12/site-packages/airflow/example_dags/example_inlet_event_extra.py
[2026-08-12T05:09:51.723+0000] {processor.py:925} INFO - DAG(s) 'read_dataset_event_from_classic', 'read_dataset_event' retrieved from /home/airflow/.local/lib/python3.12/site-packages/airflow/example_dags/example_inlet_event_extra.py
[2026-08-12T05:09:51.750+0000] {logging_mixin.py:190} INFO - [2026-08-12T05:09:51.750+0000] {dag.py:3211} INFO - Sync 2 DAGs
[2026-08-12T05:09:51.809+0000] {logging_mixin.py:190} INFO - [2026-08-12T05:09:51.808+0000] {dag.py:4138} INFO - Setting next_dagrun for read_dataset_event to 2026-08-11 00:00:00+00:00, run_after=2026-08-12 00:00:00+00:00
[2026-08-12T05:09:51.818+0000] {logging_mixin.py:190} INFO - [2026-08-12T05:09:51.818+0000] {dag.py:4138} INFO - Setting next_dagrun for read_dataset_event_from_classic to 2026-08-11 00:00:00+00:00, run_after=2026-08-12 00:00:00+00:00
[2026-08-12T05:09:51.835+0000] {processor.py:208} INFO - Processing /home/airflow/.local/lib/python3.12/site-packages/airflow/example_dags/example_inlet_event_extra.py took 0.279 seconds
[2026-08-12T05:10:22.246+0000] {processor.py:186} INFO - Started process (PID=4688) to work on /home/airflow/.local/lib/python3.12/site-packages/airflow/example_dags/example_inlet_event_extra.py
[2026-08-12T05:10:22.248+0000] {processor.py:914} INFO - Processing file /home/airflow/.local/lib/python3.12/site-packages/airflow/example_dags/example_inlet_event_extra.py for tasks to queue
[2026-08-12T05:10:22.251+0000] {logging_mixin.py:190} INFO - [2026-08-12T05:10:22.251+0000] {dagbag.py:587} INFO - Filling up the DagBag from /home/airflow/.local/lib/python3.12/site-packages/airflow/example_dags/example_inlet_event_extra.py
[2026-08-12T05:10:22.418+0000] {processor.py:925} INFO - DAG(s) 'read_dataset_event_from_classic', 'read_dataset_event' retrieved from /home/airflow/.local/lib/python3.12/site-packages/airflow/example_dags/example_inlet_event_extra.py
[2026-08-12T05:10:22.445+0000] {logging_mixin.py:190} INFO - [2026-08-12T05:10:22.445+0000] {dag.py:3211} INFO - Sync 2 DAGs
[2026-08-12T05:10:22.474+0000] {logging_mixin.py:190} INFO - [2026-08-12T05:10:22.474+0000] {dag.py:4138} INFO - Setting next_dagrun for read_dataset_event to 2026-08-11 00:00:00+00:00, run_after=2026-08-12 00:00:00+00:00
[2026-08-12T05:10:22.480+0000] {logging_mixin.py:190} INFO - [2026-08-12T05:10:22.479+0000] {dag.py:4138} INFO - Setting next_dagrun for read_dataset_event_from_classic to 2026-08-11 00:00:00+00:00, run_after=2026-08-12 00:00:00+00:00
[2026-08-12T05:10:22.499+0000] {processor.py:208} INFO - Processing /home/airflow/.local/lib/python3.12/site-packages/airflow/example_dags/example_inlet_event_extra.py took 0.262 seconds
[2026-08-12T05:10:52.618+0000] {processor.py:186} INFO - Started process (PID=4751) to work on /home/airflow/.local/lib/python3.12/site-packages/airflow/example_dags/example_inlet_event_extra.py
[2026-08-12T05:10:52.620+0000] {processor.py:914} INFO - Processing file /home/airflow/.local/lib/python3.12/site-packages/airflow/example_dags/example_inlet_event_extra.py for tasks to queue
[2026-08-12T05:10:52.624+0000] {logging_mixin.py:190} INFO - [2026-08-12T05:10:52.623+0000] {dagbag.py:587} INFO - Filling up the DagBag from /home/airflow/.local/lib/python3.12/site-packages/airflow/example_dags/example_inlet_event_extra.py
[2026-08-12T05:10:52.774+0000] {processor.py:925} INFO - DAG(s) 'read_dataset_event', 'read_dataset_event_from_classic' retrieved from /home/airflow/.local/lib/python3.12/site-packages/airflow/example_dags/example_inlet_event_extra.py
[2026-08-12T05:10:52.800+0000] {logging_mixin.py:190} INFO - [2026-08-12T05:10:52.800+0000] {dag.py:3211} INFO - Sync 2 DAGs
[2026-08-12T05:10:52.830+0000] {logging_mixin.py:190} INFO - [2026-08-12T05:10:52.830+0000] {dag.py:4138} INFO - Setting next_dagrun for read_dataset_event to 2026-08-11 00:00:00+00:00, run_after=2026-08-12 00:00:00+00:00
[2026-08-12T05:10:52.836+0000] {logging_mixin.py:190} INFO - [2026-08-12T05:10:52.836+0000] {dag.py:4138} INFO - Setting next_dagrun for read_dataset_event_from_classic to 2026-08-11 00:00:00+00:00, run_after=2026-08-12 00:00:00+00:00
[2026-08-12T05:10:52.858+0000] {processor.py:208} INFO - Processing /home/airflow/.local/lib/python3.12/site-packages/airflow/example_dags/example_inlet_event_extra.py took 0.246 seconds
[2026-08-12T05:11:23.213+0000] {processor.py:186} INFO - Started process (PID=4814) to work on /home/airflow/.local/lib/python3.12/site-packages/airflow/example_dags/example_inlet_event_extra.py
[2026-08-12T05:11:23.214+0000] {processor.py:914} INFO - Processing file /home/airflow/.local/lib/python3.12/site-packages/airflow/example_dags/example_inlet_event_extra.py for tasks to queue
[2026-08-12T05:11:23.218+0000] {logging_mixin.py:190} INFO - [2026-08-12T05:11:23.217+0000] {dagbag.py:587} INFO - Filling up the DagBag from /home/airflow/.local/lib/python3.12/site-packages/airflow/example_dags/example_inlet_event_extra.py
[2026-08-12T05:11:23.360+0000] {processor.py:925} INFO - DAG(s) 'read_dataset_event_from_classic', 'read_dataset_event' retrieved from /home/airflow/.local/lib/python3.12/site-packages/airflow/example_dags/example_inlet_event_extra.py
[2026-08-12T05:11:23.384+0000] {logging_mixin.py:190} INFO - [2026-08-12T05:11:23.384+0000] {dag.py:3211} INFO - Sync 2 DAGs
[2026-08-12T05:11:23.407+0000] {logging_mixin.py:190} INFO - [2026-08-12T05:11:23.407+0000] {dag.py:4138} INFO - Setting next_dagrun for read_dataset_event to 2026-08-11 00:00:00+00:00, run_after=2026-08-12 00:00:00+00:00
[2026-08-12T05:11:23.413+0000] {logging_mixin.py:190} INFO - [2026-08-12T05:11:23.412+0000] {dag.py:4138} INFO - Setting next_dagrun for read_dataset_event_from_classic to 2026-08-11 00:00:00+00:00, run_after=2026-08-12 00:00:00+00:00
[2026-08-12T05:11:23.430+0000] {processor.py:208} INFO - Processing /home/airflow/.local/lib/python3.12/site-packages/airflow/example_dags/example_inlet_event_extra.py took 0.224 seconds
[2026-08-12T05:11:53.655+0000] {processor.py:186} INFO - Started process (PID=4877) to work on /home/airflow/.local/lib/python3.12/site-packages/airflow/example_dags/example_inlet_event_extra.py
[2026-08-12T05:11:53.656+0000] {processor.py:914} INFO - Processing file /home/airflow/.local/lib/python3.12/site-packages/airflow/example_dags/example_inlet_event_extra.py for tasks to queue
[2026-08-12T05:11:53.659+0000] {logging_mixin.py:190} INFO - [2026-08-12T05:11:53.659+0000] {dagbag.py:587} INFO - Filling up the DagBag from /home/airflow/.local/lib/python3.12/site-packages/airflow/example_dags/example_inlet_event_extra.py
[2026-08-12T05:11:53.810+0000] {processor.py:925} INFO - DAG(s) 'read_dataset_event', 'read_dataset_event_from_classic' retrieved from /home/airflow/.local/lib/python3.12/site-packages/airflow/example_dags/example_inlet_event_extra.py
[2026-08-12T05:11:53.835+0000] {logging_mixin.py:190} INFO - [2026-08-12T05:11:53.835+0000] {dag.py:3211} INFO - Sync 2 DAGs
[2026-08-12T05:11:53.860+0000] {logging_mixin.py:190} INFO - [2026-08-12T05:11:53.859+0000] {dag.py:4138} INFO - Setting next_dagrun for read_dataset_event to 2026-08-11 00:00:00+00:00, run_after=2026-08-12 00:00:00+00:00
[2026-08-12T05:11:53.865+0000] {logging_mixin.py:190} INFO - [2026-08-12T05:11:53.864+0000] {dag.py:4138} INFO - Setting next_dagrun for read_dataset_event_from_classic to 2026-08-11 00:00:00+00:00, run_after=2026-08-12 00:00:00+00:00
[2026-08-12T05:11:53.881+0000] {processor.py:208} INFO - Processing /home/airflow/.local/lib/python3.12/site-packages/airflow/example_dags/example_inlet_event_extra.py took 0.243 seconds
[2026-08-12T05:12:24.605+0000] {processor.py:186} INFO - Started process (PID=4940) to work on /home/airflow/.local/lib/python3.12/site-packages/airflow/example_dags/example_inlet_event_extra.py
[2026-08-12T05:12:24.607+0000] {processor.py:914} INFO - Processing file /home/airflow/.local/lib/python3.12/site-packages/airflow/example_dags/example_inlet_event_extra.py for tasks to queue
[2026-08-12T05:12:24.609+0000] {logging_mixin.py:190} INFO - [2026-08-12T05:12:24.609+0000] {dagbag.py:587} INFO - Filling up the DagBag from /home/airflow/.local/lib/python3.12/site-packages/airflow/example_dags/example_inlet_event_extra.py
[2026-08-12T05:12:24.771+0000] {processor.py:925} INFO - DAG(s) 'read_dataset_event_from_classic', 'read_dataset_event' retrieved from /home/airflow/.local/lib/python3.12/site-packages/airflow/example_dags/example_inlet_event_extra.py
[2026-08-12T05:12:24.797+0000] {logging_mixin.py:190} INFO - [2026-08-12T05:12:24.797+0000] {dag.py:3211} INFO - Sync 2 DAGs
[2026-08-12T05:12:24.823+0000] {logging_mixin.py:190} INFO - [2026-08-12T05:12:24.823+0000] {dag.py:4138} INFO - Setting next_dagrun for read_dataset_event to 2026-08-11 00:00:00+00:00, run_after=2026-08-12 00:00:00+00:00
[2026-08-12T05:12:24.828+0000] {logging_mixin.py:190} INFO - [2026-08-12T05:12:24.828+0000] {dag.py:4138} INFO - Setting next_dagrun for read_dataset_event_from_classic to 2026-08-11 00:00:00+00:00, run_after=2026-08-12 00:00:00+00:00
[2026-08-12T05:12:24.845+0000] {processor.py:208} INFO - Processing /home/airflow/.local/lib/python3.12/site-packages/airflow/example_dags/example_inlet_event_extra.py took 0.248 seconds
[2026-08-12T05:12:54.957+0000] {processor.py:186} INFO - Started process (PID=5003) to work on /home/airflow/.local/lib/python3.12/site-packages/airflow/example_dags/example_inlet_event_extra.py
[2026-08-12T05:12:54.959+0000] {processor.py:914} INFO - Processing file /home/airflow/.local/lib/python3.12/site-packages/airflow/example_dags/example_inlet_event_extra.py for tasks to queue
[2026-08-12T05:12:54.963+0000] {logging_mixin.py:190} INFO - [2026-08-12T05:12:54.962+0000] {dagbag.py:587} INFO - Filling up the DagBag from /home/airflow/.local/lib/python3.12/site-packages/airflow/example_dags/example_inlet_event_extra.py
[2026-08-12T05:12:55.104+0000] {processor.py:925} INFO - DAG(s) 'read_dataset_event_from_classic', 'read_dataset_event' retrieved from /home/airflow/.local/lib/python3.12/site-packages/airflow/example_dags/example_inlet_event_extra.py
[2026-08-12T05:12:55.132+0000] {logging_mixin.py:190} INFO - [2026-08-12T05:12:55.131+0000] {dag.py:3211} INFO - Sync 2 DAGs
[2026-08-12T05:12:55.168+0000] {logging_mixin.py:190} INFO - [2026-08-12T05:12:55.168+0000] {dag.py:4138} INFO - Setting next_dagrun for read_dataset_event to 2026-08-11 00:00:00+00:00, run_after=2026-08-12 00:00:00+00:00
[2026-08-12T05:12:55.176+0000] {logging_mixin.py:190} INFO - [2026-08-12T05:12:55.176+0000] {dag.py:4138} INFO - Setting next_dagrun for read_dataset_event_from_classic to 2026-08-11 00:00:00+00:00, run_after=2026-08-12 00:00:00+00:00
[2026-08-12T05:12:55.202+0000] {processor.py:208} INFO - Processing /home/airflow/.local/lib/python3.12/site-packages/airflow/example_dags/example_inlet_event_extra.py took 0.252 seconds
[2026-08-12T05:13:25.405+0000] {processor.py:186} INFO - Started process (PID=5066) to work on /home/airflow/.local/lib/python3.12/site-packages/airflow/example_dags/example_inlet_event_extra.py
[2026-08-12T05:13:25.407+0000] {processor.py:914} INFO - Processing file /home/airflow/.local/lib/python3.12/site-packages/airflow/example_dags/example_inlet_event_extra.py for tasks to queue
[2026-08-12T05:13:25.410+0000] {logging_mixin.py:190} INFO - [2026-08-12T05:13:25.409+0000] {dagbag.py:587} INFO - Filling up the DagBag from /home/airflow/.local/lib/python3.12/site-packages/airflow/example_dags/example_inlet_event_extra.py
[2026-08-12T05:13:25.590+0000] {processor.py:925} INFO - DAG(s) 'read_dataset_event_from_classic', 'read_dataset_event' retrieved from /home/airflow/.local/lib/python3.12/site-packages/airflow/example_dags/example_inlet_event_extra.py
[2026-08-12T05:13:25.616+0000] {logging_mixin.py:190} INFO - [2026-08-12T05:13:25.616+0000] {dag.py:3211} INFO - Sync 2 DAGs
[2026-08-12T05:13:25.644+0000] {logging_mixin.py:190} INFO - [2026-08-12T05:13:25.644+0000] {dag.py:4138} INFO - Setting next_dagrun for read_dataset_event to 2026-08-11 00:00:00+00:00, run_after=2026-08-12 00:00:00+00:00
[2026-08-12T05:13:25.650+0000] {logging_mixin.py:190} INFO - [2026-08-12T05:13:25.650+0000] {dag.py:4138} INFO - Setting next_dagrun for read_dataset_event_from_classic to 2026-08-11 00:00:00+00:00, run_after=2026-08-12 00:00:00+00:00
[2026-08-12T05:13:25.670+0000] {processor.py:208} INFO - Processing /home/airflow/.local/lib/python3.12/site-packages/airflow/example_dags/example_inlet_event_extra.py took 0.270 seconds
[2026-08-12T05:13:56.042+0000] {processor.py:186} INFO - Started process (PID=5129) to work on /home/airflow/.local/lib/python3.12/site-packages/airflow/example_dags/example_inlet_event_extra.py
[2026-08-12T05:13:56.043+0000] {processor.py:914} INFO - Processing file /home/airflow/.local/lib/python3.12/site-packages/airflow/example_dags/example_inlet_event_extra.py for tasks to queue
[2026-08-12T05:13:56.047+0000] {logging_mixin.py:190} INFO - [2026-08-12T05:13:56.046+0000] {dagbag.py:587} INFO - Filling up the DagBag from /home/airflow/.local/lib/python3.12/site-packages/airflow/example_dags/example_inlet_event_extra.py
[2026-08-12T05:13:56.183+0000] {processor.py:925} INFO - DAG(s) 'read_dataset_event_from_classic', 'read_dataset_event' retrieved from /home/airflow/.local/lib/python3.12/site-packages/airflow/example_dags/example_inlet_event_extra.py
[2026-08-12T05:13:56.204+0000] {logging_mixin.py:190} INFO - [2026-08-12T05:13:56.204+0000] {dag.py:3211} INFO - Sync 2 DAGs
[2026-08-12T05:13:56.227+0000] {logging_mixin.py:190} INFO - [2026-08-12T05:13:56.226+0000] {dag.py:4138} INFO - Setting next_dagrun for read_dataset_event to 2026-08-11 00:00:00+00:00, run_after=2026-08-12 00:00:00+00:00
[2026-08-12T05:13:56.232+0000] {logging_mixin.py:190} INFO - [2026-08-12T05:13:56.232+0000] {dag.py:4138} INFO - Setting next_dagrun for read_dataset_event_from_classic to 2026-08-11 00:00:00+00:00, run_after=2026-08-12 00:00:00+00:00
[2026-08-12T05:13:56.250+0000] {processor.py:208} INFO - Processing /home/airflow/.local/lib/python3.12/site-packages/airflow/example_dags/example_inlet_event_extra.py took 0.214 seconds
[2026-08-12T05:14:26.530+0000] {processor.py:186} INFO - Started process (PID=5192) to work on /home/airflow/.local/lib/python3.12/site-packages/airflow/example_dags/example_inlet_event_extra.py
[2026-08-12T05:14:26.532+0000] {processor.py:914} INFO - Processing file /home/airflow/.local/lib/python3.12/site-packages/airflow/example_dags/example_inlet_event_extra.py for tasks to queue
[2026-08-12T05:14:26.535+0000] {logging_mixin.py:190} INFO - [2026-08-12T05:14:26.534+0000] {dagbag.py:587} INFO - Filling up the DagBag from /home/airflow/.local/lib/python3.12/site-packages/airflow/example_dags/example_inlet_event_extra.py
[2026-08-12T05:14:26.670+0000] {processor.py:925} INFO - DAG(s) 'read_dataset_event', 'read_dataset_event_from_classic' retrieved from /home/airflow/.local/lib/python3.12/site-packages/airflow/example_dags/example_inlet_event_extra.py
[2026-08-12T05:14:26.693+0000] {logging_mixin.py:190} INFO - [2026-08-12T05:14:26.693+0000] {dag.py:3211} INFO - Sync 2 DAGs
[2026-08-12T05:14:26.722+0000] {logging_mixin.py:190} INFO - [2026-08-12T05:14:26.722+0000] {dag.py:4138} INFO - Setting next_dagrun for read_dataset_event to 2026-08-11 00:00:00+00:00, run_after=2026-08-12 00:00:00+00:00
[2026-08-12T05:14:26.727+0000] {logging_mixin.py:190} INFO - [2026-08-12T05:14:26.727+0000] {dag.py:4138} INFO - Setting next_dagrun for read_dataset_event_from_classic to 2026-08-11 00:00:00+00:00, run_after=2026-08-12 00:00:00+00:00
[2026-08-12T05:14:26.746+0000] {processor.py:208} INFO - Processing /home/airflow/.local/lib/python3.12/site-packages/airflow/example_dags/example_inlet_event_extra.py took 0.221 seconds
[2026-08-12T05:14:57.209+0000] {processor.py:186} INFO - Started process (PID=5255) to work on /home/airflow/.local/lib/python3.12/site-packages/airflow/example_dags/example_inlet_event_extra.py
[2026-08-12T05:14:57.211+0000] {processor.py:914} INFO - Processing file /home/airflow/.local/lib/python3.12/site-packages/airflow/example_dags/example_inlet_event_extra.py for tasks to queue
[2026-08-12T05:14:57.214+0000] {logging_mixin.py:190} INFO - [2026-08-12T05:14:57.214+0000] {dagbag.py:587} INFO - Filling up the DagBag from /home/airflow/.local/lib/python3.12/site-packages/airflow/example_dags/example_inlet_event_extra.py
[2026-08-12T05:14:57.350+0000] {processor.py:925} INFO - DAG(s) 'read_dataset_event_from_classic', 'read_dataset_event' retrieved from /home/airflow/.local/lib/python3.12/site-packages/airflow/example_dags/example_inlet_event_extra.py
[2026-08-12T05:14:57.377+0000] {logging_mixin.py:190} INFO - [2026-08-12T05:14:57.377+0000] {dag.py:3211} INFO - Sync 2 DAGs
[2026-08-12T05:14:57.402+0000] {logging_mixin.py:190} INFO - [2026-08-12T05:14:57.401+0000] {dag.py:4138} INFO - Setting next_dagrun for read_dataset_event to 2026-08-11 00:00:00+00:00, run_after=2026-08-12 00:00:00+00:00
[2026-08-12T05:14:57.407+0000] {logging_mixin.py:190} INFO - [2026-08-12T05:14:57.407+0000] {dag.py:4138} INFO - Setting next_dagrun for read_dataset_event_from_classic to 2026-08-11 00:00:00+00:00, run_after=2026-08-12 00:00:00+00:00
[2026-08-12T05:14:57.427+0000] {processor.py:208} INFO - Processing /home/airflow/.local/lib/python3.12/site-packages/airflow/example_dags/example_inlet_event_extra.py took 0.237 seconds
[2026-08-12T05:15:27.647+0000] {processor.py:186} INFO - Started process (PID=5318) to work on /home/airflow/.local/lib/python3.12/site-packages/airflow/example_dags/example_inlet_event_extra.py
[2026-08-12T05:15:27.649+0000] {processor.py:914} INFO - Processing file /home/airflow/.local/lib/python3.12/site-packages/airflow/example_dags/example_inlet_event_extra.py for tasks to queue
[2026-08-12T05:15:27.652+0000] {logging_mixin.py:190} INFO - [2026-08-12T05:15:27.651+0000] {dagbag.py:587} INFO - Filling up the DagBag from /home/airflow/.local/lib/python3.12/site-packages/airflow/example_dags/example_inlet_event_extra.py
[2026-08-12T05:15:27.798+0000] {processor.py:925} INFO - DAG(s) 'read_dataset_event', 'read_dataset_event_from_classic' retrieved from /home/airflow/.local/lib/python3.12/site-packages/airflow/example_dags/example_inlet_event_extra.py
[2026-08-12T05:15:27.820+0000] {logging_mixin.py:190} INFO - [2026-08-12T05:15:27.820+0000] {dag.py:3211} INFO - Sync 2 DAGs
[2026-08-12T05:15:27.846+0000] {logging_mixin.py:190} INFO - [2026-08-12T05:15:27.846+0000] {dag.py:4138} INFO - Setting next_dagrun for read_dataset_event to 2026-08-11 00:00:00+00:00, run_after=2026-08-12 00:00:00+00:00
[2026-08-12T05:15:27.851+0000] {logging_mixin.py:190} INFO - [2026-08-12T05:15:27.851+0000] {dag.py:4138} INFO - Setting next_dagrun for read_dataset_event_from_classic to 2026-08-11 00:00:00+00:00, run_after=2026-08-12 00:00:00+00:00
[2026-08-12T05:15:27.868+0000] {processor.py:208} INFO - Processing /home/airflow/.local/lib/python3.12/site-packages/airflow/example_dags/example_inlet_event_extra.py took 0.226 seconds
[2026-08-12T05:15:58.356+0000] {processor.py:186} INFO - Started process (PID=5381) to work on /home/airflow/.local/lib/python3.12/site-packages/airflow/example_dags/example_inlet_event_extra.py
[2026-08-12T05:15:58.358+0000] {processor.py:914} INFO - Processing file /home/airflow/.local/lib/python3.12/site-packages/airflow/example_dags/example_inlet_event_extra.py for tasks to queue
[2026-08-12T05:15:58.364+0000] {logging_mixin.py:190} INFO - [2026-08-12T05:15:58.363+0000] {dagbag.py:587} INFO - Filling up the DagBag from /home/airflow/.local/lib/python3.12/site-packages/airflow/example_dags/example_inlet_event_extra.py
[2026-08-12T05:15:58.526+0000] {processor.py:925} INFO - DAG(s) 'read_dataset_event_from_classic', 'read_dataset_event' retrieved from /home/airflow/.local/lib/python3.12/site-packages/airflow/example_dags/example_inlet_event_extra.py
[2026-08-12T05:15:58.549+0000] {logging_mixin.py:190} INFO - [2026-08-12T05:15:58.549+0000] {dag.py:3211} INFO - Sync 2 DAGs
[2026-08-12T05:15:58.575+0000] {logging_mixin.py:190} INFO - [2026-08-12T05:15:58.575+0000] {dag.py:4138} INFO - Setting next_dagrun for read_dataset_event to 2026-08-11 00:00:00+00:00, run_after=2026-08-12 00:00:00+00:00
[2026-08-12T05:15:58.580+0000] {logging_mixin.py:190} INFO - [2026-08-12T05:15:58.580+0000] {dag.py:4138} INFO - Setting next_dagrun for read_dataset_event_from_classic to 2026-08-11 00:00:00+00:00, run_after=2026-08-12 00:00:00+00:00
[2026-08-12T05:15:58.601+0000] {processor.py:208} INFO - Processing /home/airflow/.local/lib/python3.12/site-packages/airflow/example_dags/example_inlet_event_extra.py took 0.254 seconds
[2026-08-12T05:16:28.954+0000] {processor.py:186} INFO - Started process (PID=5444) to work on /home/airflow/.local/lib/python3.12/site-packages/airflow/example_dags/example_inlet_event_extra.py
[2026-08-12T05:16:28.956+0000] {processor.py:914} INFO - Processing file /home/airflow/.local/lib/python3.12/site-packages/airflow/example_dags/example_inlet_event_extra.py for tasks to queue
[2026-08-12T05:16:28.959+0000] {logging_mixin.py:190} INFO - [2026-08-12T05:16:28.958+0000] {dagbag.py:587} INFO - Filling up the DagBag from /home/airflow/.local/lib/python3.12/site-packages/airflow/example_dags/example_inlet_event_extra.py
[2026-08-12T05:16:29.091+0000] {processor.py:925} INFO - DAG(s) 'read_dataset_event', 'read_dataset_event_from_classic' retrieved from /home/airflow/.local/lib/python3.12/site-packages/airflow/example_dags/example_inlet_event_extra.py
[2026-08-12T05:16:29.114+0000] {logging_mixin.py:190} INFO - [2026-08-12T05:16:29.114+0000] {dag.py:3211} INFO - Sync 2 DAGs
[2026-08-12T05:16:29.141+0000] {logging_mixin.py:190} INFO - [2026-08-12T05:16:29.141+0000] {dag.py:4138} INFO - Setting next_dagrun for read_dataset_event to 2026-08-11 00:00:00+00:00, run_after=2026-08-12 00:00:00+00:00
[2026-08-12T05:16:29.147+0000] {logging_mixin.py:190} INFO - [2026-08-12T05:16:29.147+0000] {dag.py:4138} INFO - Setting next_dagrun for read_dataset_event_from_classic to 2026-08-11 00:00:00+00:00, run_after=2026-08-12 00:00:00+00:00
[2026-08-12T05:16:29.166+0000] {processor.py:208} INFO - Processing /home/airflow/.local/lib/python3.12/site-packages/airflow/example_dags/example_inlet_event_extra.py took 0.217 seconds
[2026-08-12T05:16:59.369+0000] {processor.py:186} INFO - Started process (PID=5507) to work on /home/airflow/.local/lib/python3.12/site-packages/airflow/example_dags/example_inlet_event_extra.py
[2026-08-12T05:16:59.370+0000] {processor.py:914} INFO - Processing file /home/airflow/.local/lib/python3.12/site-packages/airflow/example_dags/example_inlet_event_extra.py for tasks to queue
[2026-08-12T05:16:59.374+0000] {logging_mixin.py:190} INFO - [2026-08-12T05:16:59.374+0000] {dagbag.py:587} INFO - Filling up the DagBag from /home/airflow/.local/lib/python3.12/site-packages/airflow/example_dags/example_inlet_event_extra.py
[2026-08-12T05:16:59.545+0000] {processor.py:925} INFO - DAG(s) 'read_dataset_event_from_classic', 'read_dataset_event' retrieved from /home/airflow/.local/lib/python3.12/site-packages/airflow/example_dags/example_inlet_event_extra.py
[2026-08-12T05:16:59.567+0000] {logging_mixin.py:190} INFO - [2026-08-12T05:16:59.567+0000] {dag.py:3211} INFO - Sync 2 DAGs
[2026-08-12T05:16:59.590+0000] {logging_mixin.py:190} INFO - [2026-08-12T05:16:59.590+0000] {dag.py:4138} INFO - Setting next_dagrun for read_dataset_event to 2026-08-11 00:00:00+00:00, run_after=2026-08-12 00:00:00+00:00
[2026-08-12T05:16:59.595+0000] {logging_mixin.py:190} INFO - [2026-08-12T05:16:59.595+0000] {dag.py:4138} INFO - Setting next_dagrun for read_dataset_event_from_classic to 2026-08-11 00:00:00+00:00, run_after=2026-08-12 00:00:00+00:00
[2026-08-12T05:16:59.613+0000] {processor.py:208} INFO - Processing /home/airflow/.local/lib/python3.12/site-packages/airflow/example_dags/example_inlet_event_extra.py took 0.250 seconds
[2026-08-12T05:17:29.956+0000] {processor.py:186} INFO - Started process (PID=5570) to work on /home/airflow/.local/lib/python3.12/site-packages/airflow/example_dags/example_inlet_event_extra.py
[2026-08-12T05:17:29.958+0000] {processor.py:914} INFO - Processing file /home/airflow/.local/lib/python3.12/site-packages/airflow/example_dags/example_inlet_event_extra.py for tasks to queue
[2026-08-12T05:17:29.963+0000] {logging_mixin.py:190} INFO - [2026-08-12T05:17:29.962+0000] {dagbag.py:587} INFO - Filling up the DagBag from /home/airflow/.local/lib/python3.12/site-packages/airflow/example_dags/example_inlet_event_extra.py
[2026-08-12T05:17:30.157+0000] {processor.py:925} INFO - DAG(s) 'read_dataset_event_from_classic', 'read_dataset_event' retrieved from /home/airflow/.local/lib/python3.12/site-packages/airflow/example_dags/example_inlet_event_extra.py
[2026-08-12T05:17:30.184+0000] {logging_mixin.py:190} INFO - [2026-08-12T05:17:30.184+0000] {dag.py:3211} INFO - Sync 2 DAGs
[2026-08-12T05:17:30.210+0000] {logging_mixin.py:190} INFO - [2026-08-12T05:17:30.210+0000] {dag.py:4138} INFO - Setting next_dagrun for read_dataset_event to 2026-08-11 00:00:00+00:00, run_after=2026-08-12 00:00:00+00:00
[2026-08-12T05:17:30.216+0000] {logging_mixin.py:190} INFO - [2026-08-12T05:17:30.215+0000] {dag.py:4138} INFO - Setting next_dagrun for read_dataset_event_from_classic to 2026-08-11 00:00:00+00:00, run_after=2026-08-12 00:00:00+00:00
[2026-08-12T05:17:30.233+0000] {processor.py:208} INFO - Processing /home/airflow/.local/lib/python3.12/site-packages/airflow/example_dags/example_inlet_event_extra.py took 0.287 seconds
[2026-08-12T05:18:00.993+0000] {processor.py:186} INFO - Started process (PID=5633) to work on /home/airflow/.local/lib/python3.12/site-packages/airflow/example_dags/example_inlet_event_extra.py
[2026-08-12T05:18:00.995+0000] {processor.py:914} INFO - Processing file /home/airflow/.local/lib/python3.12/site-packages/airflow/example_dags/example_inlet_event_extra.py for tasks to queue
[2026-08-12T05:18:00.998+0000] {logging_mixin.py:190} INFO - [2026-08-12T05:18:00.997+0000] {dagbag.py:587} INFO - Filling up the DagBag from /home/airflow/.local/lib/python3.12/site-packages/airflow/example_dags/example_inlet_event_extra.py
[2026-08-12T05:18:01.156+0000] {processor.py:925} INFO - DAG(s) 'read_dataset_event_from_classic', 'read_dataset_event' retrieved from /home/airflow/.local/lib/python3.12/site-packages/airflow/example_dags/example_inlet_event_extra.py
[2026-08-12T05:18:01.188+0000] {logging_mixin.py:190} INFO - [2026-08-12T05:18:01.188+0000] {dag.py:3211} INFO - Sync 2 DAGs
[2026-08-12T05:18:01.230+0000] {logging_mixin.py:190} INFO - [2026-08-12T05:18:01.230+0000] {dag.py:4138} INFO - Setting next_dagrun for read_dataset_event to 2026-08-11 00:00:00+00:00, run_after=2026-08-12 00:00:00+00:00
[2026-08-12T05:18:01.239+0000] {logging_mixin.py:190} INFO - [2026-08-12T05:18:01.238+0000] {dag.py:4138} INFO - Setting next_dagrun for read_dataset_event_from_classic to 2026-08-11 00:00:00+00:00, run_after=2026-08-12 00:00:00+00:00
[2026-08-12T05:18:01.266+0000] {processor.py:208} INFO - Processing /home/airflow/.local/lib/python3.12/site-packages/airflow/example_dags/example_inlet_event_extra.py took 0.280 seconds
[2026-08-12T05:18:31.831+0000] {processor.py:186} INFO - Started process (PID=5696) to work on /home/airflow/.local/lib/python3.12/site-packages/airflow/example_dags/example_inlet_event_extra.py
[2026-08-12T05:18:31.833+0000] {processor.py:914} INFO - Processing file /home/airflow/.local/lib/python3.12/site-packages/airflow/example_dags/example_inlet_event_extra.py for tasks to queue
[2026-08-12T05:18:31.839+0000] {logging_mixin.py:190} INFO - [2026-08-12T05:18:31.838+0000] {dagbag.py:587} INFO - Filling up the DagBag from /home/airflow/.local/lib/python3.12/site-packages/airflow/example_dags/example_inlet_event_extra.py
[2026-08-12T05:18:32.016+0000] {processor.py:925} INFO - DAG(s) 'read_dataset_event_from_classic', 'read_dataset_event' retrieved from /home/airflow/.local/lib/python3.12/site-packages/airflow/example_dags/example_inlet_event_extra.py
[2026-08-12T05:18:32.042+0000] {logging_mixin.py:190} INFO - [2026-08-12T05:18:32.042+0000] {dag.py:3211} INFO - Sync 2 DAGs
[2026-08-12T05:18:32.073+0000] {logging_mixin.py:190} INFO - [2026-08-12T05:18:32.072+0000] {dag.py:4138} INFO - Setting next_dagrun for read_dataset_event to 2026-08-11 00:00:00+00:00, run_after=2026-08-12 00:00:00+00:00
[2026-08-12T05:18:32.078+0000] {logging_mixin.py:190} INFO - [2026-08-12T05:18:32.078+0000] {dag.py:4138} INFO - Setting next_dagrun for read_dataset_event_from_classic to 2026-08-11 00:00:00+00:00, run_after=2026-08-12 00:00:00+00:00
[2026-08-12T05:18:32.095+0000] {processor.py:208} INFO - Processing /home/airflow/.local/lib/python3.12/site-packages/airflow/example_dags/example_inlet_event_extra.py took 0.273 seconds
[2026-08-12T05:19:13.513+0000] {processor.py:186} INFO - Started process (PID=5764) to work on /home/airflow/.local/lib/python3.12/site-packages/airflow/example_dags/example_inlet_event_extra.py
[2026-08-12T05:19:13.543+0000] {processor.py:914} INFO - Processing file /home/airflow/.local/lib/python3.12/site-packages/airflow/example_dags/example_inlet_event_extra.py for tasks to queue
[2026-08-12T05:19:13.563+0000] {logging_mixin.py:190} INFO - [2026-08-12T05:19:13.562+0000] {dagbag.py:587} INFO - Filling up the DagBag from /home/airflow/.local/lib/python3.12/site-packages/airflow/example_dags/example_inlet_event_extra.py
[2026-08-12T05:19:14.447+0000] {processor.py:925} INFO - DAG(s) 'read_dataset_event_from_classic', 'read_dataset_event' retrieved from /home/airflow/.local/lib/python3.12/site-packages/airflow/example_dags/example_inlet_event_extra.py
[2026-08-12T05:19:14.547+0000] {logging_mixin.py:190} INFO - [2026-08-12T05:19:14.547+0000] {dag.py:3211} INFO - Sync 2 DAGs
[2026-08-12T05:19:14.696+0000] {logging_mixin.py:190} INFO - [2026-08-12T05:19:14.695+0000] {dag.py:4138} INFO - Setting next_dagrun for read_dataset_event to 2026-08-11 00:00:00+00:00, run_after=2026-08-12 00:00:00+00:00
[2026-08-12T05:19:14.740+0000] {logging_mixin.py:190} INFO - [2026-08-12T05:19:14.739+0000] {dag.py:4138} INFO - Setting next_dagrun for read_dataset_event_from_classic to 2026-08-11 00:00:00+00:00, run_after=2026-08-12 00:00:00+00:00
[2026-08-12T05:19:14.806+0000] {processor.py:208} INFO - Processing /home/airflow/.local/lib/python3.12/site-packages/airflow/example_dags/example_inlet_event_extra.py took 1.330 seconds
[2026-08-12T05:19:45.736+0000] {processor.py:186} INFO - Started process (PID=5827) to work on /home/airflow/.local/lib/python3.12/site-packages/airflow/example_dags/example_inlet_event_extra.py
[2026-08-12T05:19:45.740+0000] {processor.py:914} INFO - Processing file /home/airflow/.local/lib/python3.12/site-packages/airflow/example_dags/example_inlet_event_extra.py for tasks to queue
[2026-08-12T05:19:45.748+0000] {logging_mixin.py:190} INFO - [2026-08-12T05:19:45.747+0000] {dagbag.py:587} INFO - Filling up the DagBag from /home/airflow/.local/lib/python3.12/site-packages/airflow/example_dags/example_inlet_event_extra.py
[2026-08-12T05:19:46.224+0000] {processor.py:925} INFO - DAG(s) 'read_dataset_event_from_classic', 'read_dataset_event' retrieved from /home/airflow/.local/lib/python3.12/site-packages/airflow/example_dags/example_inlet_event_extra.py
[2026-08-12T05:19:46.274+0000] {logging_mixin.py:190} INFO - [2026-08-12T05:19:46.273+0000] {dag.py:3211} INFO - Sync 2 DAGs
[2026-08-12T05:19:46.341+0000] {logging_mixin.py:190} INFO - [2026-08-12T05:19:46.340+0000] {dag.py:4138} INFO - Setting next_dagrun for read_dataset_event to 2026-08-11 00:00:00+00:00, run_after=2026-08-12 00:00:00+00:00
[2026-08-12T05:19:46.356+0000] {logging_mixin.py:190} INFO - [2026-08-12T05:19:46.356+0000] {dag.py:4138} INFO - Setting next_dagrun for read_dataset_event_from_classic to 2026-08-11 00:00:00+00:00, run_after=2026-08-12 00:00:00+00:00
[2026-08-12T05:19:46.417+0000] {processor.py:208} INFO - Processing /home/airflow/.local/lib/python3.12/site-packages/airflow/example_dags/example_inlet_event_extra.py took 0.699 seconds
[2026-08-12T05:20:17.399+0000] {processor.py:186} INFO - Started process (PID=5891) to work on /home/airflow/.local/lib/python3.12/site-packages/airflow/example_dags/example_inlet_event_extra.py
[2026-08-12T05:20:17.402+0000] {processor.py:914} INFO - Processing file /home/airflow/.local/lib/python3.12/site-packages/airflow/example_dags/example_inlet_event_extra.py for tasks to queue
[2026-08-12T05:20:17.410+0000] {logging_mixin.py:190} INFO - [2026-08-12T05:20:17.409+0000] {dagbag.py:587} INFO - Filling up the DagBag from /home/airflow/.local/lib/python3.12/site-packages/airflow/example_dags/example_inlet_event_extra.py
[2026-08-12T05:20:17.819+0000] {processor.py:925} INFO - DAG(s) 'read_dataset_event_from_classic', 'read_dataset_event' retrieved from /home/airflow/.local/lib/python3.12/site-packages/airflow/example_dags/example_inlet_event_extra.py
[2026-08-12T05:20:17.883+0000] {logging_mixin.py:190} INFO - [2026-08-12T05:20:17.882+0000] {dag.py:3211} INFO - Sync 2 DAGs
[2026-08-12T05:20:17.987+0000] {logging_mixin.py:190} INFO - [2026-08-12T05:20:17.986+0000] {dag.py:4138} INFO - Setting next_dagrun for read_dataset_event to 2026-08-11 00:00:00+00:00, run_after=2026-08-12 00:00:00+00:00
[2026-08-12T05:20:18.018+0000] {logging_mixin.py:190} INFO - [2026-08-12T05:20:18.009+0000] {dag.py:4138} INFO - Setting next_dagrun for read_dataset_event_from_classic to 2026-08-11 00:00:00+00:00, run_after=2026-08-12 00:00:00+00:00
[2026-08-12T05:20:18.115+0000] {processor.py:208} INFO - Processing /home/airflow/.local/lib/python3.12/site-packages/airflow/example_dags/example_inlet_event_extra.py took 0.734 seconds
[2026-08-12T05:20:48.449+0000] {processor.py:186} INFO - Started process (PID=5954) to work on /home/airflow/.local/lib/python3.12/site-packages/airflow/example_dags/example_inlet_event_extra.py
[2026-08-12T05:20:48.451+0000] {processor.py:914} INFO - Processing file /home/airflow/.local/lib/python3.12/site-packages/airflow/example_dags/example_inlet_event_extra.py for tasks to queue
[2026-08-12T05:20:48.460+0000] {logging_mixin.py:190} INFO - [2026-08-12T05:20:48.459+0000] {dagbag.py:587} INFO - Filling up the DagBag from /home/airflow/.local/lib/python3.12/site-packages/airflow/example_dags/example_inlet_event_extra.py
[2026-08-12T05:20:48.888+0000] {processor.py:925} INFO - DAG(s) 'read_dataset_event_from_classic', 'read_dataset_event' retrieved from /home/airflow/.local/lib/python3.12/site-packages/airflow/example_dags/example_inlet_event_extra.py
[2026-08-12T05:20:49.004+0000] {logging_mixin.py:190} INFO - [2026-08-12T05:20:49.003+0000] {dag.py:3211} INFO - Sync 2 DAGs
[2026-08-12T05:20:49.107+0000] {logging_mixin.py:190} INFO - [2026-08-12T05:20:49.106+0000] {dag.py:4138} INFO - Setting next_dagrun for read_dataset_event to 2026-08-11 00:00:00+00:00, run_after=2026-08-12 00:00:00+00:00
[2026-08-12T05:20:49.144+0000] {logging_mixin.py:190} INFO - [2026-08-12T05:20:49.144+0000] {dag.py:4138} INFO - Setting next_dagrun for read_dataset_event_from_classic to 2026-08-11 00:00:00+00:00, run_after=2026-08-12 00:00:00+00:00
[2026-08-12T05:20:49.213+0000] {processor.py:208} INFO - Processing /home/airflow/.local/lib/python3.12/site-packages/airflow/example_dags/example_inlet_event_extra.py took 0.779 seconds
[2026-08-12T05:21:20.024+0000] {processor.py:186} INFO - Started process (PID=6018) to work on /home/airflow/.local/lib/python3.12/site-packages/airflow/example_dags/example_inlet_event_extra.py
[2026-08-12T05:21:20.026+0000] {processor.py:914} INFO - Processing file /home/airflow/.local/lib/python3.12/site-packages/airflow/example_dags/example_inlet_event_extra.py for tasks to queue
[2026-08-12T05:21:20.029+0000] {logging_mixin.py:190} INFO - [2026-08-12T05:21:20.029+0000] {dagbag.py:587} INFO - Filling up the DagBag from /home/airflow/.local/lib/python3.12/site-packages/airflow/example_dags/example_inlet_event_extra.py
[2026-08-12T05:21:20.221+0000] {processor.py:925} INFO - DAG(s) 'read_dataset_event', 'read_dataset_event_from_classic' retrieved from /home/airflow/.local/lib/python3.12/site-packages/airflow/example_dags/example_inlet_event_extra.py
[2026-08-12T05:21:20.243+0000] {logging_mixin.py:190} INFO - [2026-08-12T05:21:20.243+0000] {dag.py:3211} INFO - Sync 2 DAGs
[2026-08-12T05:21:20.270+0000] {logging_mixin.py:190} INFO - [2026-08-12T05:21:20.270+0000] {dag.py:4138} INFO - Setting next_dagrun for read_dataset_event to 2026-08-11 00:00:00+00:00, run_after=2026-08-12 00:00:00+00:00
[2026-08-12T05:21:20.276+0000] {logging_mixin.py:190} INFO - [2026-08-12T05:21:20.275+0000] {dag.py:4138} INFO - Setting next_dagrun for read_dataset_event_from_classic to 2026-08-11 00:00:00+00:00, run_after=2026-08-12 00:00:00+00:00
[2026-08-12T05:21:20.307+0000] {processor.py:208} INFO - Processing /home/airflow/.local/lib/python3.12/site-packages/airflow/example_dags/example_inlet_event_extra.py took 0.289 seconds
[2026-08-12T05:21:50.587+0000] {processor.py:186} INFO - Started process (PID=6084) to work on /home/airflow/.local/lib/python3.12/site-packages/airflow/example_dags/example_inlet_event_extra.py
[2026-08-12T05:21:50.588+0000] {processor.py:914} INFO - Processing file /home/airflow/.local/lib/python3.12/site-packages/airflow/example_dags/example_inlet_event_extra.py for tasks to queue
[2026-08-12T05:21:50.592+0000] {logging_mixin.py:190} INFO - [2026-08-12T05:21:50.592+0000] {dagbag.py:587} INFO - Filling up the DagBag from /home/airflow/.local/lib/python3.12/site-packages/airflow/example_dags/example_inlet_event_extra.py
[2026-08-12T05:21:50.788+0000] {processor.py:925} INFO - DAG(s) 'read_dataset_event', 'read_dataset_event_from_classic' retrieved from /home/airflow/.local/lib/python3.12/site-packages/airflow/example_dags/example_inlet_event_extra.py
[2026-08-12T05:21:50.827+0000] {logging_mixin.py:190} INFO - [2026-08-12T05:21:50.827+0000] {dag.py:3211} INFO - Sync 2 DAGs
[2026-08-12T05:21:50.863+0000] {logging_mixin.py:190} INFO - [2026-08-12T05:21:50.863+0000] {dag.py:4138} INFO - Setting next_dagrun for read_dataset_event to 2026-08-11 00:00:00+00:00, run_after=2026-08-12 00:00:00+00:00
[2026-08-12T05:21:50.869+0000] {logging_mixin.py:190} INFO - [2026-08-12T05:21:50.869+0000] {dag.py:4138} INFO - Setting next_dagrun for read_dataset_event_from_classic to 2026-08-11 00:00:00+00:00, run_after=2026-08-12 00:00:00+00:00
[2026-08-12T05:21:50.903+0000] {processor.py:208} INFO - Processing /home/airflow/.local/lib/python3.12/site-packages/airflow/example_dags/example_inlet_event_extra.py took 0.322 seconds
[2026-08-12T05:22:21.056+0000] {processor.py:186} INFO - Started process (PID=6147) to work on /home/airflow/.local/lib/python3.12/site-packages/airflow/example_dags/example_inlet_event_extra.py
[2026-08-12T05:22:21.057+0000] {processor.py:914} INFO - Processing file /home/airflow/.local/lib/python3.12/site-packages/airflow/example_dags/example_inlet_event_extra.py for tasks to queue
[2026-08-12T05:22:21.061+0000] {logging_mixin.py:190} INFO - [2026-08-12T05:22:21.060+0000] {dagbag.py:587} INFO - Filling up the DagBag from /home/airflow/.local/lib/python3.12/site-packages/airflow/example_dags/example_inlet_event_extra.py
[2026-08-12T05:22:21.207+0000] {processor.py:925} INFO - DAG(s) 'read_dataset_event', 'read_dataset_event_from_classic' retrieved from /home/airflow/.local/lib/python3.12/site-packages/airflow/example_dags/example_inlet_event_extra.py
[2026-08-12T05:22:21.246+0000] {logging_mixin.py:190} INFO - [2026-08-12T05:22:21.245+0000] {dag.py:3211} INFO - Sync 2 DAGs
[2026-08-12T05:22:21.279+0000] {logging_mixin.py:190} INFO - [2026-08-12T05:22:21.278+0000] {dag.py:4138} INFO - Setting next_dagrun for read_dataset_event to 2026-08-11 00:00:00+00:00, run_after=2026-08-12 00:00:00+00:00
[2026-08-12T05:22:21.284+0000] {logging_mixin.py:190} INFO - [2026-08-12T05:22:21.284+0000] {dag.py:4138} INFO - Setting next_dagrun for read_dataset_event_from_classic to 2026-08-11 00:00:00+00:00, run_after=2026-08-12 00:00:00+00:00
[2026-08-12T05:22:21.306+0000] {processor.py:208} INFO - Processing /home/airflow/.local/lib/python3.12/site-packages/airflow/example_dags/example_inlet_event_extra.py took 0.256 seconds
[2026-08-12T05:22:51.390+0000] {processor.py:186} INFO - Started process (PID=6209) to work on /home/airflow/.local/lib/python3.12/site-packages/airflow/example_dags/example_inlet_event_extra.py
[2026-08-12T05:22:51.392+0000] {processor.py:914} INFO - Processing file /home/airflow/.local/lib/python3.12/site-packages/airflow/example_dags/example_inlet_event_extra.py for tasks to queue
[2026-08-12T05:22:51.396+0000] {logging_mixin.py:190} INFO - [2026-08-12T05:22:51.395+0000] {dagbag.py:587} INFO - Filling up the DagBag from /home/airflow/.local/lib/python3.12/site-packages/airflow/example_dags/example_inlet_event_extra.py
[2026-08-12T05:22:51.607+0000] {processor.py:925} INFO - DAG(s) 'read_dataset_event_from_classic', 'read_dataset_event' retrieved from /home/airflow/.local/lib/python3.12/site-packages/airflow/example_dags/example_inlet_event_extra.py
[2026-08-12T05:22:51.630+0000] {logging_mixin.py:190} INFO - [2026-08-12T05:22:51.629+0000] {dag.py:3211} INFO - Sync 2 DAGs
[2026-08-12T05:22:51.655+0000] {logging_mixin.py:190} INFO - [2026-08-12T05:22:51.655+0000] {dag.py:4138} INFO - Setting next_dagrun for read_dataset_event to 2026-08-11 00:00:00+00:00, run_after=2026-08-12 00:00:00+00:00
[2026-08-12T05:22:51.661+0000] {logging_mixin.py:190} INFO - [2026-08-12T05:22:51.660+0000] {dag.py:4138} INFO - Setting next_dagrun for read_dataset_event_from_classic to 2026-08-11 00:00:00+00:00, run_after=2026-08-12 00:00:00+00:00
[2026-08-12T05:22:51.691+0000] {processor.py:208} INFO - Processing /home/airflow/.local/lib/python3.12/site-packages/airflow/example_dags/example_inlet_event_extra.py took 0.308 seconds
[2026-08-12T05:23:21.854+0000] {processor.py:186} INFO - Started process (PID=6274) to work on /home/airflow/.local/lib/python3.12/site-packages/airflow/example_dags/example_inlet_event_extra.py
[2026-08-12T05:23:21.860+0000] {processor.py:914} INFO - Processing file /home/airflow/.local/lib/python3.12/site-packages/airflow/example_dags/example_inlet_event_extra.py for tasks to queue
[2026-08-12T05:23:21.866+0000] {logging_mixin.py:190} INFO - [2026-08-12T05:23:21.865+0000] {dagbag.py:587} INFO - Filling up the DagBag from /home/airflow/.local/lib/python3.12/site-packages/airflow/example_dags/example_inlet_event_extra.py
[2026-08-12T05:23:22.005+0000] {processor.py:925} INFO - DAG(s) 'read_dataset_event', 'read_dataset_event_from_classic' retrieved from /home/airflow/.local/lib/python3.12/site-packages/airflow/example_dags/example_inlet_event_extra.py
[2026-08-12T05:23:22.029+0000] {logging_mixin.py:190} INFO - [2026-08-12T05:23:22.029+0000] {dag.py:3211} INFO - Sync 2 DAGs
[2026-08-12T05:23:22.050+0000] {logging_mixin.py:190} INFO - [2026-08-12T05:23:22.050+0000] {dag.py:4138} INFO - Setting next_dagrun for read_dataset_event to 2026-08-11 00:00:00+00:00, run_after=2026-08-12 00:00:00+00:00
[2026-08-12T05:23:22.055+0000] {logging_mixin.py:190} INFO - [2026-08-12T05:23:22.055+0000] {dag.py:4138} INFO - Setting next_dagrun for read_dataset_event_from_classic to 2026-08-11 00:00:00+00:00, run_after=2026-08-12 00:00:00+00:00
[2026-08-12T05:23:22.087+0000] {processor.py:208} INFO - Processing /home/airflow/.local/lib/python3.12/site-packages/airflow/example_dags/example_inlet_event_extra.py took 0.240 seconds
[2026-08-12T05:23:52.198+0000] {processor.py:186} INFO - Started process (PID=6338) to work on /home/airflow/.local/lib/python3.12/site-packages/airflow/example_dags/example_inlet_event_extra.py
[2026-08-12T05:23:52.200+0000] {processor.py:914} INFO - Processing file /home/airflow/.local/lib/python3.12/site-packages/airflow/example_dags/example_inlet_event_extra.py for tasks to queue
[2026-08-12T05:23:52.203+0000] {logging_mixin.py:190} INFO - [2026-08-12T05:23:52.203+0000] {dagbag.py:587} INFO - Filling up the DagBag from /home/airflow/.local/lib/python3.12/site-packages/airflow/example_dags/example_inlet_event_extra.py
[2026-08-12T05:23:52.351+0000] {processor.py:925} INFO - DAG(s) 'read_dataset_event_from_classic', 'read_dataset_event' retrieved from /home/airflow/.local/lib/python3.12/site-packages/airflow/example_dags/example_inlet_event_extra.py
[2026-08-12T05:23:52.375+0000] {logging_mixin.py:190} INFO - [2026-08-12T05:23:52.375+0000] {dag.py:3211} INFO - Sync 2 DAGs
[2026-08-12T05:23:52.397+0000] {logging_mixin.py:190} INFO - [2026-08-12T05:23:52.397+0000] {dag.py:4138} INFO - Setting next_dagrun for read_dataset_event to 2026-08-11 00:00:00+00:00, run_after=2026-08-12 00:00:00+00:00
[2026-08-12T05:23:52.402+0000] {logging_mixin.py:190} INFO - [2026-08-12T05:23:52.402+0000] {dag.py:4138} INFO - Setting next_dagrun for read_dataset_event_from_classic to 2026-08-11 00:00:00+00:00, run_after=2026-08-12 00:00:00+00:00
[2026-08-12T05:23:52.422+0000] {processor.py:208} INFO - Processing /home/airflow/.local/lib/python3.12/site-packages/airflow/example_dags/example_inlet_event_extra.py took 0.230 seconds
[2026-08-12T05:24:22.985+0000] {processor.py:186} INFO - Started process (PID=6401) to work on /home/airflow/.local/lib/python3.12/site-packages/airflow/example_dags/example_inlet_event_extra.py
[2026-08-12T05:24:22.987+0000] {processor.py:914} INFO - Processing file /home/airflow/.local/lib/python3.12/site-packages/airflow/example_dags/example_inlet_event_extra.py for tasks to queue
[2026-08-12T05:24:22.990+0000] {logging_mixin.py:190} INFO - [2026-08-12T05:24:22.990+0000] {dagbag.py:587} INFO - Filling up the DagBag from /home/airflow/.local/lib/python3.12/site-packages/airflow/example_dags/example_inlet_event_extra.py
[2026-08-12T05:24:23.122+0000] {processor.py:925} INFO - DAG(s) 'read_dataset_event_from_classic', 'read_dataset_event' retrieved from /home/airflow/.local/lib/python3.12/site-packages/airflow/example_dags/example_inlet_event_extra.py
[2026-08-12T05:24:23.147+0000] {logging_mixin.py:190} INFO - [2026-08-12T05:24:23.147+0000] {dag.py:3211} INFO - Sync 2 DAGs
[2026-08-12T05:24:23.174+0000] {logging_mixin.py:190} INFO - [2026-08-12T05:24:23.174+0000] {dag.py:4138} INFO - Setting next_dagrun for read_dataset_event to 2026-08-11 00:00:00+00:00, run_after=2026-08-12 00:00:00+00:00
[2026-08-12T05:24:23.179+0000] {logging_mixin.py:190} INFO - [2026-08-12T05:24:23.179+0000] {dag.py:4138} INFO - Setting next_dagrun for read_dataset_event_from_classic to 2026-08-11 00:00:00+00:00, run_after=2026-08-12 00:00:00+00:00
[2026-08-12T05:24:23.199+0000] {processor.py:208} INFO - Processing /home/airflow/.local/lib/python3.12/site-packages/airflow/example_dags/example_inlet_event_extra.py took 0.220 seconds
[2026-08-12T05:24:53.442+0000] {processor.py:186} INFO - Started process (PID=6467) to work on /home/airflow/.local/lib/python3.12/site-packages/airflow/example_dags/example_inlet_event_extra.py
[2026-08-12T05:24:53.444+0000] {processor.py:914} INFO - Processing file /home/airflow/.local/lib/python3.12/site-packages/airflow/example_dags/example_inlet_event_extra.py for tasks to queue
[2026-08-12T05:24:53.448+0000] {logging_mixin.py:190} INFO - [2026-08-12T05:24:53.448+0000] {dagbag.py:587} INFO - Filling up the DagBag from /home/airflow/.local/lib/python3.12/site-packages/airflow/example_dags/example_inlet_event_extra.py
[2026-08-12T05:24:53.595+0000] {processor.py:925} INFO - DAG(s) 'read_dataset_event_from_classic', 'read_dataset_event' retrieved from /home/airflow/.local/lib/python3.12/site-packages/airflow/example_dags/example_inlet_event_extra.py
[2026-08-12T05:24:53.618+0000] {logging_mixin.py:190} INFO - [2026-08-12T05:24:53.617+0000] {dag.py:3211} INFO - Sync 2 DAGs
[2026-08-12T05:24:53.644+0000] {logging_mixin.py:190} INFO - [2026-08-12T05:24:53.644+0000] {dag.py:4138} INFO - Setting next_dagrun for read_dataset_event to 2026-08-11 00:00:00+00:00, run_after=2026-08-12 00:00:00+00:00
[2026-08-12T05:24:53.650+0000] {logging_mixin.py:190} INFO - [2026-08-12T05:24:53.650+0000] {dag.py:4138} INFO - Setting next_dagrun for read_dataset_event_from_classic to 2026-08-11 00:00:00+00:00, run_after=2026-08-12 00:00:00+00:00
[2026-08-12T05:24:53.669+0000] {processor.py:208} INFO - Processing /home/airflow/.local/lib/python3.12/site-packages/airflow/example_dags/example_inlet_event_extra.py took 0.235 seconds
[2026-08-12T05:25:23.852+0000] {processor.py:186} INFO - Started process (PID=6530) to work on /home/airflow/.local/lib/python3.12/site-packages/airflow/example_dags/example_inlet_event_extra.py
[2026-08-12T05:25:23.854+0000] {processor.py:914} INFO - Processing file /home/airflow/.local/lib/python3.12/site-packages/airflow/example_dags/example_inlet_event_extra.py for tasks to queue
[2026-08-12T05:25:23.858+0000] {logging_mixin.py:190} INFO - [2026-08-12T05:25:23.857+0000] {dagbag.py:587} INFO - Filling up the DagBag from /home/airflow/.local/lib/python3.12/site-packages/airflow/example_dags/example_inlet_event_extra.py
[2026-08-12T05:25:24.012+0000] {processor.py:925} INFO - DAG(s) 'read_dataset_event', 'read_dataset_event_from_classic' retrieved from /home/airflow/.local/lib/python3.12/site-packages/airflow/example_dags/example_inlet_event_extra.py
[2026-08-12T05:25:24.035+0000] {logging_mixin.py:190} INFO - [2026-08-12T05:25:24.034+0000] {dag.py:3211} INFO - Sync 2 DAGs
[2026-08-12T05:25:24.058+0000] {logging_mixin.py:190} INFO - [2026-08-12T05:25:24.057+0000] {dag.py:4138} INFO - Setting next_dagrun for read_dataset_event to 2026-08-11 00:00:00+00:00, run_after=2026-08-12 00:00:00+00:00
[2026-08-12T05:25:24.063+0000] {logging_mixin.py:190} INFO - [2026-08-12T05:25:24.062+0000] {dag.py:4138} INFO - Setting next_dagrun for read_dataset_event_from_classic to 2026-08-11 00:00:00+00:00, run_after=2026-08-12 00:00:00+00:00
[2026-08-12T05:25:24.082+0000] {processor.py:208} INFO - Processing /home/airflow/.local/lib/python3.12/site-packages/airflow/example_dags/example_inlet_event_extra.py took 0.236 seconds
