[2026-08-12T04:30:49.081+0000] {processor.py:186} INFO - Started process (PID=87) to work on /home/airflow/.local/lib/python3.12/site-packages/airflow/example_dags/example_outlet_event_extra.py
[2026-08-12T04:30:49.083+0000] {processor.py:914} INFO - Processing file /home/airflow/.local/lib/python3.12/site-packages/airflow/example_dags/example_outlet_event_extra.py for tasks to queue
[2026-08-12T04:30:49.088+0000] {logging_mixin.py:190} INFO - [2026-08-12T04:30:49.087+0000] {dagbag.py:587} INFO - Filling up the DagBag from /home/airflow/.local/lib/python3.12/site-packages/airflow/example_dags/example_outlet_event_extra.py
[2026-08-12T04:30:49.308+0000] {processor.py:925} INFO - DAG(s) 'dataset_with_extra_from_classic_operator', 'dataset_with_extra_by_context', 'dataset_with_extra_by_yield' retrieved from /home/airflow/.local/lib/python3.12/site-packages/airflow/example_dags/example_outlet_event_extra.py
[2026-08-12T04:30:49.504+0000] {logging_mixin.py:190} INFO - [2026-08-12T04:30:49.503+0000] {override.py:1858} INFO - Created Permission View: can edit on DAG:dataset_with_extra_from_classic_operator
[2026-08-12T04:30:49.521+0000] {logging_mixin.py:190} INFO - [2026-08-12T04:30:49.520+0000] {override.py:1858} INFO - Created Permission View: can delete on DAG:dataset_with_extra_from_classic_operator
[2026-08-12T04:30:49.533+0000] {logging_mixin.py:190} INFO - [2026-08-12T04:30:49.533+0000] {override.py:1858} INFO - Created Permission View: can read on DAG:dataset_with_extra_from_classic_operator
[2026-08-12T04:30:49.550+0000] {logging_mixin.py:190} INFO - [2026-08-12T04:30:49.550+0000] {override.py:1858} INFO - Created Permission View: can edit on DAG:dataset_with_extra_by_context
[2026-08-12T04:30:49.560+0000] {logging_mixin.py:190} INFO - [2026-08-12T04:30:49.559+0000] {override.py:1858} INFO - Created Permission View: can delete on DAG:dataset_with_extra_by_context
[2026-08-12T04:30:49.571+0000] {logging_mixin.py:190} INFO - [2026-08-12T04:30:49.571+0000] {override.py:1858} INFO - Created Permission View: can read on DAG:dataset_with_extra_by_context
[2026-08-12T04:30:49.587+0000] {logging_mixin.py:190} INFO - [2026-08-12T04:30:49.587+0000] {override.py:1858} INFO - Created Permission View: can edit on DAG:dataset_with_extra_by_yield
[2026-08-12T04:30:49.598+0000] {logging_mixin.py:190} INFO - [2026-08-12T04:30:49.598+0000] {override.py:1858} INFO - Created Permission View: can delete on DAG:dataset_with_extra_by_yield
[2026-08-12T04:30:49.609+0000] {logging_mixin.py:190} INFO - [2026-08-12T04:30:49.608+0000] {override.py:1858} INFO - Created Permission View: can read on DAG:dataset_with_extra_by_yield
[2026-08-12T04:30:49.610+0000] {logging_mixin.py:190} INFO - [2026-08-12T04:30:49.610+0000] {dag.py:3211} INFO - Sync 3 DAGs
[2026-08-12T04:30:49.627+0000] {logging_mixin.py:190} INFO - [2026-08-12T04:30:49.627+0000] {dag.py:3234} INFO - Creating ORM DAG for dataset_with_extra_by_context
[2026-08-12T04:30:49.630+0000] {logging_mixin.py:190} INFO - [2026-08-12T04:30:49.629+0000] {dag.py:3234} INFO - Creating ORM DAG for dataset_with_extra_by_yield
[2026-08-12T04:30:49.631+0000] {logging_mixin.py:190} INFO - [2026-08-12T04:30:49.631+0000] {dag.py:3234} INFO - Creating ORM DAG for dataset_with_extra_from_classic_operator
[2026-08-12T04:30:49.646+0000] {logging_mixin.py:190} INFO - [2026-08-12T04:30:49.646+0000] {dag.py:4138} INFO - Setting next_dagrun for dataset_with_extra_by_context to 2026-08-11 00:00:00+00:00, run_after=2026-08-12 00:00:00+00:00
[2026-08-12T04:30:49.649+0000] {logging_mixin.py:190} INFO - [2026-08-12T04:30:49.649+0000] {dag.py:4138} INFO - Setting next_dagrun for dataset_with_extra_by_yield to 2026-08-11 00:00:00+00:00, run_after=2026-08-12 00:00:00+00:00
[2026-08-12T04:30:49.653+0000] {logging_mixin.py:190} INFO - [2026-08-12T04:30:49.652+0000] {dag.py:4138} INFO - Setting next_dagrun for dataset_with_extra_from_classic_operator to 2026-08-11 00:00:00+00:00, run_after=2026-08-12 00:00:00+00:00
[2026-08-12T04:30:49.687+0000] {processor.py:208} INFO - Processing /home/airflow/.local/lib/python3.12/site-packages/airflow/example_dags/example_outlet_event_extra.py took 0.614 seconds
[2026-08-12T04:31:20.108+0000] {processor.py:186} INFO - Started process (PID=149) to work on /home/airflow/.local/lib/python3.12/site-packages/airflow/example_dags/example_outlet_event_extra.py
[2026-08-12T04:31:20.110+0000] {processor.py:914} INFO - Processing file /home/airflow/.local/lib/python3.12/site-packages/airflow/example_dags/example_outlet_event_extra.py for tasks to queue
[2026-08-12T04:31:20.113+0000] {logging_mixin.py:190} INFO - [2026-08-12T04:31:20.113+0000] {dagbag.py:587} INFO - Filling up the DagBag from /home/airflow/.local/lib/python3.12/site-packages/airflow/example_dags/example_outlet_event_extra.py
[2026-08-12T04:31:20.241+0000] {processor.py:925} INFO - DAG(s) 'dataset_with_extra_by_yield', 'dataset_with_extra_from_classic_operator', 'dataset_with_extra_by_context' retrieved from /home/airflow/.local/lib/python3.12/site-packages/airflow/example_dags/example_outlet_event_extra.py
[2026-08-12T04:31:20.266+0000] {logging_mixin.py:190} INFO - [2026-08-12T04:31:20.266+0000] {dag.py:3211} INFO - Sync 3 DAGs
[2026-08-12T04:31:20.288+0000] {logging_mixin.py:190} INFO - [2026-08-12T04:31:20.287+0000] {dag.py:4138} INFO - Setting next_dagrun for dataset_with_extra_by_context to 2026-08-11 00:00:00+00:00, run_after=2026-08-12 00:00:00+00:00
[2026-08-12T04:31:20.294+0000] {logging_mixin.py:190} INFO - [2026-08-12T04:31:20.293+0000] {dag.py:4138} INFO - Setting next_dagrun for dataset_with_extra_by_yield to 2026-08-11 00:00:00+00:00, run_after=2026-08-12 00:00:00+00:00
[2026-08-12T04:31:20.297+0000] {logging_mixin.py:190} INFO - [2026-08-12T04:31:20.297+0000] {dag.py:4138} INFO - Setting next_dagrun for dataset_with_extra_from_classic_operator to 2026-08-11 00:00:00+00:00, run_after=2026-08-12 00:00:00+00:00
[2026-08-12T04:31:20.318+0000] {processor.py:208} INFO - Processing /home/airflow/.local/lib/python3.12/site-packages/airflow/example_dags/example_outlet_event_extra.py took 0.215 seconds
[2026-08-12T04:31:50.395+0000] {processor.py:186} INFO - Started process (PID=212) to work on /home/airflow/.local/lib/python3.12/site-packages/airflow/example_dags/example_outlet_event_extra.py
[2026-08-12T04:31:50.397+0000] {processor.py:914} INFO - Processing file /home/airflow/.local/lib/python3.12/site-packages/airflow/example_dags/example_outlet_event_extra.py for tasks to queue
[2026-08-12T04:31:50.402+0000] {logging_mixin.py:190} INFO - [2026-08-12T04:31:50.401+0000] {dagbag.py:587} INFO - Filling up the DagBag from /home/airflow/.local/lib/python3.12/site-packages/airflow/example_dags/example_outlet_event_extra.py
[2026-08-12T04:31:50.535+0000] {processor.py:925} INFO - DAG(s) 'dataset_with_extra_from_classic_operator', 'dataset_with_extra_by_context', 'dataset_with_extra_by_yield' retrieved from /home/airflow/.local/lib/python3.12/site-packages/airflow/example_dags/example_outlet_event_extra.py
[2026-08-12T04:31:50.558+0000] {logging_mixin.py:190} INFO - [2026-08-12T04:31:50.558+0000] {dag.py:3211} INFO - Sync 3 DAGs
[2026-08-12T04:31:50.580+0000] {logging_mixin.py:190} INFO - [2026-08-12T04:31:50.580+0000] {dag.py:4138} INFO - Setting next_dagrun for dataset_with_extra_by_context to 2026-08-11 00:00:00+00:00, run_after=2026-08-12 00:00:00+00:00
[2026-08-12T04:31:50.585+0000] {logging_mixin.py:190} INFO - [2026-08-12T04:31:50.585+0000] {dag.py:4138} INFO - Setting next_dagrun for dataset_with_extra_by_yield to 2026-08-11 00:00:00+00:00, run_after=2026-08-12 00:00:00+00:00
[2026-08-12T04:31:50.588+0000] {logging_mixin.py:190} INFO - [2026-08-12T04:31:50.588+0000] {dag.py:4138} INFO - Setting next_dagrun for dataset_with_extra_from_classic_operator to 2026-08-11 00:00:00+00:00, run_after=2026-08-12 00:00:00+00:00
[2026-08-12T04:31:50.606+0000] {processor.py:208} INFO - Processing /home/airflow/.local/lib/python3.12/site-packages/airflow/example_dags/example_outlet_event_extra.py took 0.219 seconds
[2026-08-12T04:33:03.315+0000] {processor.py:186} INFO - Started process (PID=84) to work on /home/airflow/.local/lib/python3.12/site-packages/airflow/example_dags/example_outlet_event_extra.py
[2026-08-12T04:33:03.318+0000] {processor.py:914} INFO - Processing file /home/airflow/.local/lib/python3.12/site-packages/airflow/example_dags/example_outlet_event_extra.py for tasks to queue
[2026-08-12T04:33:03.324+0000] {logging_mixin.py:190} INFO - [2026-08-12T04:33:03.323+0000] {dagbag.py:587} INFO - Filling up the DagBag from /home/airflow/.local/lib/python3.12/site-packages/airflow/example_dags/example_outlet_event_extra.py
[2026-08-12T04:33:03.706+0000] {processor.py:925} INFO - DAG(s) 'dataset_with_extra_from_classic_operator', 'dataset_with_extra_by_context', 'dataset_with_extra_by_yield' retrieved from /home/airflow/.local/lib/python3.12/site-packages/airflow/example_dags/example_outlet_event_extra.py
[2026-08-12T04:33:03.765+0000] {logging_mixin.py:190} INFO - [2026-08-12T04:33:03.765+0000] {dag.py:3211} INFO - Sync 3 DAGs
[2026-08-12T04:33:03.840+0000] {logging_mixin.py:190} INFO - [2026-08-12T04:33:03.840+0000] {dag.py:4138} INFO - Setting next_dagrun for dataset_with_extra_by_context to 2026-08-11 00:00:00+00:00, run_after=2026-08-12 00:00:00+00:00
[2026-08-12T04:33:03.861+0000] {logging_mixin.py:190} INFO - [2026-08-12T04:33:03.852+0000] {dag.py:4138} INFO - Setting next_dagrun for dataset_with_extra_by_yield to 2026-08-11 00:00:00+00:00, run_after=2026-08-12 00:00:00+00:00
[2026-08-12T04:33:03.869+0000] {logging_mixin.py:190} INFO - [2026-08-12T04:33:03.868+0000] {dag.py:4138} INFO - Setting next_dagrun for dataset_with_extra_from_classic_operator to 2026-08-11 00:00:00+00:00, run_after=2026-08-12 00:00:00+00:00
[2026-08-12T04:33:03.926+0000] {processor.py:208} INFO - Processing /home/airflow/.local/lib/python3.12/site-packages/airflow/example_dags/example_outlet_event_extra.py took 0.622 seconds
[2026-08-12T04:33:34.667+0000] {processor.py:186} INFO - Started process (PID=147) to work on /home/airflow/.local/lib/python3.12/site-packages/airflow/example_dags/example_outlet_event_extra.py
[2026-08-12T04:33:34.669+0000] {processor.py:914} INFO - Processing file /home/airflow/.local/lib/python3.12/site-packages/airflow/example_dags/example_outlet_event_extra.py for tasks to queue
[2026-08-12T04:33:34.673+0000] {logging_mixin.py:190} INFO - [2026-08-12T04:33:34.672+0000] {dagbag.py:587} INFO - Filling up the DagBag from /home/airflow/.local/lib/python3.12/site-packages/airflow/example_dags/example_outlet_event_extra.py
[2026-08-12T04:33:34.858+0000] {processor.py:925} INFO - DAG(s) 'dataset_with_extra_by_yield', 'dataset_with_extra_from_classic_operator', 'dataset_with_extra_by_context' retrieved from /home/airflow/.local/lib/python3.12/site-packages/airflow/example_dags/example_outlet_event_extra.py
[2026-08-12T04:33:34.891+0000] {logging_mixin.py:190} INFO - [2026-08-12T04:33:34.891+0000] {dag.py:3211} INFO - Sync 3 DAGs
[2026-08-12T04:33:34.925+0000] {logging_mixin.py:190} INFO - [2026-08-12T04:33:34.925+0000] {dag.py:4138} INFO - Setting next_dagrun for dataset_with_extra_by_context to 2026-08-11 00:00:00+00:00, run_after=2026-08-12 00:00:00+00:00
[2026-08-12T04:33:34.932+0000] {logging_mixin.py:190} INFO - [2026-08-12T04:33:34.932+0000] {dag.py:4138} INFO - Setting next_dagrun for dataset_with_extra_by_yield to 2026-08-11 00:00:00+00:00, run_after=2026-08-12 00:00:00+00:00
[2026-08-12T04:33:34.935+0000] {logging_mixin.py:190} INFO - [2026-08-12T04:33:34.935+0000] {dag.py:4138} INFO - Setting next_dagrun for dataset_with_extra_from_classic_operator to 2026-08-11 00:00:00+00:00, run_after=2026-08-12 00:00:00+00:00
[2026-08-12T04:33:34.965+0000] {processor.py:208} INFO - Processing /home/airflow/.local/lib/python3.12/site-packages/airflow/example_dags/example_outlet_event_extra.py took 0.304 seconds
[2026-08-12T04:34:05.154+0000] {processor.py:186} INFO - Started process (PID=211) to work on /home/airflow/.local/lib/python3.12/site-packages/airflow/example_dags/example_outlet_event_extra.py
[2026-08-12T04:34:05.156+0000] {processor.py:914} INFO - Processing file /home/airflow/.local/lib/python3.12/site-packages/airflow/example_dags/example_outlet_event_extra.py for tasks to queue
[2026-08-12T04:34:05.160+0000] {logging_mixin.py:190} INFO - [2026-08-12T04:34:05.159+0000] {dagbag.py:587} INFO - Filling up the DagBag from /home/airflow/.local/lib/python3.12/site-packages/airflow/example_dags/example_outlet_event_extra.py
[2026-08-12T04:34:05.284+0000] {processor.py:925} INFO - DAG(s) 'dataset_with_extra_from_classic_operator', 'dataset_with_extra_by_yield', 'dataset_with_extra_by_context' retrieved from /home/airflow/.local/lib/python3.12/site-packages/airflow/example_dags/example_outlet_event_extra.py
[2026-08-12T04:34:05.311+0000] {logging_mixin.py:190} INFO - [2026-08-12T04:34:05.311+0000] {dag.py:3211} INFO - Sync 3 DAGs
[2026-08-12T04:34:05.334+0000] {logging_mixin.py:190} INFO - [2026-08-12T04:34:05.334+0000] {dag.py:4138} INFO - Setting next_dagrun for dataset_with_extra_by_context to 2026-08-11 00:00:00+00:00, run_after=2026-08-12 00:00:00+00:00
[2026-08-12T04:34:05.340+0000] {logging_mixin.py:190} INFO - [2026-08-12T04:34:05.340+0000] {dag.py:4138} INFO - Setting next_dagrun for dataset_with_extra_by_yield to 2026-08-11 00:00:00+00:00, run_after=2026-08-12 00:00:00+00:00
[2026-08-12T04:34:05.343+0000] {logging_mixin.py:190} INFO - [2026-08-12T04:34:05.343+0000] {dag.py:4138} INFO - Setting next_dagrun for dataset_with_extra_from_classic_operator to 2026-08-11 00:00:00+00:00, run_after=2026-08-12 00:00:00+00:00
[2026-08-12T04:34:05.364+0000] {processor.py:208} INFO - Processing /home/airflow/.local/lib/python3.12/site-packages/airflow/example_dags/example_outlet_event_extra.py took 0.217 seconds
[2026-08-12T04:34:35.868+0000] {processor.py:186} INFO - Started process (PID=271) to work on /home/airflow/.local/lib/python3.12/site-packages/airflow/example_dags/example_outlet_event_extra.py
[2026-08-12T04:34:35.870+0000] {processor.py:914} INFO - Processing file /home/airflow/.local/lib/python3.12/site-packages/airflow/example_dags/example_outlet_event_extra.py for tasks to queue
[2026-08-12T04:34:35.875+0000] {logging_mixin.py:190} INFO - [2026-08-12T04:34:35.875+0000] {dagbag.py:587} INFO - Filling up the DagBag from /home/airflow/.local/lib/python3.12/site-packages/airflow/example_dags/example_outlet_event_extra.py
[2026-08-12T04:34:36.070+0000] {processor.py:925} INFO - DAG(s) 'dataset_with_extra_from_classic_operator', 'dataset_with_extra_by_yield', 'dataset_with_extra_by_context' retrieved from /home/airflow/.local/lib/python3.12/site-packages/airflow/example_dags/example_outlet_event_extra.py
[2026-08-12T04:34:36.113+0000] {logging_mixin.py:190} INFO - [2026-08-12T04:34:36.113+0000] {dag.py:3211} INFO - Sync 3 DAGs
[2026-08-12T04:34:36.146+0000] {logging_mixin.py:190} INFO - [2026-08-12T04:34:36.145+0000] {dag.py:4138} INFO - Setting next_dagrun for dataset_with_extra_by_context to 2026-08-11 00:00:00+00:00, run_after=2026-08-12 00:00:00+00:00
[2026-08-12T04:34:36.151+0000] {logging_mixin.py:190} INFO - [2026-08-12T04:34:36.151+0000] {dag.py:4138} INFO - Setting next_dagrun for dataset_with_extra_by_yield to 2026-08-11 00:00:00+00:00, run_after=2026-08-12 00:00:00+00:00
[2026-08-12T04:34:36.156+0000] {logging_mixin.py:190} INFO - [2026-08-12T04:34:36.156+0000] {dag.py:4138} INFO - Setting next_dagrun for dataset_with_extra_from_classic_operator to 2026-08-11 00:00:00+00:00, run_after=2026-08-12 00:00:00+00:00
[2026-08-12T04:34:36.184+0000] {processor.py:208} INFO - Processing /home/airflow/.local/lib/python3.12/site-packages/airflow/example_dags/example_outlet_event_extra.py took 0.323 seconds
[2026-08-12T04:35:06.344+0000] {processor.py:186} INFO - Started process (PID=335) to work on /home/airflow/.local/lib/python3.12/site-packages/airflow/example_dags/example_outlet_event_extra.py
[2026-08-12T04:35:06.345+0000] {processor.py:914} INFO - Processing file /home/airflow/.local/lib/python3.12/site-packages/airflow/example_dags/example_outlet_event_extra.py for tasks to queue
[2026-08-12T04:35:06.349+0000] {logging_mixin.py:190} INFO - [2026-08-12T04:35:06.348+0000] {dagbag.py:587} INFO - Filling up the DagBag from /home/airflow/.local/lib/python3.12/site-packages/airflow/example_dags/example_outlet_event_extra.py
[2026-08-12T04:35:06.499+0000] {processor.py:925} INFO - DAG(s) 'dataset_with_extra_from_classic_operator', 'dataset_with_extra_by_context', 'dataset_with_extra_by_yield' retrieved from /home/airflow/.local/lib/python3.12/site-packages/airflow/example_dags/example_outlet_event_extra.py
[2026-08-12T04:35:06.527+0000] {logging_mixin.py:190} INFO - [2026-08-12T04:35:06.527+0000] {dag.py:3211} INFO - Sync 3 DAGs
[2026-08-12T04:35:06.556+0000] {logging_mixin.py:190} INFO - [2026-08-12T04:35:06.556+0000] {dag.py:4138} INFO - Setting next_dagrun for dataset_with_extra_by_context to 2026-08-11 00:00:00+00:00, run_after=2026-08-12 00:00:00+00:00
[2026-08-12T04:35:06.563+0000] {logging_mixin.py:190} INFO - [2026-08-12T04:35:06.563+0000] {dag.py:4138} INFO - Setting next_dagrun for dataset_with_extra_by_yield to 2026-08-11 00:00:00+00:00, run_after=2026-08-12 00:00:00+00:00
[2026-08-12T04:35:06.567+0000] {logging_mixin.py:190} INFO - [2026-08-12T04:35:06.566+0000] {dag.py:4138} INFO - Setting next_dagrun for dataset_with_extra_from_classic_operator to 2026-08-11 00:00:00+00:00, run_after=2026-08-12 00:00:00+00:00
[2026-08-12T04:35:06.593+0000] {processor.py:208} INFO - Processing /home/airflow/.local/lib/python3.12/site-packages/airflow/example_dags/example_outlet_event_extra.py took 0.256 seconds
[2026-08-12T04:35:36.776+0000] {processor.py:186} INFO - Started process (PID=398) to work on /home/airflow/.local/lib/python3.12/site-packages/airflow/example_dags/example_outlet_event_extra.py
[2026-08-12T04:35:36.778+0000] {processor.py:914} INFO - Processing file /home/airflow/.local/lib/python3.12/site-packages/airflow/example_dags/example_outlet_event_extra.py for tasks to queue
[2026-08-12T04:35:36.781+0000] {logging_mixin.py:190} INFO - [2026-08-12T04:35:36.781+0000] {dagbag.py:587} INFO - Filling up the DagBag from /home/airflow/.local/lib/python3.12/site-packages/airflow/example_dags/example_outlet_event_extra.py
[2026-08-12T04:35:36.917+0000] {processor.py:925} INFO - DAG(s) 'dataset_with_extra_by_yield', 'dataset_with_extra_from_classic_operator', 'dataset_with_extra_by_context' retrieved from /home/airflow/.local/lib/python3.12/site-packages/airflow/example_dags/example_outlet_event_extra.py
[2026-08-12T04:35:36.943+0000] {logging_mixin.py:190} INFO - [2026-08-12T04:35:36.943+0000] {dag.py:3211} INFO - Sync 3 DAGs
[2026-08-12T04:35:36.974+0000] {logging_mixin.py:190} INFO - [2026-08-12T04:35:36.974+0000] {dag.py:4138} INFO - Setting next_dagrun for dataset_with_extra_by_context to 2026-08-11 00:00:00+00:00, run_after=2026-08-12 00:00:00+00:00
[2026-08-12T04:35:36.981+0000] {logging_mixin.py:190} INFO - [2026-08-12T04:35:36.981+0000] {dag.py:4138} INFO - Setting next_dagrun for dataset_with_extra_by_yield to 2026-08-11 00:00:00+00:00, run_after=2026-08-12 00:00:00+00:00
[2026-08-12T04:35:36.984+0000] {logging_mixin.py:190} INFO - [2026-08-12T04:35:36.984+0000] {dag.py:4138} INFO - Setting next_dagrun for dataset_with_extra_from_classic_operator to 2026-08-11 00:00:00+00:00, run_after=2026-08-12 00:00:00+00:00
[2026-08-12T04:35:37.011+0000] {processor.py:208} INFO - Processing /home/airflow/.local/lib/python3.12/site-packages/airflow/example_dags/example_outlet_event_extra.py took 0.240 seconds
[2026-08-12T04:36:07.280+0000] {processor.py:186} INFO - Started process (PID=461) to work on /home/airflow/.local/lib/python3.12/site-packages/airflow/example_dags/example_outlet_event_extra.py
[2026-08-12T04:36:07.282+0000] {processor.py:914} INFO - Processing file /home/airflow/.local/lib/python3.12/site-packages/airflow/example_dags/example_outlet_event_extra.py for tasks to queue
[2026-08-12T04:36:07.284+0000] {logging_mixin.py:190} INFO - [2026-08-12T04:36:07.284+0000] {dagbag.py:587} INFO - Filling up the DagBag from /home/airflow/.local/lib/python3.12/site-packages/airflow/example_dags/example_outlet_event_extra.py
[2026-08-12T04:36:07.410+0000] {processor.py:925} INFO - DAG(s) 'dataset_with_extra_by_yield', 'dataset_with_extra_from_classic_operator', 'dataset_with_extra_by_context' retrieved from /home/airflow/.local/lib/python3.12/site-packages/airflow/example_dags/example_outlet_event_extra.py
[2026-08-12T04:36:07.439+0000] {logging_mixin.py:190} INFO - [2026-08-12T04:36:07.439+0000] {dag.py:3211} INFO - Sync 3 DAGs
[2026-08-12T04:36:07.470+0000] {logging_mixin.py:190} INFO - [2026-08-12T04:36:07.470+0000] {dag.py:4138} INFO - Setting next_dagrun for dataset_with_extra_by_context to 2026-08-11 00:00:00+00:00, run_after=2026-08-12 00:00:00+00:00
[2026-08-12T04:36:07.476+0000] {logging_mixin.py:190} INFO - [2026-08-12T04:36:07.476+0000] {dag.py:4138} INFO - Setting next_dagrun for dataset_with_extra_by_yield to 2026-08-11 00:00:00+00:00, run_after=2026-08-12 00:00:00+00:00
[2026-08-12T04:36:07.479+0000] {logging_mixin.py:190} INFO - [2026-08-12T04:36:07.479+0000] {dag.py:4138} INFO - Setting next_dagrun for dataset_with_extra_from_classic_operator to 2026-08-11 00:00:00+00:00, run_after=2026-08-12 00:00:00+00:00
[2026-08-12T04:36:07.507+0000] {processor.py:208} INFO - Processing /home/airflow/.local/lib/python3.12/site-packages/airflow/example_dags/example_outlet_event_extra.py took 0.233 seconds
[2026-08-12T04:36:37.608+0000] {processor.py:186} INFO - Started process (PID=524) to work on /home/airflow/.local/lib/python3.12/site-packages/airflow/example_dags/example_outlet_event_extra.py
[2026-08-12T04:36:37.610+0000] {processor.py:914} INFO - Processing file /home/airflow/.local/lib/python3.12/site-packages/airflow/example_dags/example_outlet_event_extra.py for tasks to queue
[2026-08-12T04:36:37.613+0000] {logging_mixin.py:190} INFO - [2026-08-12T04:36:37.612+0000] {dagbag.py:587} INFO - Filling up the DagBag from /home/airflow/.local/lib/python3.12/site-packages/airflow/example_dags/example_outlet_event_extra.py
[2026-08-12T04:36:37.780+0000] {processor.py:925} INFO - DAG(s) 'dataset_with_extra_by_yield', 'dataset_with_extra_by_context', 'dataset_with_extra_from_classic_operator' retrieved from /home/airflow/.local/lib/python3.12/site-packages/airflow/example_dags/example_outlet_event_extra.py
[2026-08-12T04:36:37.826+0000] {logging_mixin.py:190} INFO - [2026-08-12T04:36:37.826+0000] {dag.py:3211} INFO - Sync 3 DAGs
[2026-08-12T04:36:37.885+0000] {logging_mixin.py:190} INFO - [2026-08-12T04:36:37.885+0000] {dag.py:4138} INFO - Setting next_dagrun for dataset_with_extra_by_context to 2026-08-11 00:00:00+00:00, run_after=2026-08-12 00:00:00+00:00
[2026-08-12T04:36:37.903+0000] {logging_mixin.py:190} INFO - [2026-08-12T04:36:37.897+0000] {dag.py:4138} INFO - Setting next_dagrun for dataset_with_extra_by_yield to 2026-08-11 00:00:00+00:00, run_after=2026-08-12 00:00:00+00:00
[2026-08-12T04:36:37.922+0000] {logging_mixin.py:190} INFO - [2026-08-12T04:36:37.921+0000] {dag.py:4138} INFO - Setting next_dagrun for dataset_with_extra_from_classic_operator to 2026-08-11 00:00:00+00:00, run_after=2026-08-12 00:00:00+00:00
[2026-08-12T04:36:37.976+0000] {processor.py:208} INFO - Processing /home/airflow/.local/lib/python3.12/site-packages/airflow/example_dags/example_outlet_event_extra.py took 0.374 seconds
[2026-08-12T04:37:08.209+0000] {processor.py:186} INFO - Started process (PID=586) to work on /home/airflow/.local/lib/python3.12/site-packages/airflow/example_dags/example_outlet_event_extra.py
[2026-08-12T04:37:08.211+0000] {processor.py:914} INFO - Processing file /home/airflow/.local/lib/python3.12/site-packages/airflow/example_dags/example_outlet_event_extra.py for tasks to queue
[2026-08-12T04:37:08.214+0000] {logging_mixin.py:190} INFO - [2026-08-12T04:37:08.214+0000] {dagbag.py:587} INFO - Filling up the DagBag from /home/airflow/.local/lib/python3.12/site-packages/airflow/example_dags/example_outlet_event_extra.py
[2026-08-12T04:37:08.349+0000] {processor.py:925} INFO - DAG(s) 'dataset_with_extra_by_context', 'dataset_with_extra_by_yield', 'dataset_with_extra_from_classic_operator' retrieved from /home/airflow/.local/lib/python3.12/site-packages/airflow/example_dags/example_outlet_event_extra.py
[2026-08-12T04:37:08.376+0000] {logging_mixin.py:190} INFO - [2026-08-12T04:37:08.376+0000] {dag.py:3211} INFO - Sync 3 DAGs
[2026-08-12T04:37:08.406+0000] {logging_mixin.py:190} INFO - [2026-08-12T04:37:08.405+0000] {dag.py:4138} INFO - Setting next_dagrun for dataset_with_extra_by_context to 2026-08-11 00:00:00+00:00, run_after=2026-08-12 00:00:00+00:00
[2026-08-12T04:37:08.412+0000] {logging_mixin.py:190} INFO - [2026-08-12T04:37:08.412+0000] {dag.py:4138} INFO - Setting next_dagrun for dataset_with_extra_by_yield to 2026-08-11 00:00:00+00:00, run_after=2026-08-12 00:00:00+00:00
[2026-08-12T04:37:08.416+0000] {logging_mixin.py:190} INFO - [2026-08-12T04:37:08.416+0000] {dag.py:4138} INFO - Setting next_dagrun for dataset_with_extra_from_classic_operator to 2026-08-11 00:00:00+00:00, run_after=2026-08-12 00:00:00+00:00
[2026-08-12T04:37:08.443+0000] {processor.py:208} INFO - Processing /home/airflow/.local/lib/python3.12/site-packages/airflow/example_dags/example_outlet_event_extra.py took 0.241 seconds
[2026-08-12T04:37:38.701+0000] {processor.py:186} INFO - Started process (PID=648) to work on /home/airflow/.local/lib/python3.12/site-packages/airflow/example_dags/example_outlet_event_extra.py
[2026-08-12T04:37:38.702+0000] {processor.py:914} INFO - Processing file /home/airflow/.local/lib/python3.12/site-packages/airflow/example_dags/example_outlet_event_extra.py for tasks to queue
[2026-08-12T04:37:38.705+0000] {logging_mixin.py:190} INFO - [2026-08-12T04:37:38.705+0000] {dagbag.py:587} INFO - Filling up the DagBag from /home/airflow/.local/lib/python3.12/site-packages/airflow/example_dags/example_outlet_event_extra.py
[2026-08-12T04:37:38.830+0000] {processor.py:925} INFO - DAG(s) 'dataset_with_extra_by_context', 'dataset_with_extra_by_yield', 'dataset_with_extra_from_classic_operator' retrieved from /home/airflow/.local/lib/python3.12/site-packages/airflow/example_dags/example_outlet_event_extra.py
[2026-08-12T04:37:38.864+0000] {logging_mixin.py:190} INFO - [2026-08-12T04:37:38.864+0000] {dag.py:3211} INFO - Sync 3 DAGs
[2026-08-12T04:37:38.890+0000] {logging_mixin.py:190} INFO - [2026-08-12T04:37:38.889+0000] {dag.py:4138} INFO - Setting next_dagrun for dataset_with_extra_by_context to 2026-08-11 00:00:00+00:00, run_after=2026-08-12 00:00:00+00:00
[2026-08-12T04:37:38.896+0000] {logging_mixin.py:190} INFO - [2026-08-12T04:37:38.896+0000] {dag.py:4138} INFO - Setting next_dagrun for dataset_with_extra_by_yield to 2026-08-11 00:00:00+00:00, run_after=2026-08-12 00:00:00+00:00
[2026-08-12T04:37:38.900+0000] {logging_mixin.py:190} INFO - [2026-08-12T04:37:38.899+0000] {dag.py:4138} INFO - Setting next_dagrun for dataset_with_extra_from_classic_operator to 2026-08-11 00:00:00+00:00, run_after=2026-08-12 00:00:00+00:00
[2026-08-12T04:37:38.924+0000] {processor.py:208} INFO - Processing /home/airflow/.local/lib/python3.12/site-packages/airflow/example_dags/example_outlet_event_extra.py took 0.229 seconds
[2026-08-12T04:38:09.250+0000] {processor.py:186} INFO - Started process (PID=710) to work on /home/airflow/.local/lib/python3.12/site-packages/airflow/example_dags/example_outlet_event_extra.py
[2026-08-12T04:38:09.251+0000] {processor.py:914} INFO - Processing file /home/airflow/.local/lib/python3.12/site-packages/airflow/example_dags/example_outlet_event_extra.py for tasks to queue
[2026-08-12T04:38:09.255+0000] {logging_mixin.py:190} INFO - [2026-08-12T04:38:09.255+0000] {dagbag.py:587} INFO - Filling up the DagBag from /home/airflow/.local/lib/python3.12/site-packages/airflow/example_dags/example_outlet_event_extra.py
[2026-08-12T04:38:09.391+0000] {processor.py:925} INFO - DAG(s) 'dataset_with_extra_by_context', 'dataset_with_extra_by_yield', 'dataset_with_extra_from_classic_operator' retrieved from /home/airflow/.local/lib/python3.12/site-packages/airflow/example_dags/example_outlet_event_extra.py
[2026-08-12T04:38:09.419+0000] {logging_mixin.py:190} INFO - [2026-08-12T04:38:09.419+0000] {dag.py:3211} INFO - Sync 3 DAGs
[2026-08-12T04:38:09.444+0000] {logging_mixin.py:190} INFO - [2026-08-12T04:38:09.444+0000] {dag.py:4138} INFO - Setting next_dagrun for dataset_with_extra_by_context to 2026-08-11 00:00:00+00:00, run_after=2026-08-12 00:00:00+00:00
[2026-08-12T04:38:09.449+0000] {logging_mixin.py:190} INFO - [2026-08-12T04:38:09.449+0000] {dag.py:4138} INFO - Setting next_dagrun for dataset_with_extra_by_yield to 2026-08-11 00:00:00+00:00, run_after=2026-08-12 00:00:00+00:00
[2026-08-12T04:38:09.453+0000] {logging_mixin.py:190} INFO - [2026-08-12T04:38:09.452+0000] {dag.py:4138} INFO - Setting next_dagrun for dataset_with_extra_from_classic_operator to 2026-08-11 00:00:00+00:00, run_after=2026-08-12 00:00:00+00:00
[2026-08-12T04:38:09.480+0000] {processor.py:208} INFO - Processing /home/airflow/.local/lib/python3.12/site-packages/airflow/example_dags/example_outlet_event_extra.py took 0.238 seconds
[2026-08-12T04:38:39.751+0000] {processor.py:186} INFO - Started process (PID=774) to work on /home/airflow/.local/lib/python3.12/site-packages/airflow/example_dags/example_outlet_event_extra.py
[2026-08-12T04:38:39.753+0000] {processor.py:914} INFO - Processing file /home/airflow/.local/lib/python3.12/site-packages/airflow/example_dags/example_outlet_event_extra.py for tasks to queue
[2026-08-12T04:38:39.756+0000] {logging_mixin.py:190} INFO - [2026-08-12T04:38:39.755+0000] {dagbag.py:587} INFO - Filling up the DagBag from /home/airflow/.local/lib/python3.12/site-packages/airflow/example_dags/example_outlet_event_extra.py
[2026-08-12T04:38:39.882+0000] {processor.py:925} INFO - DAG(s) 'dataset_with_extra_by_yield', 'dataset_with_extra_from_classic_operator', 'dataset_with_extra_by_context' retrieved from /home/airflow/.local/lib/python3.12/site-packages/airflow/example_dags/example_outlet_event_extra.py
[2026-08-12T04:38:39.907+0000] {logging_mixin.py:190} INFO - [2026-08-12T04:38:39.907+0000] {dag.py:3211} INFO - Sync 3 DAGs
[2026-08-12T04:38:39.938+0000] {logging_mixin.py:190} INFO - [2026-08-12T04:38:39.937+0000] {dag.py:4138} INFO - Setting next_dagrun for dataset_with_extra_by_context to 2026-08-11 00:00:00+00:00, run_after=2026-08-12 00:00:00+00:00
[2026-08-12T04:38:39.944+0000] {logging_mixin.py:190} INFO - [2026-08-12T04:38:39.944+0000] {dag.py:4138} INFO - Setting next_dagrun for dataset_with_extra_by_yield to 2026-08-11 00:00:00+00:00, run_after=2026-08-12 00:00:00+00:00
[2026-08-12T04:38:39.948+0000] {logging_mixin.py:190} INFO - [2026-08-12T04:38:39.948+0000] {dag.py:4138} INFO - Setting next_dagrun for dataset_with_extra_from_classic_operator to 2026-08-11 00:00:00+00:00, run_after=2026-08-12 00:00:00+00:00
[2026-08-12T04:38:39.971+0000] {processor.py:208} INFO - Processing /home/airflow/.local/lib/python3.12/site-packages/airflow/example_dags/example_outlet_event_extra.py took 0.225 seconds
[2026-08-12T04:39:10.084+0000] {processor.py:186} INFO - Started process (PID=834) to work on /home/airflow/.local/lib/python3.12/site-packages/airflow/example_dags/example_outlet_event_extra.py
[2026-08-12T04:39:10.086+0000] {processor.py:914} INFO - Processing file /home/airflow/.local/lib/python3.12/site-packages/airflow/example_dags/example_outlet_event_extra.py for tasks to queue
[2026-08-12T04:39:10.092+0000] {logging_mixin.py:190} INFO - [2026-08-12T04:39:10.091+0000] {dagbag.py:587} INFO - Filling up the DagBag from /home/airflow/.local/lib/python3.12/site-packages/airflow/example_dags/example_outlet_event_extra.py
[2026-08-12T04:39:10.241+0000] {processor.py:925} INFO - DAG(s) 'dataset_with_extra_from_classic_operator', 'dataset_with_extra_by_context', 'dataset_with_extra_by_yield' retrieved from /home/airflow/.local/lib/python3.12/site-packages/airflow/example_dags/example_outlet_event_extra.py
[2026-08-12T04:39:10.270+0000] {logging_mixin.py:190} INFO - [2026-08-12T04:39:10.270+0000] {dag.py:3211} INFO - Sync 3 DAGs
[2026-08-12T04:39:10.302+0000] {logging_mixin.py:190} INFO - [2026-08-12T04:39:10.302+0000] {dag.py:4138} INFO - Setting next_dagrun for dataset_with_extra_by_context to 2026-08-11 00:00:00+00:00, run_after=2026-08-12 00:00:00+00:00
[2026-08-12T04:39:10.311+0000] {logging_mixin.py:190} INFO - [2026-08-12T04:39:10.310+0000] {dag.py:4138} INFO - Setting next_dagrun for dataset_with_extra_by_yield to 2026-08-11 00:00:00+00:00, run_after=2026-08-12 00:00:00+00:00
[2026-08-12T04:39:10.315+0000] {logging_mixin.py:190} INFO - [2026-08-12T04:39:10.315+0000] {dag.py:4138} INFO - Setting next_dagrun for dataset_with_extra_from_classic_operator to 2026-08-11 00:00:00+00:00, run_after=2026-08-12 00:00:00+00:00
[2026-08-12T04:39:10.348+0000] {processor.py:208} INFO - Processing /home/airflow/.local/lib/python3.12/site-packages/airflow/example_dags/example_outlet_event_extra.py took 0.269 seconds
[2026-08-12T04:39:40.575+0000] {processor.py:186} INFO - Started process (PID=891) to work on /home/airflow/.local/lib/python3.12/site-packages/airflow/example_dags/example_outlet_event_extra.py
[2026-08-12T04:39:40.585+0000] {processor.py:914} INFO - Processing file /home/airflow/.local/lib/python3.12/site-packages/airflow/example_dags/example_outlet_event_extra.py for tasks to queue
[2026-08-12T04:39:40.590+0000] {logging_mixin.py:190} INFO - [2026-08-12T04:39:40.590+0000] {dagbag.py:587} INFO - Filling up the DagBag from /home/airflow/.local/lib/python3.12/site-packages/airflow/example_dags/example_outlet_event_extra.py
[2026-08-12T04:39:40.774+0000] {processor.py:925} INFO - DAG(s) 'dataset_with_extra_by_yield', 'dataset_with_extra_from_classic_operator', 'dataset_with_extra_by_context' retrieved from /home/airflow/.local/lib/python3.12/site-packages/airflow/example_dags/example_outlet_event_extra.py
[2026-08-12T04:39:40.800+0000] {logging_mixin.py:190} INFO - [2026-08-12T04:39:40.800+0000] {dag.py:3211} INFO - Sync 3 DAGs
[2026-08-12T04:39:40.825+0000] {logging_mixin.py:190} INFO - [2026-08-12T04:39:40.825+0000] {dag.py:4138} INFO - Setting next_dagrun for dataset_with_extra_by_context to 2026-08-11 00:00:00+00:00, run_after=2026-08-12 00:00:00+00:00
[2026-08-12T04:39:40.830+0000] {logging_mixin.py:190} INFO - [2026-08-12T04:39:40.830+0000] {dag.py:4138} INFO - Setting next_dagrun for dataset_with_extra_by_yield to 2026-08-11 00:00:00+00:00, run_after=2026-08-12 00:00:00+00:00
[2026-08-12T04:39:40.834+0000] {logging_mixin.py:190} INFO - [2026-08-12T04:39:40.834+0000] {dag.py:4138} INFO - Setting next_dagrun for dataset_with_extra_from_classic_operator to 2026-08-11 00:00:00+00:00, run_after=2026-08-12 00:00:00+00:00
[2026-08-12T04:39:40.858+0000] {processor.py:208} INFO - Processing /home/airflow/.local/lib/python3.12/site-packages/airflow/example_dags/example_outlet_event_extra.py took 0.291 seconds
[2026-08-12T04:40:11.170+0000] {processor.py:186} INFO - Started process (PID=953) to work on /home/airflow/.local/lib/python3.12/site-packages/airflow/example_dags/example_outlet_event_extra.py
[2026-08-12T04:40:11.172+0000] {processor.py:914} INFO - Processing file /home/airflow/.local/lib/python3.12/site-packages/airflow/example_dags/example_outlet_event_extra.py for tasks to queue
[2026-08-12T04:40:11.176+0000] {logging_mixin.py:190} INFO - [2026-08-12T04:40:11.176+0000] {dagbag.py:587} INFO - Filling up the DagBag from /home/airflow/.local/lib/python3.12/site-packages/airflow/example_dags/example_outlet_event_extra.py
[2026-08-12T04:40:11.332+0000] {processor.py:925} INFO - DAG(s) 'dataset_with_extra_from_classic_operator', 'dataset_with_extra_by_context', 'dataset_with_extra_by_yield' retrieved from /home/airflow/.local/lib/python3.12/site-packages/airflow/example_dags/example_outlet_event_extra.py
[2026-08-12T04:40:11.358+0000] {logging_mixin.py:190} INFO - [2026-08-12T04:40:11.358+0000] {dag.py:3211} INFO - Sync 3 DAGs
[2026-08-12T04:40:11.383+0000] {logging_mixin.py:190} INFO - [2026-08-12T04:40:11.383+0000] {dag.py:4138} INFO - Setting next_dagrun for dataset_with_extra_by_context to 2026-08-11 00:00:00+00:00, run_after=2026-08-12 00:00:00+00:00
[2026-08-12T04:40:11.390+0000] {logging_mixin.py:190} INFO - [2026-08-12T04:40:11.389+0000] {dag.py:4138} INFO - Setting next_dagrun for dataset_with_extra_by_yield to 2026-08-11 00:00:00+00:00, run_after=2026-08-12 00:00:00+00:00
[2026-08-12T04:40:11.393+0000] {logging_mixin.py:190} INFO - [2026-08-12T04:40:11.393+0000] {dag.py:4138} INFO - Setting next_dagrun for dataset_with_extra_from_classic_operator to 2026-08-11 00:00:00+00:00, run_after=2026-08-12 00:00:00+00:00
[2026-08-12T04:40:11.416+0000] {processor.py:208} INFO - Processing /home/airflow/.local/lib/python3.12/site-packages/airflow/example_dags/example_outlet_event_extra.py took 0.253 seconds
[2026-08-12T04:40:41.581+0000] {processor.py:186} INFO - Started process (PID=1015) to work on /home/airflow/.local/lib/python3.12/site-packages/airflow/example_dags/example_outlet_event_extra.py
[2026-08-12T04:40:41.583+0000] {processor.py:914} INFO - Processing file /home/airflow/.local/lib/python3.12/site-packages/airflow/example_dags/example_outlet_event_extra.py for tasks to queue
[2026-08-12T04:40:41.586+0000] {logging_mixin.py:190} INFO - [2026-08-12T04:40:41.586+0000] {dagbag.py:587} INFO - Filling up the DagBag from /home/airflow/.local/lib/python3.12/site-packages/airflow/example_dags/example_outlet_event_extra.py
[2026-08-12T04:40:41.730+0000] {processor.py:925} INFO - DAG(s) 'dataset_with_extra_by_yield', 'dataset_with_extra_by_context', 'dataset_with_extra_from_classic_operator' retrieved from /home/airflow/.local/lib/python3.12/site-packages/airflow/example_dags/example_outlet_event_extra.py
[2026-08-12T04:40:41.760+0000] {logging_mixin.py:190} INFO - [2026-08-12T04:40:41.760+0000] {dag.py:3211} INFO - Sync 3 DAGs
[2026-08-12T04:40:41.786+0000] {logging_mixin.py:190} INFO - [2026-08-12T04:40:41.786+0000] {dag.py:4138} INFO - Setting next_dagrun for dataset_with_extra_by_context to 2026-08-11 00:00:00+00:00, run_after=2026-08-12 00:00:00+00:00
[2026-08-12T04:40:41.792+0000] {logging_mixin.py:190} INFO - [2026-08-12T04:40:41.792+0000] {dag.py:4138} INFO - Setting next_dagrun for dataset_with_extra_by_yield to 2026-08-11 00:00:00+00:00, run_after=2026-08-12 00:00:00+00:00
[2026-08-12T04:40:41.796+0000] {logging_mixin.py:190} INFO - [2026-08-12T04:40:41.795+0000] {dag.py:4138} INFO - Setting next_dagrun for dataset_with_extra_from_classic_operator to 2026-08-11 00:00:00+00:00, run_after=2026-08-12 00:00:00+00:00
[2026-08-12T04:40:41.823+0000] {processor.py:208} INFO - Processing /home/airflow/.local/lib/python3.12/site-packages/airflow/example_dags/example_outlet_event_extra.py took 0.247 seconds
[2026-08-12T04:41:11.946+0000] {processor.py:186} INFO - Started process (PID=1077) to work on /home/airflow/.local/lib/python3.12/site-packages/airflow/example_dags/example_outlet_event_extra.py
[2026-08-12T04:41:11.948+0000] {processor.py:914} INFO - Processing file /home/airflow/.local/lib/python3.12/site-packages/airflow/example_dags/example_outlet_event_extra.py for tasks to queue
[2026-08-12T04:41:11.953+0000] {logging_mixin.py:190} INFO - [2026-08-12T04:41:11.952+0000] {dagbag.py:587} INFO - Filling up the DagBag from /home/airflow/.local/lib/python3.12/site-packages/airflow/example_dags/example_outlet_event_extra.py
[2026-08-12T04:41:12.098+0000] {processor.py:925} INFO - DAG(s) 'dataset_with_extra_by_context', 'dataset_with_extra_from_classic_operator', 'dataset_with_extra_by_yield' retrieved from /home/airflow/.local/lib/python3.12/site-packages/airflow/example_dags/example_outlet_event_extra.py
[2026-08-12T04:41:12.121+0000] {logging_mixin.py:190} INFO - [2026-08-12T04:41:12.121+0000] {dag.py:3211} INFO - Sync 3 DAGs
[2026-08-12T04:41:12.147+0000] {logging_mixin.py:190} INFO - [2026-08-12T04:41:12.146+0000] {dag.py:4138} INFO - Setting next_dagrun for dataset_with_extra_by_context to 2026-08-11 00:00:00+00:00, run_after=2026-08-12 00:00:00+00:00
[2026-08-12T04:41:12.152+0000] {logging_mixin.py:190} INFO - [2026-08-12T04:41:12.152+0000] {dag.py:4138} INFO - Setting next_dagrun for dataset_with_extra_by_yield to 2026-08-11 00:00:00+00:00, run_after=2026-08-12 00:00:00+00:00
[2026-08-12T04:41:12.155+0000] {logging_mixin.py:190} INFO - [2026-08-12T04:41:12.155+0000] {dag.py:4138} INFO - Setting next_dagrun for dataset_with_extra_from_classic_operator to 2026-08-11 00:00:00+00:00, run_after=2026-08-12 00:00:00+00:00
[2026-08-12T04:41:12.179+0000] {processor.py:208} INFO - Processing /home/airflow/.local/lib/python3.12/site-packages/airflow/example_dags/example_outlet_event_extra.py took 0.241 seconds
[2026-08-12T04:41:42.681+0000] {processor.py:186} INFO - Started process (PID=1139) to work on /home/airflow/.local/lib/python3.12/site-packages/airflow/example_dags/example_outlet_event_extra.py
[2026-08-12T04:41:42.682+0000] {processor.py:914} INFO - Processing file /home/airflow/.local/lib/python3.12/site-packages/airflow/example_dags/example_outlet_event_extra.py for tasks to queue
[2026-08-12T04:41:42.686+0000] {logging_mixin.py:190} INFO - [2026-08-12T04:41:42.685+0000] {dagbag.py:587} INFO - Filling up the DagBag from /home/airflow/.local/lib/python3.12/site-packages/airflow/example_dags/example_outlet_event_extra.py
[2026-08-12T04:41:42.820+0000] {processor.py:925} INFO - DAG(s) 'dataset_with_extra_from_classic_operator', 'dataset_with_extra_by_context', 'dataset_with_extra_by_yield' retrieved from /home/airflow/.local/lib/python3.12/site-packages/airflow/example_dags/example_outlet_event_extra.py
[2026-08-12T04:41:42.846+0000] {logging_mixin.py:190} INFO - [2026-08-12T04:41:42.846+0000] {dag.py:3211} INFO - Sync 3 DAGs
[2026-08-12T04:41:42.872+0000] {logging_mixin.py:190} INFO - [2026-08-12T04:41:42.872+0000] {dag.py:4138} INFO - Setting next_dagrun for dataset_with_extra_by_context to 2026-08-11 00:00:00+00:00, run_after=2026-08-12 00:00:00+00:00
[2026-08-12T04:41:42.878+0000] {logging_mixin.py:190} INFO - [2026-08-12T04:41:42.878+0000] {dag.py:4138} INFO - Setting next_dagrun for dataset_with_extra_by_yield to 2026-08-11 00:00:00+00:00, run_after=2026-08-12 00:00:00+00:00
[2026-08-12T04:41:42.884+0000] {logging_mixin.py:190} INFO - [2026-08-12T04:41:42.883+0000] {dag.py:4138} INFO - Setting next_dagrun for dataset_with_extra_from_classic_operator to 2026-08-11 00:00:00+00:00, run_after=2026-08-12 00:00:00+00:00
[2026-08-12T04:41:42.920+0000] {processor.py:208} INFO - Processing /home/airflow/.local/lib/python3.12/site-packages/airflow/example_dags/example_outlet_event_extra.py took 0.244 seconds
[2026-08-12T04:42:13.198+0000] {processor.py:186} INFO - Started process (PID=1201) to work on /home/airflow/.local/lib/python3.12/site-packages/airflow/example_dags/example_outlet_event_extra.py
[2026-08-12T04:42:13.200+0000] {processor.py:914} INFO - Processing file /home/airflow/.local/lib/python3.12/site-packages/airflow/example_dags/example_outlet_event_extra.py for tasks to queue
[2026-08-12T04:42:13.203+0000] {logging_mixin.py:190} INFO - [2026-08-12T04:42:13.203+0000] {dagbag.py:587} INFO - Filling up the DagBag from /home/airflow/.local/lib/python3.12/site-packages/airflow/example_dags/example_outlet_event_extra.py
[2026-08-12T04:42:13.347+0000] {processor.py:925} INFO - DAG(s) 'dataset_with_extra_from_classic_operator', 'dataset_with_extra_by_context', 'dataset_with_extra_by_yield' retrieved from /home/airflow/.local/lib/python3.12/site-packages/airflow/example_dags/example_outlet_event_extra.py
[2026-08-12T04:42:13.370+0000] {logging_mixin.py:190} INFO - [2026-08-12T04:42:13.370+0000] {dag.py:3211} INFO - Sync 3 DAGs
[2026-08-12T04:42:13.393+0000] {logging_mixin.py:190} INFO - [2026-08-12T04:42:13.392+0000] {dag.py:4138} INFO - Setting next_dagrun for dataset_with_extra_by_context to 2026-08-11 00:00:00+00:00, run_after=2026-08-12 00:00:00+00:00
[2026-08-12T04:42:13.398+0000] {logging_mixin.py:190} INFO - [2026-08-12T04:42:13.398+0000] {dag.py:4138} INFO - Setting next_dagrun for dataset_with_extra_by_yield to 2026-08-11 00:00:00+00:00, run_after=2026-08-12 00:00:00+00:00
[2026-08-12T04:42:13.401+0000] {logging_mixin.py:190} INFO - [2026-08-12T04:42:13.401+0000] {dag.py:4138} INFO - Setting next_dagrun for dataset_with_extra_from_classic_operator to 2026-08-11 00:00:00+00:00, run_after=2026-08-12 00:00:00+00:00
[2026-08-12T04:42:13.428+0000] {processor.py:208} INFO - Processing /home/airflow/.local/lib/python3.12/site-packages/airflow/example_dags/example_outlet_event_extra.py took 0.236 seconds
[2026-08-12T04:42:43.580+0000] {processor.py:186} INFO - Started process (PID=1263) to work on /home/airflow/.local/lib/python3.12/site-packages/airflow/example_dags/example_outlet_event_extra.py
[2026-08-12T04:42:43.582+0000] {processor.py:914} INFO - Processing file /home/airflow/.local/lib/python3.12/site-packages/airflow/example_dags/example_outlet_event_extra.py for tasks to queue
[2026-08-12T04:42:43.585+0000] {logging_mixin.py:190} INFO - [2026-08-12T04:42:43.585+0000] {dagbag.py:587} INFO - Filling up the DagBag from /home/airflow/.local/lib/python3.12/site-packages/airflow/example_dags/example_outlet_event_extra.py
[2026-08-12T04:42:43.709+0000] {processor.py:925} INFO - DAG(s) 'dataset_with_extra_by_yield', 'dataset_with_extra_by_context', 'dataset_with_extra_from_classic_operator' retrieved from /home/airflow/.local/lib/python3.12/site-packages/airflow/example_dags/example_outlet_event_extra.py
[2026-08-12T04:42:43.737+0000] {logging_mixin.py:190} INFO - [2026-08-12T04:42:43.736+0000] {dag.py:3211} INFO - Sync 3 DAGs
[2026-08-12T04:42:43.760+0000] {logging_mixin.py:190} INFO - [2026-08-12T04:42:43.760+0000] {dag.py:4138} INFO - Setting next_dagrun for dataset_with_extra_by_context to 2026-08-11 00:00:00+00:00, run_after=2026-08-12 00:00:00+00:00
[2026-08-12T04:42:43.765+0000] {logging_mixin.py:190} INFO - [2026-08-12T04:42:43.765+0000] {dag.py:4138} INFO - Setting next_dagrun for dataset_with_extra_by_yield to 2026-08-11 00:00:00+00:00, run_after=2026-08-12 00:00:00+00:00
[2026-08-12T04:42:43.768+0000] {logging_mixin.py:190} INFO - [2026-08-12T04:42:43.768+0000] {dag.py:4138} INFO - Setting next_dagrun for dataset_with_extra_from_classic_operator to 2026-08-11 00:00:00+00:00, run_after=2026-08-12 00:00:00+00:00
[2026-08-12T04:42:43.791+0000] {processor.py:208} INFO - Processing /home/airflow/.local/lib/python3.12/site-packages/airflow/example_dags/example_outlet_event_extra.py took 0.217 seconds
[2026-08-12T04:43:13.938+0000] {processor.py:186} INFO - Started process (PID=1325) to work on /home/airflow/.local/lib/python3.12/site-packages/airflow/example_dags/example_outlet_event_extra.py
[2026-08-12T04:43:13.940+0000] {processor.py:914} INFO - Processing file /home/airflow/.local/lib/python3.12/site-packages/airflow/example_dags/example_outlet_event_extra.py for tasks to queue
[2026-08-12T04:43:13.944+0000] {logging_mixin.py:190} INFO - [2026-08-12T04:43:13.943+0000] {dagbag.py:587} INFO - Filling up the DagBag from /home/airflow/.local/lib/python3.12/site-packages/airflow/example_dags/example_outlet_event_extra.py
[2026-08-12T04:43:14.074+0000] {processor.py:925} INFO - DAG(s) 'dataset_with_extra_from_classic_operator', 'dataset_with_extra_by_yield', 'dataset_with_extra_by_context' retrieved from /home/airflow/.local/lib/python3.12/site-packages/airflow/example_dags/example_outlet_event_extra.py
[2026-08-12T04:43:14.102+0000] {logging_mixin.py:190} INFO - [2026-08-12T04:43:14.101+0000] {dag.py:3211} INFO - Sync 3 DAGs
[2026-08-12T04:43:14.126+0000] {logging_mixin.py:190} INFO - [2026-08-12T04:43:14.125+0000] {dag.py:4138} INFO - Setting next_dagrun for dataset_with_extra_by_context to 2026-08-11 00:00:00+00:00, run_after=2026-08-12 00:00:00+00:00
[2026-08-12T04:43:14.132+0000] {logging_mixin.py:190} INFO - [2026-08-12T04:43:14.132+0000] {dag.py:4138} INFO - Setting next_dagrun for dataset_with_extra_by_yield to 2026-08-11 00:00:00+00:00, run_after=2026-08-12 00:00:00+00:00
[2026-08-12T04:43:14.137+0000] {logging_mixin.py:190} INFO - [2026-08-12T04:43:14.136+0000] {dag.py:4138} INFO - Setting next_dagrun for dataset_with_extra_from_classic_operator to 2026-08-11 00:00:00+00:00, run_after=2026-08-12 00:00:00+00:00
[2026-08-12T04:43:14.161+0000] {processor.py:208} INFO - Processing /home/airflow/.local/lib/python3.12/site-packages/airflow/example_dags/example_outlet_event_extra.py took 0.229 seconds
[2026-08-12T04:43:44.312+0000] {processor.py:186} INFO - Started process (PID=1387) to work on /home/airflow/.local/lib/python3.12/site-packages/airflow/example_dags/example_outlet_event_extra.py
[2026-08-12T04:43:44.314+0000] {processor.py:914} INFO - Processing file /home/airflow/.local/lib/python3.12/site-packages/airflow/example_dags/example_outlet_event_extra.py for tasks to queue
[2026-08-12T04:43:44.319+0000] {logging_mixin.py:190} INFO - [2026-08-12T04:43:44.318+0000] {dagbag.py:587} INFO - Filling up the DagBag from /home/airflow/.local/lib/python3.12/site-packages/airflow/example_dags/example_outlet_event_extra.py
[2026-08-12T04:43:44.472+0000] {processor.py:925} INFO - DAG(s) 'dataset_with_extra_by_yield', 'dataset_with_extra_by_context', 'dataset_with_extra_from_classic_operator' retrieved from /home/airflow/.local/lib/python3.12/site-packages/airflow/example_dags/example_outlet_event_extra.py
[2026-08-12T04:43:44.505+0000] {logging_mixin.py:190} INFO - [2026-08-12T04:43:44.505+0000] {dag.py:3211} INFO - Sync 3 DAGs
[2026-08-12T04:43:44.534+0000] {logging_mixin.py:190} INFO - [2026-08-12T04:43:44.533+0000] {dag.py:4138} INFO - Setting next_dagrun for dataset_with_extra_by_context to 2026-08-11 00:00:00+00:00, run_after=2026-08-12 00:00:00+00:00
[2026-08-12T04:43:44.542+0000] {logging_mixin.py:190} INFO - [2026-08-12T04:43:44.542+0000] {dag.py:4138} INFO - Setting next_dagrun for dataset_with_extra_by_yield to 2026-08-11 00:00:00+00:00, run_after=2026-08-12 00:00:00+00:00
[2026-08-12T04:43:44.546+0000] {logging_mixin.py:190} INFO - [2026-08-12T04:43:44.546+0000] {dag.py:4138} INFO - Setting next_dagrun for dataset_with_extra_from_classic_operator to 2026-08-11 00:00:00+00:00, run_after=2026-08-12 00:00:00+00:00
[2026-08-12T04:43:44.577+0000] {processor.py:208} INFO - Processing /home/airflow/.local/lib/python3.12/site-packages/airflow/example_dags/example_outlet_event_extra.py took 0.271 seconds
[2026-08-12T04:44:15.058+0000] {processor.py:186} INFO - Started process (PID=1449) to work on /home/airflow/.local/lib/python3.12/site-packages/airflow/example_dags/example_outlet_event_extra.py
[2026-08-12T04:44:15.060+0000] {processor.py:914} INFO - Processing file /home/airflow/.local/lib/python3.12/site-packages/airflow/example_dags/example_outlet_event_extra.py for tasks to queue
[2026-08-12T04:44:15.063+0000] {logging_mixin.py:190} INFO - [2026-08-12T04:44:15.062+0000] {dagbag.py:587} INFO - Filling up the DagBag from /home/airflow/.local/lib/python3.12/site-packages/airflow/example_dags/example_outlet_event_extra.py
[2026-08-12T04:44:15.229+0000] {processor.py:925} INFO - DAG(s) 'dataset_with_extra_by_yield', 'dataset_with_extra_by_context', 'dataset_with_extra_from_classic_operator' retrieved from /home/airflow/.local/lib/python3.12/site-packages/airflow/example_dags/example_outlet_event_extra.py
[2026-08-12T04:44:15.252+0000] {logging_mixin.py:190} INFO - [2026-08-12T04:44:15.251+0000] {dag.py:3211} INFO - Sync 3 DAGs
[2026-08-12T04:44:15.275+0000] {logging_mixin.py:190} INFO - [2026-08-12T04:44:15.275+0000] {dag.py:4138} INFO - Setting next_dagrun for dataset_with_extra_by_context to 2026-08-11 00:00:00+00:00, run_after=2026-08-12 00:00:00+00:00
[2026-08-12T04:44:15.280+0000] {logging_mixin.py:190} INFO - [2026-08-12T04:44:15.279+0000] {dag.py:4138} INFO - Setting next_dagrun for dataset_with_extra_by_yield to 2026-08-11 00:00:00+00:00, run_after=2026-08-12 00:00:00+00:00
[2026-08-12T04:44:15.283+0000] {logging_mixin.py:190} INFO - [2026-08-12T04:44:15.282+0000] {dag.py:4138} INFO - Setting next_dagrun for dataset_with_extra_from_classic_operator to 2026-08-11 00:00:00+00:00, run_after=2026-08-12 00:00:00+00:00
[2026-08-12T04:44:15.301+0000] {processor.py:208} INFO - Processing /home/airflow/.local/lib/python3.12/site-packages/airflow/example_dags/example_outlet_event_extra.py took 0.249 seconds
[2026-08-12T04:44:45.519+0000] {processor.py:186} INFO - Started process (PID=1512) to work on /home/airflow/.local/lib/python3.12/site-packages/airflow/example_dags/example_outlet_event_extra.py
[2026-08-12T04:44:45.520+0000] {processor.py:914} INFO - Processing file /home/airflow/.local/lib/python3.12/site-packages/airflow/example_dags/example_outlet_event_extra.py for tasks to queue
[2026-08-12T04:44:45.525+0000] {logging_mixin.py:190} INFO - [2026-08-12T04:44:45.524+0000] {dagbag.py:587} INFO - Filling up the DagBag from /home/airflow/.local/lib/python3.12/site-packages/airflow/example_dags/example_outlet_event_extra.py
[2026-08-12T04:44:45.661+0000] {processor.py:925} INFO - DAG(s) 'dataset_with_extra_from_classic_operator', 'dataset_with_extra_by_context', 'dataset_with_extra_by_yield' retrieved from /home/airflow/.local/lib/python3.12/site-packages/airflow/example_dags/example_outlet_event_extra.py
[2026-08-12T04:44:45.691+0000] {logging_mixin.py:190} INFO - [2026-08-12T04:44:45.691+0000] {dag.py:3211} INFO - Sync 3 DAGs
[2026-08-12T04:44:45.713+0000] {logging_mixin.py:190} INFO - [2026-08-12T04:44:45.713+0000] {dag.py:4138} INFO - Setting next_dagrun for dataset_with_extra_by_context to 2026-08-11 00:00:00+00:00, run_after=2026-08-12 00:00:00+00:00
[2026-08-12T04:44:45.718+0000] {logging_mixin.py:190} INFO - [2026-08-12T04:44:45.718+0000] {dag.py:4138} INFO - Setting next_dagrun for dataset_with_extra_by_yield to 2026-08-11 00:00:00+00:00, run_after=2026-08-12 00:00:00+00:00
[2026-08-12T04:44:45.722+0000] {logging_mixin.py:190} INFO - [2026-08-12T04:44:45.721+0000] {dag.py:4138} INFO - Setting next_dagrun for dataset_with_extra_from_classic_operator to 2026-08-11 00:00:00+00:00, run_after=2026-08-12 00:00:00+00:00
[2026-08-12T04:44:45.746+0000] {processor.py:208} INFO - Processing /home/airflow/.local/lib/python3.12/site-packages/airflow/example_dags/example_outlet_event_extra.py took 0.233 seconds
[2026-08-12T04:45:15.908+0000] {processor.py:186} INFO - Started process (PID=1574) to work on /home/airflow/.local/lib/python3.12/site-packages/airflow/example_dags/example_outlet_event_extra.py
[2026-08-12T04:45:15.910+0000] {processor.py:914} INFO - Processing file /home/airflow/.local/lib/python3.12/site-packages/airflow/example_dags/example_outlet_event_extra.py for tasks to queue
[2026-08-12T04:45:15.915+0000] {logging_mixin.py:190} INFO - [2026-08-12T04:45:15.914+0000] {dagbag.py:587} INFO - Filling up the DagBag from /home/airflow/.local/lib/python3.12/site-packages/airflow/example_dags/example_outlet_event_extra.py
[2026-08-12T04:45:16.109+0000] {processor.py:925} INFO - DAG(s) 'dataset_with_extra_by_context', 'dataset_with_extra_by_yield', 'dataset_with_extra_from_classic_operator' retrieved from /home/airflow/.local/lib/python3.12/site-packages/airflow/example_dags/example_outlet_event_extra.py
[2026-08-12T04:45:16.134+0000] {logging_mixin.py:190} INFO - [2026-08-12T04:45:16.133+0000] {dag.py:3211} INFO - Sync 3 DAGs
[2026-08-12T04:45:16.159+0000] {logging_mixin.py:190} INFO - [2026-08-12T04:45:16.159+0000] {dag.py:4138} INFO - Setting next_dagrun for dataset_with_extra_by_context to 2026-08-11 00:00:00+00:00, run_after=2026-08-12 00:00:00+00:00
[2026-08-12T04:45:16.167+0000] {logging_mixin.py:190} INFO - [2026-08-12T04:45:16.167+0000] {dag.py:4138} INFO - Setting next_dagrun for dataset_with_extra_by_yield to 2026-08-11 00:00:00+00:00, run_after=2026-08-12 00:00:00+00:00
[2026-08-12T04:45:16.173+0000] {logging_mixin.py:190} INFO - [2026-08-12T04:45:16.173+0000] {dag.py:4138} INFO - Setting next_dagrun for dataset_with_extra_from_classic_operator to 2026-08-11 00:00:00+00:00, run_after=2026-08-12 00:00:00+00:00
[2026-08-12T04:45:16.204+0000] {processor.py:208} INFO - Processing /home/airflow/.local/lib/python3.12/site-packages/airflow/example_dags/example_outlet_event_extra.py took 0.304 seconds
[2026-08-12T04:45:46.414+0000] {processor.py:186} INFO - Started process (PID=1636) to work on /home/airflow/.local/lib/python3.12/site-packages/airflow/example_dags/example_outlet_event_extra.py
[2026-08-12T04:45:46.415+0000] {processor.py:914} INFO - Processing file /home/airflow/.local/lib/python3.12/site-packages/airflow/example_dags/example_outlet_event_extra.py for tasks to queue
[2026-08-12T04:45:46.419+0000] {logging_mixin.py:190} INFO - [2026-08-12T04:45:46.418+0000] {dagbag.py:587} INFO - Filling up the DagBag from /home/airflow/.local/lib/python3.12/site-packages/airflow/example_dags/example_outlet_event_extra.py
[2026-08-12T04:45:46.560+0000] {processor.py:925} INFO - DAG(s) 'dataset_with_extra_from_classic_operator', 'dataset_with_extra_by_yield', 'dataset_with_extra_by_context' retrieved from /home/airflow/.local/lib/python3.12/site-packages/airflow/example_dags/example_outlet_event_extra.py
[2026-08-12T04:45:46.586+0000] {logging_mixin.py:190} INFO - [2026-08-12T04:45:46.586+0000] {dag.py:3211} INFO - Sync 3 DAGs
[2026-08-12T04:45:46.615+0000] {logging_mixin.py:190} INFO - [2026-08-12T04:45:46.614+0000] {dag.py:4138} INFO - Setting next_dagrun for dataset_with_extra_by_context to 2026-08-11 00:00:00+00:00, run_after=2026-08-12 00:00:00+00:00
[2026-08-12T04:45:46.620+0000] {logging_mixin.py:190} INFO - [2026-08-12T04:45:46.620+0000] {dag.py:4138} INFO - Setting next_dagrun for dataset_with_extra_by_yield to 2026-08-11 00:00:00+00:00, run_after=2026-08-12 00:00:00+00:00
[2026-08-12T04:45:46.623+0000] {logging_mixin.py:190} INFO - [2026-08-12T04:45:46.623+0000] {dag.py:4138} INFO - Setting next_dagrun for dataset_with_extra_from_classic_operator to 2026-08-11 00:00:00+00:00, run_after=2026-08-12 00:00:00+00:00
[2026-08-12T04:45:46.648+0000] {processor.py:208} INFO - Processing /home/airflow/.local/lib/python3.12/site-packages/airflow/example_dags/example_outlet_event_extra.py took 0.241 seconds
[2026-08-12T04:46:17.078+0000] {processor.py:186} INFO - Started process (PID=1698) to work on /home/airflow/.local/lib/python3.12/site-packages/airflow/example_dags/example_outlet_event_extra.py
[2026-08-12T04:46:17.079+0000] {processor.py:914} INFO - Processing file /home/airflow/.local/lib/python3.12/site-packages/airflow/example_dags/example_outlet_event_extra.py for tasks to queue
[2026-08-12T04:46:17.082+0000] {logging_mixin.py:190} INFO - [2026-08-12T04:46:17.082+0000] {dagbag.py:587} INFO - Filling up the DagBag from /home/airflow/.local/lib/python3.12/site-packages/airflow/example_dags/example_outlet_event_extra.py
[2026-08-12T04:46:17.238+0000] {processor.py:925} INFO - DAG(s) 'dataset_with_extra_by_yield', 'dataset_with_extra_by_context', 'dataset_with_extra_from_classic_operator' retrieved from /home/airflow/.local/lib/python3.12/site-packages/airflow/example_dags/example_outlet_event_extra.py
[2026-08-12T04:46:17.276+0000] {logging_mixin.py:190} INFO - [2026-08-12T04:46:17.275+0000] {dag.py:3211} INFO - Sync 3 DAGs
[2026-08-12T04:46:17.312+0000] {logging_mixin.py:190} INFO - [2026-08-12T04:46:17.311+0000] {dag.py:4138} INFO - Setting next_dagrun for dataset_with_extra_by_context to 2026-08-11 00:00:00+00:00, run_after=2026-08-12 00:00:00+00:00
[2026-08-12T04:46:17.317+0000] {logging_mixin.py:190} INFO - [2026-08-12T04:46:17.317+0000] {dag.py:4138} INFO - Setting next_dagrun for dataset_with_extra_by_yield to 2026-08-11 00:00:00+00:00, run_after=2026-08-12 00:00:00+00:00
[2026-08-12T04:46:17.321+0000] {logging_mixin.py:190} INFO - [2026-08-12T04:46:17.320+0000] {dag.py:4138} INFO - Setting next_dagrun for dataset_with_extra_from_classic_operator to 2026-08-11 00:00:00+00:00, run_after=2026-08-12 00:00:00+00:00
[2026-08-12T04:46:17.542+0000] {processor.py:208} INFO - Processing /home/airflow/.local/lib/python3.12/site-packages/airflow/example_dags/example_outlet_event_extra.py took 0.470 seconds
[2026-08-12T04:46:47.659+0000] {processor.py:186} INFO - Started process (PID=1760) to work on /home/airflow/.local/lib/python3.12/site-packages/airflow/example_dags/example_outlet_event_extra.py
[2026-08-12T04:46:47.660+0000] {processor.py:914} INFO - Processing file /home/airflow/.local/lib/python3.12/site-packages/airflow/example_dags/example_outlet_event_extra.py for tasks to queue
[2026-08-12T04:46:47.664+0000] {logging_mixin.py:190} INFO - [2026-08-12T04:46:47.663+0000] {dagbag.py:587} INFO - Filling up the DagBag from /home/airflow/.local/lib/python3.12/site-packages/airflow/example_dags/example_outlet_event_extra.py
[2026-08-12T04:46:47.812+0000] {processor.py:925} INFO - DAG(s) 'dataset_with_extra_by_context', 'dataset_with_extra_by_yield', 'dataset_with_extra_from_classic_operator' retrieved from /home/airflow/.local/lib/python3.12/site-packages/airflow/example_dags/example_outlet_event_extra.py
[2026-08-12T04:46:47.836+0000] {logging_mixin.py:190} INFO - [2026-08-12T04:46:47.836+0000] {dag.py:3211} INFO - Sync 3 DAGs
[2026-08-12T04:46:47.861+0000] {logging_mixin.py:190} INFO - [2026-08-12T04:46:47.861+0000] {dag.py:4138} INFO - Setting next_dagrun for dataset_with_extra_by_context to 2026-08-11 00:00:00+00:00, run_after=2026-08-12 00:00:00+00:00
[2026-08-12T04:46:47.868+0000] {logging_mixin.py:190} INFO - [2026-08-12T04:46:47.867+0000] {dag.py:4138} INFO - Setting next_dagrun for dataset_with_extra_by_yield to 2026-08-11 00:00:00+00:00, run_after=2026-08-12 00:00:00+00:00
[2026-08-12T04:46:47.871+0000] {logging_mixin.py:190} INFO - [2026-08-12T04:46:47.870+0000] {dag.py:4138} INFO - Setting next_dagrun for dataset_with_extra_from_classic_operator to 2026-08-11 00:00:00+00:00, run_after=2026-08-12 00:00:00+00:00
[2026-08-12T04:46:47.895+0000] {processor.py:208} INFO - Processing /home/airflow/.local/lib/python3.12/site-packages/airflow/example_dags/example_outlet_event_extra.py took 0.242 seconds
[2026-08-12T04:47:18.217+0000] {processor.py:186} INFO - Started process (PID=1822) to work on /home/airflow/.local/lib/python3.12/site-packages/airflow/example_dags/example_outlet_event_extra.py
[2026-08-12T04:47:18.219+0000] {processor.py:914} INFO - Processing file /home/airflow/.local/lib/python3.12/site-packages/airflow/example_dags/example_outlet_event_extra.py for tasks to queue
[2026-08-12T04:47:18.223+0000] {logging_mixin.py:190} INFO - [2026-08-12T04:47:18.222+0000] {dagbag.py:587} INFO - Filling up the DagBag from /home/airflow/.local/lib/python3.12/site-packages/airflow/example_dags/example_outlet_event_extra.py
[2026-08-12T04:47:18.457+0000] {processor.py:925} INFO - DAG(s) 'dataset_with_extra_by_context', 'dataset_with_extra_from_classic_operator', 'dataset_with_extra_by_yield' retrieved from /home/airflow/.local/lib/python3.12/site-packages/airflow/example_dags/example_outlet_event_extra.py
[2026-08-12T04:47:18.507+0000] {logging_mixin.py:190} INFO - [2026-08-12T04:47:18.507+0000] {dag.py:3211} INFO - Sync 3 DAGs
[2026-08-12T04:47:18.549+0000] {logging_mixin.py:190} INFO - [2026-08-12T04:47:18.549+0000] {dag.py:4138} INFO - Setting next_dagrun for dataset_with_extra_by_context to 2026-08-11 00:00:00+00:00, run_after=2026-08-12 00:00:00+00:00
[2026-08-12T04:47:18.556+0000] {logging_mixin.py:190} INFO - [2026-08-12T04:47:18.556+0000] {dag.py:4138} INFO - Setting next_dagrun for dataset_with_extra_by_yield to 2026-08-11 00:00:00+00:00, run_after=2026-08-12 00:00:00+00:00
[2026-08-12T04:47:18.559+0000] {logging_mixin.py:190} INFO - [2026-08-12T04:47:18.559+0000] {dag.py:4138} INFO - Setting next_dagrun for dataset_with_extra_from_classic_operator to 2026-08-11 00:00:00+00:00, run_after=2026-08-12 00:00:00+00:00
[2026-08-12T04:47:18.582+0000] {processor.py:208} INFO - Processing /home/airflow/.local/lib/python3.12/site-packages/airflow/example_dags/example_outlet_event_extra.py took 0.373 seconds
[2026-08-12T04:47:49.204+0000] {processor.py:186} INFO - Started process (PID=1884) to work on /home/airflow/.local/lib/python3.12/site-packages/airflow/example_dags/example_outlet_event_extra.py
[2026-08-12T04:47:49.206+0000] {processor.py:914} INFO - Processing file /home/airflow/.local/lib/python3.12/site-packages/airflow/example_dags/example_outlet_event_extra.py for tasks to queue
[2026-08-12T04:47:49.209+0000] {logging_mixin.py:190} INFO - [2026-08-12T04:47:49.208+0000] {dagbag.py:587} INFO - Filling up the DagBag from /home/airflow/.local/lib/python3.12/site-packages/airflow/example_dags/example_outlet_event_extra.py
[2026-08-12T04:47:49.348+0000] {processor.py:925} INFO - DAG(s) 'dataset_with_extra_from_classic_operator', 'dataset_with_extra_by_yield', 'dataset_with_extra_by_context' retrieved from /home/airflow/.local/lib/python3.12/site-packages/airflow/example_dags/example_outlet_event_extra.py
[2026-08-12T04:47:49.374+0000] {logging_mixin.py:190} INFO - [2026-08-12T04:47:49.373+0000] {dag.py:3211} INFO - Sync 3 DAGs
[2026-08-12T04:47:49.399+0000] {logging_mixin.py:190} INFO - [2026-08-12T04:47:49.399+0000] {dag.py:4138} INFO - Setting next_dagrun for dataset_with_extra_by_context to 2026-08-11 00:00:00+00:00, run_after=2026-08-12 00:00:00+00:00
[2026-08-12T04:47:49.405+0000] {logging_mixin.py:190} INFO - [2026-08-12T04:47:49.405+0000] {dag.py:4138} INFO - Setting next_dagrun for dataset_with_extra_by_yield to 2026-08-11 00:00:00+00:00, run_after=2026-08-12 00:00:00+00:00
[2026-08-12T04:47:49.409+0000] {logging_mixin.py:190} INFO - [2026-08-12T04:47:49.409+0000] {dag.py:4138} INFO - Setting next_dagrun for dataset_with_extra_from_classic_operator to 2026-08-11 00:00:00+00:00, run_after=2026-08-12 00:00:00+00:00
[2026-08-12T04:47:49.436+0000] {processor.py:208} INFO - Processing /home/airflow/.local/lib/python3.12/site-packages/airflow/example_dags/example_outlet_event_extra.py took 0.238 seconds
[2026-08-12T04:48:19.594+0000] {processor.py:186} INFO - Started process (PID=1948) to work on /home/airflow/.local/lib/python3.12/site-packages/airflow/example_dags/example_outlet_event_extra.py
[2026-08-12T04:48:19.598+0000] {processor.py:914} INFO - Processing file /home/airflow/.local/lib/python3.12/site-packages/airflow/example_dags/example_outlet_event_extra.py for tasks to queue
[2026-08-12T04:48:19.603+0000] {logging_mixin.py:190} INFO - [2026-08-12T04:48:19.603+0000] {dagbag.py:587} INFO - Filling up the DagBag from /home/airflow/.local/lib/python3.12/site-packages/airflow/example_dags/example_outlet_event_extra.py
[2026-08-12T04:48:19.852+0000] {processor.py:925} INFO - DAG(s) 'dataset_with_extra_by_yield', 'dataset_with_extra_by_context', 'dataset_with_extra_from_classic_operator' retrieved from /home/airflow/.local/lib/python3.12/site-packages/airflow/example_dags/example_outlet_event_extra.py
[2026-08-12T04:48:19.904+0000] {logging_mixin.py:190} INFO - [2026-08-12T04:48:19.903+0000] {dag.py:3211} INFO - Sync 3 DAGs
[2026-08-12T04:48:19.945+0000] {logging_mixin.py:190} INFO - [2026-08-12T04:48:19.945+0000] {dag.py:4138} INFO - Setting next_dagrun for dataset_with_extra_by_context to 2026-08-11 00:00:00+00:00, run_after=2026-08-12 00:00:00+00:00
[2026-08-12T04:48:19.954+0000] {logging_mixin.py:190} INFO - [2026-08-12T04:48:19.953+0000] {dag.py:4138} INFO - Setting next_dagrun for dataset_with_extra_by_yield to 2026-08-11 00:00:00+00:00, run_after=2026-08-12 00:00:00+00:00
[2026-08-12T04:48:19.959+0000] {logging_mixin.py:190} INFO - [2026-08-12T04:48:19.959+0000] {dag.py:4138} INFO - Setting next_dagrun for dataset_with_extra_from_classic_operator to 2026-08-11 00:00:00+00:00, run_after=2026-08-12 00:00:00+00:00
[2026-08-12T04:48:20.008+0000] {processor.py:208} INFO - Processing /home/airflow/.local/lib/python3.12/site-packages/airflow/example_dags/example_outlet_event_extra.py took 0.423 seconds
[2026-08-12T04:48:50.746+0000] {processor.py:186} INFO - Started process (PID=2011) to work on /home/airflow/.local/lib/python3.12/site-packages/airflow/example_dags/example_outlet_event_extra.py
[2026-08-12T04:48:50.748+0000] {processor.py:914} INFO - Processing file /home/airflow/.local/lib/python3.12/site-packages/airflow/example_dags/example_outlet_event_extra.py for tasks to queue
[2026-08-12T04:48:50.751+0000] {logging_mixin.py:190} INFO - [2026-08-12T04:48:50.751+0000] {dagbag.py:587} INFO - Filling up the DagBag from /home/airflow/.local/lib/python3.12/site-packages/airflow/example_dags/example_outlet_event_extra.py
[2026-08-12T04:48:50.911+0000] {processor.py:925} INFO - DAG(s) 'dataset_with_extra_from_classic_operator', 'dataset_with_extra_by_context', 'dataset_with_extra_by_yield' retrieved from /home/airflow/.local/lib/python3.12/site-packages/airflow/example_dags/example_outlet_event_extra.py
[2026-08-12T04:48:50.939+0000] {logging_mixin.py:190} INFO - [2026-08-12T04:48:50.939+0000] {dag.py:3211} INFO - Sync 3 DAGs
[2026-08-12T04:48:51.171+0000] {logging_mixin.py:190} INFO - [2026-08-12T04:48:51.170+0000] {dag.py:4138} INFO - Setting next_dagrun for dataset_with_extra_by_context to 2026-08-11 00:00:00+00:00, run_after=2026-08-12 00:00:00+00:00
[2026-08-12T04:48:51.179+0000] {logging_mixin.py:190} INFO - [2026-08-12T04:48:51.178+0000] {dag.py:4138} INFO - Setting next_dagrun for dataset_with_extra_by_yield to 2026-08-11 00:00:00+00:00, run_after=2026-08-12 00:00:00+00:00
[2026-08-12T04:48:51.182+0000] {logging_mixin.py:190} INFO - [2026-08-12T04:48:51.182+0000] {dag.py:4138} INFO - Setting next_dagrun for dataset_with_extra_from_classic_operator to 2026-08-11 00:00:00+00:00, run_after=2026-08-12 00:00:00+00:00
[2026-08-12T04:48:51.206+0000] {processor.py:208} INFO - Processing /home/airflow/.local/lib/python3.12/site-packages/airflow/example_dags/example_outlet_event_extra.py took 0.468 seconds
[2026-08-12T04:49:21.448+0000] {processor.py:186} INFO - Started process (PID=2077) to work on /home/airflow/.local/lib/python3.12/site-packages/airflow/example_dags/example_outlet_event_extra.py
[2026-08-12T04:49:21.449+0000] {processor.py:914} INFO - Processing file /home/airflow/.local/lib/python3.12/site-packages/airflow/example_dags/example_outlet_event_extra.py for tasks to queue
[2026-08-12T04:49:21.452+0000] {logging_mixin.py:190} INFO - [2026-08-12T04:49:21.452+0000] {dagbag.py:587} INFO - Filling up the DagBag from /home/airflow/.local/lib/python3.12/site-packages/airflow/example_dags/example_outlet_event_extra.py
[2026-08-12T04:49:21.603+0000] {processor.py:925} INFO - DAG(s) 'dataset_with_extra_by_context', 'dataset_with_extra_by_yield', 'dataset_with_extra_from_classic_operator' retrieved from /home/airflow/.local/lib/python3.12/site-packages/airflow/example_dags/example_outlet_event_extra.py
[2026-08-12T04:49:21.633+0000] {logging_mixin.py:190} INFO - [2026-08-12T04:49:21.633+0000] {dag.py:3211} INFO - Sync 3 DAGs
[2026-08-12T04:49:21.847+0000] {logging_mixin.py:190} INFO - [2026-08-12T04:49:21.847+0000] {dag.py:4138} INFO - Setting next_dagrun for dataset_with_extra_by_context to 2026-08-11 00:00:00+00:00, run_after=2026-08-12 00:00:00+00:00
[2026-08-12T04:49:21.852+0000] {logging_mixin.py:190} INFO - [2026-08-12T04:49:21.852+0000] {dag.py:4138} INFO - Setting next_dagrun for dataset_with_extra_by_yield to 2026-08-11 00:00:00+00:00, run_after=2026-08-12 00:00:00+00:00
[2026-08-12T04:49:21.856+0000] {logging_mixin.py:190} INFO - [2026-08-12T04:49:21.855+0000] {dag.py:4138} INFO - Setting next_dagrun for dataset_with_extra_from_classic_operator to 2026-08-11 00:00:00+00:00, run_after=2026-08-12 00:00:00+00:00
[2026-08-12T04:49:21.879+0000] {processor.py:208} INFO - Processing /home/airflow/.local/lib/python3.12/site-packages/airflow/example_dags/example_outlet_event_extra.py took 0.437 seconds
[2026-08-12T04:49:52.201+0000] {processor.py:186} INFO - Started process (PID=2143) to work on /home/airflow/.local/lib/python3.12/site-packages/airflow/example_dags/example_outlet_event_extra.py
[2026-08-12T04:49:52.203+0000] {processor.py:914} INFO - Processing file /home/airflow/.local/lib/python3.12/site-packages/airflow/example_dags/example_outlet_event_extra.py for tasks to queue
[2026-08-12T04:49:52.207+0000] {logging_mixin.py:190} INFO - [2026-08-12T04:49:52.206+0000] {dagbag.py:587} INFO - Filling up the DagBag from /home/airflow/.local/lib/python3.12/site-packages/airflow/example_dags/example_outlet_event_extra.py
[2026-08-12T04:49:52.363+0000] {processor.py:925} INFO - DAG(s) 'dataset_with_extra_by_context', 'dataset_with_extra_by_yield', 'dataset_with_extra_from_classic_operator' retrieved from /home/airflow/.local/lib/python3.12/site-packages/airflow/example_dags/example_outlet_event_extra.py
[2026-08-12T04:49:52.394+0000] {logging_mixin.py:190} INFO - [2026-08-12T04:49:52.394+0000] {dag.py:3211} INFO - Sync 3 DAGs
[2026-08-12T04:49:52.419+0000] {logging_mixin.py:190} INFO - [2026-08-12T04:49:52.419+0000] {dag.py:4138} INFO - Setting next_dagrun for dataset_with_extra_by_context to 2026-08-11 00:00:00+00:00, run_after=2026-08-12 00:00:00+00:00
[2026-08-12T04:49:52.424+0000] {logging_mixin.py:190} INFO - [2026-08-12T04:49:52.424+0000] {dag.py:4138} INFO - Setting next_dagrun for dataset_with_extra_by_yield to 2026-08-11 00:00:00+00:00, run_after=2026-08-12 00:00:00+00:00
[2026-08-12T04:49:52.427+0000] {logging_mixin.py:190} INFO - [2026-08-12T04:49:52.427+0000] {dag.py:4138} INFO - Setting next_dagrun for dataset_with_extra_from_classic_operator to 2026-08-11 00:00:00+00:00, run_after=2026-08-12 00:00:00+00:00
[2026-08-12T04:49:52.714+0000] {processor.py:208} INFO - Processing /home/airflow/.local/lib/python3.12/site-packages/airflow/example_dags/example_outlet_event_extra.py took 0.519 seconds
[2026-08-12T04:50:23.391+0000] {processor.py:186} INFO - Started process (PID=2207) to work on /home/airflow/.local/lib/python3.12/site-packages/airflow/example_dags/example_outlet_event_extra.py
[2026-08-12T04:50:23.393+0000] {processor.py:914} INFO - Processing file /home/airflow/.local/lib/python3.12/site-packages/airflow/example_dags/example_outlet_event_extra.py for tasks to queue
[2026-08-12T04:50:23.396+0000] {logging_mixin.py:190} INFO - [2026-08-12T04:50:23.395+0000] {dagbag.py:587} INFO - Filling up the DagBag from /home/airflow/.local/lib/python3.12/site-packages/airflow/example_dags/example_outlet_event_extra.py
[2026-08-12T04:50:23.549+0000] {processor.py:925} INFO - DAG(s) 'dataset_with_extra_by_context', 'dataset_with_extra_from_classic_operator', 'dataset_with_extra_by_yield' retrieved from /home/airflow/.local/lib/python3.12/site-packages/airflow/example_dags/example_outlet_event_extra.py
[2026-08-12T04:50:23.574+0000] {logging_mixin.py:190} INFO - [2026-08-12T04:50:23.574+0000] {dag.py:3211} INFO - Sync 3 DAGs
[2026-08-12T04:50:23.596+0000] {logging_mixin.py:190} INFO - [2026-08-12T04:50:23.596+0000] {dag.py:4138} INFO - Setting next_dagrun for dataset_with_extra_by_context to 2026-08-11 00:00:00+00:00, run_after=2026-08-12 00:00:00+00:00
[2026-08-12T04:50:23.602+0000] {logging_mixin.py:190} INFO - [2026-08-12T04:50:23.602+0000] {dag.py:4138} INFO - Setting next_dagrun for dataset_with_extra_by_yield to 2026-08-11 00:00:00+00:00, run_after=2026-08-12 00:00:00+00:00
[2026-08-12T04:50:23.605+0000] {logging_mixin.py:190} INFO - [2026-08-12T04:50:23.605+0000] {dag.py:4138} INFO - Setting next_dagrun for dataset_with_extra_from_classic_operator to 2026-08-11 00:00:00+00:00, run_after=2026-08-12 00:00:00+00:00
[2026-08-12T04:50:23.629+0000] {processor.py:208} INFO - Processing /home/airflow/.local/lib/python3.12/site-packages/airflow/example_dags/example_outlet_event_extra.py took 0.243 seconds
[2026-08-12T04:50:54.159+0000] {processor.py:186} INFO - Started process (PID=2270) to work on /home/airflow/.local/lib/python3.12/site-packages/airflow/example_dags/example_outlet_event_extra.py
[2026-08-12T04:50:54.161+0000] {processor.py:914} INFO - Processing file /home/airflow/.local/lib/python3.12/site-packages/airflow/example_dags/example_outlet_event_extra.py for tasks to queue
[2026-08-12T04:50:54.164+0000] {logging_mixin.py:190} INFO - [2026-08-12T04:50:54.163+0000] {dagbag.py:587} INFO - Filling up the DagBag from /home/airflow/.local/lib/python3.12/site-packages/airflow/example_dags/example_outlet_event_extra.py
[2026-08-12T04:50:54.508+0000] {processor.py:925} INFO - DAG(s) 'dataset_with_extra_by_yield', 'dataset_with_extra_from_classic_operator', 'dataset_with_extra_by_context' retrieved from /home/airflow/.local/lib/python3.12/site-packages/airflow/example_dags/example_outlet_event_extra.py
[2026-08-12T04:50:54.533+0000] {logging_mixin.py:190} INFO - [2026-08-12T04:50:54.533+0000] {dag.py:3211} INFO - Sync 3 DAGs
[2026-08-12T04:50:54.556+0000] {logging_mixin.py:190} INFO - [2026-08-12T04:50:54.556+0000] {dag.py:4138} INFO - Setting next_dagrun for dataset_with_extra_by_context to 2026-08-11 00:00:00+00:00, run_after=2026-08-12 00:00:00+00:00
[2026-08-12T04:50:54.562+0000] {logging_mixin.py:190} INFO - [2026-08-12T04:50:54.562+0000] {dag.py:4138} INFO - Setting next_dagrun for dataset_with_extra_by_yield to 2026-08-11 00:00:00+00:00, run_after=2026-08-12 00:00:00+00:00
[2026-08-12T04:50:54.566+0000] {logging_mixin.py:190} INFO - [2026-08-12T04:50:54.566+0000] {dag.py:4138} INFO - Setting next_dagrun for dataset_with_extra_from_classic_operator to 2026-08-11 00:00:00+00:00, run_after=2026-08-12 00:00:00+00:00
[2026-08-12T04:50:54.591+0000] {processor.py:208} INFO - Processing /home/airflow/.local/lib/python3.12/site-packages/airflow/example_dags/example_outlet_event_extra.py took 0.438 seconds
[2026-08-12T04:51:24.826+0000] {processor.py:186} INFO - Started process (PID=2333) to work on /home/airflow/.local/lib/python3.12/site-packages/airflow/example_dags/example_outlet_event_extra.py
[2026-08-12T04:51:24.828+0000] {processor.py:914} INFO - Processing file /home/airflow/.local/lib/python3.12/site-packages/airflow/example_dags/example_outlet_event_extra.py for tasks to queue
[2026-08-12T04:51:24.831+0000] {logging_mixin.py:190} INFO - [2026-08-12T04:51:24.831+0000] {dagbag.py:587} INFO - Filling up the DagBag from /home/airflow/.local/lib/python3.12/site-packages/airflow/example_dags/example_outlet_event_extra.py
[2026-08-12T04:51:24.972+0000] {processor.py:925} INFO - DAG(s) 'dataset_with_extra_by_context', 'dataset_with_extra_by_yield', 'dataset_with_extra_from_classic_operator' retrieved from /home/airflow/.local/lib/python3.12/site-packages/airflow/example_dags/example_outlet_event_extra.py
[2026-08-12T04:51:25.191+0000] {logging_mixin.py:190} INFO - [2026-08-12T04:51:25.191+0000] {dag.py:3211} INFO - Sync 3 DAGs
[2026-08-12T04:51:25.216+0000] {logging_mixin.py:190} INFO - [2026-08-12T04:51:25.216+0000] {dag.py:4138} INFO - Setting next_dagrun for dataset_with_extra_by_context to 2026-08-11 00:00:00+00:00, run_after=2026-08-12 00:00:00+00:00
[2026-08-12T04:51:25.221+0000] {logging_mixin.py:190} INFO - [2026-08-12T04:51:25.221+0000] {dag.py:4138} INFO - Setting next_dagrun for dataset_with_extra_by_yield to 2026-08-11 00:00:00+00:00, run_after=2026-08-12 00:00:00+00:00
[2026-08-12T04:51:25.225+0000] {logging_mixin.py:190} INFO - [2026-08-12T04:51:25.224+0000] {dag.py:4138} INFO - Setting next_dagrun for dataset_with_extra_from_classic_operator to 2026-08-11 00:00:00+00:00, run_after=2026-08-12 00:00:00+00:00
[2026-08-12T04:51:25.245+0000] {processor.py:208} INFO - Processing /home/airflow/.local/lib/python3.12/site-packages/airflow/example_dags/example_outlet_event_extra.py took 0.426 seconds
[2026-08-12T04:51:55.690+0000] {processor.py:186} INFO - Started process (PID=2396) to work on /home/airflow/.local/lib/python3.12/site-packages/airflow/example_dags/example_outlet_event_extra.py
[2026-08-12T04:51:55.692+0000] {processor.py:914} INFO - Processing file /home/airflow/.local/lib/python3.12/site-packages/airflow/example_dags/example_outlet_event_extra.py for tasks to queue
[2026-08-12T04:51:55.695+0000] {logging_mixin.py:190} INFO - [2026-08-12T04:51:55.695+0000] {dagbag.py:587} INFO - Filling up the DagBag from /home/airflow/.local/lib/python3.12/site-packages/airflow/example_dags/example_outlet_event_extra.py
[2026-08-12T04:51:55.842+0000] {processor.py:925} INFO - DAG(s) 'dataset_with_extra_by_context', 'dataset_with_extra_from_classic_operator', 'dataset_with_extra_by_yield' retrieved from /home/airflow/.local/lib/python3.12/site-packages/airflow/example_dags/example_outlet_event_extra.py
[2026-08-12T04:51:55.868+0000] {logging_mixin.py:190} INFO - [2026-08-12T04:51:55.868+0000] {dag.py:3211} INFO - Sync 3 DAGs
[2026-08-12T04:51:56.092+0000] {logging_mixin.py:190} INFO - [2026-08-12T04:51:56.092+0000] {dag.py:4138} INFO - Setting next_dagrun for dataset_with_extra_by_context to 2026-08-11 00:00:00+00:00, run_after=2026-08-12 00:00:00+00:00
[2026-08-12T04:51:56.098+0000] {logging_mixin.py:190} INFO - [2026-08-12T04:51:56.097+0000] {dag.py:4138} INFO - Setting next_dagrun for dataset_with_extra_by_yield to 2026-08-11 00:00:00+00:00, run_after=2026-08-12 00:00:00+00:00
[2026-08-12T04:51:56.101+0000] {logging_mixin.py:190} INFO - [2026-08-12T04:51:56.101+0000] {dag.py:4138} INFO - Setting next_dagrun for dataset_with_extra_from_classic_operator to 2026-08-11 00:00:00+00:00, run_after=2026-08-12 00:00:00+00:00
[2026-08-12T04:51:56.127+0000] {processor.py:208} INFO - Processing /home/airflow/.local/lib/python3.12/site-packages/airflow/example_dags/example_outlet_event_extra.py took 0.444 seconds
[2026-08-12T04:52:26.219+0000] {processor.py:186} INFO - Started process (PID=2462) to work on /home/airflow/.local/lib/python3.12/site-packages/airflow/example_dags/example_outlet_event_extra.py
[2026-08-12T04:52:26.221+0000] {processor.py:914} INFO - Processing file /home/airflow/.local/lib/python3.12/site-packages/airflow/example_dags/example_outlet_event_extra.py for tasks to queue
[2026-08-12T04:52:26.225+0000] {logging_mixin.py:190} INFO - [2026-08-12T04:52:26.224+0000] {dagbag.py:587} INFO - Filling up the DagBag from /home/airflow/.local/lib/python3.12/site-packages/airflow/example_dags/example_outlet_event_extra.py
[2026-08-12T04:52:26.560+0000] {processor.py:925} INFO - DAG(s) 'dataset_with_extra_by_context', 'dataset_with_extra_from_classic_operator', 'dataset_with_extra_by_yield' retrieved from /home/airflow/.local/lib/python3.12/site-packages/airflow/example_dags/example_outlet_event_extra.py
[2026-08-12T04:52:26.581+0000] {logging_mixin.py:190} INFO - [2026-08-12T04:52:26.580+0000] {dag.py:3211} INFO - Sync 3 DAGs
[2026-08-12T04:52:26.601+0000] {logging_mixin.py:190} INFO - [2026-08-12T04:52:26.600+0000] {dag.py:4138} INFO - Setting next_dagrun for dataset_with_extra_by_context to 2026-08-11 00:00:00+00:00, run_after=2026-08-12 00:00:00+00:00
[2026-08-12T04:52:26.605+0000] {logging_mixin.py:190} INFO - [2026-08-12T04:52:26.605+0000] {dag.py:4138} INFO - Setting next_dagrun for dataset_with_extra_by_yield to 2026-08-11 00:00:00+00:00, run_after=2026-08-12 00:00:00+00:00
[2026-08-12T04:52:26.608+0000] {logging_mixin.py:190} INFO - [2026-08-12T04:52:26.608+0000] {dag.py:4138} INFO - Setting next_dagrun for dataset_with_extra_from_classic_operator to 2026-08-11 00:00:00+00:00, run_after=2026-08-12 00:00:00+00:00
[2026-08-12T04:52:26.628+0000] {processor.py:208} INFO - Processing /home/airflow/.local/lib/python3.12/site-packages/airflow/example_dags/example_outlet_event_extra.py took 0.416 seconds
[2026-08-12T04:52:56.913+0000] {processor.py:186} INFO - Started process (PID=2522) to work on /home/airflow/.local/lib/python3.12/site-packages/airflow/example_dags/example_outlet_event_extra.py
[2026-08-12T04:52:56.915+0000] {processor.py:914} INFO - Processing file /home/airflow/.local/lib/python3.12/site-packages/airflow/example_dags/example_outlet_event_extra.py for tasks to queue
[2026-08-12T04:52:56.918+0000] {logging_mixin.py:190} INFO - [2026-08-12T04:52:56.918+0000] {dagbag.py:587} INFO - Filling up the DagBag from /home/airflow/.local/lib/python3.12/site-packages/airflow/example_dags/example_outlet_event_extra.py
[2026-08-12T04:52:57.262+0000] {processor.py:925} INFO - DAG(s) 'dataset_with_extra_by_yield', 'dataset_with_extra_by_context', 'dataset_with_extra_from_classic_operator' retrieved from /home/airflow/.local/lib/python3.12/site-packages/airflow/example_dags/example_outlet_event_extra.py
[2026-08-12T04:52:57.290+0000] {logging_mixin.py:190} INFO - [2026-08-12T04:52:57.290+0000] {dag.py:3211} INFO - Sync 3 DAGs
[2026-08-12T04:52:57.313+0000] {logging_mixin.py:190} INFO - [2026-08-12T04:52:57.313+0000] {dag.py:4138} INFO - Setting next_dagrun for dataset_with_extra_by_context to 2026-08-11 00:00:00+00:00, run_after=2026-08-12 00:00:00+00:00
[2026-08-12T04:52:57.320+0000] {logging_mixin.py:190} INFO - [2026-08-12T04:52:57.320+0000] {dag.py:4138} INFO - Setting next_dagrun for dataset_with_extra_by_yield to 2026-08-11 00:00:00+00:00, run_after=2026-08-12 00:00:00+00:00
[2026-08-12T04:52:57.324+0000] {logging_mixin.py:190} INFO - [2026-08-12T04:52:57.323+0000] {dag.py:4138} INFO - Setting next_dagrun for dataset_with_extra_from_classic_operator to 2026-08-11 00:00:00+00:00, run_after=2026-08-12 00:00:00+00:00
[2026-08-12T04:52:57.346+0000] {processor.py:208} INFO - Processing /home/airflow/.local/lib/python3.12/site-packages/airflow/example_dags/example_outlet_event_extra.py took 0.439 seconds
[2026-08-12T04:53:27.792+0000] {processor.py:186} INFO - Started process (PID=2585) to work on /home/airflow/.local/lib/python3.12/site-packages/airflow/example_dags/example_outlet_event_extra.py
[2026-08-12T04:53:27.794+0000] {processor.py:914} INFO - Processing file /home/airflow/.local/lib/python3.12/site-packages/airflow/example_dags/example_outlet_event_extra.py for tasks to queue
[2026-08-12T04:53:27.798+0000] {logging_mixin.py:190} INFO - [2026-08-12T04:53:27.798+0000] {dagbag.py:587} INFO - Filling up the DagBag from /home/airflow/.local/lib/python3.12/site-packages/airflow/example_dags/example_outlet_event_extra.py
[2026-08-12T04:53:28.132+0000] {processor.py:925} INFO - DAG(s) 'dataset_with_extra_by_yield', 'dataset_with_extra_from_classic_operator', 'dataset_with_extra_by_context' retrieved from /home/airflow/.local/lib/python3.12/site-packages/airflow/example_dags/example_outlet_event_extra.py
[2026-08-12T04:53:28.155+0000] {logging_mixin.py:190} INFO - [2026-08-12T04:53:28.155+0000] {dag.py:3211} INFO - Sync 3 DAGs
[2026-08-12T04:53:28.176+0000] {logging_mixin.py:190} INFO - [2026-08-12T04:53:28.176+0000] {dag.py:4138} INFO - Setting next_dagrun for dataset_with_extra_by_context to 2026-08-11 00:00:00+00:00, run_after=2026-08-12 00:00:00+00:00
[2026-08-12T04:53:28.181+0000] {logging_mixin.py:190} INFO - [2026-08-12T04:53:28.181+0000] {dag.py:4138} INFO - Setting next_dagrun for dataset_with_extra_by_yield to 2026-08-11 00:00:00+00:00, run_after=2026-08-12 00:00:00+00:00
[2026-08-12T04:53:28.184+0000] {logging_mixin.py:190} INFO - [2026-08-12T04:53:28.184+0000] {dag.py:4138} INFO - Setting next_dagrun for dataset_with_extra_from_classic_operator to 2026-08-11 00:00:00+00:00, run_after=2026-08-12 00:00:00+00:00
[2026-08-12T04:53:28.207+0000] {processor.py:208} INFO - Processing /home/airflow/.local/lib/python3.12/site-packages/airflow/example_dags/example_outlet_event_extra.py took 0.421 seconds
[2026-08-12T04:53:58.690+0000] {processor.py:186} INFO - Started process (PID=2648) to work on /home/airflow/.local/lib/python3.12/site-packages/airflow/example_dags/example_outlet_event_extra.py
[2026-08-12T04:53:58.693+0000] {processor.py:914} INFO - Processing file /home/airflow/.local/lib/python3.12/site-packages/airflow/example_dags/example_outlet_event_extra.py for tasks to queue
[2026-08-12T04:53:58.698+0000] {logging_mixin.py:190} INFO - [2026-08-12T04:53:58.697+0000] {dagbag.py:587} INFO - Filling up the DagBag from /home/airflow/.local/lib/python3.12/site-packages/airflow/example_dags/example_outlet_event_extra.py
[2026-08-12T04:53:59.083+0000] {processor.py:925} INFO - DAG(s) 'dataset_with_extra_by_yield', 'dataset_with_extra_by_context', 'dataset_with_extra_from_classic_operator' retrieved from /home/airflow/.local/lib/python3.12/site-packages/airflow/example_dags/example_outlet_event_extra.py
[2026-08-12T04:53:59.114+0000] {logging_mixin.py:190} INFO - [2026-08-12T04:53:59.113+0000] {dag.py:3211} INFO - Sync 3 DAGs
[2026-08-12T04:53:59.139+0000] {logging_mixin.py:190} INFO - [2026-08-12T04:53:59.139+0000] {dag.py:4138} INFO - Setting next_dagrun for dataset_with_extra_by_context to 2026-08-11 00:00:00+00:00, run_after=2026-08-12 00:00:00+00:00
[2026-08-12T04:53:59.146+0000] {logging_mixin.py:190} INFO - [2026-08-12T04:53:59.146+0000] {dag.py:4138} INFO - Setting next_dagrun for dataset_with_extra_by_yield to 2026-08-11 00:00:00+00:00, run_after=2026-08-12 00:00:00+00:00
[2026-08-12T04:53:59.149+0000] {logging_mixin.py:190} INFO - [2026-08-12T04:53:59.149+0000] {dag.py:4138} INFO - Setting next_dagrun for dataset_with_extra_from_classic_operator to 2026-08-11 00:00:00+00:00, run_after=2026-08-12 00:00:00+00:00
[2026-08-12T04:53:59.173+0000] {processor.py:208} INFO - Processing /home/airflow/.local/lib/python3.12/site-packages/airflow/example_dags/example_outlet_event_extra.py took 0.492 seconds
[2026-08-12T04:54:29.443+0000] {processor.py:186} INFO - Started process (PID=2711) to work on /home/airflow/.local/lib/python3.12/site-packages/airflow/example_dags/example_outlet_event_extra.py
[2026-08-12T04:54:29.445+0000] {processor.py:914} INFO - Processing file /home/airflow/.local/lib/python3.12/site-packages/airflow/example_dags/example_outlet_event_extra.py for tasks to queue
[2026-08-12T04:54:29.448+0000] {logging_mixin.py:190} INFO - [2026-08-12T04:54:29.447+0000] {dagbag.py:587} INFO - Filling up the DagBag from /home/airflow/.local/lib/python3.12/site-packages/airflow/example_dags/example_outlet_event_extra.py
[2026-08-12T04:54:29.732+0000] {processor.py:925} INFO - DAG(s) 'dataset_with_extra_from_classic_operator', 'dataset_with_extra_by_yield', 'dataset_with_extra_by_context' retrieved from /home/airflow/.local/lib/python3.12/site-packages/airflow/example_dags/example_outlet_event_extra.py
[2026-08-12T04:54:29.755+0000] {logging_mixin.py:190} INFO - [2026-08-12T04:54:29.755+0000] {dag.py:3211} INFO - Sync 3 DAGs
[2026-08-12T04:54:29.778+0000] {logging_mixin.py:190} INFO - [2026-08-12T04:54:29.778+0000] {dag.py:4138} INFO - Setting next_dagrun for dataset_with_extra_by_context to 2026-08-11 00:00:00+00:00, run_after=2026-08-12 00:00:00+00:00
[2026-08-12T04:54:29.784+0000] {logging_mixin.py:190} INFO - [2026-08-12T04:54:29.783+0000] {dag.py:4138} INFO - Setting next_dagrun for dataset_with_extra_by_yield to 2026-08-11 00:00:00+00:00, run_after=2026-08-12 00:00:00+00:00
[2026-08-12T04:54:29.786+0000] {logging_mixin.py:190} INFO - [2026-08-12T04:54:29.786+0000] {dag.py:4138} INFO - Setting next_dagrun for dataset_with_extra_from_classic_operator to 2026-08-11 00:00:00+00:00, run_after=2026-08-12 00:00:00+00:00
[2026-08-12T04:54:29.807+0000] {processor.py:208} INFO - Processing /home/airflow/.local/lib/python3.12/site-packages/airflow/example_dags/example_outlet_event_extra.py took 0.369 seconds
[2026-08-12T04:55:00.073+0000] {processor.py:186} INFO - Started process (PID=2774) to work on /home/airflow/.local/lib/python3.12/site-packages/airflow/example_dags/example_outlet_event_extra.py
[2026-08-12T04:55:00.075+0000] {processor.py:914} INFO - Processing file /home/airflow/.local/lib/python3.12/site-packages/airflow/example_dags/example_outlet_event_extra.py for tasks to queue
[2026-08-12T04:55:00.078+0000] {logging_mixin.py:190} INFO - [2026-08-12T04:55:00.077+0000] {dagbag.py:587} INFO - Filling up the DagBag from /home/airflow/.local/lib/python3.12/site-packages/airflow/example_dags/example_outlet_event_extra.py
[2026-08-12T04:55:00.417+0000] {processor.py:925} INFO - DAG(s) 'dataset_with_extra_by_yield', 'dataset_with_extra_from_classic_operator', 'dataset_with_extra_by_context' retrieved from /home/airflow/.local/lib/python3.12/site-packages/airflow/example_dags/example_outlet_event_extra.py
[2026-08-12T04:55:00.441+0000] {logging_mixin.py:190} INFO - [2026-08-12T04:55:00.441+0000] {dag.py:3211} INFO - Sync 3 DAGs
[2026-08-12T04:55:00.464+0000] {logging_mixin.py:190} INFO - [2026-08-12T04:55:00.464+0000] {dag.py:4138} INFO - Setting next_dagrun for dataset_with_extra_by_context to 2026-08-11 00:00:00+00:00, run_after=2026-08-12 00:00:00+00:00
[2026-08-12T04:55:00.471+0000] {logging_mixin.py:190} INFO - [2026-08-12T04:55:00.471+0000] {dag.py:4138} INFO - Setting next_dagrun for dataset_with_extra_by_yield to 2026-08-11 00:00:00+00:00, run_after=2026-08-12 00:00:00+00:00
[2026-08-12T04:55:00.474+0000] {logging_mixin.py:190} INFO - [2026-08-12T04:55:00.474+0000] {dag.py:4138} INFO - Setting next_dagrun for dataset_with_extra_from_classic_operator to 2026-08-11 00:00:00+00:00, run_after=2026-08-12 00:00:00+00:00
[2026-08-12T04:55:00.494+0000] {processor.py:208} INFO - Processing /home/airflow/.local/lib/python3.12/site-packages/airflow/example_dags/example_outlet_event_extra.py took 0.426 seconds
[2026-08-12T04:55:30.825+0000] {processor.py:186} INFO - Started process (PID=2837) to work on /home/airflow/.local/lib/python3.12/site-packages/airflow/example_dags/example_outlet_event_extra.py
[2026-08-12T04:55:30.827+0000] {processor.py:914} INFO - Processing file /home/airflow/.local/lib/python3.12/site-packages/airflow/example_dags/example_outlet_event_extra.py for tasks to queue
[2026-08-12T04:55:30.831+0000] {logging_mixin.py:190} INFO - [2026-08-12T04:55:30.830+0000] {dagbag.py:587} INFO - Filling up the DagBag from /home/airflow/.local/lib/python3.12/site-packages/airflow/example_dags/example_outlet_event_extra.py
[2026-08-12T04:55:31.162+0000] {processor.py:925} INFO - DAG(s) 'dataset_with_extra_from_classic_operator', 'dataset_with_extra_by_yield', 'dataset_with_extra_by_context' retrieved from /home/airflow/.local/lib/python3.12/site-packages/airflow/example_dags/example_outlet_event_extra.py
[2026-08-12T04:55:31.186+0000] {logging_mixin.py:190} INFO - [2026-08-12T04:55:31.186+0000] {dag.py:3211} INFO - Sync 3 DAGs
[2026-08-12T04:55:31.208+0000] {logging_mixin.py:190} INFO - [2026-08-12T04:55:31.208+0000] {dag.py:4138} INFO - Setting next_dagrun for dataset_with_extra_by_context to 2026-08-11 00:00:00+00:00, run_after=2026-08-12 00:00:00+00:00
[2026-08-12T04:55:31.213+0000] {logging_mixin.py:190} INFO - [2026-08-12T04:55:31.213+0000] {dag.py:4138} INFO - Setting next_dagrun for dataset_with_extra_by_yield to 2026-08-11 00:00:00+00:00, run_after=2026-08-12 00:00:00+00:00
[2026-08-12T04:55:31.216+0000] {logging_mixin.py:190} INFO - [2026-08-12T04:55:31.216+0000] {dag.py:4138} INFO - Setting next_dagrun for dataset_with_extra_from_classic_operator to 2026-08-11 00:00:00+00:00, run_after=2026-08-12 00:00:00+00:00
[2026-08-12T04:55:31.238+0000] {processor.py:208} INFO - Processing /home/airflow/.local/lib/python3.12/site-packages/airflow/example_dags/example_outlet_event_extra.py took 0.419 seconds
[2026-08-12T04:56:01.399+0000] {processor.py:186} INFO - Started process (PID=2900) to work on /home/airflow/.local/lib/python3.12/site-packages/airflow/example_dags/example_outlet_event_extra.py
[2026-08-12T04:56:01.401+0000] {processor.py:914} INFO - Processing file /home/airflow/.local/lib/python3.12/site-packages/airflow/example_dags/example_outlet_event_extra.py for tasks to queue
[2026-08-12T04:56:01.405+0000] {logging_mixin.py:190} INFO - [2026-08-12T04:56:01.405+0000] {dagbag.py:587} INFO - Filling up the DagBag from /home/airflow/.local/lib/python3.12/site-packages/airflow/example_dags/example_outlet_event_extra.py
[2026-08-12T04:56:01.738+0000] {processor.py:925} INFO - DAG(s) 'dataset_with_extra_from_classic_operator', 'dataset_with_extra_by_yield', 'dataset_with_extra_by_context' retrieved from /home/airflow/.local/lib/python3.12/site-packages/airflow/example_dags/example_outlet_event_extra.py
[2026-08-12T04:56:01.765+0000] {logging_mixin.py:190} INFO - [2026-08-12T04:56:01.764+0000] {dag.py:3211} INFO - Sync 3 DAGs
[2026-08-12T04:56:01.787+0000] {logging_mixin.py:190} INFO - [2026-08-12T04:56:01.786+0000] {dag.py:4138} INFO - Setting next_dagrun for dataset_with_extra_by_context to 2026-08-11 00:00:00+00:00, run_after=2026-08-12 00:00:00+00:00
[2026-08-12T04:56:01.792+0000] {logging_mixin.py:190} INFO - [2026-08-12T04:56:01.792+0000] {dag.py:4138} INFO - Setting next_dagrun for dataset_with_extra_by_yield to 2026-08-11 00:00:00+00:00, run_after=2026-08-12 00:00:00+00:00
[2026-08-12T04:56:01.795+0000] {logging_mixin.py:190} INFO - [2026-08-12T04:56:01.795+0000] {dag.py:4138} INFO - Setting next_dagrun for dataset_with_extra_from_classic_operator to 2026-08-11 00:00:00+00:00, run_after=2026-08-12 00:00:00+00:00
[2026-08-12T04:56:01.816+0000] {processor.py:208} INFO - Processing /home/airflow/.local/lib/python3.12/site-packages/airflow/example_dags/example_outlet_event_extra.py took 0.424 seconds
[2026-08-12T04:56:32.085+0000] {processor.py:186} INFO - Started process (PID=2963) to work on /home/airflow/.local/lib/python3.12/site-packages/airflow/example_dags/example_outlet_event_extra.py
[2026-08-12T04:56:32.086+0000] {processor.py:914} INFO - Processing file /home/airflow/.local/lib/python3.12/site-packages/airflow/example_dags/example_outlet_event_extra.py for tasks to queue
[2026-08-12T04:56:32.089+0000] {logging_mixin.py:190} INFO - [2026-08-12T04:56:32.089+0000] {dagbag.py:587} INFO - Filling up the DagBag from /home/airflow/.local/lib/python3.12/site-packages/airflow/example_dags/example_outlet_event_extra.py
[2026-08-12T04:56:32.385+0000] {processor.py:925} INFO - DAG(s) 'dataset_with_extra_by_context', 'dataset_with_extra_from_classic_operator', 'dataset_with_extra_by_yield' retrieved from /home/airflow/.local/lib/python3.12/site-packages/airflow/example_dags/example_outlet_event_extra.py
[2026-08-12T04:56:32.410+0000] {logging_mixin.py:190} INFO - [2026-08-12T04:56:32.410+0000] {dag.py:3211} INFO - Sync 3 DAGs
[2026-08-12T04:56:32.431+0000] {logging_mixin.py:190} INFO - [2026-08-12T04:56:32.430+0000] {dag.py:4138} INFO - Setting next_dagrun for dataset_with_extra_by_context to 2026-08-11 00:00:00+00:00, run_after=2026-08-12 00:00:00+00:00
[2026-08-12T04:56:32.435+0000] {logging_mixin.py:190} INFO - [2026-08-12T04:56:32.435+0000] {dag.py:4138} INFO - Setting next_dagrun for dataset_with_extra_by_yield to 2026-08-11 00:00:00+00:00, run_after=2026-08-12 00:00:00+00:00
[2026-08-12T04:56:32.439+0000] {logging_mixin.py:190} INFO - [2026-08-12T04:56:32.439+0000] {dag.py:4138} INFO - Setting next_dagrun for dataset_with_extra_from_classic_operator to 2026-08-11 00:00:00+00:00, run_after=2026-08-12 00:00:00+00:00
[2026-08-12T04:56:32.462+0000] {processor.py:208} INFO - Processing /home/airflow/.local/lib/python3.12/site-packages/airflow/example_dags/example_outlet_event_extra.py took 0.383 seconds
[2026-08-12T04:57:02.848+0000] {processor.py:186} INFO - Started process (PID=3026) to work on /home/airflow/.local/lib/python3.12/site-packages/airflow/example_dags/example_outlet_event_extra.py
[2026-08-12T04:57:02.850+0000] {processor.py:914} INFO - Processing file /home/airflow/.local/lib/python3.12/site-packages/airflow/example_dags/example_outlet_event_extra.py for tasks to queue
[2026-08-12T04:57:02.854+0000] {logging_mixin.py:190} INFO - [2026-08-12T04:57:02.853+0000] {dagbag.py:587} INFO - Filling up the DagBag from /home/airflow/.local/lib/python3.12/site-packages/airflow/example_dags/example_outlet_event_extra.py
[2026-08-12T04:57:03.242+0000] {processor.py:925} INFO - DAG(s) 'dataset_with_extra_from_classic_operator', 'dataset_with_extra_by_context', 'dataset_with_extra_by_yield' retrieved from /home/airflow/.local/lib/python3.12/site-packages/airflow/example_dags/example_outlet_event_extra.py
[2026-08-12T04:57:03.265+0000] {logging_mixin.py:190} INFO - [2026-08-12T04:57:03.265+0000] {dag.py:3211} INFO - Sync 3 DAGs
[2026-08-12T04:57:03.288+0000] {logging_mixin.py:190} INFO - [2026-08-12T04:57:03.288+0000] {dag.py:4138} INFO - Setting next_dagrun for dataset_with_extra_by_context to 2026-08-11 00:00:00+00:00, run_after=2026-08-12 00:00:00+00:00
[2026-08-12T04:57:03.293+0000] {logging_mixin.py:190} INFO - [2026-08-12T04:57:03.293+0000] {dag.py:4138} INFO - Setting next_dagrun for dataset_with_extra_by_yield to 2026-08-11 00:00:00+00:00, run_after=2026-08-12 00:00:00+00:00
[2026-08-12T04:57:03.296+0000] {logging_mixin.py:190} INFO - [2026-08-12T04:57:03.295+0000] {dag.py:4138} INFO - Setting next_dagrun for dataset_with_extra_from_classic_operator to 2026-08-11 00:00:00+00:00, run_after=2026-08-12 00:00:00+00:00
[2026-08-12T04:57:03.314+0000] {processor.py:208} INFO - Processing /home/airflow/.local/lib/python3.12/site-packages/airflow/example_dags/example_outlet_event_extra.py took 0.474 seconds
[2026-08-12T04:57:34.097+0000] {processor.py:186} INFO - Started process (PID=3096) to work on /home/airflow/.local/lib/python3.12/site-packages/airflow/example_dags/example_outlet_event_extra.py
[2026-08-12T04:57:34.098+0000] {processor.py:914} INFO - Processing file /home/airflow/.local/lib/python3.12/site-packages/airflow/example_dags/example_outlet_event_extra.py for tasks to queue
[2026-08-12T04:57:34.101+0000] {logging_mixin.py:190} INFO - [2026-08-12T04:57:34.101+0000] {dagbag.py:587} INFO - Filling up the DagBag from /home/airflow/.local/lib/python3.12/site-packages/airflow/example_dags/example_outlet_event_extra.py
[2026-08-12T04:57:34.444+0000] {processor.py:925} INFO - DAG(s) 'dataset_with_extra_by_context', 'dataset_with_extra_by_yield', 'dataset_with_extra_from_classic_operator' retrieved from /home/airflow/.local/lib/python3.12/site-packages/airflow/example_dags/example_outlet_event_extra.py
[2026-08-12T04:57:34.465+0000] {logging_mixin.py:190} INFO - [2026-08-12T04:57:34.465+0000] {dag.py:3211} INFO - Sync 3 DAGs
[2026-08-12T04:57:34.487+0000] {logging_mixin.py:190} INFO - [2026-08-12T04:57:34.487+0000] {dag.py:4138} INFO - Setting next_dagrun for dataset_with_extra_by_context to 2026-08-11 00:00:00+00:00, run_after=2026-08-12 00:00:00+00:00
[2026-08-12T04:57:34.494+0000] {logging_mixin.py:190} INFO - [2026-08-12T04:57:34.494+0000] {dag.py:4138} INFO - Setting next_dagrun for dataset_with_extra_by_yield to 2026-08-11 00:00:00+00:00, run_after=2026-08-12 00:00:00+00:00
[2026-08-12T04:57:34.497+0000] {logging_mixin.py:190} INFO - [2026-08-12T04:57:34.497+0000] {dag.py:4138} INFO - Setting next_dagrun for dataset_with_extra_from_classic_operator to 2026-08-11 00:00:00+00:00, run_after=2026-08-12 00:00:00+00:00
[2026-08-12T04:57:34.518+0000] {processor.py:208} INFO - Processing /home/airflow/.local/lib/python3.12/site-packages/airflow/example_dags/example_outlet_event_extra.py took 0.428 seconds
[2026-08-12T04:58:04.982+0000] {processor.py:186} INFO - Started process (PID=3159) to work on /home/airflow/.local/lib/python3.12/site-packages/airflow/example_dags/example_outlet_event_extra.py
[2026-08-12T04:58:04.983+0000] {processor.py:914} INFO - Processing file /home/airflow/.local/lib/python3.12/site-packages/airflow/example_dags/example_outlet_event_extra.py for tasks to queue
[2026-08-12T04:58:04.986+0000] {logging_mixin.py:190} INFO - [2026-08-12T04:58:04.986+0000] {dagbag.py:587} INFO - Filling up the DagBag from /home/airflow/.local/lib/python3.12/site-packages/airflow/example_dags/example_outlet_event_extra.py
[2026-08-12T04:58:05.275+0000] {processor.py:925} INFO - DAG(s) 'dataset_with_extra_by_yield', 'dataset_with_extra_from_classic_operator', 'dataset_with_extra_by_context' retrieved from /home/airflow/.local/lib/python3.12/site-packages/airflow/example_dags/example_outlet_event_extra.py
[2026-08-12T04:58:05.299+0000] {logging_mixin.py:190} INFO - [2026-08-12T04:58:05.298+0000] {dag.py:3211} INFO - Sync 3 DAGs
[2026-08-12T04:58:05.320+0000] {logging_mixin.py:190} INFO - [2026-08-12T04:58:05.320+0000] {dag.py:4138} INFO - Setting next_dagrun for dataset_with_extra_by_context to 2026-08-11 00:00:00+00:00, run_after=2026-08-12 00:00:00+00:00
[2026-08-12T04:58:05.325+0000] {logging_mixin.py:190} INFO - [2026-08-12T04:58:05.325+0000] {dag.py:4138} INFO - Setting next_dagrun for dataset_with_extra_by_yield to 2026-08-11 00:00:00+00:00, run_after=2026-08-12 00:00:00+00:00
[2026-08-12T04:58:05.330+0000] {logging_mixin.py:190} INFO - [2026-08-12T04:58:05.329+0000] {dag.py:4138} INFO - Setting next_dagrun for dataset_with_extra_from_classic_operator to 2026-08-11 00:00:00+00:00, run_after=2026-08-12 00:00:00+00:00
[2026-08-12T04:58:05.356+0000] {processor.py:208} INFO - Processing /home/airflow/.local/lib/python3.12/site-packages/airflow/example_dags/example_outlet_event_extra.py took 0.380 seconds
[2026-08-12T04:58:35.430+0000] {processor.py:186} INFO - Started process (PID=3224) to work on /home/airflow/.local/lib/python3.12/site-packages/airflow/example_dags/example_outlet_event_extra.py
[2026-08-12T04:58:35.432+0000] {processor.py:914} INFO - Processing file /home/airflow/.local/lib/python3.12/site-packages/airflow/example_dags/example_outlet_event_extra.py for tasks to queue
[2026-08-12T04:58:35.435+0000] {logging_mixin.py:190} INFO - [2026-08-12T04:58:35.434+0000] {dagbag.py:587} INFO - Filling up the DagBag from /home/airflow/.local/lib/python3.12/site-packages/airflow/example_dags/example_outlet_event_extra.py
[2026-08-12T04:58:35.799+0000] {processor.py:925} INFO - DAG(s) 'dataset_with_extra_from_classic_operator', 'dataset_with_extra_by_yield', 'dataset_with_extra_by_context' retrieved from /home/airflow/.local/lib/python3.12/site-packages/airflow/example_dags/example_outlet_event_extra.py
[2026-08-12T04:58:35.832+0000] {logging_mixin.py:190} INFO - [2026-08-12T04:58:35.832+0000] {dag.py:3211} INFO - Sync 3 DAGs
[2026-08-12T04:58:35.866+0000] {logging_mixin.py:190} INFO - [2026-08-12T04:58:35.866+0000] {dag.py:4138} INFO - Setting next_dagrun for dataset_with_extra_by_context to 2026-08-11 00:00:00+00:00, run_after=2026-08-12 00:00:00+00:00
[2026-08-12T04:58:35.876+0000] {logging_mixin.py:190} INFO - [2026-08-12T04:58:35.876+0000] {dag.py:4138} INFO - Setting next_dagrun for dataset_with_extra_by_yield to 2026-08-11 00:00:00+00:00, run_after=2026-08-12 00:00:00+00:00
[2026-08-12T04:58:35.880+0000] {logging_mixin.py:190} INFO - [2026-08-12T04:58:35.880+0000] {dag.py:4138} INFO - Setting next_dagrun for dataset_with_extra_from_classic_operator to 2026-08-11 00:00:00+00:00, run_after=2026-08-12 00:00:00+00:00
[2026-08-12T04:58:35.910+0000] {processor.py:208} INFO - Processing /home/airflow/.local/lib/python3.12/site-packages/airflow/example_dags/example_outlet_event_extra.py took 0.485 seconds
[2026-08-12T04:59:06.533+0000] {processor.py:186} INFO - Started process (PID=3287) to work on /home/airflow/.local/lib/python3.12/site-packages/airflow/example_dags/example_outlet_event_extra.py
[2026-08-12T04:59:06.535+0000] {processor.py:914} INFO - Processing file /home/airflow/.local/lib/python3.12/site-packages/airflow/example_dags/example_outlet_event_extra.py for tasks to queue
[2026-08-12T04:59:06.538+0000] {logging_mixin.py:190} INFO - [2026-08-12T04:59:06.538+0000] {dagbag.py:587} INFO - Filling up the DagBag from /home/airflow/.local/lib/python3.12/site-packages/airflow/example_dags/example_outlet_event_extra.py
[2026-08-12T04:59:06.878+0000] {processor.py:925} INFO - DAG(s) 'dataset_with_extra_by_yield', 'dataset_with_extra_from_classic_operator', 'dataset_with_extra_by_context' retrieved from /home/airflow/.local/lib/python3.12/site-packages/airflow/example_dags/example_outlet_event_extra.py
[2026-08-12T04:59:06.901+0000] {logging_mixin.py:190} INFO - [2026-08-12T04:59:06.900+0000] {dag.py:3211} INFO - Sync 3 DAGs
[2026-08-12T04:59:06.923+0000] {logging_mixin.py:190} INFO - [2026-08-12T04:59:06.923+0000] {dag.py:4138} INFO - Setting next_dagrun for dataset_with_extra_by_context to 2026-08-11 00:00:00+00:00, run_after=2026-08-12 00:00:00+00:00
[2026-08-12T04:59:06.929+0000] {logging_mixin.py:190} INFO - [2026-08-12T04:59:06.928+0000] {dag.py:4138} INFO - Setting next_dagrun for dataset_with_extra_by_yield to 2026-08-11 00:00:00+00:00, run_after=2026-08-12 00:00:00+00:00
[2026-08-12T04:59:06.933+0000] {logging_mixin.py:190} INFO - [2026-08-12T04:59:06.932+0000] {dag.py:4138} INFO - Setting next_dagrun for dataset_with_extra_from_classic_operator to 2026-08-11 00:00:00+00:00, run_after=2026-08-12 00:00:00+00:00
[2026-08-12T04:59:06.954+0000] {processor.py:208} INFO - Processing /home/airflow/.local/lib/python3.12/site-packages/airflow/example_dags/example_outlet_event_extra.py took 0.428 seconds
[2026-08-12T04:59:37.084+0000] {processor.py:186} INFO - Started process (PID=3351) to work on /home/airflow/.local/lib/python3.12/site-packages/airflow/example_dags/example_outlet_event_extra.py
[2026-08-12T04:59:37.086+0000] {processor.py:914} INFO - Processing file /home/airflow/.local/lib/python3.12/site-packages/airflow/example_dags/example_outlet_event_extra.py for tasks to queue
[2026-08-12T04:59:37.089+0000] {logging_mixin.py:190} INFO - [2026-08-12T04:59:37.088+0000] {dagbag.py:587} INFO - Filling up the DagBag from /home/airflow/.local/lib/python3.12/site-packages/airflow/example_dags/example_outlet_event_extra.py
[2026-08-12T04:59:37.402+0000] {processor.py:925} INFO - DAG(s) 'dataset_with_extra_by_context', 'dataset_with_extra_by_yield', 'dataset_with_extra_from_classic_operator' retrieved from /home/airflow/.local/lib/python3.12/site-packages/airflow/example_dags/example_outlet_event_extra.py
[2026-08-12T04:59:37.426+0000] {logging_mixin.py:190} INFO - [2026-08-12T04:59:37.426+0000] {dag.py:3211} INFO - Sync 3 DAGs
[2026-08-12T04:59:37.447+0000] {logging_mixin.py:190} INFO - [2026-08-12T04:59:37.446+0000] {dag.py:4138} INFO - Setting next_dagrun for dataset_with_extra_by_context to 2026-08-11 00:00:00+00:00, run_after=2026-08-12 00:00:00+00:00
[2026-08-12T04:59:37.451+0000] {logging_mixin.py:190} INFO - [2026-08-12T04:59:37.451+0000] {dag.py:4138} INFO - Setting next_dagrun for dataset_with_extra_by_yield to 2026-08-11 00:00:00+00:00, run_after=2026-08-12 00:00:00+00:00
[2026-08-12T04:59:37.454+0000] {logging_mixin.py:190} INFO - [2026-08-12T04:59:37.454+0000] {dag.py:4138} INFO - Setting next_dagrun for dataset_with_extra_from_classic_operator to 2026-08-11 00:00:00+00:00, run_after=2026-08-12 00:00:00+00:00
[2026-08-12T04:59:37.477+0000] {processor.py:208} INFO - Processing /home/airflow/.local/lib/python3.12/site-packages/airflow/example_dags/example_outlet_event_extra.py took 0.400 seconds
[2026-08-12T05:00:07.844+0000] {processor.py:186} INFO - Started process (PID=3413) to work on /home/airflow/.local/lib/python3.12/site-packages/airflow/example_dags/example_outlet_event_extra.py
[2026-08-12T05:00:07.845+0000] {processor.py:914} INFO - Processing file /home/airflow/.local/lib/python3.12/site-packages/airflow/example_dags/example_outlet_event_extra.py for tasks to queue
[2026-08-12T05:00:07.849+0000] {logging_mixin.py:190} INFO - [2026-08-12T05:00:07.849+0000] {dagbag.py:587} INFO - Filling up the DagBag from /home/airflow/.local/lib/python3.12/site-packages/airflow/example_dags/example_outlet_event_extra.py
[2026-08-12T05:00:08.005+0000] {processor.py:925} INFO - DAG(s) 'dataset_with_extra_by_context', 'dataset_with_extra_by_yield', 'dataset_with_extra_from_classic_operator' retrieved from /home/airflow/.local/lib/python3.12/site-packages/airflow/example_dags/example_outlet_event_extra.py
[2026-08-12T05:00:08.036+0000] {logging_mixin.py:190} INFO - [2026-08-12T05:00:08.035+0000] {dag.py:3211} INFO - Sync 3 DAGs
[2026-08-12T05:00:08.064+0000] {logging_mixin.py:190} INFO - [2026-08-12T05:00:08.064+0000] {dag.py:4138} INFO - Setting next_dagrun for dataset_with_extra_by_context to 2026-08-11 00:00:00+00:00, run_after=2026-08-12 00:00:00+00:00
[2026-08-12T05:00:08.069+0000] {logging_mixin.py:190} INFO - [2026-08-12T05:00:08.069+0000] {dag.py:4138} INFO - Setting next_dagrun for dataset_with_extra_by_yield to 2026-08-11 00:00:00+00:00, run_after=2026-08-12 00:00:00+00:00
[2026-08-12T05:00:08.072+0000] {logging_mixin.py:190} INFO - [2026-08-12T05:00:08.072+0000] {dag.py:4138} INFO - Setting next_dagrun for dataset_with_extra_from_classic_operator to 2026-08-11 00:00:00+00:00, run_after=2026-08-12 00:00:00+00:00
[2026-08-12T05:00:08.093+0000] {processor.py:208} INFO - Processing /home/airflow/.local/lib/python3.12/site-packages/airflow/example_dags/example_outlet_event_extra.py took 0.255 seconds
[2026-08-12T05:00:38.272+0000] {processor.py:186} INFO - Started process (PID=3476) to work on /home/airflow/.local/lib/python3.12/site-packages/airflow/example_dags/example_outlet_event_extra.py
[2026-08-12T05:00:38.274+0000] {processor.py:914} INFO - Processing file /home/airflow/.local/lib/python3.12/site-packages/airflow/example_dags/example_outlet_event_extra.py for tasks to queue
[2026-08-12T05:00:38.277+0000] {logging_mixin.py:190} INFO - [2026-08-12T05:00:38.277+0000] {dagbag.py:587} INFO - Filling up the DagBag from /home/airflow/.local/lib/python3.12/site-packages/airflow/example_dags/example_outlet_event_extra.py
[2026-08-12T05:00:38.435+0000] {processor.py:925} INFO - DAG(s) 'dataset_with_extra_from_classic_operator', 'dataset_with_extra_by_context', 'dataset_with_extra_by_yield' retrieved from /home/airflow/.local/lib/python3.12/site-packages/airflow/example_dags/example_outlet_event_extra.py
[2026-08-12T05:00:38.472+0000] {logging_mixin.py:190} INFO - [2026-08-12T05:00:38.472+0000] {dag.py:3211} INFO - Sync 3 DAGs
[2026-08-12T05:00:38.506+0000] {logging_mixin.py:190} INFO - [2026-08-12T05:00:38.505+0000] {dag.py:4138} INFO - Setting next_dagrun for dataset_with_extra_by_context to 2026-08-11 00:00:00+00:00, run_after=2026-08-12 00:00:00+00:00
[2026-08-12T05:00:38.511+0000] {logging_mixin.py:190} INFO - [2026-08-12T05:00:38.511+0000] {dag.py:4138} INFO - Setting next_dagrun for dataset_with_extra_by_yield to 2026-08-11 00:00:00+00:00, run_after=2026-08-12 00:00:00+00:00
[2026-08-12T05:00:38.514+0000] {logging_mixin.py:190} INFO - [2026-08-12T05:00:38.513+0000] {dag.py:4138} INFO - Setting next_dagrun for dataset_with_extra_from_classic_operator to 2026-08-11 00:00:00+00:00, run_after=2026-08-12 00:00:00+00:00
[2026-08-12T05:00:38.535+0000] {processor.py:208} INFO - Processing /home/airflow/.local/lib/python3.12/site-packages/airflow/example_dags/example_outlet_event_extra.py took 0.269 seconds
[2026-08-12T05:01:09.025+0000] {processor.py:186} INFO - Started process (PID=3539) to work on /home/airflow/.local/lib/python3.12/site-packages/airflow/example_dags/example_outlet_event_extra.py
[2026-08-12T05:01:09.027+0000] {processor.py:914} INFO - Processing file /home/airflow/.local/lib/python3.12/site-packages/airflow/example_dags/example_outlet_event_extra.py for tasks to queue
[2026-08-12T05:01:09.031+0000] {logging_mixin.py:190} INFO - [2026-08-12T05:01:09.031+0000] {dagbag.py:587} INFO - Filling up the DagBag from /home/airflow/.local/lib/python3.12/site-packages/airflow/example_dags/example_outlet_event_extra.py
[2026-08-12T05:01:09.165+0000] {processor.py:925} INFO - DAG(s) 'dataset_with_extra_by_yield', 'dataset_with_extra_from_classic_operator', 'dataset_with_extra_by_context' retrieved from /home/airflow/.local/lib/python3.12/site-packages/airflow/example_dags/example_outlet_event_extra.py
[2026-08-12T05:01:09.192+0000] {logging_mixin.py:190} INFO - [2026-08-12T05:01:09.192+0000] {dag.py:3211} INFO - Sync 3 DAGs
[2026-08-12T05:01:09.215+0000] {logging_mixin.py:190} INFO - [2026-08-12T05:01:09.215+0000] {dag.py:4138} INFO - Setting next_dagrun for dataset_with_extra_by_context to 2026-08-11 00:00:00+00:00, run_after=2026-08-12 00:00:00+00:00
[2026-08-12T05:01:09.220+0000] {logging_mixin.py:190} INFO - [2026-08-12T05:01:09.220+0000] {dag.py:4138} INFO - Setting next_dagrun for dataset_with_extra_by_yield to 2026-08-11 00:00:00+00:00, run_after=2026-08-12 00:00:00+00:00
[2026-08-12T05:01:09.224+0000] {logging_mixin.py:190} INFO - [2026-08-12T05:01:09.223+0000] {dag.py:4138} INFO - Setting next_dagrun for dataset_with_extra_from_classic_operator to 2026-08-11 00:00:00+00:00, run_after=2026-08-12 00:00:00+00:00
[2026-08-12T05:01:09.247+0000] {processor.py:208} INFO - Processing /home/airflow/.local/lib/python3.12/site-packages/airflow/example_dags/example_outlet_event_extra.py took 0.229 seconds
[2026-08-12T05:01:39.503+0000] {processor.py:186} INFO - Started process (PID=3602) to work on /home/airflow/.local/lib/python3.12/site-packages/airflow/example_dags/example_outlet_event_extra.py
[2026-08-12T05:01:39.504+0000] {processor.py:914} INFO - Processing file /home/airflow/.local/lib/python3.12/site-packages/airflow/example_dags/example_outlet_event_extra.py for tasks to queue
[2026-08-12T05:01:39.507+0000] {logging_mixin.py:190} INFO - [2026-08-12T05:01:39.507+0000] {dagbag.py:587} INFO - Filling up the DagBag from /home/airflow/.local/lib/python3.12/site-packages/airflow/example_dags/example_outlet_event_extra.py
[2026-08-12T05:01:39.657+0000] {processor.py:925} INFO - DAG(s) 'dataset_with_extra_by_yield', 'dataset_with_extra_from_classic_operator', 'dataset_with_extra_by_context' retrieved from /home/airflow/.local/lib/python3.12/site-packages/airflow/example_dags/example_outlet_event_extra.py
[2026-08-12T05:01:39.692+0000] {logging_mixin.py:190} INFO - [2026-08-12T05:01:39.691+0000] {dag.py:3211} INFO - Sync 3 DAGs
[2026-08-12T05:01:39.720+0000] {logging_mixin.py:190} INFO - [2026-08-12T05:01:39.720+0000] {dag.py:4138} INFO - Setting next_dagrun for dataset_with_extra_by_context to 2026-08-11 00:00:00+00:00, run_after=2026-08-12 00:00:00+00:00
[2026-08-12T05:01:39.726+0000] {logging_mixin.py:190} INFO - [2026-08-12T05:01:39.726+0000] {dag.py:4138} INFO - Setting next_dagrun for dataset_with_extra_by_yield to 2026-08-11 00:00:00+00:00, run_after=2026-08-12 00:00:00+00:00
[2026-08-12T05:01:39.730+0000] {logging_mixin.py:190} INFO - [2026-08-12T05:01:39.729+0000] {dag.py:4138} INFO - Setting next_dagrun for dataset_with_extra_from_classic_operator to 2026-08-11 00:00:00+00:00, run_after=2026-08-12 00:00:00+00:00
[2026-08-12T05:01:39.757+0000] {processor.py:208} INFO - Processing /home/airflow/.local/lib/python3.12/site-packages/airflow/example_dags/example_outlet_event_extra.py took 0.260 seconds
[2026-08-12T05:02:10.298+0000] {processor.py:186} INFO - Started process (PID=3665) to work on /home/airflow/.local/lib/python3.12/site-packages/airflow/example_dags/example_outlet_event_extra.py
[2026-08-12T05:02:10.300+0000] {processor.py:914} INFO - Processing file /home/airflow/.local/lib/python3.12/site-packages/airflow/example_dags/example_outlet_event_extra.py for tasks to queue
[2026-08-12T05:02:10.303+0000] {logging_mixin.py:190} INFO - [2026-08-12T05:02:10.303+0000] {dagbag.py:587} INFO - Filling up the DagBag from /home/airflow/.local/lib/python3.12/site-packages/airflow/example_dags/example_outlet_event_extra.py
[2026-08-12T05:02:10.462+0000] {processor.py:925} INFO - DAG(s) 'dataset_with_extra_from_classic_operator', 'dataset_with_extra_by_yield', 'dataset_with_extra_by_context' retrieved from /home/airflow/.local/lib/python3.12/site-packages/airflow/example_dags/example_outlet_event_extra.py
[2026-08-12T05:02:10.489+0000] {logging_mixin.py:190} INFO - [2026-08-12T05:02:10.489+0000] {dag.py:3211} INFO - Sync 3 DAGs
[2026-08-12T05:02:10.514+0000] {logging_mixin.py:190} INFO - [2026-08-12T05:02:10.514+0000] {dag.py:4138} INFO - Setting next_dagrun for dataset_with_extra_by_context to 2026-08-11 00:00:00+00:00, run_after=2026-08-12 00:00:00+00:00
[2026-08-12T05:02:10.520+0000] {logging_mixin.py:190} INFO - [2026-08-12T05:02:10.520+0000] {dag.py:4138} INFO - Setting next_dagrun for dataset_with_extra_by_yield to 2026-08-11 00:00:00+00:00, run_after=2026-08-12 00:00:00+00:00
[2026-08-12T05:02:10.523+0000] {logging_mixin.py:190} INFO - [2026-08-12T05:02:10.523+0000] {dag.py:4138} INFO - Setting next_dagrun for dataset_with_extra_from_classic_operator to 2026-08-11 00:00:00+00:00, run_after=2026-08-12 00:00:00+00:00
[2026-08-12T05:02:10.547+0000] {processor.py:208} INFO - Processing /home/airflow/.local/lib/python3.12/site-packages/airflow/example_dags/example_outlet_event_extra.py took 0.256 seconds
[2026-08-12T05:02:40.745+0000] {processor.py:186} INFO - Started process (PID=3728) to work on /home/airflow/.local/lib/python3.12/site-packages/airflow/example_dags/example_outlet_event_extra.py
[2026-08-12T05:02:40.747+0000] {processor.py:914} INFO - Processing file /home/airflow/.local/lib/python3.12/site-packages/airflow/example_dags/example_outlet_event_extra.py for tasks to queue
[2026-08-12T05:02:40.751+0000] {logging_mixin.py:190} INFO - [2026-08-12T05:02:40.751+0000] {dagbag.py:587} INFO - Filling up the DagBag from /home/airflow/.local/lib/python3.12/site-packages/airflow/example_dags/example_outlet_event_extra.py
[2026-08-12T05:02:40.923+0000] {processor.py:925} INFO - DAG(s) 'dataset_with_extra_from_classic_operator', 'dataset_with_extra_by_yield', 'dataset_with_extra_by_context' retrieved from /home/airflow/.local/lib/python3.12/site-packages/airflow/example_dags/example_outlet_event_extra.py
[2026-08-12T05:02:40.960+0000] {logging_mixin.py:190} INFO - [2026-08-12T05:02:40.960+0000] {dag.py:3211} INFO - Sync 3 DAGs
[2026-08-12T05:02:40.988+0000] {logging_mixin.py:190} INFO - [2026-08-12T05:02:40.988+0000] {dag.py:4138} INFO - Setting next_dagrun for dataset_with_extra_by_context to 2026-08-11 00:00:00+00:00, run_after=2026-08-12 00:00:00+00:00
[2026-08-12T05:02:40.996+0000] {logging_mixin.py:190} INFO - [2026-08-12T05:02:40.996+0000] {dag.py:4138} INFO - Setting next_dagrun for dataset_with_extra_by_yield to 2026-08-11 00:00:00+00:00, run_after=2026-08-12 00:00:00+00:00
[2026-08-12T05:02:41.000+0000] {logging_mixin.py:190} INFO - [2026-08-12T05:02:41.000+0000] {dag.py:4138} INFO - Setting next_dagrun for dataset_with_extra_from_classic_operator to 2026-08-11 00:00:00+00:00, run_after=2026-08-12 00:00:00+00:00
[2026-08-12T05:02:41.024+0000] {processor.py:208} INFO - Processing /home/airflow/.local/lib/python3.12/site-packages/airflow/example_dags/example_outlet_event_extra.py took 0.287 seconds
[2026-08-12T05:03:11.188+0000] {processor.py:186} INFO - Started process (PID=3791) to work on /home/airflow/.local/lib/python3.12/site-packages/airflow/example_dags/example_outlet_event_extra.py
[2026-08-12T05:03:11.189+0000] {processor.py:914} INFO - Processing file /home/airflow/.local/lib/python3.12/site-packages/airflow/example_dags/example_outlet_event_extra.py for tasks to queue
[2026-08-12T05:03:11.192+0000] {logging_mixin.py:190} INFO - [2026-08-12T05:03:11.191+0000] {dagbag.py:587} INFO - Filling up the DagBag from /home/airflow/.local/lib/python3.12/site-packages/airflow/example_dags/example_outlet_event_extra.py
[2026-08-12T05:03:11.343+0000] {processor.py:925} INFO - DAG(s) 'dataset_with_extra_by_yield', 'dataset_with_extra_from_classic_operator', 'dataset_with_extra_by_context' retrieved from /home/airflow/.local/lib/python3.12/site-packages/airflow/example_dags/example_outlet_event_extra.py
[2026-08-12T05:03:11.377+0000] {logging_mixin.py:190} INFO - [2026-08-12T05:03:11.376+0000] {dag.py:3211} INFO - Sync 3 DAGs
[2026-08-12T05:03:11.407+0000] {logging_mixin.py:190} INFO - [2026-08-12T05:03:11.407+0000] {dag.py:4138} INFO - Setting next_dagrun for dataset_with_extra_by_context to 2026-08-11 00:00:00+00:00, run_after=2026-08-12 00:00:00+00:00
[2026-08-12T05:03:11.413+0000] {logging_mixin.py:190} INFO - [2026-08-12T05:03:11.413+0000] {dag.py:4138} INFO - Setting next_dagrun for dataset_with_extra_by_yield to 2026-08-11 00:00:00+00:00, run_after=2026-08-12 00:00:00+00:00
[2026-08-12T05:03:11.417+0000] {logging_mixin.py:190} INFO - [2026-08-12T05:03:11.416+0000] {dag.py:4138} INFO - Setting next_dagrun for dataset_with_extra_from_classic_operator to 2026-08-11 00:00:00+00:00, run_after=2026-08-12 00:00:00+00:00
[2026-08-12T05:03:11.443+0000] {processor.py:208} INFO - Processing /home/airflow/.local/lib/python3.12/site-packages/airflow/example_dags/example_outlet_event_extra.py took 0.261 seconds
[2026-08-12T05:03:41.632+0000] {processor.py:186} INFO - Started process (PID=3854) to work on /home/airflow/.local/lib/python3.12/site-packages/airflow/example_dags/example_outlet_event_extra.py
[2026-08-12T05:03:41.633+0000] {processor.py:914} INFO - Processing file /home/airflow/.local/lib/python3.12/site-packages/airflow/example_dags/example_outlet_event_extra.py for tasks to queue
[2026-08-12T05:03:41.637+0000] {logging_mixin.py:190} INFO - [2026-08-12T05:03:41.636+0000] {dagbag.py:587} INFO - Filling up the DagBag from /home/airflow/.local/lib/python3.12/site-packages/airflow/example_dags/example_outlet_event_extra.py
[2026-08-12T05:03:41.767+0000] {processor.py:925} INFO - DAG(s) 'dataset_with_extra_from_classic_operator', 'dataset_with_extra_by_yield', 'dataset_with_extra_by_context' retrieved from /home/airflow/.local/lib/python3.12/site-packages/airflow/example_dags/example_outlet_event_extra.py
[2026-08-12T05:03:41.797+0000] {logging_mixin.py:190} INFO - [2026-08-12T05:03:41.797+0000] {dag.py:3211} INFO - Sync 3 DAGs
[2026-08-12T05:03:41.827+0000] {logging_mixin.py:190} INFO - [2026-08-12T05:03:41.827+0000] {dag.py:4138} INFO - Setting next_dagrun for dataset_with_extra_by_context to 2026-08-11 00:00:00+00:00, run_after=2026-08-12 00:00:00+00:00
[2026-08-12T05:03:41.832+0000] {logging_mixin.py:190} INFO - [2026-08-12T05:03:41.832+0000] {dag.py:4138} INFO - Setting next_dagrun for dataset_with_extra_by_yield to 2026-08-11 00:00:00+00:00, run_after=2026-08-12 00:00:00+00:00
[2026-08-12T05:03:41.835+0000] {logging_mixin.py:190} INFO - [2026-08-12T05:03:41.835+0000] {dag.py:4138} INFO - Setting next_dagrun for dataset_with_extra_from_classic_operator to 2026-08-11 00:00:00+00:00, run_after=2026-08-12 00:00:00+00:00
[2026-08-12T05:03:41.857+0000] {processor.py:208} INFO - Processing /home/airflow/.local/lib/python3.12/site-packages/airflow/example_dags/example_outlet_event_extra.py took 0.232 seconds
[2026-08-12T05:04:11.996+0000] {processor.py:186} INFO - Started process (PID=3918) to work on /home/airflow/.local/lib/python3.12/site-packages/airflow/example_dags/example_outlet_event_extra.py
[2026-08-12T05:04:11.999+0000] {processor.py:914} INFO - Processing file /home/airflow/.local/lib/python3.12/site-packages/airflow/example_dags/example_outlet_event_extra.py for tasks to queue
[2026-08-12T05:04:12.003+0000] {logging_mixin.py:190} INFO - [2026-08-12T05:04:12.002+0000] {dagbag.py:587} INFO - Filling up the DagBag from /home/airflow/.local/lib/python3.12/site-packages/airflow/example_dags/example_outlet_event_extra.py
[2026-08-12T05:04:12.159+0000] {processor.py:925} INFO - DAG(s) 'dataset_with_extra_by_yield', 'dataset_with_extra_from_classic_operator', 'dataset_with_extra_by_context' retrieved from /home/airflow/.local/lib/python3.12/site-packages/airflow/example_dags/example_outlet_event_extra.py
[2026-08-12T05:04:12.187+0000] {logging_mixin.py:190} INFO - [2026-08-12T05:04:12.186+0000] {dag.py:3211} INFO - Sync 3 DAGs
[2026-08-12T05:04:12.216+0000] {logging_mixin.py:190} INFO - [2026-08-12T05:04:12.216+0000] {dag.py:4138} INFO - Setting next_dagrun for dataset_with_extra_by_context to 2026-08-11 00:00:00+00:00, run_after=2026-08-12 00:00:00+00:00
[2026-08-12T05:04:12.222+0000] {logging_mixin.py:190} INFO - [2026-08-12T05:04:12.222+0000] {dag.py:4138} INFO - Setting next_dagrun for dataset_with_extra_by_yield to 2026-08-11 00:00:00+00:00, run_after=2026-08-12 00:00:00+00:00
[2026-08-12T05:04:12.225+0000] {logging_mixin.py:190} INFO - [2026-08-12T05:04:12.225+0000] {dag.py:4138} INFO - Setting next_dagrun for dataset_with_extra_from_classic_operator to 2026-08-11 00:00:00+00:00, run_after=2026-08-12 00:00:00+00:00
[2026-08-12T05:04:12.252+0000] {processor.py:208} INFO - Processing /home/airflow/.local/lib/python3.12/site-packages/airflow/example_dags/example_outlet_event_extra.py took 0.265 seconds
[2026-08-12T05:04:42.320+0000] {processor.py:186} INFO - Started process (PID=3981) to work on /home/airflow/.local/lib/python3.12/site-packages/airflow/example_dags/example_outlet_event_extra.py
[2026-08-12T05:04:42.322+0000] {processor.py:914} INFO - Processing file /home/airflow/.local/lib/python3.12/site-packages/airflow/example_dags/example_outlet_event_extra.py for tasks to queue
[2026-08-12T05:04:42.325+0000] {logging_mixin.py:190} INFO - [2026-08-12T05:04:42.325+0000] {dagbag.py:587} INFO - Filling up the DagBag from /home/airflow/.local/lib/python3.12/site-packages/airflow/example_dags/example_outlet_event_extra.py
[2026-08-12T05:04:42.486+0000] {processor.py:925} INFO - DAG(s) 'dataset_with_extra_from_classic_operator', 'dataset_with_extra_by_context', 'dataset_with_extra_by_yield' retrieved from /home/airflow/.local/lib/python3.12/site-packages/airflow/example_dags/example_outlet_event_extra.py
[2026-08-12T05:04:42.510+0000] {logging_mixin.py:190} INFO - [2026-08-12T05:04:42.510+0000] {dag.py:3211} INFO - Sync 3 DAGs
[2026-08-12T05:04:42.535+0000] {logging_mixin.py:190} INFO - [2026-08-12T05:04:42.535+0000] {dag.py:4138} INFO - Setting next_dagrun for dataset_with_extra_by_context to 2026-08-11 00:00:00+00:00, run_after=2026-08-12 00:00:00+00:00
[2026-08-12T05:04:42.541+0000] {logging_mixin.py:190} INFO - [2026-08-12T05:04:42.541+0000] {dag.py:4138} INFO - Setting next_dagrun for dataset_with_extra_by_yield to 2026-08-11 00:00:00+00:00, run_after=2026-08-12 00:00:00+00:00
[2026-08-12T05:04:42.544+0000] {logging_mixin.py:190} INFO - [2026-08-12T05:04:42.544+0000] {dag.py:4138} INFO - Setting next_dagrun for dataset_with_extra_from_classic_operator to 2026-08-11 00:00:00+00:00, run_after=2026-08-12 00:00:00+00:00
[2026-08-12T05:04:42.567+0000] {processor.py:208} INFO - Processing /home/airflow/.local/lib/python3.12/site-packages/airflow/example_dags/example_outlet_event_extra.py took 0.253 seconds
[2026-08-12T05:05:12.858+0000] {processor.py:186} INFO - Started process (PID=4044) to work on /home/airflow/.local/lib/python3.12/site-packages/airflow/example_dags/example_outlet_event_extra.py
[2026-08-12T05:05:12.860+0000] {processor.py:914} INFO - Processing file /home/airflow/.local/lib/python3.12/site-packages/airflow/example_dags/example_outlet_event_extra.py for tasks to queue
[2026-08-12T05:05:12.864+0000] {logging_mixin.py:190} INFO - [2026-08-12T05:05:12.863+0000] {dagbag.py:587} INFO - Filling up the DagBag from /home/airflow/.local/lib/python3.12/site-packages/airflow/example_dags/example_outlet_event_extra.py
[2026-08-12T05:05:13.001+0000] {processor.py:925} INFO - DAG(s) 'dataset_with_extra_from_classic_operator', 'dataset_with_extra_by_yield', 'dataset_with_extra_by_context' retrieved from /home/airflow/.local/lib/python3.12/site-packages/airflow/example_dags/example_outlet_event_extra.py
[2026-08-12T05:05:13.028+0000] {logging_mixin.py:190} INFO - [2026-08-12T05:05:13.027+0000] {dag.py:3211} INFO - Sync 3 DAGs
[2026-08-12T05:05:13.053+0000] {logging_mixin.py:190} INFO - [2026-08-12T05:05:13.052+0000] {dag.py:4138} INFO - Setting next_dagrun for dataset_with_extra_by_context to 2026-08-11 00:00:00+00:00, run_after=2026-08-12 00:00:00+00:00
[2026-08-12T05:05:13.059+0000] {logging_mixin.py:190} INFO - [2026-08-12T05:05:13.059+0000] {dag.py:4138} INFO - Setting next_dagrun for dataset_with_extra_by_yield to 2026-08-11 00:00:00+00:00, run_after=2026-08-12 00:00:00+00:00
[2026-08-12T05:05:13.064+0000] {logging_mixin.py:190} INFO - [2026-08-12T05:05:13.064+0000] {dag.py:4138} INFO - Setting next_dagrun for dataset_with_extra_from_classic_operator to 2026-08-11 00:00:00+00:00, run_after=2026-08-12 00:00:00+00:00
[2026-08-12T05:05:13.088+0000] {processor.py:208} INFO - Processing /home/airflow/.local/lib/python3.12/site-packages/airflow/example_dags/example_outlet_event_extra.py took 0.237 seconds
[2026-08-12T05:05:43.341+0000] {processor.py:186} INFO - Started process (PID=4107) to work on /home/airflow/.local/lib/python3.12/site-packages/airflow/example_dags/example_outlet_event_extra.py
[2026-08-12T05:05:43.343+0000] {processor.py:914} INFO - Processing file /home/airflow/.local/lib/python3.12/site-packages/airflow/example_dags/example_outlet_event_extra.py for tasks to queue
[2026-08-12T05:05:43.347+0000] {logging_mixin.py:190} INFO - [2026-08-12T05:05:43.347+0000] {dagbag.py:587} INFO - Filling up the DagBag from /home/airflow/.local/lib/python3.12/site-packages/airflow/example_dags/example_outlet_event_extra.py
[2026-08-12T05:05:43.479+0000] {processor.py:925} INFO - DAG(s) 'dataset_with_extra_from_classic_operator', 'dataset_with_extra_by_yield', 'dataset_with_extra_by_context' retrieved from /home/airflow/.local/lib/python3.12/site-packages/airflow/example_dags/example_outlet_event_extra.py
[2026-08-12T05:05:43.508+0000] {logging_mixin.py:190} INFO - [2026-08-12T05:05:43.507+0000] {dag.py:3211} INFO - Sync 3 DAGs
[2026-08-12T05:05:43.532+0000] {logging_mixin.py:190} INFO - [2026-08-12T05:05:43.532+0000] {dag.py:4138} INFO - Setting next_dagrun for dataset_with_extra_by_context to 2026-08-11 00:00:00+00:00, run_after=2026-08-12 00:00:00+00:00
[2026-08-12T05:05:43.539+0000] {logging_mixin.py:190} INFO - [2026-08-12T05:05:43.539+0000] {dag.py:4138} INFO - Setting next_dagrun for dataset_with_extra_by_yield to 2026-08-11 00:00:00+00:00, run_after=2026-08-12 00:00:00+00:00
[2026-08-12T05:05:43.542+0000] {logging_mixin.py:190} INFO - [2026-08-12T05:05:43.542+0000] {dag.py:4138} INFO - Setting next_dagrun for dataset_with_extra_from_classic_operator to 2026-08-11 00:00:00+00:00, run_after=2026-08-12 00:00:00+00:00
[2026-08-12T05:05:43.565+0000] {processor.py:208} INFO - Processing /home/airflow/.local/lib/python3.12/site-packages/airflow/example_dags/example_outlet_event_extra.py took 0.230 seconds
[2026-08-12T05:06:13.868+0000] {processor.py:186} INFO - Started process (PID=4170) to work on /home/airflow/.local/lib/python3.12/site-packages/airflow/example_dags/example_outlet_event_extra.py
[2026-08-12T05:06:13.870+0000] {processor.py:914} INFO - Processing file /home/airflow/.local/lib/python3.12/site-packages/airflow/example_dags/example_outlet_event_extra.py for tasks to queue
[2026-08-12T05:06:13.873+0000] {logging_mixin.py:190} INFO - [2026-08-12T05:06:13.873+0000] {dagbag.py:587} INFO - Filling up the DagBag from /home/airflow/.local/lib/python3.12/site-packages/airflow/example_dags/example_outlet_event_extra.py
[2026-08-12T05:06:14.022+0000] {processor.py:925} INFO - DAG(s) 'dataset_with_extra_by_context', 'dataset_with_extra_from_classic_operator', 'dataset_with_extra_by_yield' retrieved from /home/airflow/.local/lib/python3.12/site-packages/airflow/example_dags/example_outlet_event_extra.py
[2026-08-12T05:06:14.046+0000] {logging_mixin.py:190} INFO - [2026-08-12T05:06:14.046+0000] {dag.py:3211} INFO - Sync 3 DAGs
[2026-08-12T05:06:14.071+0000] {logging_mixin.py:190} INFO - [2026-08-12T05:06:14.071+0000] {dag.py:4138} INFO - Setting next_dagrun for dataset_with_extra_by_context to 2026-08-11 00:00:00+00:00, run_after=2026-08-12 00:00:00+00:00
[2026-08-12T05:06:14.077+0000] {logging_mixin.py:190} INFO - [2026-08-12T05:06:14.076+0000] {dag.py:4138} INFO - Setting next_dagrun for dataset_with_extra_by_yield to 2026-08-11 00:00:00+00:00, run_after=2026-08-12 00:00:00+00:00
[2026-08-12T05:06:14.079+0000] {logging_mixin.py:190} INFO - [2026-08-12T05:06:14.079+0000] {dag.py:4138} INFO - Setting next_dagrun for dataset_with_extra_from_classic_operator to 2026-08-11 00:00:00+00:00, run_after=2026-08-12 00:00:00+00:00
[2026-08-12T05:06:14.105+0000] {processor.py:208} INFO - Processing /home/airflow/.local/lib/python3.12/site-packages/airflow/example_dags/example_outlet_event_extra.py took 0.243 seconds
[2026-08-12T05:06:44.220+0000] {processor.py:186} INFO - Started process (PID=4233) to work on /home/airflow/.local/lib/python3.12/site-packages/airflow/example_dags/example_outlet_event_extra.py
[2026-08-12T05:06:44.222+0000] {processor.py:914} INFO - Processing file /home/airflow/.local/lib/python3.12/site-packages/airflow/example_dags/example_outlet_event_extra.py for tasks to queue
[2026-08-12T05:06:44.226+0000] {logging_mixin.py:190} INFO - [2026-08-12T05:06:44.225+0000] {dagbag.py:587} INFO - Filling up the DagBag from /home/airflow/.local/lib/python3.12/site-packages/airflow/example_dags/example_outlet_event_extra.py
[2026-08-12T05:06:44.389+0000] {processor.py:925} INFO - DAG(s) 'dataset_with_extra_by_context', 'dataset_with_extra_by_yield', 'dataset_with_extra_from_classic_operator' retrieved from /home/airflow/.local/lib/python3.12/site-packages/airflow/example_dags/example_outlet_event_extra.py
[2026-08-12T05:06:44.416+0000] {logging_mixin.py:190} INFO - [2026-08-12T05:06:44.416+0000] {dag.py:3211} INFO - Sync 3 DAGs
[2026-08-12T05:06:44.443+0000] {logging_mixin.py:190} INFO - [2026-08-12T05:06:44.443+0000] {dag.py:4138} INFO - Setting next_dagrun for dataset_with_extra_by_context to 2026-08-11 00:00:00+00:00, run_after=2026-08-12 00:00:00+00:00
[2026-08-12T05:06:44.449+0000] {logging_mixin.py:190} INFO - [2026-08-12T05:06:44.449+0000] {dag.py:4138} INFO - Setting next_dagrun for dataset_with_extra_by_yield to 2026-08-11 00:00:00+00:00, run_after=2026-08-12 00:00:00+00:00
[2026-08-12T05:06:44.453+0000] {logging_mixin.py:190} INFO - [2026-08-12T05:06:44.452+0000] {dag.py:4138} INFO - Setting next_dagrun for dataset_with_extra_from_classic_operator to 2026-08-11 00:00:00+00:00, run_after=2026-08-12 00:00:00+00:00
[2026-08-12T05:06:44.478+0000] {processor.py:208} INFO - Processing /home/airflow/.local/lib/python3.12/site-packages/airflow/example_dags/example_outlet_event_extra.py took 0.266 seconds
[2026-08-12T05:07:15.399+0000] {processor.py:186} INFO - Started process (PID=4296) to work on /home/airflow/.local/lib/python3.12/site-packages/airflow/example_dags/example_outlet_event_extra.py
[2026-08-12T05:07:15.401+0000] {processor.py:914} INFO - Processing file /home/airflow/.local/lib/python3.12/site-packages/airflow/example_dags/example_outlet_event_extra.py for tasks to queue
[2026-08-12T05:07:15.406+0000] {logging_mixin.py:190} INFO - [2026-08-12T05:07:15.406+0000] {dagbag.py:587} INFO - Filling up the DagBag from /home/airflow/.local/lib/python3.12/site-packages/airflow/example_dags/example_outlet_event_extra.py
[2026-08-12T05:07:15.579+0000] {processor.py:925} INFO - DAG(s) 'dataset_with_extra_by_yield', 'dataset_with_extra_from_classic_operator', 'dataset_with_extra_by_context' retrieved from /home/airflow/.local/lib/python3.12/site-packages/airflow/example_dags/example_outlet_event_extra.py
[2026-08-12T05:07:15.609+0000] {logging_mixin.py:190} INFO - [2026-08-12T05:07:15.609+0000] {dag.py:3211} INFO - Sync 3 DAGs
[2026-08-12T05:07:15.640+0000] {logging_mixin.py:190} INFO - [2026-08-12T05:07:15.640+0000] {dag.py:4138} INFO - Setting next_dagrun for dataset_with_extra_by_context to 2026-08-11 00:00:00+00:00, run_after=2026-08-12 00:00:00+00:00
[2026-08-12T05:07:15.647+0000] {logging_mixin.py:190} INFO - [2026-08-12T05:07:15.647+0000] {dag.py:4138} INFO - Setting next_dagrun for dataset_with_extra_by_yield to 2026-08-11 00:00:00+00:00, run_after=2026-08-12 00:00:00+00:00
[2026-08-12T05:07:15.650+0000] {logging_mixin.py:190} INFO - [2026-08-12T05:07:15.650+0000] {dag.py:4138} INFO - Setting next_dagrun for dataset_with_extra_from_classic_operator to 2026-08-11 00:00:00+00:00, run_after=2026-08-12 00:00:00+00:00
[2026-08-12T05:07:15.673+0000] {processor.py:208} INFO - Processing /home/airflow/.local/lib/python3.12/site-packages/airflow/example_dags/example_outlet_event_extra.py took 0.284 seconds
[2026-08-12T05:07:45.783+0000] {processor.py:186} INFO - Started process (PID=4360) to work on /home/airflow/.local/lib/python3.12/site-packages/airflow/example_dags/example_outlet_event_extra.py
[2026-08-12T05:07:45.784+0000] {processor.py:914} INFO - Processing file /home/airflow/.local/lib/python3.12/site-packages/airflow/example_dags/example_outlet_event_extra.py for tasks to queue
[2026-08-12T05:07:45.787+0000] {logging_mixin.py:190} INFO - [2026-08-12T05:07:45.786+0000] {dagbag.py:587} INFO - Filling up the DagBag from /home/airflow/.local/lib/python3.12/site-packages/airflow/example_dags/example_outlet_event_extra.py
[2026-08-12T05:07:45.953+0000] {processor.py:925} INFO - DAG(s) 'dataset_with_extra_by_context', 'dataset_with_extra_from_classic_operator', 'dataset_with_extra_by_yield' retrieved from /home/airflow/.local/lib/python3.12/site-packages/airflow/example_dags/example_outlet_event_extra.py
[2026-08-12T05:07:45.986+0000] {logging_mixin.py:190} INFO - [2026-08-12T05:07:45.986+0000] {dag.py:3211} INFO - Sync 3 DAGs
[2026-08-12T05:07:46.018+0000] {logging_mixin.py:190} INFO - [2026-08-12T05:07:46.017+0000] {dag.py:4138} INFO - Setting next_dagrun for dataset_with_extra_by_context to 2026-08-11 00:00:00+00:00, run_after=2026-08-12 00:00:00+00:00
[2026-08-12T05:07:46.026+0000] {logging_mixin.py:190} INFO - [2026-08-12T05:07:46.026+0000] {dag.py:4138} INFO - Setting next_dagrun for dataset_with_extra_by_yield to 2026-08-11 00:00:00+00:00, run_after=2026-08-12 00:00:00+00:00
[2026-08-12T05:07:46.031+0000] {logging_mixin.py:190} INFO - [2026-08-12T05:07:46.031+0000] {dag.py:4138} INFO - Setting next_dagrun for dataset_with_extra_from_classic_operator to 2026-08-11 00:00:00+00:00, run_after=2026-08-12 00:00:00+00:00
[2026-08-12T05:07:46.069+0000] {processor.py:208} INFO - Processing /home/airflow/.local/lib/python3.12/site-packages/airflow/example_dags/example_outlet_event_extra.py took 0.292 seconds
[2026-08-12T05:08:16.806+0000] {processor.py:186} INFO - Started process (PID=4422) to work on /home/airflow/.local/lib/python3.12/site-packages/airflow/example_dags/example_outlet_event_extra.py
[2026-08-12T05:08:16.807+0000] {processor.py:914} INFO - Processing file /home/airflow/.local/lib/python3.12/site-packages/airflow/example_dags/example_outlet_event_extra.py for tasks to queue
[2026-08-12T05:08:16.811+0000] {logging_mixin.py:190} INFO - [2026-08-12T05:08:16.811+0000] {dagbag.py:587} INFO - Filling up the DagBag from /home/airflow/.local/lib/python3.12/site-packages/airflow/example_dags/example_outlet_event_extra.py
[2026-08-12T05:08:16.943+0000] {processor.py:925} INFO - DAG(s) 'dataset_with_extra_by_context', 'dataset_with_extra_from_classic_operator', 'dataset_with_extra_by_yield' retrieved from /home/airflow/.local/lib/python3.12/site-packages/airflow/example_dags/example_outlet_event_extra.py
[2026-08-12T05:08:16.967+0000] {logging_mixin.py:190} INFO - [2026-08-12T05:08:16.967+0000] {dag.py:3211} INFO - Sync 3 DAGs
[2026-08-12T05:08:16.991+0000] {logging_mixin.py:190} INFO - [2026-08-12T05:08:16.990+0000] {dag.py:4138} INFO - Setting next_dagrun for dataset_with_extra_by_context to 2026-08-11 00:00:00+00:00, run_after=2026-08-12 00:00:00+00:00
[2026-08-12T05:08:16.995+0000] {logging_mixin.py:190} INFO - [2026-08-12T05:08:16.995+0000] {dag.py:4138} INFO - Setting next_dagrun for dataset_with_extra_by_yield to 2026-08-11 00:00:00+00:00, run_after=2026-08-12 00:00:00+00:00
[2026-08-12T05:08:16.999+0000] {logging_mixin.py:190} INFO - [2026-08-12T05:08:16.998+0000] {dag.py:4138} INFO - Setting next_dagrun for dataset_with_extra_from_classic_operator to 2026-08-11 00:00:00+00:00, run_after=2026-08-12 00:00:00+00:00
[2026-08-12T05:08:17.024+0000] {processor.py:208} INFO - Processing /home/airflow/.local/lib/python3.12/site-packages/airflow/example_dags/example_outlet_event_extra.py took 0.224 seconds
[2026-08-12T05:08:47.323+0000] {processor.py:186} INFO - Started process (PID=4485) to work on /home/airflow/.local/lib/python3.12/site-packages/airflow/example_dags/example_outlet_event_extra.py
[2026-08-12T05:08:47.325+0000] {processor.py:914} INFO - Processing file /home/airflow/.local/lib/python3.12/site-packages/airflow/example_dags/example_outlet_event_extra.py for tasks to queue
[2026-08-12T05:08:47.328+0000] {logging_mixin.py:190} INFO - [2026-08-12T05:08:47.328+0000] {dagbag.py:587} INFO - Filling up the DagBag from /home/airflow/.local/lib/python3.12/site-packages/airflow/example_dags/example_outlet_event_extra.py
[2026-08-12T05:08:47.490+0000] {processor.py:925} INFO - DAG(s) 'dataset_with_extra_from_classic_operator', 'dataset_with_extra_by_context', 'dataset_with_extra_by_yield' retrieved from /home/airflow/.local/lib/python3.12/site-packages/airflow/example_dags/example_outlet_event_extra.py
[2026-08-12T05:08:47.525+0000] {logging_mixin.py:190} INFO - [2026-08-12T05:08:47.525+0000] {dag.py:3211} INFO - Sync 3 DAGs
[2026-08-12T05:08:47.556+0000] {logging_mixin.py:190} INFO - [2026-08-12T05:08:47.555+0000] {dag.py:4138} INFO - Setting next_dagrun for dataset_with_extra_by_context to 2026-08-11 00:00:00+00:00, run_after=2026-08-12 00:00:00+00:00
[2026-08-12T05:08:47.562+0000] {logging_mixin.py:190} INFO - [2026-08-12T05:08:47.562+0000] {dag.py:4138} INFO - Setting next_dagrun for dataset_with_extra_by_yield to 2026-08-11 00:00:00+00:00, run_after=2026-08-12 00:00:00+00:00
[2026-08-12T05:08:47.566+0000] {logging_mixin.py:190} INFO - [2026-08-12T05:08:47.566+0000] {dag.py:4138} INFO - Setting next_dagrun for dataset_with_extra_from_classic_operator to 2026-08-11 00:00:00+00:00, run_after=2026-08-12 00:00:00+00:00
[2026-08-12T05:08:47.595+0000] {processor.py:208} INFO - Processing /home/airflow/.local/lib/python3.12/site-packages/airflow/example_dags/example_outlet_event_extra.py took 0.278 seconds
[2026-08-12T05:09:17.682+0000] {processor.py:186} INFO - Started process (PID=4549) to work on /home/airflow/.local/lib/python3.12/site-packages/airflow/example_dags/example_outlet_event_extra.py
[2026-08-12T05:09:17.684+0000] {processor.py:914} INFO - Processing file /home/airflow/.local/lib/python3.12/site-packages/airflow/example_dags/example_outlet_event_extra.py for tasks to queue
[2026-08-12T05:09:17.688+0000] {logging_mixin.py:190} INFO - [2026-08-12T05:09:17.687+0000] {dagbag.py:587} INFO - Filling up the DagBag from /home/airflow/.local/lib/python3.12/site-packages/airflow/example_dags/example_outlet_event_extra.py
[2026-08-12T05:09:17.827+0000] {processor.py:925} INFO - DAG(s) 'dataset_with_extra_by_yield', 'dataset_with_extra_by_context', 'dataset_with_extra_from_classic_operator' retrieved from /home/airflow/.local/lib/python3.12/site-packages/airflow/example_dags/example_outlet_event_extra.py
[2026-08-12T05:09:17.852+0000] {logging_mixin.py:190} INFO - [2026-08-12T05:09:17.852+0000] {dag.py:3211} INFO - Sync 3 DAGs
[2026-08-12T05:09:17.879+0000] {logging_mixin.py:190} INFO - [2026-08-12T05:09:17.878+0000] {dag.py:4138} INFO - Setting next_dagrun for dataset_with_extra_by_context to 2026-08-11 00:00:00+00:00, run_after=2026-08-12 00:00:00+00:00
[2026-08-12T05:09:17.884+0000] {logging_mixin.py:190} INFO - [2026-08-12T05:09:17.884+0000] {dag.py:4138} INFO - Setting next_dagrun for dataset_with_extra_by_yield to 2026-08-11 00:00:00+00:00, run_after=2026-08-12 00:00:00+00:00
[2026-08-12T05:09:17.887+0000] {logging_mixin.py:190} INFO - [2026-08-12T05:09:17.887+0000] {dag.py:4138} INFO - Setting next_dagrun for dataset_with_extra_from_classic_operator to 2026-08-11 00:00:00+00:00, run_after=2026-08-12 00:00:00+00:00
[2026-08-12T05:09:17.911+0000] {processor.py:208} INFO - Processing /home/airflow/.local/lib/python3.12/site-packages/airflow/example_dags/example_outlet_event_extra.py took 0.236 seconds
[2026-08-12T05:09:48.499+0000] {processor.py:186} INFO - Started process (PID=4611) to work on /home/airflow/.local/lib/python3.12/site-packages/airflow/example_dags/example_outlet_event_extra.py
[2026-08-12T05:09:48.502+0000] {processor.py:914} INFO - Processing file /home/airflow/.local/lib/python3.12/site-packages/airflow/example_dags/example_outlet_event_extra.py for tasks to queue
[2026-08-12T05:09:48.506+0000] {logging_mixin.py:190} INFO - [2026-08-12T05:09:48.506+0000] {dagbag.py:587} INFO - Filling up the DagBag from /home/airflow/.local/lib/python3.12/site-packages/airflow/example_dags/example_outlet_event_extra.py
[2026-08-12T05:09:48.649+0000] {processor.py:925} INFO - DAG(s) 'dataset_with_extra_by_context', 'dataset_with_extra_from_classic_operator', 'dataset_with_extra_by_yield' retrieved from /home/airflow/.local/lib/python3.12/site-packages/airflow/example_dags/example_outlet_event_extra.py
[2026-08-12T05:09:48.679+0000] {logging_mixin.py:190} INFO - [2026-08-12T05:09:48.679+0000] {dag.py:3211} INFO - Sync 3 DAGs
[2026-08-12T05:09:48.705+0000] {logging_mixin.py:190} INFO - [2026-08-12T05:09:48.705+0000] {dag.py:4138} INFO - Setting next_dagrun for dataset_with_extra_by_context to 2026-08-11 00:00:00+00:00, run_after=2026-08-12 00:00:00+00:00
[2026-08-12T05:09:48.711+0000] {logging_mixin.py:190} INFO - [2026-08-12T05:09:48.711+0000] {dag.py:4138} INFO - Setting next_dagrun for dataset_with_extra_by_yield to 2026-08-11 00:00:00+00:00, run_after=2026-08-12 00:00:00+00:00
[2026-08-12T05:09:48.717+0000] {logging_mixin.py:190} INFO - [2026-08-12T05:09:48.717+0000] {dag.py:4138} INFO - Setting next_dagrun for dataset_with_extra_from_classic_operator to 2026-08-11 00:00:00+00:00, run_after=2026-08-12 00:00:00+00:00
[2026-08-12T05:09:48.741+0000] {processor.py:208} INFO - Processing /home/airflow/.local/lib/python3.12/site-packages/airflow/example_dags/example_outlet_event_extra.py took 0.251 seconds
[2026-08-12T05:10:19.140+0000] {processor.py:186} INFO - Started process (PID=4674) to work on /home/airflow/.local/lib/python3.12/site-packages/airflow/example_dags/example_outlet_event_extra.py
[2026-08-12T05:10:19.142+0000] {processor.py:914} INFO - Processing file /home/airflow/.local/lib/python3.12/site-packages/airflow/example_dags/example_outlet_event_extra.py for tasks to queue
[2026-08-12T05:10:19.148+0000] {logging_mixin.py:190} INFO - [2026-08-12T05:10:19.147+0000] {dagbag.py:587} INFO - Filling up the DagBag from /home/airflow/.local/lib/python3.12/site-packages/airflow/example_dags/example_outlet_event_extra.py
[2026-08-12T05:10:19.371+0000] {processor.py:925} INFO - DAG(s) 'dataset_with_extra_from_classic_operator', 'dataset_with_extra_by_yield', 'dataset_with_extra_by_context' retrieved from /home/airflow/.local/lib/python3.12/site-packages/airflow/example_dags/example_outlet_event_extra.py
[2026-08-12T05:10:19.397+0000] {logging_mixin.py:190} INFO - [2026-08-12T05:10:19.396+0000] {dag.py:3211} INFO - Sync 3 DAGs
[2026-08-12T05:10:19.428+0000] {logging_mixin.py:190} INFO - [2026-08-12T05:10:19.428+0000] {dag.py:4138} INFO - Setting next_dagrun for dataset_with_extra_by_context to 2026-08-11 00:00:00+00:00, run_after=2026-08-12 00:00:00+00:00
[2026-08-12T05:10:19.434+0000] {logging_mixin.py:190} INFO - [2026-08-12T05:10:19.434+0000] {dag.py:4138} INFO - Setting next_dagrun for dataset_with_extra_by_yield to 2026-08-11 00:00:00+00:00, run_after=2026-08-12 00:00:00+00:00
[2026-08-12T05:10:19.438+0000] {logging_mixin.py:190} INFO - [2026-08-12T05:10:19.438+0000] {dag.py:4138} INFO - Setting next_dagrun for dataset_with_extra_from_classic_operator to 2026-08-11 00:00:00+00:00, run_after=2026-08-12 00:00:00+00:00
[2026-08-12T05:10:19.465+0000] {processor.py:208} INFO - Processing /home/airflow/.local/lib/python3.12/site-packages/airflow/example_dags/example_outlet_event_extra.py took 0.334 seconds
[2026-08-12T05:10:49.587+0000] {processor.py:186} INFO - Started process (PID=4737) to work on /home/airflow/.local/lib/python3.12/site-packages/airflow/example_dags/example_outlet_event_extra.py
[2026-08-12T05:10:49.588+0000] {processor.py:914} INFO - Processing file /home/airflow/.local/lib/python3.12/site-packages/airflow/example_dags/example_outlet_event_extra.py for tasks to queue
[2026-08-12T05:10:49.592+0000] {logging_mixin.py:190} INFO - [2026-08-12T05:10:49.591+0000] {dagbag.py:587} INFO - Filling up the DagBag from /home/airflow/.local/lib/python3.12/site-packages/airflow/example_dags/example_outlet_event_extra.py
[2026-08-12T05:10:49.724+0000] {processor.py:925} INFO - DAG(s) 'dataset_with_extra_by_yield', 'dataset_with_extra_by_context', 'dataset_with_extra_from_classic_operator' retrieved from /home/airflow/.local/lib/python3.12/site-packages/airflow/example_dags/example_outlet_event_extra.py
[2026-08-12T05:10:49.751+0000] {logging_mixin.py:190} INFO - [2026-08-12T05:10:49.751+0000] {dag.py:3211} INFO - Sync 3 DAGs
[2026-08-12T05:10:49.776+0000] {logging_mixin.py:190} INFO - [2026-08-12T05:10:49.775+0000] {dag.py:4138} INFO - Setting next_dagrun for dataset_with_extra_by_context to 2026-08-11 00:00:00+00:00, run_after=2026-08-12 00:00:00+00:00
[2026-08-12T05:10:49.781+0000] {logging_mixin.py:190} INFO - [2026-08-12T05:10:49.781+0000] {dag.py:4138} INFO - Setting next_dagrun for dataset_with_extra_by_yield to 2026-08-11 00:00:00+00:00, run_after=2026-08-12 00:00:00+00:00
[2026-08-12T05:10:49.784+0000] {logging_mixin.py:190} INFO - [2026-08-12T05:10:49.784+0000] {dag.py:4138} INFO - Setting next_dagrun for dataset_with_extra_from_classic_operator to 2026-08-11 00:00:00+00:00, run_after=2026-08-12 00:00:00+00:00
[2026-08-12T05:10:49.807+0000] {processor.py:208} INFO - Processing /home/airflow/.local/lib/python3.12/site-packages/airflow/example_dags/example_outlet_event_extra.py took 0.226 seconds
[2026-08-12T05:11:19.980+0000] {processor.py:186} INFO - Started process (PID=4800) to work on /home/airflow/.local/lib/python3.12/site-packages/airflow/example_dags/example_outlet_event_extra.py
[2026-08-12T05:11:19.982+0000] {processor.py:914} INFO - Processing file /home/airflow/.local/lib/python3.12/site-packages/airflow/example_dags/example_outlet_event_extra.py for tasks to queue
[2026-08-12T05:11:19.985+0000] {logging_mixin.py:190} INFO - [2026-08-12T05:11:19.985+0000] {dagbag.py:587} INFO - Filling up the DagBag from /home/airflow/.local/lib/python3.12/site-packages/airflow/example_dags/example_outlet_event_extra.py
[2026-08-12T05:11:20.116+0000] {processor.py:925} INFO - DAG(s) 'dataset_with_extra_from_classic_operator', 'dataset_with_extra_by_yield', 'dataset_with_extra_by_context' retrieved from /home/airflow/.local/lib/python3.12/site-packages/airflow/example_dags/example_outlet_event_extra.py
[2026-08-12T05:11:20.142+0000] {logging_mixin.py:190} INFO - [2026-08-12T05:11:20.142+0000] {dag.py:3211} INFO - Sync 3 DAGs
[2026-08-12T05:11:20.165+0000] {logging_mixin.py:190} INFO - [2026-08-12T05:11:20.165+0000] {dag.py:4138} INFO - Setting next_dagrun for dataset_with_extra_by_context to 2026-08-11 00:00:00+00:00, run_after=2026-08-12 00:00:00+00:00
[2026-08-12T05:11:20.170+0000] {logging_mixin.py:190} INFO - [2026-08-12T05:11:20.170+0000] {dag.py:4138} INFO - Setting next_dagrun for dataset_with_extra_by_yield to 2026-08-11 00:00:00+00:00, run_after=2026-08-12 00:00:00+00:00
[2026-08-12T05:11:20.174+0000] {logging_mixin.py:190} INFO - [2026-08-12T05:11:20.174+0000] {dag.py:4138} INFO - Setting next_dagrun for dataset_with_extra_from_classic_operator to 2026-08-11 00:00:00+00:00, run_after=2026-08-12 00:00:00+00:00
[2026-08-12T05:11:20.200+0000] {processor.py:208} INFO - Processing /home/airflow/.local/lib/python3.12/site-packages/airflow/example_dags/example_outlet_event_extra.py took 0.226 seconds
[2026-08-12T05:11:50.551+0000] {processor.py:186} INFO - Started process (PID=4863) to work on /home/airflow/.local/lib/python3.12/site-packages/airflow/example_dags/example_outlet_event_extra.py
[2026-08-12T05:11:50.553+0000] {processor.py:914} INFO - Processing file /home/airflow/.local/lib/python3.12/site-packages/airflow/example_dags/example_outlet_event_extra.py for tasks to queue
[2026-08-12T05:11:50.556+0000] {logging_mixin.py:190} INFO - [2026-08-12T05:11:50.556+0000] {dagbag.py:587} INFO - Filling up the DagBag from /home/airflow/.local/lib/python3.12/site-packages/airflow/example_dags/example_outlet_event_extra.py
[2026-08-12T05:11:50.717+0000] {processor.py:925} INFO - DAG(s) 'dataset_with_extra_by_yield', 'dataset_with_extra_from_classic_operator', 'dataset_with_extra_by_context' retrieved from /home/airflow/.local/lib/python3.12/site-packages/airflow/example_dags/example_outlet_event_extra.py
[2026-08-12T05:11:50.753+0000] {logging_mixin.py:190} INFO - [2026-08-12T05:11:50.752+0000] {dag.py:3211} INFO - Sync 3 DAGs
[2026-08-12T05:11:50.786+0000] {logging_mixin.py:190} INFO - [2026-08-12T05:11:50.786+0000] {dag.py:4138} INFO - Setting next_dagrun for dataset_with_extra_by_context to 2026-08-11 00:00:00+00:00, run_after=2026-08-12 00:00:00+00:00
[2026-08-12T05:11:50.792+0000] {logging_mixin.py:190} INFO - [2026-08-12T05:11:50.792+0000] {dag.py:4138} INFO - Setting next_dagrun for dataset_with_extra_by_yield to 2026-08-11 00:00:00+00:00, run_after=2026-08-12 00:00:00+00:00
[2026-08-12T05:11:50.796+0000] {logging_mixin.py:190} INFO - [2026-08-12T05:11:50.796+0000] {dag.py:4138} INFO - Setting next_dagrun for dataset_with_extra_from_classic_operator to 2026-08-11 00:00:00+00:00, run_after=2026-08-12 00:00:00+00:00
[2026-08-12T05:11:50.828+0000] {processor.py:208} INFO - Processing /home/airflow/.local/lib/python3.12/site-packages/airflow/example_dags/example_outlet_event_extra.py took 0.284 seconds
[2026-08-12T05:12:21.252+0000] {processor.py:186} INFO - Started process (PID=4926) to work on /home/airflow/.local/lib/python3.12/site-packages/airflow/example_dags/example_outlet_event_extra.py
[2026-08-12T05:12:21.254+0000] {processor.py:914} INFO - Processing file /home/airflow/.local/lib/python3.12/site-packages/airflow/example_dags/example_outlet_event_extra.py for tasks to queue
[2026-08-12T05:12:21.259+0000] {logging_mixin.py:190} INFO - [2026-08-12T05:12:21.257+0000] {dagbag.py:587} INFO - Filling up the DagBag from /home/airflow/.local/lib/python3.12/site-packages/airflow/example_dags/example_outlet_event_extra.py
[2026-08-12T05:12:21.401+0000] {processor.py:925} INFO - DAG(s) 'dataset_with_extra_by_context', 'dataset_with_extra_by_yield', 'dataset_with_extra_from_classic_operator' retrieved from /home/airflow/.local/lib/python3.12/site-packages/airflow/example_dags/example_outlet_event_extra.py
[2026-08-12T05:12:21.430+0000] {logging_mixin.py:190} INFO - [2026-08-12T05:12:21.430+0000] {dag.py:3211} INFO - Sync 3 DAGs
[2026-08-12T05:12:21.465+0000] {logging_mixin.py:190} INFO - [2026-08-12T05:12:21.465+0000] {dag.py:4138} INFO - Setting next_dagrun for dataset_with_extra_by_context to 2026-08-11 00:00:00+00:00, run_after=2026-08-12 00:00:00+00:00
[2026-08-12T05:12:21.470+0000] {logging_mixin.py:190} INFO - [2026-08-12T05:12:21.470+0000] {dag.py:4138} INFO - Setting next_dagrun for dataset_with_extra_by_yield to 2026-08-11 00:00:00+00:00, run_after=2026-08-12 00:00:00+00:00
[2026-08-12T05:12:21.473+0000] {logging_mixin.py:190} INFO - [2026-08-12T05:12:21.473+0000] {dag.py:4138} INFO - Setting next_dagrun for dataset_with_extra_from_classic_operator to 2026-08-11 00:00:00+00:00, run_after=2026-08-12 00:00:00+00:00
[2026-08-12T05:12:21.496+0000] {processor.py:208} INFO - Processing /home/airflow/.local/lib/python3.12/site-packages/airflow/example_dags/example_outlet_event_extra.py took 0.252 seconds
[2026-08-12T05:12:51.754+0000] {processor.py:186} INFO - Started process (PID=4989) to work on /home/airflow/.local/lib/python3.12/site-packages/airflow/example_dags/example_outlet_event_extra.py
[2026-08-12T05:12:51.756+0000] {processor.py:914} INFO - Processing file /home/airflow/.local/lib/python3.12/site-packages/airflow/example_dags/example_outlet_event_extra.py for tasks to queue
[2026-08-12T05:12:51.760+0000] {logging_mixin.py:190} INFO - [2026-08-12T05:12:51.759+0000] {dagbag.py:587} INFO - Filling up the DagBag from /home/airflow/.local/lib/python3.12/site-packages/airflow/example_dags/example_outlet_event_extra.py
[2026-08-12T05:12:51.955+0000] {processor.py:925} INFO - DAG(s) 'dataset_with_extra_by_yield', 'dataset_with_extra_from_classic_operator', 'dataset_with_extra_by_context' retrieved from /home/airflow/.local/lib/python3.12/site-packages/airflow/example_dags/example_outlet_event_extra.py
[2026-08-12T05:12:51.989+0000] {logging_mixin.py:190} INFO - [2026-08-12T05:12:51.988+0000] {dag.py:3211} INFO - Sync 3 DAGs
[2026-08-12T05:12:52.021+0000] {logging_mixin.py:190} INFO - [2026-08-12T05:12:52.021+0000] {dag.py:4138} INFO - Setting next_dagrun for dataset_with_extra_by_context to 2026-08-11 00:00:00+00:00, run_after=2026-08-12 00:00:00+00:00
[2026-08-12T05:12:52.029+0000] {logging_mixin.py:190} INFO - [2026-08-12T05:12:52.029+0000] {dag.py:4138} INFO - Setting next_dagrun for dataset_with_extra_by_yield to 2026-08-11 00:00:00+00:00, run_after=2026-08-12 00:00:00+00:00
[2026-08-12T05:12:52.033+0000] {logging_mixin.py:190} INFO - [2026-08-12T05:12:52.033+0000] {dag.py:4138} INFO - Setting next_dagrun for dataset_with_extra_from_classic_operator to 2026-08-11 00:00:00+00:00, run_after=2026-08-12 00:00:00+00:00
[2026-08-12T05:12:52.063+0000] {processor.py:208} INFO - Processing /home/airflow/.local/lib/python3.12/site-packages/airflow/example_dags/example_outlet_event_extra.py took 0.315 seconds
[2026-08-12T05:13:22.238+0000] {processor.py:186} INFO - Started process (PID=5052) to work on /home/airflow/.local/lib/python3.12/site-packages/airflow/example_dags/example_outlet_event_extra.py
[2026-08-12T05:13:22.240+0000] {processor.py:914} INFO - Processing file /home/airflow/.local/lib/python3.12/site-packages/airflow/example_dags/example_outlet_event_extra.py for tasks to queue
[2026-08-12T05:13:22.243+0000] {logging_mixin.py:190} INFO - [2026-08-12T05:13:22.242+0000] {dagbag.py:587} INFO - Filling up the DagBag from /home/airflow/.local/lib/python3.12/site-packages/airflow/example_dags/example_outlet_event_extra.py
[2026-08-12T05:13:22.389+0000] {processor.py:925} INFO - DAG(s) 'dataset_with_extra_from_classic_operator', 'dataset_with_extra_by_yield', 'dataset_with_extra_by_context' retrieved from /home/airflow/.local/lib/python3.12/site-packages/airflow/example_dags/example_outlet_event_extra.py
[2026-08-12T05:13:22.423+0000] {logging_mixin.py:190} INFO - [2026-08-12T05:13:22.423+0000] {dag.py:3211} INFO - Sync 3 DAGs
[2026-08-12T05:13:22.453+0000] {logging_mixin.py:190} INFO - [2026-08-12T05:13:22.453+0000] {dag.py:4138} INFO - Setting next_dagrun for dataset_with_extra_by_context to 2026-08-11 00:00:00+00:00, run_after=2026-08-12 00:00:00+00:00
[2026-08-12T05:13:22.459+0000] {logging_mixin.py:190} INFO - [2026-08-12T05:13:22.458+0000] {dag.py:4138} INFO - Setting next_dagrun for dataset_with_extra_by_yield to 2026-08-11 00:00:00+00:00, run_after=2026-08-12 00:00:00+00:00
[2026-08-12T05:13:22.461+0000] {logging_mixin.py:190} INFO - [2026-08-12T05:13:22.461+0000] {dag.py:4138} INFO - Setting next_dagrun for dataset_with_extra_from_classic_operator to 2026-08-11 00:00:00+00:00, run_after=2026-08-12 00:00:00+00:00
[2026-08-12T05:13:22.487+0000] {processor.py:208} INFO - Processing /home/airflow/.local/lib/python3.12/site-packages/airflow/example_dags/example_outlet_event_extra.py took 0.255 seconds
[2026-08-12T05:13:52.801+0000] {processor.py:186} INFO - Started process (PID=5115) to work on /home/airflow/.local/lib/python3.12/site-packages/airflow/example_dags/example_outlet_event_extra.py
[2026-08-12T05:13:52.804+0000] {processor.py:914} INFO - Processing file /home/airflow/.local/lib/python3.12/site-packages/airflow/example_dags/example_outlet_event_extra.py for tasks to queue
[2026-08-12T05:13:52.809+0000] {logging_mixin.py:190} INFO - [2026-08-12T05:13:52.808+0000] {dagbag.py:587} INFO - Filling up the DagBag from /home/airflow/.local/lib/python3.12/site-packages/airflow/example_dags/example_outlet_event_extra.py
[2026-08-12T05:13:53.000+0000] {processor.py:925} INFO - DAG(s) 'dataset_with_extra_from_classic_operator', 'dataset_with_extra_by_context', 'dataset_with_extra_by_yield' retrieved from /home/airflow/.local/lib/python3.12/site-packages/airflow/example_dags/example_outlet_event_extra.py
[2026-08-12T05:13:53.030+0000] {logging_mixin.py:190} INFO - [2026-08-12T05:13:53.030+0000] {dag.py:3211} INFO - Sync 3 DAGs
[2026-08-12T05:13:53.057+0000] {logging_mixin.py:190} INFO - [2026-08-12T05:13:53.057+0000] {dag.py:4138} INFO - Setting next_dagrun for dataset_with_extra_by_context to 2026-08-11 00:00:00+00:00, run_after=2026-08-12 00:00:00+00:00
[2026-08-12T05:13:53.063+0000] {logging_mixin.py:190} INFO - [2026-08-12T05:13:53.063+0000] {dag.py:4138} INFO - Setting next_dagrun for dataset_with_extra_by_yield to 2026-08-11 00:00:00+00:00, run_after=2026-08-12 00:00:00+00:00
[2026-08-12T05:13:53.066+0000] {logging_mixin.py:190} INFO - [2026-08-12T05:13:53.066+0000] {dag.py:4138} INFO - Setting next_dagrun for dataset_with_extra_from_classic_operator to 2026-08-11 00:00:00+00:00, run_after=2026-08-12 00:00:00+00:00
[2026-08-12T05:13:53.091+0000] {processor.py:208} INFO - Processing /home/airflow/.local/lib/python3.12/site-packages/airflow/example_dags/example_outlet_event_extra.py took 0.298 seconds
[2026-08-12T05:14:23.241+0000] {processor.py:186} INFO - Started process (PID=5178) to work on /home/airflow/.local/lib/python3.12/site-packages/airflow/example_dags/example_outlet_event_extra.py
[2026-08-12T05:14:23.242+0000] {processor.py:914} INFO - Processing file /home/airflow/.local/lib/python3.12/site-packages/airflow/example_dags/example_outlet_event_extra.py for tasks to queue
[2026-08-12T05:14:23.245+0000] {logging_mixin.py:190} INFO - [2026-08-12T05:14:23.245+0000] {dagbag.py:587} INFO - Filling up the DagBag from /home/airflow/.local/lib/python3.12/site-packages/airflow/example_dags/example_outlet_event_extra.py
[2026-08-12T05:14:23.374+0000] {processor.py:925} INFO - DAG(s) 'dataset_with_extra_by_context', 'dataset_with_extra_from_classic_operator', 'dataset_with_extra_by_yield' retrieved from /home/airflow/.local/lib/python3.12/site-packages/airflow/example_dags/example_outlet_event_extra.py
[2026-08-12T05:14:23.400+0000] {logging_mixin.py:190} INFO - [2026-08-12T05:14:23.400+0000] {dag.py:3211} INFO - Sync 3 DAGs
[2026-08-12T05:14:23.438+0000] {logging_mixin.py:190} INFO - [2026-08-12T05:14:23.438+0000] {dag.py:4138} INFO - Setting next_dagrun for dataset_with_extra_by_context to 2026-08-11 00:00:00+00:00, run_after=2026-08-12 00:00:00+00:00
[2026-08-12T05:14:23.444+0000] {logging_mixin.py:190} INFO - [2026-08-12T05:14:23.444+0000] {dag.py:4138} INFO - Setting next_dagrun for dataset_with_extra_by_yield to 2026-08-11 00:00:00+00:00, run_after=2026-08-12 00:00:00+00:00
[2026-08-12T05:14:23.447+0000] {logging_mixin.py:190} INFO - [2026-08-12T05:14:23.447+0000] {dag.py:4138} INFO - Setting next_dagrun for dataset_with_extra_from_classic_operator to 2026-08-11 00:00:00+00:00, run_after=2026-08-12 00:00:00+00:00
[2026-08-12T05:14:23.469+0000] {processor.py:208} INFO - Processing /home/airflow/.local/lib/python3.12/site-packages/airflow/example_dags/example_outlet_event_extra.py took 0.234 seconds
[2026-08-12T05:14:53.792+0000] {processor.py:186} INFO - Started process (PID=5241) to work on /home/airflow/.local/lib/python3.12/site-packages/airflow/example_dags/example_outlet_event_extra.py
[2026-08-12T05:14:53.794+0000] {processor.py:914} INFO - Processing file /home/airflow/.local/lib/python3.12/site-packages/airflow/example_dags/example_outlet_event_extra.py for tasks to queue
[2026-08-12T05:14:53.798+0000] {logging_mixin.py:190} INFO - [2026-08-12T05:14:53.797+0000] {dagbag.py:587} INFO - Filling up the DagBag from /home/airflow/.local/lib/python3.12/site-packages/airflow/example_dags/example_outlet_event_extra.py
[2026-08-12T05:14:53.983+0000] {processor.py:925} INFO - DAG(s) 'dataset_with_extra_by_context', 'dataset_with_extra_from_classic_operator', 'dataset_with_extra_by_yield' retrieved from /home/airflow/.local/lib/python3.12/site-packages/airflow/example_dags/example_outlet_event_extra.py
[2026-08-12T05:14:54.014+0000] {logging_mixin.py:190} INFO - [2026-08-12T05:14:54.014+0000] {dag.py:3211} INFO - Sync 3 DAGs
[2026-08-12T05:14:54.046+0000] {logging_mixin.py:190} INFO - [2026-08-12T05:14:54.046+0000] {dag.py:4138} INFO - Setting next_dagrun for dataset_with_extra_by_context to 2026-08-11 00:00:00+00:00, run_after=2026-08-12 00:00:00+00:00
[2026-08-12T05:14:54.052+0000] {logging_mixin.py:190} INFO - [2026-08-12T05:14:54.052+0000] {dag.py:4138} INFO - Setting next_dagrun for dataset_with_extra_by_yield to 2026-08-11 00:00:00+00:00, run_after=2026-08-12 00:00:00+00:00
[2026-08-12T05:14:54.057+0000] {logging_mixin.py:190} INFO - [2026-08-12T05:14:54.056+0000] {dag.py:4138} INFO - Setting next_dagrun for dataset_with_extra_from_classic_operator to 2026-08-11 00:00:00+00:00, run_after=2026-08-12 00:00:00+00:00
[2026-08-12T05:14:54.088+0000] {processor.py:208} INFO - Processing /home/airflow/.local/lib/python3.12/site-packages/airflow/example_dags/example_outlet_event_extra.py took 0.306 seconds
[2026-08-12T05:15:24.494+0000] {processor.py:186} INFO - Started process (PID=5304) to work on /home/airflow/.local/lib/python3.12/site-packages/airflow/example_dags/example_outlet_event_extra.py
[2026-08-12T05:15:24.496+0000] {processor.py:914} INFO - Processing file /home/airflow/.local/lib/python3.12/site-packages/airflow/example_dags/example_outlet_event_extra.py for tasks to queue
[2026-08-12T05:15:24.499+0000] {logging_mixin.py:190} INFO - [2026-08-12T05:15:24.499+0000] {dagbag.py:587} INFO - Filling up the DagBag from /home/airflow/.local/lib/python3.12/site-packages/airflow/example_dags/example_outlet_event_extra.py
[2026-08-12T05:15:24.643+0000] {processor.py:925} INFO - DAG(s) 'dataset_with_extra_by_yield', 'dataset_with_extra_from_classic_operator', 'dataset_with_extra_by_context' retrieved from /home/airflow/.local/lib/python3.12/site-packages/airflow/example_dags/example_outlet_event_extra.py
[2026-08-12T05:15:24.673+0000] {logging_mixin.py:190} INFO - [2026-08-12T05:15:24.672+0000] {dag.py:3211} INFO - Sync 3 DAGs
[2026-08-12T05:15:24.701+0000] {logging_mixin.py:190} INFO - [2026-08-12T05:15:24.701+0000] {dag.py:4138} INFO - Setting next_dagrun for dataset_with_extra_by_context to 2026-08-11 00:00:00+00:00, run_after=2026-08-12 00:00:00+00:00
[2026-08-12T05:15:24.707+0000] {logging_mixin.py:190} INFO - [2026-08-12T05:15:24.707+0000] {dag.py:4138} INFO - Setting next_dagrun for dataset_with_extra_by_yield to 2026-08-11 00:00:00+00:00, run_after=2026-08-12 00:00:00+00:00
[2026-08-12T05:15:24.710+0000] {logging_mixin.py:190} INFO - [2026-08-12T05:15:24.710+0000] {dag.py:4138} INFO - Setting next_dagrun for dataset_with_extra_from_classic_operator to 2026-08-11 00:00:00+00:00, run_after=2026-08-12 00:00:00+00:00
[2026-08-12T05:15:24.733+0000] {processor.py:208} INFO - Processing /home/airflow/.local/lib/python3.12/site-packages/airflow/example_dags/example_outlet_event_extra.py took 0.246 seconds
[2026-08-12T05:15:55.117+0000] {processor.py:186} INFO - Started process (PID=5367) to work on /home/airflow/.local/lib/python3.12/site-packages/airflow/example_dags/example_outlet_event_extra.py
[2026-08-12T05:15:55.118+0000] {processor.py:914} INFO - Processing file /home/airflow/.local/lib/python3.12/site-packages/airflow/example_dags/example_outlet_event_extra.py for tasks to queue
[2026-08-12T05:15:55.122+0000] {logging_mixin.py:190} INFO - [2026-08-12T05:15:55.122+0000] {dagbag.py:587} INFO - Filling up the DagBag from /home/airflow/.local/lib/python3.12/site-packages/airflow/example_dags/example_outlet_event_extra.py
[2026-08-12T05:15:55.301+0000] {processor.py:925} INFO - DAG(s) 'dataset_with_extra_by_yield', 'dataset_with_extra_from_classic_operator', 'dataset_with_extra_by_context' retrieved from /home/airflow/.local/lib/python3.12/site-packages/airflow/example_dags/example_outlet_event_extra.py
[2026-08-12T05:15:55.333+0000] {logging_mixin.py:190} INFO - [2026-08-12T05:15:55.333+0000] {dag.py:3211} INFO - Sync 3 DAGs
[2026-08-12T05:15:55.361+0000] {logging_mixin.py:190} INFO - [2026-08-12T05:15:55.361+0000] {dag.py:4138} INFO - Setting next_dagrun for dataset_with_extra_by_context to 2026-08-11 00:00:00+00:00, run_after=2026-08-12 00:00:00+00:00
[2026-08-12T05:15:55.369+0000] {logging_mixin.py:190} INFO - [2026-08-12T05:15:55.369+0000] {dag.py:4138} INFO - Setting next_dagrun for dataset_with_extra_by_yield to 2026-08-11 00:00:00+00:00, run_after=2026-08-12 00:00:00+00:00
[2026-08-12T05:15:55.373+0000] {logging_mixin.py:190} INFO - [2026-08-12T05:15:55.373+0000] {dag.py:4138} INFO - Setting next_dagrun for dataset_with_extra_from_classic_operator to 2026-08-11 00:00:00+00:00, run_after=2026-08-12 00:00:00+00:00
[2026-08-12T05:15:55.401+0000] {processor.py:208} INFO - Processing /home/airflow/.local/lib/python3.12/site-packages/airflow/example_dags/example_outlet_event_extra.py took 0.291 seconds
[2026-08-12T05:16:25.677+0000] {processor.py:186} INFO - Started process (PID=5430) to work on /home/airflow/.local/lib/python3.12/site-packages/airflow/example_dags/example_outlet_event_extra.py
[2026-08-12T05:16:25.679+0000] {processor.py:914} INFO - Processing file /home/airflow/.local/lib/python3.12/site-packages/airflow/example_dags/example_outlet_event_extra.py for tasks to queue
[2026-08-12T05:16:25.684+0000] {logging_mixin.py:190} INFO - [2026-08-12T05:16:25.683+0000] {dagbag.py:587} INFO - Filling up the DagBag from /home/airflow/.local/lib/python3.12/site-packages/airflow/example_dags/example_outlet_event_extra.py
[2026-08-12T05:16:25.847+0000] {processor.py:925} INFO - DAG(s) 'dataset_with_extra_by_yield', 'dataset_with_extra_from_classic_operator', 'dataset_with_extra_by_context' retrieved from /home/airflow/.local/lib/python3.12/site-packages/airflow/example_dags/example_outlet_event_extra.py
[2026-08-12T05:16:25.881+0000] {logging_mixin.py:190} INFO - [2026-08-12T05:16:25.881+0000] {dag.py:3211} INFO - Sync 3 DAGs
[2026-08-12T05:16:25.905+0000] {logging_mixin.py:190} INFO - [2026-08-12T05:16:25.905+0000] {dag.py:4138} INFO - Setting next_dagrun for dataset_with_extra_by_context to 2026-08-11 00:00:00+00:00, run_after=2026-08-12 00:00:00+00:00
[2026-08-12T05:16:25.911+0000] {logging_mixin.py:190} INFO - [2026-08-12T05:16:25.910+0000] {dag.py:4138} INFO - Setting next_dagrun for dataset_with_extra_by_yield to 2026-08-11 00:00:00+00:00, run_after=2026-08-12 00:00:00+00:00
[2026-08-12T05:16:25.914+0000] {logging_mixin.py:190} INFO - [2026-08-12T05:16:25.914+0000] {dag.py:4138} INFO - Setting next_dagrun for dataset_with_extra_from_classic_operator to 2026-08-11 00:00:00+00:00, run_after=2026-08-12 00:00:00+00:00
[2026-08-12T05:16:25.936+0000] {processor.py:208} INFO - Processing /home/airflow/.local/lib/python3.12/site-packages/airflow/example_dags/example_outlet_event_extra.py took 0.266 seconds
[2026-08-12T05:16:56.195+0000] {processor.py:186} INFO - Started process (PID=5493) to work on /home/airflow/.local/lib/python3.12/site-packages/airflow/example_dags/example_outlet_event_extra.py
[2026-08-12T05:16:56.197+0000] {processor.py:914} INFO - Processing file /home/airflow/.local/lib/python3.12/site-packages/airflow/example_dags/example_outlet_event_extra.py for tasks to queue
[2026-08-12T05:16:56.201+0000] {logging_mixin.py:190} INFO - [2026-08-12T05:16:56.201+0000] {dagbag.py:587} INFO - Filling up the DagBag from /home/airflow/.local/lib/python3.12/site-packages/airflow/example_dags/example_outlet_event_extra.py
[2026-08-12T05:16:56.356+0000] {processor.py:925} INFO - DAG(s) 'dataset_with_extra_by_context', 'dataset_with_extra_from_classic_operator', 'dataset_with_extra_by_yield' retrieved from /home/airflow/.local/lib/python3.12/site-packages/airflow/example_dags/example_outlet_event_extra.py
[2026-08-12T05:16:56.387+0000] {logging_mixin.py:190} INFO - [2026-08-12T05:16:56.387+0000] {dag.py:3211} INFO - Sync 3 DAGs
[2026-08-12T05:16:56.418+0000] {logging_mixin.py:190} INFO - [2026-08-12T05:16:56.418+0000] {dag.py:4138} INFO - Setting next_dagrun for dataset_with_extra_by_context to 2026-08-11 00:00:00+00:00, run_after=2026-08-12 00:00:00+00:00
[2026-08-12T05:16:56.425+0000] {logging_mixin.py:190} INFO - [2026-08-12T05:16:56.425+0000] {dag.py:4138} INFO - Setting next_dagrun for dataset_with_extra_by_yield to 2026-08-11 00:00:00+00:00, run_after=2026-08-12 00:00:00+00:00
[2026-08-12T05:16:56.430+0000] {logging_mixin.py:190} INFO - [2026-08-12T05:16:56.429+0000] {dag.py:4138} INFO - Setting next_dagrun for dataset_with_extra_from_classic_operator to 2026-08-11 00:00:00+00:00, run_after=2026-08-12 00:00:00+00:00
[2026-08-12T05:16:56.458+0000] {processor.py:208} INFO - Processing /home/airflow/.local/lib/python3.12/site-packages/airflow/example_dags/example_outlet_event_extra.py took 0.270 seconds
[2026-08-12T05:17:26.771+0000] {processor.py:186} INFO - Started process (PID=5556) to work on /home/airflow/.local/lib/python3.12/site-packages/airflow/example_dags/example_outlet_event_extra.py
[2026-08-12T05:17:26.772+0000] {processor.py:914} INFO - Processing file /home/airflow/.local/lib/python3.12/site-packages/airflow/example_dags/example_outlet_event_extra.py for tasks to queue
[2026-08-12T05:17:26.775+0000] {logging_mixin.py:190} INFO - [2026-08-12T05:17:26.775+0000] {dagbag.py:587} INFO - Filling up the DagBag from /home/airflow/.local/lib/python3.12/site-packages/airflow/example_dags/example_outlet_event_extra.py
[2026-08-12T05:17:26.929+0000] {processor.py:925} INFO - DAG(s) 'dataset_with_extra_by_yield', 'dataset_with_extra_from_classic_operator', 'dataset_with_extra_by_context' retrieved from /home/airflow/.local/lib/python3.12/site-packages/airflow/example_dags/example_outlet_event_extra.py
[2026-08-12T05:17:26.955+0000] {logging_mixin.py:190} INFO - [2026-08-12T05:17:26.955+0000] {dag.py:3211} INFO - Sync 3 DAGs
[2026-08-12T05:17:26.987+0000] {logging_mixin.py:190} INFO - [2026-08-12T05:17:26.987+0000] {dag.py:4138} INFO - Setting next_dagrun for dataset_with_extra_by_context to 2026-08-11 00:00:00+00:00, run_after=2026-08-12 00:00:00+00:00
[2026-08-12T05:17:26.993+0000] {logging_mixin.py:190} INFO - [2026-08-12T05:17:26.993+0000] {dag.py:4138} INFO - Setting next_dagrun for dataset_with_extra_by_yield to 2026-08-11 00:00:00+00:00, run_after=2026-08-12 00:00:00+00:00
[2026-08-12T05:17:26.996+0000] {logging_mixin.py:190} INFO - [2026-08-12T05:17:26.996+0000] {dag.py:4138} INFO - Setting next_dagrun for dataset_with_extra_from_classic_operator to 2026-08-11 00:00:00+00:00, run_after=2026-08-12 00:00:00+00:00
[2026-08-12T05:17:27.020+0000] {processor.py:208} INFO - Processing /home/airflow/.local/lib/python3.12/site-packages/airflow/example_dags/example_outlet_event_extra.py took 0.255 seconds
[2026-08-12T05:17:57.721+0000] {processor.py:186} INFO - Started process (PID=5619) to work on /home/airflow/.local/lib/python3.12/site-packages/airflow/example_dags/example_outlet_event_extra.py
[2026-08-12T05:17:57.723+0000] {processor.py:914} INFO - Processing file /home/airflow/.local/lib/python3.12/site-packages/airflow/example_dags/example_outlet_event_extra.py for tasks to queue
[2026-08-12T05:17:57.726+0000] {logging_mixin.py:190} INFO - [2026-08-12T05:17:57.725+0000] {dagbag.py:587} INFO - Filling up the DagBag from /home/airflow/.local/lib/python3.12/site-packages/airflow/example_dags/example_outlet_event_extra.py
[2026-08-12T05:17:57.863+0000] {processor.py:925} INFO - DAG(s) 'dataset_with_extra_by_yield', 'dataset_with_extra_by_context', 'dataset_with_extra_from_classic_operator' retrieved from /home/airflow/.local/lib/python3.12/site-packages/airflow/example_dags/example_outlet_event_extra.py
[2026-08-12T05:17:57.891+0000] {logging_mixin.py:190} INFO - [2026-08-12T05:17:57.891+0000] {dag.py:3211} INFO - Sync 3 DAGs
[2026-08-12T05:17:57.917+0000] {logging_mixin.py:190} INFO - [2026-08-12T05:17:57.917+0000] {dag.py:4138} INFO - Setting next_dagrun for dataset_with_extra_by_context to 2026-08-11 00:00:00+00:00, run_after=2026-08-12 00:00:00+00:00
[2026-08-12T05:17:57.923+0000] {logging_mixin.py:190} INFO - [2026-08-12T05:17:57.923+0000] {dag.py:4138} INFO - Setting next_dagrun for dataset_with_extra_by_yield to 2026-08-11 00:00:00+00:00, run_after=2026-08-12 00:00:00+00:00
[2026-08-12T05:17:57.926+0000] {logging_mixin.py:190} INFO - [2026-08-12T05:17:57.926+0000] {dag.py:4138} INFO - Setting next_dagrun for dataset_with_extra_from_classic_operator to 2026-08-11 00:00:00+00:00, run_after=2026-08-12 00:00:00+00:00
[2026-08-12T05:17:57.950+0000] {processor.py:208} INFO - Processing /home/airflow/.local/lib/python3.12/site-packages/airflow/example_dags/example_outlet_event_extra.py took 0.234 seconds
[2026-08-12T05:18:28.600+0000] {processor.py:186} INFO - Started process (PID=5682) to work on /home/airflow/.local/lib/python3.12/site-packages/airflow/example_dags/example_outlet_event_extra.py
[2026-08-12T05:18:28.602+0000] {processor.py:914} INFO - Processing file /home/airflow/.local/lib/python3.12/site-packages/airflow/example_dags/example_outlet_event_extra.py for tasks to queue
[2026-08-12T05:18:28.607+0000] {logging_mixin.py:190} INFO - [2026-08-12T05:18:28.606+0000] {dagbag.py:587} INFO - Filling up the DagBag from /home/airflow/.local/lib/python3.12/site-packages/airflow/example_dags/example_outlet_event_extra.py
[2026-08-12T05:18:28.769+0000] {processor.py:925} INFO - DAG(s) 'dataset_with_extra_by_yield', 'dataset_with_extra_by_context', 'dataset_with_extra_from_classic_operator' retrieved from /home/airflow/.local/lib/python3.12/site-packages/airflow/example_dags/example_outlet_event_extra.py
[2026-08-12T05:18:28.801+0000] {logging_mixin.py:190} INFO - [2026-08-12T05:18:28.801+0000] {dag.py:3211} INFO - Sync 3 DAGs
[2026-08-12T05:18:28.836+0000] {logging_mixin.py:190} INFO - [2026-08-12T05:18:28.836+0000] {dag.py:4138} INFO - Setting next_dagrun for dataset_with_extra_by_context to 2026-08-11 00:00:00+00:00, run_after=2026-08-12 00:00:00+00:00
[2026-08-12T05:18:28.846+0000] {logging_mixin.py:190} INFO - [2026-08-12T05:18:28.846+0000] {dag.py:4138} INFO - Setting next_dagrun for dataset_with_extra_by_yield to 2026-08-11 00:00:00+00:00, run_after=2026-08-12 00:00:00+00:00
[2026-08-12T05:18:28.851+0000] {logging_mixin.py:190} INFO - [2026-08-12T05:18:28.850+0000] {dag.py:4138} INFO - Setting next_dagrun for dataset_with_extra_from_classic_operator to 2026-08-11 00:00:00+00:00, run_after=2026-08-12 00:00:00+00:00
[2026-08-12T05:18:28.887+0000] {processor.py:208} INFO - Processing /home/airflow/.local/lib/python3.12/site-packages/airflow/example_dags/example_outlet_event_extra.py took 0.295 seconds
[2026-08-12T05:19:05.877+0000] {processor.py:186} INFO - Started process (PID=5745) to work on /home/airflow/.local/lib/python3.12/site-packages/airflow/example_dags/example_outlet_event_extra.py
[2026-08-12T05:19:05.928+0000] {processor.py:914} INFO - Processing file /home/airflow/.local/lib/python3.12/site-packages/airflow/example_dags/example_outlet_event_extra.py for tasks to queue
[2026-08-12T05:19:05.988+0000] {logging_mixin.py:190} INFO - [2026-08-12T05:19:05.987+0000] {dagbag.py:587} INFO - Filling up the DagBag from /home/airflow/.local/lib/python3.12/site-packages/airflow/example_dags/example_outlet_event_extra.py
[2026-08-12T05:19:06.972+0000] {processor.py:925} INFO - DAG(s) 'dataset_with_extra_from_classic_operator', 'dataset_with_extra_by_context', 'dataset_with_extra_by_yield' retrieved from /home/airflow/.local/lib/python3.12/site-packages/airflow/example_dags/example_outlet_event_extra.py
[2026-08-12T05:19:07.131+0000] {logging_mixin.py:190} INFO - [2026-08-12T05:19:07.130+0000] {dag.py:3211} INFO - Sync 3 DAGs
[2026-08-12T05:19:07.286+0000] {logging_mixin.py:190} INFO - [2026-08-12T05:19:07.285+0000] {dag.py:4138} INFO - Setting next_dagrun for dataset_with_extra_by_context to 2026-08-11 00:00:00+00:00, run_after=2026-08-12 00:00:00+00:00
[2026-08-12T05:19:07.361+0000] {logging_mixin.py:190} INFO - [2026-08-12T05:19:07.361+0000] {dag.py:4138} INFO - Setting next_dagrun for dataset_with_extra_by_yield to 2026-08-11 00:00:00+00:00, run_after=2026-08-12 00:00:00+00:00
[2026-08-12T05:19:07.380+0000] {logging_mixin.py:190} INFO - [2026-08-12T05:19:07.380+0000] {dag.py:4138} INFO - Setting next_dagrun for dataset_with_extra_from_classic_operator to 2026-08-11 00:00:00+00:00, run_after=2026-08-12 00:00:00+00:00
[2026-08-12T05:19:07.561+0000] {processor.py:208} INFO - Processing /home/airflow/.local/lib/python3.12/site-packages/airflow/example_dags/example_outlet_event_extra.py took 1.711 seconds
[2026-08-12T05:19:37.977+0000] {processor.py:186} INFO - Started process (PID=5816) to work on /home/airflow/.local/lib/python3.12/site-packages/airflow/example_dags/example_outlet_event_extra.py
[2026-08-12T05:19:37.981+0000] {processor.py:914} INFO - Processing file /home/airflow/.local/lib/python3.12/site-packages/airflow/example_dags/example_outlet_event_extra.py for tasks to queue
[2026-08-12T05:19:37.987+0000] {logging_mixin.py:190} INFO - [2026-08-12T05:19:37.986+0000] {dagbag.py:587} INFO - Filling up the DagBag from /home/airflow/.local/lib/python3.12/site-packages/airflow/example_dags/example_outlet_event_extra.py
[2026-08-12T05:19:38.600+0000] {processor.py:925} INFO - DAG(s) 'dataset_with_extra_by_yield', 'dataset_with_extra_by_context', 'dataset_with_extra_from_classic_operator' retrieved from /home/airflow/.local/lib/python3.12/site-packages/airflow/example_dags/example_outlet_event_extra.py
[2026-08-12T05:19:38.691+0000] {logging_mixin.py:190} INFO - [2026-08-12T05:19:38.690+0000] {dag.py:3211} INFO - Sync 3 DAGs
[2026-08-12T05:19:38.796+0000] {logging_mixin.py:190} INFO - [2026-08-12T05:19:38.795+0000] {dag.py:4138} INFO - Setting next_dagrun for dataset_with_extra_by_context to 2026-08-11 00:00:00+00:00, run_after=2026-08-12 00:00:00+00:00
[2026-08-12T05:19:38.825+0000] {logging_mixin.py:190} INFO - [2026-08-12T05:19:38.824+0000] {dag.py:4138} INFO - Setting next_dagrun for dataset_with_extra_by_yield to 2026-08-11 00:00:00+00:00, run_after=2026-08-12 00:00:00+00:00
[2026-08-12T05:19:38.889+0000] {logging_mixin.py:190} INFO - [2026-08-12T05:19:38.889+0000] {dag.py:4138} INFO - Setting next_dagrun for dataset_with_extra_from_classic_operator to 2026-08-11 00:00:00+00:00, run_after=2026-08-12 00:00:00+00:00
[2026-08-12T05:19:39.028+0000] {processor.py:208} INFO - Processing /home/airflow/.local/lib/python3.12/site-packages/airflow/example_dags/example_outlet_event_extra.py took 1.065 seconds
[2026-08-12T05:20:10.008+0000] {processor.py:186} INFO - Started process (PID=5879) to work on /home/airflow/.local/lib/python3.12/site-packages/airflow/example_dags/example_outlet_event_extra.py
[2026-08-12T05:20:10.013+0000] {processor.py:914} INFO - Processing file /home/airflow/.local/lib/python3.12/site-packages/airflow/example_dags/example_outlet_event_extra.py for tasks to queue
[2026-08-12T05:20:10.026+0000] {logging_mixin.py:190} INFO - [2026-08-12T05:20:10.026+0000] {dagbag.py:587} INFO - Filling up the DagBag from /home/airflow/.local/lib/python3.12/site-packages/airflow/example_dags/example_outlet_event_extra.py
[2026-08-12T05:20:10.980+0000] {processor.py:925} INFO - DAG(s) 'dataset_with_extra_by_yield', 'dataset_with_extra_from_classic_operator', 'dataset_with_extra_by_context' retrieved from /home/airflow/.local/lib/python3.12/site-packages/airflow/example_dags/example_outlet_event_extra.py
[2026-08-12T05:20:11.318+0000] {logging_mixin.py:190} INFO - [2026-08-12T05:20:11.317+0000] {dag.py:3211} INFO - Sync 3 DAGs
[2026-08-12T05:20:11.488+0000] {logging_mixin.py:190} INFO - [2026-08-12T05:20:11.488+0000] {dag.py:4138} INFO - Setting next_dagrun for dataset_with_extra_by_context to 2026-08-11 00:00:00+00:00, run_after=2026-08-12 00:00:00+00:00
[2026-08-12T05:20:11.535+0000] {logging_mixin.py:190} INFO - [2026-08-12T05:20:11.535+0000] {dag.py:4138} INFO - Setting next_dagrun for dataset_with_extra_by_yield to 2026-08-11 00:00:00+00:00, run_after=2026-08-12 00:00:00+00:00
[2026-08-12T05:20:11.568+0000] {logging_mixin.py:190} INFO - [2026-08-12T05:20:11.567+0000] {dag.py:4138} INFO - Setting next_dagrun for dataset_with_extra_from_classic_operator to 2026-08-11 00:00:00+00:00, run_after=2026-08-12 00:00:00+00:00
[2026-08-12T05:20:11.660+0000] {processor.py:208} INFO - Processing /home/airflow/.local/lib/python3.12/site-packages/airflow/example_dags/example_outlet_event_extra.py took 1.686 seconds
[2026-08-12T05:20:42.010+0000] {processor.py:186} INFO - Started process (PID=5943) to work on /home/airflow/.local/lib/python3.12/site-packages/airflow/example_dags/example_outlet_event_extra.py
[2026-08-12T05:20:42.013+0000] {processor.py:914} INFO - Processing file /home/airflow/.local/lib/python3.12/site-packages/airflow/example_dags/example_outlet_event_extra.py for tasks to queue
[2026-08-12T05:20:42.055+0000] {logging_mixin.py:190} INFO - [2026-08-12T05:20:42.054+0000] {dagbag.py:587} INFO - Filling up the DagBag from /home/airflow/.local/lib/python3.12/site-packages/airflow/example_dags/example_outlet_event_extra.py
[2026-08-12T05:20:43.038+0000] {processor.py:925} INFO - DAG(s) 'dataset_with_extra_from_classic_operator', 'dataset_with_extra_by_yield', 'dataset_with_extra_by_context' retrieved from /home/airflow/.local/lib/python3.12/site-packages/airflow/example_dags/example_outlet_event_extra.py
[2026-08-12T05:20:43.158+0000] {logging_mixin.py:190} INFO - [2026-08-12T05:20:43.157+0000] {dag.py:3211} INFO - Sync 3 DAGs
[2026-08-12T05:20:43.321+0000] {logging_mixin.py:190} INFO - [2026-08-12T05:20:43.321+0000] {dag.py:4138} INFO - Setting next_dagrun for dataset_with_extra_by_context to 2026-08-11 00:00:00+00:00, run_after=2026-08-12 00:00:00+00:00
[2026-08-12T05:20:43.419+0000] {logging_mixin.py:190} INFO - [2026-08-12T05:20:43.419+0000] {dag.py:4138} INFO - Setting next_dagrun for dataset_with_extra_by_yield to 2026-08-11 00:00:00+00:00, run_after=2026-08-12 00:00:00+00:00
[2026-08-12T05:20:43.466+0000] {logging_mixin.py:190} INFO - [2026-08-12T05:20:43.465+0000] {dag.py:4138} INFO - Setting next_dagrun for dataset_with_extra_from_classic_operator to 2026-08-11 00:00:00+00:00, run_after=2026-08-12 00:00:00+00:00
[2026-08-12T05:20:43.578+0000] {processor.py:208} INFO - Processing /home/airflow/.local/lib/python3.12/site-packages/airflow/example_dags/example_outlet_event_extra.py took 1.585 seconds
[2026-08-12T05:21:14.162+0000] {processor.py:186} INFO - Started process (PID=6008) to work on /home/airflow/.local/lib/python3.12/site-packages/airflow/example_dags/example_outlet_event_extra.py
[2026-08-12T05:21:14.163+0000] {processor.py:914} INFO - Processing file /home/airflow/.local/lib/python3.12/site-packages/airflow/example_dags/example_outlet_event_extra.py for tasks to queue
[2026-08-12T05:21:14.166+0000] {logging_mixin.py:190} INFO - [2026-08-12T05:21:14.166+0000] {dagbag.py:587} INFO - Filling up the DagBag from /home/airflow/.local/lib/python3.12/site-packages/airflow/example_dags/example_outlet_event_extra.py
[2026-08-12T05:21:14.306+0000] {processor.py:925} INFO - DAG(s) 'dataset_with_extra_by_context', 'dataset_with_extra_by_yield', 'dataset_with_extra_from_classic_operator' retrieved from /home/airflow/.local/lib/python3.12/site-packages/airflow/example_dags/example_outlet_event_extra.py
[2026-08-12T05:21:14.334+0000] {logging_mixin.py:190} INFO - [2026-08-12T05:21:14.334+0000] {dag.py:3211} INFO - Sync 3 DAGs
[2026-08-12T05:21:14.368+0000] {logging_mixin.py:190} INFO - [2026-08-12T05:21:14.368+0000] {dag.py:4138} INFO - Setting next_dagrun for dataset_with_extra_by_context to 2026-08-11 00:00:00+00:00, run_after=2026-08-12 00:00:00+00:00
[2026-08-12T05:21:14.375+0000] {logging_mixin.py:190} INFO - [2026-08-12T05:21:14.375+0000] {dag.py:4138} INFO - Setting next_dagrun for dataset_with_extra_by_yield to 2026-08-11 00:00:00+00:00, run_after=2026-08-12 00:00:00+00:00
[2026-08-12T05:21:14.380+0000] {logging_mixin.py:190} INFO - [2026-08-12T05:21:14.379+0000] {dag.py:4138} INFO - Setting next_dagrun for dataset_with_extra_from_classic_operator to 2026-08-11 00:00:00+00:00, run_after=2026-08-12 00:00:00+00:00
[2026-08-12T05:21:14.410+0000] {processor.py:208} INFO - Processing /home/airflow/.local/lib/python3.12/site-packages/airflow/example_dags/example_outlet_event_extra.py took 0.254 seconds
[2026-08-12T05:21:44.924+0000] {processor.py:186} INFO - Started process (PID=6074) to work on /home/airflow/.local/lib/python3.12/site-packages/airflow/example_dags/example_outlet_event_extra.py
[2026-08-12T05:21:44.927+0000] {processor.py:914} INFO - Processing file /home/airflow/.local/lib/python3.12/site-packages/airflow/example_dags/example_outlet_event_extra.py for tasks to queue
[2026-08-12T05:21:44.932+0000] {logging_mixin.py:190} INFO - [2026-08-12T05:21:44.932+0000] {dagbag.py:587} INFO - Filling up the DagBag from /home/airflow/.local/lib/python3.12/site-packages/airflow/example_dags/example_outlet_event_extra.py
[2026-08-12T05:21:45.097+0000] {processor.py:925} INFO - DAG(s) 'dataset_with_extra_by_yield', 'dataset_with_extra_from_classic_operator', 'dataset_with_extra_by_context' retrieved from /home/airflow/.local/lib/python3.12/site-packages/airflow/example_dags/example_outlet_event_extra.py
[2026-08-12T05:21:45.124+0000] {logging_mixin.py:190} INFO - [2026-08-12T05:21:45.123+0000] {dag.py:3211} INFO - Sync 3 DAGs
[2026-08-12T05:21:45.153+0000] {logging_mixin.py:190} INFO - [2026-08-12T05:21:45.152+0000] {dag.py:4138} INFO - Setting next_dagrun for dataset_with_extra_by_context to 2026-08-11 00:00:00+00:00, run_after=2026-08-12 00:00:00+00:00
[2026-08-12T05:21:45.158+0000] {logging_mixin.py:190} INFO - [2026-08-12T05:21:45.158+0000] {dag.py:4138} INFO - Setting next_dagrun for dataset_with_extra_by_yield to 2026-08-11 00:00:00+00:00, run_after=2026-08-12 00:00:00+00:00
[2026-08-12T05:21:45.162+0000] {logging_mixin.py:190} INFO - [2026-08-12T05:21:45.161+0000] {dag.py:4138} INFO - Setting next_dagrun for dataset_with_extra_from_classic_operator to 2026-08-11 00:00:00+00:00, run_after=2026-08-12 00:00:00+00:00
[2026-08-12T05:21:45.185+0000] {processor.py:208} INFO - Processing /home/airflow/.local/lib/python3.12/site-packages/airflow/example_dags/example_outlet_event_extra.py took 0.271 seconds
[2026-08-12T05:22:15.240+0000] {processor.py:186} INFO - Started process (PID=6137) to work on /home/airflow/.local/lib/python3.12/site-packages/airflow/example_dags/example_outlet_event_extra.py
[2026-08-12T05:22:15.242+0000] {processor.py:914} INFO - Processing file /home/airflow/.local/lib/python3.12/site-packages/airflow/example_dags/example_outlet_event_extra.py for tasks to queue
[2026-08-12T05:22:15.245+0000] {logging_mixin.py:190} INFO - [2026-08-12T05:22:15.245+0000] {dagbag.py:587} INFO - Filling up the DagBag from /home/airflow/.local/lib/python3.12/site-packages/airflow/example_dags/example_outlet_event_extra.py
[2026-08-12T05:22:15.447+0000] {processor.py:925} INFO - DAG(s) 'dataset_with_extra_by_yield', 'dataset_with_extra_by_context', 'dataset_with_extra_from_classic_operator' retrieved from /home/airflow/.local/lib/python3.12/site-packages/airflow/example_dags/example_outlet_event_extra.py
[2026-08-12T05:22:15.528+0000] {logging_mixin.py:190} INFO - [2026-08-12T05:22:15.528+0000] {dag.py:3211} INFO - Sync 3 DAGs
[2026-08-12T05:22:15.575+0000] {logging_mixin.py:190} INFO - [2026-08-12T05:22:15.575+0000] {dag.py:4138} INFO - Setting next_dagrun for dataset_with_extra_by_context to 2026-08-11 00:00:00+00:00, run_after=2026-08-12 00:00:00+00:00
[2026-08-12T05:22:15.583+0000] {logging_mixin.py:190} INFO - [2026-08-12T05:22:15.583+0000] {dag.py:4138} INFO - Setting next_dagrun for dataset_with_extra_by_yield to 2026-08-11 00:00:00+00:00, run_after=2026-08-12 00:00:00+00:00
[2026-08-12T05:22:15.587+0000] {logging_mixin.py:190} INFO - [2026-08-12T05:22:15.586+0000] {dag.py:4138} INFO - Setting next_dagrun for dataset_with_extra_from_classic_operator to 2026-08-11 00:00:00+00:00, run_after=2026-08-12 00:00:00+00:00
[2026-08-12T05:22:15.614+0000] {processor.py:208} INFO - Processing /home/airflow/.local/lib/python3.12/site-packages/airflow/example_dags/example_outlet_event_extra.py took 0.382 seconds
[2026-08-12T05:22:46.497+0000] {processor.py:186} INFO - Started process (PID=6200) to work on /home/airflow/.local/lib/python3.12/site-packages/airflow/example_dags/example_outlet_event_extra.py
[2026-08-12T05:22:46.499+0000] {processor.py:914} INFO - Processing file /home/airflow/.local/lib/python3.12/site-packages/airflow/example_dags/example_outlet_event_extra.py for tasks to queue
[2026-08-12T05:22:46.503+0000] {logging_mixin.py:190} INFO - [2026-08-12T05:22:46.503+0000] {dagbag.py:587} INFO - Filling up the DagBag from /home/airflow/.local/lib/python3.12/site-packages/airflow/example_dags/example_outlet_event_extra.py
[2026-08-12T05:22:46.693+0000] {processor.py:925} INFO - DAG(s) 'dataset_with_extra_by_context', 'dataset_with_extra_from_classic_operator', 'dataset_with_extra_by_yield' retrieved from /home/airflow/.local/lib/python3.12/site-packages/airflow/example_dags/example_outlet_event_extra.py
[2026-08-12T05:22:46.717+0000] {logging_mixin.py:190} INFO - [2026-08-12T05:22:46.717+0000] {dag.py:3211} INFO - Sync 3 DAGs
[2026-08-12T05:22:46.740+0000] {logging_mixin.py:190} INFO - [2026-08-12T05:22:46.740+0000] {dag.py:4138} INFO - Setting next_dagrun for dataset_with_extra_by_context to 2026-08-11 00:00:00+00:00, run_after=2026-08-12 00:00:00+00:00
[2026-08-12T05:22:46.745+0000] {logging_mixin.py:190} INFO - [2026-08-12T05:22:46.745+0000] {dag.py:4138} INFO - Setting next_dagrun for dataset_with_extra_by_yield to 2026-08-11 00:00:00+00:00, run_after=2026-08-12 00:00:00+00:00
[2026-08-12T05:22:46.748+0000] {logging_mixin.py:190} INFO - [2026-08-12T05:22:46.748+0000] {dag.py:4138} INFO - Setting next_dagrun for dataset_with_extra_from_classic_operator to 2026-08-11 00:00:00+00:00, run_after=2026-08-12 00:00:00+00:00
[2026-08-12T05:22:46.770+0000] {processor.py:208} INFO - Processing /home/airflow/.local/lib/python3.12/site-packages/airflow/example_dags/example_outlet_event_extra.py took 0.279 seconds
[2026-08-12T05:23:17.044+0000] {processor.py:186} INFO - Started process (PID=6265) to work on /home/airflow/.local/lib/python3.12/site-packages/airflow/example_dags/example_outlet_event_extra.py
[2026-08-12T05:23:17.046+0000] {processor.py:914} INFO - Processing file /home/airflow/.local/lib/python3.12/site-packages/airflow/example_dags/example_outlet_event_extra.py for tasks to queue
[2026-08-12T05:23:17.050+0000] {logging_mixin.py:190} INFO - [2026-08-12T05:23:17.050+0000] {dagbag.py:587} INFO - Filling up the DagBag from /home/airflow/.local/lib/python3.12/site-packages/airflow/example_dags/example_outlet_event_extra.py
[2026-08-12T05:23:17.208+0000] {processor.py:925} INFO - DAG(s) 'dataset_with_extra_from_classic_operator', 'dataset_with_extra_by_yield', 'dataset_with_extra_by_context' retrieved from /home/airflow/.local/lib/python3.12/site-packages/airflow/example_dags/example_outlet_event_extra.py
[2026-08-12T05:23:17.236+0000] {logging_mixin.py:190} INFO - [2026-08-12T05:23:17.236+0000] {dag.py:3211} INFO - Sync 3 DAGs
[2026-08-12T05:23:17.265+0000] {logging_mixin.py:190} INFO - [2026-08-12T05:23:17.265+0000] {dag.py:4138} INFO - Setting next_dagrun for dataset_with_extra_by_context to 2026-08-11 00:00:00+00:00, run_after=2026-08-12 00:00:00+00:00
[2026-08-12T05:23:17.270+0000] {logging_mixin.py:190} INFO - [2026-08-12T05:23:17.270+0000] {dag.py:4138} INFO - Setting next_dagrun for dataset_with_extra_by_yield to 2026-08-11 00:00:00+00:00, run_after=2026-08-12 00:00:00+00:00
[2026-08-12T05:23:17.274+0000] {logging_mixin.py:190} INFO - [2026-08-12T05:23:17.273+0000] {dag.py:4138} INFO - Setting next_dagrun for dataset_with_extra_from_classic_operator to 2026-08-11 00:00:00+00:00, run_after=2026-08-12 00:00:00+00:00
[2026-08-12T05:23:17.296+0000] {processor.py:208} INFO - Processing /home/airflow/.local/lib/python3.12/site-packages/airflow/example_dags/example_outlet_event_extra.py took 0.260 seconds
[2026-08-12T05:23:47.421+0000] {processor.py:186} INFO - Started process (PID=6330) to work on /home/airflow/.local/lib/python3.12/site-packages/airflow/example_dags/example_outlet_event_extra.py
[2026-08-12T05:23:47.423+0000] {processor.py:914} INFO - Processing file /home/airflow/.local/lib/python3.12/site-packages/airflow/example_dags/example_outlet_event_extra.py for tasks to queue
[2026-08-12T05:23:47.427+0000] {logging_mixin.py:190} INFO - [2026-08-12T05:23:47.427+0000] {dagbag.py:587} INFO - Filling up the DagBag from /home/airflow/.local/lib/python3.12/site-packages/airflow/example_dags/example_outlet_event_extra.py
[2026-08-12T05:23:47.620+0000] {processor.py:925} INFO - DAG(s) 'dataset_with_extra_by_context', 'dataset_with_extra_from_classic_operator', 'dataset_with_extra_by_yield' retrieved from /home/airflow/.local/lib/python3.12/site-packages/airflow/example_dags/example_outlet_event_extra.py
[2026-08-12T05:23:47.655+0000] {logging_mixin.py:190} INFO - [2026-08-12T05:23:47.655+0000] {dag.py:3211} INFO - Sync 3 DAGs
[2026-08-12T05:23:47.686+0000] {logging_mixin.py:190} INFO - [2026-08-12T05:23:47.686+0000] {dag.py:4138} INFO - Setting next_dagrun for dataset_with_extra_by_context to 2026-08-11 00:00:00+00:00, run_after=2026-08-12 00:00:00+00:00
[2026-08-12T05:23:47.694+0000] {logging_mixin.py:190} INFO - [2026-08-12T05:23:47.694+0000] {dag.py:4138} INFO - Setting next_dagrun for dataset_with_extra_by_yield to 2026-08-11 00:00:00+00:00, run_after=2026-08-12 00:00:00+00:00
[2026-08-12T05:23:47.698+0000] {logging_mixin.py:190} INFO - [2026-08-12T05:23:47.697+0000] {dag.py:4138} INFO - Setting next_dagrun for dataset_with_extra_from_classic_operator to 2026-08-11 00:00:00+00:00, run_after=2026-08-12 00:00:00+00:00
[2026-08-12T05:23:47.729+0000] {processor.py:208} INFO - Processing /home/airflow/.local/lib/python3.12/site-packages/airflow/example_dags/example_outlet_event_extra.py took 0.317 seconds
[2026-08-12T05:24:18.318+0000] {processor.py:186} INFO - Started process (PID=6392) to work on /home/airflow/.local/lib/python3.12/site-packages/airflow/example_dags/example_outlet_event_extra.py
[2026-08-12T05:24:18.320+0000] {processor.py:914} INFO - Processing file /home/airflow/.local/lib/python3.12/site-packages/airflow/example_dags/example_outlet_event_extra.py for tasks to queue
[2026-08-12T05:24:18.323+0000] {logging_mixin.py:190} INFO - [2026-08-12T05:24:18.323+0000] {dagbag.py:587} INFO - Filling up the DagBag from /home/airflow/.local/lib/python3.12/site-packages/airflow/example_dags/example_outlet_event_extra.py
[2026-08-12T05:24:18.446+0000] {processor.py:925} INFO - DAG(s) 'dataset_with_extra_by_context', 'dataset_with_extra_by_yield', 'dataset_with_extra_from_classic_operator' retrieved from /home/airflow/.local/lib/python3.12/site-packages/airflow/example_dags/example_outlet_event_extra.py
[2026-08-12T05:24:18.473+0000] {logging_mixin.py:190} INFO - [2026-08-12T05:24:18.473+0000] {dag.py:3211} INFO - Sync 3 DAGs
[2026-08-12T05:24:18.500+0000] {logging_mixin.py:190} INFO - [2026-08-12T05:24:18.500+0000] {dag.py:4138} INFO - Setting next_dagrun for dataset_with_extra_by_context to 2026-08-11 00:00:00+00:00, run_after=2026-08-12 00:00:00+00:00
[2026-08-12T05:24:18.505+0000] {logging_mixin.py:190} INFO - [2026-08-12T05:24:18.505+0000] {dag.py:4138} INFO - Setting next_dagrun for dataset_with_extra_by_yield to 2026-08-11 00:00:00+00:00, run_after=2026-08-12 00:00:00+00:00
[2026-08-12T05:24:18.508+0000] {logging_mixin.py:190} INFO - [2026-08-12T05:24:18.508+0000] {dag.py:4138} INFO - Setting next_dagrun for dataset_with_extra_from_classic_operator to 2026-08-11 00:00:00+00:00, run_after=2026-08-12 00:00:00+00:00
[2026-08-12T05:24:18.531+0000] {processor.py:208} INFO - Processing /home/airflow/.local/lib/python3.12/site-packages/airflow/example_dags/example_outlet_event_extra.py took 0.225 seconds
[2026-08-12T05:24:49.336+0000] {processor.py:186} INFO - Started process (PID=6455) to work on /home/airflow/.local/lib/python3.12/site-packages/airflow/example_dags/example_outlet_event_extra.py
[2026-08-12T05:24:49.338+0000] {processor.py:914} INFO - Processing file /home/airflow/.local/lib/python3.12/site-packages/airflow/example_dags/example_outlet_event_extra.py for tasks to queue
[2026-08-12T05:24:49.342+0000] {logging_mixin.py:190} INFO - [2026-08-12T05:24:49.341+0000] {dagbag.py:587} INFO - Filling up the DagBag from /home/airflow/.local/lib/python3.12/site-packages/airflow/example_dags/example_outlet_event_extra.py
[2026-08-12T05:24:49.481+0000] {processor.py:925} INFO - DAG(s) 'dataset_with_extra_by_context', 'dataset_with_extra_by_yield', 'dataset_with_extra_from_classic_operator' retrieved from /home/airflow/.local/lib/python3.12/site-packages/airflow/example_dags/example_outlet_event_extra.py
[2026-08-12T05:24:49.509+0000] {logging_mixin.py:190} INFO - [2026-08-12T05:24:49.508+0000] {dag.py:3211} INFO - Sync 3 DAGs
[2026-08-12T05:24:49.549+0000] {logging_mixin.py:190} INFO - [2026-08-12T05:24:49.549+0000] {dag.py:4138} INFO - Setting next_dagrun for dataset_with_extra_by_context to 2026-08-11 00:00:00+00:00, run_after=2026-08-12 00:00:00+00:00
[2026-08-12T05:24:49.556+0000] {logging_mixin.py:190} INFO - [2026-08-12T05:24:49.556+0000] {dag.py:4138} INFO - Setting next_dagrun for dataset_with_extra_by_yield to 2026-08-11 00:00:00+00:00, run_after=2026-08-12 00:00:00+00:00
[2026-08-12T05:24:49.559+0000] {logging_mixin.py:190} INFO - [2026-08-12T05:24:49.559+0000] {dag.py:4138} INFO - Setting next_dagrun for dataset_with_extra_from_classic_operator to 2026-08-11 00:00:00+00:00, run_after=2026-08-12 00:00:00+00:00
[2026-08-12T05:24:49.582+0000] {processor.py:208} INFO - Processing /home/airflow/.local/lib/python3.12/site-packages/airflow/example_dags/example_outlet_event_extra.py took 0.253 seconds
[2026-08-12T05:25:19.654+0000] {processor.py:186} INFO - Started process (PID=6520) to work on /home/airflow/.local/lib/python3.12/site-packages/airflow/example_dags/example_outlet_event_extra.py
[2026-08-12T05:25:19.655+0000] {processor.py:914} INFO - Processing file /home/airflow/.local/lib/python3.12/site-packages/airflow/example_dags/example_outlet_event_extra.py for tasks to queue
[2026-08-12T05:25:19.658+0000] {logging_mixin.py:190} INFO - [2026-08-12T05:25:19.658+0000] {dagbag.py:587} INFO - Filling up the DagBag from /home/airflow/.local/lib/python3.12/site-packages/airflow/example_dags/example_outlet_event_extra.py
[2026-08-12T05:25:19.809+0000] {processor.py:925} INFO - DAG(s) 'dataset_with_extra_by_yield', 'dataset_with_extra_from_classic_operator', 'dataset_with_extra_by_context' retrieved from /home/airflow/.local/lib/python3.12/site-packages/airflow/example_dags/example_outlet_event_extra.py
[2026-08-12T05:25:19.838+0000] {logging_mixin.py:190} INFO - [2026-08-12T05:25:19.837+0000] {dag.py:3211} INFO - Sync 3 DAGs
[2026-08-12T05:25:19.862+0000] {logging_mixin.py:190} INFO - [2026-08-12T05:25:19.862+0000] {dag.py:4138} INFO - Setting next_dagrun for dataset_with_extra_by_context to 2026-08-11 00:00:00+00:00, run_after=2026-08-12 00:00:00+00:00
[2026-08-12T05:25:19.868+0000] {logging_mixin.py:190} INFO - [2026-08-12T05:25:19.867+0000] {dag.py:4138} INFO - Setting next_dagrun for dataset_with_extra_by_yield to 2026-08-11 00:00:00+00:00, run_after=2026-08-12 00:00:00+00:00
[2026-08-12T05:25:19.871+0000] {logging_mixin.py:190} INFO - [2026-08-12T05:25:19.871+0000] {dag.py:4138} INFO - Setting next_dagrun for dataset_with_extra_from_classic_operator to 2026-08-11 00:00:00+00:00, run_after=2026-08-12 00:00:00+00:00
[2026-08-12T05:25:19.896+0000] {processor.py:208} INFO - Processing /home/airflow/.local/lib/python3.12/site-packages/airflow/example_dags/example_outlet_event_extra.py took 0.249 seconds
