[2026-08-12T04:30:49.036+0000] {processor.py:186} INFO - Started process (PID=86) to work on /home/airflow/.local/lib/python3.12/site-packages/airflow/example_dags/example_external_task_marker_dag.py
[2026-08-12T04:30:49.038+0000] {processor.py:914} INFO - Processing file /home/airflow/.local/lib/python3.12/site-packages/airflow/example_dags/example_external_task_marker_dag.py for tasks to queue
[2026-08-12T04:30:49.044+0000] {logging_mixin.py:190} INFO - [2026-08-12T04:30:49.043+0000] {dagbag.py:587} INFO - Filling up the DagBag from /home/airflow/.local/lib/python3.12/site-packages/airflow/example_dags/example_external_task_marker_dag.py
[2026-08-12T04:30:49.061+0000] {processor.py:925} INFO - DAG(s) 'example_external_task_marker_parent', 'example_external_task_marker_child' retrieved from /home/airflow/.local/lib/python3.12/site-packages/airflow/example_dags/example_external_task_marker_dag.py
[2026-08-12T04:30:49.191+0000] {logging_mixin.py:190} INFO - [2026-08-12T04:30:49.190+0000] {override.py:1858} INFO - Created Permission View: can edit on DAG:example_external_task_marker_parent
[2026-08-12T04:30:49.210+0000] {logging_mixin.py:190} INFO - [2026-08-12T04:30:49.209+0000] {override.py:1858} INFO - Created Permission View: can delete on DAG:example_external_task_marker_parent
[2026-08-12T04:30:49.222+0000] {logging_mixin.py:190} INFO - [2026-08-12T04:30:49.221+0000] {override.py:1858} INFO - Created Permission View: can read on DAG:example_external_task_marker_parent
[2026-08-12T04:30:49.242+0000] {logging_mixin.py:190} INFO - [2026-08-12T04:30:49.242+0000] {override.py:1858} INFO - Created Permission View: can edit on DAG:example_external_task_marker_child
[2026-08-12T04:30:49.268+0000] {logging_mixin.py:190} INFO - [2026-08-12T04:30:49.268+0000] {override.py:1858} INFO - Created Permission View: can delete on DAG:example_external_task_marker_child
[2026-08-12T04:30:49.282+0000] {logging_mixin.py:190} INFO - [2026-08-12T04:30:49.281+0000] {override.py:1858} INFO - Created Permission View: can read on DAG:example_external_task_marker_child
[2026-08-12T04:30:49.284+0000] {logging_mixin.py:190} INFO - [2026-08-12T04:30:49.284+0000] {dag.py:3211} INFO - Sync 2 DAGs
[2026-08-12T04:30:49.300+0000] {logging_mixin.py:190} INFO - [2026-08-12T04:30:49.300+0000] {dag.py:3234} INFO - Creating ORM DAG for example_external_task_marker_parent
[2026-08-12T04:30:49.302+0000] {logging_mixin.py:190} INFO - [2026-08-12T04:30:49.302+0000] {dag.py:3234} INFO - Creating ORM DAG for example_external_task_marker_child
[2026-08-12T04:30:49.304+0000] {logging_mixin.py:190} INFO - [2026-08-12T04:30:49.304+0000] {dag.py:4138} INFO - Setting next_dagrun for example_external_task_marker_child to None, run_after=None
[2026-08-12T04:30:49.306+0000] {logging_mixin.py:190} INFO - [2026-08-12T04:30:49.306+0000] {dag.py:4138} INFO - Setting next_dagrun for example_external_task_marker_parent to None, run_after=None
[2026-08-12T04:30:49.332+0000] {processor.py:208} INFO - Processing /home/airflow/.local/lib/python3.12/site-packages/airflow/example_dags/example_external_task_marker_dag.py took 0.305 seconds
[2026-08-12T04:31:20.001+0000] {processor.py:186} INFO - Started process (PID=148) to work on /home/airflow/.local/lib/python3.12/site-packages/airflow/example_dags/example_external_task_marker_dag.py
[2026-08-12T04:31:20.002+0000] {processor.py:914} INFO - Processing file /home/airflow/.local/lib/python3.12/site-packages/airflow/example_dags/example_external_task_marker_dag.py for tasks to queue
[2026-08-12T04:31:20.005+0000] {logging_mixin.py:190} INFO - [2026-08-12T04:31:20.005+0000] {dagbag.py:587} INFO - Filling up the DagBag from /home/airflow/.local/lib/python3.12/site-packages/airflow/example_dags/example_external_task_marker_dag.py
[2026-08-12T04:31:20.012+0000] {processor.py:925} INFO - DAG(s) 'example_external_task_marker_parent', 'example_external_task_marker_child' retrieved from /home/airflow/.local/lib/python3.12/site-packages/airflow/example_dags/example_external_task_marker_dag.py
[2026-08-12T04:31:20.036+0000] {logging_mixin.py:190} INFO - [2026-08-12T04:31:20.036+0000] {dag.py:3211} INFO - Sync 2 DAGs
[2026-08-12T04:31:20.050+0000] {logging_mixin.py:190} INFO - [2026-08-12T04:31:20.049+0000] {dag.py:4138} INFO - Setting next_dagrun for example_external_task_marker_child to None, run_after=None
[2026-08-12T04:31:20.054+0000] {logging_mixin.py:190} INFO - [2026-08-12T04:31:20.054+0000] {dag.py:4138} INFO - Setting next_dagrun for example_external_task_marker_parent to None, run_after=None
[2026-08-12T04:31:20.069+0000] {processor.py:208} INFO - Processing /home/airflow/.local/lib/python3.12/site-packages/airflow/example_dags/example_external_task_marker_dag.py took 0.073 seconds
[2026-08-12T04:31:50.176+0000] {processor.py:186} INFO - Started process (PID=210) to work on /home/airflow/.local/lib/python3.12/site-packages/airflow/example_dags/example_external_task_marker_dag.py
[2026-08-12T04:31:50.177+0000] {processor.py:914} INFO - Processing file /home/airflow/.local/lib/python3.12/site-packages/airflow/example_dags/example_external_task_marker_dag.py for tasks to queue
[2026-08-12T04:31:50.180+0000] {logging_mixin.py:190} INFO - [2026-08-12T04:31:50.179+0000] {dagbag.py:587} INFO - Filling up the DagBag from /home/airflow/.local/lib/python3.12/site-packages/airflow/example_dags/example_external_task_marker_dag.py
[2026-08-12T04:31:50.187+0000] {processor.py:925} INFO - DAG(s) 'example_external_task_marker_child', 'example_external_task_marker_parent' retrieved from /home/airflow/.local/lib/python3.12/site-packages/airflow/example_dags/example_external_task_marker_dag.py
[2026-08-12T04:31:50.208+0000] {logging_mixin.py:190} INFO - [2026-08-12T04:31:50.208+0000] {dag.py:3211} INFO - Sync 2 DAGs
[2026-08-12T04:31:50.220+0000] {logging_mixin.py:190} INFO - [2026-08-12T04:31:50.220+0000] {dag.py:4138} INFO - Setting next_dagrun for example_external_task_marker_child to None, run_after=None
[2026-08-12T04:31:50.224+0000] {logging_mixin.py:190} INFO - [2026-08-12T04:31:50.224+0000] {dag.py:4138} INFO - Setting next_dagrun for example_external_task_marker_parent to None, run_after=None
[2026-08-12T04:31:50.240+0000] {processor.py:208} INFO - Processing /home/airflow/.local/lib/python3.12/site-packages/airflow/example_dags/example_external_task_marker_dag.py took 0.070 seconds
[2026-08-12T04:33:03.143+0000] {processor.py:186} INFO - Started process (PID=83) to work on /home/airflow/.local/lib/python3.12/site-packages/airflow/example_dags/example_external_task_marker_dag.py
[2026-08-12T04:33:03.146+0000] {processor.py:914} INFO - Processing file /home/airflow/.local/lib/python3.12/site-packages/airflow/example_dags/example_external_task_marker_dag.py for tasks to queue
[2026-08-12T04:33:03.151+0000] {logging_mixin.py:190} INFO - [2026-08-12T04:33:03.150+0000] {dagbag.py:587} INFO - Filling up the DagBag from /home/airflow/.local/lib/python3.12/site-packages/airflow/example_dags/example_external_task_marker_dag.py
[2026-08-12T04:33:03.172+0000] {processor.py:925} INFO - DAG(s) 'example_external_task_marker_child', 'example_external_task_marker_parent' retrieved from /home/airflow/.local/lib/python3.12/site-packages/airflow/example_dags/example_external_task_marker_dag.py
[2026-08-12T04:33:03.234+0000] {logging_mixin.py:190} INFO - [2026-08-12T04:33:03.233+0000] {dag.py:3211} INFO - Sync 2 DAGs
[2026-08-12T04:33:03.271+0000] {logging_mixin.py:190} INFO - [2026-08-12T04:33:03.271+0000] {dag.py:4138} INFO - Setting next_dagrun for example_external_task_marker_child to None, run_after=None
[2026-08-12T04:33:03.279+0000] {logging_mixin.py:190} INFO - [2026-08-12T04:33:03.279+0000] {dag.py:4138} INFO - Setting next_dagrun for example_external_task_marker_parent to None, run_after=None
[2026-08-12T04:33:03.311+0000] {processor.py:208} INFO - Processing /home/airflow/.local/lib/python3.12/site-packages/airflow/example_dags/example_external_task_marker_dag.py took 0.181 seconds
[2026-08-12T04:33:33.509+0000] {processor.py:186} INFO - Started process (PID=145) to work on /home/airflow/.local/lib/python3.12/site-packages/airflow/example_dags/example_external_task_marker_dag.py
[2026-08-12T04:33:33.511+0000] {processor.py:914} INFO - Processing file /home/airflow/.local/lib/python3.12/site-packages/airflow/example_dags/example_external_task_marker_dag.py for tasks to queue
[2026-08-12T04:33:33.515+0000] {logging_mixin.py:190} INFO - [2026-08-12T04:33:33.514+0000] {dagbag.py:587} INFO - Filling up the DagBag from /home/airflow/.local/lib/python3.12/site-packages/airflow/example_dags/example_external_task_marker_dag.py
[2026-08-12T04:33:33.530+0000] {processor.py:925} INFO - DAG(s) 'example_external_task_marker_child', 'example_external_task_marker_parent' retrieved from /home/airflow/.local/lib/python3.12/site-packages/airflow/example_dags/example_external_task_marker_dag.py
[2026-08-12T04:33:33.560+0000] {logging_mixin.py:190} INFO - [2026-08-12T04:33:33.560+0000] {dag.py:3211} INFO - Sync 2 DAGs
[2026-08-12T04:33:33.576+0000] {logging_mixin.py:190} INFO - [2026-08-12T04:33:33.576+0000] {dag.py:4138} INFO - Setting next_dagrun for example_external_task_marker_child to None, run_after=None
[2026-08-12T04:33:33.581+0000] {logging_mixin.py:190} INFO - [2026-08-12T04:33:33.581+0000] {dag.py:4138} INFO - Setting next_dagrun for example_external_task_marker_parent to None, run_after=None
[2026-08-12T04:33:33.608+0000] {processor.py:208} INFO - Processing /home/airflow/.local/lib/python3.12/site-packages/airflow/example_dags/example_external_task_marker_dag.py took 0.107 seconds
[2026-08-12T04:34:03.723+0000] {processor.py:186} INFO - Started process (PID=207) to work on /home/airflow/.local/lib/python3.12/site-packages/airflow/example_dags/example_external_task_marker_dag.py
[2026-08-12T04:34:03.725+0000] {processor.py:914} INFO - Processing file /home/airflow/.local/lib/python3.12/site-packages/airflow/example_dags/example_external_task_marker_dag.py for tasks to queue
[2026-08-12T04:34:03.729+0000] {logging_mixin.py:190} INFO - [2026-08-12T04:34:03.728+0000] {dagbag.py:587} INFO - Filling up the DagBag from /home/airflow/.local/lib/python3.12/site-packages/airflow/example_dags/example_external_task_marker_dag.py
[2026-08-12T04:34:03.738+0000] {processor.py:925} INFO - DAG(s) 'example_external_task_marker_child', 'example_external_task_marker_parent' retrieved from /home/airflow/.local/lib/python3.12/site-packages/airflow/example_dags/example_external_task_marker_dag.py
[2026-08-12T04:34:03.765+0000] {logging_mixin.py:190} INFO - [2026-08-12T04:34:03.765+0000] {dag.py:3211} INFO - Sync 2 DAGs
[2026-08-12T04:34:03.782+0000] {logging_mixin.py:190} INFO - [2026-08-12T04:34:03.781+0000] {dag.py:4138} INFO - Setting next_dagrun for example_external_task_marker_child to None, run_after=None
[2026-08-12T04:34:03.787+0000] {logging_mixin.py:190} INFO - [2026-08-12T04:34:03.787+0000] {dag.py:4138} INFO - Setting next_dagrun for example_external_task_marker_parent to None, run_after=None
[2026-08-12T04:34:03.809+0000] {processor.py:208} INFO - Processing /home/airflow/.local/lib/python3.12/site-packages/airflow/example_dags/example_external_task_marker_dag.py took 0.092 seconds
[2026-08-12T04:34:34.697+0000] {processor.py:186} INFO - Started process (PID=269) to work on /home/airflow/.local/lib/python3.12/site-packages/airflow/example_dags/example_external_task_marker_dag.py
[2026-08-12T04:34:34.699+0000] {processor.py:914} INFO - Processing file /home/airflow/.local/lib/python3.12/site-packages/airflow/example_dags/example_external_task_marker_dag.py for tasks to queue
[2026-08-12T04:34:34.703+0000] {logging_mixin.py:190} INFO - [2026-08-12T04:34:34.702+0000] {dagbag.py:587} INFO - Filling up the DagBag from /home/airflow/.local/lib/python3.12/site-packages/airflow/example_dags/example_external_task_marker_dag.py
[2026-08-12T04:34:34.715+0000] {processor.py:925} INFO - DAG(s) 'example_external_task_marker_parent', 'example_external_task_marker_child' retrieved from /home/airflow/.local/lib/python3.12/site-packages/airflow/example_dags/example_external_task_marker_dag.py
[2026-08-12T04:34:34.745+0000] {logging_mixin.py:190} INFO - [2026-08-12T04:34:34.745+0000] {dag.py:3211} INFO - Sync 2 DAGs
[2026-08-12T04:34:34.764+0000] {logging_mixin.py:190} INFO - [2026-08-12T04:34:34.764+0000] {dag.py:4138} INFO - Setting next_dagrun for example_external_task_marker_child to None, run_after=None
[2026-08-12T04:34:34.768+0000] {logging_mixin.py:190} INFO - [2026-08-12T04:34:34.768+0000] {dag.py:4138} INFO - Setting next_dagrun for example_external_task_marker_parent to None, run_after=None
[2026-08-12T04:34:34.798+0000] {processor.py:208} INFO - Processing /home/airflow/.local/lib/python3.12/site-packages/airflow/example_dags/example_external_task_marker_dag.py took 0.107 seconds
[2026-08-12T04:35:04.861+0000] {processor.py:186} INFO - Started process (PID=330) to work on /home/airflow/.local/lib/python3.12/site-packages/airflow/example_dags/example_external_task_marker_dag.py
[2026-08-12T04:35:04.864+0000] {processor.py:914} INFO - Processing file /home/airflow/.local/lib/python3.12/site-packages/airflow/example_dags/example_external_task_marker_dag.py for tasks to queue
[2026-08-12T04:35:04.867+0000] {logging_mixin.py:190} INFO - [2026-08-12T04:35:04.867+0000] {dagbag.py:587} INFO - Filling up the DagBag from /home/airflow/.local/lib/python3.12/site-packages/airflow/example_dags/example_external_task_marker_dag.py
[2026-08-12T04:35:04.877+0000] {processor.py:925} INFO - DAG(s) 'example_external_task_marker_child', 'example_external_task_marker_parent' retrieved from /home/airflow/.local/lib/python3.12/site-packages/airflow/example_dags/example_external_task_marker_dag.py
[2026-08-12T04:35:04.900+0000] {logging_mixin.py:190} INFO - [2026-08-12T04:35:04.900+0000] {dag.py:3211} INFO - Sync 2 DAGs
[2026-08-12T04:35:04.913+0000] {logging_mixin.py:190} INFO - [2026-08-12T04:35:04.913+0000] {dag.py:4138} INFO - Setting next_dagrun for example_external_task_marker_child to None, run_after=None
[2026-08-12T04:35:04.918+0000] {logging_mixin.py:190} INFO - [2026-08-12T04:35:04.917+0000] {dag.py:4138} INFO - Setting next_dagrun for example_external_task_marker_parent to None, run_after=None
[2026-08-12T04:35:04.936+0000] {processor.py:208} INFO - Processing /home/airflow/.local/lib/python3.12/site-packages/airflow/example_dags/example_external_task_marker_dag.py took 0.080 seconds
[2026-08-12T04:35:35.366+0000] {processor.py:186} INFO - Started process (PID=393) to work on /home/airflow/.local/lib/python3.12/site-packages/airflow/example_dags/example_external_task_marker_dag.py
[2026-08-12T04:35:35.367+0000] {processor.py:914} INFO - Processing file /home/airflow/.local/lib/python3.12/site-packages/airflow/example_dags/example_external_task_marker_dag.py for tasks to queue
[2026-08-12T04:35:35.370+0000] {logging_mixin.py:190} INFO - [2026-08-12T04:35:35.370+0000] {dagbag.py:587} INFO - Filling up the DagBag from /home/airflow/.local/lib/python3.12/site-packages/airflow/example_dags/example_external_task_marker_dag.py
[2026-08-12T04:35:35.379+0000] {processor.py:925} INFO - DAG(s) 'example_external_task_marker_child', 'example_external_task_marker_parent' retrieved from /home/airflow/.local/lib/python3.12/site-packages/airflow/example_dags/example_external_task_marker_dag.py
[2026-08-12T04:35:35.408+0000] {logging_mixin.py:190} INFO - [2026-08-12T04:35:35.408+0000] {dag.py:3211} INFO - Sync 2 DAGs
[2026-08-12T04:35:35.423+0000] {logging_mixin.py:190} INFO - [2026-08-12T04:35:35.422+0000] {dag.py:4138} INFO - Setting next_dagrun for example_external_task_marker_child to None, run_after=None
[2026-08-12T04:35:35.427+0000] {logging_mixin.py:190} INFO - [2026-08-12T04:35:35.427+0000] {dag.py:4138} INFO - Setting next_dagrun for example_external_task_marker_parent to None, run_after=None
[2026-08-12T04:35:35.445+0000] {processor.py:208} INFO - Processing /home/airflow/.local/lib/python3.12/site-packages/airflow/example_dags/example_external_task_marker_dag.py took 0.085 seconds
[2026-08-12T04:36:05.786+0000] {processor.py:186} INFO - Started process (PID=455) to work on /home/airflow/.local/lib/python3.12/site-packages/airflow/example_dags/example_external_task_marker_dag.py
[2026-08-12T04:36:05.788+0000] {processor.py:914} INFO - Processing file /home/airflow/.local/lib/python3.12/site-packages/airflow/example_dags/example_external_task_marker_dag.py for tasks to queue
[2026-08-12T04:36:05.791+0000] {logging_mixin.py:190} INFO - [2026-08-12T04:36:05.790+0000] {dagbag.py:587} INFO - Filling up the DagBag from /home/airflow/.local/lib/python3.12/site-packages/airflow/example_dags/example_external_task_marker_dag.py
[2026-08-12T04:36:05.800+0000] {processor.py:925} INFO - DAG(s) 'example_external_task_marker_parent', 'example_external_task_marker_child' retrieved from /home/airflow/.local/lib/python3.12/site-packages/airflow/example_dags/example_external_task_marker_dag.py
[2026-08-12T04:36:05.826+0000] {logging_mixin.py:190} INFO - [2026-08-12T04:36:05.826+0000] {dag.py:3211} INFO - Sync 2 DAGs
[2026-08-12T04:36:05.840+0000] {logging_mixin.py:190} INFO - [2026-08-12T04:36:05.840+0000] {dag.py:4138} INFO - Setting next_dagrun for example_external_task_marker_child to None, run_after=None
[2026-08-12T04:36:05.845+0000] {logging_mixin.py:190} INFO - [2026-08-12T04:36:05.844+0000] {dag.py:4138} INFO - Setting next_dagrun for example_external_task_marker_parent to None, run_after=None
[2026-08-12T04:36:05.878+0000] {processor.py:208} INFO - Processing /home/airflow/.local/lib/python3.12/site-packages/airflow/example_dags/example_external_task_marker_dag.py took 0.097 seconds
[2026-08-12T04:36:36.068+0000] {processor.py:186} INFO - Started process (PID=517) to work on /home/airflow/.local/lib/python3.12/site-packages/airflow/example_dags/example_external_task_marker_dag.py
[2026-08-12T04:36:36.070+0000] {processor.py:914} INFO - Processing file /home/airflow/.local/lib/python3.12/site-packages/airflow/example_dags/example_external_task_marker_dag.py for tasks to queue
[2026-08-12T04:36:36.073+0000] {logging_mixin.py:190} INFO - [2026-08-12T04:36:36.072+0000] {dagbag.py:587} INFO - Filling up the DagBag from /home/airflow/.local/lib/python3.12/site-packages/airflow/example_dags/example_external_task_marker_dag.py
[2026-08-12T04:36:36.083+0000] {processor.py:925} INFO - DAG(s) 'example_external_task_marker_child', 'example_external_task_marker_parent' retrieved from /home/airflow/.local/lib/python3.12/site-packages/airflow/example_dags/example_external_task_marker_dag.py
[2026-08-12T04:36:36.107+0000] {logging_mixin.py:190} INFO - [2026-08-12T04:36:36.107+0000] {dag.py:3211} INFO - Sync 2 DAGs
[2026-08-12T04:36:36.123+0000] {logging_mixin.py:190} INFO - [2026-08-12T04:36:36.123+0000] {dag.py:4138} INFO - Setting next_dagrun for example_external_task_marker_child to None, run_after=None
[2026-08-12T04:36:36.129+0000] {logging_mixin.py:190} INFO - [2026-08-12T04:36:36.128+0000] {dag.py:4138} INFO - Setting next_dagrun for example_external_task_marker_parent to None, run_after=None
[2026-08-12T04:36:36.161+0000] {processor.py:208} INFO - Processing /home/airflow/.local/lib/python3.12/site-packages/airflow/example_dags/example_external_task_marker_dag.py took 0.098 seconds
[2026-08-12T04:37:06.520+0000] {processor.py:186} INFO - Started process (PID=579) to work on /home/airflow/.local/lib/python3.12/site-packages/airflow/example_dags/example_external_task_marker_dag.py
[2026-08-12T04:37:06.522+0000] {processor.py:914} INFO - Processing file /home/airflow/.local/lib/python3.12/site-packages/airflow/example_dags/example_external_task_marker_dag.py for tasks to queue
[2026-08-12T04:37:06.536+0000] {logging_mixin.py:190} INFO - [2026-08-12T04:37:06.536+0000] {dagbag.py:587} INFO - Filling up the DagBag from /home/airflow/.local/lib/python3.12/site-packages/airflow/example_dags/example_external_task_marker_dag.py
[2026-08-12T04:37:06.545+0000] {processor.py:925} INFO - DAG(s) 'example_external_task_marker_child', 'example_external_task_marker_parent' retrieved from /home/airflow/.local/lib/python3.12/site-packages/airflow/example_dags/example_external_task_marker_dag.py
[2026-08-12T04:37:06.569+0000] {logging_mixin.py:190} INFO - [2026-08-12T04:37:06.569+0000] {dag.py:3211} INFO - Sync 2 DAGs
[2026-08-12T04:37:06.583+0000] {logging_mixin.py:190} INFO - [2026-08-12T04:37:06.583+0000] {dag.py:4138} INFO - Setting next_dagrun for example_external_task_marker_child to None, run_after=None
[2026-08-12T04:37:06.588+0000] {logging_mixin.py:190} INFO - [2026-08-12T04:37:06.588+0000] {dag.py:4138} INFO - Setting next_dagrun for example_external_task_marker_parent to None, run_after=None
[2026-08-12T04:37:06.621+0000] {processor.py:208} INFO - Processing /home/airflow/.local/lib/python3.12/site-packages/airflow/example_dags/example_external_task_marker_dag.py took 0.106 seconds
[2026-08-12T04:37:37.080+0000] {processor.py:186} INFO - Started process (PID=641) to work on /home/airflow/.local/lib/python3.12/site-packages/airflow/example_dags/example_external_task_marker_dag.py
[2026-08-12T04:37:37.082+0000] {processor.py:914} INFO - Processing file /home/airflow/.local/lib/python3.12/site-packages/airflow/example_dags/example_external_task_marker_dag.py for tasks to queue
[2026-08-12T04:37:37.086+0000] {logging_mixin.py:190} INFO - [2026-08-12T04:37:37.086+0000] {dagbag.py:587} INFO - Filling up the DagBag from /home/airflow/.local/lib/python3.12/site-packages/airflow/example_dags/example_external_task_marker_dag.py
[2026-08-12T04:37:37.096+0000] {processor.py:925} INFO - DAG(s) 'example_external_task_marker_child', 'example_external_task_marker_parent' retrieved from /home/airflow/.local/lib/python3.12/site-packages/airflow/example_dags/example_external_task_marker_dag.py
[2026-08-12T04:37:37.130+0000] {logging_mixin.py:190} INFO - [2026-08-12T04:37:37.130+0000] {dag.py:3211} INFO - Sync 2 DAGs
[2026-08-12T04:37:37.150+0000] {logging_mixin.py:190} INFO - [2026-08-12T04:37:37.150+0000] {dag.py:4138} INFO - Setting next_dagrun for example_external_task_marker_child to None, run_after=None
[2026-08-12T04:37:37.156+0000] {logging_mixin.py:190} INFO - [2026-08-12T04:37:37.155+0000] {dag.py:4138} INFO - Setting next_dagrun for example_external_task_marker_parent to None, run_after=None
[2026-08-12T04:37:37.197+0000] {processor.py:208} INFO - Processing /home/airflow/.local/lib/python3.12/site-packages/airflow/example_dags/example_external_task_marker_dag.py took 0.124 seconds
[2026-08-12T04:38:07.739+0000] {processor.py:186} INFO - Started process (PID=703) to work on /home/airflow/.local/lib/python3.12/site-packages/airflow/example_dags/example_external_task_marker_dag.py
[2026-08-12T04:38:07.741+0000] {processor.py:914} INFO - Processing file /home/airflow/.local/lib/python3.12/site-packages/airflow/example_dags/example_external_task_marker_dag.py for tasks to queue
[2026-08-12T04:38:07.743+0000] {logging_mixin.py:190} INFO - [2026-08-12T04:38:07.743+0000] {dagbag.py:587} INFO - Filling up the DagBag from /home/airflow/.local/lib/python3.12/site-packages/airflow/example_dags/example_external_task_marker_dag.py
[2026-08-12T04:38:07.751+0000] {processor.py:925} INFO - DAG(s) 'example_external_task_marker_child', 'example_external_task_marker_parent' retrieved from /home/airflow/.local/lib/python3.12/site-packages/airflow/example_dags/example_external_task_marker_dag.py
[2026-08-12T04:38:07.774+0000] {logging_mixin.py:190} INFO - [2026-08-12T04:38:07.774+0000] {dag.py:3211} INFO - Sync 2 DAGs
[2026-08-12T04:38:07.789+0000] {logging_mixin.py:190} INFO - [2026-08-12T04:38:07.788+0000] {dag.py:4138} INFO - Setting next_dagrun for example_external_task_marker_child to None, run_after=None
[2026-08-12T04:38:07.793+0000] {logging_mixin.py:190} INFO - [2026-08-12T04:38:07.793+0000] {dag.py:4138} INFO - Setting next_dagrun for example_external_task_marker_parent to None, run_after=None
[2026-08-12T04:38:07.811+0000] {processor.py:208} INFO - Processing /home/airflow/.local/lib/python3.12/site-packages/airflow/example_dags/example_external_task_marker_dag.py took 0.077 seconds
[2026-08-12T04:38:38.031+0000] {processor.py:186} INFO - Started process (PID=765) to work on /home/airflow/.local/lib/python3.12/site-packages/airflow/example_dags/example_external_task_marker_dag.py
[2026-08-12T04:38:38.034+0000] {processor.py:914} INFO - Processing file /home/airflow/.local/lib/python3.12/site-packages/airflow/example_dags/example_external_task_marker_dag.py for tasks to queue
[2026-08-12T04:38:38.040+0000] {logging_mixin.py:190} INFO - [2026-08-12T04:38:38.039+0000] {dagbag.py:587} INFO - Filling up the DagBag from /home/airflow/.local/lib/python3.12/site-packages/airflow/example_dags/example_external_task_marker_dag.py
[2026-08-12T04:38:38.059+0000] {processor.py:925} INFO - DAG(s) 'example_external_task_marker_parent', 'example_external_task_marker_child' retrieved from /home/airflow/.local/lib/python3.12/site-packages/airflow/example_dags/example_external_task_marker_dag.py
[2026-08-12T04:38:38.111+0000] {logging_mixin.py:190} INFO - [2026-08-12T04:38:38.110+0000] {dag.py:3211} INFO - Sync 2 DAGs
[2026-08-12T04:38:38.147+0000] {logging_mixin.py:190} INFO - [2026-08-12T04:38:38.147+0000] {dag.py:4138} INFO - Setting next_dagrun for example_external_task_marker_child to None, run_after=None
[2026-08-12T04:38:38.155+0000] {logging_mixin.py:190} INFO - [2026-08-12T04:38:38.155+0000] {dag.py:4138} INFO - Setting next_dagrun for example_external_task_marker_parent to None, run_after=None
[2026-08-12T04:38:38.192+0000] {processor.py:208} INFO - Processing /home/airflow/.local/lib/python3.12/site-packages/airflow/example_dags/example_external_task_marker_dag.py took 0.176 seconds
[2026-08-12T04:39:08.521+0000] {processor.py:186} INFO - Started process (PID=827) to work on /home/airflow/.local/lib/python3.12/site-packages/airflow/example_dags/example_external_task_marker_dag.py
[2026-08-12T04:39:08.523+0000] {processor.py:914} INFO - Processing file /home/airflow/.local/lib/python3.12/site-packages/airflow/example_dags/example_external_task_marker_dag.py for tasks to queue
[2026-08-12T04:39:08.527+0000] {logging_mixin.py:190} INFO - [2026-08-12T04:39:08.526+0000] {dagbag.py:587} INFO - Filling up the DagBag from /home/airflow/.local/lib/python3.12/site-packages/airflow/example_dags/example_external_task_marker_dag.py
[2026-08-12T04:39:08.537+0000] {processor.py:925} INFO - DAG(s) 'example_external_task_marker_parent', 'example_external_task_marker_child' retrieved from /home/airflow/.local/lib/python3.12/site-packages/airflow/example_dags/example_external_task_marker_dag.py
[2026-08-12T04:39:08.565+0000] {logging_mixin.py:190} INFO - [2026-08-12T04:39:08.565+0000] {dag.py:3211} INFO - Sync 2 DAGs
[2026-08-12T04:39:08.581+0000] {logging_mixin.py:190} INFO - [2026-08-12T04:39:08.581+0000] {dag.py:4138} INFO - Setting next_dagrun for example_external_task_marker_child to None, run_after=None
[2026-08-12T04:39:08.586+0000] {logging_mixin.py:190} INFO - [2026-08-12T04:39:08.586+0000] {dag.py:4138} INFO - Setting next_dagrun for example_external_task_marker_parent to None, run_after=None
[2026-08-12T04:39:08.620+0000] {processor.py:208} INFO - Processing /home/airflow/.local/lib/python3.12/site-packages/airflow/example_dags/example_external_task_marker_dag.py took 0.106 seconds
[2026-08-12T04:39:39.394+0000] {processor.py:186} INFO - Started process (PID=889) to work on /home/airflow/.local/lib/python3.12/site-packages/airflow/example_dags/example_external_task_marker_dag.py
[2026-08-12T04:39:39.395+0000] {processor.py:914} INFO - Processing file /home/airflow/.local/lib/python3.12/site-packages/airflow/example_dags/example_external_task_marker_dag.py for tasks to queue
[2026-08-12T04:39:39.399+0000] {logging_mixin.py:190} INFO - [2026-08-12T04:39:39.398+0000] {dagbag.py:587} INFO - Filling up the DagBag from /home/airflow/.local/lib/python3.12/site-packages/airflow/example_dags/example_external_task_marker_dag.py
[2026-08-12T04:39:39.410+0000] {processor.py:925} INFO - DAG(s) 'example_external_task_marker_child', 'example_external_task_marker_parent' retrieved from /home/airflow/.local/lib/python3.12/site-packages/airflow/example_dags/example_external_task_marker_dag.py
[2026-08-12T04:39:39.446+0000] {logging_mixin.py:190} INFO - [2026-08-12T04:39:39.446+0000] {dag.py:3211} INFO - Sync 2 DAGs
[2026-08-12T04:39:39.477+0000] {logging_mixin.py:190} INFO - [2026-08-12T04:39:39.477+0000] {dag.py:4138} INFO - Setting next_dagrun for example_external_task_marker_child to None, run_after=None
[2026-08-12T04:39:39.484+0000] {logging_mixin.py:190} INFO - [2026-08-12T04:39:39.484+0000] {dag.py:4138} INFO - Setting next_dagrun for example_external_task_marker_parent to None, run_after=None
[2026-08-12T04:39:39.523+0000] {processor.py:208} INFO - Processing /home/airflow/.local/lib/python3.12/site-packages/airflow/example_dags/example_external_task_marker_dag.py took 0.136 seconds
[2026-08-12T04:40:09.970+0000] {processor.py:186} INFO - Started process (PID=951) to work on /home/airflow/.local/lib/python3.12/site-packages/airflow/example_dags/example_external_task_marker_dag.py
[2026-08-12T04:40:09.972+0000] {processor.py:914} INFO - Processing file /home/airflow/.local/lib/python3.12/site-packages/airflow/example_dags/example_external_task_marker_dag.py for tasks to queue
[2026-08-12T04:40:09.976+0000] {logging_mixin.py:190} INFO - [2026-08-12T04:40:09.976+0000] {dagbag.py:587} INFO - Filling up the DagBag from /home/airflow/.local/lib/python3.12/site-packages/airflow/example_dags/example_external_task_marker_dag.py
[2026-08-12T04:40:09.989+0000] {processor.py:925} INFO - DAG(s) 'example_external_task_marker_parent', 'example_external_task_marker_child' retrieved from /home/airflow/.local/lib/python3.12/site-packages/airflow/example_dags/example_external_task_marker_dag.py
[2026-08-12T04:40:10.020+0000] {logging_mixin.py:190} INFO - [2026-08-12T04:40:10.019+0000] {dag.py:3211} INFO - Sync 2 DAGs
[2026-08-12T04:40:10.040+0000] {logging_mixin.py:190} INFO - [2026-08-12T04:40:10.040+0000] {dag.py:4138} INFO - Setting next_dagrun for example_external_task_marker_child to None, run_after=None
[2026-08-12T04:40:10.046+0000] {logging_mixin.py:190} INFO - [2026-08-12T04:40:10.045+0000] {dag.py:4138} INFO - Setting next_dagrun for example_external_task_marker_parent to None, run_after=None
[2026-08-12T04:40:10.079+0000] {processor.py:208} INFO - Processing /home/airflow/.local/lib/python3.12/site-packages/airflow/example_dags/example_external_task_marker_dag.py took 0.118 seconds
[2026-08-12T04:40:40.417+0000] {processor.py:186} INFO - Started process (PID=1013) to work on /home/airflow/.local/lib/python3.12/site-packages/airflow/example_dags/example_external_task_marker_dag.py
[2026-08-12T04:40:40.418+0000] {processor.py:914} INFO - Processing file /home/airflow/.local/lib/python3.12/site-packages/airflow/example_dags/example_external_task_marker_dag.py for tasks to queue
[2026-08-12T04:40:40.422+0000] {logging_mixin.py:190} INFO - [2026-08-12T04:40:40.422+0000] {dagbag.py:587} INFO - Filling up the DagBag from /home/airflow/.local/lib/python3.12/site-packages/airflow/example_dags/example_external_task_marker_dag.py
[2026-08-12T04:40:40.435+0000] {processor.py:925} INFO - DAG(s) 'example_external_task_marker_parent', 'example_external_task_marker_child' retrieved from /home/airflow/.local/lib/python3.12/site-packages/airflow/example_dags/example_external_task_marker_dag.py
[2026-08-12T04:40:40.465+0000] {logging_mixin.py:190} INFO - [2026-08-12T04:40:40.465+0000] {dag.py:3211} INFO - Sync 2 DAGs
[2026-08-12T04:40:40.483+0000] {logging_mixin.py:190} INFO - [2026-08-12T04:40:40.483+0000] {dag.py:4138} INFO - Setting next_dagrun for example_external_task_marker_child to None, run_after=None
[2026-08-12T04:40:40.491+0000] {logging_mixin.py:190} INFO - [2026-08-12T04:40:40.491+0000] {dag.py:4138} INFO - Setting next_dagrun for example_external_task_marker_parent to None, run_after=None
[2026-08-12T04:40:40.528+0000] {processor.py:208} INFO - Processing /home/airflow/.local/lib/python3.12/site-packages/airflow/example_dags/example_external_task_marker_dag.py took 0.117 seconds
[2026-08-12T04:41:10.791+0000] {processor.py:186} INFO - Started process (PID=1075) to work on /home/airflow/.local/lib/python3.12/site-packages/airflow/example_dags/example_external_task_marker_dag.py
[2026-08-12T04:41:10.794+0000] {processor.py:914} INFO - Processing file /home/airflow/.local/lib/python3.12/site-packages/airflow/example_dags/example_external_task_marker_dag.py for tasks to queue
[2026-08-12T04:41:10.797+0000] {logging_mixin.py:190} INFO - [2026-08-12T04:41:10.797+0000] {dagbag.py:587} INFO - Filling up the DagBag from /home/airflow/.local/lib/python3.12/site-packages/airflow/example_dags/example_external_task_marker_dag.py
[2026-08-12T04:41:10.810+0000] {processor.py:925} INFO - DAG(s) 'example_external_task_marker_parent', 'example_external_task_marker_child' retrieved from /home/airflow/.local/lib/python3.12/site-packages/airflow/example_dags/example_external_task_marker_dag.py
[2026-08-12T04:41:10.840+0000] {logging_mixin.py:190} INFO - [2026-08-12T04:41:10.840+0000] {dag.py:3211} INFO - Sync 2 DAGs
[2026-08-12T04:41:10.856+0000] {logging_mixin.py:190} INFO - [2026-08-12T04:41:10.856+0000] {dag.py:4138} INFO - Setting next_dagrun for example_external_task_marker_child to None, run_after=None
[2026-08-12T04:41:10.862+0000] {logging_mixin.py:190} INFO - [2026-08-12T04:41:10.862+0000] {dag.py:4138} INFO - Setting next_dagrun for example_external_task_marker_parent to None, run_after=None
[2026-08-12T04:41:10.883+0000] {processor.py:208} INFO - Processing /home/airflow/.local/lib/python3.12/site-packages/airflow/example_dags/example_external_task_marker_dag.py took 0.099 seconds
[2026-08-12T04:41:41.546+0000] {processor.py:186} INFO - Started process (PID=1137) to work on /home/airflow/.local/lib/python3.12/site-packages/airflow/example_dags/example_external_task_marker_dag.py
[2026-08-12T04:41:41.549+0000] {processor.py:914} INFO - Processing file /home/airflow/.local/lib/python3.12/site-packages/airflow/example_dags/example_external_task_marker_dag.py for tasks to queue
[2026-08-12T04:41:41.553+0000] {logging_mixin.py:190} INFO - [2026-08-12T04:41:41.552+0000] {dagbag.py:587} INFO - Filling up the DagBag from /home/airflow/.local/lib/python3.12/site-packages/airflow/example_dags/example_external_task_marker_dag.py
[2026-08-12T04:41:41.562+0000] {processor.py:925} INFO - DAG(s) 'example_external_task_marker_parent', 'example_external_task_marker_child' retrieved from /home/airflow/.local/lib/python3.12/site-packages/airflow/example_dags/example_external_task_marker_dag.py
[2026-08-12T04:41:41.589+0000] {logging_mixin.py:190} INFO - [2026-08-12T04:41:41.589+0000] {dag.py:3211} INFO - Sync 2 DAGs
[2026-08-12T04:41:41.606+0000] {logging_mixin.py:190} INFO - [2026-08-12T04:41:41.605+0000] {dag.py:4138} INFO - Setting next_dagrun for example_external_task_marker_child to None, run_after=None
[2026-08-12T04:41:41.610+0000] {logging_mixin.py:190} INFO - [2026-08-12T04:41:41.610+0000] {dag.py:4138} INFO - Setting next_dagrun for example_external_task_marker_parent to None, run_after=None
[2026-08-12T04:41:41.629+0000] {processor.py:208} INFO - Processing /home/airflow/.local/lib/python3.12/site-packages/airflow/example_dags/example_external_task_marker_dag.py took 0.090 seconds
[2026-08-12T04:42:12.045+0000] {processor.py:186} INFO - Started process (PID=1199) to work on /home/airflow/.local/lib/python3.12/site-packages/airflow/example_dags/example_external_task_marker_dag.py
[2026-08-12T04:42:12.047+0000] {processor.py:914} INFO - Processing file /home/airflow/.local/lib/python3.12/site-packages/airflow/example_dags/example_external_task_marker_dag.py for tasks to queue
[2026-08-12T04:42:12.051+0000] {logging_mixin.py:190} INFO - [2026-08-12T04:42:12.050+0000] {dagbag.py:587} INFO - Filling up the DagBag from /home/airflow/.local/lib/python3.12/site-packages/airflow/example_dags/example_external_task_marker_dag.py
[2026-08-12T04:42:12.058+0000] {processor.py:925} INFO - DAG(s) 'example_external_task_marker_parent', 'example_external_task_marker_child' retrieved from /home/airflow/.local/lib/python3.12/site-packages/airflow/example_dags/example_external_task_marker_dag.py
[2026-08-12T04:42:12.093+0000] {logging_mixin.py:190} INFO - [2026-08-12T04:42:12.093+0000] {dag.py:3211} INFO - Sync 2 DAGs
[2026-08-12T04:42:12.112+0000] {logging_mixin.py:190} INFO - [2026-08-12T04:42:12.111+0000] {dag.py:4138} INFO - Setting next_dagrun for example_external_task_marker_child to None, run_after=None
[2026-08-12T04:42:12.119+0000] {logging_mixin.py:190} INFO - [2026-08-12T04:42:12.119+0000] {dag.py:4138} INFO - Setting next_dagrun for example_external_task_marker_parent to None, run_after=None
[2026-08-12T04:42:12.140+0000] {processor.py:208} INFO - Processing /home/airflow/.local/lib/python3.12/site-packages/airflow/example_dags/example_external_task_marker_dag.py took 0.099 seconds
[2026-08-12T04:42:42.393+0000] {processor.py:186} INFO - Started process (PID=1261) to work on /home/airflow/.local/lib/python3.12/site-packages/airflow/example_dags/example_external_task_marker_dag.py
[2026-08-12T04:42:42.395+0000] {processor.py:914} INFO - Processing file /home/airflow/.local/lib/python3.12/site-packages/airflow/example_dags/example_external_task_marker_dag.py for tasks to queue
[2026-08-12T04:42:42.399+0000] {logging_mixin.py:190} INFO - [2026-08-12T04:42:42.399+0000] {dagbag.py:587} INFO - Filling up the DagBag from /home/airflow/.local/lib/python3.12/site-packages/airflow/example_dags/example_external_task_marker_dag.py
[2026-08-12T04:42:42.408+0000] {processor.py:925} INFO - DAG(s) 'example_external_task_marker_child', 'example_external_task_marker_parent' retrieved from /home/airflow/.local/lib/python3.12/site-packages/airflow/example_dags/example_external_task_marker_dag.py
[2026-08-12T04:42:42.435+0000] {logging_mixin.py:190} INFO - [2026-08-12T04:42:42.435+0000] {dag.py:3211} INFO - Sync 2 DAGs
[2026-08-12T04:42:42.456+0000] {logging_mixin.py:190} INFO - [2026-08-12T04:42:42.455+0000] {dag.py:4138} INFO - Setting next_dagrun for example_external_task_marker_child to None, run_after=None
[2026-08-12T04:42:42.463+0000] {logging_mixin.py:190} INFO - [2026-08-12T04:42:42.462+0000] {dag.py:4138} INFO - Setting next_dagrun for example_external_task_marker_parent to None, run_after=None
[2026-08-12T04:42:42.507+0000] {processor.py:208} INFO - Processing /home/airflow/.local/lib/python3.12/site-packages/airflow/example_dags/example_external_task_marker_dag.py took 0.121 seconds
[2026-08-12T04:43:12.778+0000] {processor.py:186} INFO - Started process (PID=1323) to work on /home/airflow/.local/lib/python3.12/site-packages/airflow/example_dags/example_external_task_marker_dag.py
[2026-08-12T04:43:12.779+0000] {processor.py:914} INFO - Processing file /home/airflow/.local/lib/python3.12/site-packages/airflow/example_dags/example_external_task_marker_dag.py for tasks to queue
[2026-08-12T04:43:12.782+0000] {logging_mixin.py:190} INFO - [2026-08-12T04:43:12.782+0000] {dagbag.py:587} INFO - Filling up the DagBag from /home/airflow/.local/lib/python3.12/site-packages/airflow/example_dags/example_external_task_marker_dag.py
[2026-08-12T04:43:12.792+0000] {processor.py:925} INFO - DAG(s) 'example_external_task_marker_child', 'example_external_task_marker_parent' retrieved from /home/airflow/.local/lib/python3.12/site-packages/airflow/example_dags/example_external_task_marker_dag.py
[2026-08-12T04:43:12.822+0000] {logging_mixin.py:190} INFO - [2026-08-12T04:43:12.822+0000] {dag.py:3211} INFO - Sync 2 DAGs
[2026-08-12T04:43:12.838+0000] {logging_mixin.py:190} INFO - [2026-08-12T04:43:12.838+0000] {dag.py:4138} INFO - Setting next_dagrun for example_external_task_marker_child to None, run_after=None
[2026-08-12T04:43:12.843+0000] {logging_mixin.py:190} INFO - [2026-08-12T04:43:12.843+0000] {dag.py:4138} INFO - Setting next_dagrun for example_external_task_marker_parent to None, run_after=None
[2026-08-12T04:43:12.883+0000] {processor.py:208} INFO - Processing /home/airflow/.local/lib/python3.12/site-packages/airflow/example_dags/example_external_task_marker_dag.py took 0.111 seconds
[2026-08-12T04:43:43.152+0000] {processor.py:186} INFO - Started process (PID=1385) to work on /home/airflow/.local/lib/python3.12/site-packages/airflow/example_dags/example_external_task_marker_dag.py
[2026-08-12T04:43:43.154+0000] {processor.py:914} INFO - Processing file /home/airflow/.local/lib/python3.12/site-packages/airflow/example_dags/example_external_task_marker_dag.py for tasks to queue
[2026-08-12T04:43:43.157+0000] {logging_mixin.py:190} INFO - [2026-08-12T04:43:43.157+0000] {dagbag.py:587} INFO - Filling up the DagBag from /home/airflow/.local/lib/python3.12/site-packages/airflow/example_dags/example_external_task_marker_dag.py
[2026-08-12T04:43:43.168+0000] {processor.py:925} INFO - DAG(s) 'example_external_task_marker_child', 'example_external_task_marker_parent' retrieved from /home/airflow/.local/lib/python3.12/site-packages/airflow/example_dags/example_external_task_marker_dag.py
[2026-08-12T04:43:43.197+0000] {logging_mixin.py:190} INFO - [2026-08-12T04:43:43.197+0000] {dag.py:3211} INFO - Sync 2 DAGs
[2026-08-12T04:43:43.216+0000] {logging_mixin.py:190} INFO - [2026-08-12T04:43:43.215+0000] {dag.py:4138} INFO - Setting next_dagrun for example_external_task_marker_child to None, run_after=None
[2026-08-12T04:43:43.223+0000] {logging_mixin.py:190} INFO - [2026-08-12T04:43:43.222+0000] {dag.py:4138} INFO - Setting next_dagrun for example_external_task_marker_parent to None, run_after=None
[2026-08-12T04:43:43.252+0000] {processor.py:208} INFO - Processing /home/airflow/.local/lib/python3.12/site-packages/airflow/example_dags/example_external_task_marker_dag.py took 0.105 seconds
[2026-08-12T04:44:13.906+0000] {processor.py:186} INFO - Started process (PID=1447) to work on /home/airflow/.local/lib/python3.12/site-packages/airflow/example_dags/example_external_task_marker_dag.py
[2026-08-12T04:44:13.908+0000] {processor.py:914} INFO - Processing file /home/airflow/.local/lib/python3.12/site-packages/airflow/example_dags/example_external_task_marker_dag.py for tasks to queue
[2026-08-12T04:44:13.911+0000] {logging_mixin.py:190} INFO - [2026-08-12T04:44:13.910+0000] {dagbag.py:587} INFO - Filling up the DagBag from /home/airflow/.local/lib/python3.12/site-packages/airflow/example_dags/example_external_task_marker_dag.py
[2026-08-12T04:44:13.918+0000] {processor.py:925} INFO - DAG(s) 'example_external_task_marker_child', 'example_external_task_marker_parent' retrieved from /home/airflow/.local/lib/python3.12/site-packages/airflow/example_dags/example_external_task_marker_dag.py
[2026-08-12T04:44:13.948+0000] {logging_mixin.py:190} INFO - [2026-08-12T04:44:13.948+0000] {dag.py:3211} INFO - Sync 2 DAGs
[2026-08-12T04:44:13.968+0000] {logging_mixin.py:190} INFO - [2026-08-12T04:44:13.967+0000] {dag.py:4138} INFO - Setting next_dagrun for example_external_task_marker_child to None, run_after=None
[2026-08-12T04:44:13.974+0000] {logging_mixin.py:190} INFO - [2026-08-12T04:44:13.974+0000] {dag.py:4138} INFO - Setting next_dagrun for example_external_task_marker_parent to None, run_after=None
[2026-08-12T04:44:14.001+0000] {processor.py:208} INFO - Processing /home/airflow/.local/lib/python3.12/site-packages/airflow/example_dags/example_external_task_marker_dag.py took 0.100 seconds
[2026-08-12T04:44:44.365+0000] {processor.py:186} INFO - Started process (PID=1510) to work on /home/airflow/.local/lib/python3.12/site-packages/airflow/example_dags/example_external_task_marker_dag.py
[2026-08-12T04:44:44.367+0000] {processor.py:914} INFO - Processing file /home/airflow/.local/lib/python3.12/site-packages/airflow/example_dags/example_external_task_marker_dag.py for tasks to queue
[2026-08-12T04:44:44.370+0000] {logging_mixin.py:190} INFO - [2026-08-12T04:44:44.370+0000] {dagbag.py:587} INFO - Filling up the DagBag from /home/airflow/.local/lib/python3.12/site-packages/airflow/example_dags/example_external_task_marker_dag.py
[2026-08-12T04:44:44.378+0000] {processor.py:925} INFO - DAG(s) 'example_external_task_marker_parent', 'example_external_task_marker_child' retrieved from /home/airflow/.local/lib/python3.12/site-packages/airflow/example_dags/example_external_task_marker_dag.py
[2026-08-12T04:44:44.404+0000] {logging_mixin.py:190} INFO - [2026-08-12T04:44:44.404+0000] {dag.py:3211} INFO - Sync 2 DAGs
[2026-08-12T04:44:44.421+0000] {logging_mixin.py:190} INFO - [2026-08-12T04:44:44.421+0000] {dag.py:4138} INFO - Setting next_dagrun for example_external_task_marker_child to None, run_after=None
[2026-08-12T04:44:44.426+0000] {logging_mixin.py:190} INFO - [2026-08-12T04:44:44.426+0000] {dag.py:4138} INFO - Setting next_dagrun for example_external_task_marker_parent to None, run_after=None
[2026-08-12T04:44:44.460+0000] {processor.py:208} INFO - Processing /home/airflow/.local/lib/python3.12/site-packages/airflow/example_dags/example_external_task_marker_dag.py took 0.100 seconds
[2026-08-12T04:45:14.594+0000] {processor.py:186} INFO - Started process (PID=1572) to work on /home/airflow/.local/lib/python3.12/site-packages/airflow/example_dags/example_external_task_marker_dag.py
[2026-08-12T04:45:14.596+0000] {processor.py:914} INFO - Processing file /home/airflow/.local/lib/python3.12/site-packages/airflow/example_dags/example_external_task_marker_dag.py for tasks to queue
[2026-08-12T04:45:14.601+0000] {logging_mixin.py:190} INFO - [2026-08-12T04:45:14.600+0000] {dagbag.py:587} INFO - Filling up the DagBag from /home/airflow/.local/lib/python3.12/site-packages/airflow/example_dags/example_external_task_marker_dag.py
[2026-08-12T04:45:14.615+0000] {processor.py:925} INFO - DAG(s) 'example_external_task_marker_child', 'example_external_task_marker_parent' retrieved from /home/airflow/.local/lib/python3.12/site-packages/airflow/example_dags/example_external_task_marker_dag.py
[2026-08-12T04:45:14.653+0000] {logging_mixin.py:190} INFO - [2026-08-12T04:45:14.652+0000] {dag.py:3211} INFO - Sync 2 DAGs
[2026-08-12T04:45:14.670+0000] {logging_mixin.py:190} INFO - [2026-08-12T04:45:14.670+0000] {dag.py:4138} INFO - Setting next_dagrun for example_external_task_marker_child to None, run_after=None
[2026-08-12T04:45:14.675+0000] {logging_mixin.py:190} INFO - [2026-08-12T04:45:14.675+0000] {dag.py:4138} INFO - Setting next_dagrun for example_external_task_marker_parent to None, run_after=None
[2026-08-12T04:45:14.724+0000] {processor.py:208} INFO - Processing /home/airflow/.local/lib/python3.12/site-packages/airflow/example_dags/example_external_task_marker_dag.py took 0.143 seconds
[2026-08-12T04:45:45.233+0000] {processor.py:186} INFO - Started process (PID=1634) to work on /home/airflow/.local/lib/python3.12/site-packages/airflow/example_dags/example_external_task_marker_dag.py
[2026-08-12T04:45:45.236+0000] {processor.py:914} INFO - Processing file /home/airflow/.local/lib/python3.12/site-packages/airflow/example_dags/example_external_task_marker_dag.py for tasks to queue
[2026-08-12T04:45:45.240+0000] {logging_mixin.py:190} INFO - [2026-08-12T04:45:45.239+0000] {dagbag.py:587} INFO - Filling up the DagBag from /home/airflow/.local/lib/python3.12/site-packages/airflow/example_dags/example_external_task_marker_dag.py
[2026-08-12T04:45:45.250+0000] {processor.py:925} INFO - DAG(s) 'example_external_task_marker_parent', 'example_external_task_marker_child' retrieved from /home/airflow/.local/lib/python3.12/site-packages/airflow/example_dags/example_external_task_marker_dag.py
[2026-08-12T04:45:45.281+0000] {logging_mixin.py:190} INFO - [2026-08-12T04:45:45.280+0000] {dag.py:3211} INFO - Sync 2 DAGs
[2026-08-12T04:45:45.318+0000] {logging_mixin.py:190} INFO - [2026-08-12T04:45:45.318+0000] {dag.py:4138} INFO - Setting next_dagrun for example_external_task_marker_child to None, run_after=None
[2026-08-12T04:45:45.325+0000] {logging_mixin.py:190} INFO - [2026-08-12T04:45:45.325+0000] {dag.py:4138} INFO - Setting next_dagrun for example_external_task_marker_parent to None, run_after=None
[2026-08-12T04:45:45.353+0000] {processor.py:208} INFO - Processing /home/airflow/.local/lib/python3.12/site-packages/airflow/example_dags/example_external_task_marker_dag.py took 0.129 seconds
[2026-08-12T04:46:15.907+0000] {processor.py:186} INFO - Started process (PID=1696) to work on /home/airflow/.local/lib/python3.12/site-packages/airflow/example_dags/example_external_task_marker_dag.py
[2026-08-12T04:46:15.911+0000] {processor.py:914} INFO - Processing file /home/airflow/.local/lib/python3.12/site-packages/airflow/example_dags/example_external_task_marker_dag.py for tasks to queue
[2026-08-12T04:46:15.915+0000] {logging_mixin.py:190} INFO - [2026-08-12T04:46:15.915+0000] {dagbag.py:587} INFO - Filling up the DagBag from /home/airflow/.local/lib/python3.12/site-packages/airflow/example_dags/example_external_task_marker_dag.py
[2026-08-12T04:46:15.935+0000] {processor.py:925} INFO - DAG(s) 'example_external_task_marker_parent', 'example_external_task_marker_child' retrieved from /home/airflow/.local/lib/python3.12/site-packages/airflow/example_dags/example_external_task_marker_dag.py
[2026-08-12T04:46:15.973+0000] {logging_mixin.py:190} INFO - [2026-08-12T04:46:15.973+0000] {dag.py:3211} INFO - Sync 2 DAGs
[2026-08-12T04:46:15.996+0000] {logging_mixin.py:190} INFO - [2026-08-12T04:46:15.995+0000] {dag.py:4138} INFO - Setting next_dagrun for example_external_task_marker_child to None, run_after=None
[2026-08-12T04:46:16.001+0000] {logging_mixin.py:190} INFO - [2026-08-12T04:46:16.001+0000] {dag.py:4138} INFO - Setting next_dagrun for example_external_task_marker_parent to None, run_after=None
[2026-08-12T04:46:16.022+0000] {processor.py:208} INFO - Processing /home/airflow/.local/lib/python3.12/site-packages/airflow/example_dags/example_external_task_marker_dag.py took 0.122 seconds
[2026-08-12T04:46:46.505+0000] {processor.py:186} INFO - Started process (PID=1758) to work on /home/airflow/.local/lib/python3.12/site-packages/airflow/example_dags/example_external_task_marker_dag.py
[2026-08-12T04:46:46.507+0000] {processor.py:914} INFO - Processing file /home/airflow/.local/lib/python3.12/site-packages/airflow/example_dags/example_external_task_marker_dag.py for tasks to queue
[2026-08-12T04:46:46.509+0000] {logging_mixin.py:190} INFO - [2026-08-12T04:46:46.509+0000] {dagbag.py:587} INFO - Filling up the DagBag from /home/airflow/.local/lib/python3.12/site-packages/airflow/example_dags/example_external_task_marker_dag.py
[2026-08-12T04:46:46.518+0000] {processor.py:925} INFO - DAG(s) 'example_external_task_marker_parent', 'example_external_task_marker_child' retrieved from /home/airflow/.local/lib/python3.12/site-packages/airflow/example_dags/example_external_task_marker_dag.py
[2026-08-12T04:46:46.541+0000] {logging_mixin.py:190} INFO - [2026-08-12T04:46:46.541+0000] {dag.py:3211} INFO - Sync 2 DAGs
[2026-08-12T04:46:46.554+0000] {logging_mixin.py:190} INFO - [2026-08-12T04:46:46.554+0000] {dag.py:4138} INFO - Setting next_dagrun for example_external_task_marker_child to None, run_after=None
[2026-08-12T04:46:46.559+0000] {logging_mixin.py:190} INFO - [2026-08-12T04:46:46.559+0000] {dag.py:4138} INFO - Setting next_dagrun for example_external_task_marker_parent to None, run_after=None
[2026-08-12T04:46:46.591+0000] {processor.py:208} INFO - Processing /home/airflow/.local/lib/python3.12/site-packages/airflow/example_dags/example_external_task_marker_dag.py took 0.091 seconds
[2026-08-12T04:47:17.035+0000] {processor.py:186} INFO - Started process (PID=1820) to work on /home/airflow/.local/lib/python3.12/site-packages/airflow/example_dags/example_external_task_marker_dag.py
[2026-08-12T04:47:17.037+0000] {processor.py:914} INFO - Processing file /home/airflow/.local/lib/python3.12/site-packages/airflow/example_dags/example_external_task_marker_dag.py for tasks to queue
[2026-08-12T04:47:17.042+0000] {logging_mixin.py:190} INFO - [2026-08-12T04:47:17.041+0000] {dagbag.py:587} INFO - Filling up the DagBag from /home/airflow/.local/lib/python3.12/site-packages/airflow/example_dags/example_external_task_marker_dag.py
[2026-08-12T04:47:17.053+0000] {processor.py:925} INFO - DAG(s) 'example_external_task_marker_parent', 'example_external_task_marker_child' retrieved from /home/airflow/.local/lib/python3.12/site-packages/airflow/example_dags/example_external_task_marker_dag.py
[2026-08-12T04:47:17.094+0000] {logging_mixin.py:190} INFO - [2026-08-12T04:47:17.093+0000] {dag.py:3211} INFO - Sync 2 DAGs
[2026-08-12T04:47:17.112+0000] {logging_mixin.py:190} INFO - [2026-08-12T04:47:17.111+0000] {dag.py:4138} INFO - Setting next_dagrun for example_external_task_marker_child to None, run_after=None
[2026-08-12T04:47:17.117+0000] {logging_mixin.py:190} INFO - [2026-08-12T04:47:17.116+0000] {dag.py:4138} INFO - Setting next_dagrun for example_external_task_marker_parent to None, run_after=None
[2026-08-12T04:47:17.155+0000] {processor.py:208} INFO - Processing /home/airflow/.local/lib/python3.12/site-packages/airflow/example_dags/example_external_task_marker_dag.py took 0.129 seconds
[2026-08-12T04:47:48.056+0000] {processor.py:186} INFO - Started process (PID=1882) to work on /home/airflow/.local/lib/python3.12/site-packages/airflow/example_dags/example_external_task_marker_dag.py
[2026-08-12T04:47:48.058+0000] {processor.py:914} INFO - Processing file /home/airflow/.local/lib/python3.12/site-packages/airflow/example_dags/example_external_task_marker_dag.py for tasks to queue
[2026-08-12T04:47:48.061+0000] {logging_mixin.py:190} INFO - [2026-08-12T04:47:48.061+0000] {dagbag.py:587} INFO - Filling up the DagBag from /home/airflow/.local/lib/python3.12/site-packages/airflow/example_dags/example_external_task_marker_dag.py
[2026-08-12T04:47:48.073+0000] {processor.py:925} INFO - DAG(s) 'example_external_task_marker_child', 'example_external_task_marker_parent' retrieved from /home/airflow/.local/lib/python3.12/site-packages/airflow/example_dags/example_external_task_marker_dag.py
[2026-08-12T04:47:48.104+0000] {logging_mixin.py:190} INFO - [2026-08-12T04:47:48.103+0000] {dag.py:3211} INFO - Sync 2 DAGs
[2026-08-12T04:47:48.124+0000] {logging_mixin.py:190} INFO - [2026-08-12T04:47:48.124+0000] {dag.py:4138} INFO - Setting next_dagrun for example_external_task_marker_child to None, run_after=None
[2026-08-12T04:47:48.131+0000] {logging_mixin.py:190} INFO - [2026-08-12T04:47:48.130+0000] {dag.py:4138} INFO - Setting next_dagrun for example_external_task_marker_parent to None, run_after=None
[2026-08-12T04:47:48.152+0000] {processor.py:208} INFO - Processing /home/airflow/.local/lib/python3.12/site-packages/airflow/example_dags/example_external_task_marker_dag.py took 0.102 seconds
[2026-08-12T04:48:18.278+0000] {processor.py:186} INFO - Started process (PID=1945) to work on /home/airflow/.local/lib/python3.12/site-packages/airflow/example_dags/example_external_task_marker_dag.py
[2026-08-12T04:48:18.280+0000] {processor.py:914} INFO - Processing file /home/airflow/.local/lib/python3.12/site-packages/airflow/example_dags/example_external_task_marker_dag.py for tasks to queue
[2026-08-12T04:48:18.284+0000] {logging_mixin.py:190} INFO - [2026-08-12T04:48:18.283+0000] {dagbag.py:587} INFO - Filling up the DagBag from /home/airflow/.local/lib/python3.12/site-packages/airflow/example_dags/example_external_task_marker_dag.py
[2026-08-12T04:48:18.293+0000] {processor.py:925} INFO - DAG(s) 'example_external_task_marker_parent', 'example_external_task_marker_child' retrieved from /home/airflow/.local/lib/python3.12/site-packages/airflow/example_dags/example_external_task_marker_dag.py
[2026-08-12T04:48:18.319+0000] {logging_mixin.py:190} INFO - [2026-08-12T04:48:18.319+0000] {dag.py:3211} INFO - Sync 2 DAGs
[2026-08-12T04:48:18.337+0000] {logging_mixin.py:190} INFO - [2026-08-12T04:48:18.337+0000] {dag.py:4138} INFO - Setting next_dagrun for example_external_task_marker_child to None, run_after=None
[2026-08-12T04:48:18.344+0000] {logging_mixin.py:190} INFO - [2026-08-12T04:48:18.344+0000] {dag.py:4138} INFO - Setting next_dagrun for example_external_task_marker_parent to None, run_after=None
[2026-08-12T04:48:18.367+0000] {processor.py:208} INFO - Processing /home/airflow/.local/lib/python3.12/site-packages/airflow/example_dags/example_external_task_marker_dag.py took 0.099 seconds
[2026-08-12T04:48:48.459+0000] {processor.py:186} INFO - Started process (PID=2008) to work on /home/airflow/.local/lib/python3.12/site-packages/airflow/example_dags/example_external_task_marker_dag.py
[2026-08-12T04:48:48.461+0000] {processor.py:914} INFO - Processing file /home/airflow/.local/lib/python3.12/site-packages/airflow/example_dags/example_external_task_marker_dag.py for tasks to queue
[2026-08-12T04:48:48.465+0000] {logging_mixin.py:190} INFO - [2026-08-12T04:48:48.465+0000] {dagbag.py:587} INFO - Filling up the DagBag from /home/airflow/.local/lib/python3.12/site-packages/airflow/example_dags/example_external_task_marker_dag.py
[2026-08-12T04:48:48.477+0000] {processor.py:925} INFO - DAG(s) 'example_external_task_marker_child', 'example_external_task_marker_parent' retrieved from /home/airflow/.local/lib/python3.12/site-packages/airflow/example_dags/example_external_task_marker_dag.py
[2026-08-12T04:48:48.514+0000] {logging_mixin.py:190} INFO - [2026-08-12T04:48:48.513+0000] {dag.py:3211} INFO - Sync 2 DAGs
[2026-08-12T04:48:48.531+0000] {logging_mixin.py:190} INFO - [2026-08-12T04:48:48.531+0000] {dag.py:4138} INFO - Setting next_dagrun for example_external_task_marker_child to None, run_after=None
[2026-08-12T04:48:48.536+0000] {logging_mixin.py:190} INFO - [2026-08-12T04:48:48.536+0000] {dag.py:4138} INFO - Setting next_dagrun for example_external_task_marker_parent to None, run_after=None
[2026-08-12T04:48:48.569+0000] {processor.py:208} INFO - Processing /home/airflow/.local/lib/python3.12/site-packages/airflow/example_dags/example_external_task_marker_dag.py took 0.121 seconds
[2026-08-12T04:49:18.893+0000] {processor.py:186} INFO - Started process (PID=2071) to work on /home/airflow/.local/lib/python3.12/site-packages/airflow/example_dags/example_external_task_marker_dag.py
[2026-08-12T04:49:18.895+0000] {processor.py:914} INFO - Processing file /home/airflow/.local/lib/python3.12/site-packages/airflow/example_dags/example_external_task_marker_dag.py for tasks to queue
[2026-08-12T04:49:18.898+0000] {logging_mixin.py:190} INFO - [2026-08-12T04:49:18.898+0000] {dagbag.py:587} INFO - Filling up the DagBag from /home/airflow/.local/lib/python3.12/site-packages/airflow/example_dags/example_external_task_marker_dag.py
[2026-08-12T04:49:18.907+0000] {processor.py:925} INFO - DAG(s) 'example_external_task_marker_child', 'example_external_task_marker_parent' retrieved from /home/airflow/.local/lib/python3.12/site-packages/airflow/example_dags/example_external_task_marker_dag.py
[2026-08-12T04:49:18.933+0000] {logging_mixin.py:190} INFO - [2026-08-12T04:49:18.932+0000] {dag.py:3211} INFO - Sync 2 DAGs
[2026-08-12T04:49:18.948+0000] {logging_mixin.py:190} INFO - [2026-08-12T04:49:18.948+0000] {dag.py:4138} INFO - Setting next_dagrun for example_external_task_marker_child to None, run_after=None
[2026-08-12T04:49:18.955+0000] {logging_mixin.py:190} INFO - [2026-08-12T04:49:18.954+0000] {dag.py:4138} INFO - Setting next_dagrun for example_external_task_marker_parent to None, run_after=None
[2026-08-12T04:49:18.983+0000] {processor.py:208} INFO - Processing /home/airflow/.local/lib/python3.12/site-packages/airflow/example_dags/example_external_task_marker_dag.py took 0.098 seconds
[2026-08-12T04:49:49.504+0000] {processor.py:186} INFO - Started process (PID=2134) to work on /home/airflow/.local/lib/python3.12/site-packages/airflow/example_dags/example_external_task_marker_dag.py
[2026-08-12T04:49:49.514+0000] {processor.py:914} INFO - Processing file /home/airflow/.local/lib/python3.12/site-packages/airflow/example_dags/example_external_task_marker_dag.py for tasks to queue
[2026-08-12T04:49:49.518+0000] {logging_mixin.py:190} INFO - [2026-08-12T04:49:49.517+0000] {dagbag.py:587} INFO - Filling up the DagBag from /home/airflow/.local/lib/python3.12/site-packages/airflow/example_dags/example_external_task_marker_dag.py
[2026-08-12T04:49:49.532+0000] {processor.py:925} INFO - DAG(s) 'example_external_task_marker_child', 'example_external_task_marker_parent' retrieved from /home/airflow/.local/lib/python3.12/site-packages/airflow/example_dags/example_external_task_marker_dag.py
[2026-08-12T04:49:49.569+0000] {logging_mixin.py:190} INFO - [2026-08-12T04:49:49.568+0000] {dag.py:3211} INFO - Sync 2 DAGs
[2026-08-12T04:49:49.585+0000] {logging_mixin.py:190} INFO - [2026-08-12T04:49:49.584+0000] {dag.py:4138} INFO - Setting next_dagrun for example_external_task_marker_child to None, run_after=None
[2026-08-12T04:49:49.589+0000] {logging_mixin.py:190} INFO - [2026-08-12T04:49:49.589+0000] {dag.py:4138} INFO - Setting next_dagrun for example_external_task_marker_parent to None, run_after=None
[2026-08-12T04:49:49.607+0000] {processor.py:208} INFO - Processing /home/airflow/.local/lib/python3.12/site-packages/airflow/example_dags/example_external_task_marker_dag.py took 0.113 seconds
[2026-08-12T04:50:19.847+0000] {processor.py:186} INFO - Started process (PID=2199) to work on /home/airflow/.local/lib/python3.12/site-packages/airflow/example_dags/example_external_task_marker_dag.py
[2026-08-12T04:50:19.848+0000] {processor.py:914} INFO - Processing file /home/airflow/.local/lib/python3.12/site-packages/airflow/example_dags/example_external_task_marker_dag.py for tasks to queue
[2026-08-12T04:50:19.852+0000] {logging_mixin.py:190} INFO - [2026-08-12T04:50:19.851+0000] {dagbag.py:587} INFO - Filling up the DagBag from /home/airflow/.local/lib/python3.12/site-packages/airflow/example_dags/example_external_task_marker_dag.py
[2026-08-12T04:50:19.860+0000] {processor.py:925} INFO - DAG(s) 'example_external_task_marker_child', 'example_external_task_marker_parent' retrieved from /home/airflow/.local/lib/python3.12/site-packages/airflow/example_dags/example_external_task_marker_dag.py
[2026-08-12T04:50:19.885+0000] {logging_mixin.py:190} INFO - [2026-08-12T04:50:19.885+0000] {dag.py:3211} INFO - Sync 2 DAGs
[2026-08-12T04:50:19.901+0000] {logging_mixin.py:190} INFO - [2026-08-12T04:50:19.901+0000] {dag.py:4138} INFO - Setting next_dagrun for example_external_task_marker_child to None, run_after=None
[2026-08-12T04:50:19.906+0000] {logging_mixin.py:190} INFO - [2026-08-12T04:50:19.906+0000] {dag.py:4138} INFO - Setting next_dagrun for example_external_task_marker_parent to None, run_after=None
[2026-08-12T04:50:19.925+0000] {processor.py:208} INFO - Processing /home/airflow/.local/lib/python3.12/site-packages/airflow/example_dags/example_external_task_marker_dag.py took 0.083 seconds
[2026-08-12T04:50:50.599+0000] {processor.py:186} INFO - Started process (PID=2262) to work on /home/airflow/.local/lib/python3.12/site-packages/airflow/example_dags/example_external_task_marker_dag.py
[2026-08-12T04:50:50.602+0000] {processor.py:914} INFO - Processing file /home/airflow/.local/lib/python3.12/site-packages/airflow/example_dags/example_external_task_marker_dag.py for tasks to queue
[2026-08-12T04:50:50.606+0000] {logging_mixin.py:190} INFO - [2026-08-12T04:50:50.605+0000] {dagbag.py:587} INFO - Filling up the DagBag from /home/airflow/.local/lib/python3.12/site-packages/airflow/example_dags/example_external_task_marker_dag.py
[2026-08-12T04:50:50.620+0000] {processor.py:925} INFO - DAG(s) 'example_external_task_marker_parent', 'example_external_task_marker_child' retrieved from /home/airflow/.local/lib/python3.12/site-packages/airflow/example_dags/example_external_task_marker_dag.py
[2026-08-12T04:50:50.647+0000] {logging_mixin.py:190} INFO - [2026-08-12T04:50:50.646+0000] {dag.py:3211} INFO - Sync 2 DAGs
[2026-08-12T04:50:50.667+0000] {logging_mixin.py:190} INFO - [2026-08-12T04:50:50.667+0000] {dag.py:4138} INFO - Setting next_dagrun for example_external_task_marker_child to None, run_after=None
[2026-08-12T04:50:50.672+0000] {logging_mixin.py:190} INFO - [2026-08-12T04:50:50.672+0000] {dag.py:4138} INFO - Setting next_dagrun for example_external_task_marker_parent to None, run_after=None
[2026-08-12T04:50:50.706+0000] {processor.py:208} INFO - Processing /home/airflow/.local/lib/python3.12/site-packages/airflow/example_dags/example_external_task_marker_dag.py took 0.118 seconds
[2026-08-12T04:51:21.229+0000] {processor.py:186} INFO - Started process (PID=2325) to work on /home/airflow/.local/lib/python3.12/site-packages/airflow/example_dags/example_external_task_marker_dag.py
[2026-08-12T04:51:21.231+0000] {processor.py:914} INFO - Processing file /home/airflow/.local/lib/python3.12/site-packages/airflow/example_dags/example_external_task_marker_dag.py for tasks to queue
[2026-08-12T04:51:21.234+0000] {logging_mixin.py:190} INFO - [2026-08-12T04:51:21.234+0000] {dagbag.py:587} INFO - Filling up the DagBag from /home/airflow/.local/lib/python3.12/site-packages/airflow/example_dags/example_external_task_marker_dag.py
[2026-08-12T04:51:21.243+0000] {processor.py:925} INFO - DAG(s) 'example_external_task_marker_parent', 'example_external_task_marker_child' retrieved from /home/airflow/.local/lib/python3.12/site-packages/airflow/example_dags/example_external_task_marker_dag.py
[2026-08-12T04:51:21.268+0000] {logging_mixin.py:190} INFO - [2026-08-12T04:51:21.268+0000] {dag.py:3211} INFO - Sync 2 DAGs
[2026-08-12T04:51:21.282+0000] {logging_mixin.py:190} INFO - [2026-08-12T04:51:21.282+0000] {dag.py:4138} INFO - Setting next_dagrun for example_external_task_marker_child to None, run_after=None
[2026-08-12T04:51:21.287+0000] {logging_mixin.py:190} INFO - [2026-08-12T04:51:21.286+0000] {dag.py:4138} INFO - Setting next_dagrun for example_external_task_marker_parent to None, run_after=None
[2026-08-12T04:51:21.324+0000] {processor.py:208} INFO - Processing /home/airflow/.local/lib/python3.12/site-packages/airflow/example_dags/example_external_task_marker_dag.py took 0.101 seconds
[2026-08-12T04:51:51.950+0000] {processor.py:186} INFO - Started process (PID=2388) to work on /home/airflow/.local/lib/python3.12/site-packages/airflow/example_dags/example_external_task_marker_dag.py
[2026-08-12T04:51:51.951+0000] {processor.py:914} INFO - Processing file /home/airflow/.local/lib/python3.12/site-packages/airflow/example_dags/example_external_task_marker_dag.py for tasks to queue
[2026-08-12T04:51:51.955+0000] {logging_mixin.py:190} INFO - [2026-08-12T04:51:51.954+0000] {dagbag.py:587} INFO - Filling up the DagBag from /home/airflow/.local/lib/python3.12/site-packages/airflow/example_dags/example_external_task_marker_dag.py
[2026-08-12T04:51:51.964+0000] {processor.py:925} INFO - DAG(s) 'example_external_task_marker_parent', 'example_external_task_marker_child' retrieved from /home/airflow/.local/lib/python3.12/site-packages/airflow/example_dags/example_external_task_marker_dag.py
[2026-08-12T04:51:51.994+0000] {logging_mixin.py:190} INFO - [2026-08-12T04:51:51.994+0000] {dag.py:3211} INFO - Sync 2 DAGs
[2026-08-12T04:51:52.011+0000] {logging_mixin.py:190} INFO - [2026-08-12T04:51:52.010+0000] {dag.py:4138} INFO - Setting next_dagrun for example_external_task_marker_child to None, run_after=None
[2026-08-12T04:51:52.015+0000] {logging_mixin.py:190} INFO - [2026-08-12T04:51:52.015+0000] {dag.py:4138} INFO - Setting next_dagrun for example_external_task_marker_parent to None, run_after=None
[2026-08-12T04:51:52.056+0000] {processor.py:208} INFO - Processing /home/airflow/.local/lib/python3.12/site-packages/airflow/example_dags/example_external_task_marker_dag.py took 0.111 seconds
[2026-08-12T04:52:22.371+0000] {processor.py:186} INFO - Started process (PID=2451) to work on /home/airflow/.local/lib/python3.12/site-packages/airflow/example_dags/example_external_task_marker_dag.py
[2026-08-12T04:52:22.373+0000] {processor.py:914} INFO - Processing file /home/airflow/.local/lib/python3.12/site-packages/airflow/example_dags/example_external_task_marker_dag.py for tasks to queue
[2026-08-12T04:52:22.377+0000] {logging_mixin.py:190} INFO - [2026-08-12T04:52:22.376+0000] {dagbag.py:587} INFO - Filling up the DagBag from /home/airflow/.local/lib/python3.12/site-packages/airflow/example_dags/example_external_task_marker_dag.py
[2026-08-12T04:52:22.387+0000] {processor.py:925} INFO - DAG(s) 'example_external_task_marker_child', 'example_external_task_marker_parent' retrieved from /home/airflow/.local/lib/python3.12/site-packages/airflow/example_dags/example_external_task_marker_dag.py
[2026-08-12T04:52:22.414+0000] {logging_mixin.py:190} INFO - [2026-08-12T04:52:22.413+0000] {dag.py:3211} INFO - Sync 2 DAGs
[2026-08-12T04:52:22.431+0000] {logging_mixin.py:190} INFO - [2026-08-12T04:52:22.431+0000] {dag.py:4138} INFO - Setting next_dagrun for example_external_task_marker_child to None, run_after=None
[2026-08-12T04:52:22.437+0000] {logging_mixin.py:190} INFO - [2026-08-12T04:52:22.436+0000] {dag.py:4138} INFO - Setting next_dagrun for example_external_task_marker_parent to None, run_after=None
[2026-08-12T04:52:22.457+0000] {processor.py:208} INFO - Processing /home/airflow/.local/lib/python3.12/site-packages/airflow/example_dags/example_external_task_marker_dag.py took 0.092 seconds
[2026-08-12T04:52:53.299+0000] {processor.py:186} INFO - Started process (PID=2514) to work on /home/airflow/.local/lib/python3.12/site-packages/airflow/example_dags/example_external_task_marker_dag.py
[2026-08-12T04:52:53.301+0000] {processor.py:914} INFO - Processing file /home/airflow/.local/lib/python3.12/site-packages/airflow/example_dags/example_external_task_marker_dag.py for tasks to queue
[2026-08-12T04:52:53.305+0000] {logging_mixin.py:190} INFO - [2026-08-12T04:52:53.304+0000] {dagbag.py:587} INFO - Filling up the DagBag from /home/airflow/.local/lib/python3.12/site-packages/airflow/example_dags/example_external_task_marker_dag.py
[2026-08-12T04:52:53.314+0000] {processor.py:925} INFO - DAG(s) 'example_external_task_marker_parent', 'example_external_task_marker_child' retrieved from /home/airflow/.local/lib/python3.12/site-packages/airflow/example_dags/example_external_task_marker_dag.py
[2026-08-12T04:52:53.341+0000] {logging_mixin.py:190} INFO - [2026-08-12T04:52:53.341+0000] {dag.py:3211} INFO - Sync 2 DAGs
[2026-08-12T04:52:53.359+0000] {logging_mixin.py:190} INFO - [2026-08-12T04:52:53.359+0000] {dag.py:4138} INFO - Setting next_dagrun for example_external_task_marker_child to None, run_after=None
[2026-08-12T04:52:53.364+0000] {logging_mixin.py:190} INFO - [2026-08-12T04:52:53.364+0000] {dag.py:4138} INFO - Setting next_dagrun for example_external_task_marker_parent to None, run_after=None
[2026-08-12T04:52:53.386+0000] {processor.py:208} INFO - Processing /home/airflow/.local/lib/python3.12/site-packages/airflow/example_dags/example_external_task_marker_dag.py took 0.094 seconds
[2026-08-12T04:53:24.295+0000] {processor.py:186} INFO - Started process (PID=2577) to work on /home/airflow/.local/lib/python3.12/site-packages/airflow/example_dags/example_external_task_marker_dag.py
[2026-08-12T04:53:24.297+0000] {processor.py:914} INFO - Processing file /home/airflow/.local/lib/python3.12/site-packages/airflow/example_dags/example_external_task_marker_dag.py for tasks to queue
[2026-08-12T04:53:24.299+0000] {logging_mixin.py:190} INFO - [2026-08-12T04:53:24.299+0000] {dagbag.py:587} INFO - Filling up the DagBag from /home/airflow/.local/lib/python3.12/site-packages/airflow/example_dags/example_external_task_marker_dag.py
[2026-08-12T04:53:24.307+0000] {processor.py:925} INFO - DAG(s) 'example_external_task_marker_parent', 'example_external_task_marker_child' retrieved from /home/airflow/.local/lib/python3.12/site-packages/airflow/example_dags/example_external_task_marker_dag.py
[2026-08-12T04:53:24.330+0000] {logging_mixin.py:190} INFO - [2026-08-12T04:53:24.330+0000] {dag.py:3211} INFO - Sync 2 DAGs
[2026-08-12T04:53:24.345+0000] {logging_mixin.py:190} INFO - [2026-08-12T04:53:24.344+0000] {dag.py:4138} INFO - Setting next_dagrun for example_external_task_marker_child to None, run_after=None
[2026-08-12T04:53:24.349+0000] {logging_mixin.py:190} INFO - [2026-08-12T04:53:24.349+0000] {dag.py:4138} INFO - Setting next_dagrun for example_external_task_marker_parent to None, run_after=None
[2026-08-12T04:53:24.367+0000] {processor.py:208} INFO - Processing /home/airflow/.local/lib/python3.12/site-packages/airflow/example_dags/example_external_task_marker_dag.py took 0.077 seconds
[2026-08-12T04:53:55.059+0000] {processor.py:186} INFO - Started process (PID=2640) to work on /home/airflow/.local/lib/python3.12/site-packages/airflow/example_dags/example_external_task_marker_dag.py
[2026-08-12T04:53:55.061+0000] {processor.py:914} INFO - Processing file /home/airflow/.local/lib/python3.12/site-packages/airflow/example_dags/example_external_task_marker_dag.py for tasks to queue
[2026-08-12T04:53:55.065+0000] {logging_mixin.py:190} INFO - [2026-08-12T04:53:55.064+0000] {dagbag.py:587} INFO - Filling up the DagBag from /home/airflow/.local/lib/python3.12/site-packages/airflow/example_dags/example_external_task_marker_dag.py
[2026-08-12T04:53:55.074+0000] {processor.py:925} INFO - DAG(s) 'example_external_task_marker_parent', 'example_external_task_marker_child' retrieved from /home/airflow/.local/lib/python3.12/site-packages/airflow/example_dags/example_external_task_marker_dag.py
[2026-08-12T04:53:55.099+0000] {logging_mixin.py:190} INFO - [2026-08-12T04:53:55.098+0000] {dag.py:3211} INFO - Sync 2 DAGs
[2026-08-12T04:53:55.118+0000] {logging_mixin.py:190} INFO - [2026-08-12T04:53:55.118+0000] {dag.py:4138} INFO - Setting next_dagrun for example_external_task_marker_child to None, run_after=None
[2026-08-12T04:53:55.123+0000] {logging_mixin.py:190} INFO - [2026-08-12T04:53:55.123+0000] {dag.py:4138} INFO - Setting next_dagrun for example_external_task_marker_parent to None, run_after=None
[2026-08-12T04:53:55.141+0000] {processor.py:208} INFO - Processing /home/airflow/.local/lib/python3.12/site-packages/airflow/example_dags/example_external_task_marker_dag.py took 0.089 seconds
[2026-08-12T04:54:25.924+0000] {processor.py:186} INFO - Started process (PID=2703) to work on /home/airflow/.local/lib/python3.12/site-packages/airflow/example_dags/example_external_task_marker_dag.py
[2026-08-12T04:54:25.926+0000] {processor.py:914} INFO - Processing file /home/airflow/.local/lib/python3.12/site-packages/airflow/example_dags/example_external_task_marker_dag.py for tasks to queue
[2026-08-12T04:54:25.929+0000] {logging_mixin.py:190} INFO - [2026-08-12T04:54:25.928+0000] {dagbag.py:587} INFO - Filling up the DagBag from /home/airflow/.local/lib/python3.12/site-packages/airflow/example_dags/example_external_task_marker_dag.py
[2026-08-12T04:54:25.937+0000] {processor.py:925} INFO - DAG(s) 'example_external_task_marker_child', 'example_external_task_marker_parent' retrieved from /home/airflow/.local/lib/python3.12/site-packages/airflow/example_dags/example_external_task_marker_dag.py
[2026-08-12T04:54:25.967+0000] {logging_mixin.py:190} INFO - [2026-08-12T04:54:25.967+0000] {dag.py:3211} INFO - Sync 2 DAGs
[2026-08-12T04:54:25.982+0000] {logging_mixin.py:190} INFO - [2026-08-12T04:54:25.982+0000] {dag.py:4138} INFO - Setting next_dagrun for example_external_task_marker_child to None, run_after=None
[2026-08-12T04:54:25.987+0000] {logging_mixin.py:190} INFO - [2026-08-12T04:54:25.987+0000] {dag.py:4138} INFO - Setting next_dagrun for example_external_task_marker_parent to None, run_after=None
[2026-08-12T04:54:26.016+0000] {processor.py:208} INFO - Processing /home/airflow/.local/lib/python3.12/site-packages/airflow/example_dags/example_external_task_marker_dag.py took 0.099 seconds
[2026-08-12T04:54:56.521+0000] {processor.py:186} INFO - Started process (PID=2766) to work on /home/airflow/.local/lib/python3.12/site-packages/airflow/example_dags/example_external_task_marker_dag.py
[2026-08-12T04:54:56.523+0000] {processor.py:914} INFO - Processing file /home/airflow/.local/lib/python3.12/site-packages/airflow/example_dags/example_external_task_marker_dag.py for tasks to queue
[2026-08-12T04:54:56.526+0000] {logging_mixin.py:190} INFO - [2026-08-12T04:54:56.525+0000] {dagbag.py:587} INFO - Filling up the DagBag from /home/airflow/.local/lib/python3.12/site-packages/airflow/example_dags/example_external_task_marker_dag.py
[2026-08-12T04:54:56.533+0000] {processor.py:925} INFO - DAG(s) 'example_external_task_marker_child', 'example_external_task_marker_parent' retrieved from /home/airflow/.local/lib/python3.12/site-packages/airflow/example_dags/example_external_task_marker_dag.py
[2026-08-12T04:54:56.556+0000] {logging_mixin.py:190} INFO - [2026-08-12T04:54:56.556+0000] {dag.py:3211} INFO - Sync 2 DAGs
[2026-08-12T04:54:56.570+0000] {logging_mixin.py:190} INFO - [2026-08-12T04:54:56.570+0000] {dag.py:4138} INFO - Setting next_dagrun for example_external_task_marker_child to None, run_after=None
[2026-08-12T04:54:56.575+0000] {logging_mixin.py:190} INFO - [2026-08-12T04:54:56.575+0000] {dag.py:4138} INFO - Setting next_dagrun for example_external_task_marker_parent to None, run_after=None
[2026-08-12T04:54:56.597+0000] {processor.py:208} INFO - Processing /home/airflow/.local/lib/python3.12/site-packages/airflow/example_dags/example_external_task_marker_dag.py took 0.081 seconds
[2026-08-12T04:55:27.320+0000] {processor.py:186} INFO - Started process (PID=2829) to work on /home/airflow/.local/lib/python3.12/site-packages/airflow/example_dags/example_external_task_marker_dag.py
[2026-08-12T04:55:27.322+0000] {processor.py:914} INFO - Processing file /home/airflow/.local/lib/python3.12/site-packages/airflow/example_dags/example_external_task_marker_dag.py for tasks to queue
[2026-08-12T04:55:27.325+0000] {logging_mixin.py:190} INFO - [2026-08-12T04:55:27.325+0000] {dagbag.py:587} INFO - Filling up the DagBag from /home/airflow/.local/lib/python3.12/site-packages/airflow/example_dags/example_external_task_marker_dag.py
[2026-08-12T04:55:27.335+0000] {processor.py:925} INFO - DAG(s) 'example_external_task_marker_child', 'example_external_task_marker_parent' retrieved from /home/airflow/.local/lib/python3.12/site-packages/airflow/example_dags/example_external_task_marker_dag.py
[2026-08-12T04:55:27.361+0000] {logging_mixin.py:190} INFO - [2026-08-12T04:55:27.360+0000] {dag.py:3211} INFO - Sync 2 DAGs
[2026-08-12T04:55:27.374+0000] {logging_mixin.py:190} INFO - [2026-08-12T04:55:27.374+0000] {dag.py:4138} INFO - Setting next_dagrun for example_external_task_marker_child to None, run_after=None
[2026-08-12T04:55:27.379+0000] {logging_mixin.py:190} INFO - [2026-08-12T04:55:27.379+0000] {dag.py:4138} INFO - Setting next_dagrun for example_external_task_marker_parent to None, run_after=None
[2026-08-12T04:55:27.398+0000] {processor.py:208} INFO - Processing /home/airflow/.local/lib/python3.12/site-packages/airflow/example_dags/example_external_task_marker_dag.py took 0.083 seconds
[2026-08-12T04:55:57.948+0000] {processor.py:186} INFO - Started process (PID=2892) to work on /home/airflow/.local/lib/python3.12/site-packages/airflow/example_dags/example_external_task_marker_dag.py
[2026-08-12T04:55:57.950+0000] {processor.py:914} INFO - Processing file /home/airflow/.local/lib/python3.12/site-packages/airflow/example_dags/example_external_task_marker_dag.py for tasks to queue
[2026-08-12T04:55:57.953+0000] {logging_mixin.py:190} INFO - [2026-08-12T04:55:57.953+0000] {dagbag.py:587} INFO - Filling up the DagBag from /home/airflow/.local/lib/python3.12/site-packages/airflow/example_dags/example_external_task_marker_dag.py
[2026-08-12T04:55:57.961+0000] {processor.py:925} INFO - DAG(s) 'example_external_task_marker_parent', 'example_external_task_marker_child' retrieved from /home/airflow/.local/lib/python3.12/site-packages/airflow/example_dags/example_external_task_marker_dag.py
[2026-08-12T04:55:57.986+0000] {logging_mixin.py:190} INFO - [2026-08-12T04:55:57.986+0000] {dag.py:3211} INFO - Sync 2 DAGs
[2026-08-12T04:55:58.003+0000] {logging_mixin.py:190} INFO - [2026-08-12T04:55:58.003+0000] {dag.py:4138} INFO - Setting next_dagrun for example_external_task_marker_child to None, run_after=None
[2026-08-12T04:55:58.008+0000] {logging_mixin.py:190} INFO - [2026-08-12T04:55:58.008+0000] {dag.py:4138} INFO - Setting next_dagrun for example_external_task_marker_parent to None, run_after=None
[2026-08-12T04:55:58.029+0000] {processor.py:208} INFO - Processing /home/airflow/.local/lib/python3.12/site-packages/airflow/example_dags/example_external_task_marker_dag.py took 0.086 seconds
[2026-08-12T04:56:28.567+0000] {processor.py:186} INFO - Started process (PID=2955) to work on /home/airflow/.local/lib/python3.12/site-packages/airflow/example_dags/example_external_task_marker_dag.py
[2026-08-12T04:56:28.569+0000] {processor.py:914} INFO - Processing file /home/airflow/.local/lib/python3.12/site-packages/airflow/example_dags/example_external_task_marker_dag.py for tasks to queue
[2026-08-12T04:56:28.571+0000] {logging_mixin.py:190} INFO - [2026-08-12T04:56:28.571+0000] {dagbag.py:587} INFO - Filling up the DagBag from /home/airflow/.local/lib/python3.12/site-packages/airflow/example_dags/example_external_task_marker_dag.py
[2026-08-12T04:56:28.579+0000] {processor.py:925} INFO - DAG(s) 'example_external_task_marker_child', 'example_external_task_marker_parent' retrieved from /home/airflow/.local/lib/python3.12/site-packages/airflow/example_dags/example_external_task_marker_dag.py
[2026-08-12T04:56:28.606+0000] {logging_mixin.py:190} INFO - [2026-08-12T04:56:28.605+0000] {dag.py:3211} INFO - Sync 2 DAGs
[2026-08-12T04:56:28.624+0000] {logging_mixin.py:190} INFO - [2026-08-12T04:56:28.624+0000] {dag.py:4138} INFO - Setting next_dagrun for example_external_task_marker_child to None, run_after=None
[2026-08-12T04:56:28.631+0000] {logging_mixin.py:190} INFO - [2026-08-12T04:56:28.631+0000] {dag.py:4138} INFO - Setting next_dagrun for example_external_task_marker_parent to None, run_after=None
[2026-08-12T04:56:28.652+0000] {processor.py:208} INFO - Processing /home/airflow/.local/lib/python3.12/site-packages/airflow/example_dags/example_external_task_marker_dag.py took 0.091 seconds
[2026-08-12T04:56:58.918+0000] {processor.py:186} INFO - Started process (PID=3018) to work on /home/airflow/.local/lib/python3.12/site-packages/airflow/example_dags/example_external_task_marker_dag.py
[2026-08-12T04:56:58.919+0000] {processor.py:914} INFO - Processing file /home/airflow/.local/lib/python3.12/site-packages/airflow/example_dags/example_external_task_marker_dag.py for tasks to queue
[2026-08-12T04:56:58.923+0000] {logging_mixin.py:190} INFO - [2026-08-12T04:56:58.923+0000] {dagbag.py:587} INFO - Filling up the DagBag from /home/airflow/.local/lib/python3.12/site-packages/airflow/example_dags/example_external_task_marker_dag.py
[2026-08-12T04:56:58.935+0000] {processor.py:925} INFO - DAG(s) 'example_external_task_marker_parent', 'example_external_task_marker_child' retrieved from /home/airflow/.local/lib/python3.12/site-packages/airflow/example_dags/example_external_task_marker_dag.py
[2026-08-12T04:56:58.967+0000] {logging_mixin.py:190} INFO - [2026-08-12T04:56:58.967+0000] {dag.py:3211} INFO - Sync 2 DAGs
[2026-08-12T04:56:58.988+0000] {logging_mixin.py:190} INFO - [2026-08-12T04:56:58.988+0000] {dag.py:4138} INFO - Setting next_dagrun for example_external_task_marker_child to None, run_after=None
[2026-08-12T04:56:58.993+0000] {logging_mixin.py:190} INFO - [2026-08-12T04:56:58.993+0000] {dag.py:4138} INFO - Setting next_dagrun for example_external_task_marker_parent to None, run_after=None
[2026-08-12T04:56:59.015+0000] {processor.py:208} INFO - Processing /home/airflow/.local/lib/python3.12/site-packages/airflow/example_dags/example_external_task_marker_dag.py took 0.108 seconds
[2026-08-12T04:57:29.295+0000] {processor.py:186} INFO - Started process (PID=3081) to work on /home/airflow/.local/lib/python3.12/site-packages/airflow/example_dags/example_external_task_marker_dag.py
[2026-08-12T04:57:29.296+0000] {processor.py:914} INFO - Processing file /home/airflow/.local/lib/python3.12/site-packages/airflow/example_dags/example_external_task_marker_dag.py for tasks to queue
[2026-08-12T04:57:29.299+0000] {logging_mixin.py:190} INFO - [2026-08-12T04:57:29.299+0000] {dagbag.py:587} INFO - Filling up the DagBag from /home/airflow/.local/lib/python3.12/site-packages/airflow/example_dags/example_external_task_marker_dag.py
[2026-08-12T04:57:29.307+0000] {processor.py:925} INFO - DAG(s) 'example_external_task_marker_parent', 'example_external_task_marker_child' retrieved from /home/airflow/.local/lib/python3.12/site-packages/airflow/example_dags/example_external_task_marker_dag.py
[2026-08-12T04:57:29.331+0000] {logging_mixin.py:190} INFO - [2026-08-12T04:57:29.331+0000] {dag.py:3211} INFO - Sync 2 DAGs
[2026-08-12T04:57:29.346+0000] {logging_mixin.py:190} INFO - [2026-08-12T04:57:29.346+0000] {dag.py:4138} INFO - Setting next_dagrun for example_external_task_marker_child to None, run_after=None
[2026-08-12T04:57:29.351+0000] {logging_mixin.py:190} INFO - [2026-08-12T04:57:29.350+0000] {dag.py:4138} INFO - Setting next_dagrun for example_external_task_marker_parent to None, run_after=None
[2026-08-12T04:57:29.371+0000] {processor.py:208} INFO - Processing /home/airflow/.local/lib/python3.12/site-packages/airflow/example_dags/example_external_task_marker_dag.py took 0.081 seconds
[2026-08-12T04:58:00.146+0000] {processor.py:186} INFO - Started process (PID=3144) to work on /home/airflow/.local/lib/python3.12/site-packages/airflow/example_dags/example_external_task_marker_dag.py
[2026-08-12T04:58:00.148+0000] {processor.py:914} INFO - Processing file /home/airflow/.local/lib/python3.12/site-packages/airflow/example_dags/example_external_task_marker_dag.py for tasks to queue
[2026-08-12T04:58:00.152+0000] {logging_mixin.py:190} INFO - [2026-08-12T04:58:00.152+0000] {dagbag.py:587} INFO - Filling up the DagBag from /home/airflow/.local/lib/python3.12/site-packages/airflow/example_dags/example_external_task_marker_dag.py
[2026-08-12T04:58:00.163+0000] {processor.py:925} INFO - DAG(s) 'example_external_task_marker_child', 'example_external_task_marker_parent' retrieved from /home/airflow/.local/lib/python3.12/site-packages/airflow/example_dags/example_external_task_marker_dag.py
[2026-08-12T04:58:00.193+0000] {logging_mixin.py:190} INFO - [2026-08-12T04:58:00.193+0000] {dag.py:3211} INFO - Sync 2 DAGs
[2026-08-12T04:58:00.209+0000] {logging_mixin.py:190} INFO - [2026-08-12T04:58:00.208+0000] {dag.py:4138} INFO - Setting next_dagrun for example_external_task_marker_child to None, run_after=None
[2026-08-12T04:58:00.214+0000] {logging_mixin.py:190} INFO - [2026-08-12T04:58:00.214+0000] {dag.py:4138} INFO - Setting next_dagrun for example_external_task_marker_parent to None, run_after=None
[2026-08-12T04:58:00.233+0000] {processor.py:208} INFO - Processing /home/airflow/.local/lib/python3.12/site-packages/airflow/example_dags/example_external_task_marker_dag.py took 0.093 seconds
[2026-08-12T04:58:30.501+0000] {processor.py:186} INFO - Started process (PID=3206) to work on /home/airflow/.local/lib/python3.12/site-packages/airflow/example_dags/example_external_task_marker_dag.py
[2026-08-12T04:58:30.502+0000] {processor.py:914} INFO - Processing file /home/airflow/.local/lib/python3.12/site-packages/airflow/example_dags/example_external_task_marker_dag.py for tasks to queue
[2026-08-12T04:58:30.506+0000] {logging_mixin.py:190} INFO - [2026-08-12T04:58:30.506+0000] {dagbag.py:587} INFO - Filling up the DagBag from /home/airflow/.local/lib/python3.12/site-packages/airflow/example_dags/example_external_task_marker_dag.py
[2026-08-12T04:58:30.518+0000] {processor.py:925} INFO - DAG(s) 'example_external_task_marker_parent', 'example_external_task_marker_child' retrieved from /home/airflow/.local/lib/python3.12/site-packages/airflow/example_dags/example_external_task_marker_dag.py
[2026-08-12T04:58:30.545+0000] {logging_mixin.py:190} INFO - [2026-08-12T04:58:30.544+0000] {dag.py:3211} INFO - Sync 2 DAGs
[2026-08-12T04:58:30.561+0000] {logging_mixin.py:190} INFO - [2026-08-12T04:58:30.561+0000] {dag.py:4138} INFO - Setting next_dagrun for example_external_task_marker_child to None, run_after=None
[2026-08-12T04:58:30.566+0000] {logging_mixin.py:190} INFO - [2026-08-12T04:58:30.566+0000] {dag.py:4138} INFO - Setting next_dagrun for example_external_task_marker_parent to None, run_after=None
[2026-08-12T04:58:30.588+0000] {processor.py:208} INFO - Processing /home/airflow/.local/lib/python3.12/site-packages/airflow/example_dags/example_external_task_marker_dag.py took 0.096 seconds
[2026-08-12T04:59:02.741+0000] {processor.py:186} INFO - Started process (PID=3270) to work on /home/airflow/.local/lib/python3.12/site-packages/airflow/example_dags/example_external_task_marker_dag.py
[2026-08-12T04:59:02.743+0000] {processor.py:914} INFO - Processing file /home/airflow/.local/lib/python3.12/site-packages/airflow/example_dags/example_external_task_marker_dag.py for tasks to queue
[2026-08-12T04:59:02.747+0000] {logging_mixin.py:190} INFO - [2026-08-12T04:59:02.746+0000] {dagbag.py:587} INFO - Filling up the DagBag from /home/airflow/.local/lib/python3.12/site-packages/airflow/example_dags/example_external_task_marker_dag.py
[2026-08-12T04:59:02.757+0000] {processor.py:925} INFO - DAG(s) 'example_external_task_marker_parent', 'example_external_task_marker_child' retrieved from /home/airflow/.local/lib/python3.12/site-packages/airflow/example_dags/example_external_task_marker_dag.py
[2026-08-12T04:59:02.784+0000] {logging_mixin.py:190} INFO - [2026-08-12T04:59:02.784+0000] {dag.py:3211} INFO - Sync 2 DAGs
[2026-08-12T04:59:02.805+0000] {logging_mixin.py:190} INFO - [2026-08-12T04:59:02.804+0000] {dag.py:4138} INFO - Setting next_dagrun for example_external_task_marker_child to None, run_after=None
[2026-08-12T04:59:02.812+0000] {logging_mixin.py:190} INFO - [2026-08-12T04:59:02.812+0000] {dag.py:4138} INFO - Setting next_dagrun for example_external_task_marker_parent to None, run_after=None
[2026-08-12T04:59:02.835+0000] {processor.py:208} INFO - Processing /home/airflow/.local/lib/python3.12/site-packages/airflow/example_dags/example_external_task_marker_dag.py took 0.101 seconds
[2026-08-12T04:59:33.841+0000] {processor.py:186} INFO - Started process (PID=3339) to work on /home/airflow/.local/lib/python3.12/site-packages/airflow/example_dags/example_external_task_marker_dag.py
[2026-08-12T04:59:33.842+0000] {processor.py:914} INFO - Processing file /home/airflow/.local/lib/python3.12/site-packages/airflow/example_dags/example_external_task_marker_dag.py for tasks to queue
[2026-08-12T04:59:33.845+0000] {logging_mixin.py:190} INFO - [2026-08-12T04:59:33.845+0000] {dagbag.py:587} INFO - Filling up the DagBag from /home/airflow/.local/lib/python3.12/site-packages/airflow/example_dags/example_external_task_marker_dag.py
[2026-08-12T04:59:33.854+0000] {processor.py:925} INFO - DAG(s) 'example_external_task_marker_parent', 'example_external_task_marker_child' retrieved from /home/airflow/.local/lib/python3.12/site-packages/airflow/example_dags/example_external_task_marker_dag.py
[2026-08-12T04:59:33.885+0000] {logging_mixin.py:190} INFO - [2026-08-12T04:59:33.884+0000] {dag.py:3211} INFO - Sync 2 DAGs
[2026-08-12T04:59:34.103+0000] {logging_mixin.py:190} INFO - [2026-08-12T04:59:34.103+0000] {dag.py:4138} INFO - Setting next_dagrun for example_external_task_marker_child to None, run_after=None
[2026-08-12T04:59:34.108+0000] {logging_mixin.py:190} INFO - [2026-08-12T04:59:34.108+0000] {dag.py:4138} INFO - Setting next_dagrun for example_external_task_marker_parent to None, run_after=None
[2026-08-12T04:59:34.124+0000] {processor.py:208} INFO - Processing /home/airflow/.local/lib/python3.12/site-packages/airflow/example_dags/example_external_task_marker_dag.py took 0.290 seconds
[2026-08-12T05:00:04.168+0000] {processor.py:186} INFO - Started process (PID=3402) to work on /home/airflow/.local/lib/python3.12/site-packages/airflow/example_dags/example_external_task_marker_dag.py
[2026-08-12T05:00:04.169+0000] {processor.py:914} INFO - Processing file /home/airflow/.local/lib/python3.12/site-packages/airflow/example_dags/example_external_task_marker_dag.py for tasks to queue
[2026-08-12T05:00:04.173+0000] {logging_mixin.py:190} INFO - [2026-08-12T05:00:04.172+0000] {dagbag.py:587} INFO - Filling up the DagBag from /home/airflow/.local/lib/python3.12/site-packages/airflow/example_dags/example_external_task_marker_dag.py
[2026-08-12T05:00:04.181+0000] {processor.py:925} INFO - DAG(s) 'example_external_task_marker_child', 'example_external_task_marker_parent' retrieved from /home/airflow/.local/lib/python3.12/site-packages/airflow/example_dags/example_external_task_marker_dag.py
[2026-08-12T05:00:04.203+0000] {logging_mixin.py:190} INFO - [2026-08-12T05:00:04.203+0000] {dag.py:3211} INFO - Sync 2 DAGs
[2026-08-12T05:00:04.218+0000] {logging_mixin.py:190} INFO - [2026-08-12T05:00:04.217+0000] {dag.py:4138} INFO - Setting next_dagrun for example_external_task_marker_child to None, run_after=None
[2026-08-12T05:00:04.222+0000] {logging_mixin.py:190} INFO - [2026-08-12T05:00:04.222+0000] {dag.py:4138} INFO - Setting next_dagrun for example_external_task_marker_parent to None, run_after=None
[2026-08-12T05:00:04.239+0000] {processor.py:208} INFO - Processing /home/airflow/.local/lib/python3.12/site-packages/airflow/example_dags/example_external_task_marker_dag.py took 0.076 seconds
[2026-08-12T05:00:34.724+0000] {processor.py:186} INFO - Started process (PID=3465) to work on /home/airflow/.local/lib/python3.12/site-packages/airflow/example_dags/example_external_task_marker_dag.py
[2026-08-12T05:00:34.726+0000] {processor.py:914} INFO - Processing file /home/airflow/.local/lib/python3.12/site-packages/airflow/example_dags/example_external_task_marker_dag.py for tasks to queue
[2026-08-12T05:00:34.730+0000] {logging_mixin.py:190} INFO - [2026-08-12T05:00:34.730+0000] {dagbag.py:587} INFO - Filling up the DagBag from /home/airflow/.local/lib/python3.12/site-packages/airflow/example_dags/example_external_task_marker_dag.py
[2026-08-12T05:00:34.743+0000] {processor.py:925} INFO - DAG(s) 'example_external_task_marker_parent', 'example_external_task_marker_child' retrieved from /home/airflow/.local/lib/python3.12/site-packages/airflow/example_dags/example_external_task_marker_dag.py
[2026-08-12T05:00:34.769+0000] {logging_mixin.py:190} INFO - [2026-08-12T05:00:34.769+0000] {dag.py:3211} INFO - Sync 2 DAGs
[2026-08-12T05:00:34.785+0000] {logging_mixin.py:190} INFO - [2026-08-12T05:00:34.785+0000] {dag.py:4138} INFO - Setting next_dagrun for example_external_task_marker_child to None, run_after=None
[2026-08-12T05:00:34.790+0000] {logging_mixin.py:190} INFO - [2026-08-12T05:00:34.790+0000] {dag.py:4138} INFO - Setting next_dagrun for example_external_task_marker_parent to None, run_after=None
[2026-08-12T05:00:34.810+0000] {processor.py:208} INFO - Processing /home/airflow/.local/lib/python3.12/site-packages/airflow/example_dags/example_external_task_marker_dag.py took 0.092 seconds
[2026-08-12T05:01:05.304+0000] {processor.py:186} INFO - Started process (PID=3528) to work on /home/airflow/.local/lib/python3.12/site-packages/airflow/example_dags/example_external_task_marker_dag.py
[2026-08-12T05:01:05.306+0000] {processor.py:914} INFO - Processing file /home/airflow/.local/lib/python3.12/site-packages/airflow/example_dags/example_external_task_marker_dag.py for tasks to queue
[2026-08-12T05:01:05.309+0000] {logging_mixin.py:190} INFO - [2026-08-12T05:01:05.309+0000] {dagbag.py:587} INFO - Filling up the DagBag from /home/airflow/.local/lib/python3.12/site-packages/airflow/example_dags/example_external_task_marker_dag.py
[2026-08-12T05:01:05.318+0000] {processor.py:925} INFO - DAG(s) 'example_external_task_marker_parent', 'example_external_task_marker_child' retrieved from /home/airflow/.local/lib/python3.12/site-packages/airflow/example_dags/example_external_task_marker_dag.py
[2026-08-12T05:01:05.342+0000] {logging_mixin.py:190} INFO - [2026-08-12T05:01:05.341+0000] {dag.py:3211} INFO - Sync 2 DAGs
[2026-08-12T05:01:05.356+0000] {logging_mixin.py:190} INFO - [2026-08-12T05:01:05.355+0000] {dag.py:4138} INFO - Setting next_dagrun for example_external_task_marker_child to None, run_after=None
[2026-08-12T05:01:05.360+0000] {logging_mixin.py:190} INFO - [2026-08-12T05:01:05.360+0000] {dag.py:4138} INFO - Setting next_dagrun for example_external_task_marker_parent to None, run_after=None
[2026-08-12T05:01:05.378+0000] {processor.py:208} INFO - Processing /home/airflow/.local/lib/python3.12/site-packages/airflow/example_dags/example_external_task_marker_dag.py took 0.081 seconds
[2026-08-12T05:01:35.723+0000] {processor.py:186} INFO - Started process (PID=3591) to work on /home/airflow/.local/lib/python3.12/site-packages/airflow/example_dags/example_external_task_marker_dag.py
[2026-08-12T05:01:35.725+0000] {processor.py:914} INFO - Processing file /home/airflow/.local/lib/python3.12/site-packages/airflow/example_dags/example_external_task_marker_dag.py for tasks to queue
[2026-08-12T05:01:35.729+0000] {logging_mixin.py:190} INFO - [2026-08-12T05:01:35.729+0000] {dagbag.py:587} INFO - Filling up the DagBag from /home/airflow/.local/lib/python3.12/site-packages/airflow/example_dags/example_external_task_marker_dag.py
[2026-08-12T05:01:35.741+0000] {processor.py:925} INFO - DAG(s) 'example_external_task_marker_child', 'example_external_task_marker_parent' retrieved from /home/airflow/.local/lib/python3.12/site-packages/airflow/example_dags/example_external_task_marker_dag.py
[2026-08-12T05:01:35.768+0000] {logging_mixin.py:190} INFO - [2026-08-12T05:01:35.768+0000] {dag.py:3211} INFO - Sync 2 DAGs
[2026-08-12T05:01:35.790+0000] {logging_mixin.py:190} INFO - [2026-08-12T05:01:35.789+0000] {dag.py:4138} INFO - Setting next_dagrun for example_external_task_marker_child to None, run_after=None
[2026-08-12T05:01:35.795+0000] {logging_mixin.py:190} INFO - [2026-08-12T05:01:35.794+0000] {dag.py:4138} INFO - Setting next_dagrun for example_external_task_marker_parent to None, run_after=None
[2026-08-12T05:01:35.813+0000] {processor.py:208} INFO - Processing /home/airflow/.local/lib/python3.12/site-packages/airflow/example_dags/example_external_task_marker_dag.py took 0.097 seconds
[2026-08-12T05:02:06.524+0000] {processor.py:186} INFO - Started process (PID=3654) to work on /home/airflow/.local/lib/python3.12/site-packages/airflow/example_dags/example_external_task_marker_dag.py
[2026-08-12T05:02:06.526+0000] {processor.py:914} INFO - Processing file /home/airflow/.local/lib/python3.12/site-packages/airflow/example_dags/example_external_task_marker_dag.py for tasks to queue
[2026-08-12T05:02:06.529+0000] {logging_mixin.py:190} INFO - [2026-08-12T05:02:06.529+0000] {dagbag.py:587} INFO - Filling up the DagBag from /home/airflow/.local/lib/python3.12/site-packages/airflow/example_dags/example_external_task_marker_dag.py
[2026-08-12T05:02:06.539+0000] {processor.py:925} INFO - DAG(s) 'example_external_task_marker_parent', 'example_external_task_marker_child' retrieved from /home/airflow/.local/lib/python3.12/site-packages/airflow/example_dags/example_external_task_marker_dag.py
[2026-08-12T05:02:06.564+0000] {logging_mixin.py:190} INFO - [2026-08-12T05:02:06.564+0000] {dag.py:3211} INFO - Sync 2 DAGs
[2026-08-12T05:02:06.579+0000] {logging_mixin.py:190} INFO - [2026-08-12T05:02:06.579+0000] {dag.py:4138} INFO - Setting next_dagrun for example_external_task_marker_child to None, run_after=None
[2026-08-12T05:02:06.585+0000] {logging_mixin.py:190} INFO - [2026-08-12T05:02:06.585+0000] {dag.py:4138} INFO - Setting next_dagrun for example_external_task_marker_parent to None, run_after=None
[2026-08-12T05:02:06.604+0000] {processor.py:208} INFO - Processing /home/airflow/.local/lib/python3.12/site-packages/airflow/example_dags/example_external_task_marker_dag.py took 0.087 seconds
[2026-08-12T05:02:36.913+0000] {processor.py:186} INFO - Started process (PID=3717) to work on /home/airflow/.local/lib/python3.12/site-packages/airflow/example_dags/example_external_task_marker_dag.py
[2026-08-12T05:02:36.914+0000] {processor.py:914} INFO - Processing file /home/airflow/.local/lib/python3.12/site-packages/airflow/example_dags/example_external_task_marker_dag.py for tasks to queue
[2026-08-12T05:02:36.917+0000] {logging_mixin.py:190} INFO - [2026-08-12T05:02:36.917+0000] {dagbag.py:587} INFO - Filling up the DagBag from /home/airflow/.local/lib/python3.12/site-packages/airflow/example_dags/example_external_task_marker_dag.py
[2026-08-12T05:02:36.926+0000] {processor.py:925} INFO - DAG(s) 'example_external_task_marker_child', 'example_external_task_marker_parent' retrieved from /home/airflow/.local/lib/python3.12/site-packages/airflow/example_dags/example_external_task_marker_dag.py
[2026-08-12T05:02:36.949+0000] {logging_mixin.py:190} INFO - [2026-08-12T05:02:36.949+0000] {dag.py:3211} INFO - Sync 2 DAGs
[2026-08-12T05:02:36.962+0000] {logging_mixin.py:190} INFO - [2026-08-12T05:02:36.962+0000] {dag.py:4138} INFO - Setting next_dagrun for example_external_task_marker_child to None, run_after=None
[2026-08-12T05:02:36.966+0000] {logging_mixin.py:190} INFO - [2026-08-12T05:02:36.966+0000] {dag.py:4138} INFO - Setting next_dagrun for example_external_task_marker_parent to None, run_after=None
[2026-08-12T05:02:36.982+0000] {processor.py:208} INFO - Processing /home/airflow/.local/lib/python3.12/site-packages/airflow/example_dags/example_external_task_marker_dag.py took 0.075 seconds
[2026-08-12T05:03:07.536+0000] {processor.py:186} INFO - Started process (PID=3780) to work on /home/airflow/.local/lib/python3.12/site-packages/airflow/example_dags/example_external_task_marker_dag.py
[2026-08-12T05:03:07.537+0000] {processor.py:914} INFO - Processing file /home/airflow/.local/lib/python3.12/site-packages/airflow/example_dags/example_external_task_marker_dag.py for tasks to queue
[2026-08-12T05:03:07.541+0000] {logging_mixin.py:190} INFO - [2026-08-12T05:03:07.541+0000] {dagbag.py:587} INFO - Filling up the DagBag from /home/airflow/.local/lib/python3.12/site-packages/airflow/example_dags/example_external_task_marker_dag.py
[2026-08-12T05:03:07.550+0000] {processor.py:925} INFO - DAG(s) 'example_external_task_marker_child', 'example_external_task_marker_parent' retrieved from /home/airflow/.local/lib/python3.12/site-packages/airflow/example_dags/example_external_task_marker_dag.py
[2026-08-12T05:03:07.575+0000] {logging_mixin.py:190} INFO - [2026-08-12T05:03:07.575+0000] {dag.py:3211} INFO - Sync 2 DAGs
[2026-08-12T05:03:07.590+0000] {logging_mixin.py:190} INFO - [2026-08-12T05:03:07.590+0000] {dag.py:4138} INFO - Setting next_dagrun for example_external_task_marker_child to None, run_after=None
[2026-08-12T05:03:07.595+0000] {logging_mixin.py:190} INFO - [2026-08-12T05:03:07.594+0000] {dag.py:4138} INFO - Setting next_dagrun for example_external_task_marker_parent to None, run_after=None
[2026-08-12T05:03:07.612+0000] {processor.py:208} INFO - Processing /home/airflow/.local/lib/python3.12/site-packages/airflow/example_dags/example_external_task_marker_dag.py took 0.083 seconds
[2026-08-12T05:03:37.798+0000] {processor.py:186} INFO - Started process (PID=3843) to work on /home/airflow/.local/lib/python3.12/site-packages/airflow/example_dags/example_external_task_marker_dag.py
[2026-08-12T05:03:37.799+0000] {processor.py:914} INFO - Processing file /home/airflow/.local/lib/python3.12/site-packages/airflow/example_dags/example_external_task_marker_dag.py for tasks to queue
[2026-08-12T05:03:37.802+0000] {logging_mixin.py:190} INFO - [2026-08-12T05:03:37.801+0000] {dagbag.py:587} INFO - Filling up the DagBag from /home/airflow/.local/lib/python3.12/site-packages/airflow/example_dags/example_external_task_marker_dag.py
[2026-08-12T05:03:37.809+0000] {processor.py:925} INFO - DAG(s) 'example_external_task_marker_parent', 'example_external_task_marker_child' retrieved from /home/airflow/.local/lib/python3.12/site-packages/airflow/example_dags/example_external_task_marker_dag.py
[2026-08-12T05:03:37.833+0000] {logging_mixin.py:190} INFO - [2026-08-12T05:03:37.832+0000] {dag.py:3211} INFO - Sync 2 DAGs
[2026-08-12T05:03:37.848+0000] {logging_mixin.py:190} INFO - [2026-08-12T05:03:37.848+0000] {dag.py:4138} INFO - Setting next_dagrun for example_external_task_marker_child to None, run_after=None
[2026-08-12T05:03:37.854+0000] {logging_mixin.py:190} INFO - [2026-08-12T05:03:37.853+0000] {dag.py:4138} INFO - Setting next_dagrun for example_external_task_marker_parent to None, run_after=None
[2026-08-12T05:03:37.872+0000] {processor.py:208} INFO - Processing /home/airflow/.local/lib/python3.12/site-packages/airflow/example_dags/example_external_task_marker_dag.py took 0.079 seconds
[2026-08-12T05:04:08.317+0000] {processor.py:186} INFO - Started process (PID=3907) to work on /home/airflow/.local/lib/python3.12/site-packages/airflow/example_dags/example_external_task_marker_dag.py
[2026-08-12T05:04:08.318+0000] {processor.py:914} INFO - Processing file /home/airflow/.local/lib/python3.12/site-packages/airflow/example_dags/example_external_task_marker_dag.py for tasks to queue
[2026-08-12T05:04:08.321+0000] {logging_mixin.py:190} INFO - [2026-08-12T05:04:08.321+0000] {dagbag.py:587} INFO - Filling up the DagBag from /home/airflow/.local/lib/python3.12/site-packages/airflow/example_dags/example_external_task_marker_dag.py
[2026-08-12T05:04:08.331+0000] {processor.py:925} INFO - DAG(s) 'example_external_task_marker_child', 'example_external_task_marker_parent' retrieved from /home/airflow/.local/lib/python3.12/site-packages/airflow/example_dags/example_external_task_marker_dag.py
[2026-08-12T05:04:08.352+0000] {logging_mixin.py:190} INFO - [2026-08-12T05:04:08.351+0000] {dag.py:3211} INFO - Sync 2 DAGs
[2026-08-12T05:04:08.366+0000] {logging_mixin.py:190} INFO - [2026-08-12T05:04:08.366+0000] {dag.py:4138} INFO - Setting next_dagrun for example_external_task_marker_child to None, run_after=None
[2026-08-12T05:04:08.372+0000] {logging_mixin.py:190} INFO - [2026-08-12T05:04:08.371+0000] {dag.py:4138} INFO - Setting next_dagrun for example_external_task_marker_parent to None, run_after=None
[2026-08-12T05:04:08.387+0000] {processor.py:208} INFO - Processing /home/airflow/.local/lib/python3.12/site-packages/airflow/example_dags/example_external_task_marker_dag.py took 0.076 seconds
[2026-08-12T05:04:38.647+0000] {processor.py:186} INFO - Started process (PID=3970) to work on /home/airflow/.local/lib/python3.12/site-packages/airflow/example_dags/example_external_task_marker_dag.py
[2026-08-12T05:04:38.648+0000] {processor.py:914} INFO - Processing file /home/airflow/.local/lib/python3.12/site-packages/airflow/example_dags/example_external_task_marker_dag.py for tasks to queue
[2026-08-12T05:04:38.651+0000] {logging_mixin.py:190} INFO - [2026-08-12T05:04:38.651+0000] {dagbag.py:587} INFO - Filling up the DagBag from /home/airflow/.local/lib/python3.12/site-packages/airflow/example_dags/example_external_task_marker_dag.py
[2026-08-12T05:04:38.658+0000] {processor.py:925} INFO - DAG(s) 'example_external_task_marker_child', 'example_external_task_marker_parent' retrieved from /home/airflow/.local/lib/python3.12/site-packages/airflow/example_dags/example_external_task_marker_dag.py
[2026-08-12T05:04:38.682+0000] {logging_mixin.py:190} INFO - [2026-08-12T05:04:38.681+0000] {dag.py:3211} INFO - Sync 2 DAGs
[2026-08-12T05:04:38.695+0000] {logging_mixin.py:190} INFO - [2026-08-12T05:04:38.695+0000] {dag.py:4138} INFO - Setting next_dagrun for example_external_task_marker_child to None, run_after=None
[2026-08-12T05:04:38.699+0000] {logging_mixin.py:190} INFO - [2026-08-12T05:04:38.699+0000] {dag.py:4138} INFO - Setting next_dagrun for example_external_task_marker_parent to None, run_after=None
[2026-08-12T05:04:38.716+0000] {processor.py:208} INFO - Processing /home/airflow/.local/lib/python3.12/site-packages/airflow/example_dags/example_external_task_marker_dag.py took 0.076 seconds
[2026-08-12T05:05:09.074+0000] {processor.py:186} INFO - Started process (PID=4033) to work on /home/airflow/.local/lib/python3.12/site-packages/airflow/example_dags/example_external_task_marker_dag.py
[2026-08-12T05:05:09.076+0000] {processor.py:914} INFO - Processing file /home/airflow/.local/lib/python3.12/site-packages/airflow/example_dags/example_external_task_marker_dag.py for tasks to queue
[2026-08-12T05:05:09.081+0000] {logging_mixin.py:190} INFO - [2026-08-12T05:05:09.080+0000] {dagbag.py:587} INFO - Filling up the DagBag from /home/airflow/.local/lib/python3.12/site-packages/airflow/example_dags/example_external_task_marker_dag.py
[2026-08-12T05:05:09.092+0000] {processor.py:925} INFO - DAG(s) 'example_external_task_marker_child', 'example_external_task_marker_parent' retrieved from /home/airflow/.local/lib/python3.12/site-packages/airflow/example_dags/example_external_task_marker_dag.py
[2026-08-12T05:05:09.118+0000] {logging_mixin.py:190} INFO - [2026-08-12T05:05:09.118+0000] {dag.py:3211} INFO - Sync 2 DAGs
[2026-08-12T05:05:09.133+0000] {logging_mixin.py:190} INFO - [2026-08-12T05:05:09.133+0000] {dag.py:4138} INFO - Setting next_dagrun for example_external_task_marker_child to None, run_after=None
[2026-08-12T05:05:09.138+0000] {logging_mixin.py:190} INFO - [2026-08-12T05:05:09.138+0000] {dag.py:4138} INFO - Setting next_dagrun for example_external_task_marker_parent to None, run_after=None
[2026-08-12T05:05:09.153+0000] {processor.py:208} INFO - Processing /home/airflow/.local/lib/python3.12/site-packages/airflow/example_dags/example_external_task_marker_dag.py took 0.091 seconds
[2026-08-12T05:05:39.645+0000] {processor.py:186} INFO - Started process (PID=4096) to work on /home/airflow/.local/lib/python3.12/site-packages/airflow/example_dags/example_external_task_marker_dag.py
[2026-08-12T05:05:39.646+0000] {processor.py:914} INFO - Processing file /home/airflow/.local/lib/python3.12/site-packages/airflow/example_dags/example_external_task_marker_dag.py for tasks to queue
[2026-08-12T05:05:39.649+0000] {logging_mixin.py:190} INFO - [2026-08-12T05:05:39.649+0000] {dagbag.py:587} INFO - Filling up the DagBag from /home/airflow/.local/lib/python3.12/site-packages/airflow/example_dags/example_external_task_marker_dag.py
[2026-08-12T05:05:39.657+0000] {processor.py:925} INFO - DAG(s) 'example_external_task_marker_parent', 'example_external_task_marker_child' retrieved from /home/airflow/.local/lib/python3.12/site-packages/airflow/example_dags/example_external_task_marker_dag.py
[2026-08-12T05:05:39.680+0000] {logging_mixin.py:190} INFO - [2026-08-12T05:05:39.679+0000] {dag.py:3211} INFO - Sync 2 DAGs
[2026-08-12T05:05:39.694+0000] {logging_mixin.py:190} INFO - [2026-08-12T05:05:39.694+0000] {dag.py:4138} INFO - Setting next_dagrun for example_external_task_marker_child to None, run_after=None
[2026-08-12T05:05:39.699+0000] {logging_mixin.py:190} INFO - [2026-08-12T05:05:39.698+0000] {dag.py:4138} INFO - Setting next_dagrun for example_external_task_marker_parent to None, run_after=None
[2026-08-12T05:05:39.717+0000] {processor.py:208} INFO - Processing /home/airflow/.local/lib/python3.12/site-packages/airflow/example_dags/example_external_task_marker_dag.py took 0.077 seconds
[2026-08-12T05:06:09.949+0000] {processor.py:186} INFO - Started process (PID=4159) to work on /home/airflow/.local/lib/python3.12/site-packages/airflow/example_dags/example_external_task_marker_dag.py
[2026-08-12T05:06:09.951+0000] {processor.py:914} INFO - Processing file /home/airflow/.local/lib/python3.12/site-packages/airflow/example_dags/example_external_task_marker_dag.py for tasks to queue
[2026-08-12T05:06:09.954+0000] {logging_mixin.py:190} INFO - [2026-08-12T05:06:09.953+0000] {dagbag.py:587} INFO - Filling up the DagBag from /home/airflow/.local/lib/python3.12/site-packages/airflow/example_dags/example_external_task_marker_dag.py
[2026-08-12T05:06:09.961+0000] {processor.py:925} INFO - DAG(s) 'example_external_task_marker_parent', 'example_external_task_marker_child' retrieved from /home/airflow/.local/lib/python3.12/site-packages/airflow/example_dags/example_external_task_marker_dag.py
[2026-08-12T05:06:09.987+0000] {logging_mixin.py:190} INFO - [2026-08-12T05:06:09.987+0000] {dag.py:3211} INFO - Sync 2 DAGs
[2026-08-12T05:06:10.002+0000] {logging_mixin.py:190} INFO - [2026-08-12T05:06:10.002+0000] {dag.py:4138} INFO - Setting next_dagrun for example_external_task_marker_child to None, run_after=None
[2026-08-12T05:06:10.007+0000] {logging_mixin.py:190} INFO - [2026-08-12T05:06:10.007+0000] {dag.py:4138} INFO - Setting next_dagrun for example_external_task_marker_parent to None, run_after=None
[2026-08-12T05:06:10.027+0000] {processor.py:208} INFO - Processing /home/airflow/.local/lib/python3.12/site-packages/airflow/example_dags/example_external_task_marker_dag.py took 0.083 seconds
[2026-08-12T05:06:40.540+0000] {processor.py:186} INFO - Started process (PID=4222) to work on /home/airflow/.local/lib/python3.12/site-packages/airflow/example_dags/example_external_task_marker_dag.py
[2026-08-12T05:06:40.542+0000] {processor.py:914} INFO - Processing file /home/airflow/.local/lib/python3.12/site-packages/airflow/example_dags/example_external_task_marker_dag.py for tasks to queue
[2026-08-12T05:06:40.545+0000] {logging_mixin.py:190} INFO - [2026-08-12T05:06:40.545+0000] {dagbag.py:587} INFO - Filling up the DagBag from /home/airflow/.local/lib/python3.12/site-packages/airflow/example_dags/example_external_task_marker_dag.py
[2026-08-12T05:06:40.557+0000] {processor.py:925} INFO - DAG(s) 'example_external_task_marker_child', 'example_external_task_marker_parent' retrieved from /home/airflow/.local/lib/python3.12/site-packages/airflow/example_dags/example_external_task_marker_dag.py
[2026-08-12T05:06:40.583+0000] {logging_mixin.py:190} INFO - [2026-08-12T05:06:40.583+0000] {dag.py:3211} INFO - Sync 2 DAGs
[2026-08-12T05:06:40.598+0000] {logging_mixin.py:190} INFO - [2026-08-12T05:06:40.597+0000] {dag.py:4138} INFO - Setting next_dagrun for example_external_task_marker_child to None, run_after=None
[2026-08-12T05:06:40.602+0000] {logging_mixin.py:190} INFO - [2026-08-12T05:06:40.602+0000] {dag.py:4138} INFO - Setting next_dagrun for example_external_task_marker_parent to None, run_after=None
[2026-08-12T05:06:40.621+0000] {processor.py:208} INFO - Processing /home/airflow/.local/lib/python3.12/site-packages/airflow/example_dags/example_external_task_marker_dag.py took 0.100 seconds
[2026-08-12T05:07:11.392+0000] {processor.py:186} INFO - Started process (PID=4285) to work on /home/airflow/.local/lib/python3.12/site-packages/airflow/example_dags/example_external_task_marker_dag.py
[2026-08-12T05:07:11.393+0000] {processor.py:914} INFO - Processing file /home/airflow/.local/lib/python3.12/site-packages/airflow/example_dags/example_external_task_marker_dag.py for tasks to queue
[2026-08-12T05:07:11.397+0000] {logging_mixin.py:190} INFO - [2026-08-12T05:07:11.396+0000] {dagbag.py:587} INFO - Filling up the DagBag from /home/airflow/.local/lib/python3.12/site-packages/airflow/example_dags/example_external_task_marker_dag.py
[2026-08-12T05:07:11.405+0000] {processor.py:925} INFO - DAG(s) 'example_external_task_marker_child', 'example_external_task_marker_parent' retrieved from /home/airflow/.local/lib/python3.12/site-packages/airflow/example_dags/example_external_task_marker_dag.py
[2026-08-12T05:07:11.433+0000] {logging_mixin.py:190} INFO - [2026-08-12T05:07:11.433+0000] {dag.py:3211} INFO - Sync 2 DAGs
[2026-08-12T05:07:11.449+0000] {logging_mixin.py:190} INFO - [2026-08-12T05:07:11.449+0000] {dag.py:4138} INFO - Setting next_dagrun for example_external_task_marker_child to None, run_after=None
[2026-08-12T05:07:11.454+0000] {logging_mixin.py:190} INFO - [2026-08-12T05:07:11.454+0000] {dag.py:4138} INFO - Setting next_dagrun for example_external_task_marker_parent to None, run_after=None
[2026-08-12T05:07:11.471+0000] {processor.py:208} INFO - Processing /home/airflow/.local/lib/python3.12/site-packages/airflow/example_dags/example_external_task_marker_dag.py took 0.086 seconds
[2026-08-12T05:07:41.733+0000] {processor.py:186} INFO - Started process (PID=4348) to work on /home/airflow/.local/lib/python3.12/site-packages/airflow/example_dags/example_external_task_marker_dag.py
[2026-08-12T05:07:41.735+0000] {processor.py:914} INFO - Processing file /home/airflow/.local/lib/python3.12/site-packages/airflow/example_dags/example_external_task_marker_dag.py for tasks to queue
[2026-08-12T05:07:41.739+0000] {logging_mixin.py:190} INFO - [2026-08-12T05:07:41.738+0000] {dagbag.py:587} INFO - Filling up the DagBag from /home/airflow/.local/lib/python3.12/site-packages/airflow/example_dags/example_external_task_marker_dag.py
[2026-08-12T05:07:41.750+0000] {processor.py:925} INFO - DAG(s) 'example_external_task_marker_child', 'example_external_task_marker_parent' retrieved from /home/airflow/.local/lib/python3.12/site-packages/airflow/example_dags/example_external_task_marker_dag.py
[2026-08-12T05:07:41.795+0000] {logging_mixin.py:190} INFO - [2026-08-12T05:07:41.793+0000] {dag.py:3211} INFO - Sync 2 DAGs
[2026-08-12T05:07:41.821+0000] {logging_mixin.py:190} INFO - [2026-08-12T05:07:41.820+0000] {dag.py:4138} INFO - Setting next_dagrun for example_external_task_marker_child to None, run_after=None
[2026-08-12T05:07:41.826+0000] {logging_mixin.py:190} INFO - [2026-08-12T05:07:41.826+0000] {dag.py:4138} INFO - Setting next_dagrun for example_external_task_marker_parent to None, run_after=None
[2026-08-12T05:07:41.855+0000] {processor.py:208} INFO - Processing /home/airflow/.local/lib/python3.12/site-packages/airflow/example_dags/example_external_task_marker_dag.py took 0.131 seconds
[2026-08-12T05:08:12.876+0000] {processor.py:186} INFO - Started process (PID=4411) to work on /home/airflow/.local/lib/python3.12/site-packages/airflow/example_dags/example_external_task_marker_dag.py
[2026-08-12T05:08:12.878+0000] {processor.py:914} INFO - Processing file /home/airflow/.local/lib/python3.12/site-packages/airflow/example_dags/example_external_task_marker_dag.py for tasks to queue
[2026-08-12T05:08:12.881+0000] {logging_mixin.py:190} INFO - [2026-08-12T05:08:12.881+0000] {dagbag.py:587} INFO - Filling up the DagBag from /home/airflow/.local/lib/python3.12/site-packages/airflow/example_dags/example_external_task_marker_dag.py
[2026-08-12T05:08:12.890+0000] {processor.py:925} INFO - DAG(s) 'example_external_task_marker_parent', 'example_external_task_marker_child' retrieved from /home/airflow/.local/lib/python3.12/site-packages/airflow/example_dags/example_external_task_marker_dag.py
[2026-08-12T05:08:12.914+0000] {logging_mixin.py:190} INFO - [2026-08-12T05:08:12.914+0000] {dag.py:3211} INFO - Sync 2 DAGs
[2026-08-12T05:08:12.928+0000] {logging_mixin.py:190} INFO - [2026-08-12T05:08:12.928+0000] {dag.py:4138} INFO - Setting next_dagrun for example_external_task_marker_child to None, run_after=None
[2026-08-12T05:08:12.933+0000] {logging_mixin.py:190} INFO - [2026-08-12T05:08:12.933+0000] {dag.py:4138} INFO - Setting next_dagrun for example_external_task_marker_parent to None, run_after=None
[2026-08-12T05:08:12.950+0000] {processor.py:208} INFO - Processing /home/airflow/.local/lib/python3.12/site-packages/airflow/example_dags/example_external_task_marker_dag.py took 0.082 seconds
[2026-08-12T05:08:43.662+0000] {processor.py:186} INFO - Started process (PID=4474) to work on /home/airflow/.local/lib/python3.12/site-packages/airflow/example_dags/example_external_task_marker_dag.py
[2026-08-12T05:08:43.664+0000] {processor.py:914} INFO - Processing file /home/airflow/.local/lib/python3.12/site-packages/airflow/example_dags/example_external_task_marker_dag.py for tasks to queue
[2026-08-12T05:08:43.667+0000] {logging_mixin.py:190} INFO - [2026-08-12T05:08:43.667+0000] {dagbag.py:587} INFO - Filling up the DagBag from /home/airflow/.local/lib/python3.12/site-packages/airflow/example_dags/example_external_task_marker_dag.py
[2026-08-12T05:08:43.675+0000] {processor.py:925} INFO - DAG(s) 'example_external_task_marker_child', 'example_external_task_marker_parent' retrieved from /home/airflow/.local/lib/python3.12/site-packages/airflow/example_dags/example_external_task_marker_dag.py
[2026-08-12T05:08:43.700+0000] {logging_mixin.py:190} INFO - [2026-08-12T05:08:43.700+0000] {dag.py:3211} INFO - Sync 2 DAGs
[2026-08-12T05:08:43.715+0000] {logging_mixin.py:190} INFO - [2026-08-12T05:08:43.715+0000] {dag.py:4138} INFO - Setting next_dagrun for example_external_task_marker_child to None, run_after=None
[2026-08-12T05:08:43.720+0000] {logging_mixin.py:190} INFO - [2026-08-12T05:08:43.720+0000] {dag.py:4138} INFO - Setting next_dagrun for example_external_task_marker_parent to None, run_after=None
[2026-08-12T05:08:43.740+0000] {processor.py:208} INFO - Processing /home/airflow/.local/lib/python3.12/site-packages/airflow/example_dags/example_external_task_marker_dag.py took 0.084 seconds
[2026-08-12T05:09:13.852+0000] {processor.py:186} INFO - Started process (PID=4537) to work on /home/airflow/.local/lib/python3.12/site-packages/airflow/example_dags/example_external_task_marker_dag.py
[2026-08-12T05:09:13.854+0000] {processor.py:914} INFO - Processing file /home/airflow/.local/lib/python3.12/site-packages/airflow/example_dags/example_external_task_marker_dag.py for tasks to queue
[2026-08-12T05:09:13.857+0000] {logging_mixin.py:190} INFO - [2026-08-12T05:09:13.856+0000] {dagbag.py:587} INFO - Filling up the DagBag from /home/airflow/.local/lib/python3.12/site-packages/airflow/example_dags/example_external_task_marker_dag.py
[2026-08-12T05:09:13.868+0000] {processor.py:925} INFO - DAG(s) 'example_external_task_marker_parent', 'example_external_task_marker_child' retrieved from /home/airflow/.local/lib/python3.12/site-packages/airflow/example_dags/example_external_task_marker_dag.py
[2026-08-12T05:09:13.893+0000] {logging_mixin.py:190} INFO - [2026-08-12T05:09:13.893+0000] {dag.py:3211} INFO - Sync 2 DAGs
[2026-08-12T05:09:13.910+0000] {logging_mixin.py:190} INFO - [2026-08-12T05:09:13.910+0000] {dag.py:4138} INFO - Setting next_dagrun for example_external_task_marker_child to None, run_after=None
[2026-08-12T05:09:13.915+0000] {logging_mixin.py:190} INFO - [2026-08-12T05:09:13.914+0000] {dag.py:4138} INFO - Setting next_dagrun for example_external_task_marker_parent to None, run_after=None
[2026-08-12T05:09:13.932+0000] {processor.py:208} INFO - Processing /home/airflow/.local/lib/python3.12/site-packages/airflow/example_dags/example_external_task_marker_dag.py took 0.089 seconds
[2026-08-12T05:09:44.556+0000] {processor.py:186} INFO - Started process (PID=4600) to work on /home/airflow/.local/lib/python3.12/site-packages/airflow/example_dags/example_external_task_marker_dag.py
[2026-08-12T05:09:44.558+0000] {processor.py:914} INFO - Processing file /home/airflow/.local/lib/python3.12/site-packages/airflow/example_dags/example_external_task_marker_dag.py for tasks to queue
[2026-08-12T05:09:44.561+0000] {logging_mixin.py:190} INFO - [2026-08-12T05:09:44.560+0000] {dagbag.py:587} INFO - Filling up the DagBag from /home/airflow/.local/lib/python3.12/site-packages/airflow/example_dags/example_external_task_marker_dag.py
[2026-08-12T05:09:44.568+0000] {processor.py:925} INFO - DAG(s) 'example_external_task_marker_parent', 'example_external_task_marker_child' retrieved from /home/airflow/.local/lib/python3.12/site-packages/airflow/example_dags/example_external_task_marker_dag.py
[2026-08-12T05:09:44.595+0000] {logging_mixin.py:190} INFO - [2026-08-12T05:09:44.595+0000] {dag.py:3211} INFO - Sync 2 DAGs
[2026-08-12T05:09:44.622+0000] {logging_mixin.py:190} INFO - [2026-08-12T05:09:44.621+0000] {dag.py:4138} INFO - Setting next_dagrun for example_external_task_marker_child to None, run_after=None
[2026-08-12T05:09:44.627+0000] {logging_mixin.py:190} INFO - [2026-08-12T05:09:44.627+0000] {dag.py:4138} INFO - Setting next_dagrun for example_external_task_marker_parent to None, run_after=None
[2026-08-12T05:09:44.651+0000] {processor.py:208} INFO - Processing /home/airflow/.local/lib/python3.12/site-packages/airflow/example_dags/example_external_task_marker_dag.py took 0.102 seconds
[2026-08-12T05:10:15.430+0000] {processor.py:186} INFO - Started process (PID=4663) to work on /home/airflow/.local/lib/python3.12/site-packages/airflow/example_dags/example_external_task_marker_dag.py
[2026-08-12T05:10:15.432+0000] {processor.py:914} INFO - Processing file /home/airflow/.local/lib/python3.12/site-packages/airflow/example_dags/example_external_task_marker_dag.py for tasks to queue
[2026-08-12T05:10:15.435+0000] {logging_mixin.py:190} INFO - [2026-08-12T05:10:15.435+0000] {dagbag.py:587} INFO - Filling up the DagBag from /home/airflow/.local/lib/python3.12/site-packages/airflow/example_dags/example_external_task_marker_dag.py
[2026-08-12T05:10:15.443+0000] {processor.py:925} INFO - DAG(s) 'example_external_task_marker_child', 'example_external_task_marker_parent' retrieved from /home/airflow/.local/lib/python3.12/site-packages/airflow/example_dags/example_external_task_marker_dag.py
[2026-08-12T05:10:15.470+0000] {logging_mixin.py:190} INFO - [2026-08-12T05:10:15.469+0000] {dag.py:3211} INFO - Sync 2 DAGs
[2026-08-12T05:10:15.488+0000] {logging_mixin.py:190} INFO - [2026-08-12T05:10:15.488+0000] {dag.py:4138} INFO - Setting next_dagrun for example_external_task_marker_child to None, run_after=None
[2026-08-12T05:10:15.492+0000] {logging_mixin.py:190} INFO - [2026-08-12T05:10:15.492+0000] {dag.py:4138} INFO - Setting next_dagrun for example_external_task_marker_parent to None, run_after=None
[2026-08-12T05:10:15.511+0000] {processor.py:208} INFO - Processing /home/airflow/.local/lib/python3.12/site-packages/airflow/example_dags/example_external_task_marker_dag.py took 0.086 seconds
[2026-08-12T05:10:45.758+0000] {processor.py:186} INFO - Started process (PID=4726) to work on /home/airflow/.local/lib/python3.12/site-packages/airflow/example_dags/example_external_task_marker_dag.py
[2026-08-12T05:10:45.759+0000] {processor.py:914} INFO - Processing file /home/airflow/.local/lib/python3.12/site-packages/airflow/example_dags/example_external_task_marker_dag.py for tasks to queue
[2026-08-12T05:10:45.762+0000] {logging_mixin.py:190} INFO - [2026-08-12T05:10:45.762+0000] {dagbag.py:587} INFO - Filling up the DagBag from /home/airflow/.local/lib/python3.12/site-packages/airflow/example_dags/example_external_task_marker_dag.py
[2026-08-12T05:10:45.771+0000] {processor.py:925} INFO - DAG(s) 'example_external_task_marker_child', 'example_external_task_marker_parent' retrieved from /home/airflow/.local/lib/python3.12/site-packages/airflow/example_dags/example_external_task_marker_dag.py
[2026-08-12T05:10:45.797+0000] {logging_mixin.py:190} INFO - [2026-08-12T05:10:45.796+0000] {dag.py:3211} INFO - Sync 2 DAGs
[2026-08-12T05:10:45.814+0000] {logging_mixin.py:190} INFO - [2026-08-12T05:10:45.814+0000] {dag.py:4138} INFO - Setting next_dagrun for example_external_task_marker_child to None, run_after=None
[2026-08-12T05:10:45.819+0000] {logging_mixin.py:190} INFO - [2026-08-12T05:10:45.818+0000] {dag.py:4138} INFO - Setting next_dagrun for example_external_task_marker_parent to None, run_after=None
[2026-08-12T05:10:45.836+0000] {processor.py:208} INFO - Processing /home/airflow/.local/lib/python3.12/site-packages/airflow/example_dags/example_external_task_marker_dag.py took 0.085 seconds
[2026-08-12T05:11:16.131+0000] {processor.py:186} INFO - Started process (PID=4789) to work on /home/airflow/.local/lib/python3.12/site-packages/airflow/example_dags/example_external_task_marker_dag.py
[2026-08-12T05:11:16.133+0000] {processor.py:914} INFO - Processing file /home/airflow/.local/lib/python3.12/site-packages/airflow/example_dags/example_external_task_marker_dag.py for tasks to queue
[2026-08-12T05:11:16.136+0000] {logging_mixin.py:190} INFO - [2026-08-12T05:11:16.135+0000] {dagbag.py:587} INFO - Filling up the DagBag from /home/airflow/.local/lib/python3.12/site-packages/airflow/example_dags/example_external_task_marker_dag.py
[2026-08-12T05:11:16.145+0000] {processor.py:925} INFO - DAG(s) 'example_external_task_marker_parent', 'example_external_task_marker_child' retrieved from /home/airflow/.local/lib/python3.12/site-packages/airflow/example_dags/example_external_task_marker_dag.py
[2026-08-12T05:11:16.170+0000] {logging_mixin.py:190} INFO - [2026-08-12T05:11:16.170+0000] {dag.py:3211} INFO - Sync 2 DAGs
[2026-08-12T05:11:16.186+0000] {logging_mixin.py:190} INFO - [2026-08-12T05:11:16.186+0000] {dag.py:4138} INFO - Setting next_dagrun for example_external_task_marker_child to None, run_after=None
[2026-08-12T05:11:16.191+0000] {logging_mixin.py:190} INFO - [2026-08-12T05:11:16.190+0000] {dag.py:4138} INFO - Setting next_dagrun for example_external_task_marker_parent to None, run_after=None
[2026-08-12T05:11:16.212+0000] {processor.py:208} INFO - Processing /home/airflow/.local/lib/python3.12/site-packages/airflow/example_dags/example_external_task_marker_dag.py took 0.088 seconds
[2026-08-12T05:11:46.705+0000] {processor.py:186} INFO - Started process (PID=4852) to work on /home/airflow/.local/lib/python3.12/site-packages/airflow/example_dags/example_external_task_marker_dag.py
[2026-08-12T05:11:46.707+0000] {processor.py:914} INFO - Processing file /home/airflow/.local/lib/python3.12/site-packages/airflow/example_dags/example_external_task_marker_dag.py for tasks to queue
[2026-08-12T05:11:46.710+0000] {logging_mixin.py:190} INFO - [2026-08-12T05:11:46.710+0000] {dagbag.py:587} INFO - Filling up the DagBag from /home/airflow/.local/lib/python3.12/site-packages/airflow/example_dags/example_external_task_marker_dag.py
[2026-08-12T05:11:46.721+0000] {processor.py:925} INFO - DAG(s) 'example_external_task_marker_child', 'example_external_task_marker_parent' retrieved from /home/airflow/.local/lib/python3.12/site-packages/airflow/example_dags/example_external_task_marker_dag.py
[2026-08-12T05:11:46.751+0000] {logging_mixin.py:190} INFO - [2026-08-12T05:11:46.751+0000] {dag.py:3211} INFO - Sync 2 DAGs
[2026-08-12T05:11:46.768+0000] {logging_mixin.py:190} INFO - [2026-08-12T05:11:46.768+0000] {dag.py:4138} INFO - Setting next_dagrun for example_external_task_marker_child to None, run_after=None
[2026-08-12T05:11:46.774+0000] {logging_mixin.py:190} INFO - [2026-08-12T05:11:46.774+0000] {dag.py:4138} INFO - Setting next_dagrun for example_external_task_marker_parent to None, run_after=None
[2026-08-12T05:11:46.803+0000] {processor.py:208} INFO - Processing /home/airflow/.local/lib/python3.12/site-packages/airflow/example_dags/example_external_task_marker_dag.py took 0.104 seconds
[2026-08-12T05:12:17.497+0000] {processor.py:186} INFO - Started process (PID=4915) to work on /home/airflow/.local/lib/python3.12/site-packages/airflow/example_dags/example_external_task_marker_dag.py
[2026-08-12T05:12:17.499+0000] {processor.py:914} INFO - Processing file /home/airflow/.local/lib/python3.12/site-packages/airflow/example_dags/example_external_task_marker_dag.py for tasks to queue
[2026-08-12T05:12:17.502+0000] {logging_mixin.py:190} INFO - [2026-08-12T05:12:17.501+0000] {dagbag.py:587} INFO - Filling up the DagBag from /home/airflow/.local/lib/python3.12/site-packages/airflow/example_dags/example_external_task_marker_dag.py
[2026-08-12T05:12:17.509+0000] {processor.py:925} INFO - DAG(s) 'example_external_task_marker_parent', 'example_external_task_marker_child' retrieved from /home/airflow/.local/lib/python3.12/site-packages/airflow/example_dags/example_external_task_marker_dag.py
[2026-08-12T05:12:17.533+0000] {logging_mixin.py:190} INFO - [2026-08-12T05:12:17.533+0000] {dag.py:3211} INFO - Sync 2 DAGs
[2026-08-12T05:12:17.547+0000] {logging_mixin.py:190} INFO - [2026-08-12T05:12:17.547+0000] {dag.py:4138} INFO - Setting next_dagrun for example_external_task_marker_child to None, run_after=None
[2026-08-12T05:12:17.551+0000] {logging_mixin.py:190} INFO - [2026-08-12T05:12:17.551+0000] {dag.py:4138} INFO - Setting next_dagrun for example_external_task_marker_parent to None, run_after=None
[2026-08-12T05:12:17.568+0000] {processor.py:208} INFO - Processing /home/airflow/.local/lib/python3.12/site-packages/airflow/example_dags/example_external_task_marker_dag.py took 0.077 seconds
[2026-08-12T05:12:48.005+0000] {processor.py:186} INFO - Started process (PID=4978) to work on /home/airflow/.local/lib/python3.12/site-packages/airflow/example_dags/example_external_task_marker_dag.py
[2026-08-12T05:12:48.006+0000] {processor.py:914} INFO - Processing file /home/airflow/.local/lib/python3.12/site-packages/airflow/example_dags/example_external_task_marker_dag.py for tasks to queue
[2026-08-12T05:12:48.009+0000] {logging_mixin.py:190} INFO - [2026-08-12T05:12:48.009+0000] {dagbag.py:587} INFO - Filling up the DagBag from /home/airflow/.local/lib/python3.12/site-packages/airflow/example_dags/example_external_task_marker_dag.py
[2026-08-12T05:12:48.018+0000] {processor.py:925} INFO - DAG(s) 'example_external_task_marker_parent', 'example_external_task_marker_child' retrieved from /home/airflow/.local/lib/python3.12/site-packages/airflow/example_dags/example_external_task_marker_dag.py
[2026-08-12T05:12:48.054+0000] {logging_mixin.py:190} INFO - [2026-08-12T05:12:48.053+0000] {dag.py:3211} INFO - Sync 2 DAGs
[2026-08-12T05:12:48.083+0000] {logging_mixin.py:190} INFO - [2026-08-12T05:12:48.083+0000] {dag.py:4138} INFO - Setting next_dagrun for example_external_task_marker_child to None, run_after=None
[2026-08-12T05:12:48.102+0000] {logging_mixin.py:190} INFO - [2026-08-12T05:12:48.101+0000] {dag.py:4138} INFO - Setting next_dagrun for example_external_task_marker_parent to None, run_after=None
[2026-08-12T05:12:48.132+0000] {processor.py:208} INFO - Processing /home/airflow/.local/lib/python3.12/site-packages/airflow/example_dags/example_external_task_marker_dag.py took 0.134 seconds
[2026-08-12T05:13:18.459+0000] {processor.py:186} INFO - Started process (PID=5041) to work on /home/airflow/.local/lib/python3.12/site-packages/airflow/example_dags/example_external_task_marker_dag.py
[2026-08-12T05:13:18.460+0000] {processor.py:914} INFO - Processing file /home/airflow/.local/lib/python3.12/site-packages/airflow/example_dags/example_external_task_marker_dag.py for tasks to queue
[2026-08-12T05:13:18.462+0000] {logging_mixin.py:190} INFO - [2026-08-12T05:13:18.462+0000] {dagbag.py:587} INFO - Filling up the DagBag from /home/airflow/.local/lib/python3.12/site-packages/airflow/example_dags/example_external_task_marker_dag.py
[2026-08-12T05:13:18.471+0000] {processor.py:925} INFO - DAG(s) 'example_external_task_marker_parent', 'example_external_task_marker_child' retrieved from /home/airflow/.local/lib/python3.12/site-packages/airflow/example_dags/example_external_task_marker_dag.py
[2026-08-12T05:13:18.500+0000] {logging_mixin.py:190} INFO - [2026-08-12T05:13:18.500+0000] {dag.py:3211} INFO - Sync 2 DAGs
[2026-08-12T05:13:18.516+0000] {logging_mixin.py:190} INFO - [2026-08-12T05:13:18.516+0000] {dag.py:4138} INFO - Setting next_dagrun for example_external_task_marker_child to None, run_after=None
[2026-08-12T05:13:18.521+0000] {logging_mixin.py:190} INFO - [2026-08-12T05:13:18.521+0000] {dag.py:4138} INFO - Setting next_dagrun for example_external_task_marker_parent to None, run_after=None
[2026-08-12T05:13:18.542+0000] {processor.py:208} INFO - Processing /home/airflow/.local/lib/python3.12/site-packages/airflow/example_dags/example_external_task_marker_dag.py took 0.090 seconds
[2026-08-12T05:13:48.920+0000] {processor.py:186} INFO - Started process (PID=5104) to work on /home/airflow/.local/lib/python3.12/site-packages/airflow/example_dags/example_external_task_marker_dag.py
[2026-08-12T05:13:48.921+0000] {processor.py:914} INFO - Processing file /home/airflow/.local/lib/python3.12/site-packages/airflow/example_dags/example_external_task_marker_dag.py for tasks to queue
[2026-08-12T05:13:48.925+0000] {logging_mixin.py:190} INFO - [2026-08-12T05:13:48.925+0000] {dagbag.py:587} INFO - Filling up the DagBag from /home/airflow/.local/lib/python3.12/site-packages/airflow/example_dags/example_external_task_marker_dag.py
[2026-08-12T05:13:48.934+0000] {processor.py:925} INFO - DAG(s) 'example_external_task_marker_child', 'example_external_task_marker_parent' retrieved from /home/airflow/.local/lib/python3.12/site-packages/airflow/example_dags/example_external_task_marker_dag.py
[2026-08-12T05:13:48.960+0000] {logging_mixin.py:190} INFO - [2026-08-12T05:13:48.960+0000] {dag.py:3211} INFO - Sync 2 DAGs
[2026-08-12T05:13:48.976+0000] {logging_mixin.py:190} INFO - [2026-08-12T05:13:48.975+0000] {dag.py:4138} INFO - Setting next_dagrun for example_external_task_marker_child to None, run_after=None
[2026-08-12T05:13:48.980+0000] {logging_mixin.py:190} INFO - [2026-08-12T05:13:48.980+0000] {dag.py:4138} INFO - Setting next_dagrun for example_external_task_marker_parent to None, run_after=None
[2026-08-12T05:13:48.999+0000] {processor.py:208} INFO - Processing /home/airflow/.local/lib/python3.12/site-packages/airflow/example_dags/example_external_task_marker_dag.py took 0.085 seconds
[2026-08-12T05:14:19.529+0000] {processor.py:186} INFO - Started process (PID=5167) to work on /home/airflow/.local/lib/python3.12/site-packages/airflow/example_dags/example_external_task_marker_dag.py
[2026-08-12T05:14:19.531+0000] {processor.py:914} INFO - Processing file /home/airflow/.local/lib/python3.12/site-packages/airflow/example_dags/example_external_task_marker_dag.py for tasks to queue
[2026-08-12T05:14:19.534+0000] {logging_mixin.py:190} INFO - [2026-08-12T05:14:19.533+0000] {dagbag.py:587} INFO - Filling up the DagBag from /home/airflow/.local/lib/python3.12/site-packages/airflow/example_dags/example_external_task_marker_dag.py
[2026-08-12T05:14:19.542+0000] {processor.py:925} INFO - DAG(s) 'example_external_task_marker_child', 'example_external_task_marker_parent' retrieved from /home/airflow/.local/lib/python3.12/site-packages/airflow/example_dags/example_external_task_marker_dag.py
[2026-08-12T05:14:19.568+0000] {logging_mixin.py:190} INFO - [2026-08-12T05:14:19.567+0000] {dag.py:3211} INFO - Sync 2 DAGs
[2026-08-12T05:14:19.581+0000] {logging_mixin.py:190} INFO - [2026-08-12T05:14:19.581+0000] {dag.py:4138} INFO - Setting next_dagrun for example_external_task_marker_child to None, run_after=None
[2026-08-12T05:14:19.585+0000] {logging_mixin.py:190} INFO - [2026-08-12T05:14:19.585+0000] {dag.py:4138} INFO - Setting next_dagrun for example_external_task_marker_parent to None, run_after=None
[2026-08-12T05:14:19.603+0000] {processor.py:208} INFO - Processing /home/airflow/.local/lib/python3.12/site-packages/airflow/example_dags/example_external_task_marker_dag.py took 0.079 seconds
[2026-08-12T05:14:49.936+0000] {processor.py:186} INFO - Started process (PID=5230) to work on /home/airflow/.local/lib/python3.12/site-packages/airflow/example_dags/example_external_task_marker_dag.py
[2026-08-12T05:14:49.938+0000] {processor.py:914} INFO - Processing file /home/airflow/.local/lib/python3.12/site-packages/airflow/example_dags/example_external_task_marker_dag.py for tasks to queue
[2026-08-12T05:14:49.941+0000] {logging_mixin.py:190} INFO - [2026-08-12T05:14:49.941+0000] {dagbag.py:587} INFO - Filling up the DagBag from /home/airflow/.local/lib/python3.12/site-packages/airflow/example_dags/example_external_task_marker_dag.py
[2026-08-12T05:14:49.950+0000] {processor.py:925} INFO - DAG(s) 'example_external_task_marker_child', 'example_external_task_marker_parent' retrieved from /home/airflow/.local/lib/python3.12/site-packages/airflow/example_dags/example_external_task_marker_dag.py
[2026-08-12T05:14:49.973+0000] {logging_mixin.py:190} INFO - [2026-08-12T05:14:49.973+0000] {dag.py:3211} INFO - Sync 2 DAGs
[2026-08-12T05:14:50.000+0000] {logging_mixin.py:190} INFO - [2026-08-12T05:14:50.000+0000] {dag.py:4138} INFO - Setting next_dagrun for example_external_task_marker_child to None, run_after=None
[2026-08-12T05:14:50.026+0000] {logging_mixin.py:190} INFO - [2026-08-12T05:14:50.026+0000] {dag.py:4138} INFO - Setting next_dagrun for example_external_task_marker_parent to None, run_after=None
[2026-08-12T05:14:50.051+0000] {processor.py:208} INFO - Processing /home/airflow/.local/lib/python3.12/site-packages/airflow/example_dags/example_external_task_marker_dag.py took 0.120 seconds
[2026-08-12T05:15:20.797+0000] {processor.py:186} INFO - Started process (PID=5293) to work on /home/airflow/.local/lib/python3.12/site-packages/airflow/example_dags/example_external_task_marker_dag.py
[2026-08-12T05:15:20.799+0000] {processor.py:914} INFO - Processing file /home/airflow/.local/lib/python3.12/site-packages/airflow/example_dags/example_external_task_marker_dag.py for tasks to queue
[2026-08-12T05:15:20.803+0000] {logging_mixin.py:190} INFO - [2026-08-12T05:15:20.802+0000] {dagbag.py:587} INFO - Filling up the DagBag from /home/airflow/.local/lib/python3.12/site-packages/airflow/example_dags/example_external_task_marker_dag.py
[2026-08-12T05:15:20.815+0000] {processor.py:925} INFO - DAG(s) 'example_external_task_marker_parent', 'example_external_task_marker_child' retrieved from /home/airflow/.local/lib/python3.12/site-packages/airflow/example_dags/example_external_task_marker_dag.py
[2026-08-12T05:15:20.839+0000] {logging_mixin.py:190} INFO - [2026-08-12T05:15:20.839+0000] {dag.py:3211} INFO - Sync 2 DAGs
[2026-08-12T05:15:20.856+0000] {logging_mixin.py:190} INFO - [2026-08-12T05:15:20.856+0000] {dag.py:4138} INFO - Setting next_dagrun for example_external_task_marker_child to None, run_after=None
[2026-08-12T05:15:20.861+0000] {logging_mixin.py:190} INFO - [2026-08-12T05:15:20.861+0000] {dag.py:4138} INFO - Setting next_dagrun for example_external_task_marker_parent to None, run_after=None
[2026-08-12T05:15:20.880+0000] {processor.py:208} INFO - Processing /home/airflow/.local/lib/python3.12/site-packages/airflow/example_dags/example_external_task_marker_dag.py took 0.090 seconds
[2026-08-12T05:15:51.412+0000] {processor.py:186} INFO - Started process (PID=5356) to work on /home/airflow/.local/lib/python3.12/site-packages/airflow/example_dags/example_external_task_marker_dag.py
[2026-08-12T05:15:51.414+0000] {processor.py:914} INFO - Processing file /home/airflow/.local/lib/python3.12/site-packages/airflow/example_dags/example_external_task_marker_dag.py for tasks to queue
[2026-08-12T05:15:51.418+0000] {logging_mixin.py:190} INFO - [2026-08-12T05:15:51.417+0000] {dagbag.py:587} INFO - Filling up the DagBag from /home/airflow/.local/lib/python3.12/site-packages/airflow/example_dags/example_external_task_marker_dag.py
[2026-08-12T05:15:51.429+0000] {processor.py:925} INFO - DAG(s) 'example_external_task_marker_parent', 'example_external_task_marker_child' retrieved from /home/airflow/.local/lib/python3.12/site-packages/airflow/example_dags/example_external_task_marker_dag.py
[2026-08-12T05:15:51.458+0000] {logging_mixin.py:190} INFO - [2026-08-12T05:15:51.458+0000] {dag.py:3211} INFO - Sync 2 DAGs
[2026-08-12T05:15:51.478+0000] {logging_mixin.py:190} INFO - [2026-08-12T05:15:51.478+0000] {dag.py:4138} INFO - Setting next_dagrun for example_external_task_marker_child to None, run_after=None
[2026-08-12T05:15:51.482+0000] {logging_mixin.py:190} INFO - [2026-08-12T05:15:51.482+0000] {dag.py:4138} INFO - Setting next_dagrun for example_external_task_marker_parent to None, run_after=None
[2026-08-12T05:15:51.506+0000] {processor.py:208} INFO - Processing /home/airflow/.local/lib/python3.12/site-packages/airflow/example_dags/example_external_task_marker_dag.py took 0.101 seconds
[2026-08-12T05:16:21.934+0000] {processor.py:186} INFO - Started process (PID=5419) to work on /home/airflow/.local/lib/python3.12/site-packages/airflow/example_dags/example_external_task_marker_dag.py
[2026-08-12T05:16:21.936+0000] {processor.py:914} INFO - Processing file /home/airflow/.local/lib/python3.12/site-packages/airflow/example_dags/example_external_task_marker_dag.py for tasks to queue
[2026-08-12T05:16:21.939+0000] {logging_mixin.py:190} INFO - [2026-08-12T05:16:21.938+0000] {dagbag.py:587} INFO - Filling up the DagBag from /home/airflow/.local/lib/python3.12/site-packages/airflow/example_dags/example_external_task_marker_dag.py
[2026-08-12T05:16:21.949+0000] {processor.py:925} INFO - DAG(s) 'example_external_task_marker_child', 'example_external_task_marker_parent' retrieved from /home/airflow/.local/lib/python3.12/site-packages/airflow/example_dags/example_external_task_marker_dag.py
[2026-08-12T05:16:21.974+0000] {logging_mixin.py:190} INFO - [2026-08-12T05:16:21.974+0000] {dag.py:3211} INFO - Sync 2 DAGs
[2026-08-12T05:16:21.988+0000] {logging_mixin.py:190} INFO - [2026-08-12T05:16:21.988+0000] {dag.py:4138} INFO - Setting next_dagrun for example_external_task_marker_child to None, run_after=None
[2026-08-12T05:16:21.993+0000] {logging_mixin.py:190} INFO - [2026-08-12T05:16:21.992+0000] {dag.py:4138} INFO - Setting next_dagrun for example_external_task_marker_parent to None, run_after=None
[2026-08-12T05:16:22.011+0000] {processor.py:208} INFO - Processing /home/airflow/.local/lib/python3.12/site-packages/airflow/example_dags/example_external_task_marker_dag.py took 0.083 seconds
[2026-08-12T05:16:52.377+0000] {processor.py:186} INFO - Started process (PID=5482) to work on /home/airflow/.local/lib/python3.12/site-packages/airflow/example_dags/example_external_task_marker_dag.py
[2026-08-12T05:16:52.379+0000] {processor.py:914} INFO - Processing file /home/airflow/.local/lib/python3.12/site-packages/airflow/example_dags/example_external_task_marker_dag.py for tasks to queue
[2026-08-12T05:16:52.382+0000] {logging_mixin.py:190} INFO - [2026-08-12T05:16:52.382+0000] {dagbag.py:587} INFO - Filling up the DagBag from /home/airflow/.local/lib/python3.12/site-packages/airflow/example_dags/example_external_task_marker_dag.py
[2026-08-12T05:16:52.392+0000] {processor.py:925} INFO - DAG(s) 'example_external_task_marker_child', 'example_external_task_marker_parent' retrieved from /home/airflow/.local/lib/python3.12/site-packages/airflow/example_dags/example_external_task_marker_dag.py
[2026-08-12T05:16:52.418+0000] {logging_mixin.py:190} INFO - [2026-08-12T05:16:52.417+0000] {dag.py:3211} INFO - Sync 2 DAGs
[2026-08-12T05:16:52.436+0000] {logging_mixin.py:190} INFO - [2026-08-12T05:16:52.436+0000] {dag.py:4138} INFO - Setting next_dagrun for example_external_task_marker_child to None, run_after=None
[2026-08-12T05:16:52.441+0000] {logging_mixin.py:190} INFO - [2026-08-12T05:16:52.440+0000] {dag.py:4138} INFO - Setting next_dagrun for example_external_task_marker_parent to None, run_after=None
[2026-08-12T05:16:52.458+0000] {processor.py:208} INFO - Processing /home/airflow/.local/lib/python3.12/site-packages/airflow/example_dags/example_external_task_marker_dag.py took 0.089 seconds
[2026-08-12T05:17:23.020+0000] {processor.py:186} INFO - Started process (PID=5545) to work on /home/airflow/.local/lib/python3.12/site-packages/airflow/example_dags/example_external_task_marker_dag.py
[2026-08-12T05:17:23.022+0000] {processor.py:914} INFO - Processing file /home/airflow/.local/lib/python3.12/site-packages/airflow/example_dags/example_external_task_marker_dag.py for tasks to queue
[2026-08-12T05:17:23.027+0000] {logging_mixin.py:190} INFO - [2026-08-12T05:17:23.026+0000] {dagbag.py:587} INFO - Filling up the DagBag from /home/airflow/.local/lib/python3.12/site-packages/airflow/example_dags/example_external_task_marker_dag.py
[2026-08-12T05:17:23.036+0000] {processor.py:925} INFO - DAG(s) 'example_external_task_marker_parent', 'example_external_task_marker_child' retrieved from /home/airflow/.local/lib/python3.12/site-packages/airflow/example_dags/example_external_task_marker_dag.py
[2026-08-12T05:17:23.061+0000] {logging_mixin.py:190} INFO - [2026-08-12T05:17:23.061+0000] {dag.py:3211} INFO - Sync 2 DAGs
[2026-08-12T05:17:23.079+0000] {logging_mixin.py:190} INFO - [2026-08-12T05:17:23.079+0000] {dag.py:4138} INFO - Setting next_dagrun for example_external_task_marker_child to None, run_after=None
[2026-08-12T05:17:23.085+0000] {logging_mixin.py:190} INFO - [2026-08-12T05:17:23.084+0000] {dag.py:4138} INFO - Setting next_dagrun for example_external_task_marker_parent to None, run_after=None
[2026-08-12T05:17:23.106+0000] {processor.py:208} INFO - Processing /home/airflow/.local/lib/python3.12/site-packages/airflow/example_dags/example_external_task_marker_dag.py took 0.092 seconds
[2026-08-12T05:17:53.805+0000] {processor.py:186} INFO - Started process (PID=5608) to work on /home/airflow/.local/lib/python3.12/site-packages/airflow/example_dags/example_external_task_marker_dag.py
[2026-08-12T05:17:53.808+0000] {processor.py:914} INFO - Processing file /home/airflow/.local/lib/python3.12/site-packages/airflow/example_dags/example_external_task_marker_dag.py for tasks to queue
[2026-08-12T05:17:53.813+0000] {logging_mixin.py:190} INFO - [2026-08-12T05:17:53.813+0000] {dagbag.py:587} INFO - Filling up the DagBag from /home/airflow/.local/lib/python3.12/site-packages/airflow/example_dags/example_external_task_marker_dag.py
[2026-08-12T05:17:53.825+0000] {processor.py:925} INFO - DAG(s) 'example_external_task_marker_child', 'example_external_task_marker_parent' retrieved from /home/airflow/.local/lib/python3.12/site-packages/airflow/example_dags/example_external_task_marker_dag.py
[2026-08-12T05:17:53.863+0000] {logging_mixin.py:190} INFO - [2026-08-12T05:17:53.863+0000] {dag.py:3211} INFO - Sync 2 DAGs
[2026-08-12T05:17:53.883+0000] {logging_mixin.py:190} INFO - [2026-08-12T05:17:53.882+0000] {dag.py:4138} INFO - Setting next_dagrun for example_external_task_marker_child to None, run_after=None
[2026-08-12T05:17:53.890+0000] {logging_mixin.py:190} INFO - [2026-08-12T05:17:53.890+0000] {dag.py:4138} INFO - Setting next_dagrun for example_external_task_marker_parent to None, run_after=None
[2026-08-12T05:17:53.909+0000] {processor.py:208} INFO - Processing /home/airflow/.local/lib/python3.12/site-packages/airflow/example_dags/example_external_task_marker_dag.py took 0.114 seconds
[2026-08-12T05:18:24.841+0000] {processor.py:186} INFO - Started process (PID=5671) to work on /home/airflow/.local/lib/python3.12/site-packages/airflow/example_dags/example_external_task_marker_dag.py
[2026-08-12T05:18:24.843+0000] {processor.py:914} INFO - Processing file /home/airflow/.local/lib/python3.12/site-packages/airflow/example_dags/example_external_task_marker_dag.py for tasks to queue
[2026-08-12T05:18:24.846+0000] {logging_mixin.py:190} INFO - [2026-08-12T05:18:24.845+0000] {dagbag.py:587} INFO - Filling up the DagBag from /home/airflow/.local/lib/python3.12/site-packages/airflow/example_dags/example_external_task_marker_dag.py
[2026-08-12T05:18:24.856+0000] {processor.py:925} INFO - DAG(s) 'example_external_task_marker_parent', 'example_external_task_marker_child' retrieved from /home/airflow/.local/lib/python3.12/site-packages/airflow/example_dags/example_external_task_marker_dag.py
[2026-08-12T05:18:24.886+0000] {logging_mixin.py:190} INFO - [2026-08-12T05:18:24.886+0000] {dag.py:3211} INFO - Sync 2 DAGs
[2026-08-12T05:18:24.901+0000] {logging_mixin.py:190} INFO - [2026-08-12T05:18:24.901+0000] {dag.py:4138} INFO - Setting next_dagrun for example_external_task_marker_child to None, run_after=None
[2026-08-12T05:18:24.907+0000] {logging_mixin.py:190} INFO - [2026-08-12T05:18:24.906+0000] {dag.py:4138} INFO - Setting next_dagrun for example_external_task_marker_parent to None, run_after=None
[2026-08-12T05:18:24.926+0000] {processor.py:208} INFO - Processing /home/airflow/.local/lib/python3.12/site-packages/airflow/example_dags/example_external_task_marker_dag.py took 0.091 seconds
[2026-08-12T05:18:57.550+0000] {processor.py:186} INFO - Started process (PID=5734) to work on /home/airflow/.local/lib/python3.12/site-packages/airflow/example_dags/example_external_task_marker_dag.py
[2026-08-12T05:18:57.569+0000] {processor.py:914} INFO - Processing file /home/airflow/.local/lib/python3.12/site-packages/airflow/example_dags/example_external_task_marker_dag.py for tasks to queue
[2026-08-12T05:18:57.611+0000] {logging_mixin.py:190} INFO - [2026-08-12T05:18:57.610+0000] {dagbag.py:587} INFO - Filling up the DagBag from /home/airflow/.local/lib/python3.12/site-packages/airflow/example_dags/example_external_task_marker_dag.py
[2026-08-12T05:18:57.660+0000] {processor.py:925} INFO - DAG(s) 'example_external_task_marker_child', 'example_external_task_marker_parent' retrieved from /home/airflow/.local/lib/python3.12/site-packages/airflow/example_dags/example_external_task_marker_dag.py
[2026-08-12T05:18:57.771+0000] {logging_mixin.py:190} INFO - [2026-08-12T05:18:57.771+0000] {dag.py:3211} INFO - Sync 2 DAGs
[2026-08-12T05:18:57.868+0000] {logging_mixin.py:190} INFO - [2026-08-12T05:18:57.867+0000] {dag.py:4138} INFO - Setting next_dagrun for example_external_task_marker_child to None, run_after=None
[2026-08-12T05:18:57.899+0000] {logging_mixin.py:190} INFO - [2026-08-12T05:18:57.898+0000] {dag.py:4138} INFO - Setting next_dagrun for example_external_task_marker_parent to None, run_after=None
[2026-08-12T05:18:57.996+0000] {processor.py:208} INFO - Processing /home/airflow/.local/lib/python3.12/site-packages/airflow/example_dags/example_external_task_marker_dag.py took 0.462 seconds
[2026-08-12T05:19:29.056+0000] {processor.py:186} INFO - Started process (PID=5798) to work on /home/airflow/.local/lib/python3.12/site-packages/airflow/example_dags/example_external_task_marker_dag.py
[2026-08-12T05:19:29.064+0000] {processor.py:914} INFO - Processing file /home/airflow/.local/lib/python3.12/site-packages/airflow/example_dags/example_external_task_marker_dag.py for tasks to queue
[2026-08-12T05:19:29.074+0000] {logging_mixin.py:190} INFO - [2026-08-12T05:19:29.073+0000] {dagbag.py:587} INFO - Filling up the DagBag from /home/airflow/.local/lib/python3.12/site-packages/airflow/example_dags/example_external_task_marker_dag.py
[2026-08-12T05:19:29.109+0000] {processor.py:925} INFO - DAG(s) 'example_external_task_marker_child', 'example_external_task_marker_parent' retrieved from /home/airflow/.local/lib/python3.12/site-packages/airflow/example_dags/example_external_task_marker_dag.py
[2026-08-12T05:19:29.185+0000] {logging_mixin.py:190} INFO - [2026-08-12T05:19:29.185+0000] {dag.py:3211} INFO - Sync 2 DAGs
[2026-08-12T05:19:29.237+0000] {logging_mixin.py:190} INFO - [2026-08-12T05:19:29.236+0000] {dag.py:4138} INFO - Setting next_dagrun for example_external_task_marker_child to None, run_after=None
[2026-08-12T05:19:29.249+0000] {logging_mixin.py:190} INFO - [2026-08-12T05:19:29.248+0000] {dag.py:4138} INFO - Setting next_dagrun for example_external_task_marker_parent to None, run_after=None
[2026-08-12T05:19:29.317+0000] {processor.py:208} INFO - Processing /home/airflow/.local/lib/python3.12/site-packages/airflow/example_dags/example_external_task_marker_dag.py took 0.294 seconds
[2026-08-12T05:20:02.235+0000] {processor.py:186} INFO - Started process (PID=5861) to work on /home/airflow/.local/lib/python3.12/site-packages/airflow/example_dags/example_external_task_marker_dag.py
[2026-08-12T05:20:02.256+0000] {processor.py:914} INFO - Processing file /home/airflow/.local/lib/python3.12/site-packages/airflow/example_dags/example_external_task_marker_dag.py for tasks to queue
[2026-08-12T05:20:02.269+0000] {logging_mixin.py:190} INFO - [2026-08-12T05:20:02.268+0000] {dagbag.py:587} INFO - Filling up the DagBag from /home/airflow/.local/lib/python3.12/site-packages/airflow/example_dags/example_external_task_marker_dag.py
[2026-08-12T05:20:02.309+0000] {processor.py:925} INFO - DAG(s) 'example_external_task_marker_child', 'example_external_task_marker_parent' retrieved from /home/airflow/.local/lib/python3.12/site-packages/airflow/example_dags/example_external_task_marker_dag.py
[2026-08-12T05:20:02.501+0000] {logging_mixin.py:190} INFO - [2026-08-12T05:20:02.500+0000] {dag.py:3211} INFO - Sync 2 DAGs
[2026-08-12T05:20:02.626+0000] {logging_mixin.py:190} INFO - [2026-08-12T05:20:02.625+0000] {dag.py:4138} INFO - Setting next_dagrun for example_external_task_marker_child to None, run_after=None
[2026-08-12T05:20:02.654+0000] {logging_mixin.py:190} INFO - [2026-08-12T05:20:02.653+0000] {dag.py:4138} INFO - Setting next_dagrun for example_external_task_marker_parent to None, run_after=None
[2026-08-12T05:20:02.760+0000] {processor.py:208} INFO - Processing /home/airflow/.local/lib/python3.12/site-packages/airflow/example_dags/example_external_task_marker_dag.py took 0.547 seconds
[2026-08-12T05:20:34.463+0000] {processor.py:186} INFO - Started process (PID=5924) to work on /home/airflow/.local/lib/python3.12/site-packages/airflow/example_dags/example_external_task_marker_dag.py
[2026-08-12T05:20:34.479+0000] {processor.py:914} INFO - Processing file /home/airflow/.local/lib/python3.12/site-packages/airflow/example_dags/example_external_task_marker_dag.py for tasks to queue
[2026-08-12T05:20:34.491+0000] {logging_mixin.py:190} INFO - [2026-08-12T05:20:34.490+0000] {dagbag.py:587} INFO - Filling up the DagBag from /home/airflow/.local/lib/python3.12/site-packages/airflow/example_dags/example_external_task_marker_dag.py
[2026-08-12T05:20:34.559+0000] {processor.py:925} INFO - DAG(s) 'example_external_task_marker_child', 'example_external_task_marker_parent' retrieved from /home/airflow/.local/lib/python3.12/site-packages/airflow/example_dags/example_external_task_marker_dag.py
[2026-08-12T05:20:34.680+0000] {logging_mixin.py:190} INFO - [2026-08-12T05:20:34.671+0000] {dag.py:3211} INFO - Sync 2 DAGs
[2026-08-12T05:20:34.754+0000] {logging_mixin.py:190} INFO - [2026-08-12T05:20:34.754+0000] {dag.py:4138} INFO - Setting next_dagrun for example_external_task_marker_child to None, run_after=None
[2026-08-12T05:20:34.769+0000] {logging_mixin.py:190} INFO - [2026-08-12T05:20:34.768+0000] {dag.py:4138} INFO - Setting next_dagrun for example_external_task_marker_parent to None, run_after=None
[2026-08-12T05:20:34.864+0000] {processor.py:208} INFO - Processing /home/airflow/.local/lib/python3.12/site-packages/airflow/example_dags/example_external_task_marker_dag.py took 0.437 seconds
[2026-08-12T05:21:05.083+0000] {processor.py:186} INFO - Started process (PID=5988) to work on /home/airflow/.local/lib/python3.12/site-packages/airflow/example_dags/example_external_task_marker_dag.py
[2026-08-12T05:21:05.086+0000] {processor.py:914} INFO - Processing file /home/airflow/.local/lib/python3.12/site-packages/airflow/example_dags/example_external_task_marker_dag.py for tasks to queue
[2026-08-12T05:21:05.092+0000] {logging_mixin.py:190} INFO - [2026-08-12T05:21:05.091+0000] {dagbag.py:587} INFO - Filling up the DagBag from /home/airflow/.local/lib/python3.12/site-packages/airflow/example_dags/example_external_task_marker_dag.py
[2026-08-12T05:21:05.110+0000] {processor.py:925} INFO - DAG(s) 'example_external_task_marker_child', 'example_external_task_marker_parent' retrieved from /home/airflow/.local/lib/python3.12/site-packages/airflow/example_dags/example_external_task_marker_dag.py
[2026-08-12T05:21:05.153+0000] {logging_mixin.py:190} INFO - [2026-08-12T05:21:05.152+0000] {dag.py:3211} INFO - Sync 2 DAGs
[2026-08-12T05:21:05.178+0000] {logging_mixin.py:190} INFO - [2026-08-12T05:21:05.178+0000] {dag.py:4138} INFO - Setting next_dagrun for example_external_task_marker_child to None, run_after=None
[2026-08-12T05:21:05.185+0000] {logging_mixin.py:190} INFO - [2026-08-12T05:21:05.184+0000] {dag.py:4138} INFO - Setting next_dagrun for example_external_task_marker_parent to None, run_after=None
[2026-08-12T05:21:05.210+0000] {processor.py:208} INFO - Processing /home/airflow/.local/lib/python3.12/site-packages/airflow/example_dags/example_external_task_marker_dag.py took 0.138 seconds
[2026-08-12T05:21:35.677+0000] {processor.py:186} INFO - Started process (PID=6052) to work on /home/airflow/.local/lib/python3.12/site-packages/airflow/example_dags/example_external_task_marker_dag.py
[2026-08-12T05:21:35.678+0000] {processor.py:914} INFO - Processing file /home/airflow/.local/lib/python3.12/site-packages/airflow/example_dags/example_external_task_marker_dag.py for tasks to queue
[2026-08-12T05:21:35.681+0000] {logging_mixin.py:190} INFO - [2026-08-12T05:21:35.681+0000] {dagbag.py:587} INFO - Filling up the DagBag from /home/airflow/.local/lib/python3.12/site-packages/airflow/example_dags/example_external_task_marker_dag.py
[2026-08-12T05:21:35.689+0000] {processor.py:925} INFO - DAG(s) 'example_external_task_marker_parent', 'example_external_task_marker_child' retrieved from /home/airflow/.local/lib/python3.12/site-packages/airflow/example_dags/example_external_task_marker_dag.py
[2026-08-12T05:21:35.714+0000] {logging_mixin.py:190} INFO - [2026-08-12T05:21:35.714+0000] {dag.py:3211} INFO - Sync 2 DAGs
[2026-08-12T05:21:35.729+0000] {logging_mixin.py:190} INFO - [2026-08-12T05:21:35.728+0000] {dag.py:4138} INFO - Setting next_dagrun for example_external_task_marker_child to None, run_after=None
[2026-08-12T05:21:35.733+0000] {logging_mixin.py:190} INFO - [2026-08-12T05:21:35.733+0000] {dag.py:4138} INFO - Setting next_dagrun for example_external_task_marker_parent to None, run_after=None
[2026-08-12T05:21:35.751+0000] {processor.py:208} INFO - Processing /home/airflow/.local/lib/python3.12/site-packages/airflow/example_dags/example_external_task_marker_dag.py took 0.080 seconds
[2026-08-12T05:22:06.216+0000] {processor.py:186} INFO - Started process (PID=6117) to work on /home/airflow/.local/lib/python3.12/site-packages/airflow/example_dags/example_external_task_marker_dag.py
[2026-08-12T05:22:06.218+0000] {processor.py:914} INFO - Processing file /home/airflow/.local/lib/python3.12/site-packages/airflow/example_dags/example_external_task_marker_dag.py for tasks to queue
[2026-08-12T05:22:06.221+0000] {logging_mixin.py:190} INFO - [2026-08-12T05:22:06.221+0000] {dagbag.py:587} INFO - Filling up the DagBag from /home/airflow/.local/lib/python3.12/site-packages/airflow/example_dags/example_external_task_marker_dag.py
[2026-08-12T05:22:06.231+0000] {processor.py:925} INFO - DAG(s) 'example_external_task_marker_child', 'example_external_task_marker_parent' retrieved from /home/airflow/.local/lib/python3.12/site-packages/airflow/example_dags/example_external_task_marker_dag.py
[2026-08-12T05:22:06.257+0000] {logging_mixin.py:190} INFO - [2026-08-12T05:22:06.257+0000] {dag.py:3211} INFO - Sync 2 DAGs
[2026-08-12T05:22:06.273+0000] {logging_mixin.py:190} INFO - [2026-08-12T05:22:06.273+0000] {dag.py:4138} INFO - Setting next_dagrun for example_external_task_marker_child to None, run_after=None
[2026-08-12T05:22:06.279+0000] {logging_mixin.py:190} INFO - [2026-08-12T05:22:06.279+0000] {dag.py:4138} INFO - Setting next_dagrun for example_external_task_marker_parent to None, run_after=None
[2026-08-12T05:22:06.299+0000] {processor.py:208} INFO - Processing /home/airflow/.local/lib/python3.12/site-packages/airflow/example_dags/example_external_task_marker_dag.py took 0.089 seconds
[2026-08-12T05:22:36.596+0000] {processor.py:186} INFO - Started process (PID=6180) to work on /home/airflow/.local/lib/python3.12/site-packages/airflow/example_dags/example_external_task_marker_dag.py
[2026-08-12T05:22:36.597+0000] {processor.py:914} INFO - Processing file /home/airflow/.local/lib/python3.12/site-packages/airflow/example_dags/example_external_task_marker_dag.py for tasks to queue
[2026-08-12T05:22:36.600+0000] {logging_mixin.py:190} INFO - [2026-08-12T05:22:36.600+0000] {dagbag.py:587} INFO - Filling up the DagBag from /home/airflow/.local/lib/python3.12/site-packages/airflow/example_dags/example_external_task_marker_dag.py
[2026-08-12T05:22:36.609+0000] {processor.py:925} INFO - DAG(s) 'example_external_task_marker_parent', 'example_external_task_marker_child' retrieved from /home/airflow/.local/lib/python3.12/site-packages/airflow/example_dags/example_external_task_marker_dag.py
[2026-08-12T05:22:36.633+0000] {logging_mixin.py:190} INFO - [2026-08-12T05:22:36.633+0000] {dag.py:3211} INFO - Sync 2 DAGs
[2026-08-12T05:22:36.648+0000] {logging_mixin.py:190} INFO - [2026-08-12T05:22:36.647+0000] {dag.py:4138} INFO - Setting next_dagrun for example_external_task_marker_child to None, run_after=None
[2026-08-12T05:22:36.652+0000] {logging_mixin.py:190} INFO - [2026-08-12T05:22:36.652+0000] {dag.py:4138} INFO - Setting next_dagrun for example_external_task_marker_parent to None, run_after=None
[2026-08-12T05:22:36.671+0000] {processor.py:208} INFO - Processing /home/airflow/.local/lib/python3.12/site-packages/airflow/example_dags/example_external_task_marker_dag.py took 0.080 seconds
[2026-08-12T05:23:07.172+0000] {processor.py:186} INFO - Started process (PID=6250) to work on /home/airflow/.local/lib/python3.12/site-packages/airflow/example_dags/example_external_task_marker_dag.py
[2026-08-12T05:23:07.174+0000] {processor.py:914} INFO - Processing file /home/airflow/.local/lib/python3.12/site-packages/airflow/example_dags/example_external_task_marker_dag.py for tasks to queue
[2026-08-12T05:23:07.178+0000] {logging_mixin.py:190} INFO - [2026-08-12T05:23:07.177+0000] {dagbag.py:587} INFO - Filling up the DagBag from /home/airflow/.local/lib/python3.12/site-packages/airflow/example_dags/example_external_task_marker_dag.py
[2026-08-12T05:23:07.190+0000] {processor.py:925} INFO - DAG(s) 'example_external_task_marker_child', 'example_external_task_marker_parent' retrieved from /home/airflow/.local/lib/python3.12/site-packages/airflow/example_dags/example_external_task_marker_dag.py
[2026-08-12T05:23:07.224+0000] {logging_mixin.py:190} INFO - [2026-08-12T05:23:07.224+0000] {dag.py:3211} INFO - Sync 2 DAGs
[2026-08-12T05:23:07.239+0000] {logging_mixin.py:190} INFO - [2026-08-12T05:23:07.239+0000] {dag.py:4138} INFO - Setting next_dagrun for example_external_task_marker_child to None, run_after=None
[2026-08-12T05:23:07.244+0000] {logging_mixin.py:190} INFO - [2026-08-12T05:23:07.244+0000] {dag.py:4138} INFO - Setting next_dagrun for example_external_task_marker_parent to None, run_after=None
[2026-08-12T05:23:07.269+0000] {processor.py:208} INFO - Processing /home/airflow/.local/lib/python3.12/site-packages/airflow/example_dags/example_external_task_marker_dag.py took 0.104 seconds
[2026-08-12T05:23:37.356+0000] {processor.py:186} INFO - Started process (PID=6314) to work on /home/airflow/.local/lib/python3.12/site-packages/airflow/example_dags/example_external_task_marker_dag.py
[2026-08-12T05:23:37.358+0000] {processor.py:914} INFO - Processing file /home/airflow/.local/lib/python3.12/site-packages/airflow/example_dags/example_external_task_marker_dag.py for tasks to queue
[2026-08-12T05:23:37.361+0000] {logging_mixin.py:190} INFO - [2026-08-12T05:23:37.361+0000] {dagbag.py:587} INFO - Filling up the DagBag from /home/airflow/.local/lib/python3.12/site-packages/airflow/example_dags/example_external_task_marker_dag.py
[2026-08-12T05:23:37.371+0000] {processor.py:925} INFO - DAG(s) 'example_external_task_marker_parent', 'example_external_task_marker_child' retrieved from /home/airflow/.local/lib/python3.12/site-packages/airflow/example_dags/example_external_task_marker_dag.py
[2026-08-12T05:23:37.397+0000] {logging_mixin.py:190} INFO - [2026-08-12T05:23:37.396+0000] {dag.py:3211} INFO - Sync 2 DAGs
[2026-08-12T05:23:37.411+0000] {logging_mixin.py:190} INFO - [2026-08-12T05:23:37.411+0000] {dag.py:4138} INFO - Setting next_dagrun for example_external_task_marker_child to None, run_after=None
[2026-08-12T05:23:37.415+0000] {logging_mixin.py:190} INFO - [2026-08-12T05:23:37.415+0000] {dag.py:4138} INFO - Setting next_dagrun for example_external_task_marker_parent to None, run_after=None
[2026-08-12T05:23:37.432+0000] {processor.py:208} INFO - Processing /home/airflow/.local/lib/python3.12/site-packages/airflow/example_dags/example_external_task_marker_dag.py took 0.082 seconds
[2026-08-12T05:24:07.504+0000] {processor.py:186} INFO - Started process (PID=6377) to work on /home/airflow/.local/lib/python3.12/site-packages/airflow/example_dags/example_external_task_marker_dag.py
[2026-08-12T05:24:07.506+0000] {processor.py:914} INFO - Processing file /home/airflow/.local/lib/python3.12/site-packages/airflow/example_dags/example_external_task_marker_dag.py for tasks to queue
[2026-08-12T05:24:07.509+0000] {logging_mixin.py:190} INFO - [2026-08-12T05:24:07.509+0000] {dagbag.py:587} INFO - Filling up the DagBag from /home/airflow/.local/lib/python3.12/site-packages/airflow/example_dags/example_external_task_marker_dag.py
[2026-08-12T05:24:07.517+0000] {processor.py:925} INFO - DAG(s) 'example_external_task_marker_parent', 'example_external_task_marker_child' retrieved from /home/airflow/.local/lib/python3.12/site-packages/airflow/example_dags/example_external_task_marker_dag.py
[2026-08-12T05:24:07.541+0000] {logging_mixin.py:190} INFO - [2026-08-12T05:24:07.540+0000] {dag.py:3211} INFO - Sync 2 DAGs
[2026-08-12T05:24:07.555+0000] {logging_mixin.py:190} INFO - [2026-08-12T05:24:07.555+0000] {dag.py:4138} INFO - Setting next_dagrun for example_external_task_marker_child to None, run_after=None
[2026-08-12T05:24:07.560+0000] {logging_mixin.py:190} INFO - [2026-08-12T05:24:07.559+0000] {dag.py:4138} INFO - Setting next_dagrun for example_external_task_marker_parent to None, run_after=None
[2026-08-12T05:24:07.576+0000] {processor.py:208} INFO - Processing /home/airflow/.local/lib/python3.12/site-packages/airflow/example_dags/example_external_task_marker_dag.py took 0.077 seconds
[2026-08-12T05:24:38.393+0000] {processor.py:186} INFO - Started process (PID=6440) to work on /home/airflow/.local/lib/python3.12/site-packages/airflow/example_dags/example_external_task_marker_dag.py
[2026-08-12T05:24:38.395+0000] {processor.py:914} INFO - Processing file /home/airflow/.local/lib/python3.12/site-packages/airflow/example_dags/example_external_task_marker_dag.py for tasks to queue
[2026-08-12T05:24:38.399+0000] {logging_mixin.py:190} INFO - [2026-08-12T05:24:38.399+0000] {dagbag.py:587} INFO - Filling up the DagBag from /home/airflow/.local/lib/python3.12/site-packages/airflow/example_dags/example_external_task_marker_dag.py
[2026-08-12T05:24:38.409+0000] {processor.py:925} INFO - DAG(s) 'example_external_task_marker_child', 'example_external_task_marker_parent' retrieved from /home/airflow/.local/lib/python3.12/site-packages/airflow/example_dags/example_external_task_marker_dag.py
[2026-08-12T05:24:38.433+0000] {logging_mixin.py:190} INFO - [2026-08-12T05:24:38.433+0000] {dag.py:3211} INFO - Sync 2 DAGs
[2026-08-12T05:24:38.450+0000] {logging_mixin.py:190} INFO - [2026-08-12T05:24:38.450+0000] {dag.py:4138} INFO - Setting next_dagrun for example_external_task_marker_child to None, run_after=None
[2026-08-12T05:24:38.454+0000] {logging_mixin.py:190} INFO - [2026-08-12T05:24:38.454+0000] {dag.py:4138} INFO - Setting next_dagrun for example_external_task_marker_parent to None, run_after=None
[2026-08-12T05:24:38.473+0000] {processor.py:208} INFO - Processing /home/airflow/.local/lib/python3.12/site-packages/airflow/example_dags/example_external_task_marker_dag.py took 0.085 seconds
[2026-08-12T05:25:08.795+0000] {processor.py:186} INFO - Started process (PID=6505) to work on /home/airflow/.local/lib/python3.12/site-packages/airflow/example_dags/example_external_task_marker_dag.py
[2026-08-12T05:25:08.797+0000] {processor.py:914} INFO - Processing file /home/airflow/.local/lib/python3.12/site-packages/airflow/example_dags/example_external_task_marker_dag.py for tasks to queue
[2026-08-12T05:25:08.801+0000] {logging_mixin.py:190} INFO - [2026-08-12T05:25:08.800+0000] {dagbag.py:587} INFO - Filling up the DagBag from /home/airflow/.local/lib/python3.12/site-packages/airflow/example_dags/example_external_task_marker_dag.py
[2026-08-12T05:25:08.809+0000] {processor.py:925} INFO - DAG(s) 'example_external_task_marker_parent', 'example_external_task_marker_child' retrieved from /home/airflow/.local/lib/python3.12/site-packages/airflow/example_dags/example_external_task_marker_dag.py
[2026-08-12T05:25:08.834+0000] {logging_mixin.py:190} INFO - [2026-08-12T05:25:08.833+0000] {dag.py:3211} INFO - Sync 2 DAGs
[2026-08-12T05:25:08.848+0000] {logging_mixin.py:190} INFO - [2026-08-12T05:25:08.847+0000] {dag.py:4138} INFO - Setting next_dagrun for example_external_task_marker_child to None, run_after=None
[2026-08-12T05:25:08.852+0000] {logging_mixin.py:190} INFO - [2026-08-12T05:25:08.852+0000] {dag.py:4138} INFO - Setting next_dagrun for example_external_task_marker_parent to None, run_after=None
[2026-08-12T05:25:08.871+0000] {processor.py:208} INFO - Processing /home/airflow/.local/lib/python3.12/site-packages/airflow/example_dags/example_external_task_marker_dag.py took 0.081 seconds
[2026-08-12T05:25:39.590+0000] {processor.py:186} INFO - Started process (PID=6568) to work on /home/airflow/.local/lib/python3.12/site-packages/airflow/example_dags/example_external_task_marker_dag.py
[2026-08-12T05:25:39.592+0000] {processor.py:914} INFO - Processing file /home/airflow/.local/lib/python3.12/site-packages/airflow/example_dags/example_external_task_marker_dag.py for tasks to queue
[2026-08-12T05:25:39.594+0000] {logging_mixin.py:190} INFO - [2026-08-12T05:25:39.594+0000] {dagbag.py:587} INFO - Filling up the DagBag from /home/airflow/.local/lib/python3.12/site-packages/airflow/example_dags/example_external_task_marker_dag.py
[2026-08-12T05:25:39.602+0000] {processor.py:925} INFO - DAG(s) 'example_external_task_marker_child', 'example_external_task_marker_parent' retrieved from /home/airflow/.local/lib/python3.12/site-packages/airflow/example_dags/example_external_task_marker_dag.py
[2026-08-12T05:25:39.625+0000] {logging_mixin.py:190} INFO - [2026-08-12T05:25:39.625+0000] {dag.py:3211} INFO - Sync 2 DAGs
[2026-08-12T05:25:39.653+0000] {logging_mixin.py:190} INFO - [2026-08-12T05:25:39.652+0000] {dag.py:4138} INFO - Setting next_dagrun for example_external_task_marker_child to None, run_after=None
[2026-08-12T05:25:39.658+0000] {logging_mixin.py:190} INFO - [2026-08-12T05:25:39.658+0000] {dag.py:4138} INFO - Setting next_dagrun for example_external_task_marker_parent to None, run_after=None
[2026-08-12T05:25:39.676+0000] {processor.py:208} INFO - Processing /home/airflow/.local/lib/python3.12/site-packages/airflow/example_dags/example_external_task_marker_dag.py took 0.092 seconds
