[2026-08-12T04:30:50.702+0000] {processor.py:186} INFO - Started process (PID=94) to work on /home/airflow/.local/lib/python3.12/site-packages/airflow/example_dags/example_local_kubernetes_executor.py
[2026-08-12T04:30:50.705+0000] {processor.py:914} INFO - Processing file /home/airflow/.local/lib/python3.12/site-packages/airflow/example_dags/example_local_kubernetes_executor.py for tasks to queue
[2026-08-12T04:30:50.709+0000] {logging_mixin.py:190} INFO - [2026-08-12T04:30:50.709+0000] {dagbag.py:587} INFO - Filling up the DagBag from /home/airflow/.local/lib/python3.12/site-packages/airflow/example_dags/example_local_kubernetes_executor.py
[2026-08-12T04:30:50.723+0000] {processor.py:925} INFO - DAG(s) 'example_local_kubernetes_executor' retrieved from /home/airflow/.local/lib/python3.12/site-packages/airflow/example_dags/example_local_kubernetes_executor.py
[2026-08-12T04:30:50.881+0000] {logging_mixin.py:190} INFO - [2026-08-12T04:30:50.879+0000] {override.py:1858} INFO - Created Permission View: can edit on DAG:example_local_kubernetes_executor
[2026-08-12T04:30:50.894+0000] {logging_mixin.py:190} INFO - [2026-08-12T04:30:50.894+0000] {override.py:1858} INFO - Created Permission View: can delete on DAG:example_local_kubernetes_executor
[2026-08-12T04:30:50.904+0000] {logging_mixin.py:190} INFO - [2026-08-12T04:30:50.903+0000] {override.py:1858} INFO - Created Permission View: can read on DAG:example_local_kubernetes_executor
[2026-08-12T04:30:50.905+0000] {logging_mixin.py:190} INFO - [2026-08-12T04:30:50.905+0000] {dag.py:3211} INFO - Sync 1 DAGs
[2026-08-12T04:30:50.919+0000] {logging_mixin.py:190} INFO - [2026-08-12T04:30:50.919+0000] {dag.py:3234} INFO - Creating ORM DAG for example_local_kubernetes_executor
[2026-08-12T04:30:50.921+0000] {logging_mixin.py:190} INFO - [2026-08-12T04:30:50.921+0000] {dag.py:4138} INFO - Setting next_dagrun for example_local_kubernetes_executor to None, run_after=None
[2026-08-12T04:30:50.945+0000] {processor.py:208} INFO - Processing /home/airflow/.local/lib/python3.12/site-packages/airflow/example_dags/example_local_kubernetes_executor.py took 0.252 seconds
[2026-08-12T04:31:21.596+0000] {processor.py:186} INFO - Started process (PID=156) to work on /home/airflow/.local/lib/python3.12/site-packages/airflow/example_dags/example_local_kubernetes_executor.py
[2026-08-12T04:31:21.598+0000] {processor.py:914} INFO - Processing file /home/airflow/.local/lib/python3.12/site-packages/airflow/example_dags/example_local_kubernetes_executor.py for tasks to queue
[2026-08-12T04:31:21.601+0000] {logging_mixin.py:190} INFO - [2026-08-12T04:31:21.601+0000] {dagbag.py:587} INFO - Filling up the DagBag from /home/airflow/.local/lib/python3.12/site-packages/airflow/example_dags/example_local_kubernetes_executor.py
[2026-08-12T04:31:21.611+0000] {processor.py:925} INFO - DAG(s) 'example_local_kubernetes_executor' retrieved from /home/airflow/.local/lib/python3.12/site-packages/airflow/example_dags/example_local_kubernetes_executor.py
[2026-08-12T04:31:21.642+0000] {logging_mixin.py:190} INFO - [2026-08-12T04:31:21.641+0000] {dag.py:3211} INFO - Sync 1 DAGs
[2026-08-12T04:31:21.656+0000] {logging_mixin.py:190} INFO - [2026-08-12T04:31:21.656+0000] {dag.py:4138} INFO - Setting next_dagrun for example_local_kubernetes_executor to None, run_after=None
[2026-08-12T04:31:21.675+0000] {processor.py:208} INFO - Processing /home/airflow/.local/lib/python3.12/site-packages/airflow/example_dags/example_local_kubernetes_executor.py took 0.084 seconds
[2026-08-12T04:31:51.776+0000] {processor.py:186} INFO - Started process (PID=218) to work on /home/airflow/.local/lib/python3.12/site-packages/airflow/example_dags/example_local_kubernetes_executor.py
[2026-08-12T04:31:51.778+0000] {processor.py:914} INFO - Processing file /home/airflow/.local/lib/python3.12/site-packages/airflow/example_dags/example_local_kubernetes_executor.py for tasks to queue
[2026-08-12T04:31:51.781+0000] {logging_mixin.py:190} INFO - [2026-08-12T04:31:51.781+0000] {dagbag.py:587} INFO - Filling up the DagBag from /home/airflow/.local/lib/python3.12/site-packages/airflow/example_dags/example_local_kubernetes_executor.py
[2026-08-12T04:31:51.792+0000] {processor.py:925} INFO - DAG(s) 'example_local_kubernetes_executor' retrieved from /home/airflow/.local/lib/python3.12/site-packages/airflow/example_dags/example_local_kubernetes_executor.py
[2026-08-12T04:31:51.826+0000] {logging_mixin.py:190} INFO - [2026-08-12T04:31:51.826+0000] {dag.py:3211} INFO - Sync 1 DAGs
[2026-08-12T04:31:51.840+0000] {logging_mixin.py:190} INFO - [2026-08-12T04:31:51.840+0000] {dag.py:4138} INFO - Setting next_dagrun for example_local_kubernetes_executor to None, run_after=None
[2026-08-12T04:31:51.860+0000] {processor.py:208} INFO - Processing /home/airflow/.local/lib/python3.12/site-packages/airflow/example_dags/example_local_kubernetes_executor.py took 0.090 seconds
[2026-08-12T04:33:04.399+0000] {processor.py:186} INFO - Started process (PID=91) to work on /home/airflow/.local/lib/python3.12/site-packages/airflow/example_dags/example_local_kubernetes_executor.py
[2026-08-12T04:33:04.402+0000] {processor.py:914} INFO - Processing file /home/airflow/.local/lib/python3.12/site-packages/airflow/example_dags/example_local_kubernetes_executor.py for tasks to queue
[2026-08-12T04:33:04.406+0000] {logging_mixin.py:190} INFO - [2026-08-12T04:33:04.406+0000] {dagbag.py:587} INFO - Filling up the DagBag from /home/airflow/.local/lib/python3.12/site-packages/airflow/example_dags/example_local_kubernetes_executor.py
[2026-08-12T04:33:04.423+0000] {processor.py:925} INFO - DAG(s) 'example_local_kubernetes_executor' retrieved from /home/airflow/.local/lib/python3.12/site-packages/airflow/example_dags/example_local_kubernetes_executor.py
[2026-08-12T04:33:04.473+0000] {logging_mixin.py:190} INFO - [2026-08-12T04:33:04.473+0000] {dag.py:3211} INFO - Sync 1 DAGs
[2026-08-12T04:33:04.511+0000] {logging_mixin.py:190} INFO - [2026-08-12T04:33:04.510+0000] {dag.py:4138} INFO - Setting next_dagrun for example_local_kubernetes_executor to None, run_after=None
[2026-08-12T04:33:04.537+0000] {processor.py:208} INFO - Processing /home/airflow/.local/lib/python3.12/site-packages/airflow/example_dags/example_local_kubernetes_executor.py took 0.150 seconds
[2026-08-12T04:33:35.234+0000] {processor.py:186} INFO - Started process (PID=153) to work on /home/airflow/.local/lib/python3.12/site-packages/airflow/example_dags/example_local_kubernetes_executor.py
[2026-08-12T04:33:35.236+0000] {processor.py:914} INFO - Processing file /home/airflow/.local/lib/python3.12/site-packages/airflow/example_dags/example_local_kubernetes_executor.py for tasks to queue
[2026-08-12T04:33:35.242+0000] {logging_mixin.py:190} INFO - [2026-08-12T04:33:35.241+0000] {dagbag.py:587} INFO - Filling up the DagBag from /home/airflow/.local/lib/python3.12/site-packages/airflow/example_dags/example_local_kubernetes_executor.py
[2026-08-12T04:33:35.261+0000] {processor.py:925} INFO - DAG(s) 'example_local_kubernetes_executor' retrieved from /home/airflow/.local/lib/python3.12/site-packages/airflow/example_dags/example_local_kubernetes_executor.py
[2026-08-12T04:33:35.305+0000] {logging_mixin.py:190} INFO - [2026-08-12T04:33:35.304+0000] {dag.py:3211} INFO - Sync 1 DAGs
[2026-08-12T04:33:35.322+0000] {logging_mixin.py:190} INFO - [2026-08-12T04:33:35.322+0000] {dag.py:4138} INFO - Setting next_dagrun for example_local_kubernetes_executor to None, run_after=None
[2026-08-12T04:33:35.345+0000] {processor.py:208} INFO - Processing /home/airflow/.local/lib/python3.12/site-packages/airflow/example_dags/example_local_kubernetes_executor.py took 0.116 seconds
[2026-08-12T04:34:05.672+0000] {processor.py:186} INFO - Started process (PID=215) to work on /home/airflow/.local/lib/python3.12/site-packages/airflow/example_dags/example_local_kubernetes_executor.py
[2026-08-12T04:34:05.674+0000] {processor.py:914} INFO - Processing file /home/airflow/.local/lib/python3.12/site-packages/airflow/example_dags/example_local_kubernetes_executor.py for tasks to queue
[2026-08-12T04:34:05.677+0000] {logging_mixin.py:190} INFO - [2026-08-12T04:34:05.676+0000] {dagbag.py:587} INFO - Filling up the DagBag from /home/airflow/.local/lib/python3.12/site-packages/airflow/example_dags/example_local_kubernetes_executor.py
[2026-08-12T04:34:05.688+0000] {processor.py:925} INFO - DAG(s) 'example_local_kubernetes_executor' retrieved from /home/airflow/.local/lib/python3.12/site-packages/airflow/example_dags/example_local_kubernetes_executor.py
[2026-08-12T04:34:05.723+0000] {logging_mixin.py:190} INFO - [2026-08-12T04:34:05.723+0000] {dag.py:3211} INFO - Sync 1 DAGs
[2026-08-12T04:34:05.739+0000] {logging_mixin.py:190} INFO - [2026-08-12T04:34:05.739+0000] {dag.py:4138} INFO - Setting next_dagrun for example_local_kubernetes_executor to None, run_after=None
[2026-08-12T04:34:05.764+0000] {processor.py:208} INFO - Processing /home/airflow/.local/lib/python3.12/site-packages/airflow/example_dags/example_local_kubernetes_executor.py took 0.099 seconds
[2026-08-12T04:34:36.346+0000] {processor.py:186} INFO - Started process (PID=277) to work on /home/airflow/.local/lib/python3.12/site-packages/airflow/example_dags/example_local_kubernetes_executor.py
[2026-08-12T04:34:36.347+0000] {processor.py:914} INFO - Processing file /home/airflow/.local/lib/python3.12/site-packages/airflow/example_dags/example_local_kubernetes_executor.py for tasks to queue
[2026-08-12T04:34:36.350+0000] {logging_mixin.py:190} INFO - [2026-08-12T04:34:36.350+0000] {dagbag.py:587} INFO - Filling up the DagBag from /home/airflow/.local/lib/python3.12/site-packages/airflow/example_dags/example_local_kubernetes_executor.py
[2026-08-12T04:34:36.360+0000] {processor.py:925} INFO - DAG(s) 'example_local_kubernetes_executor' retrieved from /home/airflow/.local/lib/python3.12/site-packages/airflow/example_dags/example_local_kubernetes_executor.py
[2026-08-12T04:34:36.392+0000] {logging_mixin.py:190} INFO - [2026-08-12T04:34:36.392+0000] {dag.py:3211} INFO - Sync 1 DAGs
[2026-08-12T04:34:36.407+0000] {logging_mixin.py:190} INFO - [2026-08-12T04:34:36.406+0000] {dag.py:4138} INFO - Setting next_dagrun for example_local_kubernetes_executor to None, run_after=None
[2026-08-12T04:34:36.428+0000] {processor.py:208} INFO - Processing /home/airflow/.local/lib/python3.12/site-packages/airflow/example_dags/example_local_kubernetes_executor.py took 0.087 seconds
[2026-08-12T04:35:06.631+0000] {processor.py:186} INFO - Started process (PID=339) to work on /home/airflow/.local/lib/python3.12/site-packages/airflow/example_dags/example_local_kubernetes_executor.py
[2026-08-12T04:35:06.633+0000] {processor.py:914} INFO - Processing file /home/airflow/.local/lib/python3.12/site-packages/airflow/example_dags/example_local_kubernetes_executor.py for tasks to queue
[2026-08-12T04:35:06.636+0000] {logging_mixin.py:190} INFO - [2026-08-12T04:35:06.635+0000] {dagbag.py:587} INFO - Filling up the DagBag from /home/airflow/.local/lib/python3.12/site-packages/airflow/example_dags/example_local_kubernetes_executor.py
[2026-08-12T04:35:06.649+0000] {processor.py:925} INFO - DAG(s) 'example_local_kubernetes_executor' retrieved from /home/airflow/.local/lib/python3.12/site-packages/airflow/example_dags/example_local_kubernetes_executor.py
[2026-08-12T04:35:06.684+0000] {logging_mixin.py:190} INFO - [2026-08-12T04:35:06.684+0000] {dag.py:3211} INFO - Sync 1 DAGs
[2026-08-12T04:35:06.699+0000] {logging_mixin.py:190} INFO - [2026-08-12T04:35:06.699+0000] {dag.py:4138} INFO - Setting next_dagrun for example_local_kubernetes_executor to None, run_after=None
[2026-08-12T04:35:06.724+0000] {processor.py:208} INFO - Processing /home/airflow/.local/lib/python3.12/site-packages/airflow/example_dags/example_local_kubernetes_executor.py took 0.098 seconds
[2026-08-12T04:35:37.037+0000] {processor.py:186} INFO - Started process (PID=401) to work on /home/airflow/.local/lib/python3.12/site-packages/airflow/example_dags/example_local_kubernetes_executor.py
[2026-08-12T04:35:37.039+0000] {processor.py:914} INFO - Processing file /home/airflow/.local/lib/python3.12/site-packages/airflow/example_dags/example_local_kubernetes_executor.py for tasks to queue
[2026-08-12T04:35:37.042+0000] {logging_mixin.py:190} INFO - [2026-08-12T04:35:37.041+0000] {dagbag.py:587} INFO - Filling up the DagBag from /home/airflow/.local/lib/python3.12/site-packages/airflow/example_dags/example_local_kubernetes_executor.py
[2026-08-12T04:35:37.051+0000] {processor.py:925} INFO - DAG(s) 'example_local_kubernetes_executor' retrieved from /home/airflow/.local/lib/python3.12/site-packages/airflow/example_dags/example_local_kubernetes_executor.py
[2026-08-12T04:35:37.081+0000] {logging_mixin.py:190} INFO - [2026-08-12T04:35:37.081+0000] {dag.py:3211} INFO - Sync 1 DAGs
[2026-08-12T04:35:37.095+0000] {logging_mixin.py:190} INFO - [2026-08-12T04:35:37.095+0000] {dag.py:4138} INFO - Setting next_dagrun for example_local_kubernetes_executor to None, run_after=None
[2026-08-12T04:35:37.114+0000] {processor.py:208} INFO - Processing /home/airflow/.local/lib/python3.12/site-packages/airflow/example_dags/example_local_kubernetes_executor.py took 0.082 seconds
[2026-08-12T04:36:07.400+0000] {processor.py:186} INFO - Started process (PID=463) to work on /home/airflow/.local/lib/python3.12/site-packages/airflow/example_dags/example_local_kubernetes_executor.py
[2026-08-12T04:36:07.401+0000] {processor.py:914} INFO - Processing file /home/airflow/.local/lib/python3.12/site-packages/airflow/example_dags/example_local_kubernetes_executor.py for tasks to queue
[2026-08-12T04:36:07.404+0000] {logging_mixin.py:190} INFO - [2026-08-12T04:36:07.404+0000] {dagbag.py:587} INFO - Filling up the DagBag from /home/airflow/.local/lib/python3.12/site-packages/airflow/example_dags/example_local_kubernetes_executor.py
[2026-08-12T04:36:07.414+0000] {processor.py:925} INFO - DAG(s) 'example_local_kubernetes_executor' retrieved from /home/airflow/.local/lib/python3.12/site-packages/airflow/example_dags/example_local_kubernetes_executor.py
[2026-08-12T04:36:07.449+0000] {logging_mixin.py:190} INFO - [2026-08-12T04:36:07.449+0000] {dag.py:3211} INFO - Sync 1 DAGs
[2026-08-12T04:36:07.465+0000] {logging_mixin.py:190} INFO - [2026-08-12T04:36:07.465+0000] {dag.py:4138} INFO - Setting next_dagrun for example_local_kubernetes_executor to None, run_after=None
[2026-08-12T04:36:07.486+0000] {processor.py:208} INFO - Processing /home/airflow/.local/lib/python3.12/site-packages/airflow/example_dags/example_local_kubernetes_executor.py took 0.092 seconds
[2026-08-12T04:36:37.629+0000] {processor.py:186} INFO - Started process (PID=525) to work on /home/airflow/.local/lib/python3.12/site-packages/airflow/example_dags/example_local_kubernetes_executor.py
[2026-08-12T04:36:37.630+0000] {processor.py:914} INFO - Processing file /home/airflow/.local/lib/python3.12/site-packages/airflow/example_dags/example_local_kubernetes_executor.py for tasks to queue
[2026-08-12T04:36:37.634+0000] {logging_mixin.py:190} INFO - [2026-08-12T04:36:37.633+0000] {dagbag.py:587} INFO - Filling up the DagBag from /home/airflow/.local/lib/python3.12/site-packages/airflow/example_dags/example_local_kubernetes_executor.py
[2026-08-12T04:36:37.648+0000] {processor.py:925} INFO - DAG(s) 'example_local_kubernetes_executor' retrieved from /home/airflow/.local/lib/python3.12/site-packages/airflow/example_dags/example_local_kubernetes_executor.py
[2026-08-12T04:36:37.687+0000] {logging_mixin.py:190} INFO - [2026-08-12T04:36:37.687+0000] {dag.py:3211} INFO - Sync 1 DAGs
[2026-08-12T04:36:37.707+0000] {logging_mixin.py:190} INFO - [2026-08-12T04:36:37.707+0000] {dag.py:4138} INFO - Setting next_dagrun for example_local_kubernetes_executor to None, run_after=None
[2026-08-12T04:36:37.742+0000] {processor.py:208} INFO - Processing /home/airflow/.local/lib/python3.12/site-packages/airflow/example_dags/example_local_kubernetes_executor.py took 0.120 seconds
[2026-08-12T04:37:08.232+0000] {processor.py:186} INFO - Started process (PID=587) to work on /home/airflow/.local/lib/python3.12/site-packages/airflow/example_dags/example_local_kubernetes_executor.py
[2026-08-12T04:37:08.233+0000] {processor.py:914} INFO - Processing file /home/airflow/.local/lib/python3.12/site-packages/airflow/example_dags/example_local_kubernetes_executor.py for tasks to queue
[2026-08-12T04:37:08.236+0000] {logging_mixin.py:190} INFO - [2026-08-12T04:37:08.236+0000] {dagbag.py:587} INFO - Filling up the DagBag from /home/airflow/.local/lib/python3.12/site-packages/airflow/example_dags/example_local_kubernetes_executor.py
[2026-08-12T04:37:08.247+0000] {processor.py:925} INFO - DAG(s) 'example_local_kubernetes_executor' retrieved from /home/airflow/.local/lib/python3.12/site-packages/airflow/example_dags/example_local_kubernetes_executor.py
[2026-08-12T04:37:08.280+0000] {logging_mixin.py:190} INFO - [2026-08-12T04:37:08.280+0000] {dag.py:3211} INFO - Sync 1 DAGs
[2026-08-12T04:37:08.296+0000] {logging_mixin.py:190} INFO - [2026-08-12T04:37:08.295+0000] {dag.py:4138} INFO - Setting next_dagrun for example_local_kubernetes_executor to None, run_after=None
[2026-08-12T04:37:08.316+0000] {processor.py:208} INFO - Processing /home/airflow/.local/lib/python3.12/site-packages/airflow/example_dags/example_local_kubernetes_executor.py took 0.090 seconds
[2026-08-12T04:37:38.968+0000] {processor.py:186} INFO - Started process (PID=649) to work on /home/airflow/.local/lib/python3.12/site-packages/airflow/example_dags/example_local_kubernetes_executor.py
[2026-08-12T04:37:38.969+0000] {processor.py:914} INFO - Processing file /home/airflow/.local/lib/python3.12/site-packages/airflow/example_dags/example_local_kubernetes_executor.py for tasks to queue
[2026-08-12T04:37:38.972+0000] {logging_mixin.py:190} INFO - [2026-08-12T04:37:38.972+0000] {dagbag.py:587} INFO - Filling up the DagBag from /home/airflow/.local/lib/python3.12/site-packages/airflow/example_dags/example_local_kubernetes_executor.py
[2026-08-12T04:37:38.984+0000] {processor.py:925} INFO - DAG(s) 'example_local_kubernetes_executor' retrieved from /home/airflow/.local/lib/python3.12/site-packages/airflow/example_dags/example_local_kubernetes_executor.py
[2026-08-12T04:37:39.018+0000] {logging_mixin.py:190} INFO - [2026-08-12T04:37:39.018+0000] {dag.py:3211} INFO - Sync 1 DAGs
[2026-08-12T04:37:39.050+0000] {logging_mixin.py:190} INFO - [2026-08-12T04:37:39.049+0000] {dag.py:4138} INFO - Setting next_dagrun for example_local_kubernetes_executor to None, run_after=None
[2026-08-12T04:37:39.096+0000] {processor.py:208} INFO - Processing /home/airflow/.local/lib/python3.12/site-packages/airflow/example_dags/example_local_kubernetes_executor.py took 0.133 seconds
[2026-08-12T04:38:09.270+0000] {processor.py:186} INFO - Started process (PID=711) to work on /home/airflow/.local/lib/python3.12/site-packages/airflow/example_dags/example_local_kubernetes_executor.py
[2026-08-12T04:38:09.271+0000] {processor.py:914} INFO - Processing file /home/airflow/.local/lib/python3.12/site-packages/airflow/example_dags/example_local_kubernetes_executor.py for tasks to queue
[2026-08-12T04:38:09.275+0000] {logging_mixin.py:190} INFO - [2026-08-12T04:38:09.274+0000] {dagbag.py:587} INFO - Filling up the DagBag from /home/airflow/.local/lib/python3.12/site-packages/airflow/example_dags/example_local_kubernetes_executor.py
[2026-08-12T04:38:09.284+0000] {processor.py:925} INFO - DAG(s) 'example_local_kubernetes_executor' retrieved from /home/airflow/.local/lib/python3.12/site-packages/airflow/example_dags/example_local_kubernetes_executor.py
[2026-08-12T04:38:09.315+0000] {logging_mixin.py:190} INFO - [2026-08-12T04:38:09.315+0000] {dag.py:3211} INFO - Sync 1 DAGs
[2026-08-12T04:38:09.328+0000] {logging_mixin.py:190} INFO - [2026-08-12T04:38:09.328+0000] {dag.py:4138} INFO - Setting next_dagrun for example_local_kubernetes_executor to None, run_after=None
[2026-08-12T04:38:09.355+0000] {processor.py:208} INFO - Processing /home/airflow/.local/lib/python3.12/site-packages/airflow/example_dags/example_local_kubernetes_executor.py took 0.090 seconds
[2026-08-12T04:38:39.632+0000] {processor.py:186} INFO - Started process (PID=772) to work on /home/airflow/.local/lib/python3.12/site-packages/airflow/example_dags/example_local_kubernetes_executor.py
[2026-08-12T04:38:39.634+0000] {processor.py:914} INFO - Processing file /home/airflow/.local/lib/python3.12/site-packages/airflow/example_dags/example_local_kubernetes_executor.py for tasks to queue
[2026-08-12T04:38:39.637+0000] {logging_mixin.py:190} INFO - [2026-08-12T04:38:39.637+0000] {dagbag.py:587} INFO - Filling up the DagBag from /home/airflow/.local/lib/python3.12/site-packages/airflow/example_dags/example_local_kubernetes_executor.py
[2026-08-12T04:38:39.646+0000] {processor.py:925} INFO - DAG(s) 'example_local_kubernetes_executor' retrieved from /home/airflow/.local/lib/python3.12/site-packages/airflow/example_dags/example_local_kubernetes_executor.py
[2026-08-12T04:38:39.676+0000] {logging_mixin.py:190} INFO - [2026-08-12T04:38:39.676+0000] {dag.py:3211} INFO - Sync 1 DAGs
[2026-08-12T04:38:39.694+0000] {logging_mixin.py:190} INFO - [2026-08-12T04:38:39.694+0000] {dag.py:4138} INFO - Setting next_dagrun for example_local_kubernetes_executor to None, run_after=None
[2026-08-12T04:38:39.714+0000] {processor.py:208} INFO - Processing /home/airflow/.local/lib/python3.12/site-packages/airflow/example_dags/example_local_kubernetes_executor.py took 0.087 seconds
[2026-08-12T04:39:10.394+0000] {processor.py:186} INFO - Started process (PID=835) to work on /home/airflow/.local/lib/python3.12/site-packages/airflow/example_dags/example_local_kubernetes_executor.py
[2026-08-12T04:39:10.396+0000] {processor.py:914} INFO - Processing file /home/airflow/.local/lib/python3.12/site-packages/airflow/example_dags/example_local_kubernetes_executor.py for tasks to queue
[2026-08-12T04:39:10.400+0000] {logging_mixin.py:190} INFO - [2026-08-12T04:39:10.400+0000] {dagbag.py:587} INFO - Filling up the DagBag from /home/airflow/.local/lib/python3.12/site-packages/airflow/example_dags/example_local_kubernetes_executor.py
[2026-08-12T04:39:10.416+0000] {processor.py:925} INFO - DAG(s) 'example_local_kubernetes_executor' retrieved from /home/airflow/.local/lib/python3.12/site-packages/airflow/example_dags/example_local_kubernetes_executor.py
[2026-08-12T04:39:10.451+0000] {logging_mixin.py:190} INFO - [2026-08-12T04:39:10.451+0000] {dag.py:3211} INFO - Sync 1 DAGs
[2026-08-12T04:39:10.475+0000] {logging_mixin.py:190} INFO - [2026-08-12T04:39:10.474+0000] {dag.py:4138} INFO - Setting next_dagrun for example_local_kubernetes_executor to None, run_after=None
[2026-08-12T04:39:10.506+0000] {processor.py:208} INFO - Processing /home/airflow/.local/lib/python3.12/site-packages/airflow/example_dags/example_local_kubernetes_executor.py took 0.119 seconds
[2026-08-12T04:39:41.122+0000] {processor.py:186} INFO - Started process (PID=897) to work on /home/airflow/.local/lib/python3.12/site-packages/airflow/example_dags/example_local_kubernetes_executor.py
[2026-08-12T04:39:41.124+0000] {processor.py:914} INFO - Processing file /home/airflow/.local/lib/python3.12/site-packages/airflow/example_dags/example_local_kubernetes_executor.py for tasks to queue
[2026-08-12T04:39:41.127+0000] {logging_mixin.py:190} INFO - [2026-08-12T04:39:41.127+0000] {dagbag.py:587} INFO - Filling up the DagBag from /home/airflow/.local/lib/python3.12/site-packages/airflow/example_dags/example_local_kubernetes_executor.py
[2026-08-12T04:39:41.139+0000] {processor.py:925} INFO - DAG(s) 'example_local_kubernetes_executor' retrieved from /home/airflow/.local/lib/python3.12/site-packages/airflow/example_dags/example_local_kubernetes_executor.py
[2026-08-12T04:39:41.173+0000] {logging_mixin.py:190} INFO - [2026-08-12T04:39:41.173+0000] {dag.py:3211} INFO - Sync 1 DAGs
[2026-08-12T04:39:41.190+0000] {logging_mixin.py:190} INFO - [2026-08-12T04:39:41.190+0000] {dag.py:4138} INFO - Setting next_dagrun for example_local_kubernetes_executor to None, run_after=None
[2026-08-12T04:39:41.215+0000] {processor.py:208} INFO - Processing /home/airflow/.local/lib/python3.12/site-packages/airflow/example_dags/example_local_kubernetes_executor.py took 0.099 seconds
[2026-08-12T04:40:11.677+0000] {processor.py:186} INFO - Started process (PID=959) to work on /home/airflow/.local/lib/python3.12/site-packages/airflow/example_dags/example_local_kubernetes_executor.py
[2026-08-12T04:40:11.678+0000] {processor.py:914} INFO - Processing file /home/airflow/.local/lib/python3.12/site-packages/airflow/example_dags/example_local_kubernetes_executor.py for tasks to queue
[2026-08-12T04:40:11.681+0000] {logging_mixin.py:190} INFO - [2026-08-12T04:40:11.681+0000] {dagbag.py:587} INFO - Filling up the DagBag from /home/airflow/.local/lib/python3.12/site-packages/airflow/example_dags/example_local_kubernetes_executor.py
[2026-08-12T04:40:11.694+0000] {processor.py:925} INFO - DAG(s) 'example_local_kubernetes_executor' retrieved from /home/airflow/.local/lib/python3.12/site-packages/airflow/example_dags/example_local_kubernetes_executor.py
[2026-08-12T04:40:11.728+0000] {logging_mixin.py:190} INFO - [2026-08-12T04:40:11.728+0000] {dag.py:3211} INFO - Sync 1 DAGs
[2026-08-12T04:40:11.744+0000] {logging_mixin.py:190} INFO - [2026-08-12T04:40:11.744+0000] {dag.py:4138} INFO - Setting next_dagrun for example_local_kubernetes_executor to None, run_after=None
[2026-08-12T04:40:11.766+0000] {processor.py:208} INFO - Processing /home/airflow/.local/lib/python3.12/site-packages/airflow/example_dags/example_local_kubernetes_executor.py took 0.096 seconds
[2026-08-12T04:40:42.090+0000] {processor.py:186} INFO - Started process (PID=1021) to work on /home/airflow/.local/lib/python3.12/site-packages/airflow/example_dags/example_local_kubernetes_executor.py
[2026-08-12T04:40:42.092+0000] {processor.py:914} INFO - Processing file /home/airflow/.local/lib/python3.12/site-packages/airflow/example_dags/example_local_kubernetes_executor.py for tasks to queue
[2026-08-12T04:40:42.095+0000] {logging_mixin.py:190} INFO - [2026-08-12T04:40:42.094+0000] {dagbag.py:587} INFO - Filling up the DagBag from /home/airflow/.local/lib/python3.12/site-packages/airflow/example_dags/example_local_kubernetes_executor.py
[2026-08-12T04:40:42.105+0000] {processor.py:925} INFO - DAG(s) 'example_local_kubernetes_executor' retrieved from /home/airflow/.local/lib/python3.12/site-packages/airflow/example_dags/example_local_kubernetes_executor.py
[2026-08-12T04:40:42.140+0000] {logging_mixin.py:190} INFO - [2026-08-12T04:40:42.139+0000] {dag.py:3211} INFO - Sync 1 DAGs
[2026-08-12T04:40:42.159+0000] {logging_mixin.py:190} INFO - [2026-08-12T04:40:42.159+0000] {dag.py:4138} INFO - Setting next_dagrun for example_local_kubernetes_executor to None, run_after=None
[2026-08-12T04:40:42.180+0000] {processor.py:208} INFO - Processing /home/airflow/.local/lib/python3.12/site-packages/airflow/example_dags/example_local_kubernetes_executor.py took 0.095 seconds
[2026-08-12T04:41:12.337+0000] {processor.py:186} INFO - Started process (PID=1083) to work on /home/airflow/.local/lib/python3.12/site-packages/airflow/example_dags/example_local_kubernetes_executor.py
[2026-08-12T04:41:12.338+0000] {processor.py:914} INFO - Processing file /home/airflow/.local/lib/python3.12/site-packages/airflow/example_dags/example_local_kubernetes_executor.py for tasks to queue
[2026-08-12T04:41:12.341+0000] {logging_mixin.py:190} INFO - [2026-08-12T04:41:12.341+0000] {dagbag.py:587} INFO - Filling up the DagBag from /home/airflow/.local/lib/python3.12/site-packages/airflow/example_dags/example_local_kubernetes_executor.py
[2026-08-12T04:41:12.352+0000] {processor.py:925} INFO - DAG(s) 'example_local_kubernetes_executor' retrieved from /home/airflow/.local/lib/python3.12/site-packages/airflow/example_dags/example_local_kubernetes_executor.py
[2026-08-12T04:41:12.387+0000] {logging_mixin.py:190} INFO - [2026-08-12T04:41:12.386+0000] {dag.py:3211} INFO - Sync 1 DAGs
[2026-08-12T04:41:12.401+0000] {logging_mixin.py:190} INFO - [2026-08-12T04:41:12.401+0000] {dag.py:4138} INFO - Setting next_dagrun for example_local_kubernetes_executor to None, run_after=None
[2026-08-12T04:41:12.422+0000] {processor.py:208} INFO - Processing /home/airflow/.local/lib/python3.12/site-packages/airflow/example_dags/example_local_kubernetes_executor.py took 0.091 seconds
[2026-08-12T04:41:43.275+0000] {processor.py:186} INFO - Started process (PID=1145) to work on /home/airflow/.local/lib/python3.12/site-packages/airflow/example_dags/example_local_kubernetes_executor.py
[2026-08-12T04:41:43.277+0000] {processor.py:914} INFO - Processing file /home/airflow/.local/lib/python3.12/site-packages/airflow/example_dags/example_local_kubernetes_executor.py for tasks to queue
[2026-08-12T04:41:43.280+0000] {logging_mixin.py:190} INFO - [2026-08-12T04:41:43.280+0000] {dagbag.py:587} INFO - Filling up the DagBag from /home/airflow/.local/lib/python3.12/site-packages/airflow/example_dags/example_local_kubernetes_executor.py
[2026-08-12T04:41:43.294+0000] {processor.py:925} INFO - DAG(s) 'example_local_kubernetes_executor' retrieved from /home/airflow/.local/lib/python3.12/site-packages/airflow/example_dags/example_local_kubernetes_executor.py
[2026-08-12T04:41:43.329+0000] {logging_mixin.py:190} INFO - [2026-08-12T04:41:43.329+0000] {dag.py:3211} INFO - Sync 1 DAGs
[2026-08-12T04:41:43.348+0000] {logging_mixin.py:190} INFO - [2026-08-12T04:41:43.348+0000] {dag.py:4138} INFO - Setting next_dagrun for example_local_kubernetes_executor to None, run_after=None
[2026-08-12T04:41:43.372+0000] {processor.py:208} INFO - Processing /home/airflow/.local/lib/python3.12/site-packages/airflow/example_dags/example_local_kubernetes_executor.py took 0.106 seconds
[2026-08-12T04:42:13.694+0000] {processor.py:186} INFO - Started process (PID=1207) to work on /home/airflow/.local/lib/python3.12/site-packages/airflow/example_dags/example_local_kubernetes_executor.py
[2026-08-12T04:42:13.696+0000] {processor.py:914} INFO - Processing file /home/airflow/.local/lib/python3.12/site-packages/airflow/example_dags/example_local_kubernetes_executor.py for tasks to queue
[2026-08-12T04:42:13.699+0000] {logging_mixin.py:190} INFO - [2026-08-12T04:42:13.699+0000] {dagbag.py:587} INFO - Filling up the DagBag from /home/airflow/.local/lib/python3.12/site-packages/airflow/example_dags/example_local_kubernetes_executor.py
[2026-08-12T04:42:13.708+0000] {processor.py:925} INFO - DAG(s) 'example_local_kubernetes_executor' retrieved from /home/airflow/.local/lib/python3.12/site-packages/airflow/example_dags/example_local_kubernetes_executor.py
[2026-08-12T04:42:13.742+0000] {logging_mixin.py:190} INFO - [2026-08-12T04:42:13.741+0000] {dag.py:3211} INFO - Sync 1 DAGs
[2026-08-12T04:42:13.756+0000] {logging_mixin.py:190} INFO - [2026-08-12T04:42:13.756+0000] {dag.py:4138} INFO - Setting next_dagrun for example_local_kubernetes_executor to None, run_after=None
[2026-08-12T04:42:13.780+0000] {processor.py:208} INFO - Processing /home/airflow/.local/lib/python3.12/site-packages/airflow/example_dags/example_local_kubernetes_executor.py took 0.091 seconds
[2026-08-12T04:42:44.082+0000] {processor.py:186} INFO - Started process (PID=1269) to work on /home/airflow/.local/lib/python3.12/site-packages/airflow/example_dags/example_local_kubernetes_executor.py
[2026-08-12T04:42:44.084+0000] {processor.py:914} INFO - Processing file /home/airflow/.local/lib/python3.12/site-packages/airflow/example_dags/example_local_kubernetes_executor.py for tasks to queue
[2026-08-12T04:42:44.087+0000] {logging_mixin.py:190} INFO - [2026-08-12T04:42:44.087+0000] {dagbag.py:587} INFO - Filling up the DagBag from /home/airflow/.local/lib/python3.12/site-packages/airflow/example_dags/example_local_kubernetes_executor.py
[2026-08-12T04:42:44.103+0000] {processor.py:925} INFO - DAG(s) 'example_local_kubernetes_executor' retrieved from /home/airflow/.local/lib/python3.12/site-packages/airflow/example_dags/example_local_kubernetes_executor.py
[2026-08-12T04:42:44.134+0000] {logging_mixin.py:190} INFO - [2026-08-12T04:42:44.134+0000] {dag.py:3211} INFO - Sync 1 DAGs
[2026-08-12T04:42:44.149+0000] {logging_mixin.py:190} INFO - [2026-08-12T04:42:44.149+0000] {dag.py:4138} INFO - Setting next_dagrun for example_local_kubernetes_executor to None, run_after=None
[2026-08-12T04:42:44.168+0000] {processor.py:208} INFO - Processing /home/airflow/.local/lib/python3.12/site-packages/airflow/example_dags/example_local_kubernetes_executor.py took 0.093 seconds
[2026-08-12T04:43:14.431+0000] {processor.py:186} INFO - Started process (PID=1331) to work on /home/airflow/.local/lib/python3.12/site-packages/airflow/example_dags/example_local_kubernetes_executor.py
[2026-08-12T04:43:14.432+0000] {processor.py:914} INFO - Processing file /home/airflow/.local/lib/python3.12/site-packages/airflow/example_dags/example_local_kubernetes_executor.py for tasks to queue
[2026-08-12T04:43:14.435+0000] {logging_mixin.py:190} INFO - [2026-08-12T04:43:14.435+0000] {dagbag.py:587} INFO - Filling up the DagBag from /home/airflow/.local/lib/python3.12/site-packages/airflow/example_dags/example_local_kubernetes_executor.py
[2026-08-12T04:43:14.444+0000] {processor.py:925} INFO - DAG(s) 'example_local_kubernetes_executor' retrieved from /home/airflow/.local/lib/python3.12/site-packages/airflow/example_dags/example_local_kubernetes_executor.py
[2026-08-12T04:43:14.476+0000] {logging_mixin.py:190} INFO - [2026-08-12T04:43:14.475+0000] {dag.py:3211} INFO - Sync 1 DAGs
[2026-08-12T04:43:14.489+0000] {logging_mixin.py:190} INFO - [2026-08-12T04:43:14.489+0000] {dag.py:4138} INFO - Setting next_dagrun for example_local_kubernetes_executor to None, run_after=None
[2026-08-12T04:43:14.510+0000] {processor.py:208} INFO - Processing /home/airflow/.local/lib/python3.12/site-packages/airflow/example_dags/example_local_kubernetes_executor.py took 0.084 seconds
[2026-08-12T04:43:44.887+0000] {processor.py:186} INFO - Started process (PID=1393) to work on /home/airflow/.local/lib/python3.12/site-packages/airflow/example_dags/example_local_kubernetes_executor.py
[2026-08-12T04:43:44.889+0000] {processor.py:914} INFO - Processing file /home/airflow/.local/lib/python3.12/site-packages/airflow/example_dags/example_local_kubernetes_executor.py for tasks to queue
[2026-08-12T04:43:44.894+0000] {logging_mixin.py:190} INFO - [2026-08-12T04:43:44.893+0000] {dagbag.py:587} INFO - Filling up the DagBag from /home/airflow/.local/lib/python3.12/site-packages/airflow/example_dags/example_local_kubernetes_executor.py
[2026-08-12T04:43:44.906+0000] {processor.py:925} INFO - DAG(s) 'example_local_kubernetes_executor' retrieved from /home/airflow/.local/lib/python3.12/site-packages/airflow/example_dags/example_local_kubernetes_executor.py
[2026-08-12T04:43:44.947+0000] {logging_mixin.py:190} INFO - [2026-08-12T04:43:44.946+0000] {dag.py:3211} INFO - Sync 1 DAGs
[2026-08-12T04:43:44.966+0000] {logging_mixin.py:190} INFO - [2026-08-12T04:43:44.966+0000] {dag.py:4138} INFO - Setting next_dagrun for example_local_kubernetes_executor to None, run_after=None
[2026-08-12T04:43:44.994+0000] {processor.py:208} INFO - Processing /home/airflow/.local/lib/python3.12/site-packages/airflow/example_dags/example_local_kubernetes_executor.py took 0.114 seconds
[2026-08-12T04:44:15.582+0000] {processor.py:186} INFO - Started process (PID=1455) to work on /home/airflow/.local/lib/python3.12/site-packages/airflow/example_dags/example_local_kubernetes_executor.py
[2026-08-12T04:44:15.584+0000] {processor.py:914} INFO - Processing file /home/airflow/.local/lib/python3.12/site-packages/airflow/example_dags/example_local_kubernetes_executor.py for tasks to queue
[2026-08-12T04:44:15.588+0000] {logging_mixin.py:190} INFO - [2026-08-12T04:44:15.587+0000] {dagbag.py:587} INFO - Filling up the DagBag from /home/airflow/.local/lib/python3.12/site-packages/airflow/example_dags/example_local_kubernetes_executor.py
[2026-08-12T04:44:15.601+0000] {processor.py:925} INFO - DAG(s) 'example_local_kubernetes_executor' retrieved from /home/airflow/.local/lib/python3.12/site-packages/airflow/example_dags/example_local_kubernetes_executor.py
[2026-08-12T04:44:15.641+0000] {logging_mixin.py:190} INFO - [2026-08-12T04:44:15.641+0000] {dag.py:3211} INFO - Sync 1 DAGs
[2026-08-12T04:44:15.658+0000] {logging_mixin.py:190} INFO - [2026-08-12T04:44:15.658+0000] {dag.py:4138} INFO - Setting next_dagrun for example_local_kubernetes_executor to None, run_after=None
[2026-08-12T04:44:15.678+0000] {processor.py:208} INFO - Processing /home/airflow/.local/lib/python3.12/site-packages/airflow/example_dags/example_local_kubernetes_executor.py took 0.103 seconds
[2026-08-12T04:44:45.909+0000] {processor.py:186} INFO - Started process (PID=1518) to work on /home/airflow/.local/lib/python3.12/site-packages/airflow/example_dags/example_local_kubernetes_executor.py
[2026-08-12T04:44:45.911+0000] {processor.py:914} INFO - Processing file /home/airflow/.local/lib/python3.12/site-packages/airflow/example_dags/example_local_kubernetes_executor.py for tasks to queue
[2026-08-12T04:44:45.914+0000] {logging_mixin.py:190} INFO - [2026-08-12T04:44:45.914+0000] {dagbag.py:587} INFO - Filling up the DagBag from /home/airflow/.local/lib/python3.12/site-packages/airflow/example_dags/example_local_kubernetes_executor.py
[2026-08-12T04:44:45.924+0000] {processor.py:925} INFO - DAG(s) 'example_local_kubernetes_executor' retrieved from /home/airflow/.local/lib/python3.12/site-packages/airflow/example_dags/example_local_kubernetes_executor.py
[2026-08-12T04:44:45.961+0000] {logging_mixin.py:190} INFO - [2026-08-12T04:44:45.960+0000] {dag.py:3211} INFO - Sync 1 DAGs
[2026-08-12T04:44:45.976+0000] {logging_mixin.py:190} INFO - [2026-08-12T04:44:45.975+0000] {dag.py:4138} INFO - Setting next_dagrun for example_local_kubernetes_executor to None, run_after=None
[2026-08-12T04:44:45.999+0000] {processor.py:208} INFO - Processing /home/airflow/.local/lib/python3.12/site-packages/airflow/example_dags/example_local_kubernetes_executor.py took 0.095 seconds
[2026-08-12T04:45:16.360+0000] {processor.py:186} INFO - Started process (PID=1580) to work on /home/airflow/.local/lib/python3.12/site-packages/airflow/example_dags/example_local_kubernetes_executor.py
[2026-08-12T04:45:16.362+0000] {processor.py:914} INFO - Processing file /home/airflow/.local/lib/python3.12/site-packages/airflow/example_dags/example_local_kubernetes_executor.py for tasks to queue
[2026-08-12T04:45:16.365+0000] {logging_mixin.py:190} INFO - [2026-08-12T04:45:16.365+0000] {dagbag.py:587} INFO - Filling up the DagBag from /home/airflow/.local/lib/python3.12/site-packages/airflow/example_dags/example_local_kubernetes_executor.py
[2026-08-12T04:45:16.374+0000] {processor.py:925} INFO - DAG(s) 'example_local_kubernetes_executor' retrieved from /home/airflow/.local/lib/python3.12/site-packages/airflow/example_dags/example_local_kubernetes_executor.py
[2026-08-12T04:45:16.409+0000] {logging_mixin.py:190} INFO - [2026-08-12T04:45:16.409+0000] {dag.py:3211} INFO - Sync 1 DAGs
[2026-08-12T04:45:16.426+0000] {logging_mixin.py:190} INFO - [2026-08-12T04:45:16.425+0000] {dag.py:4138} INFO - Setting next_dagrun for example_local_kubernetes_executor to None, run_after=None
[2026-08-12T04:45:16.459+0000] {processor.py:208} INFO - Processing /home/airflow/.local/lib/python3.12/site-packages/airflow/example_dags/example_local_kubernetes_executor.py took 0.104 seconds
[2026-08-12T04:45:47.011+0000] {processor.py:186} INFO - Started process (PID=1642) to work on /home/airflow/.local/lib/python3.12/site-packages/airflow/example_dags/example_local_kubernetes_executor.py
[2026-08-12T04:45:47.013+0000] {processor.py:914} INFO - Processing file /home/airflow/.local/lib/python3.12/site-packages/airflow/example_dags/example_local_kubernetes_executor.py for tasks to queue
[2026-08-12T04:45:47.016+0000] {logging_mixin.py:190} INFO - [2026-08-12T04:45:47.016+0000] {dagbag.py:587} INFO - Filling up the DagBag from /home/airflow/.local/lib/python3.12/site-packages/airflow/example_dags/example_local_kubernetes_executor.py
[2026-08-12T04:45:47.026+0000] {processor.py:925} INFO - DAG(s) 'example_local_kubernetes_executor' retrieved from /home/airflow/.local/lib/python3.12/site-packages/airflow/example_dags/example_local_kubernetes_executor.py
[2026-08-12T04:45:47.066+0000] {logging_mixin.py:190} INFO - [2026-08-12T04:45:47.066+0000] {dag.py:3211} INFO - Sync 1 DAGs
[2026-08-12T04:45:47.080+0000] {logging_mixin.py:190} INFO - [2026-08-12T04:45:47.080+0000] {dag.py:4138} INFO - Setting next_dagrun for example_local_kubernetes_executor to None, run_after=None
[2026-08-12T04:45:47.105+0000] {processor.py:208} INFO - Processing /home/airflow/.local/lib/python3.12/site-packages/airflow/example_dags/example_local_kubernetes_executor.py took 0.100 seconds
[2026-08-12T04:46:17.622+0000] {processor.py:186} INFO - Started process (PID=1704) to work on /home/airflow/.local/lib/python3.12/site-packages/airflow/example_dags/example_local_kubernetes_executor.py
[2026-08-12T04:46:17.624+0000] {processor.py:914} INFO - Processing file /home/airflow/.local/lib/python3.12/site-packages/airflow/example_dags/example_local_kubernetes_executor.py for tasks to queue
[2026-08-12T04:46:17.627+0000] {logging_mixin.py:190} INFO - [2026-08-12T04:46:17.626+0000] {dagbag.py:587} INFO - Filling up the DagBag from /home/airflow/.local/lib/python3.12/site-packages/airflow/example_dags/example_local_kubernetes_executor.py
[2026-08-12T04:46:17.636+0000] {processor.py:925} INFO - DAG(s) 'example_local_kubernetes_executor' retrieved from /home/airflow/.local/lib/python3.12/site-packages/airflow/example_dags/example_local_kubernetes_executor.py
[2026-08-12T04:46:17.671+0000] {logging_mixin.py:190} INFO - [2026-08-12T04:46:17.670+0000] {dag.py:3211} INFO - Sync 1 DAGs
[2026-08-12T04:46:17.693+0000] {logging_mixin.py:190} INFO - [2026-08-12T04:46:17.693+0000] {dag.py:4138} INFO - Setting next_dagrun for example_local_kubernetes_executor to None, run_after=None
[2026-08-12T04:46:17.719+0000] {processor.py:208} INFO - Processing /home/airflow/.local/lib/python3.12/site-packages/airflow/example_dags/example_local_kubernetes_executor.py took 0.102 seconds
[2026-08-12T04:46:48.154+0000] {processor.py:186} INFO - Started process (PID=1766) to work on /home/airflow/.local/lib/python3.12/site-packages/airflow/example_dags/example_local_kubernetes_executor.py
[2026-08-12T04:46:48.155+0000] {processor.py:914} INFO - Processing file /home/airflow/.local/lib/python3.12/site-packages/airflow/example_dags/example_local_kubernetes_executor.py for tasks to queue
[2026-08-12T04:46:48.158+0000] {logging_mixin.py:190} INFO - [2026-08-12T04:46:48.158+0000] {dagbag.py:587} INFO - Filling up the DagBag from /home/airflow/.local/lib/python3.12/site-packages/airflow/example_dags/example_local_kubernetes_executor.py
[2026-08-12T04:46:48.168+0000] {processor.py:925} INFO - DAG(s) 'example_local_kubernetes_executor' retrieved from /home/airflow/.local/lib/python3.12/site-packages/airflow/example_dags/example_local_kubernetes_executor.py
[2026-08-12T04:46:48.203+0000] {logging_mixin.py:190} INFO - [2026-08-12T04:46:48.203+0000] {dag.py:3211} INFO - Sync 1 DAGs
[2026-08-12T04:46:48.221+0000] {logging_mixin.py:190} INFO - [2026-08-12T04:46:48.221+0000] {dag.py:4138} INFO - Setting next_dagrun for example_local_kubernetes_executor to None, run_after=None
[2026-08-12T04:46:48.245+0000] {processor.py:208} INFO - Processing /home/airflow/.local/lib/python3.12/site-packages/airflow/example_dags/example_local_kubernetes_executor.py took 0.096 seconds
[2026-08-12T04:47:18.766+0000] {processor.py:186} INFO - Started process (PID=1828) to work on /home/airflow/.local/lib/python3.12/site-packages/airflow/example_dags/example_local_kubernetes_executor.py
[2026-08-12T04:47:18.768+0000] {processor.py:914} INFO - Processing file /home/airflow/.local/lib/python3.12/site-packages/airflow/example_dags/example_local_kubernetes_executor.py for tasks to queue
[2026-08-12T04:47:18.771+0000] {logging_mixin.py:190} INFO - [2026-08-12T04:47:18.771+0000] {dagbag.py:587} INFO - Filling up the DagBag from /home/airflow/.local/lib/python3.12/site-packages/airflow/example_dags/example_local_kubernetes_executor.py
[2026-08-12T04:47:18.780+0000] {processor.py:925} INFO - DAG(s) 'example_local_kubernetes_executor' retrieved from /home/airflow/.local/lib/python3.12/site-packages/airflow/example_dags/example_local_kubernetes_executor.py
[2026-08-12T04:47:18.815+0000] {logging_mixin.py:190} INFO - [2026-08-12T04:47:18.815+0000] {dag.py:3211} INFO - Sync 1 DAGs
[2026-08-12T04:47:18.833+0000] {logging_mixin.py:190} INFO - [2026-08-12T04:47:18.833+0000] {dag.py:4138} INFO - Setting next_dagrun for example_local_kubernetes_executor to None, run_after=None
[2026-08-12T04:47:18.854+0000] {processor.py:208} INFO - Processing /home/airflow/.local/lib/python3.12/site-packages/airflow/example_dags/example_local_kubernetes_executor.py took 0.094 seconds
[2026-08-12T04:47:49.704+0000] {processor.py:186} INFO - Started process (PID=1890) to work on /home/airflow/.local/lib/python3.12/site-packages/airflow/example_dags/example_local_kubernetes_executor.py
[2026-08-12T04:47:49.706+0000] {processor.py:914} INFO - Processing file /home/airflow/.local/lib/python3.12/site-packages/airflow/example_dags/example_local_kubernetes_executor.py for tasks to queue
[2026-08-12T04:47:49.709+0000] {logging_mixin.py:190} INFO - [2026-08-12T04:47:49.709+0000] {dagbag.py:587} INFO - Filling up the DagBag from /home/airflow/.local/lib/python3.12/site-packages/airflow/example_dags/example_local_kubernetes_executor.py
[2026-08-12T04:47:49.719+0000] {processor.py:925} INFO - DAG(s) 'example_local_kubernetes_executor' retrieved from /home/airflow/.local/lib/python3.12/site-packages/airflow/example_dags/example_local_kubernetes_executor.py
[2026-08-12T04:47:49.752+0000] {logging_mixin.py:190} INFO - [2026-08-12T04:47:49.752+0000] {dag.py:3211} INFO - Sync 1 DAGs
[2026-08-12T04:47:49.767+0000] {logging_mixin.py:190} INFO - [2026-08-12T04:47:49.767+0000] {dag.py:4138} INFO - Setting next_dagrun for example_local_kubernetes_executor to None, run_after=None
[2026-08-12T04:47:49.789+0000] {processor.py:208} INFO - Processing /home/airflow/.local/lib/python3.12/site-packages/airflow/example_dags/example_local_kubernetes_executor.py took 0.090 seconds
[2026-08-12T04:48:20.228+0000] {processor.py:186} INFO - Started process (PID=1953) to work on /home/airflow/.local/lib/python3.12/site-packages/airflow/example_dags/example_local_kubernetes_executor.py
[2026-08-12T04:48:20.230+0000] {processor.py:914} INFO - Processing file /home/airflow/.local/lib/python3.12/site-packages/airflow/example_dags/example_local_kubernetes_executor.py for tasks to queue
[2026-08-12T04:48:20.234+0000] {logging_mixin.py:190} INFO - [2026-08-12T04:48:20.233+0000] {dagbag.py:587} INFO - Filling up the DagBag from /home/airflow/.local/lib/python3.12/site-packages/airflow/example_dags/example_local_kubernetes_executor.py
[2026-08-12T04:48:20.251+0000] {processor.py:925} INFO - DAG(s) 'example_local_kubernetes_executor' retrieved from /home/airflow/.local/lib/python3.12/site-packages/airflow/example_dags/example_local_kubernetes_executor.py
[2026-08-12T04:48:20.306+0000] {logging_mixin.py:190} INFO - [2026-08-12T04:48:20.305+0000] {dag.py:3211} INFO - Sync 1 DAGs
[2026-08-12T04:48:20.347+0000] {logging_mixin.py:190} INFO - [2026-08-12T04:48:20.347+0000] {dag.py:4138} INFO - Setting next_dagrun for example_local_kubernetes_executor to None, run_after=None
[2026-08-12T04:48:20.399+0000] {processor.py:208} INFO - Processing /home/airflow/.local/lib/python3.12/site-packages/airflow/example_dags/example_local_kubernetes_executor.py took 0.179 seconds
[2026-08-12T04:48:51.246+0000] {processor.py:186} INFO - Started process (PID=2016) to work on /home/airflow/.local/lib/python3.12/site-packages/airflow/example_dags/example_local_kubernetes_executor.py
[2026-08-12T04:48:51.247+0000] {processor.py:914} INFO - Processing file /home/airflow/.local/lib/python3.12/site-packages/airflow/example_dags/example_local_kubernetes_executor.py for tasks to queue
[2026-08-12T04:48:51.250+0000] {logging_mixin.py:190} INFO - [2026-08-12T04:48:51.250+0000] {dagbag.py:587} INFO - Filling up the DagBag from /home/airflow/.local/lib/python3.12/site-packages/airflow/example_dags/example_local_kubernetes_executor.py
[2026-08-12T04:48:51.262+0000] {processor.py:925} INFO - DAG(s) 'example_local_kubernetes_executor' retrieved from /home/airflow/.local/lib/python3.12/site-packages/airflow/example_dags/example_local_kubernetes_executor.py
[2026-08-12T04:48:51.301+0000] {logging_mixin.py:190} INFO - [2026-08-12T04:48:51.301+0000] {dag.py:3211} INFO - Sync 1 DAGs
[2026-08-12T04:48:51.315+0000] {logging_mixin.py:190} INFO - [2026-08-12T04:48:51.315+0000] {dag.py:4138} INFO - Setting next_dagrun for example_local_kubernetes_executor to None, run_after=None
[2026-08-12T04:48:51.335+0000] {processor.py:208} INFO - Processing /home/airflow/.local/lib/python3.12/site-packages/airflow/example_dags/example_local_kubernetes_executor.py took 0.094 seconds
[2026-08-12T04:49:21.587+0000] {processor.py:186} INFO - Started process (PID=2079) to work on /home/airflow/.local/lib/python3.12/site-packages/airflow/example_dags/example_local_kubernetes_executor.py
[2026-08-12T04:49:21.589+0000] {processor.py:914} INFO - Processing file /home/airflow/.local/lib/python3.12/site-packages/airflow/example_dags/example_local_kubernetes_executor.py for tasks to queue
[2026-08-12T04:49:21.593+0000] {logging_mixin.py:190} INFO - [2026-08-12T04:49:21.593+0000] {dagbag.py:587} INFO - Filling up the DagBag from /home/airflow/.local/lib/python3.12/site-packages/airflow/example_dags/example_local_kubernetes_executor.py
[2026-08-12T04:49:21.608+0000] {processor.py:925} INFO - DAG(s) 'example_local_kubernetes_executor' retrieved from /home/airflow/.local/lib/python3.12/site-packages/airflow/example_dags/example_local_kubernetes_executor.py
[2026-08-12T04:49:21.648+0000] {logging_mixin.py:190} INFO - [2026-08-12T04:49:21.648+0000] {dag.py:3211} INFO - Sync 1 DAGs
[2026-08-12T04:49:21.665+0000] {logging_mixin.py:190} INFO - [2026-08-12T04:49:21.664+0000] {dag.py:4138} INFO - Setting next_dagrun for example_local_kubernetes_executor to None, run_after=None
[2026-08-12T04:49:21.690+0000] {processor.py:208} INFO - Processing /home/airflow/.local/lib/python3.12/site-packages/airflow/example_dags/example_local_kubernetes_executor.py took 0.111 seconds
[2026-08-12T04:49:52.046+0000] {processor.py:186} INFO - Started process (PID=2142) to work on /home/airflow/.local/lib/python3.12/site-packages/airflow/example_dags/example_local_kubernetes_executor.py
[2026-08-12T04:49:52.048+0000] {processor.py:914} INFO - Processing file /home/airflow/.local/lib/python3.12/site-packages/airflow/example_dags/example_local_kubernetes_executor.py for tasks to queue
[2026-08-12T04:49:52.051+0000] {logging_mixin.py:190} INFO - [2026-08-12T04:49:52.051+0000] {dagbag.py:587} INFO - Filling up the DagBag from /home/airflow/.local/lib/python3.12/site-packages/airflow/example_dags/example_local_kubernetes_executor.py
[2026-08-12T04:49:52.062+0000] {processor.py:925} INFO - DAG(s) 'example_local_kubernetes_executor' retrieved from /home/airflow/.local/lib/python3.12/site-packages/airflow/example_dags/example_local_kubernetes_executor.py
[2026-08-12T04:49:52.103+0000] {logging_mixin.py:190} INFO - [2026-08-12T04:49:52.103+0000] {dag.py:3211} INFO - Sync 1 DAGs
[2026-08-12T04:49:52.125+0000] {logging_mixin.py:190} INFO - [2026-08-12T04:49:52.124+0000] {dag.py:4138} INFO - Setting next_dagrun for example_local_kubernetes_executor to None, run_after=None
[2026-08-12T04:49:52.156+0000] {processor.py:208} INFO - Processing /home/airflow/.local/lib/python3.12/site-packages/airflow/example_dags/example_local_kubernetes_executor.py took 0.116 seconds
[2026-08-12T04:50:22.336+0000] {processor.py:186} INFO - Started process (PID=2206) to work on /home/airflow/.local/lib/python3.12/site-packages/airflow/example_dags/example_local_kubernetes_executor.py
[2026-08-12T04:50:22.338+0000] {processor.py:914} INFO - Processing file /home/airflow/.local/lib/python3.12/site-packages/airflow/example_dags/example_local_kubernetes_executor.py for tasks to queue
[2026-08-12T04:50:22.342+0000] {logging_mixin.py:190} INFO - [2026-08-12T04:50:22.341+0000] {dagbag.py:587} INFO - Filling up the DagBag from /home/airflow/.local/lib/python3.12/site-packages/airflow/example_dags/example_local_kubernetes_executor.py
[2026-08-12T04:50:22.353+0000] {processor.py:925} INFO - DAG(s) 'example_local_kubernetes_executor' retrieved from /home/airflow/.local/lib/python3.12/site-packages/airflow/example_dags/example_local_kubernetes_executor.py
[2026-08-12T04:50:22.384+0000] {logging_mixin.py:190} INFO - [2026-08-12T04:50:22.383+0000] {dag.py:3211} INFO - Sync 1 DAGs
[2026-08-12T04:50:22.396+0000] {logging_mixin.py:190} INFO - [2026-08-12T04:50:22.396+0000] {dag.py:4138} INFO - Setting next_dagrun for example_local_kubernetes_executor to None, run_after=None
[2026-08-12T04:50:22.413+0000] {processor.py:208} INFO - Processing /home/airflow/.local/lib/python3.12/site-packages/airflow/example_dags/example_local_kubernetes_executor.py took 0.082 seconds
[2026-08-12T04:50:53.096+0000] {processor.py:186} INFO - Started process (PID=2269) to work on /home/airflow/.local/lib/python3.12/site-packages/airflow/example_dags/example_local_kubernetes_executor.py
[2026-08-12T04:50:53.098+0000] {processor.py:914} INFO - Processing file /home/airflow/.local/lib/python3.12/site-packages/airflow/example_dags/example_local_kubernetes_executor.py for tasks to queue
[2026-08-12T04:50:53.101+0000] {logging_mixin.py:190} INFO - [2026-08-12T04:50:53.101+0000] {dagbag.py:587} INFO - Filling up the DagBag from /home/airflow/.local/lib/python3.12/site-packages/airflow/example_dags/example_local_kubernetes_executor.py
[2026-08-12T04:50:53.115+0000] {processor.py:925} INFO - DAG(s) 'example_local_kubernetes_executor' retrieved from /home/airflow/.local/lib/python3.12/site-packages/airflow/example_dags/example_local_kubernetes_executor.py
[2026-08-12T04:50:53.147+0000] {logging_mixin.py:190} INFO - [2026-08-12T04:50:53.146+0000] {dag.py:3211} INFO - Sync 1 DAGs
[2026-08-12T04:50:53.161+0000] {logging_mixin.py:190} INFO - [2026-08-12T04:50:53.160+0000] {dag.py:4138} INFO - Setting next_dagrun for example_local_kubernetes_executor to None, run_after=None
[2026-08-12T04:50:53.180+0000] {processor.py:208} INFO - Processing /home/airflow/.local/lib/python3.12/site-packages/airflow/example_dags/example_local_kubernetes_executor.py took 0.090 seconds
[2026-08-12T04:51:23.685+0000] {processor.py:186} INFO - Started process (PID=2332) to work on /home/airflow/.local/lib/python3.12/site-packages/airflow/example_dags/example_local_kubernetes_executor.py
[2026-08-12T04:51:23.687+0000] {processor.py:914} INFO - Processing file /home/airflow/.local/lib/python3.12/site-packages/airflow/example_dags/example_local_kubernetes_executor.py for tasks to queue
[2026-08-12T04:51:23.690+0000] {logging_mixin.py:190} INFO - [2026-08-12T04:51:23.690+0000] {dagbag.py:587} INFO - Filling up the DagBag from /home/airflow/.local/lib/python3.12/site-packages/airflow/example_dags/example_local_kubernetes_executor.py
[2026-08-12T04:51:23.702+0000] {processor.py:925} INFO - DAG(s) 'example_local_kubernetes_executor' retrieved from /home/airflow/.local/lib/python3.12/site-packages/airflow/example_dags/example_local_kubernetes_executor.py
[2026-08-12T04:51:23.738+0000] {logging_mixin.py:190} INFO - [2026-08-12T04:51:23.738+0000] {dag.py:3211} INFO - Sync 1 DAGs
[2026-08-12T04:51:23.753+0000] {logging_mixin.py:190} INFO - [2026-08-12T04:51:23.752+0000] {dag.py:4138} INFO - Setting next_dagrun for example_local_kubernetes_executor to None, run_after=None
[2026-08-12T04:51:23.774+0000] {processor.py:208} INFO - Processing /home/airflow/.local/lib/python3.12/site-packages/airflow/example_dags/example_local_kubernetes_executor.py took 0.096 seconds
[2026-08-12T04:51:54.632+0000] {processor.py:186} INFO - Started process (PID=2395) to work on /home/airflow/.local/lib/python3.12/site-packages/airflow/example_dags/example_local_kubernetes_executor.py
[2026-08-12T04:51:54.633+0000] {processor.py:914} INFO - Processing file /home/airflow/.local/lib/python3.12/site-packages/airflow/example_dags/example_local_kubernetes_executor.py for tasks to queue
[2026-08-12T04:51:54.637+0000] {logging_mixin.py:190} INFO - [2026-08-12T04:51:54.636+0000] {dagbag.py:587} INFO - Filling up the DagBag from /home/airflow/.local/lib/python3.12/site-packages/airflow/example_dags/example_local_kubernetes_executor.py
[2026-08-12T04:51:54.650+0000] {processor.py:925} INFO - DAG(s) 'example_local_kubernetes_executor' retrieved from /home/airflow/.local/lib/python3.12/site-packages/airflow/example_dags/example_local_kubernetes_executor.py
[2026-08-12T04:51:54.686+0000] {logging_mixin.py:190} INFO - [2026-08-12T04:51:54.686+0000] {dag.py:3211} INFO - Sync 1 DAGs
[2026-08-12T04:51:54.702+0000] {logging_mixin.py:190} INFO - [2026-08-12T04:51:54.702+0000] {dag.py:4138} INFO - Setting next_dagrun for example_local_kubernetes_executor to None, run_after=None
[2026-08-12T04:51:54.723+0000] {processor.py:208} INFO - Processing /home/airflow/.local/lib/python3.12/site-packages/airflow/example_dags/example_local_kubernetes_executor.py took 0.102 seconds
[2026-08-12T04:52:24.858+0000] {processor.py:186} INFO - Started process (PID=2458) to work on /home/airflow/.local/lib/python3.12/site-packages/airflow/example_dags/example_local_kubernetes_executor.py
[2026-08-12T04:52:24.860+0000] {processor.py:914} INFO - Processing file /home/airflow/.local/lib/python3.12/site-packages/airflow/example_dags/example_local_kubernetes_executor.py for tasks to queue
[2026-08-12T04:52:24.864+0000] {logging_mixin.py:190} INFO - [2026-08-12T04:52:24.863+0000] {dagbag.py:587} INFO - Filling up the DagBag from /home/airflow/.local/lib/python3.12/site-packages/airflow/example_dags/example_local_kubernetes_executor.py
[2026-08-12T04:52:24.879+0000] {processor.py:925} INFO - DAG(s) 'example_local_kubernetes_executor' retrieved from /home/airflow/.local/lib/python3.12/site-packages/airflow/example_dags/example_local_kubernetes_executor.py
[2026-08-12T04:52:24.924+0000] {logging_mixin.py:190} INFO - [2026-08-12T04:52:24.924+0000] {dag.py:3211} INFO - Sync 1 DAGs
[2026-08-12T04:52:24.945+0000] {logging_mixin.py:190} INFO - [2026-08-12T04:52:24.944+0000] {dag.py:4138} INFO - Setting next_dagrun for example_local_kubernetes_executor to None, run_after=None
[2026-08-12T04:52:24.970+0000] {processor.py:208} INFO - Processing /home/airflow/.local/lib/python3.12/site-packages/airflow/example_dags/example_local_kubernetes_executor.py took 0.122 seconds
[2026-08-12T04:52:55.777+0000] {processor.py:186} INFO - Started process (PID=2521) to work on /home/airflow/.local/lib/python3.12/site-packages/airflow/example_dags/example_local_kubernetes_executor.py
[2026-08-12T04:52:55.778+0000] {processor.py:914} INFO - Processing file /home/airflow/.local/lib/python3.12/site-packages/airflow/example_dags/example_local_kubernetes_executor.py for tasks to queue
[2026-08-12T04:52:55.781+0000] {logging_mixin.py:190} INFO - [2026-08-12T04:52:55.781+0000] {dagbag.py:587} INFO - Filling up the DagBag from /home/airflow/.local/lib/python3.12/site-packages/airflow/example_dags/example_local_kubernetes_executor.py
[2026-08-12T04:52:55.790+0000] {processor.py:925} INFO - DAG(s) 'example_local_kubernetes_executor' retrieved from /home/airflow/.local/lib/python3.12/site-packages/airflow/example_dags/example_local_kubernetes_executor.py
[2026-08-12T04:52:55.824+0000] {logging_mixin.py:190} INFO - [2026-08-12T04:52:55.824+0000] {dag.py:3211} INFO - Sync 1 DAGs
[2026-08-12T04:52:55.838+0000] {logging_mixin.py:190} INFO - [2026-08-12T04:52:55.838+0000] {dag.py:4138} INFO - Setting next_dagrun for example_local_kubernetes_executor to None, run_after=None
[2026-08-12T04:52:55.857+0000] {processor.py:208} INFO - Processing /home/airflow/.local/lib/python3.12/site-packages/airflow/example_dags/example_local_kubernetes_executor.py took 0.085 seconds
[2026-08-12T04:53:26.748+0000] {processor.py:186} INFO - Started process (PID=2584) to work on /home/airflow/.local/lib/python3.12/site-packages/airflow/example_dags/example_local_kubernetes_executor.py
[2026-08-12T04:53:26.749+0000] {processor.py:914} INFO - Processing file /home/airflow/.local/lib/python3.12/site-packages/airflow/example_dags/example_local_kubernetes_executor.py for tasks to queue
[2026-08-12T04:53:26.753+0000] {logging_mixin.py:190} INFO - [2026-08-12T04:53:26.752+0000] {dagbag.py:587} INFO - Filling up the DagBag from /home/airflow/.local/lib/python3.12/site-packages/airflow/example_dags/example_local_kubernetes_executor.py
[2026-08-12T04:53:26.762+0000] {processor.py:925} INFO - DAG(s) 'example_local_kubernetes_executor' retrieved from /home/airflow/.local/lib/python3.12/site-packages/airflow/example_dags/example_local_kubernetes_executor.py
[2026-08-12T04:53:26.793+0000] {logging_mixin.py:190} INFO - [2026-08-12T04:53:26.793+0000] {dag.py:3211} INFO - Sync 1 DAGs
[2026-08-12T04:53:26.806+0000] {logging_mixin.py:190} INFO - [2026-08-12T04:53:26.806+0000] {dag.py:4138} INFO - Setting next_dagrun for example_local_kubernetes_executor to None, run_after=None
[2026-08-12T04:53:26.824+0000] {processor.py:208} INFO - Processing /home/airflow/.local/lib/python3.12/site-packages/airflow/example_dags/example_local_kubernetes_executor.py took 0.083 seconds
[2026-08-12T04:53:57.534+0000] {processor.py:186} INFO - Started process (PID=2647) to work on /home/airflow/.local/lib/python3.12/site-packages/airflow/example_dags/example_local_kubernetes_executor.py
[2026-08-12T04:53:57.536+0000] {processor.py:914} INFO - Processing file /home/airflow/.local/lib/python3.12/site-packages/airflow/example_dags/example_local_kubernetes_executor.py for tasks to queue
[2026-08-12T04:53:57.539+0000] {logging_mixin.py:190} INFO - [2026-08-12T04:53:57.538+0000] {dagbag.py:587} INFO - Filling up the DagBag from /home/airflow/.local/lib/python3.12/site-packages/airflow/example_dags/example_local_kubernetes_executor.py
[2026-08-12T04:53:57.550+0000] {processor.py:925} INFO - DAG(s) 'example_local_kubernetes_executor' retrieved from /home/airflow/.local/lib/python3.12/site-packages/airflow/example_dags/example_local_kubernetes_executor.py
[2026-08-12T04:53:57.587+0000] {logging_mixin.py:190} INFO - [2026-08-12T04:53:57.586+0000] {dag.py:3211} INFO - Sync 1 DAGs
[2026-08-12T04:53:57.604+0000] {logging_mixin.py:190} INFO - [2026-08-12T04:53:57.604+0000] {dag.py:4138} INFO - Setting next_dagrun for example_local_kubernetes_executor to None, run_after=None
[2026-08-12T04:53:57.627+0000] {processor.py:208} INFO - Processing /home/airflow/.local/lib/python3.12/site-packages/airflow/example_dags/example_local_kubernetes_executor.py took 0.099 seconds
[2026-08-12T04:54:28.426+0000] {processor.py:186} INFO - Started process (PID=2710) to work on /home/airflow/.local/lib/python3.12/site-packages/airflow/example_dags/example_local_kubernetes_executor.py
[2026-08-12T04:54:28.428+0000] {processor.py:914} INFO - Processing file /home/airflow/.local/lib/python3.12/site-packages/airflow/example_dags/example_local_kubernetes_executor.py for tasks to queue
[2026-08-12T04:54:28.432+0000] {logging_mixin.py:190} INFO - [2026-08-12T04:54:28.431+0000] {dagbag.py:587} INFO - Filling up the DagBag from /home/airflow/.local/lib/python3.12/site-packages/airflow/example_dags/example_local_kubernetes_executor.py
[2026-08-12T04:54:28.445+0000] {processor.py:925} INFO - DAG(s) 'example_local_kubernetes_executor' retrieved from /home/airflow/.local/lib/python3.12/site-packages/airflow/example_dags/example_local_kubernetes_executor.py
[2026-08-12T04:54:28.480+0000] {logging_mixin.py:190} INFO - [2026-08-12T04:54:28.480+0000] {dag.py:3211} INFO - Sync 1 DAGs
[2026-08-12T04:54:28.494+0000] {logging_mixin.py:190} INFO - [2026-08-12T04:54:28.494+0000] {dag.py:4138} INFO - Setting next_dagrun for example_local_kubernetes_executor to None, run_after=None
[2026-08-12T04:54:28.516+0000] {processor.py:208} INFO - Processing /home/airflow/.local/lib/python3.12/site-packages/airflow/example_dags/example_local_kubernetes_executor.py took 0.098 seconds
[2026-08-12T04:54:59.013+0000] {processor.py:186} INFO - Started process (PID=2773) to work on /home/airflow/.local/lib/python3.12/site-packages/airflow/example_dags/example_local_kubernetes_executor.py
[2026-08-12T04:54:59.015+0000] {processor.py:914} INFO - Processing file /home/airflow/.local/lib/python3.12/site-packages/airflow/example_dags/example_local_kubernetes_executor.py for tasks to queue
[2026-08-12T04:54:59.018+0000] {logging_mixin.py:190} INFO - [2026-08-12T04:54:59.018+0000] {dagbag.py:587} INFO - Filling up the DagBag from /home/airflow/.local/lib/python3.12/site-packages/airflow/example_dags/example_local_kubernetes_executor.py
[2026-08-12T04:54:59.031+0000] {processor.py:925} INFO - DAG(s) 'example_local_kubernetes_executor' retrieved from /home/airflow/.local/lib/python3.12/site-packages/airflow/example_dags/example_local_kubernetes_executor.py
[2026-08-12T04:54:59.066+0000] {logging_mixin.py:190} INFO - [2026-08-12T04:54:59.066+0000] {dag.py:3211} INFO - Sync 1 DAGs
[2026-08-12T04:54:59.082+0000] {logging_mixin.py:190} INFO - [2026-08-12T04:54:59.082+0000] {dag.py:4138} INFO - Setting next_dagrun for example_local_kubernetes_executor to None, run_after=None
[2026-08-12T04:54:59.105+0000] {processor.py:208} INFO - Processing /home/airflow/.local/lib/python3.12/site-packages/airflow/example_dags/example_local_kubernetes_executor.py took 0.100 seconds
[2026-08-12T04:55:29.773+0000] {processor.py:186} INFO - Started process (PID=2836) to work on /home/airflow/.local/lib/python3.12/site-packages/airflow/example_dags/example_local_kubernetes_executor.py
[2026-08-12T04:55:29.775+0000] {processor.py:914} INFO - Processing file /home/airflow/.local/lib/python3.12/site-packages/airflow/example_dags/example_local_kubernetes_executor.py for tasks to queue
[2026-08-12T04:55:29.778+0000] {logging_mixin.py:190} INFO - [2026-08-12T04:55:29.778+0000] {dagbag.py:587} INFO - Filling up the DagBag from /home/airflow/.local/lib/python3.12/site-packages/airflow/example_dags/example_local_kubernetes_executor.py
[2026-08-12T04:55:29.789+0000] {processor.py:925} INFO - DAG(s) 'example_local_kubernetes_executor' retrieved from /home/airflow/.local/lib/python3.12/site-packages/airflow/example_dags/example_local_kubernetes_executor.py
[2026-08-12T04:55:29.878+0000] {logging_mixin.py:190} INFO - [2026-08-12T04:55:29.877+0000] {dag.py:3211} INFO - Sync 1 DAGs
[2026-08-12T04:55:29.898+0000] {logging_mixin.py:190} INFO - [2026-08-12T04:55:29.898+0000] {dag.py:4138} INFO - Setting next_dagrun for example_local_kubernetes_executor to None, run_after=None
[2026-08-12T04:55:29.924+0000] {processor.py:208} INFO - Processing /home/airflow/.local/lib/python3.12/site-packages/airflow/example_dags/example_local_kubernetes_executor.py took 0.156 seconds
[2026-08-12T04:56:00.378+0000] {processor.py:186} INFO - Started process (PID=2899) to work on /home/airflow/.local/lib/python3.12/site-packages/airflow/example_dags/example_local_kubernetes_executor.py
[2026-08-12T04:56:00.379+0000] {processor.py:914} INFO - Processing file /home/airflow/.local/lib/python3.12/site-packages/airflow/example_dags/example_local_kubernetes_executor.py for tasks to queue
[2026-08-12T04:56:00.382+0000] {logging_mixin.py:190} INFO - [2026-08-12T04:56:00.381+0000] {dagbag.py:587} INFO - Filling up the DagBag from /home/airflow/.local/lib/python3.12/site-packages/airflow/example_dags/example_local_kubernetes_executor.py
[2026-08-12T04:56:00.390+0000] {processor.py:925} INFO - DAG(s) 'example_local_kubernetes_executor' retrieved from /home/airflow/.local/lib/python3.12/site-packages/airflow/example_dags/example_local_kubernetes_executor.py
[2026-08-12T04:56:00.424+0000] {logging_mixin.py:190} INFO - [2026-08-12T04:56:00.424+0000] {dag.py:3211} INFO - Sync 1 DAGs
[2026-08-12T04:56:00.439+0000] {logging_mixin.py:190} INFO - [2026-08-12T04:56:00.439+0000] {dag.py:4138} INFO - Setting next_dagrun for example_local_kubernetes_executor to None, run_after=None
[2026-08-12T04:56:00.462+0000] {processor.py:208} INFO - Processing /home/airflow/.local/lib/python3.12/site-packages/airflow/example_dags/example_local_kubernetes_executor.py took 0.089 seconds
[2026-08-12T04:56:31.019+0000] {processor.py:186} INFO - Started process (PID=2962) to work on /home/airflow/.local/lib/python3.12/site-packages/airflow/example_dags/example_local_kubernetes_executor.py
[2026-08-12T04:56:31.021+0000] {processor.py:914} INFO - Processing file /home/airflow/.local/lib/python3.12/site-packages/airflow/example_dags/example_local_kubernetes_executor.py for tasks to queue
[2026-08-12T04:56:31.025+0000] {logging_mixin.py:190} INFO - [2026-08-12T04:56:31.025+0000] {dagbag.py:587} INFO - Filling up the DagBag from /home/airflow/.local/lib/python3.12/site-packages/airflow/example_dags/example_local_kubernetes_executor.py
[2026-08-12T04:56:31.038+0000] {processor.py:925} INFO - DAG(s) 'example_local_kubernetes_executor' retrieved from /home/airflow/.local/lib/python3.12/site-packages/airflow/example_dags/example_local_kubernetes_executor.py
[2026-08-12T04:56:31.070+0000] {logging_mixin.py:190} INFO - [2026-08-12T04:56:31.070+0000] {dag.py:3211} INFO - Sync 1 DAGs
[2026-08-12T04:56:31.085+0000] {logging_mixin.py:190} INFO - [2026-08-12T04:56:31.084+0000] {dag.py:4138} INFO - Setting next_dagrun for example_local_kubernetes_executor to None, run_after=None
[2026-08-12T04:56:31.103+0000] {processor.py:208} INFO - Processing /home/airflow/.local/lib/python3.12/site-packages/airflow/example_dags/example_local_kubernetes_executor.py took 0.092 seconds
[2026-08-12T04:57:01.692+0000] {processor.py:186} INFO - Started process (PID=3025) to work on /home/airflow/.local/lib/python3.12/site-packages/airflow/example_dags/example_local_kubernetes_executor.py
[2026-08-12T04:57:01.694+0000] {processor.py:914} INFO - Processing file /home/airflow/.local/lib/python3.12/site-packages/airflow/example_dags/example_local_kubernetes_executor.py for tasks to queue
[2026-08-12T04:57:01.698+0000] {logging_mixin.py:190} INFO - [2026-08-12T04:57:01.697+0000] {dagbag.py:587} INFO - Filling up the DagBag from /home/airflow/.local/lib/python3.12/site-packages/airflow/example_dags/example_local_kubernetes_executor.py
[2026-08-12T04:57:01.711+0000] {processor.py:925} INFO - DAG(s) 'example_local_kubernetes_executor' retrieved from /home/airflow/.local/lib/python3.12/site-packages/airflow/example_dags/example_local_kubernetes_executor.py
[2026-08-12T04:57:01.748+0000] {logging_mixin.py:190} INFO - [2026-08-12T04:57:01.748+0000] {dag.py:3211} INFO - Sync 1 DAGs
[2026-08-12T04:57:01.768+0000] {logging_mixin.py:190} INFO - [2026-08-12T04:57:01.767+0000] {dag.py:4138} INFO - Setting next_dagrun for example_local_kubernetes_executor to None, run_after=None
[2026-08-12T04:57:01.792+0000] {processor.py:208} INFO - Processing /home/airflow/.local/lib/python3.12/site-packages/airflow/example_dags/example_local_kubernetes_executor.py took 0.109 seconds
[2026-08-12T04:57:32.791+0000] {processor.py:186} INFO - Started process (PID=3088) to work on /home/airflow/.local/lib/python3.12/site-packages/airflow/example_dags/example_local_kubernetes_executor.py
[2026-08-12T04:57:32.792+0000] {processor.py:914} INFO - Processing file /home/airflow/.local/lib/python3.12/site-packages/airflow/example_dags/example_local_kubernetes_executor.py for tasks to queue
[2026-08-12T04:57:32.795+0000] {logging_mixin.py:190} INFO - [2026-08-12T04:57:32.795+0000] {dagbag.py:587} INFO - Filling up the DagBag from /home/airflow/.local/lib/python3.12/site-packages/airflow/example_dags/example_local_kubernetes_executor.py
[2026-08-12T04:57:32.806+0000] {processor.py:925} INFO - DAG(s) 'example_local_kubernetes_executor' retrieved from /home/airflow/.local/lib/python3.12/site-packages/airflow/example_dags/example_local_kubernetes_executor.py
[2026-08-12T04:57:32.838+0000] {logging_mixin.py:190} INFO - [2026-08-12T04:57:32.837+0000] {dag.py:3211} INFO - Sync 1 DAGs
[2026-08-12T04:57:32.852+0000] {logging_mixin.py:190} INFO - [2026-08-12T04:57:32.852+0000] {dag.py:4138} INFO - Setting next_dagrun for example_local_kubernetes_executor to None, run_after=None
[2026-08-12T04:57:33.039+0000] {processor.py:208} INFO - Processing /home/airflow/.local/lib/python3.12/site-packages/airflow/example_dags/example_local_kubernetes_executor.py took 0.254 seconds
[2026-08-12T04:58:03.816+0000] {processor.py:186} INFO - Started process (PID=3157) to work on /home/airflow/.local/lib/python3.12/site-packages/airflow/example_dags/example_local_kubernetes_executor.py
[2026-08-12T04:58:03.818+0000] {processor.py:914} INFO - Processing file /home/airflow/.local/lib/python3.12/site-packages/airflow/example_dags/example_local_kubernetes_executor.py for tasks to queue
[2026-08-12T04:58:03.822+0000] {logging_mixin.py:190} INFO - [2026-08-12T04:58:03.821+0000] {dagbag.py:587} INFO - Filling up the DagBag from /home/airflow/.local/lib/python3.12/site-packages/airflow/example_dags/example_local_kubernetes_executor.py
[2026-08-12T04:58:03.831+0000] {processor.py:925} INFO - DAG(s) 'example_local_kubernetes_executor' retrieved from /home/airflow/.local/lib/python3.12/site-packages/airflow/example_dags/example_local_kubernetes_executor.py
[2026-08-12T04:58:03.869+0000] {logging_mixin.py:190} INFO - [2026-08-12T04:58:03.869+0000] {dag.py:3211} INFO - Sync 1 DAGs
[2026-08-12T04:58:03.888+0000] {logging_mixin.py:190} INFO - [2026-08-12T04:58:03.887+0000] {dag.py:4138} INFO - Setting next_dagrun for example_local_kubernetes_executor to None, run_after=None
[2026-08-12T04:58:04.086+0000] {processor.py:208} INFO - Processing /home/airflow/.local/lib/python3.12/site-packages/airflow/example_dags/example_local_kubernetes_executor.py took 0.275 seconds
[2026-08-12T04:58:34.132+0000] {processor.py:186} INFO - Started process (PID=3221) to work on /home/airflow/.local/lib/python3.12/site-packages/airflow/example_dags/example_local_kubernetes_executor.py
[2026-08-12T04:58:34.133+0000] {processor.py:914} INFO - Processing file /home/airflow/.local/lib/python3.12/site-packages/airflow/example_dags/example_local_kubernetes_executor.py for tasks to queue
[2026-08-12T04:58:34.136+0000] {logging_mixin.py:190} INFO - [2026-08-12T04:58:34.136+0000] {dagbag.py:587} INFO - Filling up the DagBag from /home/airflow/.local/lib/python3.12/site-packages/airflow/example_dags/example_local_kubernetes_executor.py
[2026-08-12T04:58:34.146+0000] {processor.py:925} INFO - DAG(s) 'example_local_kubernetes_executor' retrieved from /home/airflow/.local/lib/python3.12/site-packages/airflow/example_dags/example_local_kubernetes_executor.py
[2026-08-12T04:58:34.188+0000] {logging_mixin.py:190} INFO - [2026-08-12T04:58:34.188+0000] {dag.py:3211} INFO - Sync 1 DAGs
[2026-08-12T04:58:34.203+0000] {logging_mixin.py:190} INFO - [2026-08-12T04:58:34.202+0000] {dag.py:4138} INFO - Setting next_dagrun for example_local_kubernetes_executor to None, run_after=None
[2026-08-12T04:58:34.225+0000] {processor.py:208} INFO - Processing /home/airflow/.local/lib/python3.12/site-packages/airflow/example_dags/example_local_kubernetes_executor.py took 0.098 seconds
[2026-08-12T04:59:04.389+0000] {processor.py:186} INFO - Started process (PID=3284) to work on /home/airflow/.local/lib/python3.12/site-packages/airflow/example_dags/example_local_kubernetes_executor.py
[2026-08-12T04:59:04.391+0000] {processor.py:914} INFO - Processing file /home/airflow/.local/lib/python3.12/site-packages/airflow/example_dags/example_local_kubernetes_executor.py for tasks to queue
[2026-08-12T04:59:04.393+0000] {logging_mixin.py:190} INFO - [2026-08-12T04:59:04.393+0000] {dagbag.py:587} INFO - Filling up the DagBag from /home/airflow/.local/lib/python3.12/site-packages/airflow/example_dags/example_local_kubernetes_executor.py
[2026-08-12T04:59:04.402+0000] {processor.py:925} INFO - DAG(s) 'example_local_kubernetes_executor' retrieved from /home/airflow/.local/lib/python3.12/site-packages/airflow/example_dags/example_local_kubernetes_executor.py
[2026-08-12T04:59:04.435+0000] {logging_mixin.py:190} INFO - [2026-08-12T04:59:04.434+0000] {dag.py:3211} INFO - Sync 1 DAGs
[2026-08-12T04:59:04.449+0000] {logging_mixin.py:190} INFO - [2026-08-12T04:59:04.449+0000] {dag.py:4138} INFO - Setting next_dagrun for example_local_kubernetes_executor to None, run_after=None
[2026-08-12T04:59:04.467+0000] {processor.py:208} INFO - Processing /home/airflow/.local/lib/python3.12/site-packages/airflow/example_dags/example_local_kubernetes_executor.py took 0.083 seconds
[2026-08-12T04:59:35.083+0000] {processor.py:186} INFO - Started process (PID=3346) to work on /home/airflow/.local/lib/python3.12/site-packages/airflow/example_dags/example_local_kubernetes_executor.py
[2026-08-12T04:59:35.085+0000] {processor.py:914} INFO - Processing file /home/airflow/.local/lib/python3.12/site-packages/airflow/example_dags/example_local_kubernetes_executor.py for tasks to queue
[2026-08-12T04:59:35.088+0000] {logging_mixin.py:190} INFO - [2026-08-12T04:59:35.088+0000] {dagbag.py:587} INFO - Filling up the DagBag from /home/airflow/.local/lib/python3.12/site-packages/airflow/example_dags/example_local_kubernetes_executor.py
[2026-08-12T04:59:35.098+0000] {processor.py:925} INFO - DAG(s) 'example_local_kubernetes_executor' retrieved from /home/airflow/.local/lib/python3.12/site-packages/airflow/example_dags/example_local_kubernetes_executor.py
[2026-08-12T04:59:35.319+0000] {logging_mixin.py:190} INFO - [2026-08-12T04:59:35.319+0000] {dag.py:3211} INFO - Sync 1 DAGs
[2026-08-12T04:59:35.333+0000] {logging_mixin.py:190} INFO - [2026-08-12T04:59:35.333+0000] {dag.py:4138} INFO - Setting next_dagrun for example_local_kubernetes_executor to None, run_after=None
[2026-08-12T04:59:35.352+0000] {processor.py:208} INFO - Processing /home/airflow/.local/lib/python3.12/site-packages/airflow/example_dags/example_local_kubernetes_executor.py took 0.274 seconds
[2026-08-12T05:00:05.685+0000] {processor.py:186} INFO - Started process (PID=3409) to work on /home/airflow/.local/lib/python3.12/site-packages/airflow/example_dags/example_local_kubernetes_executor.py
[2026-08-12T05:00:05.687+0000] {processor.py:914} INFO - Processing file /home/airflow/.local/lib/python3.12/site-packages/airflow/example_dags/example_local_kubernetes_executor.py for tasks to queue
[2026-08-12T05:00:05.690+0000] {logging_mixin.py:190} INFO - [2026-08-12T05:00:05.689+0000] {dagbag.py:587} INFO - Filling up the DagBag from /home/airflow/.local/lib/python3.12/site-packages/airflow/example_dags/example_local_kubernetes_executor.py
[2026-08-12T05:00:05.699+0000] {processor.py:925} INFO - DAG(s) 'example_local_kubernetes_executor' retrieved from /home/airflow/.local/lib/python3.12/site-packages/airflow/example_dags/example_local_kubernetes_executor.py
[2026-08-12T05:00:05.733+0000] {logging_mixin.py:190} INFO - [2026-08-12T05:00:05.733+0000] {dag.py:3211} INFO - Sync 1 DAGs
[2026-08-12T05:00:05.748+0000] {logging_mixin.py:190} INFO - [2026-08-12T05:00:05.748+0000] {dag.py:4138} INFO - Setting next_dagrun for example_local_kubernetes_executor to None, run_after=None
[2026-08-12T05:00:05.768+0000] {processor.py:208} INFO - Processing /home/airflow/.local/lib/python3.12/site-packages/airflow/example_dags/example_local_kubernetes_executor.py took 0.088 seconds
[2026-08-12T05:00:36.101+0000] {processor.py:186} INFO - Started process (PID=3472) to work on /home/airflow/.local/lib/python3.12/site-packages/airflow/example_dags/example_local_kubernetes_executor.py
[2026-08-12T05:00:36.102+0000] {processor.py:914} INFO - Processing file /home/airflow/.local/lib/python3.12/site-packages/airflow/example_dags/example_local_kubernetes_executor.py for tasks to queue
[2026-08-12T05:00:36.106+0000] {logging_mixin.py:190} INFO - [2026-08-12T05:00:36.105+0000] {dagbag.py:587} INFO - Filling up the DagBag from /home/airflow/.local/lib/python3.12/site-packages/airflow/example_dags/example_local_kubernetes_executor.py
[2026-08-12T05:00:36.116+0000] {processor.py:925} INFO - DAG(s) 'example_local_kubernetes_executor' retrieved from /home/airflow/.local/lib/python3.12/site-packages/airflow/example_dags/example_local_kubernetes_executor.py
[2026-08-12T05:00:36.149+0000] {logging_mixin.py:190} INFO - [2026-08-12T05:00:36.149+0000] {dag.py:3211} INFO - Sync 1 DAGs
[2026-08-12T05:00:36.166+0000] {logging_mixin.py:190} INFO - [2026-08-12T05:00:36.166+0000] {dag.py:4138} INFO - Setting next_dagrun for example_local_kubernetes_executor to None, run_after=None
[2026-08-12T05:00:36.186+0000] {processor.py:208} INFO - Processing /home/airflow/.local/lib/python3.12/site-packages/airflow/example_dags/example_local_kubernetes_executor.py took 0.091 seconds
[2026-08-12T05:01:06.749+0000] {processor.py:186} INFO - Started process (PID=3535) to work on /home/airflow/.local/lib/python3.12/site-packages/airflow/example_dags/example_local_kubernetes_executor.py
[2026-08-12T05:01:06.751+0000] {processor.py:914} INFO - Processing file /home/airflow/.local/lib/python3.12/site-packages/airflow/example_dags/example_local_kubernetes_executor.py for tasks to queue
[2026-08-12T05:01:06.754+0000] {logging_mixin.py:190} INFO - [2026-08-12T05:01:06.753+0000] {dagbag.py:587} INFO - Filling up the DagBag from /home/airflow/.local/lib/python3.12/site-packages/airflow/example_dags/example_local_kubernetes_executor.py
[2026-08-12T05:01:06.765+0000] {processor.py:925} INFO - DAG(s) 'example_local_kubernetes_executor' retrieved from /home/airflow/.local/lib/python3.12/site-packages/airflow/example_dags/example_local_kubernetes_executor.py
[2026-08-12T05:01:06.807+0000] {logging_mixin.py:190} INFO - [2026-08-12T05:01:06.806+0000] {dag.py:3211} INFO - Sync 1 DAGs
[2026-08-12T05:01:06.824+0000] {logging_mixin.py:190} INFO - [2026-08-12T05:01:06.824+0000] {dag.py:4138} INFO - Setting next_dagrun for example_local_kubernetes_executor to None, run_after=None
[2026-08-12T05:01:06.848+0000] {processor.py:208} INFO - Processing /home/airflow/.local/lib/python3.12/site-packages/airflow/example_dags/example_local_kubernetes_executor.py took 0.104 seconds
[2026-08-12T05:01:37.333+0000] {processor.py:186} INFO - Started process (PID=3598) to work on /home/airflow/.local/lib/python3.12/site-packages/airflow/example_dags/example_local_kubernetes_executor.py
[2026-08-12T05:01:37.335+0000] {processor.py:914} INFO - Processing file /home/airflow/.local/lib/python3.12/site-packages/airflow/example_dags/example_local_kubernetes_executor.py for tasks to queue
[2026-08-12T05:01:37.340+0000] {logging_mixin.py:190} INFO - [2026-08-12T05:01:37.339+0000] {dagbag.py:587} INFO - Filling up the DagBag from /home/airflow/.local/lib/python3.12/site-packages/airflow/example_dags/example_local_kubernetes_executor.py
[2026-08-12T05:01:37.353+0000] {processor.py:925} INFO - DAG(s) 'example_local_kubernetes_executor' retrieved from /home/airflow/.local/lib/python3.12/site-packages/airflow/example_dags/example_local_kubernetes_executor.py
[2026-08-12T05:01:37.389+0000] {logging_mixin.py:190} INFO - [2026-08-12T05:01:37.389+0000] {dag.py:3211} INFO - Sync 1 DAGs
[2026-08-12T05:01:37.405+0000] {logging_mixin.py:190} INFO - [2026-08-12T05:01:37.405+0000] {dag.py:4138} INFO - Setting next_dagrun for example_local_kubernetes_executor to None, run_after=None
[2026-08-12T05:01:37.426+0000] {processor.py:208} INFO - Processing /home/airflow/.local/lib/python3.12/site-packages/airflow/example_dags/example_local_kubernetes_executor.py took 0.100 seconds
[2026-08-12T05:02:07.962+0000] {processor.py:186} INFO - Started process (PID=3661) to work on /home/airflow/.local/lib/python3.12/site-packages/airflow/example_dags/example_local_kubernetes_executor.py
[2026-08-12T05:02:07.964+0000] {processor.py:914} INFO - Processing file /home/airflow/.local/lib/python3.12/site-packages/airflow/example_dags/example_local_kubernetes_executor.py for tasks to queue
[2026-08-12T05:02:07.968+0000] {logging_mixin.py:190} INFO - [2026-08-12T05:02:07.967+0000] {dagbag.py:587} INFO - Filling up the DagBag from /home/airflow/.local/lib/python3.12/site-packages/airflow/example_dags/example_local_kubernetes_executor.py
[2026-08-12T05:02:07.980+0000] {processor.py:925} INFO - DAG(s) 'example_local_kubernetes_executor' retrieved from /home/airflow/.local/lib/python3.12/site-packages/airflow/example_dags/example_local_kubernetes_executor.py
[2026-08-12T05:02:08.026+0000] {logging_mixin.py:190} INFO - [2026-08-12T05:02:08.026+0000] {dag.py:3211} INFO - Sync 1 DAGs
[2026-08-12T05:02:08.042+0000] {logging_mixin.py:190} INFO - [2026-08-12T05:02:08.042+0000] {dag.py:4138} INFO - Setting next_dagrun for example_local_kubernetes_executor to None, run_after=None
[2026-08-12T05:02:08.068+0000] {processor.py:208} INFO - Processing /home/airflow/.local/lib/python3.12/site-packages/airflow/example_dags/example_local_kubernetes_executor.py took 0.116 seconds
[2026-08-12T05:02:38.581+0000] {processor.py:186} INFO - Started process (PID=3724) to work on /home/airflow/.local/lib/python3.12/site-packages/airflow/example_dags/example_local_kubernetes_executor.py
[2026-08-12T05:02:38.583+0000] {processor.py:914} INFO - Processing file /home/airflow/.local/lib/python3.12/site-packages/airflow/example_dags/example_local_kubernetes_executor.py for tasks to queue
[2026-08-12T05:02:38.586+0000] {logging_mixin.py:190} INFO - [2026-08-12T05:02:38.585+0000] {dagbag.py:587} INFO - Filling up the DagBag from /home/airflow/.local/lib/python3.12/site-packages/airflow/example_dags/example_local_kubernetes_executor.py
[2026-08-12T05:02:38.596+0000] {processor.py:925} INFO - DAG(s) 'example_local_kubernetes_executor' retrieved from /home/airflow/.local/lib/python3.12/site-packages/airflow/example_dags/example_local_kubernetes_executor.py
[2026-08-12T05:02:38.635+0000] {logging_mixin.py:190} INFO - [2026-08-12T05:02:38.635+0000] {dag.py:3211} INFO - Sync 1 DAGs
[2026-08-12T05:02:38.652+0000] {logging_mixin.py:190} INFO - [2026-08-12T05:02:38.651+0000] {dag.py:4138} INFO - Setting next_dagrun for example_local_kubernetes_executor to None, run_after=None
[2026-08-12T05:02:38.678+0000] {processor.py:208} INFO - Processing /home/airflow/.local/lib/python3.12/site-packages/airflow/example_dags/example_local_kubernetes_executor.py took 0.103 seconds
[2026-08-12T05:03:09.006+0000] {processor.py:186} INFO - Started process (PID=3787) to work on /home/airflow/.local/lib/python3.12/site-packages/airflow/example_dags/example_local_kubernetes_executor.py
[2026-08-12T05:03:09.008+0000] {processor.py:914} INFO - Processing file /home/airflow/.local/lib/python3.12/site-packages/airflow/example_dags/example_local_kubernetes_executor.py for tasks to queue
[2026-08-12T05:03:09.015+0000] {logging_mixin.py:190} INFO - [2026-08-12T05:03:09.014+0000] {dagbag.py:587} INFO - Filling up the DagBag from /home/airflow/.local/lib/python3.12/site-packages/airflow/example_dags/example_local_kubernetes_executor.py
[2026-08-12T05:03:09.030+0000] {processor.py:925} INFO - DAG(s) 'example_local_kubernetes_executor' retrieved from /home/airflow/.local/lib/python3.12/site-packages/airflow/example_dags/example_local_kubernetes_executor.py
[2026-08-12T05:03:09.067+0000] {logging_mixin.py:190} INFO - [2026-08-12T05:03:09.066+0000] {dag.py:3211} INFO - Sync 1 DAGs
[2026-08-12T05:03:09.082+0000] {logging_mixin.py:190} INFO - [2026-08-12T05:03:09.082+0000] {dag.py:4138} INFO - Setting next_dagrun for example_local_kubernetes_executor to None, run_after=None
[2026-08-12T05:03:09.102+0000] {processor.py:208} INFO - Processing /home/airflow/.local/lib/python3.12/site-packages/airflow/example_dags/example_local_kubernetes_executor.py took 0.109 seconds
[2026-08-12T05:03:39.352+0000] {processor.py:186} INFO - Started process (PID=3850) to work on /home/airflow/.local/lib/python3.12/site-packages/airflow/example_dags/example_local_kubernetes_executor.py
[2026-08-12T05:03:39.353+0000] {processor.py:914} INFO - Processing file /home/airflow/.local/lib/python3.12/site-packages/airflow/example_dags/example_local_kubernetes_executor.py for tasks to queue
[2026-08-12T05:03:39.356+0000] {logging_mixin.py:190} INFO - [2026-08-12T05:03:39.356+0000] {dagbag.py:587} INFO - Filling up the DagBag from /home/airflow/.local/lib/python3.12/site-packages/airflow/example_dags/example_local_kubernetes_executor.py
[2026-08-12T05:03:39.367+0000] {processor.py:925} INFO - DAG(s) 'example_local_kubernetes_executor' retrieved from /home/airflow/.local/lib/python3.12/site-packages/airflow/example_dags/example_local_kubernetes_executor.py
[2026-08-12T05:03:39.404+0000] {logging_mixin.py:190} INFO - [2026-08-12T05:03:39.404+0000] {dag.py:3211} INFO - Sync 1 DAGs
[2026-08-12T05:03:39.423+0000] {logging_mixin.py:190} INFO - [2026-08-12T05:03:39.423+0000] {dag.py:4138} INFO - Setting next_dagrun for example_local_kubernetes_executor to None, run_after=None
[2026-08-12T05:03:39.454+0000] {processor.py:208} INFO - Processing /home/airflow/.local/lib/python3.12/site-packages/airflow/example_dags/example_local_kubernetes_executor.py took 0.111 seconds
[2026-08-12T05:04:09.741+0000] {processor.py:186} INFO - Started process (PID=3914) to work on /home/airflow/.local/lib/python3.12/site-packages/airflow/example_dags/example_local_kubernetes_executor.py
[2026-08-12T05:04:09.743+0000] {processor.py:914} INFO - Processing file /home/airflow/.local/lib/python3.12/site-packages/airflow/example_dags/example_local_kubernetes_executor.py for tasks to queue
[2026-08-12T05:04:09.746+0000] {logging_mixin.py:190} INFO - [2026-08-12T05:04:09.746+0000] {dagbag.py:587} INFO - Filling up the DagBag from /home/airflow/.local/lib/python3.12/site-packages/airflow/example_dags/example_local_kubernetes_executor.py
[2026-08-12T05:04:09.756+0000] {processor.py:925} INFO - DAG(s) 'example_local_kubernetes_executor' retrieved from /home/airflow/.local/lib/python3.12/site-packages/airflow/example_dags/example_local_kubernetes_executor.py
[2026-08-12T05:04:09.793+0000] {logging_mixin.py:190} INFO - [2026-08-12T05:04:09.792+0000] {dag.py:3211} INFO - Sync 1 DAGs
[2026-08-12T05:04:09.808+0000] {logging_mixin.py:190} INFO - [2026-08-12T05:04:09.808+0000] {dag.py:4138} INFO - Setting next_dagrun for example_local_kubernetes_executor to None, run_after=None
[2026-08-12T05:04:09.829+0000] {processor.py:208} INFO - Processing /home/airflow/.local/lib/python3.12/site-packages/airflow/example_dags/example_local_kubernetes_executor.py took 0.095 seconds
[2026-08-12T05:04:40.173+0000] {processor.py:186} INFO - Started process (PID=3977) to work on /home/airflow/.local/lib/python3.12/site-packages/airflow/example_dags/example_local_kubernetes_executor.py
[2026-08-12T05:04:40.175+0000] {processor.py:914} INFO - Processing file /home/airflow/.local/lib/python3.12/site-packages/airflow/example_dags/example_local_kubernetes_executor.py for tasks to queue
[2026-08-12T05:04:40.179+0000] {logging_mixin.py:190} INFO - [2026-08-12T05:04:40.178+0000] {dagbag.py:587} INFO - Filling up the DagBag from /home/airflow/.local/lib/python3.12/site-packages/airflow/example_dags/example_local_kubernetes_executor.py
[2026-08-12T05:04:40.191+0000] {processor.py:925} INFO - DAG(s) 'example_local_kubernetes_executor' retrieved from /home/airflow/.local/lib/python3.12/site-packages/airflow/example_dags/example_local_kubernetes_executor.py
[2026-08-12T05:04:40.223+0000] {logging_mixin.py:190} INFO - [2026-08-12T05:04:40.223+0000] {dag.py:3211} INFO - Sync 1 DAGs
[2026-08-12T05:04:40.239+0000] {logging_mixin.py:190} INFO - [2026-08-12T05:04:40.239+0000] {dag.py:4138} INFO - Setting next_dagrun for example_local_kubernetes_executor to None, run_after=None
[2026-08-12T05:04:40.259+0000] {processor.py:208} INFO - Processing /home/airflow/.local/lib/python3.12/site-packages/airflow/example_dags/example_local_kubernetes_executor.py took 0.092 seconds
[2026-08-12T05:05:10.592+0000] {processor.py:186} INFO - Started process (PID=4040) to work on /home/airflow/.local/lib/python3.12/site-packages/airflow/example_dags/example_local_kubernetes_executor.py
[2026-08-12T05:05:10.593+0000] {processor.py:914} INFO - Processing file /home/airflow/.local/lib/python3.12/site-packages/airflow/example_dags/example_local_kubernetes_executor.py for tasks to queue
[2026-08-12T05:05:10.596+0000] {logging_mixin.py:190} INFO - [2026-08-12T05:05:10.596+0000] {dagbag.py:587} INFO - Filling up the DagBag from /home/airflow/.local/lib/python3.12/site-packages/airflow/example_dags/example_local_kubernetes_executor.py
[2026-08-12T05:05:10.605+0000] {processor.py:925} INFO - DAG(s) 'example_local_kubernetes_executor' retrieved from /home/airflow/.local/lib/python3.12/site-packages/airflow/example_dags/example_local_kubernetes_executor.py
[2026-08-12T05:05:10.637+0000] {logging_mixin.py:190} INFO - [2026-08-12T05:05:10.637+0000] {dag.py:3211} INFO - Sync 1 DAGs
[2026-08-12T05:05:10.650+0000] {logging_mixin.py:190} INFO - [2026-08-12T05:05:10.649+0000] {dag.py:4138} INFO - Setting next_dagrun for example_local_kubernetes_executor to None, run_after=None
[2026-08-12T05:05:10.669+0000] {processor.py:208} INFO - Processing /home/airflow/.local/lib/python3.12/site-packages/airflow/example_dags/example_local_kubernetes_executor.py took 0.082 seconds
[2026-08-12T05:05:41.178+0000] {processor.py:186} INFO - Started process (PID=4103) to work on /home/airflow/.local/lib/python3.12/site-packages/airflow/example_dags/example_local_kubernetes_executor.py
[2026-08-12T05:05:41.179+0000] {processor.py:914} INFO - Processing file /home/airflow/.local/lib/python3.12/site-packages/airflow/example_dags/example_local_kubernetes_executor.py for tasks to queue
[2026-08-12T05:05:41.182+0000] {logging_mixin.py:190} INFO - [2026-08-12T05:05:41.182+0000] {dagbag.py:587} INFO - Filling up the DagBag from /home/airflow/.local/lib/python3.12/site-packages/airflow/example_dags/example_local_kubernetes_executor.py
[2026-08-12T05:05:41.192+0000] {processor.py:925} INFO - DAG(s) 'example_local_kubernetes_executor' retrieved from /home/airflow/.local/lib/python3.12/site-packages/airflow/example_dags/example_local_kubernetes_executor.py
[2026-08-12T05:05:41.230+0000] {logging_mixin.py:190} INFO - [2026-08-12T05:05:41.230+0000] {dag.py:3211} INFO - Sync 1 DAGs
[2026-08-12T05:05:41.248+0000] {logging_mixin.py:190} INFO - [2026-08-12T05:05:41.247+0000] {dag.py:4138} INFO - Setting next_dagrun for example_local_kubernetes_executor to None, run_after=None
[2026-08-12T05:05:41.270+0000] {processor.py:208} INFO - Processing /home/airflow/.local/lib/python3.12/site-packages/airflow/example_dags/example_local_kubernetes_executor.py took 0.098 seconds
[2026-08-12T05:06:11.699+0000] {processor.py:186} INFO - Started process (PID=4166) to work on /home/airflow/.local/lib/python3.12/site-packages/airflow/example_dags/example_local_kubernetes_executor.py
[2026-08-12T05:06:11.701+0000] {processor.py:914} INFO - Processing file /home/airflow/.local/lib/python3.12/site-packages/airflow/example_dags/example_local_kubernetes_executor.py for tasks to queue
[2026-08-12T05:06:11.704+0000] {logging_mixin.py:190} INFO - [2026-08-12T05:06:11.704+0000] {dagbag.py:587} INFO - Filling up the DagBag from /home/airflow/.local/lib/python3.12/site-packages/airflow/example_dags/example_local_kubernetes_executor.py
[2026-08-12T05:06:11.716+0000] {processor.py:925} INFO - DAG(s) 'example_local_kubernetes_executor' retrieved from /home/airflow/.local/lib/python3.12/site-packages/airflow/example_dags/example_local_kubernetes_executor.py
[2026-08-12T05:06:11.751+0000] {logging_mixin.py:190} INFO - [2026-08-12T05:06:11.751+0000] {dag.py:3211} INFO - Sync 1 DAGs
[2026-08-12T05:06:11.766+0000] {logging_mixin.py:190} INFO - [2026-08-12T05:06:11.765+0000] {dag.py:4138} INFO - Setting next_dagrun for example_local_kubernetes_executor to None, run_after=None
[2026-08-12T05:06:11.789+0000] {processor.py:208} INFO - Processing /home/airflow/.local/lib/python3.12/site-packages/airflow/example_dags/example_local_kubernetes_executor.py took 0.097 seconds
[2026-08-12T05:06:41.934+0000] {processor.py:186} INFO - Started process (PID=4229) to work on /home/airflow/.local/lib/python3.12/site-packages/airflow/example_dags/example_local_kubernetes_executor.py
[2026-08-12T05:06:41.936+0000] {processor.py:914} INFO - Processing file /home/airflow/.local/lib/python3.12/site-packages/airflow/example_dags/example_local_kubernetes_executor.py for tasks to queue
[2026-08-12T05:06:41.938+0000] {logging_mixin.py:190} INFO - [2026-08-12T05:06:41.938+0000] {dagbag.py:587} INFO - Filling up the DagBag from /home/airflow/.local/lib/python3.12/site-packages/airflow/example_dags/example_local_kubernetes_executor.py
[2026-08-12T05:06:41.947+0000] {processor.py:925} INFO - DAG(s) 'example_local_kubernetes_executor' retrieved from /home/airflow/.local/lib/python3.12/site-packages/airflow/example_dags/example_local_kubernetes_executor.py
[2026-08-12T05:06:41.982+0000] {logging_mixin.py:190} INFO - [2026-08-12T05:06:41.981+0000] {dag.py:3211} INFO - Sync 1 DAGs
[2026-08-12T05:06:41.999+0000] {logging_mixin.py:190} INFO - [2026-08-12T05:06:41.999+0000] {dag.py:4138} INFO - Setting next_dagrun for example_local_kubernetes_executor to None, run_after=None
[2026-08-12T05:06:42.020+0000] {processor.py:208} INFO - Processing /home/airflow/.local/lib/python3.12/site-packages/airflow/example_dags/example_local_kubernetes_executor.py took 0.092 seconds
[2026-08-12T05:07:12.941+0000] {processor.py:186} INFO - Started process (PID=4292) to work on /home/airflow/.local/lib/python3.12/site-packages/airflow/example_dags/example_local_kubernetes_executor.py
[2026-08-12T05:07:12.943+0000] {processor.py:914} INFO - Processing file /home/airflow/.local/lib/python3.12/site-packages/airflow/example_dags/example_local_kubernetes_executor.py for tasks to queue
[2026-08-12T05:07:12.947+0000] {logging_mixin.py:190} INFO - [2026-08-12T05:07:12.947+0000] {dagbag.py:587} INFO - Filling up the DagBag from /home/airflow/.local/lib/python3.12/site-packages/airflow/example_dags/example_local_kubernetes_executor.py
[2026-08-12T05:07:12.962+0000] {processor.py:925} INFO - DAG(s) 'example_local_kubernetes_executor' retrieved from /home/airflow/.local/lib/python3.12/site-packages/airflow/example_dags/example_local_kubernetes_executor.py
[2026-08-12T05:07:13.006+0000] {logging_mixin.py:190} INFO - [2026-08-12T05:07:13.005+0000] {dag.py:3211} INFO - Sync 1 DAGs
[2026-08-12T05:07:13.026+0000] {logging_mixin.py:190} INFO - [2026-08-12T05:07:13.025+0000] {dag.py:4138} INFO - Setting next_dagrun for example_local_kubernetes_executor to None, run_after=None
[2026-08-12T05:07:13.048+0000] {processor.py:208} INFO - Processing /home/airflow/.local/lib/python3.12/site-packages/airflow/example_dags/example_local_kubernetes_executor.py took 0.123 seconds
[2026-08-12T05:07:43.305+0000] {processor.py:186} INFO - Started process (PID=4355) to work on /home/airflow/.local/lib/python3.12/site-packages/airflow/example_dags/example_local_kubernetes_executor.py
[2026-08-12T05:07:43.307+0000] {processor.py:914} INFO - Processing file /home/airflow/.local/lib/python3.12/site-packages/airflow/example_dags/example_local_kubernetes_executor.py for tasks to queue
[2026-08-12T05:07:43.312+0000] {logging_mixin.py:190} INFO - [2026-08-12T05:07:43.312+0000] {dagbag.py:587} INFO - Filling up the DagBag from /home/airflow/.local/lib/python3.12/site-packages/airflow/example_dags/example_local_kubernetes_executor.py
[2026-08-12T05:07:43.332+0000] {processor.py:925} INFO - DAG(s) 'example_local_kubernetes_executor' retrieved from /home/airflow/.local/lib/python3.12/site-packages/airflow/example_dags/example_local_kubernetes_executor.py
[2026-08-12T05:07:43.375+0000] {logging_mixin.py:190} INFO - [2026-08-12T05:07:43.375+0000] {dag.py:3211} INFO - Sync 1 DAGs
[2026-08-12T05:07:43.400+0000] {logging_mixin.py:190} INFO - [2026-08-12T05:07:43.400+0000] {dag.py:4138} INFO - Setting next_dagrun for example_local_kubernetes_executor to None, run_after=None
[2026-08-12T05:07:43.425+0000] {processor.py:208} INFO - Processing /home/airflow/.local/lib/python3.12/site-packages/airflow/example_dags/example_local_kubernetes_executor.py took 0.128 seconds
[2026-08-12T05:08:14.406+0000] {processor.py:186} INFO - Started process (PID=4418) to work on /home/airflow/.local/lib/python3.12/site-packages/airflow/example_dags/example_local_kubernetes_executor.py
[2026-08-12T05:08:14.407+0000] {processor.py:914} INFO - Processing file /home/airflow/.local/lib/python3.12/site-packages/airflow/example_dags/example_local_kubernetes_executor.py for tasks to queue
[2026-08-12T05:08:14.410+0000] {logging_mixin.py:190} INFO - [2026-08-12T05:08:14.410+0000] {dagbag.py:587} INFO - Filling up the DagBag from /home/airflow/.local/lib/python3.12/site-packages/airflow/example_dags/example_local_kubernetes_executor.py
[2026-08-12T05:08:14.419+0000] {processor.py:925} INFO - DAG(s) 'example_local_kubernetes_executor' retrieved from /home/airflow/.local/lib/python3.12/site-packages/airflow/example_dags/example_local_kubernetes_executor.py
[2026-08-12T05:08:14.461+0000] {logging_mixin.py:190} INFO - [2026-08-12T05:08:14.461+0000] {dag.py:3211} INFO - Sync 1 DAGs
[2026-08-12T05:08:14.479+0000] {logging_mixin.py:190} INFO - [2026-08-12T05:08:14.479+0000] {dag.py:4138} INFO - Setting next_dagrun for example_local_kubernetes_executor to None, run_after=None
[2026-08-12T05:08:14.506+0000] {processor.py:208} INFO - Processing /home/airflow/.local/lib/python3.12/site-packages/airflow/example_dags/example_local_kubernetes_executor.py took 0.105 seconds
[2026-08-12T05:08:45.069+0000] {processor.py:186} INFO - Started process (PID=4481) to work on /home/airflow/.local/lib/python3.12/site-packages/airflow/example_dags/example_local_kubernetes_executor.py
[2026-08-12T05:08:45.070+0000] {processor.py:914} INFO - Processing file /home/airflow/.local/lib/python3.12/site-packages/airflow/example_dags/example_local_kubernetes_executor.py for tasks to queue
[2026-08-12T05:08:45.073+0000] {logging_mixin.py:190} INFO - [2026-08-12T05:08:45.073+0000] {dagbag.py:587} INFO - Filling up the DagBag from /home/airflow/.local/lib/python3.12/site-packages/airflow/example_dags/example_local_kubernetes_executor.py
[2026-08-12T05:08:45.083+0000] {processor.py:925} INFO - DAG(s) 'example_local_kubernetes_executor' retrieved from /home/airflow/.local/lib/python3.12/site-packages/airflow/example_dags/example_local_kubernetes_executor.py
[2026-08-12T05:08:45.117+0000] {logging_mixin.py:190} INFO - [2026-08-12T05:08:45.117+0000] {dag.py:3211} INFO - Sync 1 DAGs
[2026-08-12T05:08:45.131+0000] {logging_mixin.py:190} INFO - [2026-08-12T05:08:45.131+0000] {dag.py:4138} INFO - Setting next_dagrun for example_local_kubernetes_executor to None, run_after=None
[2026-08-12T05:08:45.152+0000] {processor.py:208} INFO - Processing /home/airflow/.local/lib/python3.12/site-packages/airflow/example_dags/example_local_kubernetes_executor.py took 0.089 seconds
[2026-08-12T05:09:15.252+0000] {processor.py:186} INFO - Started process (PID=4544) to work on /home/airflow/.local/lib/python3.12/site-packages/airflow/example_dags/example_local_kubernetes_executor.py
[2026-08-12T05:09:15.254+0000] {processor.py:914} INFO - Processing file /home/airflow/.local/lib/python3.12/site-packages/airflow/example_dags/example_local_kubernetes_executor.py for tasks to queue
[2026-08-12T05:09:15.257+0000] {logging_mixin.py:190} INFO - [2026-08-12T05:09:15.256+0000] {dagbag.py:587} INFO - Filling up the DagBag from /home/airflow/.local/lib/python3.12/site-packages/airflow/example_dags/example_local_kubernetes_executor.py
[2026-08-12T05:09:15.268+0000] {processor.py:925} INFO - DAG(s) 'example_local_kubernetes_executor' retrieved from /home/airflow/.local/lib/python3.12/site-packages/airflow/example_dags/example_local_kubernetes_executor.py
[2026-08-12T05:09:15.302+0000] {logging_mixin.py:190} INFO - [2026-08-12T05:09:15.302+0000] {dag.py:3211} INFO - Sync 1 DAGs
[2026-08-12T05:09:15.316+0000] {logging_mixin.py:190} INFO - [2026-08-12T05:09:15.316+0000] {dag.py:4138} INFO - Setting next_dagrun for example_local_kubernetes_executor to None, run_after=None
[2026-08-12T05:09:15.336+0000] {processor.py:208} INFO - Processing /home/airflow/.local/lib/python3.12/site-packages/airflow/example_dags/example_local_kubernetes_executor.py took 0.091 seconds
[2026-08-12T05:09:46.085+0000] {processor.py:186} INFO - Started process (PID=4607) to work on /home/airflow/.local/lib/python3.12/site-packages/airflow/example_dags/example_local_kubernetes_executor.py
[2026-08-12T05:09:46.086+0000] {processor.py:914} INFO - Processing file /home/airflow/.local/lib/python3.12/site-packages/airflow/example_dags/example_local_kubernetes_executor.py for tasks to queue
[2026-08-12T05:09:46.090+0000] {logging_mixin.py:190} INFO - [2026-08-12T05:09:46.089+0000] {dagbag.py:587} INFO - Filling up the DagBag from /home/airflow/.local/lib/python3.12/site-packages/airflow/example_dags/example_local_kubernetes_executor.py
[2026-08-12T05:09:46.104+0000] {processor.py:925} INFO - DAG(s) 'example_local_kubernetes_executor' retrieved from /home/airflow/.local/lib/python3.12/site-packages/airflow/example_dags/example_local_kubernetes_executor.py
[2026-08-12T05:09:46.139+0000] {logging_mixin.py:190} INFO - [2026-08-12T05:09:46.139+0000] {dag.py:3211} INFO - Sync 1 DAGs
[2026-08-12T05:09:46.154+0000] {logging_mixin.py:190} INFO - [2026-08-12T05:09:46.154+0000] {dag.py:4138} INFO - Setting next_dagrun for example_local_kubernetes_executor to None, run_after=None
[2026-08-12T05:09:46.175+0000] {processor.py:208} INFO - Processing /home/airflow/.local/lib/python3.12/site-packages/airflow/example_dags/example_local_kubernetes_executor.py took 0.099 seconds
[2026-08-12T05:10:16.851+0000] {processor.py:186} INFO - Started process (PID=4670) to work on /home/airflow/.local/lib/python3.12/site-packages/airflow/example_dags/example_local_kubernetes_executor.py
[2026-08-12T05:10:16.853+0000] {processor.py:914} INFO - Processing file /home/airflow/.local/lib/python3.12/site-packages/airflow/example_dags/example_local_kubernetes_executor.py for tasks to queue
[2026-08-12T05:10:16.857+0000] {logging_mixin.py:190} INFO - [2026-08-12T05:10:16.857+0000] {dagbag.py:587} INFO - Filling up the DagBag from /home/airflow/.local/lib/python3.12/site-packages/airflow/example_dags/example_local_kubernetes_executor.py
[2026-08-12T05:10:16.872+0000] {processor.py:925} INFO - DAG(s) 'example_local_kubernetes_executor' retrieved from /home/airflow/.local/lib/python3.12/site-packages/airflow/example_dags/example_local_kubernetes_executor.py
[2026-08-12T05:10:16.908+0000] {logging_mixin.py:190} INFO - [2026-08-12T05:10:16.908+0000] {dag.py:3211} INFO - Sync 1 DAGs
[2026-08-12T05:10:16.923+0000] {logging_mixin.py:190} INFO - [2026-08-12T05:10:16.923+0000] {dag.py:4138} INFO - Setting next_dagrun for example_local_kubernetes_executor to None, run_after=None
[2026-08-12T05:10:16.943+0000] {processor.py:208} INFO - Processing /home/airflow/.local/lib/python3.12/site-packages/airflow/example_dags/example_local_kubernetes_executor.py took 0.102 seconds
[2026-08-12T05:10:47.242+0000] {processor.py:186} INFO - Started process (PID=4733) to work on /home/airflow/.local/lib/python3.12/site-packages/airflow/example_dags/example_local_kubernetes_executor.py
[2026-08-12T05:10:47.244+0000] {processor.py:914} INFO - Processing file /home/airflow/.local/lib/python3.12/site-packages/airflow/example_dags/example_local_kubernetes_executor.py for tasks to queue
[2026-08-12T05:10:47.248+0000] {logging_mixin.py:190} INFO - [2026-08-12T05:10:47.247+0000] {dagbag.py:587} INFO - Filling up the DagBag from /home/airflow/.local/lib/python3.12/site-packages/airflow/example_dags/example_local_kubernetes_executor.py
[2026-08-12T05:10:47.265+0000] {processor.py:925} INFO - DAG(s) 'example_local_kubernetes_executor' retrieved from /home/airflow/.local/lib/python3.12/site-packages/airflow/example_dags/example_local_kubernetes_executor.py
[2026-08-12T05:10:47.320+0000] {logging_mixin.py:190} INFO - [2026-08-12T05:10:47.320+0000] {dag.py:3211} INFO - Sync 1 DAGs
[2026-08-12T05:10:47.344+0000] {logging_mixin.py:190} INFO - [2026-08-12T05:10:47.344+0000] {dag.py:4138} INFO - Setting next_dagrun for example_local_kubernetes_executor to None, run_after=None
[2026-08-12T05:10:47.374+0000] {processor.py:208} INFO - Processing /home/airflow/.local/lib/python3.12/site-packages/airflow/example_dags/example_local_kubernetes_executor.py took 0.141 seconds
[2026-08-12T05:11:17.715+0000] {processor.py:186} INFO - Started process (PID=4796) to work on /home/airflow/.local/lib/python3.12/site-packages/airflow/example_dags/example_local_kubernetes_executor.py
[2026-08-12T05:11:17.717+0000] {processor.py:914} INFO - Processing file /home/airflow/.local/lib/python3.12/site-packages/airflow/example_dags/example_local_kubernetes_executor.py for tasks to queue
[2026-08-12T05:11:17.720+0000] {logging_mixin.py:190} INFO - [2026-08-12T05:11:17.720+0000] {dagbag.py:587} INFO - Filling up the DagBag from /home/airflow/.local/lib/python3.12/site-packages/airflow/example_dags/example_local_kubernetes_executor.py
[2026-08-12T05:11:17.732+0000] {processor.py:925} INFO - DAG(s) 'example_local_kubernetes_executor' retrieved from /home/airflow/.local/lib/python3.12/site-packages/airflow/example_dags/example_local_kubernetes_executor.py
[2026-08-12T05:11:17.772+0000] {logging_mixin.py:190} INFO - [2026-08-12T05:11:17.772+0000] {dag.py:3211} INFO - Sync 1 DAGs
[2026-08-12T05:11:17.785+0000] {logging_mixin.py:190} INFO - [2026-08-12T05:11:17.784+0000] {dag.py:4138} INFO - Setting next_dagrun for example_local_kubernetes_executor to None, run_after=None
[2026-08-12T05:11:17.807+0000] {processor.py:208} INFO - Processing /home/airflow/.local/lib/python3.12/site-packages/airflow/example_dags/example_local_kubernetes_executor.py took 0.099 seconds
[2026-08-12T05:11:48.237+0000] {processor.py:186} INFO - Started process (PID=4859) to work on /home/airflow/.local/lib/python3.12/site-packages/airflow/example_dags/example_local_kubernetes_executor.py
[2026-08-12T05:11:48.238+0000] {processor.py:914} INFO - Processing file /home/airflow/.local/lib/python3.12/site-packages/airflow/example_dags/example_local_kubernetes_executor.py for tasks to queue
[2026-08-12T05:11:48.241+0000] {logging_mixin.py:190} INFO - [2026-08-12T05:11:48.241+0000] {dagbag.py:587} INFO - Filling up the DagBag from /home/airflow/.local/lib/python3.12/site-packages/airflow/example_dags/example_local_kubernetes_executor.py
[2026-08-12T05:11:48.255+0000] {processor.py:925} INFO - DAG(s) 'example_local_kubernetes_executor' retrieved from /home/airflow/.local/lib/python3.12/site-packages/airflow/example_dags/example_local_kubernetes_executor.py
[2026-08-12T05:11:48.339+0000] {logging_mixin.py:190} INFO - [2026-08-12T05:11:48.338+0000] {dag.py:3211} INFO - Sync 1 DAGs
[2026-08-12T05:11:48.355+0000] {logging_mixin.py:190} INFO - [2026-08-12T05:11:48.355+0000] {dag.py:4138} INFO - Setting next_dagrun for example_local_kubernetes_executor to None, run_after=None
[2026-08-12T05:11:48.375+0000] {processor.py:208} INFO - Processing /home/airflow/.local/lib/python3.12/site-packages/airflow/example_dags/example_local_kubernetes_executor.py took 0.145 seconds
[2026-08-12T05:12:18.989+0000] {processor.py:186} INFO - Started process (PID=4922) to work on /home/airflow/.local/lib/python3.12/site-packages/airflow/example_dags/example_local_kubernetes_executor.py
[2026-08-12T05:12:18.991+0000] {processor.py:914} INFO - Processing file /home/airflow/.local/lib/python3.12/site-packages/airflow/example_dags/example_local_kubernetes_executor.py for tasks to queue
[2026-08-12T05:12:18.994+0000] {logging_mixin.py:190} INFO - [2026-08-12T05:12:18.994+0000] {dagbag.py:587} INFO - Filling up the DagBag from /home/airflow/.local/lib/python3.12/site-packages/airflow/example_dags/example_local_kubernetes_executor.py
[2026-08-12T05:12:19.007+0000] {processor.py:925} INFO - DAG(s) 'example_local_kubernetes_executor' retrieved from /home/airflow/.local/lib/python3.12/site-packages/airflow/example_dags/example_local_kubernetes_executor.py
[2026-08-12T05:12:19.044+0000] {logging_mixin.py:190} INFO - [2026-08-12T05:12:19.043+0000] {dag.py:3211} INFO - Sync 1 DAGs
[2026-08-12T05:12:19.057+0000] {logging_mixin.py:190} INFO - [2026-08-12T05:12:19.057+0000] {dag.py:4138} INFO - Setting next_dagrun for example_local_kubernetes_executor to None, run_after=None
[2026-08-12T05:12:19.078+0000] {processor.py:208} INFO - Processing /home/airflow/.local/lib/python3.12/site-packages/airflow/example_dags/example_local_kubernetes_executor.py took 0.095 seconds
[2026-08-12T05:12:49.483+0000] {processor.py:186} INFO - Started process (PID=4985) to work on /home/airflow/.local/lib/python3.12/site-packages/airflow/example_dags/example_local_kubernetes_executor.py
[2026-08-12T05:12:49.485+0000] {processor.py:914} INFO - Processing file /home/airflow/.local/lib/python3.12/site-packages/airflow/example_dags/example_local_kubernetes_executor.py for tasks to queue
[2026-08-12T05:12:49.488+0000] {logging_mixin.py:190} INFO - [2026-08-12T05:12:49.488+0000] {dagbag.py:587} INFO - Filling up the DagBag from /home/airflow/.local/lib/python3.12/site-packages/airflow/example_dags/example_local_kubernetes_executor.py
[2026-08-12T05:12:49.499+0000] {processor.py:925} INFO - DAG(s) 'example_local_kubernetes_executor' retrieved from /home/airflow/.local/lib/python3.12/site-packages/airflow/example_dags/example_local_kubernetes_executor.py
[2026-08-12T05:12:49.531+0000] {logging_mixin.py:190} INFO - [2026-08-12T05:12:49.531+0000] {dag.py:3211} INFO - Sync 1 DAGs
[2026-08-12T05:12:49.545+0000] {logging_mixin.py:190} INFO - [2026-08-12T05:12:49.545+0000] {dag.py:4138} INFO - Setting next_dagrun for example_local_kubernetes_executor to None, run_after=None
[2026-08-12T05:12:49.564+0000] {processor.py:208} INFO - Processing /home/airflow/.local/lib/python3.12/site-packages/airflow/example_dags/example_local_kubernetes_executor.py took 0.087 seconds
[2026-08-12T05:13:19.956+0000] {processor.py:186} INFO - Started process (PID=5048) to work on /home/airflow/.local/lib/python3.12/site-packages/airflow/example_dags/example_local_kubernetes_executor.py
[2026-08-12T05:13:19.958+0000] {processor.py:914} INFO - Processing file /home/airflow/.local/lib/python3.12/site-packages/airflow/example_dags/example_local_kubernetes_executor.py for tasks to queue
[2026-08-12T05:13:19.960+0000] {logging_mixin.py:190} INFO - [2026-08-12T05:13:19.960+0000] {dagbag.py:587} INFO - Filling up the DagBag from /home/airflow/.local/lib/python3.12/site-packages/airflow/example_dags/example_local_kubernetes_executor.py
[2026-08-12T05:13:19.971+0000] {processor.py:925} INFO - DAG(s) 'example_local_kubernetes_executor' retrieved from /home/airflow/.local/lib/python3.12/site-packages/airflow/example_dags/example_local_kubernetes_executor.py
[2026-08-12T05:13:20.006+0000] {logging_mixin.py:190} INFO - [2026-08-12T05:13:20.006+0000] {dag.py:3211} INFO - Sync 1 DAGs
[2026-08-12T05:13:20.021+0000] {logging_mixin.py:190} INFO - [2026-08-12T05:13:20.021+0000] {dag.py:4138} INFO - Setting next_dagrun for example_local_kubernetes_executor to None, run_after=None
[2026-08-12T05:13:20.048+0000] {processor.py:208} INFO - Processing /home/airflow/.local/lib/python3.12/site-packages/airflow/example_dags/example_local_kubernetes_executor.py took 0.099 seconds
[2026-08-12T05:13:50.429+0000] {processor.py:186} INFO - Started process (PID=5111) to work on /home/airflow/.local/lib/python3.12/site-packages/airflow/example_dags/example_local_kubernetes_executor.py
[2026-08-12T05:13:50.431+0000] {processor.py:914} INFO - Processing file /home/airflow/.local/lib/python3.12/site-packages/airflow/example_dags/example_local_kubernetes_executor.py for tasks to queue
[2026-08-12T05:13:50.436+0000] {logging_mixin.py:190} INFO - [2026-08-12T05:13:50.435+0000] {dagbag.py:587} INFO - Filling up the DagBag from /home/airflow/.local/lib/python3.12/site-packages/airflow/example_dags/example_local_kubernetes_executor.py
[2026-08-12T05:13:50.454+0000] {processor.py:925} INFO - DAG(s) 'example_local_kubernetes_executor' retrieved from /home/airflow/.local/lib/python3.12/site-packages/airflow/example_dags/example_local_kubernetes_executor.py
[2026-08-12T05:13:50.508+0000] {logging_mixin.py:190} INFO - [2026-08-12T05:13:50.508+0000] {dag.py:3211} INFO - Sync 1 DAGs
[2026-08-12T05:13:50.535+0000] {logging_mixin.py:190} INFO - [2026-08-12T05:13:50.535+0000] {dag.py:4138} INFO - Setting next_dagrun for example_local_kubernetes_executor to None, run_after=None
[2026-08-12T05:13:50.560+0000] {processor.py:208} INFO - Processing /home/airflow/.local/lib/python3.12/site-packages/airflow/example_dags/example_local_kubernetes_executor.py took 0.139 seconds
[2026-08-12T05:14:20.964+0000] {processor.py:186} INFO - Started process (PID=5174) to work on /home/airflow/.local/lib/python3.12/site-packages/airflow/example_dags/example_local_kubernetes_executor.py
[2026-08-12T05:14:20.966+0000] {processor.py:914} INFO - Processing file /home/airflow/.local/lib/python3.12/site-packages/airflow/example_dags/example_local_kubernetes_executor.py for tasks to queue
[2026-08-12T05:14:20.968+0000] {logging_mixin.py:190} INFO - [2026-08-12T05:14:20.968+0000] {dagbag.py:587} INFO - Filling up the DagBag from /home/airflow/.local/lib/python3.12/site-packages/airflow/example_dags/example_local_kubernetes_executor.py
[2026-08-12T05:14:20.977+0000] {processor.py:925} INFO - DAG(s) 'example_local_kubernetes_executor' retrieved from /home/airflow/.local/lib/python3.12/site-packages/airflow/example_dags/example_local_kubernetes_executor.py
[2026-08-12T05:14:21.008+0000] {logging_mixin.py:190} INFO - [2026-08-12T05:14:21.008+0000] {dag.py:3211} INFO - Sync 1 DAGs
[2026-08-12T05:14:21.020+0000] {logging_mixin.py:190} INFO - [2026-08-12T05:14:21.020+0000] {dag.py:4138} INFO - Setting next_dagrun for example_local_kubernetes_executor to None, run_after=None
[2026-08-12T05:14:21.039+0000] {processor.py:208} INFO - Processing /home/airflow/.local/lib/python3.12/site-packages/airflow/example_dags/example_local_kubernetes_executor.py took 0.081 seconds
[2026-08-12T05:14:51.515+0000] {processor.py:186} INFO - Started process (PID=5237) to work on /home/airflow/.local/lib/python3.12/site-packages/airflow/example_dags/example_local_kubernetes_executor.py
[2026-08-12T05:14:51.516+0000] {processor.py:914} INFO - Processing file /home/airflow/.local/lib/python3.12/site-packages/airflow/example_dags/example_local_kubernetes_executor.py for tasks to queue
[2026-08-12T05:14:51.520+0000] {logging_mixin.py:190} INFO - [2026-08-12T05:14:51.519+0000] {dagbag.py:587} INFO - Filling up the DagBag from /home/airflow/.local/lib/python3.12/site-packages/airflow/example_dags/example_local_kubernetes_executor.py
[2026-08-12T05:14:51.530+0000] {processor.py:925} INFO - DAG(s) 'example_local_kubernetes_executor' retrieved from /home/airflow/.local/lib/python3.12/site-packages/airflow/example_dags/example_local_kubernetes_executor.py
[2026-08-12T05:14:51.562+0000] {logging_mixin.py:190} INFO - [2026-08-12T05:14:51.562+0000] {dag.py:3211} INFO - Sync 1 DAGs
[2026-08-12T05:14:51.576+0000] {logging_mixin.py:190} INFO - [2026-08-12T05:14:51.576+0000] {dag.py:4138} INFO - Setting next_dagrun for example_local_kubernetes_executor to None, run_after=None
[2026-08-12T05:14:51.596+0000] {processor.py:208} INFO - Processing /home/airflow/.local/lib/python3.12/site-packages/airflow/example_dags/example_local_kubernetes_executor.py took 0.087 seconds
[2026-08-12T05:15:22.213+0000] {processor.py:186} INFO - Started process (PID=5300) to work on /home/airflow/.local/lib/python3.12/site-packages/airflow/example_dags/example_local_kubernetes_executor.py
[2026-08-12T05:15:22.214+0000] {processor.py:914} INFO - Processing file /home/airflow/.local/lib/python3.12/site-packages/airflow/example_dags/example_local_kubernetes_executor.py for tasks to queue
[2026-08-12T05:15:22.217+0000] {logging_mixin.py:190} INFO - [2026-08-12T05:15:22.217+0000] {dagbag.py:587} INFO - Filling up the DagBag from /home/airflow/.local/lib/python3.12/site-packages/airflow/example_dags/example_local_kubernetes_executor.py
[2026-08-12T05:15:22.229+0000] {processor.py:925} INFO - DAG(s) 'example_local_kubernetes_executor' retrieved from /home/airflow/.local/lib/python3.12/site-packages/airflow/example_dags/example_local_kubernetes_executor.py
[2026-08-12T05:15:22.267+0000] {logging_mixin.py:190} INFO - [2026-08-12T05:15:22.267+0000] {dag.py:3211} INFO - Sync 1 DAGs
[2026-08-12T05:15:22.283+0000] {logging_mixin.py:190} INFO - [2026-08-12T05:15:22.282+0000] {dag.py:4138} INFO - Setting next_dagrun for example_local_kubernetes_executor to None, run_after=None
[2026-08-12T05:15:22.305+0000] {processor.py:208} INFO - Processing /home/airflow/.local/lib/python3.12/site-packages/airflow/example_dags/example_local_kubernetes_executor.py took 0.098 seconds
[2026-08-12T05:15:52.856+0000] {processor.py:186} INFO - Started process (PID=5363) to work on /home/airflow/.local/lib/python3.12/site-packages/airflow/example_dags/example_local_kubernetes_executor.py
[2026-08-12T05:15:52.858+0000] {processor.py:914} INFO - Processing file /home/airflow/.local/lib/python3.12/site-packages/airflow/example_dags/example_local_kubernetes_executor.py for tasks to queue
[2026-08-12T05:15:52.861+0000] {logging_mixin.py:190} INFO - [2026-08-12T05:15:52.861+0000] {dagbag.py:587} INFO - Filling up the DagBag from /home/airflow/.local/lib/python3.12/site-packages/airflow/example_dags/example_local_kubernetes_executor.py
[2026-08-12T05:15:52.873+0000] {processor.py:925} INFO - DAG(s) 'example_local_kubernetes_executor' retrieved from /home/airflow/.local/lib/python3.12/site-packages/airflow/example_dags/example_local_kubernetes_executor.py
[2026-08-12T05:15:52.907+0000] {logging_mixin.py:190} INFO - [2026-08-12T05:15:52.907+0000] {dag.py:3211} INFO - Sync 1 DAGs
[2026-08-12T05:15:52.922+0000] {logging_mixin.py:190} INFO - [2026-08-12T05:15:52.922+0000] {dag.py:4138} INFO - Setting next_dagrun for example_local_kubernetes_executor to None, run_after=None
[2026-08-12T05:15:52.941+0000] {processor.py:208} INFO - Processing /home/airflow/.local/lib/python3.12/site-packages/airflow/example_dags/example_local_kubernetes_executor.py took 0.091 seconds
[2026-08-12T05:16:23.350+0000] {processor.py:186} INFO - Started process (PID=5426) to work on /home/airflow/.local/lib/python3.12/site-packages/airflow/example_dags/example_local_kubernetes_executor.py
[2026-08-12T05:16:23.352+0000] {processor.py:914} INFO - Processing file /home/airflow/.local/lib/python3.12/site-packages/airflow/example_dags/example_local_kubernetes_executor.py for tasks to queue
[2026-08-12T05:16:23.354+0000] {logging_mixin.py:190} INFO - [2026-08-12T05:16:23.354+0000] {dagbag.py:587} INFO - Filling up the DagBag from /home/airflow/.local/lib/python3.12/site-packages/airflow/example_dags/example_local_kubernetes_executor.py
[2026-08-12T05:16:23.364+0000] {processor.py:925} INFO - DAG(s) 'example_local_kubernetes_executor' retrieved from /home/airflow/.local/lib/python3.12/site-packages/airflow/example_dags/example_local_kubernetes_executor.py
[2026-08-12T05:16:23.409+0000] {logging_mixin.py:190} INFO - [2026-08-12T05:16:23.409+0000] {dag.py:3211} INFO - Sync 1 DAGs
[2026-08-12T05:16:23.429+0000] {logging_mixin.py:190} INFO - [2026-08-12T05:16:23.429+0000] {dag.py:4138} INFO - Setting next_dagrun for example_local_kubernetes_executor to None, run_after=None
[2026-08-12T05:16:23.459+0000] {processor.py:208} INFO - Processing /home/airflow/.local/lib/python3.12/site-packages/airflow/example_dags/example_local_kubernetes_executor.py took 0.115 seconds
[2026-08-12T05:16:53.884+0000] {processor.py:186} INFO - Started process (PID=5489) to work on /home/airflow/.local/lib/python3.12/site-packages/airflow/example_dags/example_local_kubernetes_executor.py
[2026-08-12T05:16:53.886+0000] {processor.py:914} INFO - Processing file /home/airflow/.local/lib/python3.12/site-packages/airflow/example_dags/example_local_kubernetes_executor.py for tasks to queue
[2026-08-12T05:16:53.890+0000] {logging_mixin.py:190} INFO - [2026-08-12T05:16:53.889+0000] {dagbag.py:587} INFO - Filling up the DagBag from /home/airflow/.local/lib/python3.12/site-packages/airflow/example_dags/example_local_kubernetes_executor.py
[2026-08-12T05:16:53.901+0000] {processor.py:925} INFO - DAG(s) 'example_local_kubernetes_executor' retrieved from /home/airflow/.local/lib/python3.12/site-packages/airflow/example_dags/example_local_kubernetes_executor.py
[2026-08-12T05:16:53.937+0000] {logging_mixin.py:190} INFO - [2026-08-12T05:16:53.937+0000] {dag.py:3211} INFO - Sync 1 DAGs
[2026-08-12T05:16:53.952+0000] {logging_mixin.py:190} INFO - [2026-08-12T05:16:53.951+0000] {dag.py:4138} INFO - Setting next_dagrun for example_local_kubernetes_executor to None, run_after=None
[2026-08-12T05:16:53.973+0000] {processor.py:208} INFO - Processing /home/airflow/.local/lib/python3.12/site-packages/airflow/example_dags/example_local_kubernetes_executor.py took 0.095 seconds
[2026-08-12T05:17:24.413+0000] {processor.py:186} INFO - Started process (PID=5552) to work on /home/airflow/.local/lib/python3.12/site-packages/airflow/example_dags/example_local_kubernetes_executor.py
[2026-08-12T05:17:24.414+0000] {processor.py:914} INFO - Processing file /home/airflow/.local/lib/python3.12/site-packages/airflow/example_dags/example_local_kubernetes_executor.py for tasks to queue
[2026-08-12T05:17:24.417+0000] {logging_mixin.py:190} INFO - [2026-08-12T05:17:24.416+0000] {dagbag.py:587} INFO - Filling up the DagBag from /home/airflow/.local/lib/python3.12/site-packages/airflow/example_dags/example_local_kubernetes_executor.py
[2026-08-12T05:17:24.426+0000] {processor.py:925} INFO - DAG(s) 'example_local_kubernetes_executor' retrieved from /home/airflow/.local/lib/python3.12/site-packages/airflow/example_dags/example_local_kubernetes_executor.py
[2026-08-12T05:17:24.460+0000] {logging_mixin.py:190} INFO - [2026-08-12T05:17:24.460+0000] {dag.py:3211} INFO - Sync 1 DAGs
[2026-08-12T05:17:24.474+0000] {logging_mixin.py:190} INFO - [2026-08-12T05:17:24.474+0000] {dag.py:4138} INFO - Setting next_dagrun for example_local_kubernetes_executor to None, run_after=None
[2026-08-12T05:17:24.495+0000] {processor.py:208} INFO - Processing /home/airflow/.local/lib/python3.12/site-packages/airflow/example_dags/example_local_kubernetes_executor.py took 0.087 seconds
[2026-08-12T05:17:55.295+0000] {processor.py:186} INFO - Started process (PID=5615) to work on /home/airflow/.local/lib/python3.12/site-packages/airflow/example_dags/example_local_kubernetes_executor.py
[2026-08-12T05:17:55.297+0000] {processor.py:914} INFO - Processing file /home/airflow/.local/lib/python3.12/site-packages/airflow/example_dags/example_local_kubernetes_executor.py for tasks to queue
[2026-08-12T05:17:55.300+0000] {logging_mixin.py:190} INFO - [2026-08-12T05:17:55.300+0000] {dagbag.py:587} INFO - Filling up the DagBag from /home/airflow/.local/lib/python3.12/site-packages/airflow/example_dags/example_local_kubernetes_executor.py
[2026-08-12T05:17:55.313+0000] {processor.py:925} INFO - DAG(s) 'example_local_kubernetes_executor' retrieved from /home/airflow/.local/lib/python3.12/site-packages/airflow/example_dags/example_local_kubernetes_executor.py
[2026-08-12T05:17:55.357+0000] {logging_mixin.py:190} INFO - [2026-08-12T05:17:55.357+0000] {dag.py:3211} INFO - Sync 1 DAGs
[2026-08-12T05:17:55.378+0000] {logging_mixin.py:190} INFO - [2026-08-12T05:17:55.377+0000] {dag.py:4138} INFO - Setting next_dagrun for example_local_kubernetes_executor to None, run_after=None
[2026-08-12T05:17:55.418+0000] {processor.py:208} INFO - Processing /home/airflow/.local/lib/python3.12/site-packages/airflow/example_dags/example_local_kubernetes_executor.py took 0.133 seconds
[2026-08-12T05:18:26.317+0000] {processor.py:186} INFO - Started process (PID=5678) to work on /home/airflow/.local/lib/python3.12/site-packages/airflow/example_dags/example_local_kubernetes_executor.py
[2026-08-12T05:18:26.319+0000] {processor.py:914} INFO - Processing file /home/airflow/.local/lib/python3.12/site-packages/airflow/example_dags/example_local_kubernetes_executor.py for tasks to queue
[2026-08-12T05:18:26.323+0000] {logging_mixin.py:190} INFO - [2026-08-12T05:18:26.323+0000] {dagbag.py:587} INFO - Filling up the DagBag from /home/airflow/.local/lib/python3.12/site-packages/airflow/example_dags/example_local_kubernetes_executor.py
[2026-08-12T05:18:26.337+0000] {processor.py:925} INFO - DAG(s) 'example_local_kubernetes_executor' retrieved from /home/airflow/.local/lib/python3.12/site-packages/airflow/example_dags/example_local_kubernetes_executor.py
[2026-08-12T05:18:26.376+0000] {logging_mixin.py:190} INFO - [2026-08-12T05:18:26.376+0000] {dag.py:3211} INFO - Sync 1 DAGs
[2026-08-12T05:18:26.394+0000] {logging_mixin.py:190} INFO - [2026-08-12T05:18:26.394+0000] {dag.py:4138} INFO - Setting next_dagrun for example_local_kubernetes_executor to None, run_after=None
[2026-08-12T05:18:26.415+0000] {processor.py:208} INFO - Processing /home/airflow/.local/lib/python3.12/site-packages/airflow/example_dags/example_local_kubernetes_executor.py took 0.105 seconds
[2026-08-12T05:19:03.469+0000] {processor.py:186} INFO - Started process (PID=5741) to work on /home/airflow/.local/lib/python3.12/site-packages/airflow/example_dags/example_local_kubernetes_executor.py
[2026-08-12T05:19:03.481+0000] {processor.py:914} INFO - Processing file /home/airflow/.local/lib/python3.12/site-packages/airflow/example_dags/example_local_kubernetes_executor.py for tasks to queue
[2026-08-12T05:19:03.499+0000] {logging_mixin.py:190} INFO - [2026-08-12T05:19:03.498+0000] {dagbag.py:587} INFO - Filling up the DagBag from /home/airflow/.local/lib/python3.12/site-packages/airflow/example_dags/example_local_kubernetes_executor.py
[2026-08-12T05:19:03.604+0000] {processor.py:925} INFO - DAG(s) 'example_local_kubernetes_executor' retrieved from /home/airflow/.local/lib/python3.12/site-packages/airflow/example_dags/example_local_kubernetes_executor.py
[2026-08-12T05:19:03.813+0000] {logging_mixin.py:190} INFO - [2026-08-12T05:19:03.812+0000] {dag.py:3211} INFO - Sync 1 DAGs
[2026-08-12T05:19:03.914+0000] {logging_mixin.py:190} INFO - [2026-08-12T05:19:03.913+0000] {dag.py:4138} INFO - Setting next_dagrun for example_local_kubernetes_executor to None, run_after=None
[2026-08-12T05:19:04.022+0000] {processor.py:208} INFO - Processing /home/airflow/.local/lib/python3.12/site-packages/airflow/example_dags/example_local_kubernetes_executor.py took 0.576 seconds
[2026-08-12T05:19:34.320+0000] {processor.py:186} INFO - Started process (PID=5805) to work on /home/airflow/.local/lib/python3.12/site-packages/airflow/example_dags/example_local_kubernetes_executor.py
[2026-08-12T05:19:34.324+0000] {processor.py:914} INFO - Processing file /home/airflow/.local/lib/python3.12/site-packages/airflow/example_dags/example_local_kubernetes_executor.py for tasks to queue
[2026-08-12T05:19:34.333+0000] {logging_mixin.py:190} INFO - [2026-08-12T05:19:34.332+0000] {dagbag.py:587} INFO - Filling up the DagBag from /home/airflow/.local/lib/python3.12/site-packages/airflow/example_dags/example_local_kubernetes_executor.py
[2026-08-12T05:19:34.361+0000] {processor.py:925} INFO - DAG(s) 'example_local_kubernetes_executor' retrieved from /home/airflow/.local/lib/python3.12/site-packages/airflow/example_dags/example_local_kubernetes_executor.py
[2026-08-12T05:19:34.427+0000] {logging_mixin.py:190} INFO - [2026-08-12T05:19:34.426+0000] {dag.py:3211} INFO - Sync 1 DAGs
[2026-08-12T05:19:34.455+0000] {logging_mixin.py:190} INFO - [2026-08-12T05:19:34.455+0000] {dag.py:4138} INFO - Setting next_dagrun for example_local_kubernetes_executor to None, run_after=None
[2026-08-12T05:19:34.490+0000] {processor.py:208} INFO - Processing /home/airflow/.local/lib/python3.12/site-packages/airflow/example_dags/example_local_kubernetes_executor.py took 0.187 seconds
[2026-08-12T05:20:04.908+0000] {processor.py:186} INFO - Started process (PID=5868) to work on /home/airflow/.local/lib/python3.12/site-packages/airflow/example_dags/example_local_kubernetes_executor.py
[2026-08-12T05:20:04.911+0000] {processor.py:914} INFO - Processing file /home/airflow/.local/lib/python3.12/site-packages/airflow/example_dags/example_local_kubernetes_executor.py for tasks to queue
[2026-08-12T05:20:04.918+0000] {logging_mixin.py:190} INFO - [2026-08-12T05:20:04.917+0000] {dagbag.py:587} INFO - Filling up the DagBag from /home/airflow/.local/lib/python3.12/site-packages/airflow/example_dags/example_local_kubernetes_executor.py
[2026-08-12T05:20:04.940+0000] {processor.py:925} INFO - DAG(s) 'example_local_kubernetes_executor' retrieved from /home/airflow/.local/lib/python3.12/site-packages/airflow/example_dags/example_local_kubernetes_executor.py
[2026-08-12T05:20:05.029+0000] {logging_mixin.py:190} INFO - [2026-08-12T05:20:05.028+0000] {dag.py:3211} INFO - Sync 1 DAGs
[2026-08-12T05:20:05.080+0000] {logging_mixin.py:190} INFO - [2026-08-12T05:20:05.079+0000] {dag.py:4138} INFO - Setting next_dagrun for example_local_kubernetes_executor to None, run_after=None
[2026-08-12T05:20:05.188+0000] {processor.py:208} INFO - Processing /home/airflow/.local/lib/python3.12/site-packages/airflow/example_dags/example_local_kubernetes_executor.py took 0.296 seconds
[2026-08-12T05:20:37.025+0000] {processor.py:186} INFO - Started process (PID=5937) to work on /home/airflow/.local/lib/python3.12/site-packages/airflow/example_dags/example_local_kubernetes_executor.py
[2026-08-12T05:20:37.030+0000] {processor.py:914} INFO - Processing file /home/airflow/.local/lib/python3.12/site-packages/airflow/example_dags/example_local_kubernetes_executor.py for tasks to queue
[2026-08-12T05:20:37.044+0000] {logging_mixin.py:190} INFO - [2026-08-12T05:20:37.039+0000] {dagbag.py:587} INFO - Filling up the DagBag from /home/airflow/.local/lib/python3.12/site-packages/airflow/example_dags/example_local_kubernetes_executor.py
[2026-08-12T05:20:37.088+0000] {processor.py:925} INFO - DAG(s) 'example_local_kubernetes_executor' retrieved from /home/airflow/.local/lib/python3.12/site-packages/airflow/example_dags/example_local_kubernetes_executor.py
[2026-08-12T05:20:37.241+0000] {logging_mixin.py:190} INFO - [2026-08-12T05:20:37.230+0000] {dag.py:3211} INFO - Sync 1 DAGs
[2026-08-12T05:20:37.353+0000] {logging_mixin.py:190} INFO - [2026-08-12T05:20:37.353+0000] {dag.py:4138} INFO - Setting next_dagrun for example_local_kubernetes_executor to None, run_after=None
[2026-08-12T05:20:37.448+0000] {processor.py:208} INFO - Processing /home/airflow/.local/lib/python3.12/site-packages/airflow/example_dags/example_local_kubernetes_executor.py took 0.457 seconds
[2026-08-12T05:21:07.610+0000] {processor.py:186} INFO - Started process (PID=6001) to work on /home/airflow/.local/lib/python3.12/site-packages/airflow/example_dags/example_local_kubernetes_executor.py
[2026-08-12T05:21:07.612+0000] {processor.py:914} INFO - Processing file /home/airflow/.local/lib/python3.12/site-packages/airflow/example_dags/example_local_kubernetes_executor.py for tasks to queue
[2026-08-12T05:21:07.616+0000] {logging_mixin.py:190} INFO - [2026-08-12T05:21:07.616+0000] {dagbag.py:587} INFO - Filling up the DagBag from /home/airflow/.local/lib/python3.12/site-packages/airflow/example_dags/example_local_kubernetes_executor.py
[2026-08-12T05:21:07.630+0000] {processor.py:925} INFO - DAG(s) 'example_local_kubernetes_executor' retrieved from /home/airflow/.local/lib/python3.12/site-packages/airflow/example_dags/example_local_kubernetes_executor.py
[2026-08-12T05:21:07.671+0000] {logging_mixin.py:190} INFO - [2026-08-12T05:21:07.671+0000] {dag.py:3211} INFO - Sync 1 DAGs
[2026-08-12T05:21:07.689+0000] {logging_mixin.py:190} INFO - [2026-08-12T05:21:07.689+0000] {dag.py:4138} INFO - Setting next_dagrun for example_local_kubernetes_executor to None, run_after=None
[2026-08-12T05:21:07.716+0000] {processor.py:208} INFO - Processing /home/airflow/.local/lib/python3.12/site-packages/airflow/example_dags/example_local_kubernetes_executor.py took 0.115 seconds
[2026-08-12T05:21:38.220+0000] {processor.py:186} INFO - Started process (PID=6066) to work on /home/airflow/.local/lib/python3.12/site-packages/airflow/example_dags/example_local_kubernetes_executor.py
[2026-08-12T05:21:38.223+0000] {processor.py:914} INFO - Processing file /home/airflow/.local/lib/python3.12/site-packages/airflow/example_dags/example_local_kubernetes_executor.py for tasks to queue
[2026-08-12T05:21:38.227+0000] {logging_mixin.py:190} INFO - [2026-08-12T05:21:38.227+0000] {dagbag.py:587} INFO - Filling up the DagBag from /home/airflow/.local/lib/python3.12/site-packages/airflow/example_dags/example_local_kubernetes_executor.py
[2026-08-12T05:21:38.242+0000] {processor.py:925} INFO - DAG(s) 'example_local_kubernetes_executor' retrieved from /home/airflow/.local/lib/python3.12/site-packages/airflow/example_dags/example_local_kubernetes_executor.py
[2026-08-12T05:21:38.301+0000] {logging_mixin.py:190} INFO - [2026-08-12T05:21:38.300+0000] {dag.py:3211} INFO - Sync 1 DAGs
[2026-08-12T05:21:38.320+0000] {logging_mixin.py:190} INFO - [2026-08-12T05:21:38.320+0000] {dag.py:4138} INFO - Setting next_dagrun for example_local_kubernetes_executor to None, run_after=None
[2026-08-12T05:21:38.348+0000] {processor.py:208} INFO - Processing /home/airflow/.local/lib/python3.12/site-packages/airflow/example_dags/example_local_kubernetes_executor.py took 0.136 seconds
[2026-08-12T05:22:08.701+0000] {processor.py:186} INFO - Started process (PID=6130) to work on /home/airflow/.local/lib/python3.12/site-packages/airflow/example_dags/example_local_kubernetes_executor.py
[2026-08-12T05:22:08.702+0000] {processor.py:914} INFO - Processing file /home/airflow/.local/lib/python3.12/site-packages/airflow/example_dags/example_local_kubernetes_executor.py for tasks to queue
[2026-08-12T05:22:08.706+0000] {logging_mixin.py:190} INFO - [2026-08-12T05:22:08.706+0000] {dagbag.py:587} INFO - Filling up the DagBag from /home/airflow/.local/lib/python3.12/site-packages/airflow/example_dags/example_local_kubernetes_executor.py
[2026-08-12T05:22:08.721+0000] {processor.py:925} INFO - DAG(s) 'example_local_kubernetes_executor' retrieved from /home/airflow/.local/lib/python3.12/site-packages/airflow/example_dags/example_local_kubernetes_executor.py
[2026-08-12T05:22:08.757+0000] {logging_mixin.py:190} INFO - [2026-08-12T05:22:08.757+0000] {dag.py:3211} INFO - Sync 1 DAGs
[2026-08-12T05:22:08.776+0000] {logging_mixin.py:190} INFO - [2026-08-12T05:22:08.776+0000] {dag.py:4138} INFO - Setting next_dagrun for example_local_kubernetes_executor to None, run_after=None
[2026-08-12T05:22:08.800+0000] {processor.py:208} INFO - Processing /home/airflow/.local/lib/python3.12/site-packages/airflow/example_dags/example_local_kubernetes_executor.py took 0.108 seconds
[2026-08-12T05:22:39.006+0000] {processor.py:186} INFO - Started process (PID=6193) to work on /home/airflow/.local/lib/python3.12/site-packages/airflow/example_dags/example_local_kubernetes_executor.py
[2026-08-12T05:22:39.008+0000] {processor.py:914} INFO - Processing file /home/airflow/.local/lib/python3.12/site-packages/airflow/example_dags/example_local_kubernetes_executor.py for tasks to queue
[2026-08-12T05:22:39.010+0000] {logging_mixin.py:190} INFO - [2026-08-12T05:22:39.010+0000] {dagbag.py:587} INFO - Filling up the DagBag from /home/airflow/.local/lib/python3.12/site-packages/airflow/example_dags/example_local_kubernetes_executor.py
[2026-08-12T05:22:39.020+0000] {processor.py:925} INFO - DAG(s) 'example_local_kubernetes_executor' retrieved from /home/airflow/.local/lib/python3.12/site-packages/airflow/example_dags/example_local_kubernetes_executor.py
[2026-08-12T05:22:39.058+0000] {logging_mixin.py:190} INFO - [2026-08-12T05:22:39.058+0000] {dag.py:3211} INFO - Sync 1 DAGs
[2026-08-12T05:22:39.073+0000] {logging_mixin.py:190} INFO - [2026-08-12T05:22:39.073+0000] {dag.py:4138} INFO - Setting next_dagrun for example_local_kubernetes_executor to None, run_after=None
[2026-08-12T05:22:39.094+0000] {processor.py:208} INFO - Processing /home/airflow/.local/lib/python3.12/site-packages/airflow/example_dags/example_local_kubernetes_executor.py took 0.093 seconds
[2026-08-12T05:23:09.605+0000] {processor.py:186} INFO - Started process (PID=6257) to work on /home/airflow/.local/lib/python3.12/site-packages/airflow/example_dags/example_local_kubernetes_executor.py
[2026-08-12T05:23:09.606+0000] {processor.py:914} INFO - Processing file /home/airflow/.local/lib/python3.12/site-packages/airflow/example_dags/example_local_kubernetes_executor.py for tasks to queue
[2026-08-12T05:23:09.609+0000] {logging_mixin.py:190} INFO - [2026-08-12T05:23:09.609+0000] {dagbag.py:587} INFO - Filling up the DagBag from /home/airflow/.local/lib/python3.12/site-packages/airflow/example_dags/example_local_kubernetes_executor.py
[2026-08-12T05:23:09.620+0000] {processor.py:925} INFO - DAG(s) 'example_local_kubernetes_executor' retrieved from /home/airflow/.local/lib/python3.12/site-packages/airflow/example_dags/example_local_kubernetes_executor.py
[2026-08-12T05:23:09.656+0000] {logging_mixin.py:190} INFO - [2026-08-12T05:23:09.656+0000] {dag.py:3211} INFO - Sync 1 DAGs
[2026-08-12T05:23:09.679+0000] {logging_mixin.py:190} INFO - [2026-08-12T05:23:09.678+0000] {dag.py:4138} INFO - Setting next_dagrun for example_local_kubernetes_executor to None, run_after=None
[2026-08-12T05:23:09.704+0000] {processor.py:208} INFO - Processing /home/airflow/.local/lib/python3.12/site-packages/airflow/example_dags/example_local_kubernetes_executor.py took 0.105 seconds
[2026-08-12T05:23:39.899+0000] {processor.py:186} INFO - Started process (PID=6321) to work on /home/airflow/.local/lib/python3.12/site-packages/airflow/example_dags/example_local_kubernetes_executor.py
[2026-08-12T05:23:39.901+0000] {processor.py:914} INFO - Processing file /home/airflow/.local/lib/python3.12/site-packages/airflow/example_dags/example_local_kubernetes_executor.py for tasks to queue
[2026-08-12T05:23:39.903+0000] {logging_mixin.py:190} INFO - [2026-08-12T05:23:39.903+0000] {dagbag.py:587} INFO - Filling up the DagBag from /home/airflow/.local/lib/python3.12/site-packages/airflow/example_dags/example_local_kubernetes_executor.py
[2026-08-12T05:23:39.912+0000] {processor.py:925} INFO - DAG(s) 'example_local_kubernetes_executor' retrieved from /home/airflow/.local/lib/python3.12/site-packages/airflow/example_dags/example_local_kubernetes_executor.py
[2026-08-12T05:23:39.943+0000] {logging_mixin.py:190} INFO - [2026-08-12T05:23:39.943+0000] {dag.py:3211} INFO - Sync 1 DAGs
[2026-08-12T05:23:39.956+0000] {logging_mixin.py:190} INFO - [2026-08-12T05:23:39.956+0000] {dag.py:4138} INFO - Setting next_dagrun for example_local_kubernetes_executor to None, run_after=None
[2026-08-12T05:23:39.976+0000] {processor.py:208} INFO - Processing /home/airflow/.local/lib/python3.12/site-packages/airflow/example_dags/example_local_kubernetes_executor.py took 0.082 seconds
[2026-08-12T05:24:10.779+0000] {processor.py:186} INFO - Started process (PID=6384) to work on /home/airflow/.local/lib/python3.12/site-packages/airflow/example_dags/example_local_kubernetes_executor.py
[2026-08-12T05:24:10.781+0000] {processor.py:914} INFO - Processing file /home/airflow/.local/lib/python3.12/site-packages/airflow/example_dags/example_local_kubernetes_executor.py for tasks to queue
[2026-08-12T05:24:10.785+0000] {logging_mixin.py:190} INFO - [2026-08-12T05:24:10.784+0000] {dagbag.py:587} INFO - Filling up the DagBag from /home/airflow/.local/lib/python3.12/site-packages/airflow/example_dags/example_local_kubernetes_executor.py
[2026-08-12T05:24:10.796+0000] {processor.py:925} INFO - DAG(s) 'example_local_kubernetes_executor' retrieved from /home/airflow/.local/lib/python3.12/site-packages/airflow/example_dags/example_local_kubernetes_executor.py
[2026-08-12T05:24:10.841+0000] {logging_mixin.py:190} INFO - [2026-08-12T05:24:10.841+0000] {dag.py:3211} INFO - Sync 1 DAGs
[2026-08-12T05:24:10.866+0000] {logging_mixin.py:190} INFO - [2026-08-12T05:24:10.866+0000] {dag.py:4138} INFO - Setting next_dagrun for example_local_kubernetes_executor to None, run_after=None
[2026-08-12T05:24:10.894+0000] {processor.py:208} INFO - Processing /home/airflow/.local/lib/python3.12/site-packages/airflow/example_dags/example_local_kubernetes_executor.py took 0.122 seconds
[2026-08-12T05:24:41.768+0000] {processor.py:186} INFO - Started process (PID=6447) to work on /home/airflow/.local/lib/python3.12/site-packages/airflow/example_dags/example_local_kubernetes_executor.py
[2026-08-12T05:24:41.769+0000] {processor.py:914} INFO - Processing file /home/airflow/.local/lib/python3.12/site-packages/airflow/example_dags/example_local_kubernetes_executor.py for tasks to queue
[2026-08-12T05:24:41.772+0000] {logging_mixin.py:190} INFO - [2026-08-12T05:24:41.772+0000] {dagbag.py:587} INFO - Filling up the DagBag from /home/airflow/.local/lib/python3.12/site-packages/airflow/example_dags/example_local_kubernetes_executor.py
[2026-08-12T05:24:41.781+0000] {processor.py:925} INFO - DAG(s) 'example_local_kubernetes_executor' retrieved from /home/airflow/.local/lib/python3.12/site-packages/airflow/example_dags/example_local_kubernetes_executor.py
[2026-08-12T05:24:41.819+0000] {logging_mixin.py:190} INFO - [2026-08-12T05:24:41.819+0000] {dag.py:3211} INFO - Sync 1 DAGs
[2026-08-12T05:24:41.833+0000] {logging_mixin.py:190} INFO - [2026-08-12T05:24:41.833+0000] {dag.py:4138} INFO - Setting next_dagrun for example_local_kubernetes_executor to None, run_after=None
[2026-08-12T05:24:41.872+0000] {processor.py:208} INFO - Processing /home/airflow/.local/lib/python3.12/site-packages/airflow/example_dags/example_local_kubernetes_executor.py took 0.109 seconds
[2026-08-12T05:25:12.107+0000] {processor.py:186} INFO - Started process (PID=6512) to work on /home/airflow/.local/lib/python3.12/site-packages/airflow/example_dags/example_local_kubernetes_executor.py
[2026-08-12T05:25:12.108+0000] {processor.py:914} INFO - Processing file /home/airflow/.local/lib/python3.12/site-packages/airflow/example_dags/example_local_kubernetes_executor.py for tasks to queue
[2026-08-12T05:25:12.111+0000] {logging_mixin.py:190} INFO - [2026-08-12T05:25:12.110+0000] {dagbag.py:587} INFO - Filling up the DagBag from /home/airflow/.local/lib/python3.12/site-packages/airflow/example_dags/example_local_kubernetes_executor.py
[2026-08-12T05:25:12.120+0000] {processor.py:925} INFO - DAG(s) 'example_local_kubernetes_executor' retrieved from /home/airflow/.local/lib/python3.12/site-packages/airflow/example_dags/example_local_kubernetes_executor.py
[2026-08-12T05:25:12.151+0000] {logging_mixin.py:190} INFO - [2026-08-12T05:25:12.151+0000] {dag.py:3211} INFO - Sync 1 DAGs
[2026-08-12T05:25:12.170+0000] {logging_mixin.py:190} INFO - [2026-08-12T05:25:12.170+0000] {dag.py:4138} INFO - Setting next_dagrun for example_local_kubernetes_executor to None, run_after=None
[2026-08-12T05:25:12.189+0000] {processor.py:208} INFO - Processing /home/airflow/.local/lib/python3.12/site-packages/airflow/example_dags/example_local_kubernetes_executor.py took 0.088 seconds
[2026-08-12T05:25:42.912+0000] {processor.py:186} INFO - Started process (PID=6575) to work on /home/airflow/.local/lib/python3.12/site-packages/airflow/example_dags/example_local_kubernetes_executor.py
[2026-08-12T05:25:42.913+0000] {processor.py:914} INFO - Processing file /home/airflow/.local/lib/python3.12/site-packages/airflow/example_dags/example_local_kubernetes_executor.py for tasks to queue
[2026-08-12T05:25:42.917+0000] {logging_mixin.py:190} INFO - [2026-08-12T05:25:42.916+0000] {dagbag.py:587} INFO - Filling up the DagBag from /home/airflow/.local/lib/python3.12/site-packages/airflow/example_dags/example_local_kubernetes_executor.py
[2026-08-12T05:25:42.927+0000] {processor.py:925} INFO - DAG(s) 'example_local_kubernetes_executor' retrieved from /home/airflow/.local/lib/python3.12/site-packages/airflow/example_dags/example_local_kubernetes_executor.py
[2026-08-12T05:25:42.972+0000] {logging_mixin.py:190} INFO - [2026-08-12T05:25:42.972+0000] {dag.py:3211} INFO - Sync 1 DAGs
[2026-08-12T05:25:42.990+0000] {logging_mixin.py:190} INFO - [2026-08-12T05:25:42.990+0000] {dag.py:4138} INFO - Setting next_dagrun for example_local_kubernetes_executor to None, run_after=None
[2026-08-12T05:25:43.014+0000] {processor.py:208} INFO - Processing /home/airflow/.local/lib/python3.12/site-packages/airflow/example_dags/example_local_kubernetes_executor.py took 0.109 seconds
