[2026-08-12T04:30:50.405+0000] {processor.py:186} INFO - Started process (PID=92) to work on /home/airflow/.local/lib/python3.12/site-packages/airflow/example_dags/example_skip_dag.py
[2026-08-12T04:30:50.407+0000] {processor.py:914} INFO - Processing file /home/airflow/.local/lib/python3.12/site-packages/airflow/example_dags/example_skip_dag.py for tasks to queue
[2026-08-12T04:30:50.412+0000] {logging_mixin.py:190} INFO - [2026-08-12T04:30:50.412+0000] {dagbag.py:587} INFO - Filling up the DagBag from /home/airflow/.local/lib/python3.12/site-packages/airflow/example_dags/example_skip_dag.py
[2026-08-12T04:30:50.428+0000] {processor.py:925} INFO - DAG(s) 'example_skip_dag' retrieved from /home/airflow/.local/lib/python3.12/site-packages/airflow/example_dags/example_skip_dag.py
[2026-08-12T04:30:50.575+0000] {logging_mixin.py:190} INFO - [2026-08-12T04:30:50.574+0000] {override.py:1858} INFO - Created Permission View: can edit on DAG:example_skip_dag
[2026-08-12T04:30:50.588+0000] {logging_mixin.py:190} INFO - [2026-08-12T04:30:50.588+0000] {override.py:1858} INFO - Created Permission View: can delete on DAG:example_skip_dag
[2026-08-12T04:30:50.597+0000] {logging_mixin.py:190} INFO - [2026-08-12T04:30:50.597+0000] {override.py:1858} INFO - Created Permission View: can read on DAG:example_skip_dag
[2026-08-12T04:30:50.599+0000] {logging_mixin.py:190} INFO - [2026-08-12T04:30:50.598+0000] {dag.py:3211} INFO - Sync 1 DAGs
[2026-08-12T04:30:50.615+0000] {logging_mixin.py:190} INFO - [2026-08-12T04:30:50.615+0000] {dag.py:3234} INFO - Creating ORM DAG for example_skip_dag
[2026-08-12T04:30:50.629+0000] {logging_mixin.py:190} INFO - [2026-08-12T04:30:50.629+0000] {dag.py:4138} INFO - Setting next_dagrun for example_skip_dag to 2026-08-11 00:00:00+00:00, run_after=2026-08-12 00:00:00+00:00
[2026-08-12T04:30:50.648+0000] {processor.py:208} INFO - Processing /home/airflow/.local/lib/python3.12/site-packages/airflow/example_dags/example_skip_dag.py took 0.252 seconds
[2026-08-12T04:31:21.480+0000] {processor.py:186} INFO - Started process (PID=154) to work on /home/airflow/.local/lib/python3.12/site-packages/airflow/example_dags/example_skip_dag.py
[2026-08-12T04:31:21.483+0000] {processor.py:914} INFO - Processing file /home/airflow/.local/lib/python3.12/site-packages/airflow/example_dags/example_skip_dag.py for tasks to queue
[2026-08-12T04:31:21.487+0000] {logging_mixin.py:190} INFO - [2026-08-12T04:31:21.487+0000] {dagbag.py:587} INFO - Filling up the DagBag from /home/airflow/.local/lib/python3.12/site-packages/airflow/example_dags/example_skip_dag.py
[2026-08-12T04:31:21.498+0000] {processor.py:925} INFO - DAG(s) 'example_skip_dag' retrieved from /home/airflow/.local/lib/python3.12/site-packages/airflow/example_dags/example_skip_dag.py
[2026-08-12T04:31:21.522+0000] {logging_mixin.py:190} INFO - [2026-08-12T04:31:21.522+0000] {dag.py:3211} INFO - Sync 1 DAGs
[2026-08-12T04:31:21.547+0000] {logging_mixin.py:190} INFO - [2026-08-12T04:31:21.547+0000] {dag.py:4138} INFO - Setting next_dagrun for example_skip_dag to 2026-08-11 00:00:00+00:00, run_after=2026-08-12 00:00:00+00:00
[2026-08-12T04:31:21.565+0000] {processor.py:208} INFO - Processing /home/airflow/.local/lib/python3.12/site-packages/airflow/example_dags/example_skip_dag.py took 0.093 seconds
[2026-08-12T04:31:51.655+0000] {processor.py:186} INFO - Started process (PID=216) to work on /home/airflow/.local/lib/python3.12/site-packages/airflow/example_dags/example_skip_dag.py
[2026-08-12T04:31:51.657+0000] {processor.py:914} INFO - Processing file /home/airflow/.local/lib/python3.12/site-packages/airflow/example_dags/example_skip_dag.py for tasks to queue
[2026-08-12T04:31:51.660+0000] {logging_mixin.py:190} INFO - [2026-08-12T04:31:51.660+0000] {dagbag.py:587} INFO - Filling up the DagBag from /home/airflow/.local/lib/python3.12/site-packages/airflow/example_dags/example_skip_dag.py
[2026-08-12T04:31:51.668+0000] {processor.py:925} INFO - DAG(s) 'example_skip_dag' retrieved from /home/airflow/.local/lib/python3.12/site-packages/airflow/example_dags/example_skip_dag.py
[2026-08-12T04:31:51.691+0000] {logging_mixin.py:190} INFO - [2026-08-12T04:31:51.691+0000] {dag.py:3211} INFO - Sync 1 DAGs
[2026-08-12T04:31:51.715+0000] {logging_mixin.py:190} INFO - [2026-08-12T04:31:51.714+0000] {dag.py:4138} INFO - Setting next_dagrun for example_skip_dag to 2026-08-11 00:00:00+00:00, run_after=2026-08-12 00:00:00+00:00
[2026-08-12T04:31:51.736+0000] {processor.py:208} INFO - Processing /home/airflow/.local/lib/python3.12/site-packages/airflow/example_dags/example_skip_dag.py took 0.086 seconds
[2026-08-12T04:33:04.223+0000] {processor.py:186} INFO - Started process (PID=89) to work on /home/airflow/.local/lib/python3.12/site-packages/airflow/example_dags/example_skip_dag.py
[2026-08-12T04:33:04.225+0000] {processor.py:914} INFO - Processing file /home/airflow/.local/lib/python3.12/site-packages/airflow/example_dags/example_skip_dag.py for tasks to queue
[2026-08-12T04:33:04.229+0000] {logging_mixin.py:190} INFO - [2026-08-12T04:33:04.229+0000] {dagbag.py:587} INFO - Filling up the DagBag from /home/airflow/.local/lib/python3.12/site-packages/airflow/example_dags/example_skip_dag.py
[2026-08-12T04:33:04.242+0000] {processor.py:925} INFO - DAG(s) 'example_skip_dag' retrieved from /home/airflow/.local/lib/python3.12/site-packages/airflow/example_dags/example_skip_dag.py
[2026-08-12T04:33:04.278+0000] {logging_mixin.py:190} INFO - [2026-08-12T04:33:04.278+0000] {dag.py:3211} INFO - Sync 1 DAGs
[2026-08-12T04:33:04.318+0000] {logging_mixin.py:190} INFO - [2026-08-12T04:33:04.318+0000] {dag.py:4138} INFO - Setting next_dagrun for example_skip_dag to 2026-08-11 00:00:00+00:00, run_after=2026-08-12 00:00:00+00:00
[2026-08-12T04:33:04.348+0000] {processor.py:208} INFO - Processing /home/airflow/.local/lib/python3.12/site-packages/airflow/example_dags/example_skip_dag.py took 0.136 seconds
[2026-08-12T04:33:35.023+0000] {processor.py:186} INFO - Started process (PID=151) to work on /home/airflow/.local/lib/python3.12/site-packages/airflow/example_dags/example_skip_dag.py
[2026-08-12T04:33:35.034+0000] {processor.py:914} INFO - Processing file /home/airflow/.local/lib/python3.12/site-packages/airflow/example_dags/example_skip_dag.py for tasks to queue
[2026-08-12T04:33:35.052+0000] {logging_mixin.py:190} INFO - [2026-08-12T04:33:35.051+0000] {dagbag.py:587} INFO - Filling up the DagBag from /home/airflow/.local/lib/python3.12/site-packages/airflow/example_dags/example_skip_dag.py
[2026-08-12T04:33:35.091+0000] {processor.py:925} INFO - DAG(s) 'example_skip_dag' retrieved from /home/airflow/.local/lib/python3.12/site-packages/airflow/example_dags/example_skip_dag.py
[2026-08-12T04:33:35.133+0000] {logging_mixin.py:190} INFO - [2026-08-12T04:33:35.133+0000] {dag.py:3211} INFO - Sync 1 DAGs
[2026-08-12T04:33:35.172+0000] {logging_mixin.py:190} INFO - [2026-08-12T04:33:35.171+0000] {dag.py:4138} INFO - Setting next_dagrun for example_skip_dag to 2026-08-11 00:00:00+00:00, run_after=2026-08-12 00:00:00+00:00
[2026-08-12T04:33:35.196+0000] {processor.py:208} INFO - Processing /home/airflow/.local/lib/python3.12/site-packages/airflow/example_dags/example_skip_dag.py took 0.194 seconds
[2026-08-12T04:34:05.408+0000] {processor.py:186} INFO - Started process (PID=213) to work on /home/airflow/.local/lib/python3.12/site-packages/airflow/example_dags/example_skip_dag.py
[2026-08-12T04:34:05.411+0000] {processor.py:914} INFO - Processing file /home/airflow/.local/lib/python3.12/site-packages/airflow/example_dags/example_skip_dag.py for tasks to queue
[2026-08-12T04:34:05.414+0000] {logging_mixin.py:190} INFO - [2026-08-12T04:34:05.414+0000] {dagbag.py:587} INFO - Filling up the DagBag from /home/airflow/.local/lib/python3.12/site-packages/airflow/example_dags/example_skip_dag.py
[2026-08-12T04:34:05.424+0000] {processor.py:925} INFO - DAG(s) 'example_skip_dag' retrieved from /home/airflow/.local/lib/python3.12/site-packages/airflow/example_dags/example_skip_dag.py
[2026-08-12T04:34:05.447+0000] {logging_mixin.py:190} INFO - [2026-08-12T04:34:05.447+0000] {dag.py:3211} INFO - Sync 1 DAGs
[2026-08-12T04:34:05.475+0000] {logging_mixin.py:190} INFO - [2026-08-12T04:34:05.474+0000] {dag.py:4138} INFO - Setting next_dagrun for example_skip_dag to 2026-08-11 00:00:00+00:00, run_after=2026-08-12 00:00:00+00:00
[2026-08-12T04:34:05.498+0000] {processor.py:208} INFO - Processing /home/airflow/.local/lib/python3.12/site-packages/airflow/example_dags/example_skip_dag.py took 0.096 seconds
[2026-08-12T04:34:36.226+0000] {processor.py:186} INFO - Started process (PID=275) to work on /home/airflow/.local/lib/python3.12/site-packages/airflow/example_dags/example_skip_dag.py
[2026-08-12T04:34:36.227+0000] {processor.py:914} INFO - Processing file /home/airflow/.local/lib/python3.12/site-packages/airflow/example_dags/example_skip_dag.py for tasks to queue
[2026-08-12T04:34:36.230+0000] {logging_mixin.py:190} INFO - [2026-08-12T04:34:36.230+0000] {dagbag.py:587} INFO - Filling up the DagBag from /home/airflow/.local/lib/python3.12/site-packages/airflow/example_dags/example_skip_dag.py
[2026-08-12T04:34:36.241+0000] {processor.py:925} INFO - DAG(s) 'example_skip_dag' retrieved from /home/airflow/.local/lib/python3.12/site-packages/airflow/example_dags/example_skip_dag.py
[2026-08-12T04:34:36.263+0000] {logging_mixin.py:190} INFO - [2026-08-12T04:34:36.263+0000] {dag.py:3211} INFO - Sync 1 DAGs
[2026-08-12T04:34:36.289+0000] {logging_mixin.py:190} INFO - [2026-08-12T04:34:36.289+0000] {dag.py:4138} INFO - Setting next_dagrun for example_skip_dag to 2026-08-11 00:00:00+00:00, run_after=2026-08-12 00:00:00+00:00
[2026-08-12T04:34:36.310+0000] {processor.py:208} INFO - Processing /home/airflow/.local/lib/python3.12/site-packages/airflow/example_dags/example_skip_dag.py took 0.091 seconds
[2026-08-12T04:35:06.474+0000] {processor.py:186} INFO - Started process (PID=337) to work on /home/airflow/.local/lib/python3.12/site-packages/airflow/example_dags/example_skip_dag.py
[2026-08-12T04:35:06.476+0000] {processor.py:914} INFO - Processing file /home/airflow/.local/lib/python3.12/site-packages/airflow/example_dags/example_skip_dag.py for tasks to queue
[2026-08-12T04:35:06.479+0000] {logging_mixin.py:190} INFO - [2026-08-12T04:35:06.478+0000] {dagbag.py:587} INFO - Filling up the DagBag from /home/airflow/.local/lib/python3.12/site-packages/airflow/example_dags/example_skip_dag.py
[2026-08-12T04:35:06.487+0000] {processor.py:925} INFO - DAG(s) 'example_skip_dag' retrieved from /home/airflow/.local/lib/python3.12/site-packages/airflow/example_dags/example_skip_dag.py
[2026-08-12T04:35:06.512+0000] {logging_mixin.py:190} INFO - [2026-08-12T04:35:06.511+0000] {dag.py:3211} INFO - Sync 1 DAGs
[2026-08-12T04:35:06.536+0000] {logging_mixin.py:190} INFO - [2026-08-12T04:35:06.536+0000] {dag.py:4138} INFO - Setting next_dagrun for example_skip_dag to 2026-08-11 00:00:00+00:00, run_after=2026-08-12 00:00:00+00:00
[2026-08-12T04:35:06.558+0000] {processor.py:208} INFO - Processing /home/airflow/.local/lib/python3.12/site-packages/airflow/example_dags/example_skip_dag.py took 0.090 seconds
[2026-08-12T04:35:36.779+0000] {processor.py:186} INFO - Started process (PID=399) to work on /home/airflow/.local/lib/python3.12/site-packages/airflow/example_dags/example_skip_dag.py
[2026-08-12T04:35:36.780+0000] {processor.py:914} INFO - Processing file /home/airflow/.local/lib/python3.12/site-packages/airflow/example_dags/example_skip_dag.py for tasks to queue
[2026-08-12T04:35:36.783+0000] {logging_mixin.py:190} INFO - [2026-08-12T04:35:36.783+0000] {dagbag.py:587} INFO - Filling up the DagBag from /home/airflow/.local/lib/python3.12/site-packages/airflow/example_dags/example_skip_dag.py
[2026-08-12T04:35:36.791+0000] {processor.py:925} INFO - DAG(s) 'example_skip_dag' retrieved from /home/airflow/.local/lib/python3.12/site-packages/airflow/example_dags/example_skip_dag.py
[2026-08-12T04:35:36.811+0000] {logging_mixin.py:190} INFO - [2026-08-12T04:35:36.810+0000] {dag.py:3211} INFO - Sync 1 DAGs
[2026-08-12T04:35:36.832+0000] {logging_mixin.py:190} INFO - [2026-08-12T04:35:36.832+0000] {dag.py:4138} INFO - Setting next_dagrun for example_skip_dag to 2026-08-11 00:00:00+00:00, run_after=2026-08-12 00:00:00+00:00
[2026-08-12T04:35:36.852+0000] {processor.py:208} INFO - Processing /home/airflow/.local/lib/python3.12/site-packages/airflow/example_dags/example_skip_dag.py took 0.079 seconds
[2026-08-12T04:36:07.173+0000] {processor.py:186} INFO - Started process (PID=460) to work on /home/airflow/.local/lib/python3.12/site-packages/airflow/example_dags/example_skip_dag.py
[2026-08-12T04:36:07.174+0000] {processor.py:914} INFO - Processing file /home/airflow/.local/lib/python3.12/site-packages/airflow/example_dags/example_skip_dag.py for tasks to queue
[2026-08-12T04:36:07.177+0000] {logging_mixin.py:190} INFO - [2026-08-12T04:36:07.177+0000] {dagbag.py:587} INFO - Filling up the DagBag from /home/airflow/.local/lib/python3.12/site-packages/airflow/example_dags/example_skip_dag.py
[2026-08-12T04:36:07.185+0000] {processor.py:925} INFO - DAG(s) 'example_skip_dag' retrieved from /home/airflow/.local/lib/python3.12/site-packages/airflow/example_dags/example_skip_dag.py
[2026-08-12T04:36:07.204+0000] {logging_mixin.py:190} INFO - [2026-08-12T04:36:07.203+0000] {dag.py:3211} INFO - Sync 1 DAGs
[2026-08-12T04:36:07.223+0000] {logging_mixin.py:190} INFO - [2026-08-12T04:36:07.222+0000] {dag.py:4138} INFO - Setting next_dagrun for example_skip_dag to 2026-08-11 00:00:00+00:00, run_after=2026-08-12 00:00:00+00:00
[2026-08-12T04:36:07.240+0000] {processor.py:208} INFO - Processing /home/airflow/.local/lib/python3.12/site-packages/airflow/example_dags/example_skip_dag.py took 0.072 seconds
[2026-08-12T04:36:37.491+0000] {processor.py:186} INFO - Started process (PID=522) to work on /home/airflow/.local/lib/python3.12/site-packages/airflow/example_dags/example_skip_dag.py
[2026-08-12T04:36:37.493+0000] {processor.py:914} INFO - Processing file /home/airflow/.local/lib/python3.12/site-packages/airflow/example_dags/example_skip_dag.py for tasks to queue
[2026-08-12T04:36:37.496+0000] {logging_mixin.py:190} INFO - [2026-08-12T04:36:37.496+0000] {dagbag.py:587} INFO - Filling up the DagBag from /home/airflow/.local/lib/python3.12/site-packages/airflow/example_dags/example_skip_dag.py
[2026-08-12T04:36:37.505+0000] {processor.py:925} INFO - DAG(s) 'example_skip_dag' retrieved from /home/airflow/.local/lib/python3.12/site-packages/airflow/example_dags/example_skip_dag.py
[2026-08-12T04:36:37.530+0000] {logging_mixin.py:190} INFO - [2026-08-12T04:36:37.529+0000] {dag.py:3211} INFO - Sync 1 DAGs
[2026-08-12T04:36:37.553+0000] {logging_mixin.py:190} INFO - [2026-08-12T04:36:37.553+0000] {dag.py:4138} INFO - Setting next_dagrun for example_skip_dag to 2026-08-11 00:00:00+00:00, run_after=2026-08-12 00:00:00+00:00
[2026-08-12T04:36:37.574+0000] {processor.py:208} INFO - Processing /home/airflow/.local/lib/python3.12/site-packages/airflow/example_dags/example_skip_dag.py took 0.089 seconds
[2026-08-12T04:37:08.012+0000] {processor.py:186} INFO - Started process (PID=584) to work on /home/airflow/.local/lib/python3.12/site-packages/airflow/example_dags/example_skip_dag.py
[2026-08-12T04:37:08.016+0000] {processor.py:914} INFO - Processing file /home/airflow/.local/lib/python3.12/site-packages/airflow/example_dags/example_skip_dag.py for tasks to queue
[2026-08-12T04:37:08.023+0000] {logging_mixin.py:190} INFO - [2026-08-12T04:37:08.022+0000] {dagbag.py:587} INFO - Filling up the DagBag from /home/airflow/.local/lib/python3.12/site-packages/airflow/example_dags/example_skip_dag.py
[2026-08-12T04:37:08.047+0000] {processor.py:925} INFO - DAG(s) 'example_skip_dag' retrieved from /home/airflow/.local/lib/python3.12/site-packages/airflow/example_dags/example_skip_dag.py
[2026-08-12T04:37:08.105+0000] {logging_mixin.py:190} INFO - [2026-08-12T04:37:08.105+0000] {dag.py:3211} INFO - Sync 1 DAGs
[2026-08-12T04:37:08.145+0000] {logging_mixin.py:190} INFO - [2026-08-12T04:37:08.145+0000] {dag.py:4138} INFO - Setting next_dagrun for example_skip_dag to 2026-08-11 00:00:00+00:00, run_after=2026-08-12 00:00:00+00:00
[2026-08-12T04:37:08.174+0000] {processor.py:208} INFO - Processing /home/airflow/.local/lib/python3.12/site-packages/airflow/example_dags/example_skip_dag.py took 0.178 seconds
[2026-08-12T04:37:38.564+0000] {processor.py:186} INFO - Started process (PID=646) to work on /home/airflow/.local/lib/python3.12/site-packages/airflow/example_dags/example_skip_dag.py
[2026-08-12T04:37:38.565+0000] {processor.py:914} INFO - Processing file /home/airflow/.local/lib/python3.12/site-packages/airflow/example_dags/example_skip_dag.py for tasks to queue
[2026-08-12T04:37:38.569+0000] {logging_mixin.py:190} INFO - [2026-08-12T04:37:38.568+0000] {dagbag.py:587} INFO - Filling up the DagBag from /home/airflow/.local/lib/python3.12/site-packages/airflow/example_dags/example_skip_dag.py
[2026-08-12T04:37:38.578+0000] {processor.py:925} INFO - DAG(s) 'example_skip_dag' retrieved from /home/airflow/.local/lib/python3.12/site-packages/airflow/example_dags/example_skip_dag.py
[2026-08-12T04:37:38.607+0000] {logging_mixin.py:190} INFO - [2026-08-12T04:37:38.607+0000] {dag.py:3211} INFO - Sync 1 DAGs
[2026-08-12T04:37:38.636+0000] {logging_mixin.py:190} INFO - [2026-08-12T04:37:38.636+0000] {dag.py:4138} INFO - Setting next_dagrun for example_skip_dag to 2026-08-11 00:00:00+00:00, run_after=2026-08-12 00:00:00+00:00
[2026-08-12T04:37:38.661+0000] {processor.py:208} INFO - Processing /home/airflow/.local/lib/python3.12/site-packages/airflow/example_dags/example_skip_dag.py took 0.103 seconds
[2026-08-12T04:38:09.126+0000] {processor.py:186} INFO - Started process (PID=708) to work on /home/airflow/.local/lib/python3.12/site-packages/airflow/example_dags/example_skip_dag.py
[2026-08-12T04:38:09.128+0000] {processor.py:914} INFO - Processing file /home/airflow/.local/lib/python3.12/site-packages/airflow/example_dags/example_skip_dag.py for tasks to queue
[2026-08-12T04:38:09.131+0000] {logging_mixin.py:190} INFO - [2026-08-12T04:38:09.130+0000] {dagbag.py:587} INFO - Filling up the DagBag from /home/airflow/.local/lib/python3.12/site-packages/airflow/example_dags/example_skip_dag.py
[2026-08-12T04:38:09.139+0000] {processor.py:925} INFO - DAG(s) 'example_skip_dag' retrieved from /home/airflow/.local/lib/python3.12/site-packages/airflow/example_dags/example_skip_dag.py
[2026-08-12T04:38:09.162+0000] {logging_mixin.py:190} INFO - [2026-08-12T04:38:09.162+0000] {dag.py:3211} INFO - Sync 1 DAGs
[2026-08-12T04:38:09.185+0000] {logging_mixin.py:190} INFO - [2026-08-12T04:38:09.184+0000] {dag.py:4138} INFO - Setting next_dagrun for example_skip_dag to 2026-08-11 00:00:00+00:00, run_after=2026-08-12 00:00:00+00:00
[2026-08-12T04:38:09.210+0000] {processor.py:208} INFO - Processing /home/airflow/.local/lib/python3.12/site-packages/airflow/example_dags/example_skip_dag.py took 0.089 seconds
[2026-08-12T04:38:39.509+0000] {processor.py:186} INFO - Started process (PID=770) to work on /home/airflow/.local/lib/python3.12/site-packages/airflow/example_dags/example_skip_dag.py
[2026-08-12T04:38:39.511+0000] {processor.py:914} INFO - Processing file /home/airflow/.local/lib/python3.12/site-packages/airflow/example_dags/example_skip_dag.py for tasks to queue
[2026-08-12T04:38:39.514+0000] {logging_mixin.py:190} INFO - [2026-08-12T04:38:39.514+0000] {dagbag.py:587} INFO - Filling up the DagBag from /home/airflow/.local/lib/python3.12/site-packages/airflow/example_dags/example_skip_dag.py
[2026-08-12T04:38:39.524+0000] {processor.py:925} INFO - DAG(s) 'example_skip_dag' retrieved from /home/airflow/.local/lib/python3.12/site-packages/airflow/example_dags/example_skip_dag.py
[2026-08-12T04:38:39.553+0000] {logging_mixin.py:190} INFO - [2026-08-12T04:38:39.553+0000] {dag.py:3211} INFO - Sync 1 DAGs
[2026-08-12T04:38:39.582+0000] {logging_mixin.py:190} INFO - [2026-08-12T04:38:39.581+0000] {dag.py:4138} INFO - Setting next_dagrun for example_skip_dag to 2026-08-11 00:00:00+00:00, run_after=2026-08-12 00:00:00+00:00
[2026-08-12T04:38:39.600+0000] {processor.py:208} INFO - Processing /home/airflow/.local/lib/python3.12/site-packages/airflow/example_dags/example_skip_dag.py took 0.099 seconds
[2026-08-12T04:39:09.951+0000] {processor.py:186} INFO - Started process (PID=832) to work on /home/airflow/.local/lib/python3.12/site-packages/airflow/example_dags/example_skip_dag.py
[2026-08-12T04:39:09.954+0000] {processor.py:914} INFO - Processing file /home/airflow/.local/lib/python3.12/site-packages/airflow/example_dags/example_skip_dag.py for tasks to queue
[2026-08-12T04:39:09.958+0000] {logging_mixin.py:190} INFO - [2026-08-12T04:39:09.958+0000] {dagbag.py:587} INFO - Filling up the DagBag from /home/airflow/.local/lib/python3.12/site-packages/airflow/example_dags/example_skip_dag.py
[2026-08-12T04:39:09.967+0000] {processor.py:925} INFO - DAG(s) 'example_skip_dag' retrieved from /home/airflow/.local/lib/python3.12/site-packages/airflow/example_dags/example_skip_dag.py
[2026-08-12T04:39:10.001+0000] {logging_mixin.py:190} INFO - [2026-08-12T04:39:10.001+0000] {dag.py:3211} INFO - Sync 1 DAGs
[2026-08-12T04:39:10.023+0000] {logging_mixin.py:190} INFO - [2026-08-12T04:39:10.023+0000] {dag.py:4138} INFO - Setting next_dagrun for example_skip_dag to 2026-08-11 00:00:00+00:00, run_after=2026-08-12 00:00:00+00:00
[2026-08-12T04:39:10.045+0000] {processor.py:208} INFO - Processing /home/airflow/.local/lib/python3.12/site-packages/airflow/example_dags/example_skip_dag.py took 0.102 seconds
[2026-08-12T04:39:41.008+0000] {processor.py:186} INFO - Started process (PID=895) to work on /home/airflow/.local/lib/python3.12/site-packages/airflow/example_dags/example_skip_dag.py
[2026-08-12T04:39:41.010+0000] {processor.py:914} INFO - Processing file /home/airflow/.local/lib/python3.12/site-packages/airflow/example_dags/example_skip_dag.py for tasks to queue
[2026-08-12T04:39:41.013+0000] {logging_mixin.py:190} INFO - [2026-08-12T04:39:41.013+0000] {dagbag.py:587} INFO - Filling up the DagBag from /home/airflow/.local/lib/python3.12/site-packages/airflow/example_dags/example_skip_dag.py
[2026-08-12T04:39:41.020+0000] {processor.py:925} INFO - DAG(s) 'example_skip_dag' retrieved from /home/airflow/.local/lib/python3.12/site-packages/airflow/example_dags/example_skip_dag.py
[2026-08-12T04:39:41.045+0000] {logging_mixin.py:190} INFO - [2026-08-12T04:39:41.045+0000] {dag.py:3211} INFO - Sync 1 DAGs
[2026-08-12T04:39:41.067+0000] {logging_mixin.py:190} INFO - [2026-08-12T04:39:41.066+0000] {dag.py:4138} INFO - Setting next_dagrun for example_skip_dag to 2026-08-11 00:00:00+00:00, run_after=2026-08-12 00:00:00+00:00
[2026-08-12T04:39:41.086+0000] {processor.py:208} INFO - Processing /home/airflow/.local/lib/python3.12/site-packages/airflow/example_dags/example_skip_dag.py took 0.084 seconds
[2026-08-12T04:40:11.452+0000] {processor.py:186} INFO - Started process (PID=957) to work on /home/airflow/.local/lib/python3.12/site-packages/airflow/example_dags/example_skip_dag.py
[2026-08-12T04:40:11.454+0000] {processor.py:914} INFO - Processing file /home/airflow/.local/lib/python3.12/site-packages/airflow/example_dags/example_skip_dag.py for tasks to queue
[2026-08-12T04:40:11.456+0000] {logging_mixin.py:190} INFO - [2026-08-12T04:40:11.456+0000] {dagbag.py:587} INFO - Filling up the DagBag from /home/airflow/.local/lib/python3.12/site-packages/airflow/example_dags/example_skip_dag.py
[2026-08-12T04:40:11.464+0000] {processor.py:925} INFO - DAG(s) 'example_skip_dag' retrieved from /home/airflow/.local/lib/python3.12/site-packages/airflow/example_dags/example_skip_dag.py
[2026-08-12T04:40:11.485+0000] {logging_mixin.py:190} INFO - [2026-08-12T04:40:11.485+0000] {dag.py:3211} INFO - Sync 1 DAGs
[2026-08-12T04:40:11.509+0000] {logging_mixin.py:190} INFO - [2026-08-12T04:40:11.509+0000] {dag.py:4138} INFO - Setting next_dagrun for example_skip_dag to 2026-08-11 00:00:00+00:00, run_after=2026-08-12 00:00:00+00:00
[2026-08-12T04:40:11.529+0000] {processor.py:208} INFO - Processing /home/airflow/.local/lib/python3.12/site-packages/airflow/example_dags/example_skip_dag.py took 0.083 seconds
[2026-08-12T04:40:41.971+0000] {processor.py:186} INFO - Started process (PID=1019) to work on /home/airflow/.local/lib/python3.12/site-packages/airflow/example_dags/example_skip_dag.py
[2026-08-12T04:40:41.973+0000] {processor.py:914} INFO - Processing file /home/airflow/.local/lib/python3.12/site-packages/airflow/example_dags/example_skip_dag.py for tasks to queue
[2026-08-12T04:40:41.976+0000] {logging_mixin.py:190} INFO - [2026-08-12T04:40:41.976+0000] {dagbag.py:587} INFO - Filling up the DagBag from /home/airflow/.local/lib/python3.12/site-packages/airflow/example_dags/example_skip_dag.py
[2026-08-12T04:40:41.984+0000] {processor.py:925} INFO - DAG(s) 'example_skip_dag' retrieved from /home/airflow/.local/lib/python3.12/site-packages/airflow/example_dags/example_skip_dag.py
[2026-08-12T04:40:42.005+0000] {logging_mixin.py:190} INFO - [2026-08-12T04:40:42.005+0000] {dag.py:3211} INFO - Sync 1 DAGs
[2026-08-12T04:40:42.029+0000] {logging_mixin.py:190} INFO - [2026-08-12T04:40:42.029+0000] {dag.py:4138} INFO - Setting next_dagrun for example_skip_dag to 2026-08-11 00:00:00+00:00, run_after=2026-08-12 00:00:00+00:00
[2026-08-12T04:40:42.050+0000] {processor.py:208} INFO - Processing /home/airflow/.local/lib/python3.12/site-packages/airflow/example_dags/example_skip_dag.py took 0.084 seconds
[2026-08-12T04:41:12.217+0000] {processor.py:186} INFO - Started process (PID=1081) to work on /home/airflow/.local/lib/python3.12/site-packages/airflow/example_dags/example_skip_dag.py
[2026-08-12T04:41:12.219+0000] {processor.py:914} INFO - Processing file /home/airflow/.local/lib/python3.12/site-packages/airflow/example_dags/example_skip_dag.py for tasks to queue
[2026-08-12T04:41:12.222+0000] {logging_mixin.py:190} INFO - [2026-08-12T04:41:12.222+0000] {dagbag.py:587} INFO - Filling up the DagBag from /home/airflow/.local/lib/python3.12/site-packages/airflow/example_dags/example_skip_dag.py
[2026-08-12T04:41:12.231+0000] {processor.py:925} INFO - DAG(s) 'example_skip_dag' retrieved from /home/airflow/.local/lib/python3.12/site-packages/airflow/example_dags/example_skip_dag.py
[2026-08-12T04:41:12.254+0000] {logging_mixin.py:190} INFO - [2026-08-12T04:41:12.254+0000] {dag.py:3211} INFO - Sync 1 DAGs
[2026-08-12T04:41:12.278+0000] {logging_mixin.py:190} INFO - [2026-08-12T04:41:12.278+0000] {dag.py:4138} INFO - Setting next_dagrun for example_skip_dag to 2026-08-11 00:00:00+00:00, run_after=2026-08-12 00:00:00+00:00
[2026-08-12T04:41:12.301+0000] {processor.py:208} INFO - Processing /home/airflow/.local/lib/python3.12/site-packages/airflow/example_dags/example_skip_dag.py took 0.089 seconds
[2026-08-12T04:41:43.111+0000] {processor.py:186} INFO - Started process (PID=1143) to work on /home/airflow/.local/lib/python3.12/site-packages/airflow/example_dags/example_skip_dag.py
[2026-08-12T04:41:43.113+0000] {processor.py:914} INFO - Processing file /home/airflow/.local/lib/python3.12/site-packages/airflow/example_dags/example_skip_dag.py for tasks to queue
[2026-08-12T04:41:43.117+0000] {logging_mixin.py:190} INFO - [2026-08-12T04:41:43.117+0000] {dagbag.py:587} INFO - Filling up the DagBag from /home/airflow/.local/lib/python3.12/site-packages/airflow/example_dags/example_skip_dag.py
[2026-08-12T04:41:43.129+0000] {processor.py:925} INFO - DAG(s) 'example_skip_dag' retrieved from /home/airflow/.local/lib/python3.12/site-packages/airflow/example_dags/example_skip_dag.py
[2026-08-12T04:41:43.163+0000] {logging_mixin.py:190} INFO - [2026-08-12T04:41:43.163+0000] {dag.py:3211} INFO - Sync 1 DAGs
[2026-08-12T04:41:43.196+0000] {logging_mixin.py:190} INFO - [2026-08-12T04:41:43.195+0000] {dag.py:4138} INFO - Setting next_dagrun for example_skip_dag to 2026-08-11 00:00:00+00:00, run_after=2026-08-12 00:00:00+00:00
[2026-08-12T04:41:43.227+0000] {processor.py:208} INFO - Processing /home/airflow/.local/lib/python3.12/site-packages/airflow/example_dags/example_skip_dag.py took 0.124 seconds
[2026-08-12T04:42:13.466+0000] {processor.py:186} INFO - Started process (PID=1205) to work on /home/airflow/.local/lib/python3.12/site-packages/airflow/example_dags/example_skip_dag.py
[2026-08-12T04:42:13.467+0000] {processor.py:914} INFO - Processing file /home/airflow/.local/lib/python3.12/site-packages/airflow/example_dags/example_skip_dag.py for tasks to queue
[2026-08-12T04:42:13.470+0000] {logging_mixin.py:190} INFO - [2026-08-12T04:42:13.470+0000] {dagbag.py:587} INFO - Filling up the DagBag from /home/airflow/.local/lib/python3.12/site-packages/airflow/example_dags/example_skip_dag.py
[2026-08-12T04:42:13.480+0000] {processor.py:925} INFO - DAG(s) 'example_skip_dag' retrieved from /home/airflow/.local/lib/python3.12/site-packages/airflow/example_dags/example_skip_dag.py
[2026-08-12T04:42:13.506+0000] {logging_mixin.py:190} INFO - [2026-08-12T04:42:13.506+0000] {dag.py:3211} INFO - Sync 1 DAGs
[2026-08-12T04:42:13.529+0000] {logging_mixin.py:190} INFO - [2026-08-12T04:42:13.529+0000] {dag.py:4138} INFO - Setting next_dagrun for example_skip_dag to 2026-08-11 00:00:00+00:00, run_after=2026-08-12 00:00:00+00:00
[2026-08-12T04:42:13.549+0000] {processor.py:208} INFO - Processing /home/airflow/.local/lib/python3.12/site-packages/airflow/example_dags/example_skip_dag.py took 0.089 seconds
[2026-08-12T04:42:43.954+0000] {processor.py:186} INFO - Started process (PID=1267) to work on /home/airflow/.local/lib/python3.12/site-packages/airflow/example_dags/example_skip_dag.py
[2026-08-12T04:42:43.955+0000] {processor.py:914} INFO - Processing file /home/airflow/.local/lib/python3.12/site-packages/airflow/example_dags/example_skip_dag.py for tasks to queue
[2026-08-12T04:42:43.959+0000] {logging_mixin.py:190} INFO - [2026-08-12T04:42:43.959+0000] {dagbag.py:587} INFO - Filling up the DagBag from /home/airflow/.local/lib/python3.12/site-packages/airflow/example_dags/example_skip_dag.py
[2026-08-12T04:42:43.971+0000] {processor.py:925} INFO - DAG(s) 'example_skip_dag' retrieved from /home/airflow/.local/lib/python3.12/site-packages/airflow/example_dags/example_skip_dag.py
[2026-08-12T04:42:44.000+0000] {logging_mixin.py:190} INFO - [2026-08-12T04:42:44.000+0000] {dag.py:3211} INFO - Sync 1 DAGs
[2026-08-12T04:42:44.025+0000] {logging_mixin.py:190} INFO - [2026-08-12T04:42:44.024+0000] {dag.py:4138} INFO - Setting next_dagrun for example_skip_dag to 2026-08-11 00:00:00+00:00, run_after=2026-08-12 00:00:00+00:00
[2026-08-12T04:42:44.047+0000] {processor.py:208} INFO - Processing /home/airflow/.local/lib/python3.12/site-packages/airflow/example_dags/example_skip_dag.py took 0.101 seconds
[2026-08-12T04:43:14.309+0000] {processor.py:186} INFO - Started process (PID=1329) to work on /home/airflow/.local/lib/python3.12/site-packages/airflow/example_dags/example_skip_dag.py
[2026-08-12T04:43:14.310+0000] {processor.py:914} INFO - Processing file /home/airflow/.local/lib/python3.12/site-packages/airflow/example_dags/example_skip_dag.py for tasks to queue
[2026-08-12T04:43:14.314+0000] {logging_mixin.py:190} INFO - [2026-08-12T04:43:14.314+0000] {dagbag.py:587} INFO - Filling up the DagBag from /home/airflow/.local/lib/python3.12/site-packages/airflow/example_dags/example_skip_dag.py
[2026-08-12T04:43:14.324+0000] {processor.py:925} INFO - DAG(s) 'example_skip_dag' retrieved from /home/airflow/.local/lib/python3.12/site-packages/airflow/example_dags/example_skip_dag.py
[2026-08-12T04:43:14.349+0000] {logging_mixin.py:190} INFO - [2026-08-12T04:43:14.349+0000] {dag.py:3211} INFO - Sync 1 DAGs
[2026-08-12T04:43:14.375+0000] {logging_mixin.py:190} INFO - [2026-08-12T04:43:14.375+0000] {dag.py:4138} INFO - Setting next_dagrun for example_skip_dag to 2026-08-11 00:00:00+00:00, run_after=2026-08-12 00:00:00+00:00
[2026-08-12T04:43:14.395+0000] {processor.py:208} INFO - Processing /home/airflow/.local/lib/python3.12/site-packages/airflow/example_dags/example_skip_dag.py took 0.093 seconds
[2026-08-12T04:43:44.746+0000] {processor.py:186} INFO - Started process (PID=1391) to work on /home/airflow/.local/lib/python3.12/site-packages/airflow/example_dags/example_skip_dag.py
[2026-08-12T04:43:44.747+0000] {processor.py:914} INFO - Processing file /home/airflow/.local/lib/python3.12/site-packages/airflow/example_dags/example_skip_dag.py for tasks to queue
[2026-08-12T04:43:44.750+0000] {logging_mixin.py:190} INFO - [2026-08-12T04:43:44.750+0000] {dagbag.py:587} INFO - Filling up the DagBag from /home/airflow/.local/lib/python3.12/site-packages/airflow/example_dags/example_skip_dag.py
[2026-08-12T04:43:44.760+0000] {processor.py:925} INFO - DAG(s) 'example_skip_dag' retrieved from /home/airflow/.local/lib/python3.12/site-packages/airflow/example_dags/example_skip_dag.py
[2026-08-12T04:43:44.788+0000] {logging_mixin.py:190} INFO - [2026-08-12T04:43:44.788+0000] {dag.py:3211} INFO - Sync 1 DAGs
[2026-08-12T04:43:44.816+0000] {logging_mixin.py:190} INFO - [2026-08-12T04:43:44.816+0000] {dag.py:4138} INFO - Setting next_dagrun for example_skip_dag to 2026-08-11 00:00:00+00:00, run_after=2026-08-12 00:00:00+00:00
[2026-08-12T04:43:44.843+0000] {processor.py:208} INFO - Processing /home/airflow/.local/lib/python3.12/site-packages/airflow/example_dags/example_skip_dag.py took 0.104 seconds
[2026-08-12T04:44:15.459+0000] {processor.py:186} INFO - Started process (PID=1453) to work on /home/airflow/.local/lib/python3.12/site-packages/airflow/example_dags/example_skip_dag.py
[2026-08-12T04:44:15.461+0000] {processor.py:914} INFO - Processing file /home/airflow/.local/lib/python3.12/site-packages/airflow/example_dags/example_skip_dag.py for tasks to queue
[2026-08-12T04:44:15.464+0000] {logging_mixin.py:190} INFO - [2026-08-12T04:44:15.464+0000] {dagbag.py:587} INFO - Filling up the DagBag from /home/airflow/.local/lib/python3.12/site-packages/airflow/example_dags/example_skip_dag.py
[2026-08-12T04:44:15.472+0000] {processor.py:925} INFO - DAG(s) 'example_skip_dag' retrieved from /home/airflow/.local/lib/python3.12/site-packages/airflow/example_dags/example_skip_dag.py
[2026-08-12T04:44:15.494+0000] {logging_mixin.py:190} INFO - [2026-08-12T04:44:15.494+0000] {dag.py:3211} INFO - Sync 1 DAGs
[2026-08-12T04:44:15.519+0000] {logging_mixin.py:190} INFO - [2026-08-12T04:44:15.519+0000] {dag.py:4138} INFO - Setting next_dagrun for example_skip_dag to 2026-08-11 00:00:00+00:00, run_after=2026-08-12 00:00:00+00:00
[2026-08-12T04:44:15.541+0000] {processor.py:208} INFO - Processing /home/airflow/.local/lib/python3.12/site-packages/airflow/example_dags/example_skip_dag.py took 0.089 seconds
[2026-08-12T04:44:45.788+0000] {processor.py:186} INFO - Started process (PID=1516) to work on /home/airflow/.local/lib/python3.12/site-packages/airflow/example_dags/example_skip_dag.py
[2026-08-12T04:44:45.789+0000] {processor.py:914} INFO - Processing file /home/airflow/.local/lib/python3.12/site-packages/airflow/example_dags/example_skip_dag.py for tasks to queue
[2026-08-12T04:44:45.793+0000] {logging_mixin.py:190} INFO - [2026-08-12T04:44:45.792+0000] {dagbag.py:587} INFO - Filling up the DagBag from /home/airflow/.local/lib/python3.12/site-packages/airflow/example_dags/example_skip_dag.py
[2026-08-12T04:44:45.801+0000] {processor.py:925} INFO - DAG(s) 'example_skip_dag' retrieved from /home/airflow/.local/lib/python3.12/site-packages/airflow/example_dags/example_skip_dag.py
[2026-08-12T04:44:45.825+0000] {logging_mixin.py:190} INFO - [2026-08-12T04:44:45.824+0000] {dag.py:3211} INFO - Sync 1 DAGs
[2026-08-12T04:44:45.848+0000] {logging_mixin.py:190} INFO - [2026-08-12T04:44:45.848+0000] {dag.py:4138} INFO - Setting next_dagrun for example_skip_dag to 2026-08-11 00:00:00+00:00, run_after=2026-08-12 00:00:00+00:00
[2026-08-12T04:44:45.870+0000] {processor.py:208} INFO - Processing /home/airflow/.local/lib/python3.12/site-packages/airflow/example_dags/example_skip_dag.py took 0.088 seconds
[2026-08-12T04:45:16.242+0000] {processor.py:186} INFO - Started process (PID=1578) to work on /home/airflow/.local/lib/python3.12/site-packages/airflow/example_dags/example_skip_dag.py
[2026-08-12T04:45:16.244+0000] {processor.py:914} INFO - Processing file /home/airflow/.local/lib/python3.12/site-packages/airflow/example_dags/example_skip_dag.py for tasks to queue
[2026-08-12T04:45:16.247+0000] {logging_mixin.py:190} INFO - [2026-08-12T04:45:16.247+0000] {dagbag.py:587} INFO - Filling up the DagBag from /home/airflow/.local/lib/python3.12/site-packages/airflow/example_dags/example_skip_dag.py
[2026-08-12T04:45:16.256+0000] {processor.py:925} INFO - DAG(s) 'example_skip_dag' retrieved from /home/airflow/.local/lib/python3.12/site-packages/airflow/example_dags/example_skip_dag.py
[2026-08-12T04:45:16.280+0000] {logging_mixin.py:190} INFO - [2026-08-12T04:45:16.280+0000] {dag.py:3211} INFO - Sync 1 DAGs
[2026-08-12T04:45:16.305+0000] {logging_mixin.py:190} INFO - [2026-08-12T04:45:16.305+0000] {dag.py:4138} INFO - Setting next_dagrun for example_skip_dag to 2026-08-11 00:00:00+00:00, run_after=2026-08-12 00:00:00+00:00
[2026-08-12T04:45:16.325+0000] {processor.py:208} INFO - Processing /home/airflow/.local/lib/python3.12/site-packages/airflow/example_dags/example_skip_dag.py took 0.089 seconds
[2026-08-12T04:45:46.819+0000] {processor.py:186} INFO - Started process (PID=1640) to work on /home/airflow/.local/lib/python3.12/site-packages/airflow/example_dags/example_skip_dag.py
[2026-08-12T04:45:46.821+0000] {processor.py:914} INFO - Processing file /home/airflow/.local/lib/python3.12/site-packages/airflow/example_dags/example_skip_dag.py for tasks to queue
[2026-08-12T04:45:46.825+0000] {logging_mixin.py:190} INFO - [2026-08-12T04:45:46.824+0000] {dagbag.py:587} INFO - Filling up the DagBag from /home/airflow/.local/lib/python3.12/site-packages/airflow/example_dags/example_skip_dag.py
[2026-08-12T04:45:46.835+0000] {processor.py:925} INFO - DAG(s) 'example_skip_dag' retrieved from /home/airflow/.local/lib/python3.12/site-packages/airflow/example_dags/example_skip_dag.py
[2026-08-12T04:45:46.908+0000] {logging_mixin.py:190} INFO - [2026-08-12T04:45:46.906+0000] {dag.py:3211} INFO - Sync 1 DAGs
[2026-08-12T04:45:46.937+0000] {logging_mixin.py:190} INFO - [2026-08-12T04:45:46.937+0000] {dag.py:4138} INFO - Setting next_dagrun for example_skip_dag to 2026-08-11 00:00:00+00:00, run_after=2026-08-12 00:00:00+00:00
[2026-08-12T04:45:46.971+0000] {processor.py:208} INFO - Processing /home/airflow/.local/lib/python3.12/site-packages/airflow/example_dags/example_skip_dag.py took 0.161 seconds
[2026-08-12T04:46:17.491+0000] {processor.py:186} INFO - Started process (PID=1702) to work on /home/airflow/.local/lib/python3.12/site-packages/airflow/example_dags/example_skip_dag.py
[2026-08-12T04:46:17.493+0000] {processor.py:914} INFO - Processing file /home/airflow/.local/lib/python3.12/site-packages/airflow/example_dags/example_skip_dag.py for tasks to queue
[2026-08-12T04:46:17.497+0000] {logging_mixin.py:190} INFO - [2026-08-12T04:46:17.496+0000] {dagbag.py:587} INFO - Filling up the DagBag from /home/airflow/.local/lib/python3.12/site-packages/airflow/example_dags/example_skip_dag.py
[2026-08-12T04:46:17.506+0000] {processor.py:925} INFO - DAG(s) 'example_skip_dag' retrieved from /home/airflow/.local/lib/python3.12/site-packages/airflow/example_dags/example_skip_dag.py
[2026-08-12T04:46:17.529+0000] {logging_mixin.py:190} INFO - [2026-08-12T04:46:17.529+0000] {dag.py:3211} INFO - Sync 1 DAGs
[2026-08-12T04:46:17.564+0000] {logging_mixin.py:190} INFO - [2026-08-12T04:46:17.563+0000] {dag.py:4138} INFO - Setting next_dagrun for example_skip_dag to 2026-08-11 00:00:00+00:00, run_after=2026-08-12 00:00:00+00:00
[2026-08-12T04:46:17.584+0000] {processor.py:208} INFO - Processing /home/airflow/.local/lib/python3.12/site-packages/airflow/example_dags/example_skip_dag.py took 0.099 seconds
[2026-08-12T04:46:48.032+0000] {processor.py:186} INFO - Started process (PID=1764) to work on /home/airflow/.local/lib/python3.12/site-packages/airflow/example_dags/example_skip_dag.py
[2026-08-12T04:46:48.034+0000] {processor.py:914} INFO - Processing file /home/airflow/.local/lib/python3.12/site-packages/airflow/example_dags/example_skip_dag.py for tasks to queue
[2026-08-12T04:46:48.036+0000] {logging_mixin.py:190} INFO - [2026-08-12T04:46:48.036+0000] {dagbag.py:587} INFO - Filling up the DagBag from /home/airflow/.local/lib/python3.12/site-packages/airflow/example_dags/example_skip_dag.py
[2026-08-12T04:46:48.044+0000] {processor.py:925} INFO - DAG(s) 'example_skip_dag' retrieved from /home/airflow/.local/lib/python3.12/site-packages/airflow/example_dags/example_skip_dag.py
[2026-08-12T04:46:48.067+0000] {logging_mixin.py:190} INFO - [2026-08-12T04:46:48.067+0000] {dag.py:3211} INFO - Sync 1 DAGs
[2026-08-12T04:46:48.092+0000] {logging_mixin.py:190} INFO - [2026-08-12T04:46:48.092+0000] {dag.py:4138} INFO - Setting next_dagrun for example_skip_dag to 2026-08-11 00:00:00+00:00, run_after=2026-08-12 00:00:00+00:00
[2026-08-12T04:46:48.113+0000] {processor.py:208} INFO - Processing /home/airflow/.local/lib/python3.12/site-packages/airflow/example_dags/example_skip_dag.py took 0.086 seconds
[2026-08-12T04:47:18.642+0000] {processor.py:186} INFO - Started process (PID=1826) to work on /home/airflow/.local/lib/python3.12/site-packages/airflow/example_dags/example_skip_dag.py
[2026-08-12T04:47:18.643+0000] {processor.py:914} INFO - Processing file /home/airflow/.local/lib/python3.12/site-packages/airflow/example_dags/example_skip_dag.py for tasks to queue
[2026-08-12T04:47:18.646+0000] {logging_mixin.py:190} INFO - [2026-08-12T04:47:18.646+0000] {dagbag.py:587} INFO - Filling up the DagBag from /home/airflow/.local/lib/python3.12/site-packages/airflow/example_dags/example_skip_dag.py
[2026-08-12T04:47:18.654+0000] {processor.py:925} INFO - DAG(s) 'example_skip_dag' retrieved from /home/airflow/.local/lib/python3.12/site-packages/airflow/example_dags/example_skip_dag.py
[2026-08-12T04:47:18.675+0000] {logging_mixin.py:190} INFO - [2026-08-12T04:47:18.675+0000] {dag.py:3211} INFO - Sync 1 DAGs
[2026-08-12T04:47:18.705+0000] {logging_mixin.py:190} INFO - [2026-08-12T04:47:18.705+0000] {dag.py:4138} INFO - Setting next_dagrun for example_skip_dag to 2026-08-11 00:00:00+00:00, run_after=2026-08-12 00:00:00+00:00
[2026-08-12T04:47:18.728+0000] {processor.py:208} INFO - Processing /home/airflow/.local/lib/python3.12/site-packages/airflow/example_dags/example_skip_dag.py took 0.092 seconds
[2026-08-12T04:47:49.586+0000] {processor.py:186} INFO - Started process (PID=1888) to work on /home/airflow/.local/lib/python3.12/site-packages/airflow/example_dags/example_skip_dag.py
[2026-08-12T04:47:49.588+0000] {processor.py:914} INFO - Processing file /home/airflow/.local/lib/python3.12/site-packages/airflow/example_dags/example_skip_dag.py for tasks to queue
[2026-08-12T04:47:49.591+0000] {logging_mixin.py:190} INFO - [2026-08-12T04:47:49.591+0000] {dagbag.py:587} INFO - Filling up the DagBag from /home/airflow/.local/lib/python3.12/site-packages/airflow/example_dags/example_skip_dag.py
[2026-08-12T04:47:49.600+0000] {processor.py:925} INFO - DAG(s) 'example_skip_dag' retrieved from /home/airflow/.local/lib/python3.12/site-packages/airflow/example_dags/example_skip_dag.py
[2026-08-12T04:47:49.622+0000] {logging_mixin.py:190} INFO - [2026-08-12T04:47:49.622+0000] {dag.py:3211} INFO - Sync 1 DAGs
[2026-08-12T04:47:49.644+0000] {logging_mixin.py:190} INFO - [2026-08-12T04:47:49.644+0000] {dag.py:4138} INFO - Setting next_dagrun for example_skip_dag to 2026-08-11 00:00:00+00:00, run_after=2026-08-12 00:00:00+00:00
[2026-08-12T04:47:49.664+0000] {processor.py:208} INFO - Processing /home/airflow/.local/lib/python3.12/site-packages/airflow/example_dags/example_skip_dag.py took 0.084 seconds
[2026-08-12T04:48:20.046+0000] {processor.py:186} INFO - Started process (PID=1951) to work on /home/airflow/.local/lib/python3.12/site-packages/airflow/example_dags/example_skip_dag.py
[2026-08-12T04:48:20.048+0000] {processor.py:914} INFO - Processing file /home/airflow/.local/lib/python3.12/site-packages/airflow/example_dags/example_skip_dag.py for tasks to queue
[2026-08-12T04:48:20.052+0000] {logging_mixin.py:190} INFO - [2026-08-12T04:48:20.052+0000] {dagbag.py:587} INFO - Filling up the DagBag from /home/airflow/.local/lib/python3.12/site-packages/airflow/example_dags/example_skip_dag.py
[2026-08-12T04:48:20.071+0000] {processor.py:925} INFO - DAG(s) 'example_skip_dag' retrieved from /home/airflow/.local/lib/python3.12/site-packages/airflow/example_dags/example_skip_dag.py
[2026-08-12T04:48:20.107+0000] {logging_mixin.py:190} INFO - [2026-08-12T04:48:20.107+0000] {dag.py:3211} INFO - Sync 1 DAGs
[2026-08-12T04:48:20.150+0000] {logging_mixin.py:190} INFO - [2026-08-12T04:48:20.150+0000] {dag.py:4138} INFO - Setting next_dagrun for example_skip_dag to 2026-08-11 00:00:00+00:00, run_after=2026-08-12 00:00:00+00:00
[2026-08-12T04:48:20.180+0000] {processor.py:208} INFO - Processing /home/airflow/.local/lib/python3.12/site-packages/airflow/example_dags/example_skip_dag.py took 0.144 seconds
[2026-08-12T04:48:51.017+0000] {processor.py:186} INFO - Started process (PID=2014) to work on /home/airflow/.local/lib/python3.12/site-packages/airflow/example_dags/example_skip_dag.py
[2026-08-12T04:48:51.019+0000] {processor.py:914} INFO - Processing file /home/airflow/.local/lib/python3.12/site-packages/airflow/example_dags/example_skip_dag.py for tasks to queue
[2026-08-12T04:48:51.023+0000] {logging_mixin.py:190} INFO - [2026-08-12T04:48:51.022+0000] {dagbag.py:587} INFO - Filling up the DagBag from /home/airflow/.local/lib/python3.12/site-packages/airflow/example_dags/example_skip_dag.py
[2026-08-12T04:48:51.032+0000] {processor.py:925} INFO - DAG(s) 'example_skip_dag' retrieved from /home/airflow/.local/lib/python3.12/site-packages/airflow/example_dags/example_skip_dag.py
[2026-08-12T04:48:51.060+0000] {logging_mixin.py:190} INFO - [2026-08-12T04:48:51.059+0000] {dag.py:3211} INFO - Sync 1 DAGs
[2026-08-12T04:48:51.088+0000] {logging_mixin.py:190} INFO - [2026-08-12T04:48:51.088+0000] {dag.py:4138} INFO - Setting next_dagrun for example_skip_dag to 2026-08-11 00:00:00+00:00, run_after=2026-08-12 00:00:00+00:00
[2026-08-12T04:48:51.110+0000] {processor.py:208} INFO - Processing /home/airflow/.local/lib/python3.12/site-packages/airflow/example_dags/example_skip_dag.py took 0.099 seconds
[2026-08-12T04:49:21.326+0000] {processor.py:186} INFO - Started process (PID=2076) to work on /home/airflow/.local/lib/python3.12/site-packages/airflow/example_dags/example_skip_dag.py
[2026-08-12T04:49:21.327+0000] {processor.py:914} INFO - Processing file /home/airflow/.local/lib/python3.12/site-packages/airflow/example_dags/example_skip_dag.py for tasks to queue
[2026-08-12T04:49:21.330+0000] {logging_mixin.py:190} INFO - [2026-08-12T04:49:21.330+0000] {dagbag.py:587} INFO - Filling up the DagBag from /home/airflow/.local/lib/python3.12/site-packages/airflow/example_dags/example_skip_dag.py
[2026-08-12T04:49:21.339+0000] {processor.py:925} INFO - DAG(s) 'example_skip_dag' retrieved from /home/airflow/.local/lib/python3.12/site-packages/airflow/example_dags/example_skip_dag.py
[2026-08-12T04:49:21.361+0000] {logging_mixin.py:190} INFO - [2026-08-12T04:49:21.360+0000] {dag.py:3211} INFO - Sync 1 DAGs
[2026-08-12T04:49:21.385+0000] {logging_mixin.py:190} INFO - [2026-08-12T04:49:21.384+0000] {dag.py:4138} INFO - Setting next_dagrun for example_skip_dag to 2026-08-11 00:00:00+00:00, run_after=2026-08-12 00:00:00+00:00
[2026-08-12T04:49:21.406+0000] {processor.py:208} INFO - Processing /home/airflow/.local/lib/python3.12/site-packages/airflow/example_dags/example_skip_dag.py took 0.088 seconds
[2026-08-12T04:49:51.908+0000] {processor.py:186} INFO - Started process (PID=2140) to work on /home/airflow/.local/lib/python3.12/site-packages/airflow/example_dags/example_skip_dag.py
[2026-08-12T04:49:51.910+0000] {processor.py:914} INFO - Processing file /home/airflow/.local/lib/python3.12/site-packages/airflow/example_dags/example_skip_dag.py for tasks to queue
[2026-08-12T04:49:51.913+0000] {logging_mixin.py:190} INFO - [2026-08-12T04:49:51.913+0000] {dagbag.py:587} INFO - Filling up the DagBag from /home/airflow/.local/lib/python3.12/site-packages/airflow/example_dags/example_skip_dag.py
[2026-08-12T04:49:51.922+0000] {processor.py:925} INFO - DAG(s) 'example_skip_dag' retrieved from /home/airflow/.local/lib/python3.12/site-packages/airflow/example_dags/example_skip_dag.py
[2026-08-12T04:49:51.946+0000] {logging_mixin.py:190} INFO - [2026-08-12T04:49:51.945+0000] {dag.py:3211} INFO - Sync 1 DAGs
[2026-08-12T04:49:51.975+0000] {logging_mixin.py:190} INFO - [2026-08-12T04:49:51.975+0000] {dag.py:4138} INFO - Setting next_dagrun for example_skip_dag to 2026-08-11 00:00:00+00:00, run_after=2026-08-12 00:00:00+00:00
[2026-08-12T04:49:52.004+0000] {processor.py:208} INFO - Processing /home/airflow/.local/lib/python3.12/site-packages/airflow/example_dags/example_skip_dag.py took 0.101 seconds
[2026-08-12T04:50:22.225+0000] {processor.py:186} INFO - Started process (PID=2204) to work on /home/airflow/.local/lib/python3.12/site-packages/airflow/example_dags/example_skip_dag.py
[2026-08-12T04:50:22.226+0000] {processor.py:914} INFO - Processing file /home/airflow/.local/lib/python3.12/site-packages/airflow/example_dags/example_skip_dag.py for tasks to queue
[2026-08-12T04:50:22.229+0000] {logging_mixin.py:190} INFO - [2026-08-12T04:50:22.229+0000] {dagbag.py:587} INFO - Filling up the DagBag from /home/airflow/.local/lib/python3.12/site-packages/airflow/example_dags/example_skip_dag.py
[2026-08-12T04:50:22.237+0000] {processor.py:925} INFO - DAG(s) 'example_skip_dag' retrieved from /home/airflow/.local/lib/python3.12/site-packages/airflow/example_dags/example_skip_dag.py
[2026-08-12T04:50:22.258+0000] {logging_mixin.py:190} INFO - [2026-08-12T04:50:22.258+0000] {dag.py:3211} INFO - Sync 1 DAGs
[2026-08-12T04:50:22.283+0000] {logging_mixin.py:190} INFO - [2026-08-12T04:50:22.283+0000] {dag.py:4138} INFO - Setting next_dagrun for example_skip_dag to 2026-08-11 00:00:00+00:00, run_after=2026-08-12 00:00:00+00:00
[2026-08-12T04:50:22.302+0000] {processor.py:208} INFO - Processing /home/airflow/.local/lib/python3.12/site-packages/airflow/example_dags/example_skip_dag.py took 0.083 seconds
[2026-08-12T04:50:52.979+0000] {processor.py:186} INFO - Started process (PID=2267) to work on /home/airflow/.local/lib/python3.12/site-packages/airflow/example_dags/example_skip_dag.py
[2026-08-12T04:50:52.981+0000] {processor.py:914} INFO - Processing file /home/airflow/.local/lib/python3.12/site-packages/airflow/example_dags/example_skip_dag.py for tasks to queue
[2026-08-12T04:50:52.985+0000] {logging_mixin.py:190} INFO - [2026-08-12T04:50:52.984+0000] {dagbag.py:587} INFO - Filling up the DagBag from /home/airflow/.local/lib/python3.12/site-packages/airflow/example_dags/example_skip_dag.py
[2026-08-12T04:50:52.993+0000] {processor.py:925} INFO - DAG(s) 'example_skip_dag' retrieved from /home/airflow/.local/lib/python3.12/site-packages/airflow/example_dags/example_skip_dag.py
[2026-08-12T04:50:53.012+0000] {logging_mixin.py:190} INFO - [2026-08-12T04:50:53.012+0000] {dag.py:3211} INFO - Sync 1 DAGs
[2026-08-12T04:50:53.037+0000] {logging_mixin.py:190} INFO - [2026-08-12T04:50:53.037+0000] {dag.py:4138} INFO - Setting next_dagrun for example_skip_dag to 2026-08-11 00:00:00+00:00, run_after=2026-08-12 00:00:00+00:00
[2026-08-12T04:50:53.059+0000] {processor.py:208} INFO - Processing /home/airflow/.local/lib/python3.12/site-packages/airflow/example_dags/example_skip_dag.py took 0.086 seconds
[2026-08-12T04:51:23.561+0000] {processor.py:186} INFO - Started process (PID=2330) to work on /home/airflow/.local/lib/python3.12/site-packages/airflow/example_dags/example_skip_dag.py
[2026-08-12T04:51:23.562+0000] {processor.py:914} INFO - Processing file /home/airflow/.local/lib/python3.12/site-packages/airflow/example_dags/example_skip_dag.py for tasks to queue
[2026-08-12T04:51:23.566+0000] {logging_mixin.py:190} INFO - [2026-08-12T04:51:23.565+0000] {dagbag.py:587} INFO - Filling up the DagBag from /home/airflow/.local/lib/python3.12/site-packages/airflow/example_dags/example_skip_dag.py
[2026-08-12T04:51:23.574+0000] {processor.py:925} INFO - DAG(s) 'example_skip_dag' retrieved from /home/airflow/.local/lib/python3.12/site-packages/airflow/example_dags/example_skip_dag.py
[2026-08-12T04:51:23.595+0000] {logging_mixin.py:190} INFO - [2026-08-12T04:51:23.595+0000] {dag.py:3211} INFO - Sync 1 DAGs
[2026-08-12T04:51:23.619+0000] {logging_mixin.py:190} INFO - [2026-08-12T04:51:23.618+0000] {dag.py:4138} INFO - Setting next_dagrun for example_skip_dag to 2026-08-11 00:00:00+00:00, run_after=2026-08-12 00:00:00+00:00
[2026-08-12T04:51:23.640+0000] {processor.py:208} INFO - Processing /home/airflow/.local/lib/python3.12/site-packages/airflow/example_dags/example_skip_dag.py took 0.086 seconds
[2026-08-12T04:51:54.498+0000] {processor.py:186} INFO - Started process (PID=2393) to work on /home/airflow/.local/lib/python3.12/site-packages/airflow/example_dags/example_skip_dag.py
[2026-08-12T04:51:54.499+0000] {processor.py:914} INFO - Processing file /home/airflow/.local/lib/python3.12/site-packages/airflow/example_dags/example_skip_dag.py for tasks to queue
[2026-08-12T04:51:54.503+0000] {logging_mixin.py:190} INFO - [2026-08-12T04:51:54.503+0000] {dagbag.py:587} INFO - Filling up the DagBag from /home/airflow/.local/lib/python3.12/site-packages/airflow/example_dags/example_skip_dag.py
[2026-08-12T04:51:54.513+0000] {processor.py:925} INFO - DAG(s) 'example_skip_dag' retrieved from /home/airflow/.local/lib/python3.12/site-packages/airflow/example_dags/example_skip_dag.py
[2026-08-12T04:51:54.547+0000] {logging_mixin.py:190} INFO - [2026-08-12T04:51:54.547+0000] {dag.py:3211} INFO - Sync 1 DAGs
[2026-08-12T04:51:54.575+0000] {logging_mixin.py:190} INFO - [2026-08-12T04:51:54.575+0000] {dag.py:4138} INFO - Setting next_dagrun for example_skip_dag to 2026-08-11 00:00:00+00:00, run_after=2026-08-12 00:00:00+00:00
[2026-08-12T04:51:54.595+0000] {processor.py:208} INFO - Processing /home/airflow/.local/lib/python3.12/site-packages/airflow/example_dags/example_skip_dag.py took 0.106 seconds
[2026-08-12T04:52:24.723+0000] {processor.py:186} INFO - Started process (PID=2456) to work on /home/airflow/.local/lib/python3.12/site-packages/airflow/example_dags/example_skip_dag.py
[2026-08-12T04:52:24.724+0000] {processor.py:914} INFO - Processing file /home/airflow/.local/lib/python3.12/site-packages/airflow/example_dags/example_skip_dag.py for tasks to queue
[2026-08-12T04:52:24.727+0000] {logging_mixin.py:190} INFO - [2026-08-12T04:52:24.726+0000] {dagbag.py:587} INFO - Filling up the DagBag from /home/airflow/.local/lib/python3.12/site-packages/airflow/example_dags/example_skip_dag.py
[2026-08-12T04:52:24.734+0000] {processor.py:925} INFO - DAG(s) 'example_skip_dag' retrieved from /home/airflow/.local/lib/python3.12/site-packages/airflow/example_dags/example_skip_dag.py
[2026-08-12T04:52:24.754+0000] {logging_mixin.py:190} INFO - [2026-08-12T04:52:24.754+0000] {dag.py:3211} INFO - Sync 1 DAGs
[2026-08-12T04:52:24.775+0000] {logging_mixin.py:190} INFO - [2026-08-12T04:52:24.775+0000] {dag.py:4138} INFO - Setting next_dagrun for example_skip_dag to 2026-08-11 00:00:00+00:00, run_after=2026-08-12 00:00:00+00:00
[2026-08-12T04:52:24.794+0000] {processor.py:208} INFO - Processing /home/airflow/.local/lib/python3.12/site-packages/airflow/example_dags/example_skip_dag.py took 0.077 seconds
[2026-08-12T04:52:55.657+0000] {processor.py:186} INFO - Started process (PID=2519) to work on /home/airflow/.local/lib/python3.12/site-packages/airflow/example_dags/example_skip_dag.py
[2026-08-12T04:52:55.659+0000] {processor.py:914} INFO - Processing file /home/airflow/.local/lib/python3.12/site-packages/airflow/example_dags/example_skip_dag.py for tasks to queue
[2026-08-12T04:52:55.662+0000] {logging_mixin.py:190} INFO - [2026-08-12T04:52:55.661+0000] {dagbag.py:587} INFO - Filling up the DagBag from /home/airflow/.local/lib/python3.12/site-packages/airflow/example_dags/example_skip_dag.py
[2026-08-12T04:52:55.671+0000] {processor.py:925} INFO - DAG(s) 'example_skip_dag' retrieved from /home/airflow/.local/lib/python3.12/site-packages/airflow/example_dags/example_skip_dag.py
[2026-08-12T04:52:55.692+0000] {logging_mixin.py:190} INFO - [2026-08-12T04:52:55.692+0000] {dag.py:3211} INFO - Sync 1 DAGs
[2026-08-12T04:52:55.714+0000] {logging_mixin.py:190} INFO - [2026-08-12T04:52:55.714+0000] {dag.py:4138} INFO - Setting next_dagrun for example_skip_dag to 2026-08-11 00:00:00+00:00, run_after=2026-08-12 00:00:00+00:00
[2026-08-12T04:52:55.737+0000] {processor.py:208} INFO - Processing /home/airflow/.local/lib/python3.12/site-packages/airflow/example_dags/example_skip_dag.py took 0.086 seconds
[2026-08-12T04:53:26.617+0000] {processor.py:186} INFO - Started process (PID=2582) to work on /home/airflow/.local/lib/python3.12/site-packages/airflow/example_dags/example_skip_dag.py
[2026-08-12T04:53:26.619+0000] {processor.py:914} INFO - Processing file /home/airflow/.local/lib/python3.12/site-packages/airflow/example_dags/example_skip_dag.py for tasks to queue
[2026-08-12T04:53:26.622+0000] {logging_mixin.py:190} INFO - [2026-08-12T04:53:26.621+0000] {dagbag.py:587} INFO - Filling up the DagBag from /home/airflow/.local/lib/python3.12/site-packages/airflow/example_dags/example_skip_dag.py
[2026-08-12T04:53:26.631+0000] {processor.py:925} INFO - DAG(s) 'example_skip_dag' retrieved from /home/airflow/.local/lib/python3.12/site-packages/airflow/example_dags/example_skip_dag.py
[2026-08-12T04:53:26.653+0000] {logging_mixin.py:190} INFO - [2026-08-12T04:53:26.653+0000] {dag.py:3211} INFO - Sync 1 DAGs
[2026-08-12T04:53:26.685+0000] {logging_mixin.py:190} INFO - [2026-08-12T04:53:26.685+0000] {dag.py:4138} INFO - Setting next_dagrun for example_skip_dag to 2026-08-11 00:00:00+00:00, run_after=2026-08-12 00:00:00+00:00
[2026-08-12T04:53:26.706+0000] {processor.py:208} INFO - Processing /home/airflow/.local/lib/python3.12/site-packages/airflow/example_dags/example_skip_dag.py took 0.095 seconds
[2026-08-12T04:53:57.425+0000] {processor.py:186} INFO - Started process (PID=2645) to work on /home/airflow/.local/lib/python3.12/site-packages/airflow/example_dags/example_skip_dag.py
[2026-08-12T04:53:57.426+0000] {processor.py:914} INFO - Processing file /home/airflow/.local/lib/python3.12/site-packages/airflow/example_dags/example_skip_dag.py for tasks to queue
[2026-08-12T04:53:57.429+0000] {logging_mixin.py:190} INFO - [2026-08-12T04:53:57.428+0000] {dagbag.py:587} INFO - Filling up the DagBag from /home/airflow/.local/lib/python3.12/site-packages/airflow/example_dags/example_skip_dag.py
[2026-08-12T04:53:57.436+0000] {processor.py:925} INFO - DAG(s) 'example_skip_dag' retrieved from /home/airflow/.local/lib/python3.12/site-packages/airflow/example_dags/example_skip_dag.py
[2026-08-12T04:53:57.455+0000] {logging_mixin.py:190} INFO - [2026-08-12T04:53:57.455+0000] {dag.py:3211} INFO - Sync 1 DAGs
[2026-08-12T04:53:57.476+0000] {logging_mixin.py:190} INFO - [2026-08-12T04:53:57.476+0000] {dag.py:4138} INFO - Setting next_dagrun for example_skip_dag to 2026-08-11 00:00:00+00:00, run_after=2026-08-12 00:00:00+00:00
[2026-08-12T04:53:57.494+0000] {processor.py:208} INFO - Processing /home/airflow/.local/lib/python3.12/site-packages/airflow/example_dags/example_skip_dag.py took 0.074 seconds
[2026-08-12T04:54:28.309+0000] {processor.py:186} INFO - Started process (PID=2708) to work on /home/airflow/.local/lib/python3.12/site-packages/airflow/example_dags/example_skip_dag.py
[2026-08-12T04:54:28.310+0000] {processor.py:914} INFO - Processing file /home/airflow/.local/lib/python3.12/site-packages/airflow/example_dags/example_skip_dag.py for tasks to queue
[2026-08-12T04:54:28.313+0000] {logging_mixin.py:190} INFO - [2026-08-12T04:54:28.312+0000] {dagbag.py:587} INFO - Filling up the DagBag from /home/airflow/.local/lib/python3.12/site-packages/airflow/example_dags/example_skip_dag.py
[2026-08-12T04:54:28.320+0000] {processor.py:925} INFO - DAG(s) 'example_skip_dag' retrieved from /home/airflow/.local/lib/python3.12/site-packages/airflow/example_dags/example_skip_dag.py
[2026-08-12T04:54:28.341+0000] {logging_mixin.py:190} INFO - [2026-08-12T04:54:28.341+0000] {dag.py:3211} INFO - Sync 1 DAGs
[2026-08-12T04:54:28.362+0000] {logging_mixin.py:190} INFO - [2026-08-12T04:54:28.362+0000] {dag.py:4138} INFO - Setting next_dagrun for example_skip_dag to 2026-08-11 00:00:00+00:00, run_after=2026-08-12 00:00:00+00:00
[2026-08-12T04:54:28.380+0000] {processor.py:208} INFO - Processing /home/airflow/.local/lib/python3.12/site-packages/airflow/example_dags/example_skip_dag.py took 0.077 seconds
[2026-08-12T04:54:58.880+0000] {processor.py:186} INFO - Started process (PID=2771) to work on /home/airflow/.local/lib/python3.12/site-packages/airflow/example_dags/example_skip_dag.py
[2026-08-12T04:54:58.881+0000] {processor.py:914} INFO - Processing file /home/airflow/.local/lib/python3.12/site-packages/airflow/example_dags/example_skip_dag.py for tasks to queue
[2026-08-12T04:54:58.885+0000] {logging_mixin.py:190} INFO - [2026-08-12T04:54:58.884+0000] {dagbag.py:587} INFO - Filling up the DagBag from /home/airflow/.local/lib/python3.12/site-packages/airflow/example_dags/example_skip_dag.py
[2026-08-12T04:54:58.895+0000] {processor.py:925} INFO - DAG(s) 'example_skip_dag' retrieved from /home/airflow/.local/lib/python3.12/site-packages/airflow/example_dags/example_skip_dag.py
[2026-08-12T04:54:58.916+0000] {logging_mixin.py:190} INFO - [2026-08-12T04:54:58.916+0000] {dag.py:3211} INFO - Sync 1 DAGs
[2026-08-12T04:54:58.942+0000] {logging_mixin.py:190} INFO - [2026-08-12T04:54:58.941+0000] {dag.py:4138} INFO - Setting next_dagrun for example_skip_dag to 2026-08-11 00:00:00+00:00, run_after=2026-08-12 00:00:00+00:00
[2026-08-12T04:54:58.969+0000] {processor.py:208} INFO - Processing /home/airflow/.local/lib/python3.12/site-packages/airflow/example_dags/example_skip_dag.py took 0.098 seconds
[2026-08-12T04:55:29.648+0000] {processor.py:186} INFO - Started process (PID=2834) to work on /home/airflow/.local/lib/python3.12/site-packages/airflow/example_dags/example_skip_dag.py
[2026-08-12T04:55:29.650+0000] {processor.py:914} INFO - Processing file /home/airflow/.local/lib/python3.12/site-packages/airflow/example_dags/example_skip_dag.py for tasks to queue
[2026-08-12T04:55:29.653+0000] {logging_mixin.py:190} INFO - [2026-08-12T04:55:29.653+0000] {dagbag.py:587} INFO - Filling up the DagBag from /home/airflow/.local/lib/python3.12/site-packages/airflow/example_dags/example_skip_dag.py
[2026-08-12T04:55:29.661+0000] {processor.py:925} INFO - DAG(s) 'example_skip_dag' retrieved from /home/airflow/.local/lib/python3.12/site-packages/airflow/example_dags/example_skip_dag.py
[2026-08-12T04:55:29.686+0000] {logging_mixin.py:190} INFO - [2026-08-12T04:55:29.685+0000] {dag.py:3211} INFO - Sync 1 DAGs
[2026-08-12T04:55:29.715+0000] {logging_mixin.py:190} INFO - [2026-08-12T04:55:29.714+0000] {dag.py:4138} INFO - Setting next_dagrun for example_skip_dag to 2026-08-11 00:00:00+00:00, run_after=2026-08-12 00:00:00+00:00
[2026-08-12T04:55:29.739+0000] {processor.py:208} INFO - Processing /home/airflow/.local/lib/python3.12/site-packages/airflow/example_dags/example_skip_dag.py took 0.096 seconds
[2026-08-12T04:56:00.264+0000] {processor.py:186} INFO - Started process (PID=2897) to work on /home/airflow/.local/lib/python3.12/site-packages/airflow/example_dags/example_skip_dag.py
[2026-08-12T04:56:00.266+0000] {processor.py:914} INFO - Processing file /home/airflow/.local/lib/python3.12/site-packages/airflow/example_dags/example_skip_dag.py for tasks to queue
[2026-08-12T04:56:00.268+0000] {logging_mixin.py:190} INFO - [2026-08-12T04:56:00.268+0000] {dagbag.py:587} INFO - Filling up the DagBag from /home/airflow/.local/lib/python3.12/site-packages/airflow/example_dags/example_skip_dag.py
[2026-08-12T04:56:00.276+0000] {processor.py:925} INFO - DAG(s) 'example_skip_dag' retrieved from /home/airflow/.local/lib/python3.12/site-packages/airflow/example_dags/example_skip_dag.py
[2026-08-12T04:56:00.297+0000] {logging_mixin.py:190} INFO - [2026-08-12T04:56:00.296+0000] {dag.py:3211} INFO - Sync 1 DAGs
[2026-08-12T04:56:00.318+0000] {logging_mixin.py:190} INFO - [2026-08-12T04:56:00.318+0000] {dag.py:4138} INFO - Setting next_dagrun for example_skip_dag to 2026-08-11 00:00:00+00:00, run_after=2026-08-12 00:00:00+00:00
[2026-08-12T04:56:00.336+0000] {processor.py:208} INFO - Processing /home/airflow/.local/lib/python3.12/site-packages/airflow/example_dags/example_skip_dag.py took 0.077 seconds
[2026-08-12T04:56:30.910+0000] {processor.py:186} INFO - Started process (PID=2960) to work on /home/airflow/.local/lib/python3.12/site-packages/airflow/example_dags/example_skip_dag.py
[2026-08-12T04:56:30.912+0000] {processor.py:914} INFO - Processing file /home/airflow/.local/lib/python3.12/site-packages/airflow/example_dags/example_skip_dag.py for tasks to queue
[2026-08-12T04:56:30.915+0000] {logging_mixin.py:190} INFO - [2026-08-12T04:56:30.914+0000] {dagbag.py:587} INFO - Filling up the DagBag from /home/airflow/.local/lib/python3.12/site-packages/airflow/example_dags/example_skip_dag.py
[2026-08-12T04:56:30.923+0000] {processor.py:925} INFO - DAG(s) 'example_skip_dag' retrieved from /home/airflow/.local/lib/python3.12/site-packages/airflow/example_dags/example_skip_dag.py
[2026-08-12T04:56:30.943+0000] {logging_mixin.py:190} INFO - [2026-08-12T04:56:30.943+0000] {dag.py:3211} INFO - Sync 1 DAGs
[2026-08-12T04:56:30.964+0000] {logging_mixin.py:190} INFO - [2026-08-12T04:56:30.964+0000] {dag.py:4138} INFO - Setting next_dagrun for example_skip_dag to 2026-08-11 00:00:00+00:00, run_after=2026-08-12 00:00:00+00:00
[2026-08-12T04:56:30.983+0000] {processor.py:208} INFO - Processing /home/airflow/.local/lib/python3.12/site-packages/airflow/example_dags/example_skip_dag.py took 0.079 seconds
[2026-08-12T04:57:01.283+0000] {processor.py:186} INFO - Started process (PID=3023) to work on /home/airflow/.local/lib/python3.12/site-packages/airflow/example_dags/example_skip_dag.py
[2026-08-12T04:57:01.285+0000] {processor.py:914} INFO - Processing file /home/airflow/.local/lib/python3.12/site-packages/airflow/example_dags/example_skip_dag.py for tasks to queue
[2026-08-12T04:57:01.289+0000] {logging_mixin.py:190} INFO - [2026-08-12T04:57:01.289+0000] {dagbag.py:587} INFO - Filling up the DagBag from /home/airflow/.local/lib/python3.12/site-packages/airflow/example_dags/example_skip_dag.py
[2026-08-12T04:57:01.300+0000] {processor.py:925} INFO - DAG(s) 'example_skip_dag' retrieved from /home/airflow/.local/lib/python3.12/site-packages/airflow/example_dags/example_skip_dag.py
[2026-08-12T04:57:01.326+0000] {logging_mixin.py:190} INFO - [2026-08-12T04:57:01.326+0000] {dag.py:3211} INFO - Sync 1 DAGs
[2026-08-12T04:57:01.350+0000] {logging_mixin.py:190} INFO - [2026-08-12T04:57:01.350+0000] {dag.py:4138} INFO - Setting next_dagrun for example_skip_dag to 2026-08-11 00:00:00+00:00, run_after=2026-08-12 00:00:00+00:00
[2026-08-12T04:57:01.650+0000] {processor.py:208} INFO - Processing /home/airflow/.local/lib/python3.12/site-packages/airflow/example_dags/example_skip_dag.py took 0.375 seconds
[2026-08-12T04:57:32.680+0000] {processor.py:186} INFO - Started process (PID=3086) to work on /home/airflow/.local/lib/python3.12/site-packages/airflow/example_dags/example_skip_dag.py
[2026-08-12T04:57:32.681+0000] {processor.py:914} INFO - Processing file /home/airflow/.local/lib/python3.12/site-packages/airflow/example_dags/example_skip_dag.py for tasks to queue
[2026-08-12T04:57:32.684+0000] {logging_mixin.py:190} INFO - [2026-08-12T04:57:32.684+0000] {dagbag.py:587} INFO - Filling up the DagBag from /home/airflow/.local/lib/python3.12/site-packages/airflow/example_dags/example_skip_dag.py
[2026-08-12T04:57:32.692+0000] {processor.py:925} INFO - DAG(s) 'example_skip_dag' retrieved from /home/airflow/.local/lib/python3.12/site-packages/airflow/example_dags/example_skip_dag.py
[2026-08-12T04:57:32.714+0000] {logging_mixin.py:190} INFO - [2026-08-12T04:57:32.714+0000] {dag.py:3211} INFO - Sync 1 DAGs
[2026-08-12T04:57:32.736+0000] {logging_mixin.py:190} INFO - [2026-08-12T04:57:32.736+0000] {dag.py:4138} INFO - Setting next_dagrun for example_skip_dag to 2026-08-11 00:00:00+00:00, run_after=2026-08-12 00:00:00+00:00
[2026-08-12T04:57:32.756+0000] {processor.py:208} INFO - Processing /home/airflow/.local/lib/python3.12/site-packages/airflow/example_dags/example_skip_dag.py took 0.082 seconds
[2026-08-12T04:58:03.699+0000] {processor.py:186} INFO - Started process (PID=3155) to work on /home/airflow/.local/lib/python3.12/site-packages/airflow/example_dags/example_skip_dag.py
[2026-08-12T04:58:03.701+0000] {processor.py:914} INFO - Processing file /home/airflow/.local/lib/python3.12/site-packages/airflow/example_dags/example_skip_dag.py for tasks to queue
[2026-08-12T04:58:03.704+0000] {logging_mixin.py:190} INFO - [2026-08-12T04:58:03.704+0000] {dagbag.py:587} INFO - Filling up the DagBag from /home/airflow/.local/lib/python3.12/site-packages/airflow/example_dags/example_skip_dag.py
[2026-08-12T04:58:03.712+0000] {processor.py:925} INFO - DAG(s) 'example_skip_dag' retrieved from /home/airflow/.local/lib/python3.12/site-packages/airflow/example_dags/example_skip_dag.py
[2026-08-12T04:58:03.735+0000] {logging_mixin.py:190} INFO - [2026-08-12T04:58:03.735+0000] {dag.py:3211} INFO - Sync 1 DAGs
[2026-08-12T04:58:03.758+0000] {logging_mixin.py:190} INFO - [2026-08-12T04:58:03.758+0000] {dag.py:4138} INFO - Setting next_dagrun for example_skip_dag to 2026-08-11 00:00:00+00:00, run_after=2026-08-12 00:00:00+00:00
[2026-08-12T04:58:03.782+0000] {processor.py:208} INFO - Processing /home/airflow/.local/lib/python3.12/site-packages/airflow/example_dags/example_skip_dag.py took 0.089 seconds
[2026-08-12T04:58:33.893+0000] {processor.py:186} INFO - Started process (PID=3218) to work on /home/airflow/.local/lib/python3.12/site-packages/airflow/example_dags/example_skip_dag.py
[2026-08-12T04:58:33.894+0000] {processor.py:914} INFO - Processing file /home/airflow/.local/lib/python3.12/site-packages/airflow/example_dags/example_skip_dag.py for tasks to queue
[2026-08-12T04:58:33.897+0000] {logging_mixin.py:190} INFO - [2026-08-12T04:58:33.897+0000] {dagbag.py:587} INFO - Filling up the DagBag from /home/airflow/.local/lib/python3.12/site-packages/airflow/example_dags/example_skip_dag.py
[2026-08-12T04:58:33.906+0000] {processor.py:925} INFO - DAG(s) 'example_skip_dag' retrieved from /home/airflow/.local/lib/python3.12/site-packages/airflow/example_dags/example_skip_dag.py
[2026-08-12T04:58:33.930+0000] {logging_mixin.py:190} INFO - [2026-08-12T04:58:33.929+0000] {dag.py:3211} INFO - Sync 1 DAGs
[2026-08-12T04:58:33.961+0000] {logging_mixin.py:190} INFO - [2026-08-12T04:58:33.960+0000] {dag.py:4138} INFO - Setting next_dagrun for example_skip_dag to 2026-08-11 00:00:00+00:00, run_after=2026-08-12 00:00:00+00:00
[2026-08-12T04:58:33.984+0000] {processor.py:208} INFO - Processing /home/airflow/.local/lib/python3.12/site-packages/airflow/example_dags/example_skip_dag.py took 0.099 seconds
[2026-08-12T04:59:04.151+0000] {processor.py:186} INFO - Started process (PID=3281) to work on /home/airflow/.local/lib/python3.12/site-packages/airflow/example_dags/example_skip_dag.py
[2026-08-12T04:59:04.153+0000] {processor.py:914} INFO - Processing file /home/airflow/.local/lib/python3.12/site-packages/airflow/example_dags/example_skip_dag.py for tasks to queue
[2026-08-12T04:59:04.156+0000] {logging_mixin.py:190} INFO - [2026-08-12T04:59:04.156+0000] {dagbag.py:587} INFO - Filling up the DagBag from /home/airflow/.local/lib/python3.12/site-packages/airflow/example_dags/example_skip_dag.py
[2026-08-12T04:59:04.164+0000] {processor.py:925} INFO - DAG(s) 'example_skip_dag' retrieved from /home/airflow/.local/lib/python3.12/site-packages/airflow/example_dags/example_skip_dag.py
[2026-08-12T04:59:04.186+0000] {logging_mixin.py:190} INFO - [2026-08-12T04:59:04.185+0000] {dag.py:3211} INFO - Sync 1 DAGs
[2026-08-12T04:59:04.206+0000] {logging_mixin.py:190} INFO - [2026-08-12T04:59:04.205+0000] {dag.py:4138} INFO - Setting next_dagrun for example_skip_dag to 2026-08-11 00:00:00+00:00, run_after=2026-08-12 00:00:00+00:00
[2026-08-12T04:59:04.239+0000] {processor.py:208} INFO - Processing /home/airflow/.local/lib/python3.12/site-packages/airflow/example_dags/example_skip_dag.py took 0.093 seconds
[2026-08-12T04:59:34.748+0000] {processor.py:186} INFO - Started process (PID=3344) to work on /home/airflow/.local/lib/python3.12/site-packages/airflow/example_dags/example_skip_dag.py
[2026-08-12T04:59:34.750+0000] {processor.py:914} INFO - Processing file /home/airflow/.local/lib/python3.12/site-packages/airflow/example_dags/example_skip_dag.py for tasks to queue
[2026-08-12T04:59:34.754+0000] {logging_mixin.py:190} INFO - [2026-08-12T04:59:34.753+0000] {dagbag.py:587} INFO - Filling up the DagBag from /home/airflow/.local/lib/python3.12/site-packages/airflow/example_dags/example_skip_dag.py
[2026-08-12T04:59:34.767+0000] {processor.py:925} INFO - DAG(s) 'example_skip_dag' retrieved from /home/airflow/.local/lib/python3.12/site-packages/airflow/example_dags/example_skip_dag.py
[2026-08-12T04:59:35.006+0000] {logging_mixin.py:190} INFO - [2026-08-12T04:59:35.005+0000] {dag.py:3211} INFO - Sync 1 DAGs
[2026-08-12T04:59:35.028+0000] {logging_mixin.py:190} INFO - [2026-08-12T04:59:35.028+0000] {dag.py:4138} INFO - Setting next_dagrun for example_skip_dag to 2026-08-11 00:00:00+00:00, run_after=2026-08-12 00:00:00+00:00
[2026-08-12T04:59:35.048+0000] {processor.py:208} INFO - Processing /home/airflow/.local/lib/python3.12/site-packages/airflow/example_dags/example_skip_dag.py took 0.308 seconds
[2026-08-12T05:00:05.436+0000] {processor.py:186} INFO - Started process (PID=3407) to work on /home/airflow/.local/lib/python3.12/site-packages/airflow/example_dags/example_skip_dag.py
[2026-08-12T05:00:05.437+0000] {processor.py:914} INFO - Processing file /home/airflow/.local/lib/python3.12/site-packages/airflow/example_dags/example_skip_dag.py for tasks to queue
[2026-08-12T05:00:05.440+0000] {logging_mixin.py:190} INFO - [2026-08-12T05:00:05.440+0000] {dagbag.py:587} INFO - Filling up the DagBag from /home/airflow/.local/lib/python3.12/site-packages/airflow/example_dags/example_skip_dag.py
[2026-08-12T05:00:05.448+0000] {processor.py:925} INFO - DAG(s) 'example_skip_dag' retrieved from /home/airflow/.local/lib/python3.12/site-packages/airflow/example_dags/example_skip_dag.py
[2026-08-12T05:00:05.477+0000] {logging_mixin.py:190} INFO - [2026-08-12T05:00:05.476+0000] {dag.py:3211} INFO - Sync 1 DAGs
[2026-08-12T05:00:05.501+0000] {logging_mixin.py:190} INFO - [2026-08-12T05:00:05.500+0000] {dag.py:4138} INFO - Setting next_dagrun for example_skip_dag to 2026-08-11 00:00:00+00:00, run_after=2026-08-12 00:00:00+00:00
[2026-08-12T05:00:05.522+0000] {processor.py:208} INFO - Processing /home/airflow/.local/lib/python3.12/site-packages/airflow/example_dags/example_skip_dag.py took 0.092 seconds
[2026-08-12T05:00:35.977+0000] {processor.py:186} INFO - Started process (PID=3470) to work on /home/airflow/.local/lib/python3.12/site-packages/airflow/example_dags/example_skip_dag.py
[2026-08-12T05:00:35.979+0000] {processor.py:914} INFO - Processing file /home/airflow/.local/lib/python3.12/site-packages/airflow/example_dags/example_skip_dag.py for tasks to queue
[2026-08-12T05:00:35.983+0000] {logging_mixin.py:190} INFO - [2026-08-12T05:00:35.983+0000] {dagbag.py:587} INFO - Filling up the DagBag from /home/airflow/.local/lib/python3.12/site-packages/airflow/example_dags/example_skip_dag.py
[2026-08-12T05:00:35.993+0000] {processor.py:925} INFO - DAG(s) 'example_skip_dag' retrieved from /home/airflow/.local/lib/python3.12/site-packages/airflow/example_dags/example_skip_dag.py
[2026-08-12T05:00:36.016+0000] {logging_mixin.py:190} INFO - [2026-08-12T05:00:36.016+0000] {dag.py:3211} INFO - Sync 1 DAGs
[2026-08-12T05:00:36.042+0000] {logging_mixin.py:190} INFO - [2026-08-12T05:00:36.041+0000] {dag.py:4138} INFO - Setting next_dagrun for example_skip_dag to 2026-08-11 00:00:00+00:00, run_after=2026-08-12 00:00:00+00:00
[2026-08-12T05:00:36.060+0000] {processor.py:208} INFO - Processing /home/airflow/.local/lib/python3.12/site-packages/airflow/example_dags/example_skip_dag.py took 0.090 seconds
[2026-08-12T05:01:06.630+0000] {processor.py:186} INFO - Started process (PID=3533) to work on /home/airflow/.local/lib/python3.12/site-packages/airflow/example_dags/example_skip_dag.py
[2026-08-12T05:01:06.632+0000] {processor.py:914} INFO - Processing file /home/airflow/.local/lib/python3.12/site-packages/airflow/example_dags/example_skip_dag.py for tasks to queue
[2026-08-12T05:01:06.636+0000] {logging_mixin.py:190} INFO - [2026-08-12T05:01:06.636+0000] {dagbag.py:587} INFO - Filling up the DagBag from /home/airflow/.local/lib/python3.12/site-packages/airflow/example_dags/example_skip_dag.py
[2026-08-12T05:01:06.646+0000] {processor.py:925} INFO - DAG(s) 'example_skip_dag' retrieved from /home/airflow/.local/lib/python3.12/site-packages/airflow/example_dags/example_skip_dag.py
[2026-08-12T05:01:06.668+0000] {logging_mixin.py:190} INFO - [2026-08-12T05:01:06.668+0000] {dag.py:3211} INFO - Sync 1 DAGs
[2026-08-12T05:01:06.690+0000] {logging_mixin.py:190} INFO - [2026-08-12T05:01:06.689+0000] {dag.py:4138} INFO - Setting next_dagrun for example_skip_dag to 2026-08-11 00:00:00+00:00, run_after=2026-08-12 00:00:00+00:00
[2026-08-12T05:01:06.708+0000] {processor.py:208} INFO - Processing /home/airflow/.local/lib/python3.12/site-packages/airflow/example_dags/example_skip_dag.py took 0.089 seconds
[2026-08-12T05:01:37.063+0000] {processor.py:186} INFO - Started process (PID=3596) to work on /home/airflow/.local/lib/python3.12/site-packages/airflow/example_dags/example_skip_dag.py
[2026-08-12T05:01:37.064+0000] {processor.py:914} INFO - Processing file /home/airflow/.local/lib/python3.12/site-packages/airflow/example_dags/example_skip_dag.py for tasks to queue
[2026-08-12T05:01:37.068+0000] {logging_mixin.py:190} INFO - [2026-08-12T05:01:37.067+0000] {dagbag.py:587} INFO - Filling up the DagBag from /home/airflow/.local/lib/python3.12/site-packages/airflow/example_dags/example_skip_dag.py
[2026-08-12T05:01:37.080+0000] {processor.py:925} INFO - DAG(s) 'example_skip_dag' retrieved from /home/airflow/.local/lib/python3.12/site-packages/airflow/example_dags/example_skip_dag.py
[2026-08-12T05:01:37.109+0000] {logging_mixin.py:190} INFO - [2026-08-12T05:01:37.109+0000] {dag.py:3211} INFO - Sync 1 DAGs
[2026-08-12T05:01:37.137+0000] {logging_mixin.py:190} INFO - [2026-08-12T05:01:37.137+0000] {dag.py:4138} INFO - Setting next_dagrun for example_skip_dag to 2026-08-11 00:00:00+00:00, run_after=2026-08-12 00:00:00+00:00
[2026-08-12T05:01:37.164+0000] {processor.py:208} INFO - Processing /home/airflow/.local/lib/python3.12/site-packages/airflow/example_dags/example_skip_dag.py took 0.106 seconds
[2026-08-12T05:02:07.806+0000] {processor.py:186} INFO - Started process (PID=3659) to work on /home/airflow/.local/lib/python3.12/site-packages/airflow/example_dags/example_skip_dag.py
[2026-08-12T05:02:07.808+0000] {processor.py:914} INFO - Processing file /home/airflow/.local/lib/python3.12/site-packages/airflow/example_dags/example_skip_dag.py for tasks to queue
[2026-08-12T05:02:07.811+0000] {logging_mixin.py:190} INFO - [2026-08-12T05:02:07.811+0000] {dagbag.py:587} INFO - Filling up the DagBag from /home/airflow/.local/lib/python3.12/site-packages/airflow/example_dags/example_skip_dag.py
[2026-08-12T05:02:07.821+0000] {processor.py:925} INFO - DAG(s) 'example_skip_dag' retrieved from /home/airflow/.local/lib/python3.12/site-packages/airflow/example_dags/example_skip_dag.py
[2026-08-12T05:02:07.846+0000] {logging_mixin.py:190} INFO - [2026-08-12T05:02:07.845+0000] {dag.py:3211} INFO - Sync 1 DAGs
[2026-08-12T05:02:07.875+0000] {logging_mixin.py:190} INFO - [2026-08-12T05:02:07.875+0000] {dag.py:4138} INFO - Setting next_dagrun for example_skip_dag to 2026-08-11 00:00:00+00:00, run_after=2026-08-12 00:00:00+00:00
[2026-08-12T05:02:07.899+0000] {processor.py:208} INFO - Processing /home/airflow/.local/lib/python3.12/site-packages/airflow/example_dags/example_skip_dag.py took 0.101 seconds
[2026-08-12T05:02:38.294+0000] {processor.py:186} INFO - Started process (PID=3722) to work on /home/airflow/.local/lib/python3.12/site-packages/airflow/example_dags/example_skip_dag.py
[2026-08-12T05:02:38.296+0000] {processor.py:914} INFO - Processing file /home/airflow/.local/lib/python3.12/site-packages/airflow/example_dags/example_skip_dag.py for tasks to queue
[2026-08-12T05:02:38.299+0000] {logging_mixin.py:190} INFO - [2026-08-12T05:02:38.299+0000] {dagbag.py:587} INFO - Filling up the DagBag from /home/airflow/.local/lib/python3.12/site-packages/airflow/example_dags/example_skip_dag.py
[2026-08-12T05:02:38.308+0000] {processor.py:925} INFO - DAG(s) 'example_skip_dag' retrieved from /home/airflow/.local/lib/python3.12/site-packages/airflow/example_dags/example_skip_dag.py
[2026-08-12T05:02:38.335+0000] {logging_mixin.py:190} INFO - [2026-08-12T05:02:38.335+0000] {dag.py:3211} INFO - Sync 1 DAGs
[2026-08-12T05:02:38.362+0000] {logging_mixin.py:190} INFO - [2026-08-12T05:02:38.361+0000] {dag.py:4138} INFO - Setting next_dagrun for example_skip_dag to 2026-08-11 00:00:00+00:00, run_after=2026-08-12 00:00:00+00:00
[2026-08-12T05:02:38.388+0000] {processor.py:208} INFO - Processing /home/airflow/.local/lib/python3.12/site-packages/airflow/example_dags/example_skip_dag.py took 0.102 seconds
[2026-08-12T05:03:08.853+0000] {processor.py:186} INFO - Started process (PID=3785) to work on /home/airflow/.local/lib/python3.12/site-packages/airflow/example_dags/example_skip_dag.py
[2026-08-12T05:03:08.855+0000] {processor.py:914} INFO - Processing file /home/airflow/.local/lib/python3.12/site-packages/airflow/example_dags/example_skip_dag.py for tasks to queue
[2026-08-12T05:03:08.858+0000] {logging_mixin.py:190} INFO - [2026-08-12T05:03:08.858+0000] {dagbag.py:587} INFO - Filling up the DagBag from /home/airflow/.local/lib/python3.12/site-packages/airflow/example_dags/example_skip_dag.py
[2026-08-12T05:03:08.868+0000] {processor.py:925} INFO - DAG(s) 'example_skip_dag' retrieved from /home/airflow/.local/lib/python3.12/site-packages/airflow/example_dags/example_skip_dag.py
[2026-08-12T05:03:08.893+0000] {logging_mixin.py:190} INFO - [2026-08-12T05:03:08.892+0000] {dag.py:3211} INFO - Sync 1 DAGs
[2026-08-12T05:03:08.924+0000] {logging_mixin.py:190} INFO - [2026-08-12T05:03:08.924+0000] {dag.py:4138} INFO - Setting next_dagrun for example_skip_dag to 2026-08-11 00:00:00+00:00, run_after=2026-08-12 00:00:00+00:00
[2026-08-12T05:03:08.952+0000] {processor.py:208} INFO - Processing /home/airflow/.local/lib/python3.12/site-packages/airflow/example_dags/example_skip_dag.py took 0.105 seconds
[2026-08-12T05:03:39.213+0000] {processor.py:186} INFO - Started process (PID=3848) to work on /home/airflow/.local/lib/python3.12/site-packages/airflow/example_dags/example_skip_dag.py
[2026-08-12T05:03:39.215+0000] {processor.py:914} INFO - Processing file /home/airflow/.local/lib/python3.12/site-packages/airflow/example_dags/example_skip_dag.py for tasks to queue
[2026-08-12T05:03:39.217+0000] {logging_mixin.py:190} INFO - [2026-08-12T05:03:39.217+0000] {dagbag.py:587} INFO - Filling up the DagBag from /home/airflow/.local/lib/python3.12/site-packages/airflow/example_dags/example_skip_dag.py
[2026-08-12T05:03:39.225+0000] {processor.py:925} INFO - DAG(s) 'example_skip_dag' retrieved from /home/airflow/.local/lib/python3.12/site-packages/airflow/example_dags/example_skip_dag.py
[2026-08-12T05:03:39.247+0000] {logging_mixin.py:190} INFO - [2026-08-12T05:03:39.247+0000] {dag.py:3211} INFO - Sync 1 DAGs
[2026-08-12T05:03:39.272+0000] {logging_mixin.py:190} INFO - [2026-08-12T05:03:39.272+0000] {dag.py:4138} INFO - Setting next_dagrun for example_skip_dag to 2026-08-11 00:00:00+00:00, run_after=2026-08-12 00:00:00+00:00
[2026-08-12T05:03:39.300+0000] {processor.py:208} INFO - Processing /home/airflow/.local/lib/python3.12/site-packages/airflow/example_dags/example_skip_dag.py took 0.092 seconds
[2026-08-12T05:04:09.620+0000] {processor.py:186} INFO - Started process (PID=3912) to work on /home/airflow/.local/lib/python3.12/site-packages/airflow/example_dags/example_skip_dag.py
[2026-08-12T05:04:09.622+0000] {processor.py:914} INFO - Processing file /home/airflow/.local/lib/python3.12/site-packages/airflow/example_dags/example_skip_dag.py for tasks to queue
[2026-08-12T05:04:09.624+0000] {logging_mixin.py:190} INFO - [2026-08-12T05:04:09.624+0000] {dagbag.py:587} INFO - Filling up the DagBag from /home/airflow/.local/lib/python3.12/site-packages/airflow/example_dags/example_skip_dag.py
[2026-08-12T05:04:09.631+0000] {processor.py:925} INFO - DAG(s) 'example_skip_dag' retrieved from /home/airflow/.local/lib/python3.12/site-packages/airflow/example_dags/example_skip_dag.py
[2026-08-12T05:04:09.653+0000] {logging_mixin.py:190} INFO - [2026-08-12T05:04:09.653+0000] {dag.py:3211} INFO - Sync 1 DAGs
[2026-08-12T05:04:09.674+0000] {logging_mixin.py:190} INFO - [2026-08-12T05:04:09.674+0000] {dag.py:4138} INFO - Setting next_dagrun for example_skip_dag to 2026-08-11 00:00:00+00:00, run_after=2026-08-12 00:00:00+00:00
[2026-08-12T05:04:09.692+0000] {processor.py:208} INFO - Processing /home/airflow/.local/lib/python3.12/site-packages/airflow/example_dags/example_skip_dag.py took 0.077 seconds
[2026-08-12T05:04:40.055+0000] {processor.py:186} INFO - Started process (PID=3975) to work on /home/airflow/.local/lib/python3.12/site-packages/airflow/example_dags/example_skip_dag.py
[2026-08-12T05:04:40.057+0000] {processor.py:914} INFO - Processing file /home/airflow/.local/lib/python3.12/site-packages/airflow/example_dags/example_skip_dag.py for tasks to queue
[2026-08-12T05:04:40.060+0000] {logging_mixin.py:190} INFO - [2026-08-12T05:04:40.059+0000] {dagbag.py:587} INFO - Filling up the DagBag from /home/airflow/.local/lib/python3.12/site-packages/airflow/example_dags/example_skip_dag.py
[2026-08-12T05:04:40.069+0000] {processor.py:925} INFO - DAG(s) 'example_skip_dag' retrieved from /home/airflow/.local/lib/python3.12/site-packages/airflow/example_dags/example_skip_dag.py
[2026-08-12T05:04:40.092+0000] {logging_mixin.py:190} INFO - [2026-08-12T05:04:40.092+0000] {dag.py:3211} INFO - Sync 1 DAGs
[2026-08-12T05:04:40.114+0000] {logging_mixin.py:190} INFO - [2026-08-12T05:04:40.114+0000] {dag.py:4138} INFO - Setting next_dagrun for example_skip_dag to 2026-08-11 00:00:00+00:00, run_after=2026-08-12 00:00:00+00:00
[2026-08-12T05:04:40.134+0000] {processor.py:208} INFO - Processing /home/airflow/.local/lib/python3.12/site-packages/airflow/example_dags/example_skip_dag.py took 0.088 seconds
[2026-08-12T05:05:10.471+0000] {processor.py:186} INFO - Started process (PID=4038) to work on /home/airflow/.local/lib/python3.12/site-packages/airflow/example_dags/example_skip_dag.py
[2026-08-12T05:05:10.472+0000] {processor.py:914} INFO - Processing file /home/airflow/.local/lib/python3.12/site-packages/airflow/example_dags/example_skip_dag.py for tasks to queue
[2026-08-12T05:05:10.476+0000] {logging_mixin.py:190} INFO - [2026-08-12T05:05:10.476+0000] {dagbag.py:587} INFO - Filling up the DagBag from /home/airflow/.local/lib/python3.12/site-packages/airflow/example_dags/example_skip_dag.py
[2026-08-12T05:05:10.486+0000] {processor.py:925} INFO - DAG(s) 'example_skip_dag' retrieved from /home/airflow/.local/lib/python3.12/site-packages/airflow/example_dags/example_skip_dag.py
[2026-08-12T05:05:10.509+0000] {logging_mixin.py:190} INFO - [2026-08-12T05:05:10.509+0000] {dag.py:3211} INFO - Sync 1 DAGs
[2026-08-12T05:05:10.534+0000] {logging_mixin.py:190} INFO - [2026-08-12T05:05:10.534+0000] {dag.py:4138} INFO - Setting next_dagrun for example_skip_dag to 2026-08-11 00:00:00+00:00, run_after=2026-08-12 00:00:00+00:00
[2026-08-12T05:05:10.555+0000] {processor.py:208} INFO - Processing /home/airflow/.local/lib/python3.12/site-packages/airflow/example_dags/example_skip_dag.py took 0.091 seconds
[2026-08-12T05:05:40.918+0000] {processor.py:186} INFO - Started process (PID=4101) to work on /home/airflow/.local/lib/python3.12/site-packages/airflow/example_dags/example_skip_dag.py
[2026-08-12T05:05:40.920+0000] {processor.py:914} INFO - Processing file /home/airflow/.local/lib/python3.12/site-packages/airflow/example_dags/example_skip_dag.py for tasks to queue
[2026-08-12T05:05:40.923+0000] {logging_mixin.py:190} INFO - [2026-08-12T05:05:40.923+0000] {dagbag.py:587} INFO - Filling up the DagBag from /home/airflow/.local/lib/python3.12/site-packages/airflow/example_dags/example_skip_dag.py
[2026-08-12T05:05:40.932+0000] {processor.py:925} INFO - DAG(s) 'example_skip_dag' retrieved from /home/airflow/.local/lib/python3.12/site-packages/airflow/example_dags/example_skip_dag.py
[2026-08-12T05:05:40.955+0000] {logging_mixin.py:190} INFO - [2026-08-12T05:05:40.955+0000] {dag.py:3211} INFO - Sync 1 DAGs
[2026-08-12T05:05:40.979+0000] {logging_mixin.py:190} INFO - [2026-08-12T05:05:40.979+0000] {dag.py:4138} INFO - Setting next_dagrun for example_skip_dag to 2026-08-11 00:00:00+00:00, run_after=2026-08-12 00:00:00+00:00
[2026-08-12T05:05:40.999+0000] {processor.py:208} INFO - Processing /home/airflow/.local/lib/python3.12/site-packages/airflow/example_dags/example_skip_dag.py took 0.087 seconds
[2026-08-12T05:06:11.369+0000] {processor.py:186} INFO - Started process (PID=4164) to work on /home/airflow/.local/lib/python3.12/site-packages/airflow/example_dags/example_skip_dag.py
[2026-08-12T05:06:11.371+0000] {processor.py:914} INFO - Processing file /home/airflow/.local/lib/python3.12/site-packages/airflow/example_dags/example_skip_dag.py for tasks to queue
[2026-08-12T05:06:11.377+0000] {logging_mixin.py:190} INFO - [2026-08-12T05:06:11.376+0000] {dagbag.py:587} INFO - Filling up the DagBag from /home/airflow/.local/lib/python3.12/site-packages/airflow/example_dags/example_skip_dag.py
[2026-08-12T05:06:11.396+0000] {processor.py:925} INFO - DAG(s) 'example_skip_dag' retrieved from /home/airflow/.local/lib/python3.12/site-packages/airflow/example_dags/example_skip_dag.py
[2026-08-12T05:06:11.436+0000] {logging_mixin.py:190} INFO - [2026-08-12T05:06:11.435+0000] {dag.py:3211} INFO - Sync 1 DAGs
[2026-08-12T05:06:11.468+0000] {logging_mixin.py:190} INFO - [2026-08-12T05:06:11.468+0000] {dag.py:4138} INFO - Setting next_dagrun for example_skip_dag to 2026-08-11 00:00:00+00:00, run_after=2026-08-12 00:00:00+00:00
[2026-08-12T05:06:11.492+0000] {processor.py:208} INFO - Processing /home/airflow/.local/lib/python3.12/site-packages/airflow/example_dags/example_skip_dag.py took 0.142 seconds
[2026-08-12T05:06:41.809+0000] {processor.py:186} INFO - Started process (PID=4227) to work on /home/airflow/.local/lib/python3.12/site-packages/airflow/example_dags/example_skip_dag.py
[2026-08-12T05:06:41.811+0000] {processor.py:914} INFO - Processing file /home/airflow/.local/lib/python3.12/site-packages/airflow/example_dags/example_skip_dag.py for tasks to queue
[2026-08-12T05:06:41.814+0000] {logging_mixin.py:190} INFO - [2026-08-12T05:06:41.813+0000] {dagbag.py:587} INFO - Filling up the DagBag from /home/airflow/.local/lib/python3.12/site-packages/airflow/example_dags/example_skip_dag.py
[2026-08-12T05:06:41.821+0000] {processor.py:925} INFO - DAG(s) 'example_skip_dag' retrieved from /home/airflow/.local/lib/python3.12/site-packages/airflow/example_dags/example_skip_dag.py
[2026-08-12T05:06:41.847+0000] {logging_mixin.py:190} INFO - [2026-08-12T05:06:41.847+0000] {dag.py:3211} INFO - Sync 1 DAGs
[2026-08-12T05:06:41.871+0000] {logging_mixin.py:190} INFO - [2026-08-12T05:06:41.871+0000] {dag.py:4138} INFO - Setting next_dagrun for example_skip_dag to 2026-08-11 00:00:00+00:00, run_after=2026-08-12 00:00:00+00:00
[2026-08-12T05:06:41.891+0000] {processor.py:208} INFO - Processing /home/airflow/.local/lib/python3.12/site-packages/airflow/example_dags/example_skip_dag.py took 0.087 seconds
[2026-08-12T05:07:12.752+0000] {processor.py:186} INFO - Started process (PID=4290) to work on /home/airflow/.local/lib/python3.12/site-packages/airflow/example_dags/example_skip_dag.py
[2026-08-12T05:07:12.754+0000] {processor.py:914} INFO - Processing file /home/airflow/.local/lib/python3.12/site-packages/airflow/example_dags/example_skip_dag.py for tasks to queue
[2026-08-12T05:07:12.758+0000] {logging_mixin.py:190} INFO - [2026-08-12T05:07:12.757+0000] {dagbag.py:587} INFO - Filling up the DagBag from /home/airflow/.local/lib/python3.12/site-packages/airflow/example_dags/example_skip_dag.py
[2026-08-12T05:07:12.769+0000] {processor.py:925} INFO - DAG(s) 'example_skip_dag' retrieved from /home/airflow/.local/lib/python3.12/site-packages/airflow/example_dags/example_skip_dag.py
[2026-08-12T05:07:12.794+0000] {logging_mixin.py:190} INFO - [2026-08-12T05:07:12.793+0000] {dag.py:3211} INFO - Sync 1 DAGs
[2026-08-12T05:07:12.819+0000] {logging_mixin.py:190} INFO - [2026-08-12T05:07:12.819+0000] {dag.py:4138} INFO - Setting next_dagrun for example_skip_dag to 2026-08-11 00:00:00+00:00, run_after=2026-08-12 00:00:00+00:00
[2026-08-12T05:07:12.849+0000] {processor.py:208} INFO - Processing /home/airflow/.local/lib/python3.12/site-packages/airflow/example_dags/example_skip_dag.py took 0.104 seconds
[2026-08-12T05:07:43.149+0000] {processor.py:186} INFO - Started process (PID=4353) to work on /home/airflow/.local/lib/python3.12/site-packages/airflow/example_dags/example_skip_dag.py
[2026-08-12T05:07:43.151+0000] {processor.py:914} INFO - Processing file /home/airflow/.local/lib/python3.12/site-packages/airflow/example_dags/example_skip_dag.py for tasks to queue
[2026-08-12T05:07:43.154+0000] {logging_mixin.py:190} INFO - [2026-08-12T05:07:43.154+0000] {dagbag.py:587} INFO - Filling up the DagBag from /home/airflow/.local/lib/python3.12/site-packages/airflow/example_dags/example_skip_dag.py
[2026-08-12T05:07:43.165+0000] {processor.py:925} INFO - DAG(s) 'example_skip_dag' retrieved from /home/airflow/.local/lib/python3.12/site-packages/airflow/example_dags/example_skip_dag.py
[2026-08-12T05:07:43.190+0000] {logging_mixin.py:190} INFO - [2026-08-12T05:07:43.190+0000] {dag.py:3211} INFO - Sync 1 DAGs
[2026-08-12T05:07:43.217+0000] {logging_mixin.py:190} INFO - [2026-08-12T05:07:43.217+0000] {dag.py:4138} INFO - Setting next_dagrun for example_skip_dag to 2026-08-11 00:00:00+00:00, run_after=2026-08-12 00:00:00+00:00
[2026-08-12T05:07:43.246+0000] {processor.py:208} INFO - Processing /home/airflow/.local/lib/python3.12/site-packages/airflow/example_dags/example_skip_dag.py took 0.103 seconds
[2026-08-12T05:08:14.266+0000] {processor.py:186} INFO - Started process (PID=4416) to work on /home/airflow/.local/lib/python3.12/site-packages/airflow/example_dags/example_skip_dag.py
[2026-08-12T05:08:14.268+0000] {processor.py:914} INFO - Processing file /home/airflow/.local/lib/python3.12/site-packages/airflow/example_dags/example_skip_dag.py for tasks to queue
[2026-08-12T05:08:14.271+0000] {logging_mixin.py:190} INFO - [2026-08-12T05:08:14.270+0000] {dagbag.py:587} INFO - Filling up the DagBag from /home/airflow/.local/lib/python3.12/site-packages/airflow/example_dags/example_skip_dag.py
[2026-08-12T05:08:14.281+0000] {processor.py:925} INFO - DAG(s) 'example_skip_dag' retrieved from /home/airflow/.local/lib/python3.12/site-packages/airflow/example_dags/example_skip_dag.py
[2026-08-12T05:08:14.310+0000] {logging_mixin.py:190} INFO - [2026-08-12T05:08:14.309+0000] {dag.py:3211} INFO - Sync 1 DAGs
[2026-08-12T05:08:14.339+0000] {logging_mixin.py:190} INFO - [2026-08-12T05:08:14.339+0000] {dag.py:4138} INFO - Setting next_dagrun for example_skip_dag to 2026-08-11 00:00:00+00:00, run_after=2026-08-12 00:00:00+00:00
[2026-08-12T05:08:14.363+0000] {processor.py:208} INFO - Processing /home/airflow/.local/lib/python3.12/site-packages/airflow/example_dags/example_skip_dag.py took 0.105 seconds
[2026-08-12T05:08:44.945+0000] {processor.py:186} INFO - Started process (PID=4479) to work on /home/airflow/.local/lib/python3.12/site-packages/airflow/example_dags/example_skip_dag.py
[2026-08-12T05:08:44.946+0000] {processor.py:914} INFO - Processing file /home/airflow/.local/lib/python3.12/site-packages/airflow/example_dags/example_skip_dag.py for tasks to queue
[2026-08-12T05:08:44.949+0000] {logging_mixin.py:190} INFO - [2026-08-12T05:08:44.948+0000] {dagbag.py:587} INFO - Filling up the DagBag from /home/airflow/.local/lib/python3.12/site-packages/airflow/example_dags/example_skip_dag.py
[2026-08-12T05:08:44.956+0000] {processor.py:925} INFO - DAG(s) 'example_skip_dag' retrieved from /home/airflow/.local/lib/python3.12/site-packages/airflow/example_dags/example_skip_dag.py
[2026-08-12T05:08:44.975+0000] {logging_mixin.py:190} INFO - [2026-08-12T05:08:44.975+0000] {dag.py:3211} INFO - Sync 1 DAGs
[2026-08-12T05:08:44.996+0000] {logging_mixin.py:190} INFO - [2026-08-12T05:08:44.996+0000] {dag.py:4138} INFO - Setting next_dagrun for example_skip_dag to 2026-08-11 00:00:00+00:00, run_after=2026-08-12 00:00:00+00:00
[2026-08-12T05:08:45.013+0000] {processor.py:208} INFO - Processing /home/airflow/.local/lib/python3.12/site-packages/airflow/example_dags/example_skip_dag.py took 0.074 seconds
[2026-08-12T05:09:15.135+0000] {processor.py:186} INFO - Started process (PID=4542) to work on /home/airflow/.local/lib/python3.12/site-packages/airflow/example_dags/example_skip_dag.py
[2026-08-12T05:09:15.136+0000] {processor.py:914} INFO - Processing file /home/airflow/.local/lib/python3.12/site-packages/airflow/example_dags/example_skip_dag.py for tasks to queue
[2026-08-12T05:09:15.139+0000] {logging_mixin.py:190} INFO - [2026-08-12T05:09:15.138+0000] {dagbag.py:587} INFO - Filling up the DagBag from /home/airflow/.local/lib/python3.12/site-packages/airflow/example_dags/example_skip_dag.py
[2026-08-12T05:09:15.146+0000] {processor.py:925} INFO - DAG(s) 'example_skip_dag' retrieved from /home/airflow/.local/lib/python3.12/site-packages/airflow/example_dags/example_skip_dag.py
[2026-08-12T05:09:15.167+0000] {logging_mixin.py:190} INFO - [2026-08-12T05:09:15.167+0000] {dag.py:3211} INFO - Sync 1 DAGs
[2026-08-12T05:09:15.188+0000] {logging_mixin.py:190} INFO - [2026-08-12T05:09:15.187+0000] {dag.py:4138} INFO - Setting next_dagrun for example_skip_dag to 2026-08-11 00:00:00+00:00, run_after=2026-08-12 00:00:00+00:00
[2026-08-12T05:09:15.206+0000] {processor.py:208} INFO - Processing /home/airflow/.local/lib/python3.12/site-packages/airflow/example_dags/example_skip_dag.py took 0.077 seconds
[2026-08-12T05:09:45.956+0000] {processor.py:186} INFO - Started process (PID=4605) to work on /home/airflow/.local/lib/python3.12/site-packages/airflow/example_dags/example_skip_dag.py
[2026-08-12T05:09:45.958+0000] {processor.py:914} INFO - Processing file /home/airflow/.local/lib/python3.12/site-packages/airflow/example_dags/example_skip_dag.py for tasks to queue
[2026-08-12T05:09:45.961+0000] {logging_mixin.py:190} INFO - [2026-08-12T05:09:45.960+0000] {dagbag.py:587} INFO - Filling up the DagBag from /home/airflow/.local/lib/python3.12/site-packages/airflow/example_dags/example_skip_dag.py
[2026-08-12T05:09:45.968+0000] {processor.py:925} INFO - DAG(s) 'example_skip_dag' retrieved from /home/airflow/.local/lib/python3.12/site-packages/airflow/example_dags/example_skip_dag.py
[2026-08-12T05:09:45.994+0000] {logging_mixin.py:190} INFO - [2026-08-12T05:09:45.994+0000] {dag.py:3211} INFO - Sync 1 DAGs
[2026-08-12T05:09:46.017+0000] {logging_mixin.py:190} INFO - [2026-08-12T05:09:46.017+0000] {dag.py:4138} INFO - Setting next_dagrun for example_skip_dag to 2026-08-11 00:00:00+00:00, run_after=2026-08-12 00:00:00+00:00
[2026-08-12T05:09:46.036+0000] {processor.py:208} INFO - Processing /home/airflow/.local/lib/python3.12/site-packages/airflow/example_dags/example_skip_dag.py took 0.088 seconds
[2026-08-12T05:10:16.723+0000] {processor.py:186} INFO - Started process (PID=4668) to work on /home/airflow/.local/lib/python3.12/site-packages/airflow/example_dags/example_skip_dag.py
[2026-08-12T05:10:16.724+0000] {processor.py:914} INFO - Processing file /home/airflow/.local/lib/python3.12/site-packages/airflow/example_dags/example_skip_dag.py for tasks to queue
[2026-08-12T05:10:16.727+0000] {logging_mixin.py:190} INFO - [2026-08-12T05:10:16.727+0000] {dagbag.py:587} INFO - Filling up the DagBag from /home/airflow/.local/lib/python3.12/site-packages/airflow/example_dags/example_skip_dag.py
[2026-08-12T05:10:16.735+0000] {processor.py:925} INFO - DAG(s) 'example_skip_dag' retrieved from /home/airflow/.local/lib/python3.12/site-packages/airflow/example_dags/example_skip_dag.py
[2026-08-12T05:10:16.756+0000] {logging_mixin.py:190} INFO - [2026-08-12T05:10:16.756+0000] {dag.py:3211} INFO - Sync 1 DAGs
[2026-08-12T05:10:16.779+0000] {logging_mixin.py:190} INFO - [2026-08-12T05:10:16.779+0000] {dag.py:4138} INFO - Setting next_dagrun for example_skip_dag to 2026-08-11 00:00:00+00:00, run_after=2026-08-12 00:00:00+00:00
[2026-08-12T05:10:16.799+0000] {processor.py:208} INFO - Processing /home/airflow/.local/lib/python3.12/site-packages/airflow/example_dags/example_skip_dag.py took 0.082 seconds
[2026-08-12T05:10:47.084+0000] {processor.py:186} INFO - Started process (PID=4731) to work on /home/airflow/.local/lib/python3.12/site-packages/airflow/example_dags/example_skip_dag.py
[2026-08-12T05:10:47.086+0000] {processor.py:914} INFO - Processing file /home/airflow/.local/lib/python3.12/site-packages/airflow/example_dags/example_skip_dag.py for tasks to queue
[2026-08-12T05:10:47.090+0000] {logging_mixin.py:190} INFO - [2026-08-12T05:10:47.089+0000] {dagbag.py:587} INFO - Filling up the DagBag from /home/airflow/.local/lib/python3.12/site-packages/airflow/example_dags/example_skip_dag.py
[2026-08-12T05:10:47.104+0000] {processor.py:925} INFO - DAG(s) 'example_skip_dag' retrieved from /home/airflow/.local/lib/python3.12/site-packages/airflow/example_dags/example_skip_dag.py
[2026-08-12T05:10:47.127+0000] {logging_mixin.py:190} INFO - [2026-08-12T05:10:47.127+0000] {dag.py:3211} INFO - Sync 1 DAGs
[2026-08-12T05:10:47.157+0000] {logging_mixin.py:190} INFO - [2026-08-12T05:10:47.157+0000] {dag.py:4138} INFO - Setting next_dagrun for example_skip_dag to 2026-08-11 00:00:00+00:00, run_after=2026-08-12 00:00:00+00:00
[2026-08-12T05:10:47.183+0000] {processor.py:208} INFO - Processing /home/airflow/.local/lib/python3.12/site-packages/airflow/example_dags/example_skip_dag.py took 0.111 seconds
[2026-08-12T05:11:17.564+0000] {processor.py:186} INFO - Started process (PID=4794) to work on /home/airflow/.local/lib/python3.12/site-packages/airflow/example_dags/example_skip_dag.py
[2026-08-12T05:11:17.567+0000] {processor.py:914} INFO - Processing file /home/airflow/.local/lib/python3.12/site-packages/airflow/example_dags/example_skip_dag.py for tasks to queue
[2026-08-12T05:11:17.571+0000] {logging_mixin.py:190} INFO - [2026-08-12T05:11:17.571+0000] {dagbag.py:587} INFO - Filling up the DagBag from /home/airflow/.local/lib/python3.12/site-packages/airflow/example_dags/example_skip_dag.py
[2026-08-12T05:11:17.583+0000] {processor.py:925} INFO - DAG(s) 'example_skip_dag' retrieved from /home/airflow/.local/lib/python3.12/site-packages/airflow/example_dags/example_skip_dag.py
[2026-08-12T05:11:17.612+0000] {logging_mixin.py:190} INFO - [2026-08-12T05:11:17.612+0000] {dag.py:3211} INFO - Sync 1 DAGs
[2026-08-12T05:11:17.641+0000] {logging_mixin.py:190} INFO - [2026-08-12T05:11:17.641+0000] {dag.py:4138} INFO - Setting next_dagrun for example_skip_dag to 2026-08-11 00:00:00+00:00, run_after=2026-08-12 00:00:00+00:00
[2026-08-12T05:11:17.668+0000] {processor.py:208} INFO - Processing /home/airflow/.local/lib/python3.12/site-packages/airflow/example_dags/example_skip_dag.py took 0.115 seconds
[2026-08-12T05:11:48.086+0000] {processor.py:186} INFO - Started process (PID=4857) to work on /home/airflow/.local/lib/python3.12/site-packages/airflow/example_dags/example_skip_dag.py
[2026-08-12T05:11:48.088+0000] {processor.py:914} INFO - Processing file /home/airflow/.local/lib/python3.12/site-packages/airflow/example_dags/example_skip_dag.py for tasks to queue
[2026-08-12T05:11:48.091+0000] {logging_mixin.py:190} INFO - [2026-08-12T05:11:48.091+0000] {dagbag.py:587} INFO - Filling up the DagBag from /home/airflow/.local/lib/python3.12/site-packages/airflow/example_dags/example_skip_dag.py
[2026-08-12T05:11:48.102+0000] {processor.py:925} INFO - DAG(s) 'example_skip_dag' retrieved from /home/airflow/.local/lib/python3.12/site-packages/airflow/example_dags/example_skip_dag.py
[2026-08-12T05:11:48.129+0000] {logging_mixin.py:190} INFO - [2026-08-12T05:11:48.128+0000] {dag.py:3211} INFO - Sync 1 DAGs
[2026-08-12T05:11:48.156+0000] {logging_mixin.py:190} INFO - [2026-08-12T05:11:48.156+0000] {dag.py:4138} INFO - Setting next_dagrun for example_skip_dag to 2026-08-11 00:00:00+00:00, run_after=2026-08-12 00:00:00+00:00
[2026-08-12T05:11:48.188+0000] {processor.py:208} INFO - Processing /home/airflow/.local/lib/python3.12/site-packages/airflow/example_dags/example_skip_dag.py took 0.110 seconds
[2026-08-12T05:12:18.854+0000] {processor.py:186} INFO - Started process (PID=4920) to work on /home/airflow/.local/lib/python3.12/site-packages/airflow/example_dags/example_skip_dag.py
[2026-08-12T05:12:18.856+0000] {processor.py:914} INFO - Processing file /home/airflow/.local/lib/python3.12/site-packages/airflow/example_dags/example_skip_dag.py for tasks to queue
[2026-08-12T05:12:18.863+0000] {logging_mixin.py:190} INFO - [2026-08-12T05:12:18.862+0000] {dagbag.py:587} INFO - Filling up the DagBag from /home/airflow/.local/lib/python3.12/site-packages/airflow/example_dags/example_skip_dag.py
[2026-08-12T05:12:18.880+0000] {processor.py:925} INFO - DAG(s) 'example_skip_dag' retrieved from /home/airflow/.local/lib/python3.12/site-packages/airflow/example_dags/example_skip_dag.py
[2026-08-12T05:12:18.910+0000] {logging_mixin.py:190} INFO - [2026-08-12T05:12:18.910+0000] {dag.py:3211} INFO - Sync 1 DAGs
[2026-08-12T05:12:18.934+0000] {logging_mixin.py:190} INFO - [2026-08-12T05:12:18.934+0000] {dag.py:4138} INFO - Setting next_dagrun for example_skip_dag to 2026-08-11 00:00:00+00:00, run_after=2026-08-12 00:00:00+00:00
[2026-08-12T05:12:18.955+0000] {processor.py:208} INFO - Processing /home/airflow/.local/lib/python3.12/site-packages/airflow/example_dags/example_skip_dag.py took 0.110 seconds
[2026-08-12T05:12:49.381+0000] {processor.py:186} INFO - Started process (PID=4983) to work on /home/airflow/.local/lib/python3.12/site-packages/airflow/example_dags/example_skip_dag.py
[2026-08-12T05:12:49.382+0000] {processor.py:914} INFO - Processing file /home/airflow/.local/lib/python3.12/site-packages/airflow/example_dags/example_skip_dag.py for tasks to queue
[2026-08-12T05:12:49.385+0000] {logging_mixin.py:190} INFO - [2026-08-12T05:12:49.385+0000] {dagbag.py:587} INFO - Filling up the DagBag from /home/airflow/.local/lib/python3.12/site-packages/airflow/example_dags/example_skip_dag.py
[2026-08-12T05:12:49.394+0000] {processor.py:925} INFO - DAG(s) 'example_skip_dag' retrieved from /home/airflow/.local/lib/python3.12/site-packages/airflow/example_dags/example_skip_dag.py
[2026-08-12T05:12:49.412+0000] {logging_mixin.py:190} INFO - [2026-08-12T05:12:49.412+0000] {dag.py:3211} INFO - Sync 1 DAGs
[2026-08-12T05:12:49.433+0000] {logging_mixin.py:190} INFO - [2026-08-12T05:12:49.432+0000] {dag.py:4138} INFO - Setting next_dagrun for example_skip_dag to 2026-08-11 00:00:00+00:00, run_after=2026-08-12 00:00:00+00:00
[2026-08-12T05:12:49.450+0000] {processor.py:208} INFO - Processing /home/airflow/.local/lib/python3.12/site-packages/airflow/example_dags/example_skip_dag.py took 0.076 seconds
[2026-08-12T05:13:19.837+0000] {processor.py:186} INFO - Started process (PID=5046) to work on /home/airflow/.local/lib/python3.12/site-packages/airflow/example_dags/example_skip_dag.py
[2026-08-12T05:13:19.839+0000] {processor.py:914} INFO - Processing file /home/airflow/.local/lib/python3.12/site-packages/airflow/example_dags/example_skip_dag.py for tasks to queue
[2026-08-12T05:13:19.842+0000] {logging_mixin.py:190} INFO - [2026-08-12T05:13:19.842+0000] {dagbag.py:587} INFO - Filling up the DagBag from /home/airflow/.local/lib/python3.12/site-packages/airflow/example_dags/example_skip_dag.py
[2026-08-12T05:13:19.851+0000] {processor.py:925} INFO - DAG(s) 'example_skip_dag' retrieved from /home/airflow/.local/lib/python3.12/site-packages/airflow/example_dags/example_skip_dag.py
[2026-08-12T05:13:19.872+0000] {logging_mixin.py:190} INFO - [2026-08-12T05:13:19.872+0000] {dag.py:3211} INFO - Sync 1 DAGs
[2026-08-12T05:13:19.893+0000] {logging_mixin.py:190} INFO - [2026-08-12T05:13:19.893+0000] {dag.py:4138} INFO - Setting next_dagrun for example_skip_dag to 2026-08-11 00:00:00+00:00, run_after=2026-08-12 00:00:00+00:00
[2026-08-12T05:13:19.910+0000] {processor.py:208} INFO - Processing /home/airflow/.local/lib/python3.12/site-packages/airflow/example_dags/example_skip_dag.py took 0.079 seconds
[2026-08-12T05:13:50.287+0000] {processor.py:186} INFO - Started process (PID=5109) to work on /home/airflow/.local/lib/python3.12/site-packages/airflow/example_dags/example_skip_dag.py
[2026-08-12T05:13:50.288+0000] {processor.py:914} INFO - Processing file /home/airflow/.local/lib/python3.12/site-packages/airflow/example_dags/example_skip_dag.py for tasks to queue
[2026-08-12T05:13:50.292+0000] {logging_mixin.py:190} INFO - [2026-08-12T05:13:50.291+0000] {dagbag.py:587} INFO - Filling up the DagBag from /home/airflow/.local/lib/python3.12/site-packages/airflow/example_dags/example_skip_dag.py
[2026-08-12T05:13:50.300+0000] {processor.py:925} INFO - DAG(s) 'example_skip_dag' retrieved from /home/airflow/.local/lib/python3.12/site-packages/airflow/example_dags/example_skip_dag.py
[2026-08-12T05:13:50.324+0000] {logging_mixin.py:190} INFO - [2026-08-12T05:13:50.324+0000] {dag.py:3211} INFO - Sync 1 DAGs
[2026-08-12T05:13:50.353+0000] {logging_mixin.py:190} INFO - [2026-08-12T05:13:50.353+0000] {dag.py:4138} INFO - Setting next_dagrun for example_skip_dag to 2026-08-11 00:00:00+00:00, run_after=2026-08-12 00:00:00+00:00
[2026-08-12T05:13:50.382+0000] {processor.py:208} INFO - Processing /home/airflow/.local/lib/python3.12/site-packages/airflow/example_dags/example_skip_dag.py took 0.103 seconds
[2026-08-12T05:14:20.839+0000] {processor.py:186} INFO - Started process (PID=5172) to work on /home/airflow/.local/lib/python3.12/site-packages/airflow/example_dags/example_skip_dag.py
[2026-08-12T05:14:20.840+0000] {processor.py:914} INFO - Processing file /home/airflow/.local/lib/python3.12/site-packages/airflow/example_dags/example_skip_dag.py for tasks to queue
[2026-08-12T05:14:20.844+0000] {logging_mixin.py:190} INFO - [2026-08-12T05:14:20.844+0000] {dagbag.py:587} INFO - Filling up the DagBag from /home/airflow/.local/lib/python3.12/site-packages/airflow/example_dags/example_skip_dag.py
[2026-08-12T05:14:20.854+0000] {processor.py:925} INFO - DAG(s) 'example_skip_dag' retrieved from /home/airflow/.local/lib/python3.12/site-packages/airflow/example_dags/example_skip_dag.py
[2026-08-12T05:14:20.877+0000] {logging_mixin.py:190} INFO - [2026-08-12T05:14:20.877+0000] {dag.py:3211} INFO - Sync 1 DAGs
[2026-08-12T05:14:20.901+0000] {logging_mixin.py:190} INFO - [2026-08-12T05:14:20.901+0000] {dag.py:4138} INFO - Setting next_dagrun for example_skip_dag to 2026-08-11 00:00:00+00:00, run_after=2026-08-12 00:00:00+00:00
[2026-08-12T05:14:20.923+0000] {processor.py:208} INFO - Processing /home/airflow/.local/lib/python3.12/site-packages/airflow/example_dags/example_skip_dag.py took 0.091 seconds
[2026-08-12T05:14:51.389+0000] {processor.py:186} INFO - Started process (PID=5235) to work on /home/airflow/.local/lib/python3.12/site-packages/airflow/example_dags/example_skip_dag.py
[2026-08-12T05:14:51.390+0000] {processor.py:914} INFO - Processing file /home/airflow/.local/lib/python3.12/site-packages/airflow/example_dags/example_skip_dag.py for tasks to queue
[2026-08-12T05:14:51.394+0000] {logging_mixin.py:190} INFO - [2026-08-12T05:14:51.393+0000] {dagbag.py:587} INFO - Filling up the DagBag from /home/airflow/.local/lib/python3.12/site-packages/airflow/example_dags/example_skip_dag.py
[2026-08-12T05:14:51.404+0000] {processor.py:925} INFO - DAG(s) 'example_skip_dag' retrieved from /home/airflow/.local/lib/python3.12/site-packages/airflow/example_dags/example_skip_dag.py
[2026-08-12T05:14:51.424+0000] {logging_mixin.py:190} INFO - [2026-08-12T05:14:51.424+0000] {dag.py:3211} INFO - Sync 1 DAGs
[2026-08-12T05:14:51.447+0000] {logging_mixin.py:190} INFO - [2026-08-12T05:14:51.447+0000] {dag.py:4138} INFO - Setting next_dagrun for example_skip_dag to 2026-08-11 00:00:00+00:00, run_after=2026-08-12 00:00:00+00:00
[2026-08-12T05:14:51.469+0000] {processor.py:208} INFO - Processing /home/airflow/.local/lib/python3.12/site-packages/airflow/example_dags/example_skip_dag.py took 0.086 seconds
[2026-08-12T05:15:22.096+0000] {processor.py:186} INFO - Started process (PID=5298) to work on /home/airflow/.local/lib/python3.12/site-packages/airflow/example_dags/example_skip_dag.py
[2026-08-12T05:15:22.097+0000] {processor.py:914} INFO - Processing file /home/airflow/.local/lib/python3.12/site-packages/airflow/example_dags/example_skip_dag.py for tasks to queue
[2026-08-12T05:15:22.101+0000] {logging_mixin.py:190} INFO - [2026-08-12T05:15:22.100+0000] {dagbag.py:587} INFO - Filling up the DagBag from /home/airflow/.local/lib/python3.12/site-packages/airflow/example_dags/example_skip_dag.py
[2026-08-12T05:15:22.108+0000] {processor.py:925} INFO - DAG(s) 'example_skip_dag' retrieved from /home/airflow/.local/lib/python3.12/site-packages/airflow/example_dags/example_skip_dag.py
[2026-08-12T05:15:22.129+0000] {logging_mixin.py:190} INFO - [2026-08-12T05:15:22.128+0000] {dag.py:3211} INFO - Sync 1 DAGs
[2026-08-12T05:15:22.151+0000] {logging_mixin.py:190} INFO - [2026-08-12T05:15:22.150+0000] {dag.py:4138} INFO - Setting next_dagrun for example_skip_dag to 2026-08-11 00:00:00+00:00, run_after=2026-08-12 00:00:00+00:00
[2026-08-12T05:15:22.169+0000] {processor.py:208} INFO - Processing /home/airflow/.local/lib/python3.12/site-packages/airflow/example_dags/example_skip_dag.py took 0.079 seconds
[2026-08-12T05:15:52.743+0000] {processor.py:186} INFO - Started process (PID=5361) to work on /home/airflow/.local/lib/python3.12/site-packages/airflow/example_dags/example_skip_dag.py
[2026-08-12T05:15:52.744+0000] {processor.py:914} INFO - Processing file /home/airflow/.local/lib/python3.12/site-packages/airflow/example_dags/example_skip_dag.py for tasks to queue
[2026-08-12T05:15:52.747+0000] {logging_mixin.py:190} INFO - [2026-08-12T05:15:52.747+0000] {dagbag.py:587} INFO - Filling up the DagBag from /home/airflow/.local/lib/python3.12/site-packages/airflow/example_dags/example_skip_dag.py
[2026-08-12T05:15:52.758+0000] {processor.py:925} INFO - DAG(s) 'example_skip_dag' retrieved from /home/airflow/.local/lib/python3.12/site-packages/airflow/example_dags/example_skip_dag.py
[2026-08-12T05:15:52.780+0000] {logging_mixin.py:190} INFO - [2026-08-12T05:15:52.780+0000] {dag.py:3211} INFO - Sync 1 DAGs
[2026-08-12T05:15:52.803+0000] {logging_mixin.py:190} INFO - [2026-08-12T05:15:52.803+0000] {dag.py:4138} INFO - Setting next_dagrun for example_skip_dag to 2026-08-11 00:00:00+00:00, run_after=2026-08-12 00:00:00+00:00
[2026-08-12T05:15:52.822+0000] {processor.py:208} INFO - Processing /home/airflow/.local/lib/python3.12/site-packages/airflow/example_dags/example_skip_dag.py took 0.085 seconds
[2026-08-12T05:16:23.235+0000] {processor.py:186} INFO - Started process (PID=5424) to work on /home/airflow/.local/lib/python3.12/site-packages/airflow/example_dags/example_skip_dag.py
[2026-08-12T05:16:23.237+0000] {processor.py:914} INFO - Processing file /home/airflow/.local/lib/python3.12/site-packages/airflow/example_dags/example_skip_dag.py for tasks to queue
[2026-08-12T05:16:23.240+0000] {logging_mixin.py:190} INFO - [2026-08-12T05:16:23.240+0000] {dagbag.py:587} INFO - Filling up the DagBag from /home/airflow/.local/lib/python3.12/site-packages/airflow/example_dags/example_skip_dag.py
[2026-08-12T05:16:23.249+0000] {processor.py:925} INFO - DAG(s) 'example_skip_dag' retrieved from /home/airflow/.local/lib/python3.12/site-packages/airflow/example_dags/example_skip_dag.py
[2026-08-12T05:16:23.270+0000] {logging_mixin.py:190} INFO - [2026-08-12T05:16:23.270+0000] {dag.py:3211} INFO - Sync 1 DAGs
[2026-08-12T05:16:23.296+0000] {logging_mixin.py:190} INFO - [2026-08-12T05:16:23.296+0000] {dag.py:4138} INFO - Setting next_dagrun for example_skip_dag to 2026-08-11 00:00:00+00:00, run_after=2026-08-12 00:00:00+00:00
[2026-08-12T05:16:23.316+0000] {processor.py:208} INFO - Processing /home/airflow/.local/lib/python3.12/site-packages/airflow/example_dags/example_skip_dag.py took 0.087 seconds
[2026-08-12T05:16:53.765+0000] {processor.py:186} INFO - Started process (PID=5487) to work on /home/airflow/.local/lib/python3.12/site-packages/airflow/example_dags/example_skip_dag.py
[2026-08-12T05:16:53.767+0000] {processor.py:914} INFO - Processing file /home/airflow/.local/lib/python3.12/site-packages/airflow/example_dags/example_skip_dag.py for tasks to queue
[2026-08-12T05:16:53.771+0000] {logging_mixin.py:190} INFO - [2026-08-12T05:16:53.770+0000] {dagbag.py:587} INFO - Filling up the DagBag from /home/airflow/.local/lib/python3.12/site-packages/airflow/example_dags/example_skip_dag.py
[2026-08-12T05:16:53.778+0000] {processor.py:925} INFO - DAG(s) 'example_skip_dag' retrieved from /home/airflow/.local/lib/python3.12/site-packages/airflow/example_dags/example_skip_dag.py
[2026-08-12T05:16:53.798+0000] {logging_mixin.py:190} INFO - [2026-08-12T05:16:53.798+0000] {dag.py:3211} INFO - Sync 1 DAGs
[2026-08-12T05:16:53.821+0000] {logging_mixin.py:190} INFO - [2026-08-12T05:16:53.820+0000] {dag.py:4138} INFO - Setting next_dagrun for example_skip_dag to 2026-08-11 00:00:00+00:00, run_after=2026-08-12 00:00:00+00:00
[2026-08-12T05:16:53.841+0000] {processor.py:208} INFO - Processing /home/airflow/.local/lib/python3.12/site-packages/airflow/example_dags/example_skip_dag.py took 0.083 seconds
[2026-08-12T05:17:24.289+0000] {processor.py:186} INFO - Started process (PID=5550) to work on /home/airflow/.local/lib/python3.12/site-packages/airflow/example_dags/example_skip_dag.py
[2026-08-12T05:17:24.291+0000] {processor.py:914} INFO - Processing file /home/airflow/.local/lib/python3.12/site-packages/airflow/example_dags/example_skip_dag.py for tasks to queue
[2026-08-12T05:17:24.293+0000] {logging_mixin.py:190} INFO - [2026-08-12T05:17:24.293+0000] {dagbag.py:587} INFO - Filling up the DagBag from /home/airflow/.local/lib/python3.12/site-packages/airflow/example_dags/example_skip_dag.py
[2026-08-12T05:17:24.300+0000] {processor.py:925} INFO - DAG(s) 'example_skip_dag' retrieved from /home/airflow/.local/lib/python3.12/site-packages/airflow/example_dags/example_skip_dag.py
[2026-08-12T05:17:24.322+0000] {logging_mixin.py:190} INFO - [2026-08-12T05:17:24.322+0000] {dag.py:3211} INFO - Sync 1 DAGs
[2026-08-12T05:17:24.346+0000] {logging_mixin.py:190} INFO - [2026-08-12T05:17:24.346+0000] {dag.py:4138} INFO - Setting next_dagrun for example_skip_dag to 2026-08-11 00:00:00+00:00, run_after=2026-08-12 00:00:00+00:00
[2026-08-12T05:17:24.371+0000] {processor.py:208} INFO - Processing /home/airflow/.local/lib/python3.12/site-packages/airflow/example_dags/example_skip_dag.py took 0.088 seconds
[2026-08-12T05:17:55.145+0000] {processor.py:186} INFO - Started process (PID=5613) to work on /home/airflow/.local/lib/python3.12/site-packages/airflow/example_dags/example_skip_dag.py
[2026-08-12T05:17:55.147+0000] {processor.py:914} INFO - Processing file /home/airflow/.local/lib/python3.12/site-packages/airflow/example_dags/example_skip_dag.py for tasks to queue
[2026-08-12T05:17:55.149+0000] {logging_mixin.py:190} INFO - [2026-08-12T05:17:55.149+0000] {dagbag.py:587} INFO - Filling up the DagBag from /home/airflow/.local/lib/python3.12/site-packages/airflow/example_dags/example_skip_dag.py
[2026-08-12T05:17:55.161+0000] {processor.py:925} INFO - DAG(s) 'example_skip_dag' retrieved from /home/airflow/.local/lib/python3.12/site-packages/airflow/example_dags/example_skip_dag.py
[2026-08-12T05:17:55.185+0000] {logging_mixin.py:190} INFO - [2026-08-12T05:17:55.184+0000] {dag.py:3211} INFO - Sync 1 DAGs
[2026-08-12T05:17:55.216+0000] {logging_mixin.py:190} INFO - [2026-08-12T05:17:55.216+0000] {dag.py:4138} INFO - Setting next_dagrun for example_skip_dag to 2026-08-11 00:00:00+00:00, run_after=2026-08-12 00:00:00+00:00
[2026-08-12T05:17:55.243+0000] {processor.py:208} INFO - Processing /home/airflow/.local/lib/python3.12/site-packages/airflow/example_dags/example_skip_dag.py took 0.105 seconds
[2026-08-12T05:18:26.173+0000] {processor.py:186} INFO - Started process (PID=5676) to work on /home/airflow/.local/lib/python3.12/site-packages/airflow/example_dags/example_skip_dag.py
[2026-08-12T05:18:26.175+0000] {processor.py:914} INFO - Processing file /home/airflow/.local/lib/python3.12/site-packages/airflow/example_dags/example_skip_dag.py for tasks to queue
[2026-08-12T05:18:26.179+0000] {logging_mixin.py:190} INFO - [2026-08-12T05:18:26.178+0000] {dagbag.py:587} INFO - Filling up the DagBag from /home/airflow/.local/lib/python3.12/site-packages/airflow/example_dags/example_skip_dag.py
[2026-08-12T05:18:26.191+0000] {processor.py:925} INFO - DAG(s) 'example_skip_dag' retrieved from /home/airflow/.local/lib/python3.12/site-packages/airflow/example_dags/example_skip_dag.py
[2026-08-12T05:18:26.215+0000] {logging_mixin.py:190} INFO - [2026-08-12T05:18:26.215+0000] {dag.py:3211} INFO - Sync 1 DAGs
[2026-08-12T05:18:26.242+0000] {logging_mixin.py:190} INFO - [2026-08-12T05:18:26.242+0000] {dag.py:4138} INFO - Setting next_dagrun for example_skip_dag to 2026-08-11 00:00:00+00:00, run_after=2026-08-12 00:00:00+00:00
[2026-08-12T05:18:26.268+0000] {processor.py:208} INFO - Processing /home/airflow/.local/lib/python3.12/site-packages/airflow/example_dags/example_skip_dag.py took 0.104 seconds
[2026-08-12T05:18:59.376+0000] {processor.py:186} INFO - Started process (PID=5739) to work on /home/airflow/.local/lib/python3.12/site-packages/airflow/example_dags/example_skip_dag.py
[2026-08-12T05:18:59.414+0000] {processor.py:914} INFO - Processing file /home/airflow/.local/lib/python3.12/site-packages/airflow/example_dags/example_skip_dag.py for tasks to queue
[2026-08-12T05:18:59.496+0000] {logging_mixin.py:190} INFO - [2026-08-12T05:18:59.495+0000] {dagbag.py:587} INFO - Filling up the DagBag from /home/airflow/.local/lib/python3.12/site-packages/airflow/example_dags/example_skip_dag.py
[2026-08-12T05:18:59.584+0000] {processor.py:925} INFO - DAG(s) 'example_skip_dag' retrieved from /home/airflow/.local/lib/python3.12/site-packages/airflow/example_dags/example_skip_dag.py
[2026-08-12T05:18:59.775+0000] {logging_mixin.py:190} INFO - [2026-08-12T05:18:59.774+0000] {dag.py:3211} INFO - Sync 1 DAGs
[2026-08-12T05:19:00.032+0000] {logging_mixin.py:190} INFO - [2026-08-12T05:19:00.031+0000] {dag.py:4138} INFO - Setting next_dagrun for example_skip_dag to 2026-08-11 00:00:00+00:00, run_after=2026-08-12 00:00:00+00:00
[2026-08-12T05:19:00.191+0000] {processor.py:208} INFO - Processing /home/airflow/.local/lib/python3.12/site-packages/airflow/example_dags/example_skip_dag.py took 0.834 seconds
[2026-08-12T05:19:30.953+0000] {processor.py:186} INFO - Started process (PID=5803) to work on /home/airflow/.local/lib/python3.12/site-packages/airflow/example_dags/example_skip_dag.py
[2026-08-12T05:19:30.965+0000] {processor.py:914} INFO - Processing file /home/airflow/.local/lib/python3.12/site-packages/airflow/example_dags/example_skip_dag.py for tasks to queue
[2026-08-12T05:19:30.975+0000] {logging_mixin.py:190} INFO - [2026-08-12T05:19:30.974+0000] {dagbag.py:587} INFO - Filling up the DagBag from /home/airflow/.local/lib/python3.12/site-packages/airflow/example_dags/example_skip_dag.py
[2026-08-12T05:19:31.013+0000] {processor.py:925} INFO - DAG(s) 'example_skip_dag' retrieved from /home/airflow/.local/lib/python3.12/site-packages/airflow/example_dags/example_skip_dag.py
[2026-08-12T05:19:31.082+0000] {logging_mixin.py:190} INFO - [2026-08-12T05:19:31.081+0000] {dag.py:3211} INFO - Sync 1 DAGs
[2026-08-12T05:19:31.153+0000] {logging_mixin.py:190} INFO - [2026-08-12T05:19:31.153+0000] {dag.py:4138} INFO - Setting next_dagrun for example_skip_dag to 2026-08-11 00:00:00+00:00, run_after=2026-08-12 00:00:00+00:00
[2026-08-12T05:19:31.218+0000] {processor.py:208} INFO - Processing /home/airflow/.local/lib/python3.12/site-packages/airflow/example_dags/example_skip_dag.py took 0.290 seconds
[2026-08-12T05:20:03.805+0000] {processor.py:186} INFO - Started process (PID=5866) to work on /home/airflow/.local/lib/python3.12/site-packages/airflow/example_dags/example_skip_dag.py
[2026-08-12T05:20:03.808+0000] {processor.py:914} INFO - Processing file /home/airflow/.local/lib/python3.12/site-packages/airflow/example_dags/example_skip_dag.py for tasks to queue
[2026-08-12T05:20:03.823+0000] {logging_mixin.py:190} INFO - [2026-08-12T05:20:03.823+0000] {dagbag.py:587} INFO - Filling up the DagBag from /home/airflow/.local/lib/python3.12/site-packages/airflow/example_dags/example_skip_dag.py
[2026-08-12T05:20:03.867+0000] {processor.py:925} INFO - DAG(s) 'example_skip_dag' retrieved from /home/airflow/.local/lib/python3.12/site-packages/airflow/example_dags/example_skip_dag.py
[2026-08-12T05:20:03.956+0000] {logging_mixin.py:190} INFO - [2026-08-12T05:20:03.956+0000] {dag.py:3211} INFO - Sync 1 DAGs
[2026-08-12T05:20:04.062+0000] {logging_mixin.py:190} INFO - [2026-08-12T05:20:04.062+0000] {dag.py:4138} INFO - Setting next_dagrun for example_skip_dag to 2026-08-11 00:00:00+00:00, run_after=2026-08-12 00:00:00+00:00
[2026-08-12T05:20:04.149+0000] {processor.py:208} INFO - Processing /home/airflow/.local/lib/python3.12/site-packages/airflow/example_dags/example_skip_dag.py took 0.369 seconds
[2026-08-12T05:20:36.453+0000] {processor.py:186} INFO - Started process (PID=5929) to work on /home/airflow/.local/lib/python3.12/site-packages/airflow/example_dags/example_skip_dag.py
[2026-08-12T05:20:36.463+0000] {processor.py:914} INFO - Processing file /home/airflow/.local/lib/python3.12/site-packages/airflow/example_dags/example_skip_dag.py for tasks to queue
[2026-08-12T05:20:36.485+0000] {logging_mixin.py:190} INFO - [2026-08-12T05:20:36.484+0000] {dagbag.py:587} INFO - Filling up the DagBag from /home/airflow/.local/lib/python3.12/site-packages/airflow/example_dags/example_skip_dag.py
[2026-08-12T05:20:36.539+0000] {processor.py:925} INFO - DAG(s) 'example_skip_dag' retrieved from /home/airflow/.local/lib/python3.12/site-packages/airflow/example_dags/example_skip_dag.py
[2026-08-12T05:20:36.615+0000] {logging_mixin.py:190} INFO - [2026-08-12T05:20:36.614+0000] {dag.py:3211} INFO - Sync 1 DAGs
[2026-08-12T05:20:36.715+0000] {logging_mixin.py:190} INFO - [2026-08-12T05:20:36.714+0000] {dag.py:4138} INFO - Setting next_dagrun for example_skip_dag to 2026-08-11 00:00:00+00:00, run_after=2026-08-12 00:00:00+00:00
[2026-08-12T05:20:36.841+0000] {processor.py:208} INFO - Processing /home/airflow/.local/lib/python3.12/site-packages/airflow/example_dags/example_skip_dag.py took 0.438 seconds
[2026-08-12T05:21:07.459+0000] {processor.py:186} INFO - Started process (PID=5999) to work on /home/airflow/.local/lib/python3.12/site-packages/airflow/example_dags/example_skip_dag.py
[2026-08-12T05:21:07.461+0000] {processor.py:914} INFO - Processing file /home/airflow/.local/lib/python3.12/site-packages/airflow/example_dags/example_skip_dag.py for tasks to queue
[2026-08-12T05:21:07.465+0000] {logging_mixin.py:190} INFO - [2026-08-12T05:21:07.464+0000] {dagbag.py:587} INFO - Filling up the DagBag from /home/airflow/.local/lib/python3.12/site-packages/airflow/example_dags/example_skip_dag.py
[2026-08-12T05:21:07.475+0000] {processor.py:925} INFO - DAG(s) 'example_skip_dag' retrieved from /home/airflow/.local/lib/python3.12/site-packages/airflow/example_dags/example_skip_dag.py
[2026-08-12T05:21:07.500+0000] {logging_mixin.py:190} INFO - [2026-08-12T05:21:07.500+0000] {dag.py:3211} INFO - Sync 1 DAGs
[2026-08-12T05:21:07.534+0000] {logging_mixin.py:190} INFO - [2026-08-12T05:21:07.534+0000] {dag.py:4138} INFO - Setting next_dagrun for example_skip_dag to 2026-08-11 00:00:00+00:00, run_after=2026-08-12 00:00:00+00:00
[2026-08-12T05:21:07.558+0000] {processor.py:208} INFO - Processing /home/airflow/.local/lib/python3.12/site-packages/airflow/example_dags/example_skip_dag.py took 0.108 seconds
[2026-08-12T05:21:38.029+0000] {processor.py:186} INFO - Started process (PID=6064) to work on /home/airflow/.local/lib/python3.12/site-packages/airflow/example_dags/example_skip_dag.py
[2026-08-12T05:21:38.031+0000] {processor.py:914} INFO - Processing file /home/airflow/.local/lib/python3.12/site-packages/airflow/example_dags/example_skip_dag.py for tasks to queue
[2026-08-12T05:21:38.036+0000] {logging_mixin.py:190} INFO - [2026-08-12T05:21:38.036+0000] {dagbag.py:587} INFO - Filling up the DagBag from /home/airflow/.local/lib/python3.12/site-packages/airflow/example_dags/example_skip_dag.py
[2026-08-12T05:21:38.050+0000] {processor.py:925} INFO - DAG(s) 'example_skip_dag' retrieved from /home/airflow/.local/lib/python3.12/site-packages/airflow/example_dags/example_skip_dag.py
[2026-08-12T05:21:38.081+0000] {logging_mixin.py:190} INFO - [2026-08-12T05:21:38.080+0000] {dag.py:3211} INFO - Sync 1 DAGs
[2026-08-12T05:21:38.125+0000] {logging_mixin.py:190} INFO - [2026-08-12T05:21:38.125+0000] {dag.py:4138} INFO - Setting next_dagrun for example_skip_dag to 2026-08-11 00:00:00+00:00, run_after=2026-08-12 00:00:00+00:00
[2026-08-12T05:21:38.153+0000] {processor.py:208} INFO - Processing /home/airflow/.local/lib/python3.12/site-packages/airflow/example_dags/example_skip_dag.py took 0.131 seconds
[2026-08-12T05:22:08.513+0000] {processor.py:186} INFO - Started process (PID=6128) to work on /home/airflow/.local/lib/python3.12/site-packages/airflow/example_dags/example_skip_dag.py
[2026-08-12T05:22:08.515+0000] {processor.py:914} INFO - Processing file /home/airflow/.local/lib/python3.12/site-packages/airflow/example_dags/example_skip_dag.py for tasks to queue
[2026-08-12T05:22:08.518+0000] {logging_mixin.py:190} INFO - [2026-08-12T05:22:08.518+0000] {dagbag.py:587} INFO - Filling up the DagBag from /home/airflow/.local/lib/python3.12/site-packages/airflow/example_dags/example_skip_dag.py
[2026-08-12T05:22:08.527+0000] {processor.py:925} INFO - DAG(s) 'example_skip_dag' retrieved from /home/airflow/.local/lib/python3.12/site-packages/airflow/example_dags/example_skip_dag.py
[2026-08-12T05:22:08.554+0000] {logging_mixin.py:190} INFO - [2026-08-12T05:22:08.554+0000] {dag.py:3211} INFO - Sync 1 DAGs
[2026-08-12T05:22:08.581+0000] {logging_mixin.py:190} INFO - [2026-08-12T05:22:08.581+0000] {dag.py:4138} INFO - Setting next_dagrun for example_skip_dag to 2026-08-11 00:00:00+00:00, run_after=2026-08-12 00:00:00+00:00
[2026-08-12T05:22:08.645+0000] {processor.py:208} INFO - Processing /home/airflow/.local/lib/python3.12/site-packages/airflow/example_dags/example_skip_dag.py took 0.137 seconds
[2026-08-12T05:22:38.885+0000] {processor.py:186} INFO - Started process (PID=6191) to work on /home/airflow/.local/lib/python3.12/site-packages/airflow/example_dags/example_skip_dag.py
[2026-08-12T05:22:38.887+0000] {processor.py:914} INFO - Processing file /home/airflow/.local/lib/python3.12/site-packages/airflow/example_dags/example_skip_dag.py for tasks to queue
[2026-08-12T05:22:38.890+0000] {logging_mixin.py:190} INFO - [2026-08-12T05:22:38.890+0000] {dagbag.py:587} INFO - Filling up the DagBag from /home/airflow/.local/lib/python3.12/site-packages/airflow/example_dags/example_skip_dag.py
[2026-08-12T05:22:38.899+0000] {processor.py:925} INFO - DAG(s) 'example_skip_dag' retrieved from /home/airflow/.local/lib/python3.12/site-packages/airflow/example_dags/example_skip_dag.py
[2026-08-12T05:22:38.922+0000] {logging_mixin.py:190} INFO - [2026-08-12T05:22:38.922+0000] {dag.py:3211} INFO - Sync 1 DAGs
[2026-08-12T05:22:38.943+0000] {logging_mixin.py:190} INFO - [2026-08-12T05:22:38.943+0000] {dag.py:4138} INFO - Setting next_dagrun for example_skip_dag to 2026-08-11 00:00:00+00:00, run_after=2026-08-12 00:00:00+00:00
[2026-08-12T05:22:38.962+0000] {processor.py:208} INFO - Processing /home/airflow/.local/lib/python3.12/site-packages/airflow/example_dags/example_skip_dag.py took 0.082 seconds
[2026-08-12T05:23:09.456+0000] {processor.py:186} INFO - Started process (PID=6255) to work on /home/airflow/.local/lib/python3.12/site-packages/airflow/example_dags/example_skip_dag.py
[2026-08-12T05:23:09.458+0000] {processor.py:914} INFO - Processing file /home/airflow/.local/lib/python3.12/site-packages/airflow/example_dags/example_skip_dag.py for tasks to queue
[2026-08-12T05:23:09.462+0000] {logging_mixin.py:190} INFO - [2026-08-12T05:23:09.461+0000] {dagbag.py:587} INFO - Filling up the DagBag from /home/airflow/.local/lib/python3.12/site-packages/airflow/example_dags/example_skip_dag.py
[2026-08-12T05:23:09.471+0000] {processor.py:925} INFO - DAG(s) 'example_skip_dag' retrieved from /home/airflow/.local/lib/python3.12/site-packages/airflow/example_dags/example_skip_dag.py
[2026-08-12T05:23:09.497+0000] {logging_mixin.py:190} INFO - [2026-08-12T05:23:09.497+0000] {dag.py:3211} INFO - Sync 1 DAGs
[2026-08-12T05:23:09.527+0000] {logging_mixin.py:190} INFO - [2026-08-12T05:23:09.526+0000] {dag.py:4138} INFO - Setting next_dagrun for example_skip_dag to 2026-08-11 00:00:00+00:00, run_after=2026-08-12 00:00:00+00:00
[2026-08-12T05:23:09.565+0000] {processor.py:208} INFO - Processing /home/airflow/.local/lib/python3.12/site-packages/airflow/example_dags/example_skip_dag.py took 0.115 seconds
[2026-08-12T05:23:39.628+0000] {processor.py:186} INFO - Started process (PID=6319) to work on /home/airflow/.local/lib/python3.12/site-packages/airflow/example_dags/example_skip_dag.py
[2026-08-12T05:23:39.629+0000] {processor.py:914} INFO - Processing file /home/airflow/.local/lib/python3.12/site-packages/airflow/example_dags/example_skip_dag.py for tasks to queue
[2026-08-12T05:23:39.632+0000] {logging_mixin.py:190} INFO - [2026-08-12T05:23:39.632+0000] {dagbag.py:587} INFO - Filling up the DagBag from /home/airflow/.local/lib/python3.12/site-packages/airflow/example_dags/example_skip_dag.py
[2026-08-12T05:23:39.640+0000] {processor.py:925} INFO - DAG(s) 'example_skip_dag' retrieved from /home/airflow/.local/lib/python3.12/site-packages/airflow/example_dags/example_skip_dag.py
[2026-08-12T05:23:39.661+0000] {logging_mixin.py:190} INFO - [2026-08-12T05:23:39.660+0000] {dag.py:3211} INFO - Sync 1 DAGs
[2026-08-12T05:23:39.681+0000] {logging_mixin.py:190} INFO - [2026-08-12T05:23:39.681+0000] {dag.py:4138} INFO - Setting next_dagrun for example_skip_dag to 2026-08-11 00:00:00+00:00, run_after=2026-08-12 00:00:00+00:00
[2026-08-12T05:23:39.699+0000] {processor.py:208} INFO - Processing /home/airflow/.local/lib/python3.12/site-packages/airflow/example_dags/example_skip_dag.py took 0.076 seconds
[2026-08-12T05:24:09.752+0000] {processor.py:186} INFO - Started process (PID=6382) to work on /home/airflow/.local/lib/python3.12/site-packages/airflow/example_dags/example_skip_dag.py
[2026-08-12T05:24:09.754+0000] {processor.py:914} INFO - Processing file /home/airflow/.local/lib/python3.12/site-packages/airflow/example_dags/example_skip_dag.py for tasks to queue
[2026-08-12T05:24:09.757+0000] {logging_mixin.py:190} INFO - [2026-08-12T05:24:09.756+0000] {dagbag.py:587} INFO - Filling up the DagBag from /home/airflow/.local/lib/python3.12/site-packages/airflow/example_dags/example_skip_dag.py
[2026-08-12T05:24:09.764+0000] {processor.py:925} INFO - DAG(s) 'example_skip_dag' retrieved from /home/airflow/.local/lib/python3.12/site-packages/airflow/example_dags/example_skip_dag.py
[2026-08-12T05:24:09.785+0000] {logging_mixin.py:190} INFO - [2026-08-12T05:24:09.785+0000] {dag.py:3211} INFO - Sync 1 DAGs
[2026-08-12T05:24:09.806+0000] {logging_mixin.py:190} INFO - [2026-08-12T05:24:09.805+0000] {dag.py:4138} INFO - Setting next_dagrun for example_skip_dag to 2026-08-11 00:00:00+00:00, run_after=2026-08-12 00:00:00+00:00
[2026-08-12T05:24:09.825+0000] {processor.py:208} INFO - Processing /home/airflow/.local/lib/python3.12/site-packages/airflow/example_dags/example_skip_dag.py took 0.078 seconds
[2026-08-12T05:24:40.748+0000] {processor.py:186} INFO - Started process (PID=6445) to work on /home/airflow/.local/lib/python3.12/site-packages/airflow/example_dags/example_skip_dag.py
[2026-08-12T05:24:40.749+0000] {processor.py:914} INFO - Processing file /home/airflow/.local/lib/python3.12/site-packages/airflow/example_dags/example_skip_dag.py for tasks to queue
[2026-08-12T05:24:40.752+0000] {logging_mixin.py:190} INFO - [2026-08-12T05:24:40.752+0000] {dagbag.py:587} INFO - Filling up the DagBag from /home/airflow/.local/lib/python3.12/site-packages/airflow/example_dags/example_skip_dag.py
[2026-08-12T05:24:40.759+0000] {processor.py:925} INFO - DAG(s) 'example_skip_dag' retrieved from /home/airflow/.local/lib/python3.12/site-packages/airflow/example_dags/example_skip_dag.py
[2026-08-12T05:24:40.780+0000] {logging_mixin.py:190} INFO - [2026-08-12T05:24:40.779+0000] {dag.py:3211} INFO - Sync 1 DAGs
[2026-08-12T05:24:40.810+0000] {logging_mixin.py:190} INFO - [2026-08-12T05:24:40.810+0000] {dag.py:4138} INFO - Setting next_dagrun for example_skip_dag to 2026-08-11 00:00:00+00:00, run_after=2026-08-12 00:00:00+00:00
[2026-08-12T05:24:40.832+0000] {processor.py:208} INFO - Processing /home/airflow/.local/lib/python3.12/site-packages/airflow/example_dags/example_skip_dag.py took 0.090 seconds
[2026-08-12T05:25:11.085+0000] {processor.py:186} INFO - Started process (PID=6510) to work on /home/airflow/.local/lib/python3.12/site-packages/airflow/example_dags/example_skip_dag.py
[2026-08-12T05:25:11.087+0000] {processor.py:914} INFO - Processing file /home/airflow/.local/lib/python3.12/site-packages/airflow/example_dags/example_skip_dag.py for tasks to queue
[2026-08-12T05:25:11.090+0000] {logging_mixin.py:190} INFO - [2026-08-12T05:25:11.089+0000] {dagbag.py:587} INFO - Filling up the DagBag from /home/airflow/.local/lib/python3.12/site-packages/airflow/example_dags/example_skip_dag.py
[2026-08-12T05:25:11.097+0000] {processor.py:925} INFO - DAG(s) 'example_skip_dag' retrieved from /home/airflow/.local/lib/python3.12/site-packages/airflow/example_dags/example_skip_dag.py
[2026-08-12T05:25:11.117+0000] {logging_mixin.py:190} INFO - [2026-08-12T05:25:11.117+0000] {dag.py:3211} INFO - Sync 1 DAGs
[2026-08-12T05:25:11.140+0000] {logging_mixin.py:190} INFO - [2026-08-12T05:25:11.140+0000] {dag.py:4138} INFO - Setting next_dagrun for example_skip_dag to 2026-08-11 00:00:00+00:00, run_after=2026-08-12 00:00:00+00:00
[2026-08-12T05:25:11.159+0000] {processor.py:208} INFO - Processing /home/airflow/.local/lib/python3.12/site-packages/airflow/example_dags/example_skip_dag.py took 0.080 seconds
[2026-08-12T05:25:41.875+0000] {processor.py:186} INFO - Started process (PID=6573) to work on /home/airflow/.local/lib/python3.12/site-packages/airflow/example_dags/example_skip_dag.py
[2026-08-12T05:25:41.877+0000] {processor.py:914} INFO - Processing file /home/airflow/.local/lib/python3.12/site-packages/airflow/example_dags/example_skip_dag.py for tasks to queue
[2026-08-12T05:25:41.881+0000] {logging_mixin.py:190} INFO - [2026-08-12T05:25:41.880+0000] {dagbag.py:587} INFO - Filling up the DagBag from /home/airflow/.local/lib/python3.12/site-packages/airflow/example_dags/example_skip_dag.py
[2026-08-12T05:25:41.892+0000] {processor.py:925} INFO - DAG(s) 'example_skip_dag' retrieved from /home/airflow/.local/lib/python3.12/site-packages/airflow/example_dags/example_skip_dag.py
[2026-08-12T05:25:41.913+0000] {logging_mixin.py:190} INFO - [2026-08-12T05:25:41.912+0000] {dag.py:3211} INFO - Sync 1 DAGs
[2026-08-12T05:25:41.935+0000] {logging_mixin.py:190} INFO - [2026-08-12T05:25:41.935+0000] {dag.py:4138} INFO - Setting next_dagrun for example_skip_dag to 2026-08-11 00:00:00+00:00, run_after=2026-08-12 00:00:00+00:00
[2026-08-12T05:25:41.957+0000] {processor.py:208} INFO - Processing /home/airflow/.local/lib/python3.12/site-packages/airflow/example_dags/example_skip_dag.py took 0.089 seconds
