[2026-08-12T04:30:45.945+0000] {processor.py:186} INFO - Started process (PID=74) to work on /home/airflow/.local/lib/python3.12/site-packages/airflow/example_dags/example_task_group.py
[2026-08-12T04:30:45.948+0000] {processor.py:914} INFO - Processing file /home/airflow/.local/lib/python3.12/site-packages/airflow/example_dags/example_task_group.py for tasks to queue
[2026-08-12T04:30:45.956+0000] {logging_mixin.py:190} INFO - [2026-08-12T04:30:45.956+0000] {dagbag.py:587} INFO - Filling up the DagBag from /home/airflow/.local/lib/python3.12/site-packages/airflow/example_dags/example_task_group.py
[2026-08-12T04:30:45.993+0000] {processor.py:925} INFO - DAG(s) 'example_task_group' retrieved from /home/airflow/.local/lib/python3.12/site-packages/airflow/example_dags/example_task_group.py
[2026-08-12T04:30:46.155+0000] {logging_mixin.py:190} INFO - [2026-08-12T04:30:46.154+0000] {override.py:1858} INFO - Created Permission View: can edit on DAG:example_task_group
[2026-08-12T04:30:46.167+0000] {logging_mixin.py:190} INFO - [2026-08-12T04:30:46.167+0000] {override.py:1858} INFO - Created Permission View: can delete on DAG:example_task_group
[2026-08-12T04:30:46.177+0000] {logging_mixin.py:190} INFO - [2026-08-12T04:30:46.176+0000] {override.py:1858} INFO - Created Permission View: can read on DAG:example_task_group
[2026-08-12T04:30:46.179+0000] {logging_mixin.py:190} INFO - [2026-08-12T04:30:46.178+0000] {dag.py:3211} INFO - Sync 1 DAGs
[2026-08-12T04:30:46.192+0000] {logging_mixin.py:190} INFO - [2026-08-12T04:30:46.192+0000] {dag.py:3234} INFO - Creating ORM DAG for example_task_group
[2026-08-12T04:30:46.204+0000] {logging_mixin.py:190} INFO - [2026-08-12T04:30:46.204+0000] {dag.py:4138} INFO - Setting next_dagrun for example_task_group to 2026-08-11 00:00:00+00:00, run_after=2026-08-12 00:00:00+00:00
[2026-08-12T04:30:46.225+0000] {processor.py:208} INFO - Processing /home/airflow/.local/lib/python3.12/site-packages/airflow/example_dags/example_task_group.py took 0.292 seconds
[2026-08-12T04:31:16.953+0000] {processor.py:186} INFO - Started process (PID=136) to work on /home/airflow/.local/lib/python3.12/site-packages/airflow/example_dags/example_task_group.py
[2026-08-12T04:31:16.955+0000] {processor.py:914} INFO - Processing file /home/airflow/.local/lib/python3.12/site-packages/airflow/example_dags/example_task_group.py for tasks to queue
[2026-08-12T04:31:16.958+0000] {logging_mixin.py:190} INFO - [2026-08-12T04:31:16.957+0000] {dagbag.py:587} INFO - Filling up the DagBag from /home/airflow/.local/lib/python3.12/site-packages/airflow/example_dags/example_task_group.py
[2026-08-12T04:31:16.966+0000] {processor.py:925} INFO - DAG(s) 'example_task_group' retrieved from /home/airflow/.local/lib/python3.12/site-packages/airflow/example_dags/example_task_group.py
[2026-08-12T04:31:16.987+0000] {logging_mixin.py:190} INFO - [2026-08-12T04:31:16.986+0000] {dag.py:3211} INFO - Sync 1 DAGs
[2026-08-12T04:31:17.008+0000] {logging_mixin.py:190} INFO - [2026-08-12T04:31:17.008+0000] {dag.py:4138} INFO - Setting next_dagrun for example_task_group to 2026-08-11 00:00:00+00:00, run_after=2026-08-12 00:00:00+00:00
[2026-08-12T04:31:17.056+0000] {processor.py:208} INFO - Processing /home/airflow/.local/lib/python3.12/site-packages/airflow/example_dags/example_task_group.py took 0.108 seconds
[2026-08-12T04:31:47.161+0000] {processor.py:186} INFO - Started process (PID=197) to work on /home/airflow/.local/lib/python3.12/site-packages/airflow/example_dags/example_task_group.py
[2026-08-12T04:31:47.163+0000] {processor.py:914} INFO - Processing file /home/airflow/.local/lib/python3.12/site-packages/airflow/example_dags/example_task_group.py for tasks to queue
[2026-08-12T04:31:47.166+0000] {logging_mixin.py:190} INFO - [2026-08-12T04:31:47.166+0000] {dagbag.py:587} INFO - Filling up the DagBag from /home/airflow/.local/lib/python3.12/site-packages/airflow/example_dags/example_task_group.py
[2026-08-12T04:31:47.177+0000] {processor.py:925} INFO - DAG(s) 'example_task_group' retrieved from /home/airflow/.local/lib/python3.12/site-packages/airflow/example_dags/example_task_group.py
[2026-08-12T04:31:47.201+0000] {logging_mixin.py:190} INFO - [2026-08-12T04:31:47.201+0000] {dag.py:3211} INFO - Sync 1 DAGs
[2026-08-12T04:31:47.226+0000] {logging_mixin.py:190} INFO - [2026-08-12T04:31:47.226+0000] {dag.py:4138} INFO - Setting next_dagrun for example_task_group to 2026-08-11 00:00:00+00:00, run_after=2026-08-12 00:00:00+00:00
[2026-08-12T04:31:47.248+0000] {processor.py:208} INFO - Processing /home/airflow/.local/lib/python3.12/site-packages/airflow/example_dags/example_task_group.py took 0.095 seconds
[2026-08-12T04:33:00.627+0000] {processor.py:186} INFO - Started process (PID=71) to work on /home/airflow/.local/lib/python3.12/site-packages/airflow/example_dags/example_task_group.py
[2026-08-12T04:33:00.630+0000] {processor.py:914} INFO - Processing file /home/airflow/.local/lib/python3.12/site-packages/airflow/example_dags/example_task_group.py for tasks to queue
[2026-08-12T04:33:00.646+0000] {logging_mixin.py:190} INFO - [2026-08-12T04:33:00.645+0000] {dagbag.py:587} INFO - Filling up the DagBag from /home/airflow/.local/lib/python3.12/site-packages/airflow/example_dags/example_task_group.py
[2026-08-12T04:33:00.668+0000] {processor.py:925} INFO - DAG(s) 'example_task_group' retrieved from /home/airflow/.local/lib/python3.12/site-packages/airflow/example_dags/example_task_group.py
[2026-08-12T04:33:00.763+0000] {logging_mixin.py:190} INFO - [2026-08-12T04:33:00.762+0000] {dag.py:3211} INFO - Sync 1 DAGs
[2026-08-12T04:33:00.875+0000] {logging_mixin.py:190} INFO - [2026-08-12T04:33:00.874+0000] {dag.py:4138} INFO - Setting next_dagrun for example_task_group to 2026-08-11 00:00:00+00:00, run_after=2026-08-12 00:00:00+00:00
[2026-08-12T04:33:00.941+0000] {processor.py:208} INFO - Processing /home/airflow/.local/lib/python3.12/site-packages/airflow/example_dags/example_task_group.py took 0.329 seconds
[2026-08-12T04:33:31.058+0000] {processor.py:186} INFO - Started process (PID=133) to work on /home/airflow/.local/lib/python3.12/site-packages/airflow/example_dags/example_task_group.py
[2026-08-12T04:33:31.060+0000] {processor.py:914} INFO - Processing file /home/airflow/.local/lib/python3.12/site-packages/airflow/example_dags/example_task_group.py for tasks to queue
[2026-08-12T04:33:31.064+0000] {logging_mixin.py:190} INFO - [2026-08-12T04:33:31.063+0000] {dagbag.py:587} INFO - Filling up the DagBag from /home/airflow/.local/lib/python3.12/site-packages/airflow/example_dags/example_task_group.py
[2026-08-12T04:33:31.073+0000] {processor.py:925} INFO - DAG(s) 'example_task_group' retrieved from /home/airflow/.local/lib/python3.12/site-packages/airflow/example_dags/example_task_group.py
[2026-08-12T04:33:31.094+0000] {logging_mixin.py:190} INFO - [2026-08-12T04:33:31.094+0000] {dag.py:3211} INFO - Sync 1 DAGs
[2026-08-12T04:33:31.128+0000] {logging_mixin.py:190} INFO - [2026-08-12T04:33:31.128+0000] {dag.py:4138} INFO - Setting next_dagrun for example_task_group to 2026-08-11 00:00:00+00:00, run_after=2026-08-12 00:00:00+00:00
[2026-08-12T04:33:31.154+0000] {processor.py:208} INFO - Processing /home/airflow/.local/lib/python3.12/site-packages/airflow/example_dags/example_task_group.py took 0.102 seconds
[2026-08-12T04:34:01.217+0000] {processor.py:186} INFO - Started process (PID=194) to work on /home/airflow/.local/lib/python3.12/site-packages/airflow/example_dags/example_task_group.py
[2026-08-12T04:34:01.219+0000] {processor.py:914} INFO - Processing file /home/airflow/.local/lib/python3.12/site-packages/airflow/example_dags/example_task_group.py for tasks to queue
[2026-08-12T04:34:01.223+0000] {logging_mixin.py:190} INFO - [2026-08-12T04:34:01.222+0000] {dagbag.py:587} INFO - Filling up the DagBag from /home/airflow/.local/lib/python3.12/site-packages/airflow/example_dags/example_task_group.py
[2026-08-12T04:34:01.234+0000] {processor.py:925} INFO - DAG(s) 'example_task_group' retrieved from /home/airflow/.local/lib/python3.12/site-packages/airflow/example_dags/example_task_group.py
[2026-08-12T04:34:01.254+0000] {logging_mixin.py:190} INFO - [2026-08-12T04:34:01.254+0000] {dag.py:3211} INFO - Sync 1 DAGs
[2026-08-12T04:34:01.277+0000] {logging_mixin.py:190} INFO - [2026-08-12T04:34:01.277+0000] {dag.py:4138} INFO - Setting next_dagrun for example_task_group to 2026-08-11 00:00:00+00:00, run_after=2026-08-12 00:00:00+00:00
[2026-08-12T04:34:01.299+0000] {processor.py:208} INFO - Processing /home/airflow/.local/lib/python3.12/site-packages/airflow/example_dags/example_task_group.py took 0.088 seconds
[2026-08-12T04:34:31.718+0000] {processor.py:186} INFO - Started process (PID=256) to work on /home/airflow/.local/lib/python3.12/site-packages/airflow/example_dags/example_task_group.py
[2026-08-12T04:34:31.720+0000] {processor.py:914} INFO - Processing file /home/airflow/.local/lib/python3.12/site-packages/airflow/example_dags/example_task_group.py for tasks to queue
[2026-08-12T04:34:31.723+0000] {logging_mixin.py:190} INFO - [2026-08-12T04:34:31.723+0000] {dagbag.py:587} INFO - Filling up the DagBag from /home/airflow/.local/lib/python3.12/site-packages/airflow/example_dags/example_task_group.py
[2026-08-12T04:34:31.733+0000] {processor.py:925} INFO - DAG(s) 'example_task_group' retrieved from /home/airflow/.local/lib/python3.12/site-packages/airflow/example_dags/example_task_group.py
[2026-08-12T04:34:31.757+0000] {logging_mixin.py:190} INFO - [2026-08-12T04:34:31.757+0000] {dag.py:3211} INFO - Sync 1 DAGs
[2026-08-12T04:34:31.783+0000] {logging_mixin.py:190} INFO - [2026-08-12T04:34:31.783+0000] {dag.py:4138} INFO - Setting next_dagrun for example_task_group to 2026-08-11 00:00:00+00:00, run_after=2026-08-12 00:00:00+00:00
[2026-08-12T04:34:31.806+0000] {processor.py:208} INFO - Processing /home/airflow/.local/lib/python3.12/site-packages/airflow/example_dags/example_task_group.py took 0.093 seconds
[2026-08-12T04:35:01.925+0000] {processor.py:186} INFO - Started process (PID=318) to work on /home/airflow/.local/lib/python3.12/site-packages/airflow/example_dags/example_task_group.py
[2026-08-12T04:35:01.927+0000] {processor.py:914} INFO - Processing file /home/airflow/.local/lib/python3.12/site-packages/airflow/example_dags/example_task_group.py for tasks to queue
[2026-08-12T04:35:01.929+0000] {logging_mixin.py:190} INFO - [2026-08-12T04:35:01.929+0000] {dagbag.py:587} INFO - Filling up the DagBag from /home/airflow/.local/lib/python3.12/site-packages/airflow/example_dags/example_task_group.py
[2026-08-12T04:35:01.937+0000] {processor.py:925} INFO - DAG(s) 'example_task_group' retrieved from /home/airflow/.local/lib/python3.12/site-packages/airflow/example_dags/example_task_group.py
[2026-08-12T04:35:01.961+0000] {logging_mixin.py:190} INFO - [2026-08-12T04:35:01.961+0000] {dag.py:3211} INFO - Sync 1 DAGs
[2026-08-12T04:35:01.988+0000] {logging_mixin.py:190} INFO - [2026-08-12T04:35:01.988+0000] {dag.py:4138} INFO - Setting next_dagrun for example_task_group to 2026-08-11 00:00:00+00:00, run_after=2026-08-12 00:00:00+00:00
[2026-08-12T04:35:02.017+0000] {processor.py:208} INFO - Processing /home/airflow/.local/lib/python3.12/site-packages/airflow/example_dags/example_task_group.py took 0.096 seconds
[2026-08-12T04:35:32.344+0000] {processor.py:186} INFO - Started process (PID=380) to work on /home/airflow/.local/lib/python3.12/site-packages/airflow/example_dags/example_task_group.py
[2026-08-12T04:35:32.346+0000] {processor.py:914} INFO - Processing file /home/airflow/.local/lib/python3.12/site-packages/airflow/example_dags/example_task_group.py for tasks to queue
[2026-08-12T04:35:32.349+0000] {logging_mixin.py:190} INFO - [2026-08-12T04:35:32.349+0000] {dagbag.py:587} INFO - Filling up the DagBag from /home/airflow/.local/lib/python3.12/site-packages/airflow/example_dags/example_task_group.py
[2026-08-12T04:35:32.360+0000] {processor.py:925} INFO - DAG(s) 'example_task_group' retrieved from /home/airflow/.local/lib/python3.12/site-packages/airflow/example_dags/example_task_group.py
[2026-08-12T04:35:32.382+0000] {logging_mixin.py:190} INFO - [2026-08-12T04:35:32.381+0000] {dag.py:3211} INFO - Sync 1 DAGs
[2026-08-12T04:35:32.408+0000] {logging_mixin.py:190} INFO - [2026-08-12T04:35:32.408+0000] {dag.py:4138} INFO - Setting next_dagrun for example_task_group to 2026-08-11 00:00:00+00:00, run_after=2026-08-12 00:00:00+00:00
[2026-08-12T04:35:32.426+0000] {processor.py:208} INFO - Processing /home/airflow/.local/lib/python3.12/site-packages/airflow/example_dags/example_task_group.py took 0.088 seconds
[2026-08-12T04:36:02.752+0000] {processor.py:186} INFO - Started process (PID=442) to work on /home/airflow/.local/lib/python3.12/site-packages/airflow/example_dags/example_task_group.py
[2026-08-12T04:36:02.754+0000] {processor.py:914} INFO - Processing file /home/airflow/.local/lib/python3.12/site-packages/airflow/example_dags/example_task_group.py for tasks to queue
[2026-08-12T04:36:02.757+0000] {logging_mixin.py:190} INFO - [2026-08-12T04:36:02.757+0000] {dagbag.py:587} INFO - Filling up the DagBag from /home/airflow/.local/lib/python3.12/site-packages/airflow/example_dags/example_task_group.py
[2026-08-12T04:36:02.767+0000] {processor.py:925} INFO - DAG(s) 'example_task_group' retrieved from /home/airflow/.local/lib/python3.12/site-packages/airflow/example_dags/example_task_group.py
[2026-08-12T04:36:02.787+0000] {logging_mixin.py:190} INFO - [2026-08-12T04:36:02.787+0000] {dag.py:3211} INFO - Sync 1 DAGs
[2026-08-12T04:36:02.832+0000] {logging_mixin.py:190} INFO - [2026-08-12T04:36:02.832+0000] {dag.py:4138} INFO - Setting next_dagrun for example_task_group to 2026-08-11 00:00:00+00:00, run_after=2026-08-12 00:00:00+00:00
[2026-08-12T04:36:02.852+0000] {processor.py:208} INFO - Processing /home/airflow/.local/lib/python3.12/site-packages/airflow/example_dags/example_task_group.py took 0.106 seconds
[2026-08-12T04:36:33.059+0000] {processor.py:186} INFO - Started process (PID=504) to work on /home/airflow/.local/lib/python3.12/site-packages/airflow/example_dags/example_task_group.py
[2026-08-12T04:36:33.061+0000] {processor.py:914} INFO - Processing file /home/airflow/.local/lib/python3.12/site-packages/airflow/example_dags/example_task_group.py for tasks to queue
[2026-08-12T04:36:33.064+0000] {logging_mixin.py:190} INFO - [2026-08-12T04:36:33.064+0000] {dagbag.py:587} INFO - Filling up the DagBag from /home/airflow/.local/lib/python3.12/site-packages/airflow/example_dags/example_task_group.py
[2026-08-12T04:36:33.073+0000] {processor.py:925} INFO - DAG(s) 'example_task_group' retrieved from /home/airflow/.local/lib/python3.12/site-packages/airflow/example_dags/example_task_group.py
[2026-08-12T04:36:33.094+0000] {logging_mixin.py:190} INFO - [2026-08-12T04:36:33.093+0000] {dag.py:3211} INFO - Sync 1 DAGs
[2026-08-12T04:36:33.115+0000] {logging_mixin.py:190} INFO - [2026-08-12T04:36:33.115+0000] {dag.py:4138} INFO - Setting next_dagrun for example_task_group to 2026-08-11 00:00:00+00:00, run_after=2026-08-12 00:00:00+00:00
[2026-08-12T04:36:33.135+0000] {processor.py:208} INFO - Processing /home/airflow/.local/lib/python3.12/site-packages/airflow/example_dags/example_task_group.py took 0.083 seconds
[2026-08-12T04:37:03.517+0000] {processor.py:186} INFO - Started process (PID=566) to work on /home/airflow/.local/lib/python3.12/site-packages/airflow/example_dags/example_task_group.py
[2026-08-12T04:37:03.518+0000] {processor.py:914} INFO - Processing file /home/airflow/.local/lib/python3.12/site-packages/airflow/example_dags/example_task_group.py for tasks to queue
[2026-08-12T04:37:03.520+0000] {logging_mixin.py:190} INFO - [2026-08-12T04:37:03.520+0000] {dagbag.py:587} INFO - Filling up the DagBag from /home/airflow/.local/lib/python3.12/site-packages/airflow/example_dags/example_task_group.py
[2026-08-12T04:37:03.531+0000] {processor.py:925} INFO - DAG(s) 'example_task_group' retrieved from /home/airflow/.local/lib/python3.12/site-packages/airflow/example_dags/example_task_group.py
[2026-08-12T04:37:03.553+0000] {logging_mixin.py:190} INFO - [2026-08-12T04:37:03.553+0000] {dag.py:3211} INFO - Sync 1 DAGs
[2026-08-12T04:37:03.579+0000] {logging_mixin.py:190} INFO - [2026-08-12T04:37:03.579+0000] {dag.py:4138} INFO - Setting next_dagrun for example_task_group to 2026-08-11 00:00:00+00:00, run_after=2026-08-12 00:00:00+00:00
[2026-08-12T04:37:03.600+0000] {processor.py:208} INFO - Processing /home/airflow/.local/lib/python3.12/site-packages/airflow/example_dags/example_task_group.py took 0.090 seconds
[2026-08-12T04:37:34.320+0000] {processor.py:186} INFO - Started process (PID=628) to work on /home/airflow/.local/lib/python3.12/site-packages/airflow/example_dags/example_task_group.py
[2026-08-12T04:37:34.322+0000] {processor.py:914} INFO - Processing file /home/airflow/.local/lib/python3.12/site-packages/airflow/example_dags/example_task_group.py for tasks to queue
[2026-08-12T04:37:34.328+0000] {logging_mixin.py:190} INFO - [2026-08-12T04:37:34.327+0000] {dagbag.py:587} INFO - Filling up the DagBag from /home/airflow/.local/lib/python3.12/site-packages/airflow/example_dags/example_task_group.py
[2026-08-12T04:37:34.339+0000] {processor.py:925} INFO - DAG(s) 'example_task_group' retrieved from /home/airflow/.local/lib/python3.12/site-packages/airflow/example_dags/example_task_group.py
[2026-08-12T04:37:34.366+0000] {logging_mixin.py:190} INFO - [2026-08-12T04:37:34.365+0000] {dag.py:3211} INFO - Sync 1 DAGs
[2026-08-12T04:37:34.394+0000] {logging_mixin.py:190} INFO - [2026-08-12T04:37:34.394+0000] {dag.py:4138} INFO - Setting next_dagrun for example_task_group to 2026-08-11 00:00:00+00:00, run_after=2026-08-12 00:00:00+00:00
[2026-08-12T04:37:34.418+0000] {processor.py:208} INFO - Processing /home/airflow/.local/lib/python3.12/site-packages/airflow/example_dags/example_task_group.py took 0.105 seconds
[2026-08-12T04:38:04.916+0000] {processor.py:186} INFO - Started process (PID=690) to work on /home/airflow/.local/lib/python3.12/site-packages/airflow/example_dags/example_task_group.py
[2026-08-12T04:38:04.918+0000] {processor.py:914} INFO - Processing file /home/airflow/.local/lib/python3.12/site-packages/airflow/example_dags/example_task_group.py for tasks to queue
[2026-08-12T04:38:04.921+0000] {logging_mixin.py:190} INFO - [2026-08-12T04:38:04.921+0000] {dagbag.py:587} INFO - Filling up the DagBag from /home/airflow/.local/lib/python3.12/site-packages/airflow/example_dags/example_task_group.py
[2026-08-12T04:38:04.932+0000] {processor.py:925} INFO - DAG(s) 'example_task_group' retrieved from /home/airflow/.local/lib/python3.12/site-packages/airflow/example_dags/example_task_group.py
[2026-08-12T04:38:04.953+0000] {logging_mixin.py:190} INFO - [2026-08-12T04:38:04.953+0000] {dag.py:3211} INFO - Sync 1 DAGs
[2026-08-12T04:38:04.976+0000] {logging_mixin.py:190} INFO - [2026-08-12T04:38:04.976+0000] {dag.py:4138} INFO - Setting next_dagrun for example_task_group to 2026-08-11 00:00:00+00:00, run_after=2026-08-12 00:00:00+00:00
[2026-08-12T04:38:04.996+0000] {processor.py:208} INFO - Processing /home/airflow/.local/lib/python3.12/site-packages/airflow/example_dags/example_task_group.py took 0.087 seconds
[2026-08-12T04:38:35.132+0000] {processor.py:186} INFO - Started process (PID=752) to work on /home/airflow/.local/lib/python3.12/site-packages/airflow/example_dags/example_task_group.py
[2026-08-12T04:38:35.134+0000] {processor.py:914} INFO - Processing file /home/airflow/.local/lib/python3.12/site-packages/airflow/example_dags/example_task_group.py for tasks to queue
[2026-08-12T04:38:35.138+0000] {logging_mixin.py:190} INFO - [2026-08-12T04:38:35.137+0000] {dagbag.py:587} INFO - Filling up the DagBag from /home/airflow/.local/lib/python3.12/site-packages/airflow/example_dags/example_task_group.py
[2026-08-12T04:38:35.146+0000] {processor.py:925} INFO - DAG(s) 'example_task_group' retrieved from /home/airflow/.local/lib/python3.12/site-packages/airflow/example_dags/example_task_group.py
[2026-08-12T04:38:35.166+0000] {logging_mixin.py:190} INFO - [2026-08-12T04:38:35.166+0000] {dag.py:3211} INFO - Sync 1 DAGs
[2026-08-12T04:38:35.192+0000] {logging_mixin.py:190} INFO - [2026-08-12T04:38:35.192+0000] {dag.py:4138} INFO - Setting next_dagrun for example_task_group to 2026-08-11 00:00:00+00:00, run_after=2026-08-12 00:00:00+00:00
[2026-08-12T04:38:35.214+0000] {processor.py:208} INFO - Processing /home/airflow/.local/lib/python3.12/site-packages/airflow/example_dags/example_task_group.py took 0.090 seconds
[2026-08-12T04:39:05.518+0000] {processor.py:186} INFO - Started process (PID=814) to work on /home/airflow/.local/lib/python3.12/site-packages/airflow/example_dags/example_task_group.py
[2026-08-12T04:39:05.520+0000] {processor.py:914} INFO - Processing file /home/airflow/.local/lib/python3.12/site-packages/airflow/example_dags/example_task_group.py for tasks to queue
[2026-08-12T04:39:05.523+0000] {logging_mixin.py:190} INFO - [2026-08-12T04:39:05.523+0000] {dagbag.py:587} INFO - Filling up the DagBag from /home/airflow/.local/lib/python3.12/site-packages/airflow/example_dags/example_task_group.py
[2026-08-12T04:39:05.533+0000] {processor.py:925} INFO - DAG(s) 'example_task_group' retrieved from /home/airflow/.local/lib/python3.12/site-packages/airflow/example_dags/example_task_group.py
[2026-08-12T04:39:05.561+0000] {logging_mixin.py:190} INFO - [2026-08-12T04:39:05.561+0000] {dag.py:3211} INFO - Sync 1 DAGs
[2026-08-12T04:39:05.588+0000] {logging_mixin.py:190} INFO - [2026-08-12T04:39:05.587+0000] {dag.py:4138} INFO - Setting next_dagrun for example_task_group to 2026-08-11 00:00:00+00:00, run_after=2026-08-12 00:00:00+00:00
[2026-08-12T04:39:05.613+0000] {processor.py:208} INFO - Processing /home/airflow/.local/lib/python3.12/site-packages/airflow/example_dags/example_task_group.py took 0.100 seconds
[2026-08-12T04:39:36.499+0000] {processor.py:186} INFO - Started process (PID=876) to work on /home/airflow/.local/lib/python3.12/site-packages/airflow/example_dags/example_task_group.py
[2026-08-12T04:39:36.501+0000] {processor.py:914} INFO - Processing file /home/airflow/.local/lib/python3.12/site-packages/airflow/example_dags/example_task_group.py for tasks to queue
[2026-08-12T04:39:36.504+0000] {logging_mixin.py:190} INFO - [2026-08-12T04:39:36.504+0000] {dagbag.py:587} INFO - Filling up the DagBag from /home/airflow/.local/lib/python3.12/site-packages/airflow/example_dags/example_task_group.py
[2026-08-12T04:39:36.516+0000] {processor.py:925} INFO - DAG(s) 'example_task_group' retrieved from /home/airflow/.local/lib/python3.12/site-packages/airflow/example_dags/example_task_group.py
[2026-08-12T04:39:36.540+0000] {logging_mixin.py:190} INFO - [2026-08-12T04:39:36.540+0000] {dag.py:3211} INFO - Sync 1 DAGs
[2026-08-12T04:39:36.564+0000] {logging_mixin.py:190} INFO - [2026-08-12T04:39:36.564+0000] {dag.py:4138} INFO - Setting next_dagrun for example_task_group to 2026-08-11 00:00:00+00:00, run_after=2026-08-12 00:00:00+00:00
[2026-08-12T04:39:36.585+0000] {processor.py:208} INFO - Processing /home/airflow/.local/lib/python3.12/site-packages/airflow/example_dags/example_task_group.py took 0.092 seconds
[2026-08-12T04:40:06.644+0000] {processor.py:186} INFO - Started process (PID=938) to work on /home/airflow/.local/lib/python3.12/site-packages/airflow/example_dags/example_task_group.py
[2026-08-12T04:40:06.647+0000] {processor.py:914} INFO - Processing file /home/airflow/.local/lib/python3.12/site-packages/airflow/example_dags/example_task_group.py for tasks to queue
[2026-08-12T04:40:06.651+0000] {logging_mixin.py:190} INFO - [2026-08-12T04:40:06.651+0000] {dagbag.py:587} INFO - Filling up the DagBag from /home/airflow/.local/lib/python3.12/site-packages/airflow/example_dags/example_task_group.py
[2026-08-12T04:40:06.664+0000] {processor.py:925} INFO - DAG(s) 'example_task_group' retrieved from /home/airflow/.local/lib/python3.12/site-packages/airflow/example_dags/example_task_group.py
[2026-08-12T04:40:06.700+0000] {logging_mixin.py:190} INFO - [2026-08-12T04:40:06.699+0000] {dag.py:3211} INFO - Sync 1 DAGs
[2026-08-12T04:40:06.735+0000] {logging_mixin.py:190} INFO - [2026-08-12T04:40:06.735+0000] {dag.py:4138} INFO - Setting next_dagrun for example_task_group to 2026-08-11 00:00:00+00:00, run_after=2026-08-12 00:00:00+00:00
[2026-08-12T04:40:06.771+0000] {processor.py:208} INFO - Processing /home/airflow/.local/lib/python3.12/site-packages/airflow/example_dags/example_task_group.py took 0.134 seconds
[2026-08-12T04:40:37.515+0000] {processor.py:186} INFO - Started process (PID=1000) to work on /home/airflow/.local/lib/python3.12/site-packages/airflow/example_dags/example_task_group.py
[2026-08-12T04:40:37.517+0000] {processor.py:914} INFO - Processing file /home/airflow/.local/lib/python3.12/site-packages/airflow/example_dags/example_task_group.py for tasks to queue
[2026-08-12T04:40:37.520+0000] {logging_mixin.py:190} INFO - [2026-08-12T04:40:37.520+0000] {dagbag.py:587} INFO - Filling up the DagBag from /home/airflow/.local/lib/python3.12/site-packages/airflow/example_dags/example_task_group.py
[2026-08-12T04:40:37.532+0000] {processor.py:925} INFO - DAG(s) 'example_task_group' retrieved from /home/airflow/.local/lib/python3.12/site-packages/airflow/example_dags/example_task_group.py
[2026-08-12T04:40:37.557+0000] {logging_mixin.py:190} INFO - [2026-08-12T04:40:37.557+0000] {dag.py:3211} INFO - Sync 1 DAGs
[2026-08-12T04:40:37.586+0000] {logging_mixin.py:190} INFO - [2026-08-12T04:40:37.586+0000] {dag.py:4138} INFO - Setting next_dagrun for example_task_group to 2026-08-11 00:00:00+00:00, run_after=2026-08-12 00:00:00+00:00
[2026-08-12T04:40:37.607+0000] {processor.py:208} INFO - Processing /home/airflow/.local/lib/python3.12/site-packages/airflow/example_dags/example_task_group.py took 0.098 seconds
[2026-08-12T04:41:07.929+0000] {processor.py:186} INFO - Started process (PID=1062) to work on /home/airflow/.local/lib/python3.12/site-packages/airflow/example_dags/example_task_group.py
[2026-08-12T04:41:07.931+0000] {processor.py:914} INFO - Processing file /home/airflow/.local/lib/python3.12/site-packages/airflow/example_dags/example_task_group.py for tasks to queue
[2026-08-12T04:41:07.934+0000] {logging_mixin.py:190} INFO - [2026-08-12T04:41:07.933+0000] {dagbag.py:587} INFO - Filling up the DagBag from /home/airflow/.local/lib/python3.12/site-packages/airflow/example_dags/example_task_group.py
[2026-08-12T04:41:07.944+0000] {processor.py:925} INFO - DAG(s) 'example_task_group' retrieved from /home/airflow/.local/lib/python3.12/site-packages/airflow/example_dags/example_task_group.py
[2026-08-12T04:41:07.963+0000] {logging_mixin.py:190} INFO - [2026-08-12T04:41:07.963+0000] {dag.py:3211} INFO - Sync 1 DAGs
[2026-08-12T04:41:07.985+0000] {logging_mixin.py:190} INFO - [2026-08-12T04:41:07.984+0000] {dag.py:4138} INFO - Setting next_dagrun for example_task_group to 2026-08-11 00:00:00+00:00, run_after=2026-08-12 00:00:00+00:00
[2026-08-12T04:41:08.003+0000] {processor.py:208} INFO - Processing /home/airflow/.local/lib/python3.12/site-packages/airflow/example_dags/example_task_group.py took 0.079 seconds
[2026-08-12T04:41:38.559+0000] {processor.py:186} INFO - Started process (PID=1124) to work on /home/airflow/.local/lib/python3.12/site-packages/airflow/example_dags/example_task_group.py
[2026-08-12T04:41:38.561+0000] {processor.py:914} INFO - Processing file /home/airflow/.local/lib/python3.12/site-packages/airflow/example_dags/example_task_group.py for tasks to queue
[2026-08-12T04:41:38.564+0000] {logging_mixin.py:190} INFO - [2026-08-12T04:41:38.564+0000] {dagbag.py:587} INFO - Filling up the DagBag from /home/airflow/.local/lib/python3.12/site-packages/airflow/example_dags/example_task_group.py
[2026-08-12T04:41:38.574+0000] {processor.py:925} INFO - DAG(s) 'example_task_group' retrieved from /home/airflow/.local/lib/python3.12/site-packages/airflow/example_dags/example_task_group.py
[2026-08-12T04:41:38.596+0000] {logging_mixin.py:190} INFO - [2026-08-12T04:41:38.596+0000] {dag.py:3211} INFO - Sync 1 DAGs
[2026-08-12T04:41:38.619+0000] {logging_mixin.py:190} INFO - [2026-08-12T04:41:38.618+0000] {dag.py:4138} INFO - Setting next_dagrun for example_task_group to 2026-08-11 00:00:00+00:00, run_after=2026-08-12 00:00:00+00:00
[2026-08-12T04:41:38.638+0000] {processor.py:208} INFO - Processing /home/airflow/.local/lib/python3.12/site-packages/airflow/example_dags/example_task_group.py took 0.085 seconds
[2026-08-12T04:42:09.173+0000] {processor.py:186} INFO - Started process (PID=1186) to work on /home/airflow/.local/lib/python3.12/site-packages/airflow/example_dags/example_task_group.py
[2026-08-12T04:42:09.175+0000] {processor.py:914} INFO - Processing file /home/airflow/.local/lib/python3.12/site-packages/airflow/example_dags/example_task_group.py for tasks to queue
[2026-08-12T04:42:09.179+0000] {logging_mixin.py:190} INFO - [2026-08-12T04:42:09.178+0000] {dagbag.py:587} INFO - Filling up the DagBag from /home/airflow/.local/lib/python3.12/site-packages/airflow/example_dags/example_task_group.py
[2026-08-12T04:42:09.190+0000] {processor.py:925} INFO - DAG(s) 'example_task_group' retrieved from /home/airflow/.local/lib/python3.12/site-packages/airflow/example_dags/example_task_group.py
[2026-08-12T04:42:09.210+0000] {logging_mixin.py:190} INFO - [2026-08-12T04:42:09.210+0000] {dag.py:3211} INFO - Sync 1 DAGs
[2026-08-12T04:42:09.236+0000] {logging_mixin.py:190} INFO - [2026-08-12T04:42:09.236+0000] {dag.py:4138} INFO - Setting next_dagrun for example_task_group to 2026-08-11 00:00:00+00:00, run_after=2026-08-12 00:00:00+00:00
[2026-08-12T04:42:09.254+0000] {processor.py:208} INFO - Processing /home/airflow/.local/lib/python3.12/site-packages/airflow/example_dags/example_task_group.py took 0.087 seconds
[2026-08-12T04:42:39.504+0000] {processor.py:186} INFO - Started process (PID=1248) to work on /home/airflow/.local/lib/python3.12/site-packages/airflow/example_dags/example_task_group.py
[2026-08-12T04:42:39.506+0000] {processor.py:914} INFO - Processing file /home/airflow/.local/lib/python3.12/site-packages/airflow/example_dags/example_task_group.py for tasks to queue
[2026-08-12T04:42:39.509+0000] {logging_mixin.py:190} INFO - [2026-08-12T04:42:39.508+0000] {dagbag.py:587} INFO - Filling up the DagBag from /home/airflow/.local/lib/python3.12/site-packages/airflow/example_dags/example_task_group.py
[2026-08-12T04:42:39.518+0000] {processor.py:925} INFO - DAG(s) 'example_task_group' retrieved from /home/airflow/.local/lib/python3.12/site-packages/airflow/example_dags/example_task_group.py
[2026-08-12T04:42:39.541+0000] {logging_mixin.py:190} INFO - [2026-08-12T04:42:39.541+0000] {dag.py:3211} INFO - Sync 1 DAGs
[2026-08-12T04:42:39.567+0000] {logging_mixin.py:190} INFO - [2026-08-12T04:42:39.567+0000] {dag.py:4138} INFO - Setting next_dagrun for example_task_group to 2026-08-11 00:00:00+00:00, run_after=2026-08-12 00:00:00+00:00
[2026-08-12T04:42:39.587+0000] {processor.py:208} INFO - Processing /home/airflow/.local/lib/python3.12/site-packages/airflow/example_dags/example_task_group.py took 0.088 seconds
[2026-08-12T04:43:09.894+0000] {processor.py:186} INFO - Started process (PID=1310) to work on /home/airflow/.local/lib/python3.12/site-packages/airflow/example_dags/example_task_group.py
[2026-08-12T04:43:09.896+0000] {processor.py:914} INFO - Processing file /home/airflow/.local/lib/python3.12/site-packages/airflow/example_dags/example_task_group.py for tasks to queue
[2026-08-12T04:43:09.899+0000] {logging_mixin.py:190} INFO - [2026-08-12T04:43:09.899+0000] {dagbag.py:587} INFO - Filling up the DagBag from /home/airflow/.local/lib/python3.12/site-packages/airflow/example_dags/example_task_group.py
[2026-08-12T04:43:09.907+0000] {processor.py:925} INFO - DAG(s) 'example_task_group' retrieved from /home/airflow/.local/lib/python3.12/site-packages/airflow/example_dags/example_task_group.py
[2026-08-12T04:43:09.928+0000] {logging_mixin.py:190} INFO - [2026-08-12T04:43:09.928+0000] {dag.py:3211} INFO - Sync 1 DAGs
[2026-08-12T04:43:09.951+0000] {logging_mixin.py:190} INFO - [2026-08-12T04:43:09.951+0000] {dag.py:4138} INFO - Setting next_dagrun for example_task_group to 2026-08-11 00:00:00+00:00, run_after=2026-08-12 00:00:00+00:00
[2026-08-12T04:43:09.970+0000] {processor.py:208} INFO - Processing /home/airflow/.local/lib/python3.12/site-packages/airflow/example_dags/example_task_group.py took 0.082 seconds
[2026-08-12T04:43:40.265+0000] {processor.py:186} INFO - Started process (PID=1372) to work on /home/airflow/.local/lib/python3.12/site-packages/airflow/example_dags/example_task_group.py
[2026-08-12T04:43:40.267+0000] {processor.py:914} INFO - Processing file /home/airflow/.local/lib/python3.12/site-packages/airflow/example_dags/example_task_group.py for tasks to queue
[2026-08-12T04:43:40.271+0000] {logging_mixin.py:190} INFO - [2026-08-12T04:43:40.270+0000] {dagbag.py:587} INFO - Filling up the DagBag from /home/airflow/.local/lib/python3.12/site-packages/airflow/example_dags/example_task_group.py
[2026-08-12T04:43:40.282+0000] {processor.py:925} INFO - DAG(s) 'example_task_group' retrieved from /home/airflow/.local/lib/python3.12/site-packages/airflow/example_dags/example_task_group.py
[2026-08-12T04:43:40.309+0000] {logging_mixin.py:190} INFO - [2026-08-12T04:43:40.309+0000] {dag.py:3211} INFO - Sync 1 DAGs
[2026-08-12T04:43:40.331+0000] {logging_mixin.py:190} INFO - [2026-08-12T04:43:40.331+0000] {dag.py:4138} INFO - Setting next_dagrun for example_task_group to 2026-08-11 00:00:00+00:00, run_after=2026-08-12 00:00:00+00:00
[2026-08-12T04:43:40.357+0000] {processor.py:208} INFO - Processing /home/airflow/.local/lib/python3.12/site-packages/airflow/example_dags/example_task_group.py took 0.097 seconds
[2026-08-12T04:44:10.846+0000] {processor.py:186} INFO - Started process (PID=1434) to work on /home/airflow/.local/lib/python3.12/site-packages/airflow/example_dags/example_task_group.py
[2026-08-12T04:44:10.848+0000] {processor.py:914} INFO - Processing file /home/airflow/.local/lib/python3.12/site-packages/airflow/example_dags/example_task_group.py for tasks to queue
[2026-08-12T04:44:10.855+0000] {logging_mixin.py:190} INFO - [2026-08-12T04:44:10.854+0000] {dagbag.py:587} INFO - Filling up the DagBag from /home/airflow/.local/lib/python3.12/site-packages/airflow/example_dags/example_task_group.py
[2026-08-12T04:44:10.876+0000] {processor.py:925} INFO - DAG(s) 'example_task_group' retrieved from /home/airflow/.local/lib/python3.12/site-packages/airflow/example_dags/example_task_group.py
[2026-08-12T04:44:10.912+0000] {logging_mixin.py:190} INFO - [2026-08-12T04:44:10.912+0000] {dag.py:3211} INFO - Sync 1 DAGs
[2026-08-12T04:44:10.955+0000] {logging_mixin.py:190} INFO - [2026-08-12T04:44:10.955+0000] {dag.py:4138} INFO - Setting next_dagrun for example_task_group to 2026-08-11 00:00:00+00:00, run_after=2026-08-12 00:00:00+00:00
[2026-08-12T04:44:10.986+0000] {processor.py:208} INFO - Processing /home/airflow/.local/lib/python3.12/site-packages/airflow/example_dags/example_task_group.py took 0.154 seconds
[2026-08-12T04:44:41.392+0000] {processor.py:186} INFO - Started process (PID=1497) to work on /home/airflow/.local/lib/python3.12/site-packages/airflow/example_dags/example_task_group.py
[2026-08-12T04:44:41.394+0000] {processor.py:914} INFO - Processing file /home/airflow/.local/lib/python3.12/site-packages/airflow/example_dags/example_task_group.py for tasks to queue
[2026-08-12T04:44:41.397+0000] {logging_mixin.py:190} INFO - [2026-08-12T04:44:41.397+0000] {dagbag.py:587} INFO - Filling up the DagBag from /home/airflow/.local/lib/python3.12/site-packages/airflow/example_dags/example_task_group.py
[2026-08-12T04:44:41.408+0000] {processor.py:925} INFO - DAG(s) 'example_task_group' retrieved from /home/airflow/.local/lib/python3.12/site-packages/airflow/example_dags/example_task_group.py
[2026-08-12T04:44:41.434+0000] {logging_mixin.py:190} INFO - [2026-08-12T04:44:41.434+0000] {dag.py:3211} INFO - Sync 1 DAGs
[2026-08-12T04:44:41.524+0000] {logging_mixin.py:190} INFO - [2026-08-12T04:44:41.524+0000] {dag.py:4138} INFO - Setting next_dagrun for example_task_group to 2026-08-11 00:00:00+00:00, run_after=2026-08-12 00:00:00+00:00
[2026-08-12T04:44:41.550+0000] {processor.py:208} INFO - Processing /home/airflow/.local/lib/python3.12/site-packages/airflow/example_dags/example_task_group.py took 0.164 seconds
[2026-08-12T04:45:11.651+0000] {processor.py:186} INFO - Started process (PID=1559) to work on /home/airflow/.local/lib/python3.12/site-packages/airflow/example_dags/example_task_group.py
[2026-08-12T04:45:11.653+0000] {processor.py:914} INFO - Processing file /home/airflow/.local/lib/python3.12/site-packages/airflow/example_dags/example_task_group.py for tasks to queue
[2026-08-12T04:45:11.656+0000] {logging_mixin.py:190} INFO - [2026-08-12T04:45:11.656+0000] {dagbag.py:587} INFO - Filling up the DagBag from /home/airflow/.local/lib/python3.12/site-packages/airflow/example_dags/example_task_group.py
[2026-08-12T04:45:11.665+0000] {processor.py:925} INFO - DAG(s) 'example_task_group' retrieved from /home/airflow/.local/lib/python3.12/site-packages/airflow/example_dags/example_task_group.py
[2026-08-12T04:45:11.689+0000] {logging_mixin.py:190} INFO - [2026-08-12T04:45:11.688+0000] {dag.py:3211} INFO - Sync 1 DAGs
[2026-08-12T04:45:11.735+0000] {logging_mixin.py:190} INFO - [2026-08-12T04:45:11.734+0000] {dag.py:4138} INFO - Setting next_dagrun for example_task_group to 2026-08-11 00:00:00+00:00, run_after=2026-08-12 00:00:00+00:00
[2026-08-12T04:45:11.760+0000] {processor.py:208} INFO - Processing /home/airflow/.local/lib/python3.12/site-packages/airflow/example_dags/example_task_group.py took 0.114 seconds
[2026-08-12T04:45:42.312+0000] {processor.py:186} INFO - Started process (PID=1621) to work on /home/airflow/.local/lib/python3.12/site-packages/airflow/example_dags/example_task_group.py
[2026-08-12T04:45:42.314+0000] {processor.py:914} INFO - Processing file /home/airflow/.local/lib/python3.12/site-packages/airflow/example_dags/example_task_group.py for tasks to queue
[2026-08-12T04:45:42.318+0000] {logging_mixin.py:190} INFO - [2026-08-12T04:45:42.317+0000] {dagbag.py:587} INFO - Filling up the DagBag from /home/airflow/.local/lib/python3.12/site-packages/airflow/example_dags/example_task_group.py
[2026-08-12T04:45:42.332+0000] {processor.py:925} INFO - DAG(s) 'example_task_group' retrieved from /home/airflow/.local/lib/python3.12/site-packages/airflow/example_dags/example_task_group.py
[2026-08-12T04:45:42.355+0000] {logging_mixin.py:190} INFO - [2026-08-12T04:45:42.354+0000] {dag.py:3211} INFO - Sync 1 DAGs
[2026-08-12T04:45:42.382+0000] {logging_mixin.py:190} INFO - [2026-08-12T04:45:42.381+0000] {dag.py:4138} INFO - Setting next_dagrun for example_task_group to 2026-08-11 00:00:00+00:00, run_after=2026-08-12 00:00:00+00:00
[2026-08-12T04:45:42.402+0000] {processor.py:208} INFO - Processing /home/airflow/.local/lib/python3.12/site-packages/airflow/example_dags/example_task_group.py took 0.097 seconds
[2026-08-12T04:46:13.025+0000] {processor.py:186} INFO - Started process (PID=1683) to work on /home/airflow/.local/lib/python3.12/site-packages/airflow/example_dags/example_task_group.py
[2026-08-12T04:46:13.027+0000] {processor.py:914} INFO - Processing file /home/airflow/.local/lib/python3.12/site-packages/airflow/example_dags/example_task_group.py for tasks to queue
[2026-08-12T04:46:13.029+0000] {logging_mixin.py:190} INFO - [2026-08-12T04:46:13.029+0000] {dagbag.py:587} INFO - Filling up the DagBag from /home/airflow/.local/lib/python3.12/site-packages/airflow/example_dags/example_task_group.py
[2026-08-12T04:46:13.038+0000] {processor.py:925} INFO - DAG(s) 'example_task_group' retrieved from /home/airflow/.local/lib/python3.12/site-packages/airflow/example_dags/example_task_group.py
[2026-08-12T04:46:13.060+0000] {logging_mixin.py:190} INFO - [2026-08-12T04:46:13.060+0000] {dag.py:3211} INFO - Sync 1 DAGs
[2026-08-12T04:46:13.083+0000] {logging_mixin.py:190} INFO - [2026-08-12T04:46:13.083+0000] {dag.py:4138} INFO - Setting next_dagrun for example_task_group to 2026-08-11 00:00:00+00:00, run_after=2026-08-12 00:00:00+00:00
[2026-08-12T04:46:13.101+0000] {processor.py:208} INFO - Processing /home/airflow/.local/lib/python3.12/site-packages/airflow/example_dags/example_task_group.py took 0.081 seconds
[2026-08-12T04:46:43.652+0000] {processor.py:186} INFO - Started process (PID=1745) to work on /home/airflow/.local/lib/python3.12/site-packages/airflow/example_dags/example_task_group.py
[2026-08-12T04:46:43.653+0000] {processor.py:914} INFO - Processing file /home/airflow/.local/lib/python3.12/site-packages/airflow/example_dags/example_task_group.py for tasks to queue
[2026-08-12T04:46:43.656+0000] {logging_mixin.py:190} INFO - [2026-08-12T04:46:43.656+0000] {dagbag.py:587} INFO - Filling up the DagBag from /home/airflow/.local/lib/python3.12/site-packages/airflow/example_dags/example_task_group.py
[2026-08-12T04:46:43.665+0000] {processor.py:925} INFO - DAG(s) 'example_task_group' retrieved from /home/airflow/.local/lib/python3.12/site-packages/airflow/example_dags/example_task_group.py
[2026-08-12T04:46:43.685+0000] {logging_mixin.py:190} INFO - [2026-08-12T04:46:43.685+0000] {dag.py:3211} INFO - Sync 1 DAGs
[2026-08-12T04:46:43.706+0000] {logging_mixin.py:190} INFO - [2026-08-12T04:46:43.706+0000] {dag.py:4138} INFO - Setting next_dagrun for example_task_group to 2026-08-11 00:00:00+00:00, run_after=2026-08-12 00:00:00+00:00
[2026-08-12T04:46:43.724+0000] {processor.py:208} INFO - Processing /home/airflow/.local/lib/python3.12/site-packages/airflow/example_dags/example_task_group.py took 0.078 seconds
[2026-08-12T04:47:14.075+0000] {processor.py:186} INFO - Started process (PID=1807) to work on /home/airflow/.local/lib/python3.12/site-packages/airflow/example_dags/example_task_group.py
[2026-08-12T04:47:14.076+0000] {processor.py:914} INFO - Processing file /home/airflow/.local/lib/python3.12/site-packages/airflow/example_dags/example_task_group.py for tasks to queue
[2026-08-12T04:47:14.079+0000] {logging_mixin.py:190} INFO - [2026-08-12T04:47:14.079+0000] {dagbag.py:587} INFO - Filling up the DagBag from /home/airflow/.local/lib/python3.12/site-packages/airflow/example_dags/example_task_group.py
[2026-08-12T04:47:14.089+0000] {processor.py:925} INFO - DAG(s) 'example_task_group' retrieved from /home/airflow/.local/lib/python3.12/site-packages/airflow/example_dags/example_task_group.py
[2026-08-12T04:47:14.111+0000] {logging_mixin.py:190} INFO - [2026-08-12T04:47:14.110+0000] {dag.py:3211} INFO - Sync 1 DAGs
[2026-08-12T04:47:14.134+0000] {logging_mixin.py:190} INFO - [2026-08-12T04:47:14.134+0000] {dag.py:4138} INFO - Setting next_dagrun for example_task_group to 2026-08-11 00:00:00+00:00, run_after=2026-08-12 00:00:00+00:00
[2026-08-12T04:47:14.155+0000] {processor.py:208} INFO - Processing /home/airflow/.local/lib/python3.12/site-packages/airflow/example_dags/example_task_group.py took 0.090 seconds
[2026-08-12T04:47:44.956+0000] {processor.py:186} INFO - Started process (PID=1869) to work on /home/airflow/.local/lib/python3.12/site-packages/airflow/example_dags/example_task_group.py
[2026-08-12T04:47:44.958+0000] {processor.py:914} INFO - Processing file /home/airflow/.local/lib/python3.12/site-packages/airflow/example_dags/example_task_group.py for tasks to queue
[2026-08-12T04:47:44.961+0000] {logging_mixin.py:190} INFO - [2026-08-12T04:47:44.961+0000] {dagbag.py:587} INFO - Filling up the DagBag from /home/airflow/.local/lib/python3.12/site-packages/airflow/example_dags/example_task_group.py
[2026-08-12T04:47:44.972+0000] {processor.py:925} INFO - DAG(s) 'example_task_group' retrieved from /home/airflow/.local/lib/python3.12/site-packages/airflow/example_dags/example_task_group.py
[2026-08-12T04:47:44.994+0000] {logging_mixin.py:190} INFO - [2026-08-12T04:47:44.994+0000] {dag.py:3211} INFO - Sync 1 DAGs
[2026-08-12T04:47:45.024+0000] {logging_mixin.py:190} INFO - [2026-08-12T04:47:45.023+0000] {dag.py:4138} INFO - Setting next_dagrun for example_task_group to 2026-08-11 00:00:00+00:00, run_after=2026-08-12 00:00:00+00:00
[2026-08-12T04:47:45.046+0000] {processor.py:208} INFO - Processing /home/airflow/.local/lib/python3.12/site-packages/airflow/example_dags/example_task_group.py took 0.096 seconds
[2026-08-12T04:48:15.107+0000] {processor.py:186} INFO - Started process (PID=1932) to work on /home/airflow/.local/lib/python3.12/site-packages/airflow/example_dags/example_task_group.py
[2026-08-12T04:48:15.108+0000] {processor.py:914} INFO - Processing file /home/airflow/.local/lib/python3.12/site-packages/airflow/example_dags/example_task_group.py for tasks to queue
[2026-08-12T04:48:15.111+0000] {logging_mixin.py:190} INFO - [2026-08-12T04:48:15.111+0000] {dagbag.py:587} INFO - Filling up the DagBag from /home/airflow/.local/lib/python3.12/site-packages/airflow/example_dags/example_task_group.py
[2026-08-12T04:48:15.121+0000] {processor.py:925} INFO - DAG(s) 'example_task_group' retrieved from /home/airflow/.local/lib/python3.12/site-packages/airflow/example_dags/example_task_group.py
[2026-08-12T04:48:15.145+0000] {logging_mixin.py:190} INFO - [2026-08-12T04:48:15.144+0000] {dag.py:3211} INFO - Sync 1 DAGs
[2026-08-12T04:48:15.168+0000] {logging_mixin.py:190} INFO - [2026-08-12T04:48:15.168+0000] {dag.py:4138} INFO - Setting next_dagrun for example_task_group to 2026-08-11 00:00:00+00:00, run_after=2026-08-12 00:00:00+00:00
[2026-08-12T04:48:15.194+0000] {processor.py:208} INFO - Processing /home/airflow/.local/lib/python3.12/site-packages/airflow/example_dags/example_task_group.py took 0.093 seconds
[2026-08-12T04:48:45.434+0000] {processor.py:186} INFO - Started process (PID=1995) to work on /home/airflow/.local/lib/python3.12/site-packages/airflow/example_dags/example_task_group.py
[2026-08-12T04:48:45.436+0000] {processor.py:914} INFO - Processing file /home/airflow/.local/lib/python3.12/site-packages/airflow/example_dags/example_task_group.py for tasks to queue
[2026-08-12T04:48:45.439+0000] {logging_mixin.py:190} INFO - [2026-08-12T04:48:45.439+0000] {dagbag.py:587} INFO - Filling up the DagBag from /home/airflow/.local/lib/python3.12/site-packages/airflow/example_dags/example_task_group.py
[2026-08-12T04:48:45.449+0000] {processor.py:925} INFO - DAG(s) 'example_task_group' retrieved from /home/airflow/.local/lib/python3.12/site-packages/airflow/example_dags/example_task_group.py
[2026-08-12T04:48:45.472+0000] {logging_mixin.py:190} INFO - [2026-08-12T04:48:45.472+0000] {dag.py:3211} INFO - Sync 1 DAGs
[2026-08-12T04:48:45.496+0000] {logging_mixin.py:190} INFO - [2026-08-12T04:48:45.496+0000] {dag.py:4138} INFO - Setting next_dagrun for example_task_group to 2026-08-11 00:00:00+00:00, run_after=2026-08-12 00:00:00+00:00
[2026-08-12T04:48:45.517+0000] {processor.py:208} INFO - Processing /home/airflow/.local/lib/python3.12/site-packages/airflow/example_dags/example_task_group.py took 0.089 seconds
[2026-08-12T04:49:16.497+0000] {processor.py:186} INFO - Started process (PID=2058) to work on /home/airflow/.local/lib/python3.12/site-packages/airflow/example_dags/example_task_group.py
[2026-08-12T04:49:16.499+0000] {processor.py:914} INFO - Processing file /home/airflow/.local/lib/python3.12/site-packages/airflow/example_dags/example_task_group.py for tasks to queue
[2026-08-12T04:49:16.503+0000] {logging_mixin.py:190} INFO - [2026-08-12T04:49:16.502+0000] {dagbag.py:587} INFO - Filling up the DagBag from /home/airflow/.local/lib/python3.12/site-packages/airflow/example_dags/example_task_group.py
[2026-08-12T04:49:16.521+0000] {processor.py:925} INFO - DAG(s) 'example_task_group' retrieved from /home/airflow/.local/lib/python3.12/site-packages/airflow/example_dags/example_task_group.py
[2026-08-12T04:49:16.576+0000] {logging_mixin.py:190} INFO - [2026-08-12T04:49:16.576+0000] {dag.py:3211} INFO - Sync 1 DAGs
[2026-08-12T04:49:16.612+0000] {logging_mixin.py:190} INFO - [2026-08-12T04:49:16.611+0000] {dag.py:4138} INFO - Setting next_dagrun for example_task_group to 2026-08-11 00:00:00+00:00, run_after=2026-08-12 00:00:00+00:00
[2026-08-12T04:49:16.630+0000] {processor.py:208} INFO - Processing /home/airflow/.local/lib/python3.12/site-packages/airflow/example_dags/example_task_group.py took 0.143 seconds
[2026-08-12T04:49:47.228+0000] {processor.py:186} INFO - Started process (PID=2121) to work on /home/airflow/.local/lib/python3.12/site-packages/airflow/example_dags/example_task_group.py
[2026-08-12T04:49:47.230+0000] {processor.py:914} INFO - Processing file /home/airflow/.local/lib/python3.12/site-packages/airflow/example_dags/example_task_group.py for tasks to queue
[2026-08-12T04:49:47.233+0000] {logging_mixin.py:190} INFO - [2026-08-12T04:49:47.232+0000] {dagbag.py:587} INFO - Filling up the DagBag from /home/airflow/.local/lib/python3.12/site-packages/airflow/example_dags/example_task_group.py
[2026-08-12T04:49:47.245+0000] {processor.py:925} INFO - DAG(s) 'example_task_group' retrieved from /home/airflow/.local/lib/python3.12/site-packages/airflow/example_dags/example_task_group.py
[2026-08-12T04:49:47.279+0000] {logging_mixin.py:190} INFO - [2026-08-12T04:49:47.278+0000] {dag.py:3211} INFO - Sync 1 DAGs
[2026-08-12T04:49:47.316+0000] {logging_mixin.py:190} INFO - [2026-08-12T04:49:47.315+0000] {dag.py:4138} INFO - Setting next_dagrun for example_task_group to 2026-08-11 00:00:00+00:00, run_after=2026-08-12 00:00:00+00:00
[2026-08-12T04:49:47.356+0000] {processor.py:208} INFO - Processing /home/airflow/.local/lib/python3.12/site-packages/airflow/example_dags/example_task_group.py took 0.135 seconds
[2026-08-12T04:50:17.823+0000] {processor.py:186} INFO - Started process (PID=2185) to work on /home/airflow/.local/lib/python3.12/site-packages/airflow/example_dags/example_task_group.py
[2026-08-12T04:50:17.825+0000] {processor.py:914} INFO - Processing file /home/airflow/.local/lib/python3.12/site-packages/airflow/example_dags/example_task_group.py for tasks to queue
[2026-08-12T04:50:17.829+0000] {logging_mixin.py:190} INFO - [2026-08-12T04:50:17.829+0000] {dagbag.py:587} INFO - Filling up the DagBag from /home/airflow/.local/lib/python3.12/site-packages/airflow/example_dags/example_task_group.py
[2026-08-12T04:50:17.847+0000] {processor.py:925} INFO - DAG(s) 'example_task_group' retrieved from /home/airflow/.local/lib/python3.12/site-packages/airflow/example_dags/example_task_group.py
[2026-08-12T04:50:17.918+0000] {logging_mixin.py:190} INFO - [2026-08-12T04:50:17.918+0000] {dag.py:3211} INFO - Sync 1 DAGs
[2026-08-12T04:50:17.977+0000] {logging_mixin.py:190} INFO - [2026-08-12T04:50:17.974+0000] {dag.py:4138} INFO - Setting next_dagrun for example_task_group to 2026-08-11 00:00:00+00:00, run_after=2026-08-12 00:00:00+00:00
[2026-08-12T04:50:18.009+0000] {processor.py:208} INFO - Processing /home/airflow/.local/lib/python3.12/site-packages/airflow/example_dags/example_task_group.py took 0.198 seconds
[2026-08-12T04:50:48.627+0000] {processor.py:186} INFO - Started process (PID=2248) to work on /home/airflow/.local/lib/python3.12/site-packages/airflow/example_dags/example_task_group.py
[2026-08-12T04:50:48.629+0000] {processor.py:914} INFO - Processing file /home/airflow/.local/lib/python3.12/site-packages/airflow/example_dags/example_task_group.py for tasks to queue
[2026-08-12T04:50:48.633+0000] {logging_mixin.py:190} INFO - [2026-08-12T04:50:48.633+0000] {dagbag.py:587} INFO - Filling up the DagBag from /home/airflow/.local/lib/python3.12/site-packages/airflow/example_dags/example_task_group.py
[2026-08-12T04:50:48.644+0000] {processor.py:925} INFO - DAG(s) 'example_task_group' retrieved from /home/airflow/.local/lib/python3.12/site-packages/airflow/example_dags/example_task_group.py
[2026-08-12T04:50:48.674+0000] {logging_mixin.py:190} INFO - [2026-08-12T04:50:48.674+0000] {dag.py:3211} INFO - Sync 1 DAGs
[2026-08-12T04:50:48.699+0000] {logging_mixin.py:190} INFO - [2026-08-12T04:50:48.699+0000] {dag.py:4138} INFO - Setting next_dagrun for example_task_group to 2026-08-11 00:00:00+00:00, run_after=2026-08-12 00:00:00+00:00
[2026-08-12T04:50:48.724+0000] {processor.py:208} INFO - Processing /home/airflow/.local/lib/python3.12/site-packages/airflow/example_dags/example_task_group.py took 0.103 seconds
[2026-08-12T04:51:19.297+0000] {processor.py:186} INFO - Started process (PID=2312) to work on /home/airflow/.local/lib/python3.12/site-packages/airflow/example_dags/example_task_group.py
[2026-08-12T04:51:19.299+0000] {processor.py:914} INFO - Processing file /home/airflow/.local/lib/python3.12/site-packages/airflow/example_dags/example_task_group.py for tasks to queue
[2026-08-12T04:51:19.302+0000] {logging_mixin.py:190} INFO - [2026-08-12T04:51:19.302+0000] {dagbag.py:587} INFO - Filling up the DagBag from /home/airflow/.local/lib/python3.12/site-packages/airflow/example_dags/example_task_group.py
[2026-08-12T04:51:19.313+0000] {processor.py:925} INFO - DAG(s) 'example_task_group' retrieved from /home/airflow/.local/lib/python3.12/site-packages/airflow/example_dags/example_task_group.py
[2026-08-12T04:51:19.337+0000] {logging_mixin.py:190} INFO - [2026-08-12T04:51:19.336+0000] {dag.py:3211} INFO - Sync 1 DAGs
[2026-08-12T04:51:19.359+0000] {logging_mixin.py:190} INFO - [2026-08-12T04:51:19.359+0000] {dag.py:4138} INFO - Setting next_dagrun for example_task_group to 2026-08-11 00:00:00+00:00, run_after=2026-08-12 00:00:00+00:00
[2026-08-12T04:51:19.379+0000] {processor.py:208} INFO - Processing /home/airflow/.local/lib/python3.12/site-packages/airflow/example_dags/example_task_group.py took 0.089 seconds
[2026-08-12T04:51:49.937+0000] {processor.py:186} INFO - Started process (PID=2375) to work on /home/airflow/.local/lib/python3.12/site-packages/airflow/example_dags/example_task_group.py
[2026-08-12T04:51:49.939+0000] {processor.py:914} INFO - Processing file /home/airflow/.local/lib/python3.12/site-packages/airflow/example_dags/example_task_group.py for tasks to queue
[2026-08-12T04:51:49.942+0000] {logging_mixin.py:190} INFO - [2026-08-12T04:51:49.942+0000] {dagbag.py:587} INFO - Filling up the DagBag from /home/airflow/.local/lib/python3.12/site-packages/airflow/example_dags/example_task_group.py
[2026-08-12T04:51:49.955+0000] {processor.py:925} INFO - DAG(s) 'example_task_group' retrieved from /home/airflow/.local/lib/python3.12/site-packages/airflow/example_dags/example_task_group.py
[2026-08-12T04:51:49.979+0000] {logging_mixin.py:190} INFO - [2026-08-12T04:51:49.979+0000] {dag.py:3211} INFO - Sync 1 DAGs
[2026-08-12T04:51:50.008+0000] {logging_mixin.py:190} INFO - [2026-08-12T04:51:50.008+0000] {dag.py:4138} INFO - Setting next_dagrun for example_task_group to 2026-08-11 00:00:00+00:00, run_after=2026-08-12 00:00:00+00:00
[2026-08-12T04:51:50.031+0000] {processor.py:208} INFO - Processing /home/airflow/.local/lib/python3.12/site-packages/airflow/example_dags/example_task_group.py took 0.099 seconds
[2026-08-12T04:52:20.918+0000] {processor.py:186} INFO - Started process (PID=2438) to work on /home/airflow/.local/lib/python3.12/site-packages/airflow/example_dags/example_task_group.py
[2026-08-12T04:52:20.920+0000] {processor.py:914} INFO - Processing file /home/airflow/.local/lib/python3.12/site-packages/airflow/example_dags/example_task_group.py for tasks to queue
[2026-08-12T04:52:20.924+0000] {logging_mixin.py:190} INFO - [2026-08-12T04:52:20.924+0000] {dagbag.py:587} INFO - Filling up the DagBag from /home/airflow/.local/lib/python3.12/site-packages/airflow/example_dags/example_task_group.py
[2026-08-12T04:52:20.934+0000] {processor.py:925} INFO - DAG(s) 'example_task_group' retrieved from /home/airflow/.local/lib/python3.12/site-packages/airflow/example_dags/example_task_group.py
[2026-08-12T04:52:20.976+0000] {logging_mixin.py:190} INFO - [2026-08-12T04:52:20.976+0000] {dag.py:3211} INFO - Sync 1 DAGs
[2026-08-12T04:52:21.000+0000] {logging_mixin.py:190} INFO - [2026-08-12T04:52:21.000+0000] {dag.py:4138} INFO - Setting next_dagrun for example_task_group to 2026-08-11 00:00:00+00:00, run_after=2026-08-12 00:00:00+00:00
[2026-08-12T04:52:21.029+0000] {processor.py:208} INFO - Processing /home/airflow/.local/lib/python3.12/site-packages/airflow/example_dags/example_task_group.py took 0.118 seconds
[2026-08-12T04:52:51.289+0000] {processor.py:186} INFO - Started process (PID=2501) to work on /home/airflow/.local/lib/python3.12/site-packages/airflow/example_dags/example_task_group.py
[2026-08-12T04:52:51.291+0000] {processor.py:914} INFO - Processing file /home/airflow/.local/lib/python3.12/site-packages/airflow/example_dags/example_task_group.py for tasks to queue
[2026-08-12T04:52:51.294+0000] {logging_mixin.py:190} INFO - [2026-08-12T04:52:51.293+0000] {dagbag.py:587} INFO - Filling up the DagBag from /home/airflow/.local/lib/python3.12/site-packages/airflow/example_dags/example_task_group.py
[2026-08-12T04:52:51.304+0000] {processor.py:925} INFO - DAG(s) 'example_task_group' retrieved from /home/airflow/.local/lib/python3.12/site-packages/airflow/example_dags/example_task_group.py
[2026-08-12T04:52:51.330+0000] {logging_mixin.py:190} INFO - [2026-08-12T04:52:51.329+0000] {dag.py:3211} INFO - Sync 1 DAGs
[2026-08-12T04:52:51.355+0000] {logging_mixin.py:190} INFO - [2026-08-12T04:52:51.355+0000] {dag.py:4138} INFO - Setting next_dagrun for example_task_group to 2026-08-11 00:00:00+00:00, run_after=2026-08-12 00:00:00+00:00
[2026-08-12T04:52:51.376+0000] {processor.py:208} INFO - Processing /home/airflow/.local/lib/python3.12/site-packages/airflow/example_dags/example_task_group.py took 0.093 seconds
[2026-08-12T04:53:22.278+0000] {processor.py:186} INFO - Started process (PID=2564) to work on /home/airflow/.local/lib/python3.12/site-packages/airflow/example_dags/example_task_group.py
[2026-08-12T04:53:22.280+0000] {processor.py:914} INFO - Processing file /home/airflow/.local/lib/python3.12/site-packages/airflow/example_dags/example_task_group.py for tasks to queue
[2026-08-12T04:53:22.283+0000] {logging_mixin.py:190} INFO - [2026-08-12T04:53:22.282+0000] {dagbag.py:587} INFO - Filling up the DagBag from /home/airflow/.local/lib/python3.12/site-packages/airflow/example_dags/example_task_group.py
[2026-08-12T04:53:22.291+0000] {processor.py:925} INFO - DAG(s) 'example_task_group' retrieved from /home/airflow/.local/lib/python3.12/site-packages/airflow/example_dags/example_task_group.py
[2026-08-12T04:53:22.314+0000] {logging_mixin.py:190} INFO - [2026-08-12T04:53:22.314+0000] {dag.py:3211} INFO - Sync 1 DAGs
[2026-08-12T04:53:22.337+0000] {logging_mixin.py:190} INFO - [2026-08-12T04:53:22.337+0000] {dag.py:4138} INFO - Setting next_dagrun for example_task_group to 2026-08-11 00:00:00+00:00, run_after=2026-08-12 00:00:00+00:00
[2026-08-12T04:53:22.358+0000] {processor.py:208} INFO - Processing /home/airflow/.local/lib/python3.12/site-packages/airflow/example_dags/example_task_group.py took 0.085 seconds
[2026-08-12T04:53:52.981+0000] {processor.py:186} INFO - Started process (PID=2627) to work on /home/airflow/.local/lib/python3.12/site-packages/airflow/example_dags/example_task_group.py
[2026-08-12T04:53:52.982+0000] {processor.py:914} INFO - Processing file /home/airflow/.local/lib/python3.12/site-packages/airflow/example_dags/example_task_group.py for tasks to queue
[2026-08-12T04:53:52.986+0000] {logging_mixin.py:190} INFO - [2026-08-12T04:53:52.986+0000] {dagbag.py:587} INFO - Filling up the DagBag from /home/airflow/.local/lib/python3.12/site-packages/airflow/example_dags/example_task_group.py
[2026-08-12T04:53:52.995+0000] {processor.py:925} INFO - DAG(s) 'example_task_group' retrieved from /home/airflow/.local/lib/python3.12/site-packages/airflow/example_dags/example_task_group.py
[2026-08-12T04:53:53.024+0000] {logging_mixin.py:190} INFO - [2026-08-12T04:53:53.024+0000] {dag.py:3211} INFO - Sync 1 DAGs
[2026-08-12T04:53:53.052+0000] {logging_mixin.py:190} INFO - [2026-08-12T04:53:53.052+0000] {dag.py:4138} INFO - Setting next_dagrun for example_task_group to 2026-08-11 00:00:00+00:00, run_after=2026-08-12 00:00:00+00:00
[2026-08-12T04:53:53.076+0000] {processor.py:208} INFO - Processing /home/airflow/.local/lib/python3.12/site-packages/airflow/example_dags/example_task_group.py took 0.104 seconds
[2026-08-12T04:54:23.818+0000] {processor.py:186} INFO - Started process (PID=2690) to work on /home/airflow/.local/lib/python3.12/site-packages/airflow/example_dags/example_task_group.py
[2026-08-12T04:54:23.820+0000] {processor.py:914} INFO - Processing file /home/airflow/.local/lib/python3.12/site-packages/airflow/example_dags/example_task_group.py for tasks to queue
[2026-08-12T04:54:23.823+0000] {logging_mixin.py:190} INFO - [2026-08-12T04:54:23.823+0000] {dagbag.py:587} INFO - Filling up the DagBag from /home/airflow/.local/lib/python3.12/site-packages/airflow/example_dags/example_task_group.py
[2026-08-12T04:54:23.833+0000] {processor.py:925} INFO - DAG(s) 'example_task_group' retrieved from /home/airflow/.local/lib/python3.12/site-packages/airflow/example_dags/example_task_group.py
[2026-08-12T04:54:23.856+0000] {logging_mixin.py:190} INFO - [2026-08-12T04:54:23.856+0000] {dag.py:3211} INFO - Sync 1 DAGs
[2026-08-12T04:54:23.883+0000] {logging_mixin.py:190} INFO - [2026-08-12T04:54:23.882+0000] {dag.py:4138} INFO - Setting next_dagrun for example_task_group to 2026-08-11 00:00:00+00:00, run_after=2026-08-12 00:00:00+00:00
[2026-08-12T04:54:23.904+0000] {processor.py:208} INFO - Processing /home/airflow/.local/lib/python3.12/site-packages/airflow/example_dags/example_task_group.py took 0.093 seconds
[2026-08-12T04:54:54.474+0000] {processor.py:186} INFO - Started process (PID=2753) to work on /home/airflow/.local/lib/python3.12/site-packages/airflow/example_dags/example_task_group.py
[2026-08-12T04:54:54.476+0000] {processor.py:914} INFO - Processing file /home/airflow/.local/lib/python3.12/site-packages/airflow/example_dags/example_task_group.py for tasks to queue
[2026-08-12T04:54:54.479+0000] {logging_mixin.py:190} INFO - [2026-08-12T04:54:54.479+0000] {dagbag.py:587} INFO - Filling up the DagBag from /home/airflow/.local/lib/python3.12/site-packages/airflow/example_dags/example_task_group.py
[2026-08-12T04:54:54.490+0000] {processor.py:925} INFO - DAG(s) 'example_task_group' retrieved from /home/airflow/.local/lib/python3.12/site-packages/airflow/example_dags/example_task_group.py
[2026-08-12T04:54:54.511+0000] {logging_mixin.py:190} INFO - [2026-08-12T04:54:54.511+0000] {dag.py:3211} INFO - Sync 1 DAGs
[2026-08-12T04:54:54.531+0000] {logging_mixin.py:190} INFO - [2026-08-12T04:54:54.531+0000] {dag.py:4138} INFO - Setting next_dagrun for example_task_group to 2026-08-11 00:00:00+00:00, run_after=2026-08-12 00:00:00+00:00
[2026-08-12T04:54:54.549+0000] {processor.py:208} INFO - Processing /home/airflow/.local/lib/python3.12/site-packages/airflow/example_dags/example_task_group.py took 0.082 seconds
[2026-08-12T04:55:25.128+0000] {processor.py:186} INFO - Started process (PID=2816) to work on /home/airflow/.local/lib/python3.12/site-packages/airflow/example_dags/example_task_group.py
[2026-08-12T04:55:25.129+0000] {processor.py:914} INFO - Processing file /home/airflow/.local/lib/python3.12/site-packages/airflow/example_dags/example_task_group.py for tasks to queue
[2026-08-12T04:55:25.131+0000] {logging_mixin.py:190} INFO - [2026-08-12T04:55:25.131+0000] {dagbag.py:587} INFO - Filling up the DagBag from /home/airflow/.local/lib/python3.12/site-packages/airflow/example_dags/example_task_group.py
[2026-08-12T04:55:25.140+0000] {processor.py:925} INFO - DAG(s) 'example_task_group' retrieved from /home/airflow/.local/lib/python3.12/site-packages/airflow/example_dags/example_task_group.py
[2026-08-12T04:55:25.163+0000] {logging_mixin.py:190} INFO - [2026-08-12T04:55:25.162+0000] {dag.py:3211} INFO - Sync 1 DAGs
[2026-08-12T04:55:25.187+0000] {logging_mixin.py:190} INFO - [2026-08-12T04:55:25.187+0000] {dag.py:4138} INFO - Setting next_dagrun for example_task_group to 2026-08-11 00:00:00+00:00, run_after=2026-08-12 00:00:00+00:00
[2026-08-12T04:55:25.207+0000] {processor.py:208} INFO - Processing /home/airflow/.local/lib/python3.12/site-packages/airflow/example_dags/example_task_group.py took 0.085 seconds
[2026-08-12T04:55:55.934+0000] {processor.py:186} INFO - Started process (PID=2879) to work on /home/airflow/.local/lib/python3.12/site-packages/airflow/example_dags/example_task_group.py
[2026-08-12T04:55:55.935+0000] {processor.py:914} INFO - Processing file /home/airflow/.local/lib/python3.12/site-packages/airflow/example_dags/example_task_group.py for tasks to queue
[2026-08-12T04:55:55.938+0000] {logging_mixin.py:190} INFO - [2026-08-12T04:55:55.938+0000] {dagbag.py:587} INFO - Filling up the DagBag from /home/airflow/.local/lib/python3.12/site-packages/airflow/example_dags/example_task_group.py
[2026-08-12T04:55:55.948+0000] {processor.py:925} INFO - DAG(s) 'example_task_group' retrieved from /home/airflow/.local/lib/python3.12/site-packages/airflow/example_dags/example_task_group.py
[2026-08-12T04:55:55.971+0000] {logging_mixin.py:190} INFO - [2026-08-12T04:55:55.971+0000] {dag.py:3211} INFO - Sync 1 DAGs
[2026-08-12T04:55:55.996+0000] {logging_mixin.py:190} INFO - [2026-08-12T04:55:55.996+0000] {dag.py:4138} INFO - Setting next_dagrun for example_task_group to 2026-08-11 00:00:00+00:00, run_after=2026-08-12 00:00:00+00:00
[2026-08-12T04:55:56.017+0000] {processor.py:208} INFO - Processing /home/airflow/.local/lib/python3.12/site-packages/airflow/example_dags/example_task_group.py took 0.088 seconds
[2026-08-12T04:56:26.538+0000] {processor.py:186} INFO - Started process (PID=2942) to work on /home/airflow/.local/lib/python3.12/site-packages/airflow/example_dags/example_task_group.py
[2026-08-12T04:56:26.540+0000] {processor.py:914} INFO - Processing file /home/airflow/.local/lib/python3.12/site-packages/airflow/example_dags/example_task_group.py for tasks to queue
[2026-08-12T04:56:26.543+0000] {logging_mixin.py:190} INFO - [2026-08-12T04:56:26.542+0000] {dagbag.py:587} INFO - Filling up the DagBag from /home/airflow/.local/lib/python3.12/site-packages/airflow/example_dags/example_task_group.py
[2026-08-12T04:56:26.554+0000] {processor.py:925} INFO - DAG(s) 'example_task_group' retrieved from /home/airflow/.local/lib/python3.12/site-packages/airflow/example_dags/example_task_group.py
[2026-08-12T04:56:26.578+0000] {logging_mixin.py:190} INFO - [2026-08-12T04:56:26.578+0000] {dag.py:3211} INFO - Sync 1 DAGs
[2026-08-12T04:56:26.600+0000] {logging_mixin.py:190} INFO - [2026-08-12T04:56:26.600+0000] {dag.py:4138} INFO - Setting next_dagrun for example_task_group to 2026-08-11 00:00:00+00:00, run_after=2026-08-12 00:00:00+00:00
[2026-08-12T04:56:26.819+0000] {processor.py:208} INFO - Processing /home/airflow/.local/lib/python3.12/site-packages/airflow/example_dags/example_task_group.py took 0.288 seconds
[2026-08-12T04:56:57.501+0000] {processor.py:186} INFO - Started process (PID=3005) to work on /home/airflow/.local/lib/python3.12/site-packages/airflow/example_dags/example_task_group.py
[2026-08-12T04:56:57.503+0000] {processor.py:914} INFO - Processing file /home/airflow/.local/lib/python3.12/site-packages/airflow/example_dags/example_task_group.py for tasks to queue
[2026-08-12T04:56:57.506+0000] {logging_mixin.py:190} INFO - [2026-08-12T04:56:57.506+0000] {dagbag.py:587} INFO - Filling up the DagBag from /home/airflow/.local/lib/python3.12/site-packages/airflow/example_dags/example_task_group.py
[2026-08-12T04:56:57.518+0000] {processor.py:925} INFO - DAG(s) 'example_task_group' retrieved from /home/airflow/.local/lib/python3.12/site-packages/airflow/example_dags/example_task_group.py
[2026-08-12T04:56:57.540+0000] {logging_mixin.py:190} INFO - [2026-08-12T04:56:57.540+0000] {dag.py:3211} INFO - Sync 1 DAGs
[2026-08-12T04:56:57.568+0000] {logging_mixin.py:190} INFO - [2026-08-12T04:56:57.568+0000] {dag.py:4138} INFO - Setting next_dagrun for example_task_group to 2026-08-11 00:00:00+00:00, run_after=2026-08-12 00:00:00+00:00
[2026-08-12T04:56:57.589+0000] {processor.py:208} INFO - Processing /home/airflow/.local/lib/python3.12/site-packages/airflow/example_dags/example_task_group.py took 0.095 seconds
[2026-08-12T04:57:28.154+0000] {processor.py:186} INFO - Started process (PID=3068) to work on /home/airflow/.local/lib/python3.12/site-packages/airflow/example_dags/example_task_group.py
[2026-08-12T04:57:28.155+0000] {processor.py:914} INFO - Processing file /home/airflow/.local/lib/python3.12/site-packages/airflow/example_dags/example_task_group.py for tasks to queue
[2026-08-12T04:57:28.158+0000] {logging_mixin.py:190} INFO - [2026-08-12T04:57:28.157+0000] {dagbag.py:587} INFO - Filling up the DagBag from /home/airflow/.local/lib/python3.12/site-packages/airflow/example_dags/example_task_group.py
[2026-08-12T04:57:28.166+0000] {processor.py:925} INFO - DAG(s) 'example_task_group' retrieved from /home/airflow/.local/lib/python3.12/site-packages/airflow/example_dags/example_task_group.py
[2026-08-12T04:57:28.185+0000] {logging_mixin.py:190} INFO - [2026-08-12T04:57:28.184+0000] {dag.py:3211} INFO - Sync 1 DAGs
[2026-08-12T04:57:28.203+0000] {logging_mixin.py:190} INFO - [2026-08-12T04:57:28.203+0000] {dag.py:4138} INFO - Setting next_dagrun for example_task_group to 2026-08-11 00:00:00+00:00, run_after=2026-08-12 00:00:00+00:00
[2026-08-12T04:57:28.221+0000] {processor.py:208} INFO - Processing /home/airflow/.local/lib/python3.12/site-packages/airflow/example_dags/example_task_group.py took 0.072 seconds
[2026-08-12T04:57:59.040+0000] {processor.py:186} INFO - Started process (PID=3131) to work on /home/airflow/.local/lib/python3.12/site-packages/airflow/example_dags/example_task_group.py
[2026-08-12T04:57:59.042+0000] {processor.py:914} INFO - Processing file /home/airflow/.local/lib/python3.12/site-packages/airflow/example_dags/example_task_group.py for tasks to queue
[2026-08-12T04:57:59.045+0000] {logging_mixin.py:190} INFO - [2026-08-12T04:57:59.044+0000] {dagbag.py:587} INFO - Filling up the DagBag from /home/airflow/.local/lib/python3.12/site-packages/airflow/example_dags/example_task_group.py
[2026-08-12T04:57:59.054+0000] {processor.py:925} INFO - DAG(s) 'example_task_group' retrieved from /home/airflow/.local/lib/python3.12/site-packages/airflow/example_dags/example_task_group.py
[2026-08-12T04:57:59.079+0000] {logging_mixin.py:190} INFO - [2026-08-12T04:57:59.079+0000] {dag.py:3211} INFO - Sync 1 DAGs
[2026-08-12T04:57:59.101+0000] {logging_mixin.py:190} INFO - [2026-08-12T04:57:59.101+0000] {dag.py:4138} INFO - Setting next_dagrun for example_task_group to 2026-08-11 00:00:00+00:00, run_after=2026-08-12 00:00:00+00:00
[2026-08-12T04:57:59.119+0000] {processor.py:208} INFO - Processing /home/airflow/.local/lib/python3.12/site-packages/airflow/example_dags/example_task_group.py took 0.084 seconds
[2026-08-12T04:58:29.553+0000] {processor.py:186} INFO - Started process (PID=3194) to work on /home/airflow/.local/lib/python3.12/site-packages/airflow/example_dags/example_task_group.py
[2026-08-12T04:58:29.555+0000] {processor.py:914} INFO - Processing file /home/airflow/.local/lib/python3.12/site-packages/airflow/example_dags/example_task_group.py for tasks to queue
[2026-08-12T04:58:29.559+0000] {logging_mixin.py:190} INFO - [2026-08-12T04:58:29.559+0000] {dagbag.py:587} INFO - Filling up the DagBag from /home/airflow/.local/lib/python3.12/site-packages/airflow/example_dags/example_task_group.py
[2026-08-12T04:58:29.576+0000] {processor.py:925} INFO - DAG(s) 'example_task_group' retrieved from /home/airflow/.local/lib/python3.12/site-packages/airflow/example_dags/example_task_group.py
[2026-08-12T04:58:29.606+0000] {logging_mixin.py:190} INFO - [2026-08-12T04:58:29.605+0000] {dag.py:3211} INFO - Sync 1 DAGs
[2026-08-12T04:58:29.631+0000] {logging_mixin.py:190} INFO - [2026-08-12T04:58:29.631+0000] {dag.py:4138} INFO - Setting next_dagrun for example_task_group to 2026-08-11 00:00:00+00:00, run_after=2026-08-12 00:00:00+00:00
[2026-08-12T04:58:29.659+0000] {processor.py:208} INFO - Processing /home/airflow/.local/lib/python3.12/site-packages/airflow/example_dags/example_task_group.py took 0.115 seconds
[2026-08-12T04:59:00.400+0000] {processor.py:186} INFO - Started process (PID=3257) to work on /home/airflow/.local/lib/python3.12/site-packages/airflow/example_dags/example_task_group.py
[2026-08-12T04:59:00.402+0000] {processor.py:914} INFO - Processing file /home/airflow/.local/lib/python3.12/site-packages/airflow/example_dags/example_task_group.py for tasks to queue
[2026-08-12T04:59:00.405+0000] {logging_mixin.py:190} INFO - [2026-08-12T04:59:00.405+0000] {dagbag.py:587} INFO - Filling up the DagBag from /home/airflow/.local/lib/python3.12/site-packages/airflow/example_dags/example_task_group.py
[2026-08-12T04:59:00.414+0000] {processor.py:925} INFO - DAG(s) 'example_task_group' retrieved from /home/airflow/.local/lib/python3.12/site-packages/airflow/example_dags/example_task_group.py
[2026-08-12T04:59:00.437+0000] {logging_mixin.py:190} INFO - [2026-08-12T04:59:00.437+0000] {dag.py:3211} INFO - Sync 1 DAGs
[2026-08-12T04:59:00.626+0000] {logging_mixin.py:190} INFO - [2026-08-12T04:59:00.626+0000] {dag.py:4138} INFO - Setting next_dagrun for example_task_group to 2026-08-11 00:00:00+00:00, run_after=2026-08-12 00:00:00+00:00
[2026-08-12T04:59:00.647+0000] {processor.py:208} INFO - Processing /home/airflow/.local/lib/python3.12/site-packages/airflow/example_dags/example_task_group.py took 0.254 seconds
[2026-08-12T04:59:31.476+0000] {processor.py:186} INFO - Started process (PID=3320) to work on /home/airflow/.local/lib/python3.12/site-packages/airflow/example_dags/example_task_group.py
[2026-08-12T04:59:31.477+0000] {processor.py:914} INFO - Processing file /home/airflow/.local/lib/python3.12/site-packages/airflow/example_dags/example_task_group.py for tasks to queue
[2026-08-12T04:59:31.480+0000] {logging_mixin.py:190} INFO - [2026-08-12T04:59:31.480+0000] {dagbag.py:587} INFO - Filling up the DagBag from /home/airflow/.local/lib/python3.12/site-packages/airflow/example_dags/example_task_group.py
[2026-08-12T04:59:31.488+0000] {processor.py:925} INFO - DAG(s) 'example_task_group' retrieved from /home/airflow/.local/lib/python3.12/site-packages/airflow/example_dags/example_task_group.py
[2026-08-12T04:59:31.507+0000] {logging_mixin.py:190} INFO - [2026-08-12T04:59:31.507+0000] {dag.py:3211} INFO - Sync 1 DAGs
[2026-08-12T04:59:31.686+0000] {logging_mixin.py:190} INFO - [2026-08-12T04:59:31.686+0000] {dag.py:4138} INFO - Setting next_dagrun for example_task_group to 2026-08-11 00:00:00+00:00, run_after=2026-08-12 00:00:00+00:00
[2026-08-12T04:59:31.718+0000] {processor.py:208} INFO - Processing /home/airflow/.local/lib/python3.12/site-packages/airflow/example_dags/example_task_group.py took 0.248 seconds
[2026-08-12T05:00:02.252+0000] {processor.py:186} INFO - Started process (PID=3383) to work on /home/airflow/.local/lib/python3.12/site-packages/airflow/example_dags/example_task_group.py
[2026-08-12T05:00:02.253+0000] {processor.py:914} INFO - Processing file /home/airflow/.local/lib/python3.12/site-packages/airflow/example_dags/example_task_group.py for tasks to queue
[2026-08-12T05:00:02.257+0000] {logging_mixin.py:190} INFO - [2026-08-12T05:00:02.257+0000] {dagbag.py:587} INFO - Filling up the DagBag from /home/airflow/.local/lib/python3.12/site-packages/airflow/example_dags/example_task_group.py
[2026-08-12T05:00:02.266+0000] {processor.py:925} INFO - DAG(s) 'example_task_group' retrieved from /home/airflow/.local/lib/python3.12/site-packages/airflow/example_dags/example_task_group.py
[2026-08-12T05:00:02.287+0000] {logging_mixin.py:190} INFO - [2026-08-12T05:00:02.287+0000] {dag.py:3211} INFO - Sync 1 DAGs
[2026-08-12T05:00:02.307+0000] {logging_mixin.py:190} INFO - [2026-08-12T05:00:02.307+0000] {dag.py:4138} INFO - Setting next_dagrun for example_task_group to 2026-08-11 00:00:00+00:00, run_after=2026-08-12 00:00:00+00:00
[2026-08-12T05:00:02.327+0000] {processor.py:208} INFO - Processing /home/airflow/.local/lib/python3.12/site-packages/airflow/example_dags/example_task_group.py took 0.081 seconds
[2026-08-12T05:00:32.799+0000] {processor.py:186} INFO - Started process (PID=3446) to work on /home/airflow/.local/lib/python3.12/site-packages/airflow/example_dags/example_task_group.py
[2026-08-12T05:00:32.800+0000] {processor.py:914} INFO - Processing file /home/airflow/.local/lib/python3.12/site-packages/airflow/example_dags/example_task_group.py for tasks to queue
[2026-08-12T05:00:32.803+0000] {logging_mixin.py:190} INFO - [2026-08-12T05:00:32.803+0000] {dagbag.py:587} INFO - Filling up the DagBag from /home/airflow/.local/lib/python3.12/site-packages/airflow/example_dags/example_task_group.py
[2026-08-12T05:00:32.813+0000] {processor.py:925} INFO - DAG(s) 'example_task_group' retrieved from /home/airflow/.local/lib/python3.12/site-packages/airflow/example_dags/example_task_group.py
[2026-08-12T05:00:32.839+0000] {logging_mixin.py:190} INFO - [2026-08-12T05:00:32.839+0000] {dag.py:3211} INFO - Sync 1 DAGs
[2026-08-12T05:00:32.865+0000] {logging_mixin.py:190} INFO - [2026-08-12T05:00:32.865+0000] {dag.py:4138} INFO - Setting next_dagrun for example_task_group to 2026-08-11 00:00:00+00:00, run_after=2026-08-12 00:00:00+00:00
[2026-08-12T05:00:32.888+0000] {processor.py:208} INFO - Processing /home/airflow/.local/lib/python3.12/site-packages/airflow/example_dags/example_task_group.py took 0.096 seconds
[2026-08-12T05:01:02.978+0000] {processor.py:186} INFO - Started process (PID=3509) to work on /home/airflow/.local/lib/python3.12/site-packages/airflow/example_dags/example_task_group.py
[2026-08-12T05:01:02.980+0000] {processor.py:914} INFO - Processing file /home/airflow/.local/lib/python3.12/site-packages/airflow/example_dags/example_task_group.py for tasks to queue
[2026-08-12T05:01:02.983+0000] {logging_mixin.py:190} INFO - [2026-08-12T05:01:02.983+0000] {dagbag.py:587} INFO - Filling up the DagBag from /home/airflow/.local/lib/python3.12/site-packages/airflow/example_dags/example_task_group.py
[2026-08-12T05:01:02.994+0000] {processor.py:925} INFO - DAG(s) 'example_task_group' retrieved from /home/airflow/.local/lib/python3.12/site-packages/airflow/example_dags/example_task_group.py
[2026-08-12T05:01:03.017+0000] {logging_mixin.py:190} INFO - [2026-08-12T05:01:03.017+0000] {dag.py:3211} INFO - Sync 1 DAGs
[2026-08-12T05:01:03.041+0000] {logging_mixin.py:190} INFO - [2026-08-12T05:01:03.041+0000] {dag.py:4138} INFO - Setting next_dagrun for example_task_group to 2026-08-11 00:00:00+00:00, run_after=2026-08-12 00:00:00+00:00
[2026-08-12T05:01:03.066+0000] {processor.py:208} INFO - Processing /home/airflow/.local/lib/python3.12/site-packages/airflow/example_dags/example_task_group.py took 0.093 seconds
[2026-08-12T05:01:33.643+0000] {processor.py:186} INFO - Started process (PID=3578) to work on /home/airflow/.local/lib/python3.12/site-packages/airflow/example_dags/example_task_group.py
[2026-08-12T05:01:33.645+0000] {processor.py:914} INFO - Processing file /home/airflow/.local/lib/python3.12/site-packages/airflow/example_dags/example_task_group.py for tasks to queue
[2026-08-12T05:01:33.650+0000] {logging_mixin.py:190} INFO - [2026-08-12T05:01:33.650+0000] {dagbag.py:587} INFO - Filling up the DagBag from /home/airflow/.local/lib/python3.12/site-packages/airflow/example_dags/example_task_group.py
[2026-08-12T05:01:33.667+0000] {processor.py:925} INFO - DAG(s) 'example_task_group' retrieved from /home/airflow/.local/lib/python3.12/site-packages/airflow/example_dags/example_task_group.py
[2026-08-12T05:01:33.698+0000] {logging_mixin.py:190} INFO - [2026-08-12T05:01:33.698+0000] {dag.py:3211} INFO - Sync 1 DAGs
[2026-08-12T05:01:33.726+0000] {logging_mixin.py:190} INFO - [2026-08-12T05:01:33.726+0000] {dag.py:4138} INFO - Setting next_dagrun for example_task_group to 2026-08-11 00:00:00+00:00, run_after=2026-08-12 00:00:00+00:00
[2026-08-12T05:01:33.758+0000] {processor.py:208} INFO - Processing /home/airflow/.local/lib/python3.12/site-packages/airflow/example_dags/example_task_group.py took 0.127 seconds
[2026-08-12T05:02:04.365+0000] {processor.py:186} INFO - Started process (PID=3641) to work on /home/airflow/.local/lib/python3.12/site-packages/airflow/example_dags/example_task_group.py
[2026-08-12T05:02:04.368+0000] {processor.py:914} INFO - Processing file /home/airflow/.local/lib/python3.12/site-packages/airflow/example_dags/example_task_group.py for tasks to queue
[2026-08-12T05:02:04.373+0000] {logging_mixin.py:190} INFO - [2026-08-12T05:02:04.372+0000] {dagbag.py:587} INFO - Filling up the DagBag from /home/airflow/.local/lib/python3.12/site-packages/airflow/example_dags/example_task_group.py
[2026-08-12T05:02:04.387+0000] {processor.py:925} INFO - DAG(s) 'example_task_group' retrieved from /home/airflow/.local/lib/python3.12/site-packages/airflow/example_dags/example_task_group.py
[2026-08-12T05:02:04.414+0000] {logging_mixin.py:190} INFO - [2026-08-12T05:02:04.413+0000] {dag.py:3211} INFO - Sync 1 DAGs
[2026-08-12T05:02:04.439+0000] {logging_mixin.py:190} INFO - [2026-08-12T05:02:04.438+0000] {dag.py:4138} INFO - Setting next_dagrun for example_task_group to 2026-08-11 00:00:00+00:00, run_after=2026-08-12 00:00:00+00:00
[2026-08-12T05:02:04.460+0000] {processor.py:208} INFO - Processing /home/airflow/.local/lib/python3.12/site-packages/airflow/example_dags/example_task_group.py took 0.103 seconds
[2026-08-12T05:02:34.993+0000] {processor.py:186} INFO - Started process (PID=3704) to work on /home/airflow/.local/lib/python3.12/site-packages/airflow/example_dags/example_task_group.py
[2026-08-12T05:02:34.995+0000] {processor.py:914} INFO - Processing file /home/airflow/.local/lib/python3.12/site-packages/airflow/example_dags/example_task_group.py for tasks to queue
[2026-08-12T05:02:34.998+0000] {logging_mixin.py:190} INFO - [2026-08-12T05:02:34.998+0000] {dagbag.py:587} INFO - Filling up the DagBag from /home/airflow/.local/lib/python3.12/site-packages/airflow/example_dags/example_task_group.py
[2026-08-12T05:02:35.007+0000] {processor.py:925} INFO - DAG(s) 'example_task_group' retrieved from /home/airflow/.local/lib/python3.12/site-packages/airflow/example_dags/example_task_group.py
[2026-08-12T05:02:35.037+0000] {logging_mixin.py:190} INFO - [2026-08-12T05:02:35.037+0000] {dag.py:3211} INFO - Sync 1 DAGs
[2026-08-12T05:02:35.063+0000] {logging_mixin.py:190} INFO - [2026-08-12T05:02:35.063+0000] {dag.py:4138} INFO - Setting next_dagrun for example_task_group to 2026-08-11 00:00:00+00:00, run_after=2026-08-12 00:00:00+00:00
[2026-08-12T05:02:35.087+0000] {processor.py:208} INFO - Processing /home/airflow/.local/lib/python3.12/site-packages/airflow/example_dags/example_task_group.py took 0.099 seconds
[2026-08-12T05:03:05.513+0000] {processor.py:186} INFO - Started process (PID=3767) to work on /home/airflow/.local/lib/python3.12/site-packages/airflow/example_dags/example_task_group.py
[2026-08-12T05:03:05.514+0000] {processor.py:914} INFO - Processing file /home/airflow/.local/lib/python3.12/site-packages/airflow/example_dags/example_task_group.py for tasks to queue
[2026-08-12T05:03:05.518+0000] {logging_mixin.py:190} INFO - [2026-08-12T05:03:05.518+0000] {dagbag.py:587} INFO - Filling up the DagBag from /home/airflow/.local/lib/python3.12/site-packages/airflow/example_dags/example_task_group.py
[2026-08-12T05:03:05.530+0000] {processor.py:925} INFO - DAG(s) 'example_task_group' retrieved from /home/airflow/.local/lib/python3.12/site-packages/airflow/example_dags/example_task_group.py
[2026-08-12T05:03:05.557+0000] {logging_mixin.py:190} INFO - [2026-08-12T05:03:05.557+0000] {dag.py:3211} INFO - Sync 1 DAGs
[2026-08-12T05:03:05.591+0000] {logging_mixin.py:190} INFO - [2026-08-12T05:03:05.591+0000] {dag.py:4138} INFO - Setting next_dagrun for example_task_group to 2026-08-11 00:00:00+00:00, run_after=2026-08-12 00:00:00+00:00
[2026-08-12T05:03:05.619+0000] {processor.py:208} INFO - Processing /home/airflow/.local/lib/python3.12/site-packages/airflow/example_dags/example_task_group.py took 0.114 seconds
[2026-08-12T05:03:35.886+0000] {processor.py:186} INFO - Started process (PID=3830) to work on /home/airflow/.local/lib/python3.12/site-packages/airflow/example_dags/example_task_group.py
[2026-08-12T05:03:35.887+0000] {processor.py:914} INFO - Processing file /home/airflow/.local/lib/python3.12/site-packages/airflow/example_dags/example_task_group.py for tasks to queue
[2026-08-12T05:03:35.891+0000] {logging_mixin.py:190} INFO - [2026-08-12T05:03:35.891+0000] {dagbag.py:587} INFO - Filling up the DagBag from /home/airflow/.local/lib/python3.12/site-packages/airflow/example_dags/example_task_group.py
[2026-08-12T05:03:35.900+0000] {processor.py:925} INFO - DAG(s) 'example_task_group' retrieved from /home/airflow/.local/lib/python3.12/site-packages/airflow/example_dags/example_task_group.py
[2026-08-12T05:03:35.922+0000] {logging_mixin.py:190} INFO - [2026-08-12T05:03:35.922+0000] {dag.py:3211} INFO - Sync 1 DAGs
[2026-08-12T05:03:35.947+0000] {logging_mixin.py:190} INFO - [2026-08-12T05:03:35.947+0000] {dag.py:4138} INFO - Setting next_dagrun for example_task_group to 2026-08-11 00:00:00+00:00, run_after=2026-08-12 00:00:00+00:00
[2026-08-12T05:03:35.968+0000] {processor.py:208} INFO - Processing /home/airflow/.local/lib/python3.12/site-packages/airflow/example_dags/example_task_group.py took 0.087 seconds
[2026-08-12T05:04:06.317+0000] {processor.py:186} INFO - Started process (PID=3894) to work on /home/airflow/.local/lib/python3.12/site-packages/airflow/example_dags/example_task_group.py
[2026-08-12T05:04:06.319+0000] {processor.py:914} INFO - Processing file /home/airflow/.local/lib/python3.12/site-packages/airflow/example_dags/example_task_group.py for tasks to queue
[2026-08-12T05:04:06.322+0000] {logging_mixin.py:190} INFO - [2026-08-12T05:04:06.322+0000] {dagbag.py:587} INFO - Filling up the DagBag from /home/airflow/.local/lib/python3.12/site-packages/airflow/example_dags/example_task_group.py
[2026-08-12T05:04:06.331+0000] {processor.py:925} INFO - DAG(s) 'example_task_group' retrieved from /home/airflow/.local/lib/python3.12/site-packages/airflow/example_dags/example_task_group.py
[2026-08-12T05:04:06.353+0000] {logging_mixin.py:190} INFO - [2026-08-12T05:04:06.353+0000] {dag.py:3211} INFO - Sync 1 DAGs
[2026-08-12T05:04:06.378+0000] {logging_mixin.py:190} INFO - [2026-08-12T05:04:06.378+0000] {dag.py:4138} INFO - Setting next_dagrun for example_task_group to 2026-08-11 00:00:00+00:00, run_after=2026-08-12 00:00:00+00:00
[2026-08-12T05:04:06.402+0000] {processor.py:208} INFO - Processing /home/airflow/.local/lib/python3.12/site-packages/airflow/example_dags/example_task_group.py took 0.091 seconds
[2026-08-12T05:04:36.624+0000] {processor.py:186} INFO - Started process (PID=3957) to work on /home/airflow/.local/lib/python3.12/site-packages/airflow/example_dags/example_task_group.py
[2026-08-12T05:04:36.625+0000] {processor.py:914} INFO - Processing file /home/airflow/.local/lib/python3.12/site-packages/airflow/example_dags/example_task_group.py for tasks to queue
[2026-08-12T05:04:36.627+0000] {logging_mixin.py:190} INFO - [2026-08-12T05:04:36.627+0000] {dagbag.py:587} INFO - Filling up the DagBag from /home/airflow/.local/lib/python3.12/site-packages/airflow/example_dags/example_task_group.py
[2026-08-12T05:04:36.636+0000] {processor.py:925} INFO - DAG(s) 'example_task_group' retrieved from /home/airflow/.local/lib/python3.12/site-packages/airflow/example_dags/example_task_group.py
[2026-08-12T05:04:36.657+0000] {logging_mixin.py:190} INFO - [2026-08-12T05:04:36.657+0000] {dag.py:3211} INFO - Sync 1 DAGs
[2026-08-12T05:04:36.677+0000] {logging_mixin.py:190} INFO - [2026-08-12T05:04:36.677+0000] {dag.py:4138} INFO - Setting next_dagrun for example_task_group to 2026-08-11 00:00:00+00:00, run_after=2026-08-12 00:00:00+00:00
[2026-08-12T05:04:36.697+0000] {processor.py:208} INFO - Processing /home/airflow/.local/lib/python3.12/site-packages/airflow/example_dags/example_task_group.py took 0.079 seconds
[2026-08-12T05:05:07.151+0000] {processor.py:186} INFO - Started process (PID=4020) to work on /home/airflow/.local/lib/python3.12/site-packages/airflow/example_dags/example_task_group.py
[2026-08-12T05:05:07.152+0000] {processor.py:914} INFO - Processing file /home/airflow/.local/lib/python3.12/site-packages/airflow/example_dags/example_task_group.py for tasks to queue
[2026-08-12T05:05:07.156+0000] {logging_mixin.py:190} INFO - [2026-08-12T05:05:07.155+0000] {dagbag.py:587} INFO - Filling up the DagBag from /home/airflow/.local/lib/python3.12/site-packages/airflow/example_dags/example_task_group.py
[2026-08-12T05:05:07.166+0000] {processor.py:925} INFO - DAG(s) 'example_task_group' retrieved from /home/airflow/.local/lib/python3.12/site-packages/airflow/example_dags/example_task_group.py
[2026-08-12T05:05:07.191+0000] {logging_mixin.py:190} INFO - [2026-08-12T05:05:07.190+0000] {dag.py:3211} INFO - Sync 1 DAGs
[2026-08-12T05:05:07.213+0000] {logging_mixin.py:190} INFO - [2026-08-12T05:05:07.212+0000] {dag.py:4138} INFO - Setting next_dagrun for example_task_group to 2026-08-11 00:00:00+00:00, run_after=2026-08-12 00:00:00+00:00
[2026-08-12T05:05:07.234+0000] {processor.py:208} INFO - Processing /home/airflow/.local/lib/python3.12/site-packages/airflow/example_dags/example_task_group.py took 0.090 seconds
[2026-08-12T05:05:37.393+0000] {processor.py:186} INFO - Started process (PID=4083) to work on /home/airflow/.local/lib/python3.12/site-packages/airflow/example_dags/example_task_group.py
[2026-08-12T05:05:37.394+0000] {processor.py:914} INFO - Processing file /home/airflow/.local/lib/python3.12/site-packages/airflow/example_dags/example_task_group.py for tasks to queue
[2026-08-12T05:05:37.398+0000] {logging_mixin.py:190} INFO - [2026-08-12T05:05:37.397+0000] {dagbag.py:587} INFO - Filling up the DagBag from /home/airflow/.local/lib/python3.12/site-packages/airflow/example_dags/example_task_group.py
[2026-08-12T05:05:37.409+0000] {processor.py:925} INFO - DAG(s) 'example_task_group' retrieved from /home/airflow/.local/lib/python3.12/site-packages/airflow/example_dags/example_task_group.py
[2026-08-12T05:05:37.431+0000] {logging_mixin.py:190} INFO - [2026-08-12T05:05:37.431+0000] {dag.py:3211} INFO - Sync 1 DAGs
[2026-08-12T05:05:37.454+0000] {logging_mixin.py:190} INFO - [2026-08-12T05:05:37.454+0000] {dag.py:4138} INFO - Setting next_dagrun for example_task_group to 2026-08-11 00:00:00+00:00, run_after=2026-08-12 00:00:00+00:00
[2026-08-12T05:05:37.475+0000] {processor.py:208} INFO - Processing /home/airflow/.local/lib/python3.12/site-packages/airflow/example_dags/example_task_group.py took 0.089 seconds
[2026-08-12T05:06:07.825+0000] {processor.py:186} INFO - Started process (PID=4146) to work on /home/airflow/.local/lib/python3.12/site-packages/airflow/example_dags/example_task_group.py
[2026-08-12T05:06:07.826+0000] {processor.py:914} INFO - Processing file /home/airflow/.local/lib/python3.12/site-packages/airflow/example_dags/example_task_group.py for tasks to queue
[2026-08-12T05:06:07.829+0000] {logging_mixin.py:190} INFO - [2026-08-12T05:06:07.829+0000] {dagbag.py:587} INFO - Filling up the DagBag from /home/airflow/.local/lib/python3.12/site-packages/airflow/example_dags/example_task_group.py
[2026-08-12T05:06:07.838+0000] {processor.py:925} INFO - DAG(s) 'example_task_group' retrieved from /home/airflow/.local/lib/python3.12/site-packages/airflow/example_dags/example_task_group.py
[2026-08-12T05:06:07.860+0000] {logging_mixin.py:190} INFO - [2026-08-12T05:06:07.859+0000] {dag.py:3211} INFO - Sync 1 DAGs
[2026-08-12T05:06:07.883+0000] {logging_mixin.py:190} INFO - [2026-08-12T05:06:07.883+0000] {dag.py:4138} INFO - Setting next_dagrun for example_task_group to 2026-08-11 00:00:00+00:00, run_after=2026-08-12 00:00:00+00:00
[2026-08-12T05:06:07.903+0000] {processor.py:208} INFO - Processing /home/airflow/.local/lib/python3.12/site-packages/airflow/example_dags/example_task_group.py took 0.084 seconds
[2026-08-12T05:06:38.608+0000] {processor.py:186} INFO - Started process (PID=4209) to work on /home/airflow/.local/lib/python3.12/site-packages/airflow/example_dags/example_task_group.py
[2026-08-12T05:06:38.609+0000] {processor.py:914} INFO - Processing file /home/airflow/.local/lib/python3.12/site-packages/airflow/example_dags/example_task_group.py for tasks to queue
[2026-08-12T05:06:38.612+0000] {logging_mixin.py:190} INFO - [2026-08-12T05:06:38.612+0000] {dagbag.py:587} INFO - Filling up the DagBag from /home/airflow/.local/lib/python3.12/site-packages/airflow/example_dags/example_task_group.py
[2026-08-12T05:06:38.623+0000] {processor.py:925} INFO - DAG(s) 'example_task_group' retrieved from /home/airflow/.local/lib/python3.12/site-packages/airflow/example_dags/example_task_group.py
[2026-08-12T05:06:38.653+0000] {logging_mixin.py:190} INFO - [2026-08-12T05:06:38.653+0000] {dag.py:3211} INFO - Sync 1 DAGs
[2026-08-12T05:06:38.680+0000] {logging_mixin.py:190} INFO - [2026-08-12T05:06:38.679+0000] {dag.py:4138} INFO - Setting next_dagrun for example_task_group to 2026-08-11 00:00:00+00:00, run_after=2026-08-12 00:00:00+00:00
[2026-08-12T05:06:38.706+0000] {processor.py:208} INFO - Processing /home/airflow/.local/lib/python3.12/site-packages/airflow/example_dags/example_task_group.py took 0.104 seconds
[2026-08-12T05:07:09.181+0000] {processor.py:186} INFO - Started process (PID=4272) to work on /home/airflow/.local/lib/python3.12/site-packages/airflow/example_dags/example_task_group.py
[2026-08-12T05:07:09.183+0000] {processor.py:914} INFO - Processing file /home/airflow/.local/lib/python3.12/site-packages/airflow/example_dags/example_task_group.py for tasks to queue
[2026-08-12T05:07:09.187+0000] {logging_mixin.py:190} INFO - [2026-08-12T05:07:09.187+0000] {dagbag.py:587} INFO - Filling up the DagBag from /home/airflow/.local/lib/python3.12/site-packages/airflow/example_dags/example_task_group.py
[2026-08-12T05:07:09.199+0000] {processor.py:925} INFO - DAG(s) 'example_task_group' retrieved from /home/airflow/.local/lib/python3.12/site-packages/airflow/example_dags/example_task_group.py
[2026-08-12T05:07:09.227+0000] {logging_mixin.py:190} INFO - [2026-08-12T05:07:09.227+0000] {dag.py:3211} INFO - Sync 1 DAGs
[2026-08-12T05:07:09.255+0000] {logging_mixin.py:190} INFO - [2026-08-12T05:07:09.254+0000] {dag.py:4138} INFO - Setting next_dagrun for example_task_group to 2026-08-11 00:00:00+00:00, run_after=2026-08-12 00:00:00+00:00
[2026-08-12T05:07:09.283+0000] {processor.py:208} INFO - Processing /home/airflow/.local/lib/python3.12/site-packages/airflow/example_dags/example_task_group.py took 0.112 seconds
[2026-08-12T05:07:39.435+0000] {processor.py:186} INFO - Started process (PID=4335) to work on /home/airflow/.local/lib/python3.12/site-packages/airflow/example_dags/example_task_group.py
[2026-08-12T05:07:39.437+0000] {processor.py:914} INFO - Processing file /home/airflow/.local/lib/python3.12/site-packages/airflow/example_dags/example_task_group.py for tasks to queue
[2026-08-12T05:07:39.441+0000] {logging_mixin.py:190} INFO - [2026-08-12T05:07:39.441+0000] {dagbag.py:587} INFO - Filling up the DagBag from /home/airflow/.local/lib/python3.12/site-packages/airflow/example_dags/example_task_group.py
[2026-08-12T05:07:39.458+0000] {processor.py:925} INFO - DAG(s) 'example_task_group' retrieved from /home/airflow/.local/lib/python3.12/site-packages/airflow/example_dags/example_task_group.py
[2026-08-12T05:07:39.492+0000] {logging_mixin.py:190} INFO - [2026-08-12T05:07:39.492+0000] {dag.py:3211} INFO - Sync 1 DAGs
[2026-08-12T05:07:39.526+0000] {logging_mixin.py:190} INFO - [2026-08-12T05:07:39.525+0000] {dag.py:4138} INFO - Setting next_dagrun for example_task_group to 2026-08-11 00:00:00+00:00, run_after=2026-08-12 00:00:00+00:00
[2026-08-12T05:07:39.556+0000] {processor.py:208} INFO - Processing /home/airflow/.local/lib/python3.12/site-packages/airflow/example_dags/example_task_group.py took 0.132 seconds
[2026-08-12T05:08:09.859+0000] {processor.py:186} INFO - Started process (PID=4398) to work on /home/airflow/.local/lib/python3.12/site-packages/airflow/example_dags/example_task_group.py
[2026-08-12T05:08:09.861+0000] {processor.py:914} INFO - Processing file /home/airflow/.local/lib/python3.12/site-packages/airflow/example_dags/example_task_group.py for tasks to queue
[2026-08-12T05:08:09.865+0000] {logging_mixin.py:190} INFO - [2026-08-12T05:08:09.864+0000] {dagbag.py:587} INFO - Filling up the DagBag from /home/airflow/.local/lib/python3.12/site-packages/airflow/example_dags/example_task_group.py
[2026-08-12T05:08:09.875+0000] {processor.py:925} INFO - DAG(s) 'example_task_group' retrieved from /home/airflow/.local/lib/python3.12/site-packages/airflow/example_dags/example_task_group.py
[2026-08-12T05:08:09.899+0000] {logging_mixin.py:190} INFO - [2026-08-12T05:08:09.899+0000] {dag.py:3211} INFO - Sync 1 DAGs
[2026-08-12T05:08:09.926+0000] {logging_mixin.py:190} INFO - [2026-08-12T05:08:09.926+0000] {dag.py:4138} INFO - Setting next_dagrun for example_task_group to 2026-08-11 00:00:00+00:00, run_after=2026-08-12 00:00:00+00:00
[2026-08-12T05:08:09.950+0000] {processor.py:208} INFO - Processing /home/airflow/.local/lib/python3.12/site-packages/airflow/example_dags/example_task_group.py took 0.097 seconds
[2026-08-12T05:08:40.564+0000] {processor.py:186} INFO - Started process (PID=4461) to work on /home/airflow/.local/lib/python3.12/site-packages/airflow/example_dags/example_task_group.py
[2026-08-12T05:08:40.566+0000] {processor.py:914} INFO - Processing file /home/airflow/.local/lib/python3.12/site-packages/airflow/example_dags/example_task_group.py for tasks to queue
[2026-08-12T05:08:40.570+0000] {logging_mixin.py:190} INFO - [2026-08-12T05:08:40.569+0000] {dagbag.py:587} INFO - Filling up the DagBag from /home/airflow/.local/lib/python3.12/site-packages/airflow/example_dags/example_task_group.py
[2026-08-12T05:08:40.586+0000] {processor.py:925} INFO - DAG(s) 'example_task_group' retrieved from /home/airflow/.local/lib/python3.12/site-packages/airflow/example_dags/example_task_group.py
[2026-08-12T05:08:40.616+0000] {logging_mixin.py:190} INFO - [2026-08-12T05:08:40.615+0000] {dag.py:3211} INFO - Sync 1 DAGs
[2026-08-12T05:08:40.646+0000] {logging_mixin.py:190} INFO - [2026-08-12T05:08:40.645+0000] {dag.py:4138} INFO - Setting next_dagrun for example_task_group to 2026-08-11 00:00:00+00:00, run_after=2026-08-12 00:00:00+00:00
[2026-08-12T05:08:40.674+0000] {processor.py:208} INFO - Processing /home/airflow/.local/lib/python3.12/site-packages/airflow/example_dags/example_task_group.py took 0.116 seconds
[2026-08-12T05:09:10.904+0000] {processor.py:186} INFO - Started process (PID=4524) to work on /home/airflow/.local/lib/python3.12/site-packages/airflow/example_dags/example_task_group.py
[2026-08-12T05:09:10.905+0000] {processor.py:914} INFO - Processing file /home/airflow/.local/lib/python3.12/site-packages/airflow/example_dags/example_task_group.py for tasks to queue
[2026-08-12T05:09:10.908+0000] {logging_mixin.py:190} INFO - [2026-08-12T05:09:10.907+0000] {dagbag.py:587} INFO - Filling up the DagBag from /home/airflow/.local/lib/python3.12/site-packages/airflow/example_dags/example_task_group.py
[2026-08-12T05:09:10.916+0000] {processor.py:925} INFO - DAG(s) 'example_task_group' retrieved from /home/airflow/.local/lib/python3.12/site-packages/airflow/example_dags/example_task_group.py
[2026-08-12T05:09:10.937+0000] {logging_mixin.py:190} INFO - [2026-08-12T05:09:10.937+0000] {dag.py:3211} INFO - Sync 1 DAGs
[2026-08-12T05:09:10.959+0000] {logging_mixin.py:190} INFO - [2026-08-12T05:09:10.959+0000] {dag.py:4138} INFO - Setting next_dagrun for example_task_group to 2026-08-11 00:00:00+00:00, run_after=2026-08-12 00:00:00+00:00
[2026-08-12T05:09:10.978+0000] {processor.py:208} INFO - Processing /home/airflow/.local/lib/python3.12/site-packages/airflow/example_dags/example_task_group.py took 0.080 seconds
[2026-08-12T05:09:41.546+0000] {processor.py:186} INFO - Started process (PID=4587) to work on /home/airflow/.local/lib/python3.12/site-packages/airflow/example_dags/example_task_group.py
[2026-08-12T05:09:41.548+0000] {processor.py:914} INFO - Processing file /home/airflow/.local/lib/python3.12/site-packages/airflow/example_dags/example_task_group.py for tasks to queue
[2026-08-12T05:09:41.551+0000] {logging_mixin.py:190} INFO - [2026-08-12T05:09:41.551+0000] {dagbag.py:587} INFO - Filling up the DagBag from /home/airflow/.local/lib/python3.12/site-packages/airflow/example_dags/example_task_group.py
[2026-08-12T05:09:41.561+0000] {processor.py:925} INFO - DAG(s) 'example_task_group' retrieved from /home/airflow/.local/lib/python3.12/site-packages/airflow/example_dags/example_task_group.py
[2026-08-12T05:09:41.584+0000] {logging_mixin.py:190} INFO - [2026-08-12T05:09:41.584+0000] {dag.py:3211} INFO - Sync 1 DAGs
[2026-08-12T05:09:41.610+0000] {logging_mixin.py:190} INFO - [2026-08-12T05:09:41.609+0000] {dag.py:4138} INFO - Setting next_dagrun for example_task_group to 2026-08-11 00:00:00+00:00, run_after=2026-08-12 00:00:00+00:00
[2026-08-12T05:09:41.631+0000] {processor.py:208} INFO - Processing /home/airflow/.local/lib/python3.12/site-packages/airflow/example_dags/example_task_group.py took 0.091 seconds
[2026-08-12T05:10:12.162+0000] {processor.py:186} INFO - Started process (PID=4650) to work on /home/airflow/.local/lib/python3.12/site-packages/airflow/example_dags/example_task_group.py
[2026-08-12T05:10:12.164+0000] {processor.py:914} INFO - Processing file /home/airflow/.local/lib/python3.12/site-packages/airflow/example_dags/example_task_group.py for tasks to queue
[2026-08-12T05:10:12.167+0000] {logging_mixin.py:190} INFO - [2026-08-12T05:10:12.167+0000] {dagbag.py:587} INFO - Filling up the DagBag from /home/airflow/.local/lib/python3.12/site-packages/airflow/example_dags/example_task_group.py
[2026-08-12T05:10:12.177+0000] {processor.py:925} INFO - DAG(s) 'example_task_group' retrieved from /home/airflow/.local/lib/python3.12/site-packages/airflow/example_dags/example_task_group.py
[2026-08-12T05:10:12.201+0000] {logging_mixin.py:190} INFO - [2026-08-12T05:10:12.201+0000] {dag.py:3211} INFO - Sync 1 DAGs
[2026-08-12T05:10:12.230+0000] {logging_mixin.py:190} INFO - [2026-08-12T05:10:12.230+0000] {dag.py:4138} INFO - Setting next_dagrun for example_task_group to 2026-08-11 00:00:00+00:00, run_after=2026-08-12 00:00:00+00:00
[2026-08-12T05:10:12.257+0000] {processor.py:208} INFO - Processing /home/airflow/.local/lib/python3.12/site-packages/airflow/example_dags/example_task_group.py took 0.101 seconds
[2026-08-12T05:10:42.752+0000] {processor.py:186} INFO - Started process (PID=4713) to work on /home/airflow/.local/lib/python3.12/site-packages/airflow/example_dags/example_task_group.py
[2026-08-12T05:10:42.754+0000] {processor.py:914} INFO - Processing file /home/airflow/.local/lib/python3.12/site-packages/airflow/example_dags/example_task_group.py for tasks to queue
[2026-08-12T05:10:42.757+0000] {logging_mixin.py:190} INFO - [2026-08-12T05:10:42.757+0000] {dagbag.py:587} INFO - Filling up the DagBag from /home/airflow/.local/lib/python3.12/site-packages/airflow/example_dags/example_task_group.py
[2026-08-12T05:10:42.767+0000] {processor.py:925} INFO - DAG(s) 'example_task_group' retrieved from /home/airflow/.local/lib/python3.12/site-packages/airflow/example_dags/example_task_group.py
[2026-08-12T05:10:42.789+0000] {logging_mixin.py:190} INFO - [2026-08-12T05:10:42.789+0000] {dag.py:3211} INFO - Sync 1 DAGs
[2026-08-12T05:10:42.814+0000] {logging_mixin.py:190} INFO - [2026-08-12T05:10:42.813+0000] {dag.py:4138} INFO - Setting next_dagrun for example_task_group to 2026-08-11 00:00:00+00:00, run_after=2026-08-12 00:00:00+00:00
[2026-08-12T05:10:42.835+0000] {processor.py:208} INFO - Processing /home/airflow/.local/lib/python3.12/site-packages/airflow/example_dags/example_task_group.py took 0.088 seconds
[2026-08-12T05:11:13.158+0000] {processor.py:186} INFO - Started process (PID=4776) to work on /home/airflow/.local/lib/python3.12/site-packages/airflow/example_dags/example_task_group.py
[2026-08-12T05:11:13.160+0000] {processor.py:914} INFO - Processing file /home/airflow/.local/lib/python3.12/site-packages/airflow/example_dags/example_task_group.py for tasks to queue
[2026-08-12T05:11:13.162+0000] {logging_mixin.py:190} INFO - [2026-08-12T05:11:13.162+0000] {dagbag.py:587} INFO - Filling up the DagBag from /home/airflow/.local/lib/python3.12/site-packages/airflow/example_dags/example_task_group.py
[2026-08-12T05:11:13.171+0000] {processor.py:925} INFO - DAG(s) 'example_task_group' retrieved from /home/airflow/.local/lib/python3.12/site-packages/airflow/example_dags/example_task_group.py
[2026-08-12T05:11:13.192+0000] {logging_mixin.py:190} INFO - [2026-08-12T05:11:13.192+0000] {dag.py:3211} INFO - Sync 1 DAGs
[2026-08-12T05:11:13.219+0000] {logging_mixin.py:190} INFO - [2026-08-12T05:11:13.218+0000] {dag.py:4138} INFO - Setting next_dagrun for example_task_group to 2026-08-11 00:00:00+00:00, run_after=2026-08-12 00:00:00+00:00
[2026-08-12T05:11:13.241+0000] {processor.py:208} INFO - Processing /home/airflow/.local/lib/python3.12/site-packages/airflow/example_dags/example_task_group.py took 0.088 seconds
[2026-08-12T05:11:43.776+0000] {processor.py:186} INFO - Started process (PID=4839) to work on /home/airflow/.local/lib/python3.12/site-packages/airflow/example_dags/example_task_group.py
[2026-08-12T05:11:43.778+0000] {processor.py:914} INFO - Processing file /home/airflow/.local/lib/python3.12/site-packages/airflow/example_dags/example_task_group.py for tasks to queue
[2026-08-12T05:11:43.783+0000] {logging_mixin.py:190} INFO - [2026-08-12T05:11:43.782+0000] {dagbag.py:587} INFO - Filling up the DagBag from /home/airflow/.local/lib/python3.12/site-packages/airflow/example_dags/example_task_group.py
[2026-08-12T05:11:43.794+0000] {processor.py:925} INFO - DAG(s) 'example_task_group' retrieved from /home/airflow/.local/lib/python3.12/site-packages/airflow/example_dags/example_task_group.py
[2026-08-12T05:11:43.818+0000] {logging_mixin.py:190} INFO - [2026-08-12T05:11:43.818+0000] {dag.py:3211} INFO - Sync 1 DAGs
[2026-08-12T05:11:43.840+0000] {logging_mixin.py:190} INFO - [2026-08-12T05:11:43.840+0000] {dag.py:4138} INFO - Setting next_dagrun for example_task_group to 2026-08-11 00:00:00+00:00, run_after=2026-08-12 00:00:00+00:00
[2026-08-12T05:11:43.862+0000] {processor.py:208} INFO - Processing /home/airflow/.local/lib/python3.12/site-packages/airflow/example_dags/example_task_group.py took 0.094 seconds
[2026-08-12T05:12:14.489+0000] {processor.py:186} INFO - Started process (PID=4902) to work on /home/airflow/.local/lib/python3.12/site-packages/airflow/example_dags/example_task_group.py
[2026-08-12T05:12:14.491+0000] {processor.py:914} INFO - Processing file /home/airflow/.local/lib/python3.12/site-packages/airflow/example_dags/example_task_group.py for tasks to queue
[2026-08-12T05:12:14.496+0000] {logging_mixin.py:190} INFO - [2026-08-12T05:12:14.495+0000] {dagbag.py:587} INFO - Filling up the DagBag from /home/airflow/.local/lib/python3.12/site-packages/airflow/example_dags/example_task_group.py
[2026-08-12T05:12:14.511+0000] {processor.py:925} INFO - DAG(s) 'example_task_group' retrieved from /home/airflow/.local/lib/python3.12/site-packages/airflow/example_dags/example_task_group.py
[2026-08-12T05:12:14.537+0000] {logging_mixin.py:190} INFO - [2026-08-12T05:12:14.537+0000] {dag.py:3211} INFO - Sync 1 DAGs
[2026-08-12T05:12:14.563+0000] {logging_mixin.py:190} INFO - [2026-08-12T05:12:14.562+0000] {dag.py:4138} INFO - Setting next_dagrun for example_task_group to 2026-08-11 00:00:00+00:00, run_after=2026-08-12 00:00:00+00:00
[2026-08-12T05:12:14.589+0000] {processor.py:208} INFO - Processing /home/airflow/.local/lib/python3.12/site-packages/airflow/example_dags/example_task_group.py took 0.108 seconds
[2026-08-12T05:12:45.217+0000] {processor.py:186} INFO - Started process (PID=4965) to work on /home/airflow/.local/lib/python3.12/site-packages/airflow/example_dags/example_task_group.py
[2026-08-12T05:12:45.219+0000] {processor.py:914} INFO - Processing file /home/airflow/.local/lib/python3.12/site-packages/airflow/example_dags/example_task_group.py for tasks to queue
[2026-08-12T05:12:45.222+0000] {logging_mixin.py:190} INFO - [2026-08-12T05:12:45.221+0000] {dagbag.py:587} INFO - Filling up the DagBag from /home/airflow/.local/lib/python3.12/site-packages/airflow/example_dags/example_task_group.py
[2026-08-12T05:12:45.233+0000] {processor.py:925} INFO - DAG(s) 'example_task_group' retrieved from /home/airflow/.local/lib/python3.12/site-packages/airflow/example_dags/example_task_group.py
[2026-08-12T05:12:45.253+0000] {logging_mixin.py:190} INFO - [2026-08-12T05:12:45.253+0000] {dag.py:3211} INFO - Sync 1 DAGs
[2026-08-12T05:12:45.276+0000] {logging_mixin.py:190} INFO - [2026-08-12T05:12:45.276+0000] {dag.py:4138} INFO - Setting next_dagrun for example_task_group to 2026-08-11 00:00:00+00:00, run_after=2026-08-12 00:00:00+00:00
[2026-08-12T05:12:45.296+0000] {processor.py:208} INFO - Processing /home/airflow/.local/lib/python3.12/site-packages/airflow/example_dags/example_task_group.py took 0.086 seconds
[2026-08-12T05:13:15.600+0000] {processor.py:186} INFO - Started process (PID=5028) to work on /home/airflow/.local/lib/python3.12/site-packages/airflow/example_dags/example_task_group.py
[2026-08-12T05:13:15.602+0000] {processor.py:914} INFO - Processing file /home/airflow/.local/lib/python3.12/site-packages/airflow/example_dags/example_task_group.py for tasks to queue
[2026-08-12T05:13:15.607+0000] {logging_mixin.py:190} INFO - [2026-08-12T05:13:15.607+0000] {dagbag.py:587} INFO - Filling up the DagBag from /home/airflow/.local/lib/python3.12/site-packages/airflow/example_dags/example_task_group.py
[2026-08-12T05:13:15.620+0000] {processor.py:925} INFO - DAG(s) 'example_task_group' retrieved from /home/airflow/.local/lib/python3.12/site-packages/airflow/example_dags/example_task_group.py
[2026-08-12T05:13:15.651+0000] {logging_mixin.py:190} INFO - [2026-08-12T05:13:15.650+0000] {dag.py:3211} INFO - Sync 1 DAGs
[2026-08-12T05:13:15.677+0000] {logging_mixin.py:190} INFO - [2026-08-12T05:13:15.677+0000] {dag.py:4138} INFO - Setting next_dagrun for example_task_group to 2026-08-11 00:00:00+00:00, run_after=2026-08-12 00:00:00+00:00
[2026-08-12T05:13:15.698+0000] {processor.py:208} INFO - Processing /home/airflow/.local/lib/python3.12/site-packages/airflow/example_dags/example_task_group.py took 0.107 seconds
[2026-08-12T05:13:45.931+0000] {processor.py:186} INFO - Started process (PID=5091) to work on /home/airflow/.local/lib/python3.12/site-packages/airflow/example_dags/example_task_group.py
[2026-08-12T05:13:45.933+0000] {processor.py:914} INFO - Processing file /home/airflow/.local/lib/python3.12/site-packages/airflow/example_dags/example_task_group.py for tasks to queue
[2026-08-12T05:13:45.936+0000] {logging_mixin.py:190} INFO - [2026-08-12T05:13:45.936+0000] {dagbag.py:587} INFO - Filling up the DagBag from /home/airflow/.local/lib/python3.12/site-packages/airflow/example_dags/example_task_group.py
[2026-08-12T05:13:45.947+0000] {processor.py:925} INFO - DAG(s) 'example_task_group' retrieved from /home/airflow/.local/lib/python3.12/site-packages/airflow/example_dags/example_task_group.py
[2026-08-12T05:13:45.975+0000] {logging_mixin.py:190} INFO - [2026-08-12T05:13:45.975+0000] {dag.py:3211} INFO - Sync 1 DAGs
[2026-08-12T05:13:46.006+0000] {logging_mixin.py:190} INFO - [2026-08-12T05:13:46.006+0000] {dag.py:4138} INFO - Setting next_dagrun for example_task_group to 2026-08-11 00:00:00+00:00, run_after=2026-08-12 00:00:00+00:00
[2026-08-12T05:13:46.032+0000] {processor.py:208} INFO - Processing /home/airflow/.local/lib/python3.12/site-packages/airflow/example_dags/example_task_group.py took 0.108 seconds
[2026-08-12T05:14:16.541+0000] {processor.py:186} INFO - Started process (PID=5154) to work on /home/airflow/.local/lib/python3.12/site-packages/airflow/example_dags/example_task_group.py
[2026-08-12T05:14:16.543+0000] {processor.py:914} INFO - Processing file /home/airflow/.local/lib/python3.12/site-packages/airflow/example_dags/example_task_group.py for tasks to queue
[2026-08-12T05:14:16.546+0000] {logging_mixin.py:190} INFO - [2026-08-12T05:14:16.545+0000] {dagbag.py:587} INFO - Filling up the DagBag from /home/airflow/.local/lib/python3.12/site-packages/airflow/example_dags/example_task_group.py
[2026-08-12T05:14:16.556+0000] {processor.py:925} INFO - DAG(s) 'example_task_group' retrieved from /home/airflow/.local/lib/python3.12/site-packages/airflow/example_dags/example_task_group.py
[2026-08-12T05:14:16.576+0000] {logging_mixin.py:190} INFO - [2026-08-12T05:14:16.576+0000] {dag.py:3211} INFO - Sync 1 DAGs
[2026-08-12T05:14:16.598+0000] {logging_mixin.py:190} INFO - [2026-08-12T05:14:16.598+0000] {dag.py:4138} INFO - Setting next_dagrun for example_task_group to 2026-08-11 00:00:00+00:00, run_after=2026-08-12 00:00:00+00:00
[2026-08-12T05:14:16.621+0000] {processor.py:208} INFO - Processing /home/airflow/.local/lib/python3.12/site-packages/airflow/example_dags/example_task_group.py took 0.086 seconds
[2026-08-12T05:14:46.968+0000] {processor.py:186} INFO - Started process (PID=5217) to work on /home/airflow/.local/lib/python3.12/site-packages/airflow/example_dags/example_task_group.py
[2026-08-12T05:14:46.970+0000] {processor.py:914} INFO - Processing file /home/airflow/.local/lib/python3.12/site-packages/airflow/example_dags/example_task_group.py for tasks to queue
[2026-08-12T05:14:46.973+0000] {logging_mixin.py:190} INFO - [2026-08-12T05:14:46.973+0000] {dagbag.py:587} INFO - Filling up the DagBag from /home/airflow/.local/lib/python3.12/site-packages/airflow/example_dags/example_task_group.py
[2026-08-12T05:14:46.983+0000] {processor.py:925} INFO - DAG(s) 'example_task_group' retrieved from /home/airflow/.local/lib/python3.12/site-packages/airflow/example_dags/example_task_group.py
[2026-08-12T05:14:47.006+0000] {logging_mixin.py:190} INFO - [2026-08-12T05:14:47.006+0000] {dag.py:3211} INFO - Sync 1 DAGs
[2026-08-12T05:14:47.028+0000] {logging_mixin.py:190} INFO - [2026-08-12T05:14:47.028+0000] {dag.py:4138} INFO - Setting next_dagrun for example_task_group to 2026-08-11 00:00:00+00:00, run_after=2026-08-12 00:00:00+00:00
[2026-08-12T05:14:47.053+0000] {processor.py:208} INFO - Processing /home/airflow/.local/lib/python3.12/site-packages/airflow/example_dags/example_task_group.py took 0.090 seconds
[2026-08-12T05:15:17.872+0000] {processor.py:186} INFO - Started process (PID=5280) to work on /home/airflow/.local/lib/python3.12/site-packages/airflow/example_dags/example_task_group.py
[2026-08-12T05:15:17.874+0000] {processor.py:914} INFO - Processing file /home/airflow/.local/lib/python3.12/site-packages/airflow/example_dags/example_task_group.py for tasks to queue
[2026-08-12T05:15:17.877+0000] {logging_mixin.py:190} INFO - [2026-08-12T05:15:17.877+0000] {dagbag.py:587} INFO - Filling up the DagBag from /home/airflow/.local/lib/python3.12/site-packages/airflow/example_dags/example_task_group.py
[2026-08-12T05:15:17.887+0000] {processor.py:925} INFO - DAG(s) 'example_task_group' retrieved from /home/airflow/.local/lib/python3.12/site-packages/airflow/example_dags/example_task_group.py
[2026-08-12T05:15:17.911+0000] {logging_mixin.py:190} INFO - [2026-08-12T05:15:17.911+0000] {dag.py:3211} INFO - Sync 1 DAGs
[2026-08-12T05:15:17.936+0000] {logging_mixin.py:190} INFO - [2026-08-12T05:15:17.936+0000] {dag.py:4138} INFO - Setting next_dagrun for example_task_group to 2026-08-11 00:00:00+00:00, run_after=2026-08-12 00:00:00+00:00
[2026-08-12T05:15:17.958+0000] {processor.py:208} INFO - Processing /home/airflow/.local/lib/python3.12/site-packages/airflow/example_dags/example_task_group.py took 0.094 seconds
[2026-08-12T05:15:48.146+0000] {processor.py:186} INFO - Started process (PID=5343) to work on /home/airflow/.local/lib/python3.12/site-packages/airflow/example_dags/example_task_group.py
[2026-08-12T05:15:48.148+0000] {processor.py:914} INFO - Processing file /home/airflow/.local/lib/python3.12/site-packages/airflow/example_dags/example_task_group.py for tasks to queue
[2026-08-12T05:15:48.153+0000] {logging_mixin.py:190} INFO - [2026-08-12T05:15:48.152+0000] {dagbag.py:587} INFO - Filling up the DagBag from /home/airflow/.local/lib/python3.12/site-packages/airflow/example_dags/example_task_group.py
[2026-08-12T05:15:48.169+0000] {processor.py:925} INFO - DAG(s) 'example_task_group' retrieved from /home/airflow/.local/lib/python3.12/site-packages/airflow/example_dags/example_task_group.py
[2026-08-12T05:15:48.205+0000] {logging_mixin.py:190} INFO - [2026-08-12T05:15:48.205+0000] {dag.py:3211} INFO - Sync 1 DAGs
[2026-08-12T05:15:48.251+0000] {logging_mixin.py:190} INFO - [2026-08-12T05:15:48.250+0000] {dag.py:4138} INFO - Setting next_dagrun for example_task_group to 2026-08-11 00:00:00+00:00, run_after=2026-08-12 00:00:00+00:00
[2026-08-12T05:15:48.289+0000] {processor.py:208} INFO - Processing /home/airflow/.local/lib/python3.12/site-packages/airflow/example_dags/example_task_group.py took 0.149 seconds
[2026-08-12T05:16:18.951+0000] {processor.py:186} INFO - Started process (PID=5406) to work on /home/airflow/.local/lib/python3.12/site-packages/airflow/example_dags/example_task_group.py
[2026-08-12T05:16:18.953+0000] {processor.py:914} INFO - Processing file /home/airflow/.local/lib/python3.12/site-packages/airflow/example_dags/example_task_group.py for tasks to queue
[2026-08-12T05:16:18.956+0000] {logging_mixin.py:190} INFO - [2026-08-12T05:16:18.956+0000] {dagbag.py:587} INFO - Filling up the DagBag from /home/airflow/.local/lib/python3.12/site-packages/airflow/example_dags/example_task_group.py
[2026-08-12T05:16:18.965+0000] {processor.py:925} INFO - DAG(s) 'example_task_group' retrieved from /home/airflow/.local/lib/python3.12/site-packages/airflow/example_dags/example_task_group.py
[2026-08-12T05:16:18.988+0000] {logging_mixin.py:190} INFO - [2026-08-12T05:16:18.988+0000] {dag.py:3211} INFO - Sync 1 DAGs
[2026-08-12T05:16:19.009+0000] {logging_mixin.py:190} INFO - [2026-08-12T05:16:19.009+0000] {dag.py:4138} INFO - Setting next_dagrun for example_task_group to 2026-08-11 00:00:00+00:00, run_after=2026-08-12 00:00:00+00:00
[2026-08-12T05:16:19.031+0000] {processor.py:208} INFO - Processing /home/airflow/.local/lib/python3.12/site-packages/airflow/example_dags/example_task_group.py took 0.085 seconds
[2026-08-12T05:16:49.533+0000] {processor.py:186} INFO - Started process (PID=5469) to work on /home/airflow/.local/lib/python3.12/site-packages/airflow/example_dags/example_task_group.py
[2026-08-12T05:16:49.534+0000] {processor.py:914} INFO - Processing file /home/airflow/.local/lib/python3.12/site-packages/airflow/example_dags/example_task_group.py for tasks to queue
[2026-08-12T05:16:49.537+0000] {logging_mixin.py:190} INFO - [2026-08-12T05:16:49.537+0000] {dagbag.py:587} INFO - Filling up the DagBag from /home/airflow/.local/lib/python3.12/site-packages/airflow/example_dags/example_task_group.py
[2026-08-12T05:16:49.547+0000] {processor.py:925} INFO - DAG(s) 'example_task_group' retrieved from /home/airflow/.local/lib/python3.12/site-packages/airflow/example_dags/example_task_group.py
[2026-08-12T05:16:49.570+0000] {logging_mixin.py:190} INFO - [2026-08-12T05:16:49.570+0000] {dag.py:3211} INFO - Sync 1 DAGs
[2026-08-12T05:16:49.593+0000] {logging_mixin.py:190} INFO - [2026-08-12T05:16:49.593+0000] {dag.py:4138} INFO - Setting next_dagrun for example_task_group to 2026-08-11 00:00:00+00:00, run_after=2026-08-12 00:00:00+00:00
[2026-08-12T05:16:49.615+0000] {processor.py:208} INFO - Processing /home/airflow/.local/lib/python3.12/site-packages/airflow/example_dags/example_task_group.py took 0.087 seconds
[2026-08-12T05:17:20.080+0000] {processor.py:186} INFO - Started process (PID=5532) to work on /home/airflow/.local/lib/python3.12/site-packages/airflow/example_dags/example_task_group.py
[2026-08-12T05:17:20.082+0000] {processor.py:914} INFO - Processing file /home/airflow/.local/lib/python3.12/site-packages/airflow/example_dags/example_task_group.py for tasks to queue
[2026-08-12T05:17:20.085+0000] {logging_mixin.py:190} INFO - [2026-08-12T05:17:20.085+0000] {dagbag.py:587} INFO - Filling up the DagBag from /home/airflow/.local/lib/python3.12/site-packages/airflow/example_dags/example_task_group.py
[2026-08-12T05:17:20.098+0000] {processor.py:925} INFO - DAG(s) 'example_task_group' retrieved from /home/airflow/.local/lib/python3.12/site-packages/airflow/example_dags/example_task_group.py
[2026-08-12T05:17:20.124+0000] {logging_mixin.py:190} INFO - [2026-08-12T05:17:20.123+0000] {dag.py:3211} INFO - Sync 1 DAGs
[2026-08-12T05:17:20.150+0000] {logging_mixin.py:190} INFO - [2026-08-12T05:17:20.150+0000] {dag.py:4138} INFO - Setting next_dagrun for example_task_group to 2026-08-11 00:00:00+00:00, run_after=2026-08-12 00:00:00+00:00
[2026-08-12T05:17:20.171+0000] {processor.py:208} INFO - Processing /home/airflow/.local/lib/python3.12/site-packages/airflow/example_dags/example_task_group.py took 0.098 seconds
[2026-08-12T05:17:50.882+0000] {processor.py:186} INFO - Started process (PID=5595) to work on /home/airflow/.local/lib/python3.12/site-packages/airflow/example_dags/example_task_group.py
[2026-08-12T05:17:50.884+0000] {processor.py:914} INFO - Processing file /home/airflow/.local/lib/python3.12/site-packages/airflow/example_dags/example_task_group.py for tasks to queue
[2026-08-12T05:17:50.888+0000] {logging_mixin.py:190} INFO - [2026-08-12T05:17:50.888+0000] {dagbag.py:587} INFO - Filling up the DagBag from /home/airflow/.local/lib/python3.12/site-packages/airflow/example_dags/example_task_group.py
[2026-08-12T05:17:50.902+0000] {processor.py:925} INFO - DAG(s) 'example_task_group' retrieved from /home/airflow/.local/lib/python3.12/site-packages/airflow/example_dags/example_task_group.py
[2026-08-12T05:17:50.928+0000] {logging_mixin.py:190} INFO - [2026-08-12T05:17:50.928+0000] {dag.py:3211} INFO - Sync 1 DAGs
[2026-08-12T05:17:50.962+0000] {logging_mixin.py:190} INFO - [2026-08-12T05:17:50.962+0000] {dag.py:4138} INFO - Setting next_dagrun for example_task_group to 2026-08-11 00:00:00+00:00, run_after=2026-08-12 00:00:00+00:00
[2026-08-12T05:17:50.984+0000] {processor.py:208} INFO - Processing /home/airflow/.local/lib/python3.12/site-packages/airflow/example_dags/example_task_group.py took 0.110 seconds
[2026-08-12T05:18:21.690+0000] {processor.py:186} INFO - Started process (PID=5658) to work on /home/airflow/.local/lib/python3.12/site-packages/airflow/example_dags/example_task_group.py
[2026-08-12T05:18:21.692+0000] {processor.py:914} INFO - Processing file /home/airflow/.local/lib/python3.12/site-packages/airflow/example_dags/example_task_group.py for tasks to queue
[2026-08-12T05:18:21.695+0000] {logging_mixin.py:190} INFO - [2026-08-12T05:18:21.695+0000] {dagbag.py:587} INFO - Filling up the DagBag from /home/airflow/.local/lib/python3.12/site-packages/airflow/example_dags/example_task_group.py
[2026-08-12T05:18:21.708+0000] {processor.py:925} INFO - DAG(s) 'example_task_group' retrieved from /home/airflow/.local/lib/python3.12/site-packages/airflow/example_dags/example_task_group.py
[2026-08-12T05:18:21.732+0000] {logging_mixin.py:190} INFO - [2026-08-12T05:18:21.732+0000] {dag.py:3211} INFO - Sync 1 DAGs
[2026-08-12T05:18:21.763+0000] {logging_mixin.py:190} INFO - [2026-08-12T05:18:21.763+0000] {dag.py:4138} INFO - Setting next_dagrun for example_task_group to 2026-08-11 00:00:00+00:00, run_after=2026-08-12 00:00:00+00:00
[2026-08-12T05:18:21.789+0000] {processor.py:208} INFO - Processing /home/airflow/.local/lib/python3.12/site-packages/airflow/example_dags/example_task_group.py took 0.107 seconds
[2026-08-12T05:18:52.066+0000] {processor.py:186} INFO - Started process (PID=5721) to work on /home/airflow/.local/lib/python3.12/site-packages/airflow/example_dags/example_task_group.py
[2026-08-12T05:18:52.069+0000] {processor.py:914} INFO - Processing file /home/airflow/.local/lib/python3.12/site-packages/airflow/example_dags/example_task_group.py for tasks to queue
[2026-08-12T05:18:52.076+0000] {logging_mixin.py:190} INFO - [2026-08-12T05:18:52.075+0000] {dagbag.py:587} INFO - Filling up the DagBag from /home/airflow/.local/lib/python3.12/site-packages/airflow/example_dags/example_task_group.py
[2026-08-12T05:18:52.098+0000] {processor.py:925} INFO - DAG(s) 'example_task_group' retrieved from /home/airflow/.local/lib/python3.12/site-packages/airflow/example_dags/example_task_group.py
[2026-08-12T05:18:52.151+0000] {logging_mixin.py:190} INFO - [2026-08-12T05:18:52.151+0000] {dag.py:3211} INFO - Sync 1 DAGs
[2026-08-12T05:18:52.213+0000] {logging_mixin.py:190} INFO - [2026-08-12T05:18:52.213+0000] {dag.py:4138} INFO - Setting next_dagrun for example_task_group to 2026-08-11 00:00:00+00:00, run_after=2026-08-12 00:00:00+00:00
[2026-08-12T05:18:52.285+0000] {processor.py:208} INFO - Processing /home/airflow/.local/lib/python3.12/site-packages/airflow/example_dags/example_task_group.py took 0.234 seconds
[2026-08-12T05:19:23.336+0000] {processor.py:186} INFO - Started process (PID=5785) to work on /home/airflow/.local/lib/python3.12/site-packages/airflow/example_dags/example_task_group.py
[2026-08-12T05:19:23.340+0000] {processor.py:914} INFO - Processing file /home/airflow/.local/lib/python3.12/site-packages/airflow/example_dags/example_task_group.py for tasks to queue
[2026-08-12T05:19:23.346+0000] {logging_mixin.py:190} INFO - [2026-08-12T05:19:23.345+0000] {dagbag.py:587} INFO - Filling up the DagBag from /home/airflow/.local/lib/python3.12/site-packages/airflow/example_dags/example_task_group.py
[2026-08-12T05:19:23.368+0000] {processor.py:925} INFO - DAG(s) 'example_task_group' retrieved from /home/airflow/.local/lib/python3.12/site-packages/airflow/example_dags/example_task_group.py
[2026-08-12T05:19:23.425+0000] {logging_mixin.py:190} INFO - [2026-08-12T05:19:23.425+0000] {dag.py:3211} INFO - Sync 1 DAGs
[2026-08-12T05:19:23.503+0000] {logging_mixin.py:190} INFO - [2026-08-12T05:19:23.503+0000] {dag.py:4138} INFO - Setting next_dagrun for example_task_group to 2026-08-11 00:00:00+00:00, run_after=2026-08-12 00:00:00+00:00
[2026-08-12T05:19:23.557+0000] {processor.py:208} INFO - Processing /home/airflow/.local/lib/python3.12/site-packages/airflow/example_dags/example_task_group.py took 0.237 seconds
[2026-08-12T05:19:54.998+0000] {processor.py:186} INFO - Started process (PID=5848) to work on /home/airflow/.local/lib/python3.12/site-packages/airflow/example_dags/example_task_group.py
[2026-08-12T05:19:55.008+0000] {processor.py:914} INFO - Processing file /home/airflow/.local/lib/python3.12/site-packages/airflow/example_dags/example_task_group.py for tasks to queue
[2026-08-12T05:19:55.045+0000] {logging_mixin.py:190} INFO - [2026-08-12T05:19:55.044+0000] {dagbag.py:587} INFO - Filling up the DagBag from /home/airflow/.local/lib/python3.12/site-packages/airflow/example_dags/example_task_group.py
[2026-08-12T05:19:55.144+0000] {processor.py:925} INFO - DAG(s) 'example_task_group' retrieved from /home/airflow/.local/lib/python3.12/site-packages/airflow/example_dags/example_task_group.py
[2026-08-12T05:19:55.313+0000] {logging_mixin.py:190} INFO - [2026-08-12T05:19:55.313+0000] {dag.py:3211} INFO - Sync 1 DAGs
[2026-08-12T05:19:55.401+0000] {logging_mixin.py:190} INFO - [2026-08-12T05:19:55.400+0000] {dag.py:4138} INFO - Setting next_dagrun for example_task_group to 2026-08-11 00:00:00+00:00, run_after=2026-08-12 00:00:00+00:00
[2026-08-12T05:19:56.090+0000] {processor.py:208} INFO - Processing /home/airflow/.local/lib/python3.12/site-packages/airflow/example_dags/example_task_group.py took 1.111 seconds
[2026-08-12T05:20:26.923+0000] {processor.py:186} INFO - Started process (PID=5911) to work on /home/airflow/.local/lib/python3.12/site-packages/airflow/example_dags/example_task_group.py
[2026-08-12T05:20:26.926+0000] {processor.py:914} INFO - Processing file /home/airflow/.local/lib/python3.12/site-packages/airflow/example_dags/example_task_group.py for tasks to queue
[2026-08-12T05:20:26.937+0000] {logging_mixin.py:190} INFO - [2026-08-12T05:20:26.936+0000] {dagbag.py:587} INFO - Filling up the DagBag from /home/airflow/.local/lib/python3.12/site-packages/airflow/example_dags/example_task_group.py
[2026-08-12T05:20:26.974+0000] {processor.py:925} INFO - DAG(s) 'example_task_group' retrieved from /home/airflow/.local/lib/python3.12/site-packages/airflow/example_dags/example_task_group.py
[2026-08-12T05:20:27.104+0000] {logging_mixin.py:190} INFO - [2026-08-12T05:20:27.103+0000] {dag.py:3211} INFO - Sync 1 DAGs
[2026-08-12T05:20:27.315+0000] {logging_mixin.py:190} INFO - [2026-08-12T05:20:27.314+0000] {dag.py:4138} INFO - Setting next_dagrun for example_task_group to 2026-08-11 00:00:00+00:00, run_after=2026-08-12 00:00:00+00:00
[2026-08-12T05:20:27.460+0000] {processor.py:208} INFO - Processing /home/airflow/.local/lib/python3.12/site-packages/airflow/example_dags/example_task_group.py took 0.556 seconds
[2026-08-12T05:20:58.374+0000] {processor.py:186} INFO - Started process (PID=5975) to work on /home/airflow/.local/lib/python3.12/site-packages/airflow/example_dags/example_task_group.py
[2026-08-12T05:20:58.377+0000] {processor.py:914} INFO - Processing file /home/airflow/.local/lib/python3.12/site-packages/airflow/example_dags/example_task_group.py for tasks to queue
[2026-08-12T05:20:58.385+0000] {logging_mixin.py:190} INFO - [2026-08-12T05:20:58.384+0000] {dagbag.py:587} INFO - Filling up the DagBag from /home/airflow/.local/lib/python3.12/site-packages/airflow/example_dags/example_task_group.py
[2026-08-12T05:20:58.413+0000] {processor.py:925} INFO - DAG(s) 'example_task_group' retrieved from /home/airflow/.local/lib/python3.12/site-packages/airflow/example_dags/example_task_group.py
[2026-08-12T05:20:58.500+0000] {logging_mixin.py:190} INFO - [2026-08-12T05:20:58.499+0000] {dag.py:3211} INFO - Sync 1 DAGs
[2026-08-12T05:20:58.574+0000] {logging_mixin.py:190} INFO - [2026-08-12T05:20:58.574+0000] {dag.py:4138} INFO - Setting next_dagrun for example_task_group to 2026-08-11 00:00:00+00:00, run_after=2026-08-12 00:00:00+00:00
[2026-08-12T05:20:58.683+0000] {processor.py:208} INFO - Processing /home/airflow/.local/lib/python3.12/site-packages/airflow/example_dags/example_task_group.py took 0.325 seconds
[2026-08-12T05:21:28.916+0000] {processor.py:186} INFO - Started process (PID=6039) to work on /home/airflow/.local/lib/python3.12/site-packages/airflow/example_dags/example_task_group.py
[2026-08-12T05:21:28.918+0000] {processor.py:914} INFO - Processing file /home/airflow/.local/lib/python3.12/site-packages/airflow/example_dags/example_task_group.py for tasks to queue
[2026-08-12T05:21:28.923+0000] {logging_mixin.py:190} INFO - [2026-08-12T05:21:28.922+0000] {dagbag.py:587} INFO - Filling up the DagBag from /home/airflow/.local/lib/python3.12/site-packages/airflow/example_dags/example_task_group.py
[2026-08-12T05:21:28.935+0000] {processor.py:925} INFO - DAG(s) 'example_task_group' retrieved from /home/airflow/.local/lib/python3.12/site-packages/airflow/example_dags/example_task_group.py
[2026-08-12T05:21:28.971+0000] {logging_mixin.py:190} INFO - [2026-08-12T05:21:28.971+0000] {dag.py:3211} INFO - Sync 1 DAGs
[2026-08-12T05:21:28.996+0000] {logging_mixin.py:190} INFO - [2026-08-12T05:21:28.996+0000] {dag.py:4138} INFO - Setting next_dagrun for example_task_group to 2026-08-11 00:00:00+00:00, run_after=2026-08-12 00:00:00+00:00
[2026-08-12T05:21:29.018+0000] {processor.py:208} INFO - Processing /home/airflow/.local/lib/python3.12/site-packages/airflow/example_dags/example_task_group.py took 0.111 seconds
[2026-08-12T05:21:59.149+0000] {processor.py:186} INFO - Started process (PID=6103) to work on /home/airflow/.local/lib/python3.12/site-packages/airflow/example_dags/example_task_group.py
[2026-08-12T05:21:59.151+0000] {processor.py:914} INFO - Processing file /home/airflow/.local/lib/python3.12/site-packages/airflow/example_dags/example_task_group.py for tasks to queue
[2026-08-12T05:21:59.154+0000] {logging_mixin.py:190} INFO - [2026-08-12T05:21:59.154+0000] {dagbag.py:587} INFO - Filling up the DagBag from /home/airflow/.local/lib/python3.12/site-packages/airflow/example_dags/example_task_group.py
[2026-08-12T05:21:59.169+0000] {processor.py:925} INFO - DAG(s) 'example_task_group' retrieved from /home/airflow/.local/lib/python3.12/site-packages/airflow/example_dags/example_task_group.py
[2026-08-12T05:21:59.209+0000] {logging_mixin.py:190} INFO - [2026-08-12T05:21:59.208+0000] {dag.py:3211} INFO - Sync 1 DAGs
[2026-08-12T05:21:59.243+0000] {logging_mixin.py:190} INFO - [2026-08-12T05:21:59.243+0000] {dag.py:4138} INFO - Setting next_dagrun for example_task_group to 2026-08-11 00:00:00+00:00, run_after=2026-08-12 00:00:00+00:00
[2026-08-12T05:21:59.273+0000] {processor.py:208} INFO - Processing /home/airflow/.local/lib/python3.12/site-packages/airflow/example_dags/example_task_group.py took 0.132 seconds
[2026-08-12T05:22:29.679+0000] {processor.py:186} INFO - Started process (PID=6167) to work on /home/airflow/.local/lib/python3.12/site-packages/airflow/example_dags/example_task_group.py
[2026-08-12T05:22:29.681+0000] {processor.py:914} INFO - Processing file /home/airflow/.local/lib/python3.12/site-packages/airflow/example_dags/example_task_group.py for tasks to queue
[2026-08-12T05:22:29.685+0000] {logging_mixin.py:190} INFO - [2026-08-12T05:22:29.684+0000] {dagbag.py:587} INFO - Filling up the DagBag from /home/airflow/.local/lib/python3.12/site-packages/airflow/example_dags/example_task_group.py
[2026-08-12T05:22:29.698+0000] {processor.py:925} INFO - DAG(s) 'example_task_group' retrieved from /home/airflow/.local/lib/python3.12/site-packages/airflow/example_dags/example_task_group.py
[2026-08-12T05:22:29.722+0000] {logging_mixin.py:190} INFO - [2026-08-12T05:22:29.722+0000] {dag.py:3211} INFO - Sync 1 DAGs
[2026-08-12T05:22:29.748+0000] {logging_mixin.py:190} INFO - [2026-08-12T05:22:29.747+0000] {dag.py:4138} INFO - Setting next_dagrun for example_task_group to 2026-08-11 00:00:00+00:00, run_after=2026-08-12 00:00:00+00:00
[2026-08-12T05:22:29.773+0000] {processor.py:208} INFO - Processing /home/airflow/.local/lib/python3.12/site-packages/airflow/example_dags/example_task_group.py took 0.101 seconds
[2026-08-12T05:23:00.312+0000] {processor.py:186} INFO - Started process (PID=6231) to work on /home/airflow/.local/lib/python3.12/site-packages/airflow/example_dags/example_task_group.py
[2026-08-12T05:23:00.313+0000] {processor.py:914} INFO - Processing file /home/airflow/.local/lib/python3.12/site-packages/airflow/example_dags/example_task_group.py for tasks to queue
[2026-08-12T05:23:00.317+0000] {logging_mixin.py:190} INFO - [2026-08-12T05:23:00.316+0000] {dagbag.py:587} INFO - Filling up the DagBag from /home/airflow/.local/lib/python3.12/site-packages/airflow/example_dags/example_task_group.py
[2026-08-12T05:23:00.326+0000] {processor.py:925} INFO - DAG(s) 'example_task_group' retrieved from /home/airflow/.local/lib/python3.12/site-packages/airflow/example_dags/example_task_group.py
[2026-08-12T05:23:00.351+0000] {logging_mixin.py:190} INFO - [2026-08-12T05:23:00.350+0000] {dag.py:3211} INFO - Sync 1 DAGs
[2026-08-12T05:23:00.372+0000] {logging_mixin.py:190} INFO - [2026-08-12T05:23:00.371+0000] {dag.py:4138} INFO - Setting next_dagrun for example_task_group to 2026-08-11 00:00:00+00:00, run_after=2026-08-12 00:00:00+00:00
[2026-08-12T05:23:00.406+0000] {processor.py:208} INFO - Processing /home/airflow/.local/lib/python3.12/site-packages/airflow/example_dags/example_task_group.py took 0.101 seconds
[2026-08-12T05:23:30.518+0000] {processor.py:186} INFO - Started process (PID=6295) to work on /home/airflow/.local/lib/python3.12/site-packages/airflow/example_dags/example_task_group.py
[2026-08-12T05:23:30.519+0000] {processor.py:914} INFO - Processing file /home/airflow/.local/lib/python3.12/site-packages/airflow/example_dags/example_task_group.py for tasks to queue
[2026-08-12T05:23:30.523+0000] {logging_mixin.py:190} INFO - [2026-08-12T05:23:30.523+0000] {dagbag.py:587} INFO - Filling up the DagBag from /home/airflow/.local/lib/python3.12/site-packages/airflow/example_dags/example_task_group.py
[2026-08-12T05:23:30.534+0000] {processor.py:925} INFO - DAG(s) 'example_task_group' retrieved from /home/airflow/.local/lib/python3.12/site-packages/airflow/example_dags/example_task_group.py
[2026-08-12T05:23:30.557+0000] {logging_mixin.py:190} INFO - [2026-08-12T05:23:30.557+0000] {dag.py:3211} INFO - Sync 1 DAGs
[2026-08-12T05:23:30.581+0000] {logging_mixin.py:190} INFO - [2026-08-12T05:23:30.580+0000] {dag.py:4138} INFO - Setting next_dagrun for example_task_group to 2026-08-11 00:00:00+00:00, run_after=2026-08-12 00:00:00+00:00
[2026-08-12T05:23:30.607+0000] {processor.py:208} INFO - Processing /home/airflow/.local/lib/python3.12/site-packages/airflow/example_dags/example_task_group.py took 0.097 seconds
[2026-08-12T05:24:00.771+0000] {processor.py:186} INFO - Started process (PID=6358) to work on /home/airflow/.local/lib/python3.12/site-packages/airflow/example_dags/example_task_group.py
[2026-08-12T05:24:00.773+0000] {processor.py:914} INFO - Processing file /home/airflow/.local/lib/python3.12/site-packages/airflow/example_dags/example_task_group.py for tasks to queue
[2026-08-12T05:24:00.777+0000] {logging_mixin.py:190} INFO - [2026-08-12T05:24:00.777+0000] {dagbag.py:587} INFO - Filling up the DagBag from /home/airflow/.local/lib/python3.12/site-packages/airflow/example_dags/example_task_group.py
[2026-08-12T05:24:00.788+0000] {processor.py:925} INFO - DAG(s) 'example_task_group' retrieved from /home/airflow/.local/lib/python3.12/site-packages/airflow/example_dags/example_task_group.py
[2026-08-12T05:24:00.822+0000] {logging_mixin.py:190} INFO - [2026-08-12T05:24:00.822+0000] {dag.py:3211} INFO - Sync 1 DAGs
[2026-08-12T05:24:00.859+0000] {logging_mixin.py:190} INFO - [2026-08-12T05:24:00.858+0000] {dag.py:4138} INFO - Setting next_dagrun for example_task_group to 2026-08-11 00:00:00+00:00, run_after=2026-08-12 00:00:00+00:00
[2026-08-12T05:24:00.887+0000] {processor.py:208} INFO - Processing /home/airflow/.local/lib/python3.12/site-packages/airflow/example_dags/example_task_group.py took 0.123 seconds
[2026-08-12T05:24:31.438+0000] {processor.py:186} INFO - Started process (PID=6421) to work on /home/airflow/.local/lib/python3.12/site-packages/airflow/example_dags/example_task_group.py
[2026-08-12T05:24:31.440+0000] {processor.py:914} INFO - Processing file /home/airflow/.local/lib/python3.12/site-packages/airflow/example_dags/example_task_group.py for tasks to queue
[2026-08-12T05:24:31.444+0000] {logging_mixin.py:190} INFO - [2026-08-12T05:24:31.444+0000] {dagbag.py:587} INFO - Filling up the DagBag from /home/airflow/.local/lib/python3.12/site-packages/airflow/example_dags/example_task_group.py
[2026-08-12T05:24:31.456+0000] {processor.py:925} INFO - DAG(s) 'example_task_group' retrieved from /home/airflow/.local/lib/python3.12/site-packages/airflow/example_dags/example_task_group.py
[2026-08-12T05:24:31.482+0000] {logging_mixin.py:190} INFO - [2026-08-12T05:24:31.482+0000] {dag.py:3211} INFO - Sync 1 DAGs
[2026-08-12T05:24:31.507+0000] {logging_mixin.py:190} INFO - [2026-08-12T05:24:31.507+0000] {dag.py:4138} INFO - Setting next_dagrun for example_task_group to 2026-08-11 00:00:00+00:00, run_after=2026-08-12 00:00:00+00:00
[2026-08-12T05:24:31.543+0000] {processor.py:208} INFO - Processing /home/airflow/.local/lib/python3.12/site-packages/airflow/example_dags/example_task_group.py took 0.112 seconds
[2026-08-12T05:25:01.767+0000] {processor.py:186} INFO - Started process (PID=6485) to work on /home/airflow/.local/lib/python3.12/site-packages/airflow/example_dags/example_task_group.py
[2026-08-12T05:25:01.769+0000] {processor.py:914} INFO - Processing file /home/airflow/.local/lib/python3.12/site-packages/airflow/example_dags/example_task_group.py for tasks to queue
[2026-08-12T05:25:01.772+0000] {logging_mixin.py:190} INFO - [2026-08-12T05:25:01.772+0000] {dagbag.py:587} INFO - Filling up the DagBag from /home/airflow/.local/lib/python3.12/site-packages/airflow/example_dags/example_task_group.py
[2026-08-12T05:25:01.782+0000] {processor.py:925} INFO - DAG(s) 'example_task_group' retrieved from /home/airflow/.local/lib/python3.12/site-packages/airflow/example_dags/example_task_group.py
[2026-08-12T05:25:01.805+0000] {logging_mixin.py:190} INFO - [2026-08-12T05:25:01.804+0000] {dag.py:3211} INFO - Sync 1 DAGs
[2026-08-12T05:25:01.830+0000] {logging_mixin.py:190} INFO - [2026-08-12T05:25:01.829+0000] {dag.py:4138} INFO - Setting next_dagrun for example_task_group to 2026-08-11 00:00:00+00:00, run_after=2026-08-12 00:00:00+00:00
[2026-08-12T05:25:01.862+0000] {processor.py:208} INFO - Processing /home/airflow/.local/lib/python3.12/site-packages/airflow/example_dags/example_task_group.py took 0.104 seconds
[2026-08-12T05:25:32.307+0000] {processor.py:186} INFO - Started process (PID=6548) to work on /home/airflow/.local/lib/python3.12/site-packages/airflow/example_dags/example_task_group.py
[2026-08-12T05:25:32.309+0000] {processor.py:914} INFO - Processing file /home/airflow/.local/lib/python3.12/site-packages/airflow/example_dags/example_task_group.py for tasks to queue
[2026-08-12T05:25:32.314+0000] {logging_mixin.py:190} INFO - [2026-08-12T05:25:32.313+0000] {dagbag.py:587} INFO - Filling up the DagBag from /home/airflow/.local/lib/python3.12/site-packages/airflow/example_dags/example_task_group.py
[2026-08-12T05:25:32.328+0000] {processor.py:925} INFO - DAG(s) 'example_task_group' retrieved from /home/airflow/.local/lib/python3.12/site-packages/airflow/example_dags/example_task_group.py
[2026-08-12T05:25:32.358+0000] {logging_mixin.py:190} INFO - [2026-08-12T05:25:32.358+0000] {dag.py:3211} INFO - Sync 1 DAGs
[2026-08-12T05:25:32.388+0000] {logging_mixin.py:190} INFO - [2026-08-12T05:25:32.388+0000] {dag.py:4138} INFO - Setting next_dagrun for example_task_group to 2026-08-11 00:00:00+00:00, run_after=2026-08-12 00:00:00+00:00
[2026-08-12T05:25:32.410+0000] {processor.py:208} INFO - Processing /home/airflow/.local/lib/python3.12/site-packages/airflow/example_dags/example_task_group.py took 0.111 seconds
