[2026-08-12T04:30:52.716+0000] {processor.py:186} INFO - Started process (PID=103) to work on /home/airflow/.local/lib/python3.12/site-packages/airflow/example_dags/example_workday_timetable.py
[2026-08-12T04:30:52.719+0000] {processor.py:914} INFO - Processing file /home/airflow/.local/lib/python3.12/site-packages/airflow/example_dags/example_workday_timetable.py for tasks to queue
[2026-08-12T04:30:52.729+0000] {logging_mixin.py:190} INFO - [2026-08-12T04:30:52.729+0000] {dagbag.py:587} INFO - Filling up the DagBag from /home/airflow/.local/lib/python3.12/site-packages/airflow/example_dags/example_workday_timetable.py
[2026-08-12T04:30:52.752+0000] {processor.py:925} INFO - DAG(s) 'example_workday_timetable' retrieved from /home/airflow/.local/lib/python3.12/site-packages/airflow/example_dags/example_workday_timetable.py
[2026-08-12T04:30:53.092+0000] {logging_mixin.py:190} INFO - [2026-08-12T04:30:53.090+0000] {override.py:1858} INFO - Created Permission View: can edit on DAG:example_workday_timetable
[2026-08-12T04:30:53.113+0000] {logging_mixin.py:190} INFO - [2026-08-12T04:30:53.112+0000] {override.py:1858} INFO - Created Permission View: can delete on DAG:example_workday_timetable
[2026-08-12T04:30:53.122+0000] {logging_mixin.py:190} INFO - [2026-08-12T04:30:53.122+0000] {override.py:1858} INFO - Created Permission View: can read on DAG:example_workday_timetable
[2026-08-12T04:30:53.124+0000] {logging_mixin.py:190} INFO - [2026-08-12T04:30:53.124+0000] {dag.py:3211} INFO - Sync 1 DAGs
[2026-08-12T04:30:53.148+0000] {logging_mixin.py:190} INFO - [2026-08-12T04:30:53.147+0000] {dag.py:3234} INFO - Creating ORM DAG for example_workday_timetable
[2026-08-12T04:30:53.214+0000] {logging_mixin.py:190} INFO - [2026-08-12T04:30:53.214+0000] {dag.py:4138} INFO - Setting next_dagrun for example_workday_timetable to 2021-01-04 00:00:00+00:00, run_after=2021-01-05 00:00:00+00:00
[2026-08-12T04:30:53.237+0000] {processor.py:208} INFO - Processing /home/airflow/.local/lib/python3.12/site-packages/airflow/example_dags/example_workday_timetable.py took 0.541 seconds
[2026-08-12T04:31:23.280+0000] {processor.py:186} INFO - Started process (PID=165) to work on /home/airflow/.local/lib/python3.12/site-packages/airflow/example_dags/example_workday_timetable.py
[2026-08-12T04:31:23.281+0000] {processor.py:914} INFO - Processing file /home/airflow/.local/lib/python3.12/site-packages/airflow/example_dags/example_workday_timetable.py for tasks to queue
[2026-08-12T04:31:23.284+0000] {logging_mixin.py:190} INFO - [2026-08-12T04:31:23.284+0000] {dagbag.py:587} INFO - Filling up the DagBag from /home/airflow/.local/lib/python3.12/site-packages/airflow/example_dags/example_workday_timetable.py
[2026-08-12T04:31:23.290+0000] {processor.py:925} INFO - DAG(s) 'example_workday_timetable' retrieved from /home/airflow/.local/lib/python3.12/site-packages/airflow/example_dags/example_workday_timetable.py
[2026-08-12T04:31:23.310+0000] {logging_mixin.py:190} INFO - [2026-08-12T04:31:23.309+0000] {dag.py:3211} INFO - Sync 1 DAGs
[2026-08-12T04:31:23.358+0000] {logging_mixin.py:190} INFO - [2026-08-12T04:31:23.358+0000] {dag.py:4138} INFO - Setting next_dagrun for example_workday_timetable to 2021-01-04 00:00:00+00:00, run_after=2021-01-05 00:00:00+00:00
[2026-08-12T04:31:23.378+0000] {processor.py:208} INFO - Processing /home/airflow/.local/lib/python3.12/site-packages/airflow/example_dags/example_workday_timetable.py took 0.104 seconds
[2026-08-12T04:31:53.453+0000] {processor.py:186} INFO - Started process (PID=227) to work on /home/airflow/.local/lib/python3.12/site-packages/airflow/example_dags/example_workday_timetable.py
[2026-08-12T04:31:53.455+0000] {processor.py:914} INFO - Processing file /home/airflow/.local/lib/python3.12/site-packages/airflow/example_dags/example_workday_timetable.py for tasks to queue
[2026-08-12T04:31:53.458+0000] {logging_mixin.py:190} INFO - [2026-08-12T04:31:53.457+0000] {dagbag.py:587} INFO - Filling up the DagBag from /home/airflow/.local/lib/python3.12/site-packages/airflow/example_dags/example_workday_timetable.py
[2026-08-12T04:31:53.463+0000] {processor.py:925} INFO - DAG(s) 'example_workday_timetable' retrieved from /home/airflow/.local/lib/python3.12/site-packages/airflow/example_dags/example_workday_timetable.py
[2026-08-12T04:31:53.481+0000] {logging_mixin.py:190} INFO - [2026-08-12T04:31:53.481+0000] {dag.py:3211} INFO - Sync 1 DAGs
[2026-08-12T04:31:53.528+0000] {logging_mixin.py:190} INFO - [2026-08-12T04:31:53.528+0000] {dag.py:4138} INFO - Setting next_dagrun for example_workday_timetable to 2021-01-04 00:00:00+00:00, run_after=2021-01-05 00:00:00+00:00
[2026-08-12T04:31:53.545+0000] {processor.py:208} INFO - Processing /home/airflow/.local/lib/python3.12/site-packages/airflow/example_dags/example_workday_timetable.py took 0.098 seconds
[2026-08-12T04:33:05.362+0000] {processor.py:186} INFO - Started process (PID=100) to work on /home/airflow/.local/lib/python3.12/site-packages/airflow/example_dags/example_workday_timetable.py
[2026-08-12T04:33:05.365+0000] {processor.py:914} INFO - Processing file /home/airflow/.local/lib/python3.12/site-packages/airflow/example_dags/example_workday_timetable.py for tasks to queue
[2026-08-12T04:33:05.371+0000] {logging_mixin.py:190} INFO - [2026-08-12T04:33:05.370+0000] {dagbag.py:587} INFO - Filling up the DagBag from /home/airflow/.local/lib/python3.12/site-packages/airflow/example_dags/example_workday_timetable.py
[2026-08-12T04:33:05.382+0000] {processor.py:925} INFO - DAG(s) 'example_workday_timetable' retrieved from /home/airflow/.local/lib/python3.12/site-packages/airflow/example_dags/example_workday_timetable.py
[2026-08-12T04:33:05.420+0000] {logging_mixin.py:190} INFO - [2026-08-12T04:33:05.419+0000] {dag.py:3211} INFO - Sync 1 DAGs
[2026-08-12T04:33:05.574+0000] {logging_mixin.py:190} INFO - [2026-08-12T04:33:05.574+0000] {dag.py:4138} INFO - Setting next_dagrun for example_workday_timetable to 2021-01-04 00:00:00+00:00, run_after=2021-01-05 00:00:00+00:00
[2026-08-12T04:33:05.612+0000] {processor.py:208} INFO - Processing /home/airflow/.local/lib/python3.12/site-packages/airflow/example_dags/example_workday_timetable.py took 0.262 seconds
[2026-08-12T04:33:35.952+0000] {processor.py:186} INFO - Started process (PID=162) to work on /home/airflow/.local/lib/python3.12/site-packages/airflow/example_dags/example_workday_timetable.py
[2026-08-12T04:33:35.958+0000] {processor.py:914} INFO - Processing file /home/airflow/.local/lib/python3.12/site-packages/airflow/example_dags/example_workday_timetable.py for tasks to queue
[2026-08-12T04:33:35.964+0000] {logging_mixin.py:190} INFO - [2026-08-12T04:33:35.963+0000] {dagbag.py:587} INFO - Filling up the DagBag from /home/airflow/.local/lib/python3.12/site-packages/airflow/example_dags/example_workday_timetable.py
[2026-08-12T04:33:35.984+0000] {processor.py:925} INFO - DAG(s) 'example_workday_timetable' retrieved from /home/airflow/.local/lib/python3.12/site-packages/airflow/example_dags/example_workday_timetable.py
[2026-08-12T04:33:36.015+0000] {logging_mixin.py:190} INFO - [2026-08-12T04:33:36.014+0000] {dag.py:3211} INFO - Sync 1 DAGs
[2026-08-12T04:33:36.099+0000] {logging_mixin.py:190} INFO - [2026-08-12T04:33:36.099+0000] {dag.py:4138} INFO - Setting next_dagrun for example_workday_timetable to 2021-01-04 00:00:00+00:00, run_after=2021-01-05 00:00:00+00:00
[2026-08-12T04:33:36.129+0000] {processor.py:208} INFO - Processing /home/airflow/.local/lib/python3.12/site-packages/airflow/example_dags/example_workday_timetable.py took 0.192 seconds
[2026-08-12T04:34:06.380+0000] {processor.py:186} INFO - Started process (PID=224) to work on /home/airflow/.local/lib/python3.12/site-packages/airflow/example_dags/example_workday_timetable.py
[2026-08-12T04:34:06.381+0000] {processor.py:914} INFO - Processing file /home/airflow/.local/lib/python3.12/site-packages/airflow/example_dags/example_workday_timetable.py for tasks to queue
[2026-08-12T04:34:06.385+0000] {logging_mixin.py:190} INFO - [2026-08-12T04:34:06.385+0000] {dagbag.py:587} INFO - Filling up the DagBag from /home/airflow/.local/lib/python3.12/site-packages/airflow/example_dags/example_workday_timetable.py
[2026-08-12T04:34:06.393+0000] {processor.py:925} INFO - DAG(s) 'example_workday_timetable' retrieved from /home/airflow/.local/lib/python3.12/site-packages/airflow/example_dags/example_workday_timetable.py
[2026-08-12T04:34:06.416+0000] {logging_mixin.py:190} INFO - [2026-08-12T04:34:06.416+0000] {dag.py:3211} INFO - Sync 1 DAGs
[2026-08-12T04:34:06.479+0000] {logging_mixin.py:190} INFO - [2026-08-12T04:34:06.479+0000] {dag.py:4138} INFO - Setting next_dagrun for example_workday_timetable to 2021-01-04 00:00:00+00:00, run_after=2021-01-05 00:00:00+00:00
[2026-08-12T04:34:06.501+0000] {processor.py:208} INFO - Processing /home/airflow/.local/lib/python3.12/site-packages/airflow/example_dags/example_workday_timetable.py took 0.129 seconds
[2026-08-12T04:34:36.962+0000] {processor.py:186} INFO - Started process (PID=286) to work on /home/airflow/.local/lib/python3.12/site-packages/airflow/example_dags/example_workday_timetable.py
[2026-08-12T04:34:36.964+0000] {processor.py:914} INFO - Processing file /home/airflow/.local/lib/python3.12/site-packages/airflow/example_dags/example_workday_timetable.py for tasks to queue
[2026-08-12T04:34:36.968+0000] {logging_mixin.py:190} INFO - [2026-08-12T04:34:36.967+0000] {dagbag.py:587} INFO - Filling up the DagBag from /home/airflow/.local/lib/python3.12/site-packages/airflow/example_dags/example_workday_timetable.py
[2026-08-12T04:34:36.976+0000] {processor.py:925} INFO - DAG(s) 'example_workday_timetable' retrieved from /home/airflow/.local/lib/python3.12/site-packages/airflow/example_dags/example_workday_timetable.py
[2026-08-12T04:34:37.001+0000] {logging_mixin.py:190} INFO - [2026-08-12T04:34:37.001+0000] {dag.py:3211} INFO - Sync 1 DAGs
[2026-08-12T04:34:37.072+0000] {logging_mixin.py:190} INFO - [2026-08-12T04:34:37.072+0000] {dag.py:4138} INFO - Setting next_dagrun for example_workday_timetable to 2021-01-04 00:00:00+00:00, run_after=2021-01-05 00:00:00+00:00
[2026-08-12T04:34:37.093+0000] {processor.py:208} INFO - Processing /home/airflow/.local/lib/python3.12/site-packages/airflow/example_dags/example_workday_timetable.py took 0.140 seconds
[2026-08-12T04:35:07.295+0000] {processor.py:186} INFO - Started process (PID=348) to work on /home/airflow/.local/lib/python3.12/site-packages/airflow/example_dags/example_workday_timetable.py
[2026-08-12T04:35:07.297+0000] {processor.py:914} INFO - Processing file /home/airflow/.local/lib/python3.12/site-packages/airflow/example_dags/example_workday_timetable.py for tasks to queue
[2026-08-12T04:35:07.300+0000] {logging_mixin.py:190} INFO - [2026-08-12T04:35:07.300+0000] {dagbag.py:587} INFO - Filling up the DagBag from /home/airflow/.local/lib/python3.12/site-packages/airflow/example_dags/example_workday_timetable.py
[2026-08-12T04:35:07.306+0000] {processor.py:925} INFO - DAG(s) 'example_workday_timetable' retrieved from /home/airflow/.local/lib/python3.12/site-packages/airflow/example_dags/example_workday_timetable.py
[2026-08-12T04:35:07.329+0000] {logging_mixin.py:190} INFO - [2026-08-12T04:35:07.329+0000] {dag.py:3211} INFO - Sync 1 DAGs
[2026-08-12T04:35:07.420+0000] {logging_mixin.py:190} INFO - [2026-08-12T04:35:07.420+0000] {dag.py:4138} INFO - Setting next_dagrun for example_workday_timetable to 2021-01-04 00:00:00+00:00, run_after=2021-01-05 00:00:00+00:00
[2026-08-12T04:35:07.448+0000] {processor.py:208} INFO - Processing /home/airflow/.local/lib/python3.12/site-packages/airflow/example_dags/example_workday_timetable.py took 0.160 seconds
[2026-08-12T04:35:37.753+0000] {processor.py:186} INFO - Started process (PID=410) to work on /home/airflow/.local/lib/python3.12/site-packages/airflow/example_dags/example_workday_timetable.py
[2026-08-12T04:35:37.755+0000] {processor.py:914} INFO - Processing file /home/airflow/.local/lib/python3.12/site-packages/airflow/example_dags/example_workday_timetable.py for tasks to queue
[2026-08-12T04:35:37.758+0000] {logging_mixin.py:190} INFO - [2026-08-12T04:35:37.758+0000] {dagbag.py:587} INFO - Filling up the DagBag from /home/airflow/.local/lib/python3.12/site-packages/airflow/example_dags/example_workday_timetable.py
[2026-08-12T04:35:37.766+0000] {processor.py:925} INFO - DAG(s) 'example_workday_timetable' retrieved from /home/airflow/.local/lib/python3.12/site-packages/airflow/example_dags/example_workday_timetable.py
[2026-08-12T04:35:37.796+0000] {logging_mixin.py:190} INFO - [2026-08-12T04:35:37.795+0000] {dag.py:3211} INFO - Sync 1 DAGs
[2026-08-12T04:35:37.921+0000] {logging_mixin.py:190} INFO - [2026-08-12T04:35:37.921+0000] {dag.py:4138} INFO - Setting next_dagrun for example_workday_timetable to 2021-01-04 00:00:00+00:00, run_after=2021-01-05 00:00:00+00:00
[2026-08-12T04:35:37.956+0000] {processor.py:208} INFO - Processing /home/airflow/.local/lib/python3.12/site-packages/airflow/example_dags/example_workday_timetable.py took 0.209 seconds
[2026-08-12T04:36:08.157+0000] {processor.py:186} INFO - Started process (PID=472) to work on /home/airflow/.local/lib/python3.12/site-packages/airflow/example_dags/example_workday_timetable.py
[2026-08-12T04:36:08.159+0000] {processor.py:914} INFO - Processing file /home/airflow/.local/lib/python3.12/site-packages/airflow/example_dags/example_workday_timetable.py for tasks to queue
[2026-08-12T04:36:08.162+0000] {logging_mixin.py:190} INFO - [2026-08-12T04:36:08.161+0000] {dagbag.py:587} INFO - Filling up the DagBag from /home/airflow/.local/lib/python3.12/site-packages/airflow/example_dags/example_workday_timetable.py
[2026-08-12T04:36:08.168+0000] {processor.py:925} INFO - DAG(s) 'example_workday_timetable' retrieved from /home/airflow/.local/lib/python3.12/site-packages/airflow/example_dags/example_workday_timetable.py
[2026-08-12T04:36:08.190+0000] {logging_mixin.py:190} INFO - [2026-08-12T04:36:08.190+0000] {dag.py:3211} INFO - Sync 1 DAGs
[2026-08-12T04:36:08.251+0000] {logging_mixin.py:190} INFO - [2026-08-12T04:36:08.251+0000] {dag.py:4138} INFO - Setting next_dagrun for example_workday_timetable to 2021-01-04 00:00:00+00:00, run_after=2021-01-05 00:00:00+00:00
[2026-08-12T04:36:08.270+0000] {processor.py:208} INFO - Processing /home/airflow/.local/lib/python3.12/site-packages/airflow/example_dags/example_workday_timetable.py took 0.119 seconds
[2026-08-12T04:36:38.895+0000] {processor.py:186} INFO - Started process (PID=534) to work on /home/airflow/.local/lib/python3.12/site-packages/airflow/example_dags/example_workday_timetable.py
[2026-08-12T04:36:38.898+0000] {processor.py:914} INFO - Processing file /home/airflow/.local/lib/python3.12/site-packages/airflow/example_dags/example_workday_timetable.py for tasks to queue
[2026-08-12T04:36:38.902+0000] {logging_mixin.py:190} INFO - [2026-08-12T04:36:38.901+0000] {dagbag.py:587} INFO - Filling up the DagBag from /home/airflow/.local/lib/python3.12/site-packages/airflow/example_dags/example_workday_timetable.py
[2026-08-12T04:36:38.911+0000] {processor.py:925} INFO - DAG(s) 'example_workday_timetable' retrieved from /home/airflow/.local/lib/python3.12/site-packages/airflow/example_dags/example_workday_timetable.py
[2026-08-12T04:36:38.942+0000] {logging_mixin.py:190} INFO - [2026-08-12T04:36:38.941+0000] {dag.py:3211} INFO - Sync 1 DAGs
[2026-08-12T04:36:39.062+0000] {logging_mixin.py:190} INFO - [2026-08-12T04:36:39.062+0000] {dag.py:4138} INFO - Setting next_dagrun for example_workday_timetable to 2021-01-04 00:00:00+00:00, run_after=2021-01-05 00:00:00+00:00
[2026-08-12T04:36:39.120+0000] {processor.py:208} INFO - Processing /home/airflow/.local/lib/python3.12/site-packages/airflow/example_dags/example_workday_timetable.py took 0.233 seconds
[2026-08-12T04:37:09.312+0000] {processor.py:186} INFO - Started process (PID=596) to work on /home/airflow/.local/lib/python3.12/site-packages/airflow/example_dags/example_workday_timetable.py
[2026-08-12T04:37:09.314+0000] {processor.py:914} INFO - Processing file /home/airflow/.local/lib/python3.12/site-packages/airflow/example_dags/example_workday_timetable.py for tasks to queue
[2026-08-12T04:37:09.317+0000] {logging_mixin.py:190} INFO - [2026-08-12T04:37:09.316+0000] {dagbag.py:587} INFO - Filling up the DagBag from /home/airflow/.local/lib/python3.12/site-packages/airflow/example_dags/example_workday_timetable.py
[2026-08-12T04:37:09.323+0000] {processor.py:925} INFO - DAG(s) 'example_workday_timetable' retrieved from /home/airflow/.local/lib/python3.12/site-packages/airflow/example_dags/example_workday_timetable.py
[2026-08-12T04:37:09.348+0000] {logging_mixin.py:190} INFO - [2026-08-12T04:37:09.348+0000] {dag.py:3211} INFO - Sync 1 DAGs
[2026-08-12T04:37:09.421+0000] {logging_mixin.py:190} INFO - [2026-08-12T04:37:09.421+0000] {dag.py:4138} INFO - Setting next_dagrun for example_workday_timetable to 2021-01-04 00:00:00+00:00, run_after=2021-01-05 00:00:00+00:00
[2026-08-12T04:37:09.446+0000] {processor.py:208} INFO - Processing /home/airflow/.local/lib/python3.12/site-packages/airflow/example_dags/example_workday_timetable.py took 0.141 seconds
[2026-08-12T04:37:39.817+0000] {processor.py:186} INFO - Started process (PID=658) to work on /home/airflow/.local/lib/python3.12/site-packages/airflow/example_dags/example_workday_timetable.py
[2026-08-12T04:37:39.819+0000] {processor.py:914} INFO - Processing file /home/airflow/.local/lib/python3.12/site-packages/airflow/example_dags/example_workday_timetable.py for tasks to queue
[2026-08-12T04:37:39.822+0000] {logging_mixin.py:190} INFO - [2026-08-12T04:37:39.821+0000] {dagbag.py:587} INFO - Filling up the DagBag from /home/airflow/.local/lib/python3.12/site-packages/airflow/example_dags/example_workday_timetable.py
[2026-08-12T04:37:39.829+0000] {processor.py:925} INFO - DAG(s) 'example_workday_timetable' retrieved from /home/airflow/.local/lib/python3.12/site-packages/airflow/example_dags/example_workday_timetable.py
[2026-08-12T04:37:39.853+0000] {logging_mixin.py:190} INFO - [2026-08-12T04:37:39.853+0000] {dag.py:3211} INFO - Sync 1 DAGs
[2026-08-12T04:37:39.926+0000] {logging_mixin.py:190} INFO - [2026-08-12T04:37:39.925+0000] {dag.py:4138} INFO - Setting next_dagrun for example_workday_timetable to 2021-01-04 00:00:00+00:00, run_after=2021-01-05 00:00:00+00:00
[2026-08-12T04:37:39.951+0000] {processor.py:208} INFO - Processing /home/airflow/.local/lib/python3.12/site-packages/airflow/example_dags/example_workday_timetable.py took 0.141 seconds
[2026-08-12T04:38:10.026+0000] {processor.py:186} INFO - Started process (PID=720) to work on /home/airflow/.local/lib/python3.12/site-packages/airflow/example_dags/example_workday_timetable.py
[2026-08-12T04:38:10.028+0000] {processor.py:914} INFO - Processing file /home/airflow/.local/lib/python3.12/site-packages/airflow/example_dags/example_workday_timetable.py for tasks to queue
[2026-08-12T04:38:10.033+0000] {logging_mixin.py:190} INFO - [2026-08-12T04:38:10.032+0000] {dagbag.py:587} INFO - Filling up the DagBag from /home/airflow/.local/lib/python3.12/site-packages/airflow/example_dags/example_workday_timetable.py
[2026-08-12T04:38:10.040+0000] {processor.py:925} INFO - DAG(s) 'example_workday_timetable' retrieved from /home/airflow/.local/lib/python3.12/site-packages/airflow/example_dags/example_workday_timetable.py
[2026-08-12T04:38:10.064+0000] {logging_mixin.py:190} INFO - [2026-08-12T04:38:10.064+0000] {dag.py:3211} INFO - Sync 1 DAGs
[2026-08-12T04:38:10.218+0000] {logging_mixin.py:190} INFO - [2026-08-12T04:38:10.217+0000] {dag.py:4138} INFO - Setting next_dagrun for example_workday_timetable to 2021-01-04 00:00:00+00:00, run_after=2021-01-05 00:00:00+00:00
[2026-08-12T04:38:10.244+0000] {processor.py:208} INFO - Processing /home/airflow/.local/lib/python3.12/site-packages/airflow/example_dags/example_workday_timetable.py took 0.224 seconds
[2026-08-12T04:38:40.360+0000] {processor.py:186} INFO - Started process (PID=782) to work on /home/airflow/.local/lib/python3.12/site-packages/airflow/example_dags/example_workday_timetable.py
[2026-08-12T04:38:40.362+0000] {processor.py:914} INFO - Processing file /home/airflow/.local/lib/python3.12/site-packages/airflow/example_dags/example_workday_timetable.py for tasks to queue
[2026-08-12T04:38:40.369+0000] {logging_mixin.py:190} INFO - [2026-08-12T04:38:40.368+0000] {dagbag.py:587} INFO - Filling up the DagBag from /home/airflow/.local/lib/python3.12/site-packages/airflow/example_dags/example_workday_timetable.py
[2026-08-12T04:38:40.387+0000] {processor.py:925} INFO - DAG(s) 'example_workday_timetable' retrieved from /home/airflow/.local/lib/python3.12/site-packages/airflow/example_dags/example_workday_timetable.py
[2026-08-12T04:38:40.418+0000] {logging_mixin.py:190} INFO - [2026-08-12T04:38:40.418+0000] {dag.py:3211} INFO - Sync 1 DAGs
[2026-08-12T04:38:40.488+0000] {logging_mixin.py:190} INFO - [2026-08-12T04:38:40.487+0000] {dag.py:4138} INFO - Setting next_dagrun for example_workday_timetable to 2021-01-04 00:00:00+00:00, run_after=2021-01-05 00:00:00+00:00
[2026-08-12T04:38:40.512+0000] {processor.py:208} INFO - Processing /home/airflow/.local/lib/python3.12/site-packages/airflow/example_dags/example_workday_timetable.py took 0.160 seconds
[2026-08-12T04:39:11.172+0000] {processor.py:186} INFO - Started process (PID=844) to work on /home/airflow/.local/lib/python3.12/site-packages/airflow/example_dags/example_workday_timetable.py
[2026-08-12T04:39:11.174+0000] {processor.py:914} INFO - Processing file /home/airflow/.local/lib/python3.12/site-packages/airflow/example_dags/example_workday_timetable.py for tasks to queue
[2026-08-12T04:39:11.177+0000] {logging_mixin.py:190} INFO - [2026-08-12T04:39:11.177+0000] {dagbag.py:587} INFO - Filling up the DagBag from /home/airflow/.local/lib/python3.12/site-packages/airflow/example_dags/example_workday_timetable.py
[2026-08-12T04:39:11.183+0000] {processor.py:925} INFO - DAG(s) 'example_workday_timetable' retrieved from /home/airflow/.local/lib/python3.12/site-packages/airflow/example_dags/example_workday_timetable.py
[2026-08-12T04:39:11.203+0000] {logging_mixin.py:190} INFO - [2026-08-12T04:39:11.203+0000] {dag.py:3211} INFO - Sync 1 DAGs
[2026-08-12T04:39:11.253+0000] {logging_mixin.py:190} INFO - [2026-08-12T04:39:11.253+0000] {dag.py:4138} INFO - Setting next_dagrun for example_workday_timetable to 2021-01-04 00:00:00+00:00, run_after=2021-01-05 00:00:00+00:00
[2026-08-12T04:39:11.271+0000] {processor.py:208} INFO - Processing /home/airflow/.local/lib/python3.12/site-packages/airflow/example_dags/example_workday_timetable.py took 0.106 seconds
[2026-08-12T04:39:41.775+0000] {processor.py:186} INFO - Started process (PID=906) to work on /home/airflow/.local/lib/python3.12/site-packages/airflow/example_dags/example_workday_timetable.py
[2026-08-12T04:39:41.777+0000] {processor.py:914} INFO - Processing file /home/airflow/.local/lib/python3.12/site-packages/airflow/example_dags/example_workday_timetable.py for tasks to queue
[2026-08-12T04:39:41.780+0000] {logging_mixin.py:190} INFO - [2026-08-12T04:39:41.780+0000] {dagbag.py:587} INFO - Filling up the DagBag from /home/airflow/.local/lib/python3.12/site-packages/airflow/example_dags/example_workday_timetable.py
[2026-08-12T04:39:41.787+0000] {processor.py:925} INFO - DAG(s) 'example_workday_timetable' retrieved from /home/airflow/.local/lib/python3.12/site-packages/airflow/example_dags/example_workday_timetable.py
[2026-08-12T04:39:41.811+0000] {logging_mixin.py:190} INFO - [2026-08-12T04:39:41.811+0000] {dag.py:3211} INFO - Sync 1 DAGs
[2026-08-12T04:39:41.882+0000] {logging_mixin.py:190} INFO - [2026-08-12T04:39:41.882+0000] {dag.py:4138} INFO - Setting next_dagrun for example_workday_timetable to 2021-01-04 00:00:00+00:00, run_after=2021-01-05 00:00:00+00:00
[2026-08-12T04:39:41.904+0000] {processor.py:208} INFO - Processing /home/airflow/.local/lib/python3.12/site-packages/airflow/example_dags/example_workday_timetable.py took 0.137 seconds
[2026-08-12T04:40:12.359+0000] {processor.py:186} INFO - Started process (PID=968) to work on /home/airflow/.local/lib/python3.12/site-packages/airflow/example_dags/example_workday_timetable.py
[2026-08-12T04:40:12.361+0000] {processor.py:914} INFO - Processing file /home/airflow/.local/lib/python3.12/site-packages/airflow/example_dags/example_workday_timetable.py for tasks to queue
[2026-08-12T04:40:12.363+0000] {logging_mixin.py:190} INFO - [2026-08-12T04:40:12.363+0000] {dagbag.py:587} INFO - Filling up the DagBag from /home/airflow/.local/lib/python3.12/site-packages/airflow/example_dags/example_workday_timetable.py
[2026-08-12T04:40:12.369+0000] {processor.py:925} INFO - DAG(s) 'example_workday_timetable' retrieved from /home/airflow/.local/lib/python3.12/site-packages/airflow/example_dags/example_workday_timetable.py
[2026-08-12T04:40:12.389+0000] {logging_mixin.py:190} INFO - [2026-08-12T04:40:12.388+0000] {dag.py:3211} INFO - Sync 1 DAGs
[2026-08-12T04:40:12.438+0000] {logging_mixin.py:190} INFO - [2026-08-12T04:40:12.437+0000] {dag.py:4138} INFO - Setting next_dagrun for example_workday_timetable to 2021-01-04 00:00:00+00:00, run_after=2021-01-05 00:00:00+00:00
[2026-08-12T04:40:12.456+0000] {processor.py:208} INFO - Processing /home/airflow/.local/lib/python3.12/site-packages/airflow/example_dags/example_workday_timetable.py took 0.102 seconds
[2026-08-12T04:40:42.796+0000] {processor.py:186} INFO - Started process (PID=1030) to work on /home/airflow/.local/lib/python3.12/site-packages/airflow/example_dags/example_workday_timetable.py
[2026-08-12T04:40:42.798+0000] {processor.py:914} INFO - Processing file /home/airflow/.local/lib/python3.12/site-packages/airflow/example_dags/example_workday_timetable.py for tasks to queue
[2026-08-12T04:40:42.802+0000] {logging_mixin.py:190} INFO - [2026-08-12T04:40:42.801+0000] {dagbag.py:587} INFO - Filling up the DagBag from /home/airflow/.local/lib/python3.12/site-packages/airflow/example_dags/example_workday_timetable.py
[2026-08-12T04:40:42.811+0000] {processor.py:925} INFO - DAG(s) 'example_workday_timetable' retrieved from /home/airflow/.local/lib/python3.12/site-packages/airflow/example_dags/example_workday_timetable.py
[2026-08-12T04:40:42.835+0000] {logging_mixin.py:190} INFO - [2026-08-12T04:40:42.834+0000] {dag.py:3211} INFO - Sync 1 DAGs
[2026-08-12T04:40:42.909+0000] {logging_mixin.py:190} INFO - [2026-08-12T04:40:42.908+0000] {dag.py:4138} INFO - Setting next_dagrun for example_workday_timetable to 2021-01-04 00:00:00+00:00, run_after=2021-01-05 00:00:00+00:00
[2026-08-12T04:40:42.933+0000] {processor.py:208} INFO - Processing /home/airflow/.local/lib/python3.12/site-packages/airflow/example_dags/example_workday_timetable.py took 0.146 seconds
[2026-08-12T04:41:13.136+0000] {processor.py:186} INFO - Started process (PID=1092) to work on /home/airflow/.local/lib/python3.12/site-packages/airflow/example_dags/example_workday_timetable.py
[2026-08-12T04:41:13.137+0000] {processor.py:914} INFO - Processing file /home/airflow/.local/lib/python3.12/site-packages/airflow/example_dags/example_workday_timetable.py for tasks to queue
[2026-08-12T04:41:13.140+0000] {logging_mixin.py:190} INFO - [2026-08-12T04:41:13.140+0000] {dagbag.py:587} INFO - Filling up the DagBag from /home/airflow/.local/lib/python3.12/site-packages/airflow/example_dags/example_workday_timetable.py
[2026-08-12T04:41:13.146+0000] {processor.py:925} INFO - DAG(s) 'example_workday_timetable' retrieved from /home/airflow/.local/lib/python3.12/site-packages/airflow/example_dags/example_workday_timetable.py
[2026-08-12T04:41:13.165+0000] {logging_mixin.py:190} INFO - [2026-08-12T04:41:13.165+0000] {dag.py:3211} INFO - Sync 1 DAGs
[2026-08-12T04:41:13.212+0000] {logging_mixin.py:190} INFO - [2026-08-12T04:41:13.212+0000] {dag.py:4138} INFO - Setting next_dagrun for example_workday_timetable to 2021-01-04 00:00:00+00:00, run_after=2021-01-05 00:00:00+00:00
[2026-08-12T04:41:13.230+0000] {processor.py:208} INFO - Processing /home/airflow/.local/lib/python3.12/site-packages/airflow/example_dags/example_workday_timetable.py took 0.100 seconds
[2026-08-12T04:41:44.052+0000] {processor.py:186} INFO - Started process (PID=1154) to work on /home/airflow/.local/lib/python3.12/site-packages/airflow/example_dags/example_workday_timetable.py
[2026-08-12T04:41:44.054+0000] {processor.py:914} INFO - Processing file /home/airflow/.local/lib/python3.12/site-packages/airflow/example_dags/example_workday_timetable.py for tasks to queue
[2026-08-12T04:41:44.056+0000] {logging_mixin.py:190} INFO - [2026-08-12T04:41:44.056+0000] {dagbag.py:587} INFO - Filling up the DagBag from /home/airflow/.local/lib/python3.12/site-packages/airflow/example_dags/example_workday_timetable.py
[2026-08-12T04:41:44.062+0000] {processor.py:925} INFO - DAG(s) 'example_workday_timetable' retrieved from /home/airflow/.local/lib/python3.12/site-packages/airflow/example_dags/example_workday_timetable.py
[2026-08-12T04:41:44.083+0000] {logging_mixin.py:190} INFO - [2026-08-12T04:41:44.083+0000] {dag.py:3211} INFO - Sync 1 DAGs
[2026-08-12T04:41:44.145+0000] {logging_mixin.py:190} INFO - [2026-08-12T04:41:44.145+0000] {dag.py:4138} INFO - Setting next_dagrun for example_workday_timetable to 2021-01-04 00:00:00+00:00, run_after=2021-01-05 00:00:00+00:00
[2026-08-12T04:41:44.168+0000] {processor.py:208} INFO - Processing /home/airflow/.local/lib/python3.12/site-packages/airflow/example_dags/example_workday_timetable.py took 0.121 seconds
[2026-08-12T04:42:14.333+0000] {processor.py:186} INFO - Started process (PID=1216) to work on /home/airflow/.local/lib/python3.12/site-packages/airflow/example_dags/example_workday_timetable.py
[2026-08-12T04:42:14.335+0000] {processor.py:914} INFO - Processing file /home/airflow/.local/lib/python3.12/site-packages/airflow/example_dags/example_workday_timetable.py for tasks to queue
[2026-08-12T04:42:14.340+0000] {logging_mixin.py:190} INFO - [2026-08-12T04:42:14.339+0000] {dagbag.py:587} INFO - Filling up the DagBag from /home/airflow/.local/lib/python3.12/site-packages/airflow/example_dags/example_workday_timetable.py
[2026-08-12T04:42:14.348+0000] {processor.py:925} INFO - DAG(s) 'example_workday_timetable' retrieved from /home/airflow/.local/lib/python3.12/site-packages/airflow/example_dags/example_workday_timetable.py
[2026-08-12T04:42:14.374+0000] {logging_mixin.py:190} INFO - [2026-08-12T04:42:14.374+0000] {dag.py:3211} INFO - Sync 1 DAGs
[2026-08-12T04:42:14.471+0000] {logging_mixin.py:190} INFO - [2026-08-12T04:42:14.471+0000] {dag.py:4138} INFO - Setting next_dagrun for example_workday_timetable to 2021-01-04 00:00:00+00:00, run_after=2021-01-05 00:00:00+00:00
[2026-08-12T04:42:14.493+0000] {processor.py:208} INFO - Processing /home/airflow/.local/lib/python3.12/site-packages/airflow/example_dags/example_workday_timetable.py took 0.170 seconds
[2026-08-12T04:42:44.749+0000] {processor.py:186} INFO - Started process (PID=1278) to work on /home/airflow/.local/lib/python3.12/site-packages/airflow/example_dags/example_workday_timetable.py
[2026-08-12T04:42:44.751+0000] {processor.py:914} INFO - Processing file /home/airflow/.local/lib/python3.12/site-packages/airflow/example_dags/example_workday_timetable.py for tasks to queue
[2026-08-12T04:42:44.755+0000] {logging_mixin.py:190} INFO - [2026-08-12T04:42:44.754+0000] {dagbag.py:587} INFO - Filling up the DagBag from /home/airflow/.local/lib/python3.12/site-packages/airflow/example_dags/example_workday_timetable.py
[2026-08-12T04:42:44.761+0000] {processor.py:925} INFO - DAG(s) 'example_workday_timetable' retrieved from /home/airflow/.local/lib/python3.12/site-packages/airflow/example_dags/example_workday_timetable.py
[2026-08-12T04:42:44.783+0000] {logging_mixin.py:190} INFO - [2026-08-12T04:42:44.782+0000] {dag.py:3211} INFO - Sync 1 DAGs
[2026-08-12T04:42:44.846+0000] {logging_mixin.py:190} INFO - [2026-08-12T04:42:44.846+0000] {dag.py:4138} INFO - Setting next_dagrun for example_workday_timetable to 2021-01-04 00:00:00+00:00, run_after=2021-01-05 00:00:00+00:00
[2026-08-12T04:42:44.865+0000] {processor.py:208} INFO - Processing /home/airflow/.local/lib/python3.12/site-packages/airflow/example_dags/example_workday_timetable.py took 0.123 seconds
[2026-08-12T04:43:15.129+0000] {processor.py:186} INFO - Started process (PID=1340) to work on /home/airflow/.local/lib/python3.12/site-packages/airflow/example_dags/example_workday_timetable.py
[2026-08-12T04:43:15.131+0000] {processor.py:914} INFO - Processing file /home/airflow/.local/lib/python3.12/site-packages/airflow/example_dags/example_workday_timetable.py for tasks to queue
[2026-08-12T04:43:15.134+0000] {logging_mixin.py:190} INFO - [2026-08-12T04:43:15.133+0000] {dagbag.py:587} INFO - Filling up the DagBag from /home/airflow/.local/lib/python3.12/site-packages/airflow/example_dags/example_workday_timetable.py
[2026-08-12T04:43:15.140+0000] {processor.py:925} INFO - DAG(s) 'example_workday_timetable' retrieved from /home/airflow/.local/lib/python3.12/site-packages/airflow/example_dags/example_workday_timetable.py
[2026-08-12T04:43:15.159+0000] {logging_mixin.py:190} INFO - [2026-08-12T04:43:15.159+0000] {dag.py:3211} INFO - Sync 1 DAGs
[2026-08-12T04:43:15.209+0000] {logging_mixin.py:190} INFO - [2026-08-12T04:43:15.209+0000] {dag.py:4138} INFO - Setting next_dagrun for example_workday_timetable to 2021-01-04 00:00:00+00:00, run_after=2021-01-05 00:00:00+00:00
[2026-08-12T04:43:15.226+0000] {processor.py:208} INFO - Processing /home/airflow/.local/lib/python3.12/site-packages/airflow/example_dags/example_workday_timetable.py took 0.103 seconds
[2026-08-12T04:43:45.565+0000] {processor.py:186} INFO - Started process (PID=1402) to work on /home/airflow/.local/lib/python3.12/site-packages/airflow/example_dags/example_workday_timetable.py
[2026-08-12T04:43:45.567+0000] {processor.py:914} INFO - Processing file /home/airflow/.local/lib/python3.12/site-packages/airflow/example_dags/example_workday_timetable.py for tasks to queue
[2026-08-12T04:43:45.570+0000] {logging_mixin.py:190} INFO - [2026-08-12T04:43:45.569+0000] {dagbag.py:587} INFO - Filling up the DagBag from /home/airflow/.local/lib/python3.12/site-packages/airflow/example_dags/example_workday_timetable.py
[2026-08-12T04:43:45.577+0000] {processor.py:925} INFO - DAG(s) 'example_workday_timetable' retrieved from /home/airflow/.local/lib/python3.12/site-packages/airflow/example_dags/example_workday_timetable.py
[2026-08-12T04:43:45.597+0000] {logging_mixin.py:190} INFO - [2026-08-12T04:43:45.597+0000] {dag.py:3211} INFO - Sync 1 DAGs
[2026-08-12T04:43:45.654+0000] {logging_mixin.py:190} INFO - [2026-08-12T04:43:45.654+0000] {dag.py:4138} INFO - Setting next_dagrun for example_workday_timetable to 2021-01-04 00:00:00+00:00, run_after=2021-01-05 00:00:00+00:00
[2026-08-12T04:43:45.676+0000] {processor.py:208} INFO - Processing /home/airflow/.local/lib/python3.12/site-packages/airflow/example_dags/example_workday_timetable.py took 0.116 seconds
[2026-08-12T04:44:16.268+0000] {processor.py:186} INFO - Started process (PID=1464) to work on /home/airflow/.local/lib/python3.12/site-packages/airflow/example_dags/example_workday_timetable.py
[2026-08-12T04:44:16.270+0000] {processor.py:914} INFO - Processing file /home/airflow/.local/lib/python3.12/site-packages/airflow/example_dags/example_workday_timetable.py for tasks to queue
[2026-08-12T04:44:16.273+0000] {logging_mixin.py:190} INFO - [2026-08-12T04:44:16.273+0000] {dagbag.py:587} INFO - Filling up the DagBag from /home/airflow/.local/lib/python3.12/site-packages/airflow/example_dags/example_workday_timetable.py
[2026-08-12T04:44:16.281+0000] {processor.py:925} INFO - DAG(s) 'example_workday_timetable' retrieved from /home/airflow/.local/lib/python3.12/site-packages/airflow/example_dags/example_workday_timetable.py
[2026-08-12T04:44:16.307+0000] {logging_mixin.py:190} INFO - [2026-08-12T04:44:16.306+0000] {dag.py:3211} INFO - Sync 1 DAGs
[2026-08-12T04:44:16.371+0000] {logging_mixin.py:190} INFO - [2026-08-12T04:44:16.370+0000] {dag.py:4138} INFO - Setting next_dagrun for example_workday_timetable to 2021-01-04 00:00:00+00:00, run_after=2021-01-05 00:00:00+00:00
[2026-08-12T04:44:16.392+0000] {processor.py:208} INFO - Processing /home/airflow/.local/lib/python3.12/site-packages/airflow/example_dags/example_workday_timetable.py took 0.132 seconds
[2026-08-12T04:44:46.523+0000] {processor.py:186} INFO - Started process (PID=1527) to work on /home/airflow/.local/lib/python3.12/site-packages/airflow/example_dags/example_workday_timetable.py
[2026-08-12T04:44:46.525+0000] {processor.py:914} INFO - Processing file /home/airflow/.local/lib/python3.12/site-packages/airflow/example_dags/example_workday_timetable.py for tasks to queue
[2026-08-12T04:44:46.528+0000] {logging_mixin.py:190} INFO - [2026-08-12T04:44:46.528+0000] {dagbag.py:587} INFO - Filling up the DagBag from /home/airflow/.local/lib/python3.12/site-packages/airflow/example_dags/example_workday_timetable.py
[2026-08-12T04:44:46.535+0000] {processor.py:925} INFO - DAG(s) 'example_workday_timetable' retrieved from /home/airflow/.local/lib/python3.12/site-packages/airflow/example_dags/example_workday_timetable.py
[2026-08-12T04:44:46.558+0000] {logging_mixin.py:190} INFO - [2026-08-12T04:44:46.557+0000] {dag.py:3211} INFO - Sync 1 DAGs
[2026-08-12T04:44:46.638+0000] {logging_mixin.py:190} INFO - [2026-08-12T04:44:46.638+0000] {dag.py:4138} INFO - Setting next_dagrun for example_workday_timetable to 2021-01-04 00:00:00+00:00, run_after=2021-01-05 00:00:00+00:00
[2026-08-12T04:44:46.661+0000] {processor.py:208} INFO - Processing /home/airflow/.local/lib/python3.12/site-packages/airflow/example_dags/example_workday_timetable.py took 0.143 seconds
[2026-08-12T04:45:16.994+0000] {processor.py:186} INFO - Started process (PID=1589) to work on /home/airflow/.local/lib/python3.12/site-packages/airflow/example_dags/example_workday_timetable.py
[2026-08-12T04:45:16.996+0000] {processor.py:914} INFO - Processing file /home/airflow/.local/lib/python3.12/site-packages/airflow/example_dags/example_workday_timetable.py for tasks to queue
[2026-08-12T04:45:16.999+0000] {logging_mixin.py:190} INFO - [2026-08-12T04:45:16.999+0000] {dagbag.py:587} INFO - Filling up the DagBag from /home/airflow/.local/lib/python3.12/site-packages/airflow/example_dags/example_workday_timetable.py
[2026-08-12T04:45:17.007+0000] {processor.py:925} INFO - DAG(s) 'example_workday_timetable' retrieved from /home/airflow/.local/lib/python3.12/site-packages/airflow/example_dags/example_workday_timetable.py
[2026-08-12T04:45:17.030+0000] {logging_mixin.py:190} INFO - [2026-08-12T04:45:17.030+0000] {dag.py:3211} INFO - Sync 1 DAGs
[2026-08-12T04:45:17.091+0000] {logging_mixin.py:190} INFO - [2026-08-12T04:45:17.091+0000] {dag.py:4138} INFO - Setting next_dagrun for example_workday_timetable to 2021-01-04 00:00:00+00:00, run_after=2021-01-05 00:00:00+00:00
[2026-08-12T04:45:17.110+0000] {processor.py:208} INFO - Processing /home/airflow/.local/lib/python3.12/site-packages/airflow/example_dags/example_workday_timetable.py took 0.123 seconds
[2026-08-12T04:45:47.811+0000] {processor.py:186} INFO - Started process (PID=1651) to work on /home/airflow/.local/lib/python3.12/site-packages/airflow/example_dags/example_workday_timetable.py
[2026-08-12T04:45:47.813+0000] {processor.py:914} INFO - Processing file /home/airflow/.local/lib/python3.12/site-packages/airflow/example_dags/example_workday_timetable.py for tasks to queue
[2026-08-12T04:45:47.818+0000] {logging_mixin.py:190} INFO - [2026-08-12T04:45:47.818+0000] {dagbag.py:587} INFO - Filling up the DagBag from /home/airflow/.local/lib/python3.12/site-packages/airflow/example_dags/example_workday_timetable.py
[2026-08-12T04:45:47.829+0000] {processor.py:925} INFO - DAG(s) 'example_workday_timetable' retrieved from /home/airflow/.local/lib/python3.12/site-packages/airflow/example_dags/example_workday_timetable.py
[2026-08-12T04:45:47.857+0000] {logging_mixin.py:190} INFO - [2026-08-12T04:45:47.857+0000] {dag.py:3211} INFO - Sync 1 DAGs
[2026-08-12T04:45:47.919+0000] {logging_mixin.py:190} INFO - [2026-08-12T04:45:47.918+0000] {dag.py:4138} INFO - Setting next_dagrun for example_workday_timetable to 2021-01-04 00:00:00+00:00, run_after=2021-01-05 00:00:00+00:00
[2026-08-12T04:45:47.946+0000] {processor.py:208} INFO - Processing /home/airflow/.local/lib/python3.12/site-packages/airflow/example_dags/example_workday_timetable.py took 0.141 seconds
[2026-08-12T04:46:18.452+0000] {processor.py:186} INFO - Started process (PID=1713) to work on /home/airflow/.local/lib/python3.12/site-packages/airflow/example_dags/example_workday_timetable.py
[2026-08-12T04:46:18.454+0000] {processor.py:914} INFO - Processing file /home/airflow/.local/lib/python3.12/site-packages/airflow/example_dags/example_workday_timetable.py for tasks to queue
[2026-08-12T04:46:18.457+0000] {logging_mixin.py:190} INFO - [2026-08-12T04:46:18.457+0000] {dagbag.py:587} INFO - Filling up the DagBag from /home/airflow/.local/lib/python3.12/site-packages/airflow/example_dags/example_workday_timetable.py
[2026-08-12T04:46:18.464+0000] {processor.py:925} INFO - DAG(s) 'example_workday_timetable' retrieved from /home/airflow/.local/lib/python3.12/site-packages/airflow/example_dags/example_workday_timetable.py
[2026-08-12T04:46:18.487+0000] {logging_mixin.py:190} INFO - [2026-08-12T04:46:18.487+0000] {dag.py:3211} INFO - Sync 1 DAGs
[2026-08-12T04:46:18.546+0000] {logging_mixin.py:190} INFO - [2026-08-12T04:46:18.546+0000] {dag.py:4138} INFO - Setting next_dagrun for example_workday_timetable to 2021-01-04 00:00:00+00:00, run_after=2021-01-05 00:00:00+00:00
[2026-08-12T04:46:18.565+0000] {processor.py:208} INFO - Processing /home/airflow/.local/lib/python3.12/site-packages/airflow/example_dags/example_workday_timetable.py took 0.123 seconds
[2026-08-12T04:46:48.923+0000] {processor.py:186} INFO - Started process (PID=1775) to work on /home/airflow/.local/lib/python3.12/site-packages/airflow/example_dags/example_workday_timetable.py
[2026-08-12T04:46:48.925+0000] {processor.py:914} INFO - Processing file /home/airflow/.local/lib/python3.12/site-packages/airflow/example_dags/example_workday_timetable.py for tasks to queue
[2026-08-12T04:46:48.929+0000] {logging_mixin.py:190} INFO - [2026-08-12T04:46:48.928+0000] {dagbag.py:587} INFO - Filling up the DagBag from /home/airflow/.local/lib/python3.12/site-packages/airflow/example_dags/example_workday_timetable.py
[2026-08-12T04:46:48.938+0000] {processor.py:925} INFO - DAG(s) 'example_workday_timetable' retrieved from /home/airflow/.local/lib/python3.12/site-packages/airflow/example_dags/example_workday_timetable.py
[2026-08-12T04:46:48.961+0000] {logging_mixin.py:190} INFO - [2026-08-12T04:46:48.960+0000] {dag.py:3211} INFO - Sync 1 DAGs
[2026-08-12T04:46:49.023+0000] {logging_mixin.py:190} INFO - [2026-08-12T04:46:49.022+0000] {dag.py:4138} INFO - Setting next_dagrun for example_workday_timetable to 2021-01-04 00:00:00+00:00, run_after=2021-01-05 00:00:00+00:00
[2026-08-12T04:46:49.042+0000] {processor.py:208} INFO - Processing /home/airflow/.local/lib/python3.12/site-packages/airflow/example_dags/example_workday_timetable.py took 0.129 seconds
[2026-08-12T04:47:19.534+0000] {processor.py:186} INFO - Started process (PID=1837) to work on /home/airflow/.local/lib/python3.12/site-packages/airflow/example_dags/example_workday_timetable.py
[2026-08-12T04:47:19.536+0000] {processor.py:914} INFO - Processing file /home/airflow/.local/lib/python3.12/site-packages/airflow/example_dags/example_workday_timetable.py for tasks to queue
[2026-08-12T04:47:19.540+0000] {logging_mixin.py:190} INFO - [2026-08-12T04:47:19.539+0000] {dagbag.py:587} INFO - Filling up the DagBag from /home/airflow/.local/lib/python3.12/site-packages/airflow/example_dags/example_workday_timetable.py
[2026-08-12T04:47:19.547+0000] {processor.py:925} INFO - DAG(s) 'example_workday_timetable' retrieved from /home/airflow/.local/lib/python3.12/site-packages/airflow/example_dags/example_workday_timetable.py
[2026-08-12T04:47:19.573+0000] {logging_mixin.py:190} INFO - [2026-08-12T04:47:19.573+0000] {dag.py:3211} INFO - Sync 1 DAGs
[2026-08-12T04:47:19.637+0000] {logging_mixin.py:190} INFO - [2026-08-12T04:47:19.637+0000] {dag.py:4138} INFO - Setting next_dagrun for example_workday_timetable to 2021-01-04 00:00:00+00:00, run_after=2021-01-05 00:00:00+00:00
[2026-08-12T04:47:19.661+0000] {processor.py:208} INFO - Processing /home/airflow/.local/lib/python3.12/site-packages/airflow/example_dags/example_workday_timetable.py took 0.134 seconds
[2026-08-12T04:47:50.356+0000] {processor.py:186} INFO - Started process (PID=1899) to work on /home/airflow/.local/lib/python3.12/site-packages/airflow/example_dags/example_workday_timetable.py
[2026-08-12T04:47:50.358+0000] {processor.py:914} INFO - Processing file /home/airflow/.local/lib/python3.12/site-packages/airflow/example_dags/example_workday_timetable.py for tasks to queue
[2026-08-12T04:47:50.361+0000] {logging_mixin.py:190} INFO - [2026-08-12T04:47:50.361+0000] {dagbag.py:587} INFO - Filling up the DagBag from /home/airflow/.local/lib/python3.12/site-packages/airflow/example_dags/example_workday_timetable.py
[2026-08-12T04:47:50.367+0000] {processor.py:925} INFO - DAG(s) 'example_workday_timetable' retrieved from /home/airflow/.local/lib/python3.12/site-packages/airflow/example_dags/example_workday_timetable.py
[2026-08-12T04:47:50.391+0000] {logging_mixin.py:190} INFO - [2026-08-12T04:47:50.390+0000] {dag.py:3211} INFO - Sync 1 DAGs
[2026-08-12T04:47:50.475+0000] {logging_mixin.py:190} INFO - [2026-08-12T04:47:50.475+0000] {dag.py:4138} INFO - Setting next_dagrun for example_workday_timetable to 2021-01-04 00:00:00+00:00, run_after=2021-01-05 00:00:00+00:00
[2026-08-12T04:47:50.498+0000] {processor.py:208} INFO - Processing /home/airflow/.local/lib/python3.12/site-packages/airflow/example_dags/example_workday_timetable.py took 0.148 seconds
[2026-08-12T04:48:21.979+0000] {processor.py:186} INFO - Started process (PID=1962) to work on /home/airflow/.local/lib/python3.12/site-packages/airflow/example_dags/example_workday_timetable.py
[2026-08-12T04:48:21.982+0000] {processor.py:914} INFO - Processing file /home/airflow/.local/lib/python3.12/site-packages/airflow/example_dags/example_workday_timetable.py for tasks to queue
[2026-08-12T04:48:21.987+0000] {logging_mixin.py:190} INFO - [2026-08-12T04:48:21.987+0000] {dagbag.py:587} INFO - Filling up the DagBag from /home/airflow/.local/lib/python3.12/site-packages/airflow/example_dags/example_workday_timetable.py
[2026-08-12T04:48:22.000+0000] {processor.py:925} INFO - DAG(s) 'example_workday_timetable' retrieved from /home/airflow/.local/lib/python3.12/site-packages/airflow/example_dags/example_workday_timetable.py
[2026-08-12T04:48:22.039+0000] {logging_mixin.py:190} INFO - [2026-08-12T04:48:22.039+0000] {dag.py:3211} INFO - Sync 1 DAGs
[2026-08-12T04:48:22.137+0000] {logging_mixin.py:190} INFO - [2026-08-12T04:48:22.137+0000] {dag.py:4138} INFO - Setting next_dagrun for example_workday_timetable to 2021-01-04 00:00:00+00:00, run_after=2021-01-05 00:00:00+00:00
[2026-08-12T04:48:22.167+0000] {processor.py:208} INFO - Processing /home/airflow/.local/lib/python3.12/site-packages/airflow/example_dags/example_workday_timetable.py took 0.203 seconds
[2026-08-12T04:48:52.901+0000] {processor.py:186} INFO - Started process (PID=2025) to work on /home/airflow/.local/lib/python3.12/site-packages/airflow/example_dags/example_workday_timetable.py
[2026-08-12T04:48:52.903+0000] {processor.py:914} INFO - Processing file /home/airflow/.local/lib/python3.12/site-packages/airflow/example_dags/example_workday_timetable.py for tasks to queue
[2026-08-12T04:48:52.907+0000] {logging_mixin.py:190} INFO - [2026-08-12T04:48:52.906+0000] {dagbag.py:587} INFO - Filling up the DagBag from /home/airflow/.local/lib/python3.12/site-packages/airflow/example_dags/example_workday_timetable.py
[2026-08-12T04:48:52.914+0000] {processor.py:925} INFO - DAG(s) 'example_workday_timetable' retrieved from /home/airflow/.local/lib/python3.12/site-packages/airflow/example_dags/example_workday_timetable.py
[2026-08-12T04:48:52.936+0000] {logging_mixin.py:190} INFO - [2026-08-12T04:48:52.936+0000] {dag.py:3211} INFO - Sync 1 DAGs
[2026-08-12T04:48:53.000+0000] {logging_mixin.py:190} INFO - [2026-08-12T04:48:52.999+0000] {dag.py:4138} INFO - Setting next_dagrun for example_workday_timetable to 2021-01-04 00:00:00+00:00, run_after=2021-01-05 00:00:00+00:00
[2026-08-12T04:48:53.023+0000] {processor.py:208} INFO - Processing /home/airflow/.local/lib/python3.12/site-packages/airflow/example_dags/example_workday_timetable.py took 0.127 seconds
[2026-08-12T04:49:23.376+0000] {processor.py:186} INFO - Started process (PID=2088) to work on /home/airflow/.local/lib/python3.12/site-packages/airflow/example_dags/example_workday_timetable.py
[2026-08-12T04:49:23.378+0000] {processor.py:914} INFO - Processing file /home/airflow/.local/lib/python3.12/site-packages/airflow/example_dags/example_workday_timetable.py for tasks to queue
[2026-08-12T04:49:23.381+0000] {logging_mixin.py:190} INFO - [2026-08-12T04:49:23.381+0000] {dagbag.py:587} INFO - Filling up the DagBag from /home/airflow/.local/lib/python3.12/site-packages/airflow/example_dags/example_workday_timetable.py
[2026-08-12T04:49:23.389+0000] {processor.py:925} INFO - DAG(s) 'example_workday_timetable' retrieved from /home/airflow/.local/lib/python3.12/site-packages/airflow/example_dags/example_workday_timetable.py
[2026-08-12T04:49:23.415+0000] {logging_mixin.py:190} INFO - [2026-08-12T04:49:23.414+0000] {dag.py:3211} INFO - Sync 1 DAGs
[2026-08-12T04:49:23.481+0000] {logging_mixin.py:190} INFO - [2026-08-12T04:49:23.481+0000] {dag.py:4138} INFO - Setting next_dagrun for example_workday_timetable to 2021-01-04 00:00:00+00:00, run_after=2021-01-05 00:00:00+00:00
[2026-08-12T04:49:23.503+0000] {processor.py:208} INFO - Processing /home/airflow/.local/lib/python3.12/site-packages/airflow/example_dags/example_workday_timetable.py took 0.133 seconds
[2026-08-12T04:49:54.380+0000] {processor.py:186} INFO - Started process (PID=2152) to work on /home/airflow/.local/lib/python3.12/site-packages/airflow/example_dags/example_workday_timetable.py
[2026-08-12T04:49:54.381+0000] {processor.py:914} INFO - Processing file /home/airflow/.local/lib/python3.12/site-packages/airflow/example_dags/example_workday_timetable.py for tasks to queue
[2026-08-12T04:49:54.385+0000] {logging_mixin.py:190} INFO - [2026-08-12T04:49:54.384+0000] {dagbag.py:587} INFO - Filling up the DagBag from /home/airflow/.local/lib/python3.12/site-packages/airflow/example_dags/example_workday_timetable.py
[2026-08-12T04:49:54.391+0000] {processor.py:925} INFO - DAG(s) 'example_workday_timetable' retrieved from /home/airflow/.local/lib/python3.12/site-packages/airflow/example_dags/example_workday_timetable.py
[2026-08-12T04:49:54.413+0000] {logging_mixin.py:190} INFO - [2026-08-12T04:49:54.413+0000] {dag.py:3211} INFO - Sync 1 DAGs
[2026-08-12T04:49:54.483+0000] {logging_mixin.py:190} INFO - [2026-08-12T04:49:54.483+0000] {dag.py:4138} INFO - Setting next_dagrun for example_workday_timetable to 2021-01-04 00:00:00+00:00, run_after=2021-01-05 00:00:00+00:00
[2026-08-12T04:49:54.504+0000] {processor.py:208} INFO - Processing /home/airflow/.local/lib/python3.12/site-packages/airflow/example_dags/example_workday_timetable.py took 0.131 seconds
[2026-08-12T04:50:25.008+0000] {processor.py:186} INFO - Started process (PID=2216) to work on /home/airflow/.local/lib/python3.12/site-packages/airflow/example_dags/example_workday_timetable.py
[2026-08-12T04:50:25.010+0000] {processor.py:914} INFO - Processing file /home/airflow/.local/lib/python3.12/site-packages/airflow/example_dags/example_workday_timetable.py for tasks to queue
[2026-08-12T04:50:25.013+0000] {logging_mixin.py:190} INFO - [2026-08-12T04:50:25.013+0000] {dagbag.py:587} INFO - Filling up the DagBag from /home/airflow/.local/lib/python3.12/site-packages/airflow/example_dags/example_workday_timetable.py
[2026-08-12T04:50:25.020+0000] {processor.py:925} INFO - DAG(s) 'example_workday_timetable' retrieved from /home/airflow/.local/lib/python3.12/site-packages/airflow/example_dags/example_workday_timetable.py
[2026-08-12T04:50:25.044+0000] {logging_mixin.py:190} INFO - [2026-08-12T04:50:25.043+0000] {dag.py:3211} INFO - Sync 1 DAGs
[2026-08-12T04:50:25.103+0000] {logging_mixin.py:190} INFO - [2026-08-12T04:50:25.103+0000] {dag.py:4138} INFO - Setting next_dagrun for example_workday_timetable to 2021-01-04 00:00:00+00:00, run_after=2021-01-05 00:00:00+00:00
[2026-08-12T04:50:25.124+0000] {processor.py:208} INFO - Processing /home/airflow/.local/lib/python3.12/site-packages/airflow/example_dags/example_workday_timetable.py took 0.123 seconds
[2026-08-12T04:50:55.934+0000] {processor.py:186} INFO - Started process (PID=2279) to work on /home/airflow/.local/lib/python3.12/site-packages/airflow/example_dags/example_workday_timetable.py
[2026-08-12T04:50:55.936+0000] {processor.py:914} INFO - Processing file /home/airflow/.local/lib/python3.12/site-packages/airflow/example_dags/example_workday_timetable.py for tasks to queue
[2026-08-12T04:50:55.940+0000] {logging_mixin.py:190} INFO - [2026-08-12T04:50:55.939+0000] {dagbag.py:587} INFO - Filling up the DagBag from /home/airflow/.local/lib/python3.12/site-packages/airflow/example_dags/example_workday_timetable.py
[2026-08-12T04:50:55.946+0000] {processor.py:925} INFO - DAG(s) 'example_workday_timetable' retrieved from /home/airflow/.local/lib/python3.12/site-packages/airflow/example_dags/example_workday_timetable.py
[2026-08-12T04:50:55.970+0000] {logging_mixin.py:190} INFO - [2026-08-12T04:50:55.969+0000] {dag.py:3211} INFO - Sync 1 DAGs
[2026-08-12T04:50:56.033+0000] {logging_mixin.py:190} INFO - [2026-08-12T04:50:56.033+0000] {dag.py:4138} INFO - Setting next_dagrun for example_workday_timetable to 2021-01-04 00:00:00+00:00, run_after=2021-01-05 00:00:00+00:00
[2026-08-12T04:50:56.055+0000] {processor.py:208} INFO - Processing /home/airflow/.local/lib/python3.12/site-packages/airflow/example_dags/example_workday_timetable.py took 0.127 seconds
[2026-08-12T04:51:26.560+0000] {processor.py:186} INFO - Started process (PID=2342) to work on /home/airflow/.local/lib/python3.12/site-packages/airflow/example_dags/example_workday_timetable.py
[2026-08-12T04:51:26.563+0000] {processor.py:914} INFO - Processing file /home/airflow/.local/lib/python3.12/site-packages/airflow/example_dags/example_workday_timetable.py for tasks to queue
[2026-08-12T04:51:26.567+0000] {logging_mixin.py:190} INFO - [2026-08-12T04:51:26.566+0000] {dagbag.py:587} INFO - Filling up the DagBag from /home/airflow/.local/lib/python3.12/site-packages/airflow/example_dags/example_workday_timetable.py
[2026-08-12T04:51:26.574+0000] {processor.py:925} INFO - DAG(s) 'example_workday_timetable' retrieved from /home/airflow/.local/lib/python3.12/site-packages/airflow/example_dags/example_workday_timetable.py
[2026-08-12T04:51:26.600+0000] {logging_mixin.py:190} INFO - [2026-08-12T04:51:26.600+0000] {dag.py:3211} INFO - Sync 1 DAGs
[2026-08-12T04:51:26.681+0000] {logging_mixin.py:190} INFO - [2026-08-12T04:51:26.681+0000] {dag.py:4138} INFO - Setting next_dagrun for example_workday_timetable to 2021-01-04 00:00:00+00:00, run_after=2021-01-05 00:00:00+00:00
[2026-08-12T04:51:26.701+0000] {processor.py:208} INFO - Processing /home/airflow/.local/lib/python3.12/site-packages/airflow/example_dags/example_workday_timetable.py took 0.147 seconds
[2026-08-12T04:51:57.447+0000] {processor.py:186} INFO - Started process (PID=2405) to work on /home/airflow/.local/lib/python3.12/site-packages/airflow/example_dags/example_workday_timetable.py
[2026-08-12T04:51:57.448+0000] {processor.py:914} INFO - Processing file /home/airflow/.local/lib/python3.12/site-packages/airflow/example_dags/example_workday_timetable.py for tasks to queue
[2026-08-12T04:51:57.452+0000] {logging_mixin.py:190} INFO - [2026-08-12T04:51:57.451+0000] {dagbag.py:587} INFO - Filling up the DagBag from /home/airflow/.local/lib/python3.12/site-packages/airflow/example_dags/example_workday_timetable.py
[2026-08-12T04:51:57.458+0000] {processor.py:925} INFO - DAG(s) 'example_workday_timetable' retrieved from /home/airflow/.local/lib/python3.12/site-packages/airflow/example_dags/example_workday_timetable.py
[2026-08-12T04:51:57.480+0000] {logging_mixin.py:190} INFO - [2026-08-12T04:51:57.480+0000] {dag.py:3211} INFO - Sync 1 DAGs
[2026-08-12T04:51:57.532+0000] {logging_mixin.py:190} INFO - [2026-08-12T04:51:57.532+0000] {dag.py:4138} INFO - Setting next_dagrun for example_workday_timetable to 2021-01-04 00:00:00+00:00, run_after=2021-01-05 00:00:00+00:00
[2026-08-12T04:51:57.551+0000] {processor.py:208} INFO - Processing /home/airflow/.local/lib/python3.12/site-packages/airflow/example_dags/example_workday_timetable.py took 0.111 seconds
[2026-08-12T04:52:27.748+0000] {processor.py:186} INFO - Started process (PID=2468) to work on /home/airflow/.local/lib/python3.12/site-packages/airflow/example_dags/example_workday_timetable.py
[2026-08-12T04:52:27.750+0000] {processor.py:914} INFO - Processing file /home/airflow/.local/lib/python3.12/site-packages/airflow/example_dags/example_workday_timetable.py for tasks to queue
[2026-08-12T04:52:27.754+0000] {logging_mixin.py:190} INFO - [2026-08-12T04:52:27.753+0000] {dagbag.py:587} INFO - Filling up the DagBag from /home/airflow/.local/lib/python3.12/site-packages/airflow/example_dags/example_workday_timetable.py
[2026-08-12T04:52:27.762+0000] {processor.py:925} INFO - DAG(s) 'example_workday_timetable' retrieved from /home/airflow/.local/lib/python3.12/site-packages/airflow/example_dags/example_workday_timetable.py
[2026-08-12T04:52:27.792+0000] {logging_mixin.py:190} INFO - [2026-08-12T04:52:27.791+0000] {dag.py:3211} INFO - Sync 1 DAGs
[2026-08-12T04:52:27.873+0000] {logging_mixin.py:190} INFO - [2026-08-12T04:52:27.873+0000] {dag.py:4138} INFO - Setting next_dagrun for example_workday_timetable to 2021-01-04 00:00:00+00:00, run_after=2021-01-05 00:00:00+00:00
[2026-08-12T04:52:27.899+0000] {processor.py:208} INFO - Processing /home/airflow/.local/lib/python3.12/site-packages/airflow/example_dags/example_workday_timetable.py took 0.159 seconds
[2026-08-12T04:52:58.741+0000] {processor.py:186} INFO - Started process (PID=2531) to work on /home/airflow/.local/lib/python3.12/site-packages/airflow/example_dags/example_workday_timetable.py
[2026-08-12T04:52:58.743+0000] {processor.py:914} INFO - Processing file /home/airflow/.local/lib/python3.12/site-packages/airflow/example_dags/example_workday_timetable.py for tasks to queue
[2026-08-12T04:52:58.746+0000] {logging_mixin.py:190} INFO - [2026-08-12T04:52:58.746+0000] {dagbag.py:587} INFO - Filling up the DagBag from /home/airflow/.local/lib/python3.12/site-packages/airflow/example_dags/example_workday_timetable.py
[2026-08-12T04:52:58.752+0000] {processor.py:925} INFO - DAG(s) 'example_workday_timetable' retrieved from /home/airflow/.local/lib/python3.12/site-packages/airflow/example_dags/example_workday_timetable.py
[2026-08-12T04:52:58.771+0000] {logging_mixin.py:190} INFO - [2026-08-12T04:52:58.771+0000] {dag.py:3211} INFO - Sync 1 DAGs
[2026-08-12T04:52:58.824+0000] {logging_mixin.py:190} INFO - [2026-08-12T04:52:58.824+0000] {dag.py:4138} INFO - Setting next_dagrun for example_workday_timetable to 2021-01-04 00:00:00+00:00, run_after=2021-01-05 00:00:00+00:00
[2026-08-12T04:52:58.844+0000] {processor.py:208} INFO - Processing /home/airflow/.local/lib/python3.12/site-packages/airflow/example_dags/example_workday_timetable.py took 0.108 seconds
[2026-08-12T04:53:29.537+0000] {processor.py:186} INFO - Started process (PID=2594) to work on /home/airflow/.local/lib/python3.12/site-packages/airflow/example_dags/example_workday_timetable.py
[2026-08-12T04:53:29.540+0000] {processor.py:914} INFO - Processing file /home/airflow/.local/lib/python3.12/site-packages/airflow/example_dags/example_workday_timetable.py for tasks to queue
[2026-08-12T04:53:29.544+0000] {logging_mixin.py:190} INFO - [2026-08-12T04:53:29.544+0000] {dagbag.py:587} INFO - Filling up the DagBag from /home/airflow/.local/lib/python3.12/site-packages/airflow/example_dags/example_workday_timetable.py
[2026-08-12T04:53:29.553+0000] {processor.py:925} INFO - DAG(s) 'example_workday_timetable' retrieved from /home/airflow/.local/lib/python3.12/site-packages/airflow/example_dags/example_workday_timetable.py
[2026-08-12T04:53:29.587+0000] {logging_mixin.py:190} INFO - [2026-08-12T04:53:29.587+0000] {dag.py:3211} INFO - Sync 1 DAGs
[2026-08-12T04:53:29.665+0000] {logging_mixin.py:190} INFO - [2026-08-12T04:53:29.664+0000] {dag.py:4138} INFO - Setting next_dagrun for example_workday_timetable to 2021-01-04 00:00:00+00:00, run_after=2021-01-05 00:00:00+00:00
[2026-08-12T04:53:29.702+0000] {processor.py:208} INFO - Processing /home/airflow/.local/lib/python3.12/site-packages/airflow/example_dags/example_workday_timetable.py took 0.173 seconds
[2026-08-12T04:54:00.527+0000] {processor.py:186} INFO - Started process (PID=2657) to work on /home/airflow/.local/lib/python3.12/site-packages/airflow/example_dags/example_workday_timetable.py
[2026-08-12T04:54:00.529+0000] {processor.py:914} INFO - Processing file /home/airflow/.local/lib/python3.12/site-packages/airflow/example_dags/example_workday_timetable.py for tasks to queue
[2026-08-12T04:54:00.532+0000] {logging_mixin.py:190} INFO - [2026-08-12T04:54:00.531+0000] {dagbag.py:587} INFO - Filling up the DagBag from /home/airflow/.local/lib/python3.12/site-packages/airflow/example_dags/example_workday_timetable.py
[2026-08-12T04:54:00.538+0000] {processor.py:925} INFO - DAG(s) 'example_workday_timetable' retrieved from /home/airflow/.local/lib/python3.12/site-packages/airflow/example_dags/example_workday_timetable.py
[2026-08-12T04:54:00.560+0000] {logging_mixin.py:190} INFO - [2026-08-12T04:54:00.560+0000] {dag.py:3211} INFO - Sync 1 DAGs
[2026-08-12T04:54:00.613+0000] {logging_mixin.py:190} INFO - [2026-08-12T04:54:00.613+0000] {dag.py:4138} INFO - Setting next_dagrun for example_workday_timetable to 2021-01-04 00:00:00+00:00, run_after=2021-01-05 00:00:00+00:00
[2026-08-12T04:54:00.634+0000] {processor.py:208} INFO - Processing /home/airflow/.local/lib/python3.12/site-packages/airflow/example_dags/example_workday_timetable.py took 0.112 seconds
[2026-08-12T04:54:31.156+0000] {processor.py:186} INFO - Started process (PID=2720) to work on /home/airflow/.local/lib/python3.12/site-packages/airflow/example_dags/example_workday_timetable.py
[2026-08-12T04:54:31.158+0000] {processor.py:914} INFO - Processing file /home/airflow/.local/lib/python3.12/site-packages/airflow/example_dags/example_workday_timetable.py for tasks to queue
[2026-08-12T04:54:31.161+0000] {logging_mixin.py:190} INFO - [2026-08-12T04:54:31.161+0000] {dagbag.py:587} INFO - Filling up the DagBag from /home/airflow/.local/lib/python3.12/site-packages/airflow/example_dags/example_workday_timetable.py
[2026-08-12T04:54:31.169+0000] {processor.py:925} INFO - DAG(s) 'example_workday_timetable' retrieved from /home/airflow/.local/lib/python3.12/site-packages/airflow/example_dags/example_workday_timetable.py
[2026-08-12T04:54:31.194+0000] {logging_mixin.py:190} INFO - [2026-08-12T04:54:31.194+0000] {dag.py:3211} INFO - Sync 1 DAGs
[2026-08-12T04:54:31.253+0000] {logging_mixin.py:190} INFO - [2026-08-12T04:54:31.252+0000] {dag.py:4138} INFO - Setting next_dagrun for example_workday_timetable to 2021-01-04 00:00:00+00:00, run_after=2021-01-05 00:00:00+00:00
[2026-08-12T04:54:31.275+0000] {processor.py:208} INFO - Processing /home/airflow/.local/lib/python3.12/site-packages/airflow/example_dags/example_workday_timetable.py took 0.128 seconds
[2026-08-12T04:55:01.839+0000] {processor.py:186} INFO - Started process (PID=2783) to work on /home/airflow/.local/lib/python3.12/site-packages/airflow/example_dags/example_workday_timetable.py
[2026-08-12T04:55:01.841+0000] {processor.py:914} INFO - Processing file /home/airflow/.local/lib/python3.12/site-packages/airflow/example_dags/example_workday_timetable.py for tasks to queue
[2026-08-12T04:55:01.845+0000] {logging_mixin.py:190} INFO - [2026-08-12T04:55:01.844+0000] {dagbag.py:587} INFO - Filling up the DagBag from /home/airflow/.local/lib/python3.12/site-packages/airflow/example_dags/example_workday_timetable.py
[2026-08-12T04:55:01.864+0000] {processor.py:925} INFO - DAG(s) 'example_workday_timetable' retrieved from /home/airflow/.local/lib/python3.12/site-packages/airflow/example_dags/example_workday_timetable.py
[2026-08-12T04:55:01.887+0000] {logging_mixin.py:190} INFO - [2026-08-12T04:55:01.887+0000] {dag.py:3211} INFO - Sync 1 DAGs
[2026-08-12T04:55:01.945+0000] {logging_mixin.py:190} INFO - [2026-08-12T04:55:01.945+0000] {dag.py:4138} INFO - Setting next_dagrun for example_workday_timetable to 2021-01-04 00:00:00+00:00, run_after=2021-01-05 00:00:00+00:00
[2026-08-12T04:55:01.967+0000] {processor.py:208} INFO - Processing /home/airflow/.local/lib/python3.12/site-packages/airflow/example_dags/example_workday_timetable.py took 0.135 seconds
[2026-08-12T04:55:32.653+0000] {processor.py:186} INFO - Started process (PID=2846) to work on /home/airflow/.local/lib/python3.12/site-packages/airflow/example_dags/example_workday_timetable.py
[2026-08-12T04:55:32.655+0000] {processor.py:914} INFO - Processing file /home/airflow/.local/lib/python3.12/site-packages/airflow/example_dags/example_workday_timetable.py for tasks to queue
[2026-08-12T04:55:32.659+0000] {logging_mixin.py:190} INFO - [2026-08-12T04:55:32.659+0000] {dagbag.py:587} INFO - Filling up the DagBag from /home/airflow/.local/lib/python3.12/site-packages/airflow/example_dags/example_workday_timetable.py
[2026-08-12T04:55:32.667+0000] {processor.py:925} INFO - DAG(s) 'example_workday_timetable' retrieved from /home/airflow/.local/lib/python3.12/site-packages/airflow/example_dags/example_workday_timetable.py
[2026-08-12T04:55:32.696+0000] {logging_mixin.py:190} INFO - [2026-08-12T04:55:32.695+0000] {dag.py:3211} INFO - Sync 1 DAGs
[2026-08-12T04:55:32.767+0000] {logging_mixin.py:190} INFO - [2026-08-12T04:55:32.766+0000] {dag.py:4138} INFO - Setting next_dagrun for example_workday_timetable to 2021-01-04 00:00:00+00:00, run_after=2021-01-05 00:00:00+00:00
[2026-08-12T04:55:32.792+0000] {processor.py:208} INFO - Processing /home/airflow/.local/lib/python3.12/site-packages/airflow/example_dags/example_workday_timetable.py took 0.146 seconds
[2026-08-12T04:56:03.148+0000] {processor.py:186} INFO - Started process (PID=2915) to work on /home/airflow/.local/lib/python3.12/site-packages/airflow/example_dags/example_workday_timetable.py
[2026-08-12T04:56:03.150+0000] {processor.py:914} INFO - Processing file /home/airflow/.local/lib/python3.12/site-packages/airflow/example_dags/example_workday_timetable.py for tasks to queue
[2026-08-12T04:56:03.153+0000] {logging_mixin.py:190} INFO - [2026-08-12T04:56:03.153+0000] {dagbag.py:587} INFO - Filling up the DagBag from /home/airflow/.local/lib/python3.12/site-packages/airflow/example_dags/example_workday_timetable.py
[2026-08-12T04:56:03.160+0000] {processor.py:925} INFO - DAG(s) 'example_workday_timetable' retrieved from /home/airflow/.local/lib/python3.12/site-packages/airflow/example_dags/example_workday_timetable.py
[2026-08-12T04:56:03.188+0000] {logging_mixin.py:190} INFO - [2026-08-12T04:56:03.188+0000] {dag.py:3211} INFO - Sync 1 DAGs
[2026-08-12T04:56:03.255+0000] {logging_mixin.py:190} INFO - [2026-08-12T04:56:03.255+0000] {dag.py:4138} INFO - Setting next_dagrun for example_workday_timetable to 2021-01-04 00:00:00+00:00, run_after=2021-01-05 00:00:00+00:00
[2026-08-12T04:56:03.278+0000] {processor.py:208} INFO - Processing /home/airflow/.local/lib/python3.12/site-packages/airflow/example_dags/example_workday_timetable.py took 0.138 seconds
[2026-08-12T04:56:33.817+0000] {processor.py:186} INFO - Started process (PID=2978) to work on /home/airflow/.local/lib/python3.12/site-packages/airflow/example_dags/example_workday_timetable.py
[2026-08-12T04:56:33.819+0000] {processor.py:914} INFO - Processing file /home/airflow/.local/lib/python3.12/site-packages/airflow/example_dags/example_workday_timetable.py for tasks to queue
[2026-08-12T04:56:33.823+0000] {logging_mixin.py:190} INFO - [2026-08-12T04:56:33.823+0000] {dagbag.py:587} INFO - Filling up the DagBag from /home/airflow/.local/lib/python3.12/site-packages/airflow/example_dags/example_workday_timetable.py
[2026-08-12T04:56:33.832+0000] {processor.py:925} INFO - DAG(s) 'example_workday_timetable' retrieved from /home/airflow/.local/lib/python3.12/site-packages/airflow/example_dags/example_workday_timetable.py
[2026-08-12T04:56:33.860+0000] {logging_mixin.py:190} INFO - [2026-08-12T04:56:33.860+0000] {dag.py:3211} INFO - Sync 1 DAGs
[2026-08-12T04:56:33.924+0000] {logging_mixin.py:190} INFO - [2026-08-12T04:56:33.923+0000] {dag.py:4138} INFO - Setting next_dagrun for example_workday_timetable to 2021-01-04 00:00:00+00:00, run_after=2021-01-05 00:00:00+00:00
[2026-08-12T04:56:33.945+0000] {processor.py:208} INFO - Processing /home/airflow/.local/lib/python3.12/site-packages/airflow/example_dags/example_workday_timetable.py took 0.136 seconds
[2026-08-12T04:57:04.284+0000] {processor.py:186} INFO - Started process (PID=3041) to work on /home/airflow/.local/lib/python3.12/site-packages/airflow/example_dags/example_workday_timetable.py
[2026-08-12T04:57:04.286+0000] {processor.py:914} INFO - Processing file /home/airflow/.local/lib/python3.12/site-packages/airflow/example_dags/example_workday_timetable.py for tasks to queue
[2026-08-12T04:57:04.289+0000] {logging_mixin.py:190} INFO - [2026-08-12T04:57:04.289+0000] {dagbag.py:587} INFO - Filling up the DagBag from /home/airflow/.local/lib/python3.12/site-packages/airflow/example_dags/example_workday_timetable.py
[2026-08-12T04:57:04.296+0000] {processor.py:925} INFO - DAG(s) 'example_workday_timetable' retrieved from /home/airflow/.local/lib/python3.12/site-packages/airflow/example_dags/example_workday_timetable.py
[2026-08-12T04:57:04.317+0000] {logging_mixin.py:190} INFO - [2026-08-12T04:57:04.317+0000] {dag.py:3211} INFO - Sync 1 DAGs
[2026-08-12T04:57:04.573+0000] {logging_mixin.py:190} INFO - [2026-08-12T04:57:04.573+0000] {dag.py:4138} INFO - Setting next_dagrun for example_workday_timetable to 2021-01-04 00:00:00+00:00, run_after=2021-01-05 00:00:00+00:00
[2026-08-12T04:57:04.596+0000] {processor.py:208} INFO - Processing /home/airflow/.local/lib/python3.12/site-packages/airflow/example_dags/example_workday_timetable.py took 0.318 seconds
[2026-08-12T04:57:35.269+0000] {processor.py:186} INFO - Started process (PID=3104) to work on /home/airflow/.local/lib/python3.12/site-packages/airflow/example_dags/example_workday_timetable.py
[2026-08-12T04:57:35.271+0000] {processor.py:914} INFO - Processing file /home/airflow/.local/lib/python3.12/site-packages/airflow/example_dags/example_workday_timetable.py for tasks to queue
[2026-08-12T04:57:35.274+0000] {logging_mixin.py:190} INFO - [2026-08-12T04:57:35.274+0000] {dagbag.py:587} INFO - Filling up the DagBag from /home/airflow/.local/lib/python3.12/site-packages/airflow/example_dags/example_workday_timetable.py
[2026-08-12T04:57:35.282+0000] {processor.py:925} INFO - DAG(s) 'example_workday_timetable' retrieved from /home/airflow/.local/lib/python3.12/site-packages/airflow/example_dags/example_workday_timetable.py
[2026-08-12T04:57:35.304+0000] {logging_mixin.py:190} INFO - [2026-08-12T04:57:35.304+0000] {dag.py:3211} INFO - Sync 1 DAGs
[2026-08-12T04:57:35.383+0000] {logging_mixin.py:190} INFO - [2026-08-12T04:57:35.383+0000] {dag.py:4138} INFO - Setting next_dagrun for example_workday_timetable to 2021-01-04 00:00:00+00:00, run_after=2021-01-05 00:00:00+00:00
[2026-08-12T04:57:35.597+0000] {processor.py:208} INFO - Processing /home/airflow/.local/lib/python3.12/site-packages/airflow/example_dags/example_workday_timetable.py took 0.334 seconds
[2026-08-12T04:58:05.953+0000] {processor.py:186} INFO - Started process (PID=3167) to work on /home/airflow/.local/lib/python3.12/site-packages/airflow/example_dags/example_workday_timetable.py
[2026-08-12T04:58:05.954+0000] {processor.py:914} INFO - Processing file /home/airflow/.local/lib/python3.12/site-packages/airflow/example_dags/example_workday_timetable.py for tasks to queue
[2026-08-12T04:58:05.958+0000] {logging_mixin.py:190} INFO - [2026-08-12T04:58:05.957+0000] {dagbag.py:587} INFO - Filling up the DagBag from /home/airflow/.local/lib/python3.12/site-packages/airflow/example_dags/example_workday_timetable.py
[2026-08-12T04:58:05.964+0000] {processor.py:925} INFO - DAG(s) 'example_workday_timetable' retrieved from /home/airflow/.local/lib/python3.12/site-packages/airflow/example_dags/example_workday_timetable.py
[2026-08-12T04:58:05.986+0000] {logging_mixin.py:190} INFO - [2026-08-12T04:58:05.986+0000] {dag.py:3211} INFO - Sync 1 DAGs
[2026-08-12T04:58:06.049+0000] {logging_mixin.py:190} INFO - [2026-08-12T04:58:06.049+0000] {dag.py:4138} INFO - Setting next_dagrun for example_workday_timetable to 2021-01-04 00:00:00+00:00, run_after=2021-01-05 00:00:00+00:00
[2026-08-12T04:58:06.255+0000] {processor.py:208} INFO - Processing /home/airflow/.local/lib/python3.12/site-packages/airflow/example_dags/example_workday_timetable.py took 0.308 seconds
[2026-08-12T04:58:36.375+0000] {processor.py:186} INFO - Started process (PID=3230) to work on /home/airflow/.local/lib/python3.12/site-packages/airflow/example_dags/example_workday_timetable.py
[2026-08-12T04:58:36.377+0000] {processor.py:914} INFO - Processing file /home/airflow/.local/lib/python3.12/site-packages/airflow/example_dags/example_workday_timetable.py for tasks to queue
[2026-08-12T04:58:36.381+0000] {logging_mixin.py:190} INFO - [2026-08-12T04:58:36.381+0000] {dagbag.py:587} INFO - Filling up the DagBag from /home/airflow/.local/lib/python3.12/site-packages/airflow/example_dags/example_workday_timetable.py
[2026-08-12T04:58:36.390+0000] {processor.py:925} INFO - DAG(s) 'example_workday_timetable' retrieved from /home/airflow/.local/lib/python3.12/site-packages/airflow/example_dags/example_workday_timetable.py
[2026-08-12T04:58:36.413+0000] {logging_mixin.py:190} INFO - [2026-08-12T04:58:36.413+0000] {dag.py:3211} INFO - Sync 1 DAGs
[2026-08-12T04:58:36.478+0000] {logging_mixin.py:190} INFO - [2026-08-12T04:58:36.478+0000] {dag.py:4138} INFO - Setting next_dagrun for example_workday_timetable to 2021-01-04 00:00:00+00:00, run_after=2021-01-05 00:00:00+00:00
[2026-08-12T04:58:36.497+0000] {processor.py:208} INFO - Processing /home/airflow/.local/lib/python3.12/site-packages/airflow/example_dags/example_workday_timetable.py took 0.128 seconds
[2026-08-12T04:59:07.183+0000] {processor.py:186} INFO - Started process (PID=3293) to work on /home/airflow/.local/lib/python3.12/site-packages/airflow/example_dags/example_workday_timetable.py
[2026-08-12T04:59:07.185+0000] {processor.py:914} INFO - Processing file /home/airflow/.local/lib/python3.12/site-packages/airflow/example_dags/example_workday_timetable.py for tasks to queue
[2026-08-12T04:59:07.188+0000] {logging_mixin.py:190} INFO - [2026-08-12T04:59:07.188+0000] {dagbag.py:587} INFO - Filling up the DagBag from /home/airflow/.local/lib/python3.12/site-packages/airflow/example_dags/example_workday_timetable.py
[2026-08-12T04:59:07.196+0000] {processor.py:925} INFO - DAG(s) 'example_workday_timetable' retrieved from /home/airflow/.local/lib/python3.12/site-packages/airflow/example_dags/example_workday_timetable.py
[2026-08-12T04:59:07.218+0000] {logging_mixin.py:190} INFO - [2026-08-12T04:59:07.217+0000] {dag.py:3211} INFO - Sync 1 DAGs
[2026-08-12T04:59:07.293+0000] {logging_mixin.py:190} INFO - [2026-08-12T04:59:07.293+0000] {dag.py:4138} INFO - Setting next_dagrun for example_workday_timetable to 2021-01-04 00:00:00+00:00, run_after=2021-01-05 00:00:00+00:00
[2026-08-12T04:59:07.315+0000] {processor.py:208} INFO - Processing /home/airflow/.local/lib/python3.12/site-packages/airflow/example_dags/example_workday_timetable.py took 0.139 seconds
[2026-08-12T04:59:37.803+0000] {processor.py:186} INFO - Started process (PID=3356) to work on /home/airflow/.local/lib/python3.12/site-packages/airflow/example_dags/example_workday_timetable.py
[2026-08-12T04:59:37.804+0000] {processor.py:914} INFO - Processing file /home/airflow/.local/lib/python3.12/site-packages/airflow/example_dags/example_workday_timetable.py for tasks to queue
[2026-08-12T04:59:37.807+0000] {logging_mixin.py:190} INFO - [2026-08-12T04:59:37.807+0000] {dagbag.py:587} INFO - Filling up the DagBag from /home/airflow/.local/lib/python3.12/site-packages/airflow/example_dags/example_workday_timetable.py
[2026-08-12T04:59:37.814+0000] {processor.py:925} INFO - DAG(s) 'example_workday_timetable' retrieved from /home/airflow/.local/lib/python3.12/site-packages/airflow/example_dags/example_workday_timetable.py
[2026-08-12T04:59:38.029+0000] {logging_mixin.py:190} INFO - [2026-08-12T04:59:38.029+0000] {dag.py:3211} INFO - Sync 1 DAGs
[2026-08-12T04:59:38.082+0000] {logging_mixin.py:190} INFO - [2026-08-12T04:59:38.082+0000] {dag.py:4138} INFO - Setting next_dagrun for example_workday_timetable to 2021-01-04 00:00:00+00:00, run_after=2021-01-05 00:00:00+00:00
[2026-08-12T04:59:38.100+0000] {processor.py:208} INFO - Processing /home/airflow/.local/lib/python3.12/site-packages/airflow/example_dags/example_workday_timetable.py took 0.303 seconds
[2026-08-12T05:00:08.447+0000] {processor.py:186} INFO - Started process (PID=3419) to work on /home/airflow/.local/lib/python3.12/site-packages/airflow/example_dags/example_workday_timetable.py
[2026-08-12T05:00:08.449+0000] {processor.py:914} INFO - Processing file /home/airflow/.local/lib/python3.12/site-packages/airflow/example_dags/example_workday_timetable.py for tasks to queue
[2026-08-12T05:00:08.453+0000] {logging_mixin.py:190} INFO - [2026-08-12T05:00:08.452+0000] {dagbag.py:587} INFO - Filling up the DagBag from /home/airflow/.local/lib/python3.12/site-packages/airflow/example_dags/example_workday_timetable.py
[2026-08-12T05:00:08.460+0000] {processor.py:925} INFO - DAG(s) 'example_workday_timetable' retrieved from /home/airflow/.local/lib/python3.12/site-packages/airflow/example_dags/example_workday_timetable.py
[2026-08-12T05:00:08.482+0000] {logging_mixin.py:190} INFO - [2026-08-12T05:00:08.482+0000] {dag.py:3211} INFO - Sync 1 DAGs
[2026-08-12T05:00:08.562+0000] {logging_mixin.py:190} INFO - [2026-08-12T05:00:08.562+0000] {dag.py:4138} INFO - Setting next_dagrun for example_workday_timetable to 2021-01-04 00:00:00+00:00, run_after=2021-01-05 00:00:00+00:00
[2026-08-12T05:00:08.589+0000] {processor.py:208} INFO - Processing /home/airflow/.local/lib/python3.12/site-packages/airflow/example_dags/example_workday_timetable.py took 0.148 seconds
[2026-08-12T05:00:39.009+0000] {processor.py:186} INFO - Started process (PID=3482) to work on /home/airflow/.local/lib/python3.12/site-packages/airflow/example_dags/example_workday_timetable.py
[2026-08-12T05:00:39.011+0000] {processor.py:914} INFO - Processing file /home/airflow/.local/lib/python3.12/site-packages/airflow/example_dags/example_workday_timetable.py for tasks to queue
[2026-08-12T05:00:39.014+0000] {logging_mixin.py:190} INFO - [2026-08-12T05:00:39.014+0000] {dagbag.py:587} INFO - Filling up the DagBag from /home/airflow/.local/lib/python3.12/site-packages/airflow/example_dags/example_workday_timetable.py
[2026-08-12T05:00:39.021+0000] {processor.py:925} INFO - DAG(s) 'example_workday_timetable' retrieved from /home/airflow/.local/lib/python3.12/site-packages/airflow/example_dags/example_workday_timetable.py
[2026-08-12T05:00:39.042+0000] {logging_mixin.py:190} INFO - [2026-08-12T05:00:39.041+0000] {dag.py:3211} INFO - Sync 1 DAGs
[2026-08-12T05:00:39.100+0000] {logging_mixin.py:190} INFO - [2026-08-12T05:00:39.100+0000] {dag.py:4138} INFO - Setting next_dagrun for example_workday_timetable to 2021-01-04 00:00:00+00:00, run_after=2021-01-05 00:00:00+00:00
[2026-08-12T05:00:39.119+0000] {processor.py:208} INFO - Processing /home/airflow/.local/lib/python3.12/site-packages/airflow/example_dags/example_workday_timetable.py took 0.117 seconds
[2026-08-12T05:01:09.524+0000] {processor.py:186} INFO - Started process (PID=3545) to work on /home/airflow/.local/lib/python3.12/site-packages/airflow/example_dags/example_workday_timetable.py
[2026-08-12T05:01:09.526+0000] {processor.py:914} INFO - Processing file /home/airflow/.local/lib/python3.12/site-packages/airflow/example_dags/example_workday_timetable.py for tasks to queue
[2026-08-12T05:01:09.530+0000] {logging_mixin.py:190} INFO - [2026-08-12T05:01:09.529+0000] {dagbag.py:587} INFO - Filling up the DagBag from /home/airflow/.local/lib/python3.12/site-packages/airflow/example_dags/example_workday_timetable.py
[2026-08-12T05:01:09.539+0000] {processor.py:925} INFO - DAG(s) 'example_workday_timetable' retrieved from /home/airflow/.local/lib/python3.12/site-packages/airflow/example_dags/example_workday_timetable.py
[2026-08-12T05:01:09.565+0000] {logging_mixin.py:190} INFO - [2026-08-12T05:01:09.564+0000] {dag.py:3211} INFO - Sync 1 DAGs
[2026-08-12T05:01:09.632+0000] {logging_mixin.py:190} INFO - [2026-08-12T05:01:09.632+0000] {dag.py:4138} INFO - Setting next_dagrun for example_workday_timetable to 2021-01-04 00:00:00+00:00, run_after=2021-01-05 00:00:00+00:00
[2026-08-12T05:01:09.657+0000] {processor.py:208} INFO - Processing /home/airflow/.local/lib/python3.12/site-packages/airflow/example_dags/example_workday_timetable.py took 0.141 seconds
[2026-08-12T05:01:40.154+0000] {processor.py:186} INFO - Started process (PID=3608) to work on /home/airflow/.local/lib/python3.12/site-packages/airflow/example_dags/example_workday_timetable.py
[2026-08-12T05:01:40.156+0000] {processor.py:914} INFO - Processing file /home/airflow/.local/lib/python3.12/site-packages/airflow/example_dags/example_workday_timetable.py for tasks to queue
[2026-08-12T05:01:40.159+0000] {logging_mixin.py:190} INFO - [2026-08-12T05:01:40.159+0000] {dagbag.py:587} INFO - Filling up the DagBag from /home/airflow/.local/lib/python3.12/site-packages/airflow/example_dags/example_workday_timetable.py
[2026-08-12T05:01:40.164+0000] {processor.py:925} INFO - DAG(s) 'example_workday_timetable' retrieved from /home/airflow/.local/lib/python3.12/site-packages/airflow/example_dags/example_workday_timetable.py
[2026-08-12T05:01:40.185+0000] {logging_mixin.py:190} INFO - [2026-08-12T05:01:40.184+0000] {dag.py:3211} INFO - Sync 1 DAGs
[2026-08-12T05:01:40.233+0000] {logging_mixin.py:190} INFO - [2026-08-12T05:01:40.233+0000] {dag.py:4138} INFO - Setting next_dagrun for example_workday_timetable to 2021-01-04 00:00:00+00:00, run_after=2021-01-05 00:00:00+00:00
[2026-08-12T05:01:40.261+0000] {processor.py:208} INFO - Processing /home/airflow/.local/lib/python3.12/site-packages/airflow/example_dags/example_workday_timetable.py took 0.112 seconds
[2026-08-12T05:02:10.871+0000] {processor.py:186} INFO - Started process (PID=3671) to work on /home/airflow/.local/lib/python3.12/site-packages/airflow/example_dags/example_workday_timetable.py
[2026-08-12T05:02:10.873+0000] {processor.py:914} INFO - Processing file /home/airflow/.local/lib/python3.12/site-packages/airflow/example_dags/example_workday_timetable.py for tasks to queue
[2026-08-12T05:02:10.877+0000] {logging_mixin.py:190} INFO - [2026-08-12T05:02:10.877+0000] {dagbag.py:587} INFO - Filling up the DagBag from /home/airflow/.local/lib/python3.12/site-packages/airflow/example_dags/example_workday_timetable.py
[2026-08-12T05:02:10.884+0000] {processor.py:925} INFO - DAG(s) 'example_workday_timetable' retrieved from /home/airflow/.local/lib/python3.12/site-packages/airflow/example_dags/example_workday_timetable.py
[2026-08-12T05:02:10.911+0000] {logging_mixin.py:190} INFO - [2026-08-12T05:02:10.911+0000] {dag.py:3211} INFO - Sync 1 DAGs
[2026-08-12T05:02:10.972+0000] {logging_mixin.py:190} INFO - [2026-08-12T05:02:10.972+0000] {dag.py:4138} INFO - Setting next_dagrun for example_workday_timetable to 2021-01-04 00:00:00+00:00, run_after=2021-01-05 00:00:00+00:00
[2026-08-12T05:02:11.002+0000] {processor.py:208} INFO - Processing /home/airflow/.local/lib/python3.12/site-packages/airflow/example_dags/example_workday_timetable.py took 0.138 seconds
[2026-08-12T05:02:41.430+0000] {processor.py:186} INFO - Started process (PID=3734) to work on /home/airflow/.local/lib/python3.12/site-packages/airflow/example_dags/example_workday_timetable.py
[2026-08-12T05:02:41.432+0000] {processor.py:914} INFO - Processing file /home/airflow/.local/lib/python3.12/site-packages/airflow/example_dags/example_workday_timetable.py for tasks to queue
[2026-08-12T05:02:41.435+0000] {logging_mixin.py:190} INFO - [2026-08-12T05:02:41.434+0000] {dagbag.py:587} INFO - Filling up the DagBag from /home/airflow/.local/lib/python3.12/site-packages/airflow/example_dags/example_workday_timetable.py
[2026-08-12T05:02:41.442+0000] {processor.py:925} INFO - DAG(s) 'example_workday_timetable' retrieved from /home/airflow/.local/lib/python3.12/site-packages/airflow/example_dags/example_workday_timetable.py
[2026-08-12T05:02:41.466+0000] {logging_mixin.py:190} INFO - [2026-08-12T05:02:41.465+0000] {dag.py:3211} INFO - Sync 1 DAGs
[2026-08-12T05:02:41.514+0000] {logging_mixin.py:190} INFO - [2026-08-12T05:02:41.514+0000] {dag.py:4138} INFO - Setting next_dagrun for example_workday_timetable to 2021-01-04 00:00:00+00:00, run_after=2021-01-05 00:00:00+00:00
[2026-08-12T05:02:41.533+0000] {processor.py:208} INFO - Processing /home/airflow/.local/lib/python3.12/site-packages/airflow/example_dags/example_workday_timetable.py took 0.109 seconds
[2026-08-12T05:03:11.838+0000] {processor.py:186} INFO - Started process (PID=3797) to work on /home/airflow/.local/lib/python3.12/site-packages/airflow/example_dags/example_workday_timetable.py
[2026-08-12T05:03:11.839+0000] {processor.py:914} INFO - Processing file /home/airflow/.local/lib/python3.12/site-packages/airflow/example_dags/example_workday_timetable.py for tasks to queue
[2026-08-12T05:03:11.842+0000] {logging_mixin.py:190} INFO - [2026-08-12T05:03:11.842+0000] {dagbag.py:587} INFO - Filling up the DagBag from /home/airflow/.local/lib/python3.12/site-packages/airflow/example_dags/example_workday_timetable.py
[2026-08-12T05:03:11.848+0000] {processor.py:925} INFO - DAG(s) 'example_workday_timetable' retrieved from /home/airflow/.local/lib/python3.12/site-packages/airflow/example_dags/example_workday_timetable.py
[2026-08-12T05:03:11.867+0000] {logging_mixin.py:190} INFO - [2026-08-12T05:03:11.866+0000] {dag.py:3211} INFO - Sync 1 DAGs
[2026-08-12T05:03:11.927+0000] {logging_mixin.py:190} INFO - [2026-08-12T05:03:11.927+0000] {dag.py:4138} INFO - Setting next_dagrun for example_workday_timetable to 2021-01-04 00:00:00+00:00, run_after=2021-01-05 00:00:00+00:00
[2026-08-12T05:03:11.947+0000] {processor.py:208} INFO - Processing /home/airflow/.local/lib/python3.12/site-packages/airflow/example_dags/example_workday_timetable.py took 0.115 seconds
[2026-08-12T05:03:42.188+0000] {processor.py:186} INFO - Started process (PID=3860) to work on /home/airflow/.local/lib/python3.12/site-packages/airflow/example_dags/example_workday_timetable.py
[2026-08-12T05:03:42.189+0000] {processor.py:914} INFO - Processing file /home/airflow/.local/lib/python3.12/site-packages/airflow/example_dags/example_workday_timetable.py for tasks to queue
[2026-08-12T05:03:42.192+0000] {logging_mixin.py:190} INFO - [2026-08-12T05:03:42.191+0000] {dagbag.py:587} INFO - Filling up the DagBag from /home/airflow/.local/lib/python3.12/site-packages/airflow/example_dags/example_workday_timetable.py
[2026-08-12T05:03:42.197+0000] {processor.py:925} INFO - DAG(s) 'example_workday_timetable' retrieved from /home/airflow/.local/lib/python3.12/site-packages/airflow/example_dags/example_workday_timetable.py
[2026-08-12T05:03:42.216+0000] {logging_mixin.py:190} INFO - [2026-08-12T05:03:42.216+0000] {dag.py:3211} INFO - Sync 1 DAGs
[2026-08-12T05:03:42.263+0000] {logging_mixin.py:190} INFO - [2026-08-12T05:03:42.263+0000] {dag.py:4138} INFO - Setting next_dagrun for example_workday_timetable to 2021-01-04 00:00:00+00:00, run_after=2021-01-05 00:00:00+00:00
[2026-08-12T05:03:42.282+0000] {processor.py:208} INFO - Processing /home/airflow/.local/lib/python3.12/site-packages/airflow/example_dags/example_workday_timetable.py took 0.099 seconds
[2026-08-12T05:04:12.639+0000] {processor.py:186} INFO - Started process (PID=3924) to work on /home/airflow/.local/lib/python3.12/site-packages/airflow/example_dags/example_workday_timetable.py
[2026-08-12T05:04:12.641+0000] {processor.py:914} INFO - Processing file /home/airflow/.local/lib/python3.12/site-packages/airflow/example_dags/example_workday_timetable.py for tasks to queue
[2026-08-12T05:04:12.645+0000] {logging_mixin.py:190} INFO - [2026-08-12T05:04:12.645+0000] {dagbag.py:587} INFO - Filling up the DagBag from /home/airflow/.local/lib/python3.12/site-packages/airflow/example_dags/example_workday_timetable.py
[2026-08-12T05:04:12.654+0000] {processor.py:925} INFO - DAG(s) 'example_workday_timetable' retrieved from /home/airflow/.local/lib/python3.12/site-packages/airflow/example_dags/example_workday_timetable.py
[2026-08-12T05:04:12.684+0000] {logging_mixin.py:190} INFO - [2026-08-12T05:04:12.684+0000] {dag.py:3211} INFO - Sync 1 DAGs
[2026-08-12T05:04:12.766+0000] {logging_mixin.py:190} INFO - [2026-08-12T05:04:12.766+0000] {dag.py:4138} INFO - Setting next_dagrun for example_workday_timetable to 2021-01-04 00:00:00+00:00, run_after=2021-01-05 00:00:00+00:00
[2026-08-12T05:04:12.793+0000] {processor.py:208} INFO - Processing /home/airflow/.local/lib/python3.12/site-packages/airflow/example_dags/example_workday_timetable.py took 0.161 seconds
[2026-08-12T05:04:42.904+0000] {processor.py:186} INFO - Started process (PID=3987) to work on /home/airflow/.local/lib/python3.12/site-packages/airflow/example_dags/example_workday_timetable.py
[2026-08-12T05:04:42.905+0000] {processor.py:914} INFO - Processing file /home/airflow/.local/lib/python3.12/site-packages/airflow/example_dags/example_workday_timetable.py for tasks to queue
[2026-08-12T05:04:42.908+0000] {logging_mixin.py:190} INFO - [2026-08-12T05:04:42.908+0000] {dagbag.py:587} INFO - Filling up the DagBag from /home/airflow/.local/lib/python3.12/site-packages/airflow/example_dags/example_workday_timetable.py
[2026-08-12T05:04:42.913+0000] {processor.py:925} INFO - DAG(s) 'example_workday_timetable' retrieved from /home/airflow/.local/lib/python3.12/site-packages/airflow/example_dags/example_workday_timetable.py
[2026-08-12T05:04:42.933+0000] {logging_mixin.py:190} INFO - [2026-08-12T05:04:42.933+0000] {dag.py:3211} INFO - Sync 1 DAGs
[2026-08-12T05:04:42.987+0000] {logging_mixin.py:190} INFO - [2026-08-12T05:04:42.987+0000] {dag.py:4138} INFO - Setting next_dagrun for example_workday_timetable to 2021-01-04 00:00:00+00:00, run_after=2021-01-05 00:00:00+00:00
[2026-08-12T05:04:43.006+0000] {processor.py:208} INFO - Processing /home/airflow/.local/lib/python3.12/site-packages/airflow/example_dags/example_workday_timetable.py took 0.107 seconds
[2026-08-12T05:05:13.373+0000] {processor.py:186} INFO - Started process (PID=4050) to work on /home/airflow/.local/lib/python3.12/site-packages/airflow/example_dags/example_workday_timetable.py
[2026-08-12T05:05:13.374+0000] {processor.py:914} INFO - Processing file /home/airflow/.local/lib/python3.12/site-packages/airflow/example_dags/example_workday_timetable.py for tasks to queue
[2026-08-12T05:05:13.378+0000] {logging_mixin.py:190} INFO - [2026-08-12T05:05:13.378+0000] {dagbag.py:587} INFO - Filling up the DagBag from /home/airflow/.local/lib/python3.12/site-packages/airflow/example_dags/example_workday_timetable.py
[2026-08-12T05:05:13.386+0000] {processor.py:925} INFO - DAG(s) 'example_workday_timetable' retrieved from /home/airflow/.local/lib/python3.12/site-packages/airflow/example_dags/example_workday_timetable.py
[2026-08-12T05:05:13.416+0000] {logging_mixin.py:190} INFO - [2026-08-12T05:05:13.415+0000] {dag.py:3211} INFO - Sync 1 DAGs
[2026-08-12T05:05:13.478+0000] {logging_mixin.py:190} INFO - [2026-08-12T05:05:13.478+0000] {dag.py:4138} INFO - Setting next_dagrun for example_workday_timetable to 2021-01-04 00:00:00+00:00, run_after=2021-01-05 00:00:00+00:00
[2026-08-12T05:05:13.502+0000] {processor.py:208} INFO - Processing /home/airflow/.local/lib/python3.12/site-packages/airflow/example_dags/example_workday_timetable.py took 0.136 seconds
[2026-08-12T05:05:43.918+0000] {processor.py:186} INFO - Started process (PID=4113) to work on /home/airflow/.local/lib/python3.12/site-packages/airflow/example_dags/example_workday_timetable.py
[2026-08-12T05:05:43.919+0000] {processor.py:914} INFO - Processing file /home/airflow/.local/lib/python3.12/site-packages/airflow/example_dags/example_workday_timetable.py for tasks to queue
[2026-08-12T05:05:43.922+0000] {logging_mixin.py:190} INFO - [2026-08-12T05:05:43.921+0000] {dagbag.py:587} INFO - Filling up the DagBag from /home/airflow/.local/lib/python3.12/site-packages/airflow/example_dags/example_workday_timetable.py
[2026-08-12T05:05:43.927+0000] {processor.py:925} INFO - DAG(s) 'example_workday_timetable' retrieved from /home/airflow/.local/lib/python3.12/site-packages/airflow/example_dags/example_workday_timetable.py
[2026-08-12T05:05:43.946+0000] {logging_mixin.py:190} INFO - [2026-08-12T05:05:43.945+0000] {dag.py:3211} INFO - Sync 1 DAGs
[2026-08-12T05:05:43.997+0000] {logging_mixin.py:190} INFO - [2026-08-12T05:05:43.997+0000] {dag.py:4138} INFO - Setting next_dagrun for example_workday_timetable to 2021-01-04 00:00:00+00:00, run_after=2021-01-05 00:00:00+00:00
[2026-08-12T05:05:44.016+0000] {processor.py:208} INFO - Processing /home/airflow/.local/lib/python3.12/site-packages/airflow/example_dags/example_workday_timetable.py took 0.104 seconds
[2026-08-12T05:06:14.509+0000] {processor.py:186} INFO - Started process (PID=4176) to work on /home/airflow/.local/lib/python3.12/site-packages/airflow/example_dags/example_workday_timetable.py
[2026-08-12T05:06:14.511+0000] {processor.py:914} INFO - Processing file /home/airflow/.local/lib/python3.12/site-packages/airflow/example_dags/example_workday_timetable.py for tasks to queue
[2026-08-12T05:06:14.513+0000] {logging_mixin.py:190} INFO - [2026-08-12T05:06:14.513+0000] {dagbag.py:587} INFO - Filling up the DagBag from /home/airflow/.local/lib/python3.12/site-packages/airflow/example_dags/example_workday_timetable.py
[2026-08-12T05:06:14.520+0000] {processor.py:925} INFO - DAG(s) 'example_workday_timetable' retrieved from /home/airflow/.local/lib/python3.12/site-packages/airflow/example_dags/example_workday_timetable.py
[2026-08-12T05:06:14.540+0000] {logging_mixin.py:190} INFO - [2026-08-12T05:06:14.540+0000] {dag.py:3211} INFO - Sync 1 DAGs
[2026-08-12T05:06:14.593+0000] {logging_mixin.py:190} INFO - [2026-08-12T05:06:14.593+0000] {dag.py:4138} INFO - Setting next_dagrun for example_workday_timetable to 2021-01-04 00:00:00+00:00, run_after=2021-01-05 00:00:00+00:00
[2026-08-12T05:06:14.612+0000] {processor.py:208} INFO - Processing /home/airflow/.local/lib/python3.12/site-packages/airflow/example_dags/example_workday_timetable.py took 0.108 seconds
[2026-08-12T05:06:44.768+0000] {processor.py:186} INFO - Started process (PID=4239) to work on /home/airflow/.local/lib/python3.12/site-packages/airflow/example_dags/example_workday_timetable.py
[2026-08-12T05:06:44.770+0000] {processor.py:914} INFO - Processing file /home/airflow/.local/lib/python3.12/site-packages/airflow/example_dags/example_workday_timetable.py for tasks to queue
[2026-08-12T05:06:44.773+0000] {logging_mixin.py:190} INFO - [2026-08-12T05:06:44.772+0000] {dagbag.py:587} INFO - Filling up the DagBag from /home/airflow/.local/lib/python3.12/site-packages/airflow/example_dags/example_workday_timetable.py
[2026-08-12T05:06:44.780+0000] {processor.py:925} INFO - DAG(s) 'example_workday_timetable' retrieved from /home/airflow/.local/lib/python3.12/site-packages/airflow/example_dags/example_workday_timetable.py
[2026-08-12T05:06:44.808+0000] {logging_mixin.py:190} INFO - [2026-08-12T05:06:44.808+0000] {dag.py:3211} INFO - Sync 1 DAGs
[2026-08-12T05:06:44.884+0000] {logging_mixin.py:190} INFO - [2026-08-12T05:06:44.884+0000] {dag.py:4138} INFO - Setting next_dagrun for example_workday_timetable to 2021-01-04 00:00:00+00:00, run_after=2021-01-05 00:00:00+00:00
[2026-08-12T05:06:44.908+0000] {processor.py:208} INFO - Processing /home/airflow/.local/lib/python3.12/site-packages/airflow/example_dags/example_workday_timetable.py took 0.148 seconds
[2026-08-12T05:07:16.015+0000] {processor.py:186} INFO - Started process (PID=4302) to work on /home/airflow/.local/lib/python3.12/site-packages/airflow/example_dags/example_workday_timetable.py
[2026-08-12T05:07:16.017+0000] {processor.py:914} INFO - Processing file /home/airflow/.local/lib/python3.12/site-packages/airflow/example_dags/example_workday_timetable.py for tasks to queue
[2026-08-12T05:07:16.020+0000] {logging_mixin.py:190} INFO - [2026-08-12T05:07:16.020+0000] {dagbag.py:587} INFO - Filling up the DagBag from /home/airflow/.local/lib/python3.12/site-packages/airflow/example_dags/example_workday_timetable.py
[2026-08-12T05:07:16.026+0000] {processor.py:925} INFO - DAG(s) 'example_workday_timetable' retrieved from /home/airflow/.local/lib/python3.12/site-packages/airflow/example_dags/example_workday_timetable.py
[2026-08-12T05:07:16.047+0000] {logging_mixin.py:190} INFO - [2026-08-12T05:07:16.047+0000] {dag.py:3211} INFO - Sync 1 DAGs
[2026-08-12T05:07:16.107+0000] {logging_mixin.py:190} INFO - [2026-08-12T05:07:16.106+0000] {dag.py:4138} INFO - Setting next_dagrun for example_workday_timetable to 2021-01-04 00:00:00+00:00, run_after=2021-01-05 00:00:00+00:00
[2026-08-12T05:07:16.125+0000] {processor.py:208} INFO - Processing /home/airflow/.local/lib/python3.12/site-packages/airflow/example_dags/example_workday_timetable.py took 0.116 seconds
[2026-08-12T05:07:46.276+0000] {processor.py:186} INFO - Started process (PID=4365) to work on /home/airflow/.local/lib/python3.12/site-packages/airflow/example_dags/example_workday_timetable.py
[2026-08-12T05:07:46.277+0000] {processor.py:914} INFO - Processing file /home/airflow/.local/lib/python3.12/site-packages/airflow/example_dags/example_workday_timetable.py for tasks to queue
[2026-08-12T05:07:46.280+0000] {logging_mixin.py:190} INFO - [2026-08-12T05:07:46.280+0000] {dagbag.py:587} INFO - Filling up the DagBag from /home/airflow/.local/lib/python3.12/site-packages/airflow/example_dags/example_workday_timetable.py
[2026-08-12T05:07:46.287+0000] {processor.py:925} INFO - DAG(s) 'example_workday_timetable' retrieved from /home/airflow/.local/lib/python3.12/site-packages/airflow/example_dags/example_workday_timetable.py
[2026-08-12T05:07:46.307+0000] {logging_mixin.py:190} INFO - [2026-08-12T05:07:46.307+0000] {dag.py:3211} INFO - Sync 1 DAGs
[2026-08-12T05:07:46.376+0000] {logging_mixin.py:190} INFO - [2026-08-12T05:07:46.375+0000] {dag.py:4138} INFO - Setting next_dagrun for example_workday_timetable to 2021-01-04 00:00:00+00:00, run_after=2021-01-05 00:00:00+00:00
[2026-08-12T05:07:46.412+0000] {processor.py:208} INFO - Processing /home/airflow/.local/lib/python3.12/site-packages/airflow/example_dags/example_workday_timetable.py took 0.142 seconds
[2026-08-12T05:08:17.414+0000] {processor.py:186} INFO - Started process (PID=4428) to work on /home/airflow/.local/lib/python3.12/site-packages/airflow/example_dags/example_workday_timetable.py
[2026-08-12T05:08:17.416+0000] {processor.py:914} INFO - Processing file /home/airflow/.local/lib/python3.12/site-packages/airflow/example_dags/example_workday_timetable.py for tasks to queue
[2026-08-12T05:08:17.420+0000] {logging_mixin.py:190} INFO - [2026-08-12T05:08:17.420+0000] {dagbag.py:587} INFO - Filling up the DagBag from /home/airflow/.local/lib/python3.12/site-packages/airflow/example_dags/example_workday_timetable.py
[2026-08-12T05:08:17.426+0000] {processor.py:925} INFO - DAG(s) 'example_workday_timetable' retrieved from /home/airflow/.local/lib/python3.12/site-packages/airflow/example_dags/example_workday_timetable.py
[2026-08-12T05:08:17.449+0000] {logging_mixin.py:190} INFO - [2026-08-12T05:08:17.448+0000] {dag.py:3211} INFO - Sync 1 DAGs
[2026-08-12T05:08:17.498+0000] {logging_mixin.py:190} INFO - [2026-08-12T05:08:17.498+0000] {dag.py:4138} INFO - Setting next_dagrun for example_workday_timetable to 2021-01-04 00:00:00+00:00, run_after=2021-01-05 00:00:00+00:00
[2026-08-12T05:08:17.516+0000] {processor.py:208} INFO - Processing /home/airflow/.local/lib/python3.12/site-packages/airflow/example_dags/example_workday_timetable.py took 0.107 seconds
[2026-08-12T05:08:47.831+0000] {processor.py:186} INFO - Started process (PID=4491) to work on /home/airflow/.local/lib/python3.12/site-packages/airflow/example_dags/example_workday_timetable.py
[2026-08-12T05:08:47.833+0000] {processor.py:914} INFO - Processing file /home/airflow/.local/lib/python3.12/site-packages/airflow/example_dags/example_workday_timetable.py for tasks to queue
[2026-08-12T05:08:47.836+0000] {logging_mixin.py:190} INFO - [2026-08-12T05:08:47.835+0000] {dagbag.py:587} INFO - Filling up the DagBag from /home/airflow/.local/lib/python3.12/site-packages/airflow/example_dags/example_workday_timetable.py
[2026-08-12T05:08:47.841+0000] {processor.py:925} INFO - DAG(s) 'example_workday_timetable' retrieved from /home/airflow/.local/lib/python3.12/site-packages/airflow/example_dags/example_workday_timetable.py
[2026-08-12T05:08:47.865+0000] {logging_mixin.py:190} INFO - [2026-08-12T05:08:47.865+0000] {dag.py:3211} INFO - Sync 1 DAGs
[2026-08-12T05:08:47.928+0000] {logging_mixin.py:190} INFO - [2026-08-12T05:08:47.928+0000] {dag.py:4138} INFO - Setting next_dagrun for example_workday_timetable to 2021-01-04 00:00:00+00:00, run_after=2021-01-05 00:00:00+00:00
[2026-08-12T05:08:47.950+0000] {processor.py:208} INFO - Processing /home/airflow/.local/lib/python3.12/site-packages/airflow/example_dags/example_workday_timetable.py took 0.125 seconds
[2026-08-12T05:09:18.072+0000] {processor.py:186} INFO - Started process (PID=4554) to work on /home/airflow/.local/lib/python3.12/site-packages/airflow/example_dags/example_workday_timetable.py
[2026-08-12T05:09:18.074+0000] {processor.py:914} INFO - Processing file /home/airflow/.local/lib/python3.12/site-packages/airflow/example_dags/example_workday_timetable.py for tasks to queue
[2026-08-12T05:09:18.077+0000] {logging_mixin.py:190} INFO - [2026-08-12T05:09:18.076+0000] {dagbag.py:587} INFO - Filling up the DagBag from /home/airflow/.local/lib/python3.12/site-packages/airflow/example_dags/example_workday_timetable.py
[2026-08-12T05:09:18.083+0000] {processor.py:925} INFO - DAG(s) 'example_workday_timetable' retrieved from /home/airflow/.local/lib/python3.12/site-packages/airflow/example_dags/example_workday_timetable.py
[2026-08-12T05:09:18.103+0000] {logging_mixin.py:190} INFO - [2026-08-12T05:09:18.102+0000] {dag.py:3211} INFO - Sync 1 DAGs
[2026-08-12T05:09:18.156+0000] {logging_mixin.py:190} INFO - [2026-08-12T05:09:18.156+0000] {dag.py:4138} INFO - Setting next_dagrun for example_workday_timetable to 2021-01-04 00:00:00+00:00, run_after=2021-01-05 00:00:00+00:00
[2026-08-12T05:09:18.176+0000] {processor.py:208} INFO - Processing /home/airflow/.local/lib/python3.12/site-packages/airflow/example_dags/example_workday_timetable.py took 0.110 seconds
[2026-08-12T05:09:48.972+0000] {processor.py:186} INFO - Started process (PID=4617) to work on /home/airflow/.local/lib/python3.12/site-packages/airflow/example_dags/example_workday_timetable.py
[2026-08-12T05:09:48.973+0000] {processor.py:914} INFO - Processing file /home/airflow/.local/lib/python3.12/site-packages/airflow/example_dags/example_workday_timetable.py for tasks to queue
[2026-08-12T05:09:48.976+0000] {logging_mixin.py:190} INFO - [2026-08-12T05:09:48.976+0000] {dagbag.py:587} INFO - Filling up the DagBag from /home/airflow/.local/lib/python3.12/site-packages/airflow/example_dags/example_workday_timetable.py
[2026-08-12T05:09:48.983+0000] {processor.py:925} INFO - DAG(s) 'example_workday_timetable' retrieved from /home/airflow/.local/lib/python3.12/site-packages/airflow/example_dags/example_workday_timetable.py
[2026-08-12T05:09:49.010+0000] {logging_mixin.py:190} INFO - [2026-08-12T05:09:49.010+0000] {dag.py:3211} INFO - Sync 1 DAGs
[2026-08-12T05:09:49.071+0000] {logging_mixin.py:190} INFO - [2026-08-12T05:09:49.071+0000] {dag.py:4138} INFO - Setting next_dagrun for example_workday_timetable to 2021-01-04 00:00:00+00:00, run_after=2021-01-05 00:00:00+00:00
[2026-08-12T05:09:49.090+0000] {processor.py:208} INFO - Processing /home/airflow/.local/lib/python3.12/site-packages/airflow/example_dags/example_workday_timetable.py took 0.124 seconds
[2026-08-12T05:10:19.682+0000] {processor.py:186} INFO - Started process (PID=4680) to work on /home/airflow/.local/lib/python3.12/site-packages/airflow/example_dags/example_workday_timetable.py
[2026-08-12T05:10:19.683+0000] {processor.py:914} INFO - Processing file /home/airflow/.local/lib/python3.12/site-packages/airflow/example_dags/example_workday_timetable.py for tasks to queue
[2026-08-12T05:10:19.686+0000] {logging_mixin.py:190} INFO - [2026-08-12T05:10:19.686+0000] {dagbag.py:587} INFO - Filling up the DagBag from /home/airflow/.local/lib/python3.12/site-packages/airflow/example_dags/example_workday_timetable.py
[2026-08-12T05:10:19.694+0000] {processor.py:925} INFO - DAG(s) 'example_workday_timetable' retrieved from /home/airflow/.local/lib/python3.12/site-packages/airflow/example_dags/example_workday_timetable.py
[2026-08-12T05:10:19.717+0000] {logging_mixin.py:190} INFO - [2026-08-12T05:10:19.717+0000] {dag.py:3211} INFO - Sync 1 DAGs
[2026-08-12T05:10:19.791+0000] {logging_mixin.py:190} INFO - [2026-08-12T05:10:19.791+0000] {dag.py:4138} INFO - Setting next_dagrun for example_workday_timetable to 2021-01-04 00:00:00+00:00, run_after=2021-01-05 00:00:00+00:00
[2026-08-12T05:10:19.810+0000] {processor.py:208} INFO - Processing /home/airflow/.local/lib/python3.12/site-packages/airflow/example_dags/example_workday_timetable.py took 0.134 seconds
[2026-08-12T05:10:50.049+0000] {processor.py:186} INFO - Started process (PID=4743) to work on /home/airflow/.local/lib/python3.12/site-packages/airflow/example_dags/example_workday_timetable.py
[2026-08-12T05:10:50.051+0000] {processor.py:914} INFO - Processing file /home/airflow/.local/lib/python3.12/site-packages/airflow/example_dags/example_workday_timetable.py for tasks to queue
[2026-08-12T05:10:50.054+0000] {logging_mixin.py:190} INFO - [2026-08-12T05:10:50.054+0000] {dagbag.py:587} INFO - Filling up the DagBag from /home/airflow/.local/lib/python3.12/site-packages/airflow/example_dags/example_workday_timetable.py
[2026-08-12T05:10:50.062+0000] {processor.py:925} INFO - DAG(s) 'example_workday_timetable' retrieved from /home/airflow/.local/lib/python3.12/site-packages/airflow/example_dags/example_workday_timetable.py
[2026-08-12T05:10:50.083+0000] {logging_mixin.py:190} INFO - [2026-08-12T05:10:50.083+0000] {dag.py:3211} INFO - Sync 1 DAGs
[2026-08-12T05:10:50.138+0000] {logging_mixin.py:190} INFO - [2026-08-12T05:10:50.137+0000] {dag.py:4138} INFO - Setting next_dagrun for example_workday_timetable to 2021-01-04 00:00:00+00:00, run_after=2021-01-05 00:00:00+00:00
[2026-08-12T05:10:50.157+0000] {processor.py:208} INFO - Processing /home/airflow/.local/lib/python3.12/site-packages/airflow/example_dags/example_workday_timetable.py took 0.113 seconds
[2026-08-12T05:11:20.608+0000] {processor.py:186} INFO - Started process (PID=4806) to work on /home/airflow/.local/lib/python3.12/site-packages/airflow/example_dags/example_workday_timetable.py
[2026-08-12T05:11:20.609+0000] {processor.py:914} INFO - Processing file /home/airflow/.local/lib/python3.12/site-packages/airflow/example_dags/example_workday_timetable.py for tasks to queue
[2026-08-12T05:11:20.612+0000] {logging_mixin.py:190} INFO - [2026-08-12T05:11:20.612+0000] {dagbag.py:587} INFO - Filling up the DagBag from /home/airflow/.local/lib/python3.12/site-packages/airflow/example_dags/example_workday_timetable.py
[2026-08-12T05:11:20.618+0000] {processor.py:925} INFO - DAG(s) 'example_workday_timetable' retrieved from /home/airflow/.local/lib/python3.12/site-packages/airflow/example_dags/example_workday_timetable.py
[2026-08-12T05:11:20.636+0000] {logging_mixin.py:190} INFO - [2026-08-12T05:11:20.636+0000] {dag.py:3211} INFO - Sync 1 DAGs
[2026-08-12T05:11:20.684+0000] {logging_mixin.py:190} INFO - [2026-08-12T05:11:20.684+0000] {dag.py:4138} INFO - Setting next_dagrun for example_workday_timetable to 2021-01-04 00:00:00+00:00, run_after=2021-01-05 00:00:00+00:00
[2026-08-12T05:11:20.703+0000] {processor.py:208} INFO - Processing /home/airflow/.local/lib/python3.12/site-packages/airflow/example_dags/example_workday_timetable.py took 0.101 seconds
[2026-08-12T05:11:51.074+0000] {processor.py:186} INFO - Started process (PID=4869) to work on /home/airflow/.local/lib/python3.12/site-packages/airflow/example_dags/example_workday_timetable.py
[2026-08-12T05:11:51.076+0000] {processor.py:914} INFO - Processing file /home/airflow/.local/lib/python3.12/site-packages/airflow/example_dags/example_workday_timetable.py for tasks to queue
[2026-08-12T05:11:51.079+0000] {logging_mixin.py:190} INFO - [2026-08-12T05:11:51.079+0000] {dagbag.py:587} INFO - Filling up the DagBag from /home/airflow/.local/lib/python3.12/site-packages/airflow/example_dags/example_workday_timetable.py
[2026-08-12T05:11:51.086+0000] {processor.py:925} INFO - DAG(s) 'example_workday_timetable' retrieved from /home/airflow/.local/lib/python3.12/site-packages/airflow/example_dags/example_workday_timetable.py
[2026-08-12T05:11:51.107+0000] {logging_mixin.py:190} INFO - [2026-08-12T05:11:51.107+0000] {dag.py:3211} INFO - Sync 1 DAGs
[2026-08-12T05:11:51.175+0000] {logging_mixin.py:190} INFO - [2026-08-12T05:11:51.175+0000] {dag.py:4138} INFO - Setting next_dagrun for example_workday_timetable to 2021-01-04 00:00:00+00:00, run_after=2021-01-05 00:00:00+00:00
[2026-08-12T05:11:51.195+0000] {processor.py:208} INFO - Processing /home/airflow/.local/lib/python3.12/site-packages/airflow/example_dags/example_workday_timetable.py took 0.130 seconds
[2026-08-12T05:12:21.856+0000] {processor.py:186} INFO - Started process (PID=4932) to work on /home/airflow/.local/lib/python3.12/site-packages/airflow/example_dags/example_workday_timetable.py
[2026-08-12T05:12:21.858+0000] {processor.py:914} INFO - Processing file /home/airflow/.local/lib/python3.12/site-packages/airflow/example_dags/example_workday_timetable.py for tasks to queue
[2026-08-12T05:12:21.863+0000] {logging_mixin.py:190} INFO - [2026-08-12T05:12:21.862+0000] {dagbag.py:587} INFO - Filling up the DagBag from /home/airflow/.local/lib/python3.12/site-packages/airflow/example_dags/example_workday_timetable.py
[2026-08-12T05:12:21.871+0000] {processor.py:925} INFO - DAG(s) 'example_workday_timetable' retrieved from /home/airflow/.local/lib/python3.12/site-packages/airflow/example_dags/example_workday_timetable.py
[2026-08-12T05:12:21.902+0000] {logging_mixin.py:190} INFO - [2026-08-12T05:12:21.901+0000] {dag.py:3211} INFO - Sync 1 DAGs
[2026-08-12T05:12:21.981+0000] {logging_mixin.py:190} INFO - [2026-08-12T05:12:21.980+0000] {dag.py:4138} INFO - Setting next_dagrun for example_workday_timetable to 2021-01-04 00:00:00+00:00, run_after=2021-01-05 00:00:00+00:00
[2026-08-12T05:12:22.004+0000] {processor.py:208} INFO - Processing /home/airflow/.local/lib/python3.12/site-packages/airflow/example_dags/example_workday_timetable.py took 0.158 seconds
[2026-08-12T05:12:52.324+0000] {processor.py:186} INFO - Started process (PID=4995) to work on /home/airflow/.local/lib/python3.12/site-packages/airflow/example_dags/example_workday_timetable.py
[2026-08-12T05:12:52.325+0000] {processor.py:914} INFO - Processing file /home/airflow/.local/lib/python3.12/site-packages/airflow/example_dags/example_workday_timetable.py for tasks to queue
[2026-08-12T05:12:52.328+0000] {logging_mixin.py:190} INFO - [2026-08-12T05:12:52.328+0000] {dagbag.py:587} INFO - Filling up the DagBag from /home/airflow/.local/lib/python3.12/site-packages/airflow/example_dags/example_workday_timetable.py
[2026-08-12T05:12:52.334+0000] {processor.py:925} INFO - DAG(s) 'example_workday_timetable' retrieved from /home/airflow/.local/lib/python3.12/site-packages/airflow/example_dags/example_workday_timetable.py
[2026-08-12T05:12:52.358+0000] {logging_mixin.py:190} INFO - [2026-08-12T05:12:52.357+0000] {dag.py:3211} INFO - Sync 1 DAGs
[2026-08-12T05:12:52.413+0000] {logging_mixin.py:190} INFO - [2026-08-12T05:12:52.412+0000] {dag.py:4138} INFO - Setting next_dagrun for example_workday_timetable to 2021-01-04 00:00:00+00:00, run_after=2021-01-05 00:00:00+00:00
[2026-08-12T05:12:52.435+0000] {processor.py:208} INFO - Processing /home/airflow/.local/lib/python3.12/site-packages/airflow/example_dags/example_workday_timetable.py took 0.117 seconds
[2026-08-12T05:13:22.828+0000] {processor.py:186} INFO - Started process (PID=5058) to work on /home/airflow/.local/lib/python3.12/site-packages/airflow/example_dags/example_workday_timetable.py
[2026-08-12T05:13:22.830+0000] {processor.py:914} INFO - Processing file /home/airflow/.local/lib/python3.12/site-packages/airflow/example_dags/example_workday_timetable.py for tasks to queue
[2026-08-12T05:13:22.834+0000] {logging_mixin.py:190} INFO - [2026-08-12T05:13:22.833+0000] {dagbag.py:587} INFO - Filling up the DagBag from /home/airflow/.local/lib/python3.12/site-packages/airflow/example_dags/example_workday_timetable.py
[2026-08-12T05:13:22.844+0000] {processor.py:925} INFO - DAG(s) 'example_workday_timetable' retrieved from /home/airflow/.local/lib/python3.12/site-packages/airflow/example_dags/example_workday_timetable.py
[2026-08-12T05:13:22.869+0000] {logging_mixin.py:190} INFO - [2026-08-12T05:13:22.869+0000] {dag.py:3211} INFO - Sync 1 DAGs
[2026-08-12T05:13:22.927+0000] {logging_mixin.py:190} INFO - [2026-08-12T05:13:22.927+0000] {dag.py:4138} INFO - Setting next_dagrun for example_workday_timetable to 2021-01-04 00:00:00+00:00, run_after=2021-01-05 00:00:00+00:00
[2026-08-12T05:13:22.954+0000] {processor.py:208} INFO - Processing /home/airflow/.local/lib/python3.12/site-packages/airflow/example_dags/example_workday_timetable.py took 0.133 seconds
[2026-08-12T05:13:53.451+0000] {processor.py:186} INFO - Started process (PID=5121) to work on /home/airflow/.local/lib/python3.12/site-packages/airflow/example_dags/example_workday_timetable.py
[2026-08-12T05:13:53.453+0000] {processor.py:914} INFO - Processing file /home/airflow/.local/lib/python3.12/site-packages/airflow/example_dags/example_workday_timetable.py for tasks to queue
[2026-08-12T05:13:53.456+0000] {logging_mixin.py:190} INFO - [2026-08-12T05:13:53.456+0000] {dagbag.py:587} INFO - Filling up the DagBag from /home/airflow/.local/lib/python3.12/site-packages/airflow/example_dags/example_workday_timetable.py
[2026-08-12T05:13:53.465+0000] {processor.py:925} INFO - DAG(s) 'example_workday_timetable' retrieved from /home/airflow/.local/lib/python3.12/site-packages/airflow/example_dags/example_workday_timetable.py
[2026-08-12T05:13:53.492+0000] {logging_mixin.py:190} INFO - [2026-08-12T05:13:53.492+0000] {dag.py:3211} INFO - Sync 1 DAGs
[2026-08-12T05:13:53.577+0000] {logging_mixin.py:190} INFO - [2026-08-12T05:13:53.577+0000] {dag.py:4138} INFO - Setting next_dagrun for example_workday_timetable to 2021-01-04 00:00:00+00:00, run_after=2021-01-05 00:00:00+00:00
[2026-08-12T05:13:53.602+0000] {processor.py:208} INFO - Processing /home/airflow/.local/lib/python3.12/site-packages/airflow/example_dags/example_workday_timetable.py took 0.158 seconds
[2026-08-12T05:14:23.832+0000] {processor.py:186} INFO - Started process (PID=5184) to work on /home/airflow/.local/lib/python3.12/site-packages/airflow/example_dags/example_workday_timetable.py
[2026-08-12T05:14:23.833+0000] {processor.py:914} INFO - Processing file /home/airflow/.local/lib/python3.12/site-packages/airflow/example_dags/example_workday_timetable.py for tasks to queue
[2026-08-12T05:14:23.836+0000] {logging_mixin.py:190} INFO - [2026-08-12T05:14:23.835+0000] {dagbag.py:587} INFO - Filling up the DagBag from /home/airflow/.local/lib/python3.12/site-packages/airflow/example_dags/example_workday_timetable.py
[2026-08-12T05:14:23.842+0000] {processor.py:925} INFO - DAG(s) 'example_workday_timetable' retrieved from /home/airflow/.local/lib/python3.12/site-packages/airflow/example_dags/example_workday_timetable.py
[2026-08-12T05:14:23.863+0000] {logging_mixin.py:190} INFO - [2026-08-12T05:14:23.862+0000] {dag.py:3211} INFO - Sync 1 DAGs
[2026-08-12T05:14:23.914+0000] {logging_mixin.py:190} INFO - [2026-08-12T05:14:23.914+0000] {dag.py:4138} INFO - Setting next_dagrun for example_workday_timetable to 2021-01-04 00:00:00+00:00, run_after=2021-01-05 00:00:00+00:00
[2026-08-12T05:14:23.936+0000] {processor.py:208} INFO - Processing /home/airflow/.local/lib/python3.12/site-packages/airflow/example_dags/example_workday_timetable.py took 0.111 seconds
[2026-08-12T05:14:54.491+0000] {processor.py:186} INFO - Started process (PID=5247) to work on /home/airflow/.local/lib/python3.12/site-packages/airflow/example_dags/example_workday_timetable.py
[2026-08-12T05:14:54.493+0000] {processor.py:914} INFO - Processing file /home/airflow/.local/lib/python3.12/site-packages/airflow/example_dags/example_workday_timetable.py for tasks to queue
[2026-08-12T05:14:54.495+0000] {logging_mixin.py:190} INFO - [2026-08-12T05:14:54.495+0000] {dagbag.py:587} INFO - Filling up the DagBag from /home/airflow/.local/lib/python3.12/site-packages/airflow/example_dags/example_workday_timetable.py
[2026-08-12T05:14:54.501+0000] {processor.py:925} INFO - DAG(s) 'example_workday_timetable' retrieved from /home/airflow/.local/lib/python3.12/site-packages/airflow/example_dags/example_workday_timetable.py
[2026-08-12T05:14:54.520+0000] {logging_mixin.py:190} INFO - [2026-08-12T05:14:54.520+0000] {dag.py:3211} INFO - Sync 1 DAGs
[2026-08-12T05:14:54.570+0000] {logging_mixin.py:190} INFO - [2026-08-12T05:14:54.570+0000] {dag.py:4138} INFO - Setting next_dagrun for example_workday_timetable to 2021-01-04 00:00:00+00:00, run_after=2021-01-05 00:00:00+00:00
[2026-08-12T05:14:54.588+0000] {processor.py:208} INFO - Processing /home/airflow/.local/lib/python3.12/site-packages/airflow/example_dags/example_workday_timetable.py took 0.102 seconds
[2026-08-12T05:15:25.096+0000] {processor.py:186} INFO - Started process (PID=5310) to work on /home/airflow/.local/lib/python3.12/site-packages/airflow/example_dags/example_workday_timetable.py
[2026-08-12T05:15:25.098+0000] {processor.py:914} INFO - Processing file /home/airflow/.local/lib/python3.12/site-packages/airflow/example_dags/example_workday_timetable.py for tasks to queue
[2026-08-12T05:15:25.101+0000] {logging_mixin.py:190} INFO - [2026-08-12T05:15:25.101+0000] {dagbag.py:587} INFO - Filling up the DagBag from /home/airflow/.local/lib/python3.12/site-packages/airflow/example_dags/example_workday_timetable.py
[2026-08-12T05:15:25.109+0000] {processor.py:925} INFO - DAG(s) 'example_workday_timetable' retrieved from /home/airflow/.local/lib/python3.12/site-packages/airflow/example_dags/example_workday_timetable.py
[2026-08-12T05:15:25.140+0000] {logging_mixin.py:190} INFO - [2026-08-12T05:15:25.140+0000] {dag.py:3211} INFO - Sync 1 DAGs
[2026-08-12T05:15:25.201+0000] {logging_mixin.py:190} INFO - [2026-08-12T05:15:25.201+0000] {dag.py:4138} INFO - Setting next_dagrun for example_workday_timetable to 2021-01-04 00:00:00+00:00, run_after=2021-01-05 00:00:00+00:00
[2026-08-12T05:15:25.224+0000] {processor.py:208} INFO - Processing /home/airflow/.local/lib/python3.12/site-packages/airflow/example_dags/example_workday_timetable.py took 0.134 seconds
[2026-08-12T05:15:55.744+0000] {processor.py:186} INFO - Started process (PID=5373) to work on /home/airflow/.local/lib/python3.12/site-packages/airflow/example_dags/example_workday_timetable.py
[2026-08-12T05:15:55.745+0000] {processor.py:914} INFO - Processing file /home/airflow/.local/lib/python3.12/site-packages/airflow/example_dags/example_workday_timetable.py for tasks to queue
[2026-08-12T05:15:55.749+0000] {logging_mixin.py:190} INFO - [2026-08-12T05:15:55.748+0000] {dagbag.py:587} INFO - Filling up the DagBag from /home/airflow/.local/lib/python3.12/site-packages/airflow/example_dags/example_workday_timetable.py
[2026-08-12T05:15:55.755+0000] {processor.py:925} INFO - DAG(s) 'example_workday_timetable' retrieved from /home/airflow/.local/lib/python3.12/site-packages/airflow/example_dags/example_workday_timetable.py
[2026-08-12T05:15:55.779+0000] {logging_mixin.py:190} INFO - [2026-08-12T05:15:55.778+0000] {dag.py:3211} INFO - Sync 1 DAGs
[2026-08-12T05:15:55.850+0000] {logging_mixin.py:190} INFO - [2026-08-12T05:15:55.849+0000] {dag.py:4138} INFO - Setting next_dagrun for example_workday_timetable to 2021-01-04 00:00:00+00:00, run_after=2021-01-05 00:00:00+00:00
[2026-08-12T05:15:55.871+0000] {processor.py:208} INFO - Processing /home/airflow/.local/lib/python3.12/site-packages/airflow/example_dags/example_workday_timetable.py took 0.134 seconds
[2026-08-12T05:16:26.290+0000] {processor.py:186} INFO - Started process (PID=5436) to work on /home/airflow/.local/lib/python3.12/site-packages/airflow/example_dags/example_workday_timetable.py
[2026-08-12T05:16:26.291+0000] {processor.py:914} INFO - Processing file /home/airflow/.local/lib/python3.12/site-packages/airflow/example_dags/example_workday_timetable.py for tasks to queue
[2026-08-12T05:16:26.295+0000] {logging_mixin.py:190} INFO - [2026-08-12T05:16:26.295+0000] {dagbag.py:587} INFO - Filling up the DagBag from /home/airflow/.local/lib/python3.12/site-packages/airflow/example_dags/example_workday_timetable.py
[2026-08-12T05:16:26.301+0000] {processor.py:925} INFO - DAG(s) 'example_workday_timetable' retrieved from /home/airflow/.local/lib/python3.12/site-packages/airflow/example_dags/example_workday_timetable.py
[2026-08-12T05:16:26.320+0000] {logging_mixin.py:190} INFO - [2026-08-12T05:16:26.320+0000] {dag.py:3211} INFO - Sync 1 DAGs
[2026-08-12T05:16:26.375+0000] {logging_mixin.py:190} INFO - [2026-08-12T05:16:26.375+0000] {dag.py:4138} INFO - Setting next_dagrun for example_workday_timetable to 2021-01-04 00:00:00+00:00, run_after=2021-01-05 00:00:00+00:00
[2026-08-12T05:16:26.399+0000] {processor.py:208} INFO - Processing /home/airflow/.local/lib/python3.12/site-packages/airflow/example_dags/example_workday_timetable.py took 0.114 seconds
[2026-08-12T05:16:56.723+0000] {processor.py:186} INFO - Started process (PID=5499) to work on /home/airflow/.local/lib/python3.12/site-packages/airflow/example_dags/example_workday_timetable.py
[2026-08-12T05:16:56.725+0000] {processor.py:914} INFO - Processing file /home/airflow/.local/lib/python3.12/site-packages/airflow/example_dags/example_workday_timetable.py for tasks to queue
[2026-08-12T05:16:56.729+0000] {logging_mixin.py:190} INFO - [2026-08-12T05:16:56.728+0000] {dagbag.py:587} INFO - Filling up the DagBag from /home/airflow/.local/lib/python3.12/site-packages/airflow/example_dags/example_workday_timetable.py
[2026-08-12T05:16:56.739+0000] {processor.py:925} INFO - DAG(s) 'example_workday_timetable' retrieved from /home/airflow/.local/lib/python3.12/site-packages/airflow/example_dags/example_workday_timetable.py
[2026-08-12T05:16:56.767+0000] {logging_mixin.py:190} INFO - [2026-08-12T05:16:56.767+0000] {dag.py:3211} INFO - Sync 1 DAGs
[2026-08-12T05:16:56.848+0000] {logging_mixin.py:190} INFO - [2026-08-12T05:16:56.847+0000] {dag.py:4138} INFO - Setting next_dagrun for example_workday_timetable to 2021-01-04 00:00:00+00:00, run_after=2021-01-05 00:00:00+00:00
[2026-08-12T05:16:56.870+0000] {processor.py:208} INFO - Processing /home/airflow/.local/lib/python3.12/site-packages/airflow/example_dags/example_workday_timetable.py took 0.154 seconds
[2026-08-12T05:17:27.350+0000] {processor.py:186} INFO - Started process (PID=5562) to work on /home/airflow/.local/lib/python3.12/site-packages/airflow/example_dags/example_workday_timetable.py
[2026-08-12T05:17:27.351+0000] {processor.py:914} INFO - Processing file /home/airflow/.local/lib/python3.12/site-packages/airflow/example_dags/example_workday_timetable.py for tasks to queue
[2026-08-12T05:17:27.354+0000] {logging_mixin.py:190} INFO - [2026-08-12T05:17:27.354+0000] {dagbag.py:587} INFO - Filling up the DagBag from /home/airflow/.local/lib/python3.12/site-packages/airflow/example_dags/example_workday_timetable.py
[2026-08-12T05:17:27.360+0000] {processor.py:925} INFO - DAG(s) 'example_workday_timetable' retrieved from /home/airflow/.local/lib/python3.12/site-packages/airflow/example_dags/example_workday_timetable.py
[2026-08-12T05:17:27.379+0000] {logging_mixin.py:190} INFO - [2026-08-12T05:17:27.379+0000] {dag.py:3211} INFO - Sync 1 DAGs
[2026-08-12T05:17:27.441+0000] {logging_mixin.py:190} INFO - [2026-08-12T05:17:27.441+0000] {dag.py:4138} INFO - Setting next_dagrun for example_workday_timetable to 2021-01-04 00:00:00+00:00, run_after=2021-01-05 00:00:00+00:00
[2026-08-12T05:17:27.465+0000] {processor.py:208} INFO - Processing /home/airflow/.local/lib/python3.12/site-packages/airflow/example_dags/example_workday_timetable.py took 0.120 seconds
[2026-08-12T05:17:58.339+0000] {processor.py:186} INFO - Started process (PID=5625) to work on /home/airflow/.local/lib/python3.12/site-packages/airflow/example_dags/example_workday_timetable.py
[2026-08-12T05:17:58.341+0000] {processor.py:914} INFO - Processing file /home/airflow/.local/lib/python3.12/site-packages/airflow/example_dags/example_workday_timetable.py for tasks to queue
[2026-08-12T05:17:58.345+0000] {logging_mixin.py:190} INFO - [2026-08-12T05:17:58.344+0000] {dagbag.py:587} INFO - Filling up the DagBag from /home/airflow/.local/lib/python3.12/site-packages/airflow/example_dags/example_workday_timetable.py
[2026-08-12T05:17:58.354+0000] {processor.py:925} INFO - DAG(s) 'example_workday_timetable' retrieved from /home/airflow/.local/lib/python3.12/site-packages/airflow/example_dags/example_workday_timetable.py
[2026-08-12T05:17:58.377+0000] {logging_mixin.py:190} INFO - [2026-08-12T05:17:58.376+0000] {dag.py:3211} INFO - Sync 1 DAGs
[2026-08-12T05:17:58.427+0000] {logging_mixin.py:190} INFO - [2026-08-12T05:17:58.426+0000] {dag.py:4138} INFO - Setting next_dagrun for example_workday_timetable to 2021-01-04 00:00:00+00:00, run_after=2021-01-05 00:00:00+00:00
[2026-08-12T05:17:58.445+0000] {processor.py:208} INFO - Processing /home/airflow/.local/lib/python3.12/site-packages/airflow/example_dags/example_workday_timetable.py took 0.113 seconds
[2026-08-12T05:18:29.111+0000] {processor.py:186} INFO - Started process (PID=5688) to work on /home/airflow/.local/lib/python3.12/site-packages/airflow/example_dags/example_workday_timetable.py
[2026-08-12T05:18:29.112+0000] {processor.py:914} INFO - Processing file /home/airflow/.local/lib/python3.12/site-packages/airflow/example_dags/example_workday_timetable.py for tasks to queue
[2026-08-12T05:18:29.115+0000] {logging_mixin.py:190} INFO - [2026-08-12T05:18:29.115+0000] {dagbag.py:587} INFO - Filling up the DagBag from /home/airflow/.local/lib/python3.12/site-packages/airflow/example_dags/example_workday_timetable.py
[2026-08-12T05:18:29.122+0000] {processor.py:925} INFO - DAG(s) 'example_workday_timetable' retrieved from /home/airflow/.local/lib/python3.12/site-packages/airflow/example_dags/example_workday_timetable.py
[2026-08-12T05:18:29.148+0000] {logging_mixin.py:190} INFO - [2026-08-12T05:18:29.148+0000] {dag.py:3211} INFO - Sync 1 DAGs
[2026-08-12T05:18:29.219+0000] {logging_mixin.py:190} INFO - [2026-08-12T05:18:29.219+0000] {dag.py:4138} INFO - Setting next_dagrun for example_workday_timetable to 2021-01-04 00:00:00+00:00, run_after=2021-01-05 00:00:00+00:00
[2026-08-12T05:18:29.243+0000] {processor.py:208} INFO - Processing /home/airflow/.local/lib/python3.12/site-packages/airflow/example_dags/example_workday_timetable.py took 0.140 seconds
[2026-08-12T05:19:10.146+0000] {processor.py:186} INFO - Started process (PID=5758) to work on /home/airflow/.local/lib/python3.12/site-packages/airflow/example_dags/example_workday_timetable.py
[2026-08-12T05:19:10.161+0000] {processor.py:914} INFO - Processing file /home/airflow/.local/lib/python3.12/site-packages/airflow/example_dags/example_workday_timetable.py for tasks to queue
[2026-08-12T05:19:10.171+0000] {logging_mixin.py:190} INFO - [2026-08-12T05:19:10.170+0000] {dagbag.py:587} INFO - Filling up the DagBag from /home/airflow/.local/lib/python3.12/site-packages/airflow/example_dags/example_workday_timetable.py
[2026-08-12T05:19:10.199+0000] {processor.py:925} INFO - DAG(s) 'example_workday_timetable' retrieved from /home/airflow/.local/lib/python3.12/site-packages/airflow/example_dags/example_workday_timetable.py
[2026-08-12T05:19:10.292+0000] {logging_mixin.py:190} INFO - [2026-08-12T05:19:10.291+0000] {dag.py:3211} INFO - Sync 1 DAGs
[2026-08-12T05:19:10.529+0000] {logging_mixin.py:190} INFO - [2026-08-12T05:19:10.525+0000] {dag.py:4138} INFO - Setting next_dagrun for example_workday_timetable to 2021-01-04 00:00:00+00:00, run_after=2021-01-05 00:00:00+00:00
[2026-08-12T05:19:10.629+0000] {processor.py:208} INFO - Processing /home/airflow/.local/lib/python3.12/site-packages/airflow/example_dags/example_workday_timetable.py took 0.508 seconds
[2026-08-12T05:19:41.446+0000] {processor.py:186} INFO - Started process (PID=5821) to work on /home/airflow/.local/lib/python3.12/site-packages/airflow/example_dags/example_workday_timetable.py
[2026-08-12T05:19:41.459+0000] {processor.py:914} INFO - Processing file /home/airflow/.local/lib/python3.12/site-packages/airflow/example_dags/example_workday_timetable.py for tasks to queue
[2026-08-12T05:19:41.475+0000] {logging_mixin.py:190} INFO - [2026-08-12T05:19:41.468+0000] {dagbag.py:587} INFO - Filling up the DagBag from /home/airflow/.local/lib/python3.12/site-packages/airflow/example_dags/example_workday_timetable.py
[2026-08-12T05:19:41.512+0000] {processor.py:925} INFO - DAG(s) 'example_workday_timetable' retrieved from /home/airflow/.local/lib/python3.12/site-packages/airflow/example_dags/example_workday_timetable.py
[2026-08-12T05:19:41.625+0000] {logging_mixin.py:190} INFO - [2026-08-12T05:19:41.624+0000] {dag.py:3211} INFO - Sync 1 DAGs
[2026-08-12T05:19:42.140+0000] {logging_mixin.py:190} INFO - [2026-08-12T05:19:42.139+0000] {dag.py:4138} INFO - Setting next_dagrun for example_workday_timetable to 2021-01-04 00:00:00+00:00, run_after=2021-01-05 00:00:00+00:00
[2026-08-12T05:19:42.234+0000] {processor.py:208} INFO - Processing /home/airflow/.local/lib/python3.12/site-packages/airflow/example_dags/example_workday_timetable.py took 0.824 seconds
[2026-08-12T05:20:12.437+0000] {processor.py:186} INFO - Started process (PID=5884) to work on /home/airflow/.local/lib/python3.12/site-packages/airflow/example_dags/example_workday_timetable.py
[2026-08-12T05:20:12.439+0000] {processor.py:914} INFO - Processing file /home/airflow/.local/lib/python3.12/site-packages/airflow/example_dags/example_workday_timetable.py for tasks to queue
[2026-08-12T05:20:12.453+0000] {logging_mixin.py:190} INFO - [2026-08-12T05:20:12.452+0000] {dagbag.py:587} INFO - Filling up the DagBag from /home/airflow/.local/lib/python3.12/site-packages/airflow/example_dags/example_workday_timetable.py
[2026-08-12T05:20:12.471+0000] {processor.py:925} INFO - DAG(s) 'example_workday_timetable' retrieved from /home/airflow/.local/lib/python3.12/site-packages/airflow/example_dags/example_workday_timetable.py
[2026-08-12T05:20:12.527+0000] {logging_mixin.py:190} INFO - [2026-08-12T05:20:12.527+0000] {dag.py:3211} INFO - Sync 1 DAGs
[2026-08-12T05:20:12.643+0000] {logging_mixin.py:190} INFO - [2026-08-12T05:20:12.643+0000] {dag.py:4138} INFO - Setting next_dagrun for example_workday_timetable to 2021-01-04 00:00:00+00:00, run_after=2021-01-05 00:00:00+00:00
[2026-08-12T05:20:12.682+0000] {processor.py:208} INFO - Processing /home/airflow/.local/lib/python3.12/site-packages/airflow/example_dags/example_workday_timetable.py took 0.257 seconds
[2026-08-12T05:20:44.532+0000] {processor.py:186} INFO - Started process (PID=5947) to work on /home/airflow/.local/lib/python3.12/site-packages/airflow/example_dags/example_workday_timetable.py
[2026-08-12T05:20:44.544+0000] {processor.py:914} INFO - Processing file /home/airflow/.local/lib/python3.12/site-packages/airflow/example_dags/example_workday_timetable.py for tasks to queue
[2026-08-12T05:20:44.561+0000] {logging_mixin.py:190} INFO - [2026-08-12T05:20:44.558+0000] {dagbag.py:587} INFO - Filling up the DagBag from /home/airflow/.local/lib/python3.12/site-packages/airflow/example_dags/example_workday_timetable.py
[2026-08-12T05:20:44.598+0000] {processor.py:925} INFO - DAG(s) 'example_workday_timetable' retrieved from /home/airflow/.local/lib/python3.12/site-packages/airflow/example_dags/example_workday_timetable.py
[2026-08-12T05:20:44.705+0000] {logging_mixin.py:190} INFO - [2026-08-12T05:20:44.704+0000] {dag.py:3211} INFO - Sync 1 DAGs
[2026-08-12T05:20:45.086+0000] {logging_mixin.py:190} INFO - [2026-08-12T05:20:45.086+0000] {dag.py:4138} INFO - Setting next_dagrun for example_workday_timetable to 2021-01-04 00:00:00+00:00, run_after=2021-01-05 00:00:00+00:00
[2026-08-12T05:20:45.226+0000] {processor.py:208} INFO - Processing /home/airflow/.local/lib/python3.12/site-packages/airflow/example_dags/example_workday_timetable.py took 0.729 seconds
[2026-08-12T05:21:15.671+0000] {processor.py:186} INFO - Started process (PID=6011) to work on /home/airflow/.local/lib/python3.12/site-packages/airflow/example_dags/example_workday_timetable.py
[2026-08-12T05:21:15.674+0000] {processor.py:914} INFO - Processing file /home/airflow/.local/lib/python3.12/site-packages/airflow/example_dags/example_workday_timetable.py for tasks to queue
[2026-08-12T05:21:15.678+0000] {logging_mixin.py:190} INFO - [2026-08-12T05:21:15.677+0000] {dagbag.py:587} INFO - Filling up the DagBag from /home/airflow/.local/lib/python3.12/site-packages/airflow/example_dags/example_workday_timetable.py
[2026-08-12T05:21:15.686+0000] {processor.py:925} INFO - DAG(s) 'example_workday_timetable' retrieved from /home/airflow/.local/lib/python3.12/site-packages/airflow/example_dags/example_workday_timetable.py
[2026-08-12T05:21:15.710+0000] {logging_mixin.py:190} INFO - [2026-08-12T05:21:15.710+0000] {dag.py:3211} INFO - Sync 1 DAGs
[2026-08-12T05:21:15.772+0000] {logging_mixin.py:190} INFO - [2026-08-12T05:21:15.772+0000] {dag.py:4138} INFO - Setting next_dagrun for example_workday_timetable to 2021-01-04 00:00:00+00:00, run_after=2021-01-05 00:00:00+00:00
[2026-08-12T05:21:15.790+0000] {processor.py:208} INFO - Processing /home/airflow/.local/lib/python3.12/site-packages/airflow/example_dags/example_workday_timetable.py took 0.127 seconds
[2026-08-12T05:21:46.242+0000] {processor.py:186} INFO - Started process (PID=6077) to work on /home/airflow/.local/lib/python3.12/site-packages/airflow/example_dags/example_workday_timetable.py
[2026-08-12T05:21:46.244+0000] {processor.py:914} INFO - Processing file /home/airflow/.local/lib/python3.12/site-packages/airflow/example_dags/example_workday_timetable.py for tasks to queue
[2026-08-12T05:21:46.248+0000] {logging_mixin.py:190} INFO - [2026-08-12T05:21:46.247+0000] {dagbag.py:587} INFO - Filling up the DagBag from /home/airflow/.local/lib/python3.12/site-packages/airflow/example_dags/example_workday_timetable.py
[2026-08-12T05:21:46.257+0000] {processor.py:925} INFO - DAG(s) 'example_workday_timetable' retrieved from /home/airflow/.local/lib/python3.12/site-packages/airflow/example_dags/example_workday_timetable.py
[2026-08-12T05:21:46.282+0000] {logging_mixin.py:190} INFO - [2026-08-12T05:21:46.282+0000] {dag.py:3211} INFO - Sync 1 DAGs
[2026-08-12T05:21:46.337+0000] {logging_mixin.py:190} INFO - [2026-08-12T05:21:46.337+0000] {dag.py:4138} INFO - Setting next_dagrun for example_workday_timetable to 2021-01-04 00:00:00+00:00, run_after=2021-01-05 00:00:00+00:00
[2026-08-12T05:21:46.365+0000] {processor.py:208} INFO - Processing /home/airflow/.local/lib/python3.12/site-packages/airflow/example_dags/example_workday_timetable.py took 0.131 seconds
[2026-08-12T05:22:16.676+0000] {processor.py:186} INFO - Started process (PID=6140) to work on /home/airflow/.local/lib/python3.12/site-packages/airflow/example_dags/example_workday_timetable.py
[2026-08-12T05:22:16.678+0000] {processor.py:914} INFO - Processing file /home/airflow/.local/lib/python3.12/site-packages/airflow/example_dags/example_workday_timetable.py for tasks to queue
[2026-08-12T05:22:16.682+0000] {logging_mixin.py:190} INFO - [2026-08-12T05:22:16.681+0000] {dagbag.py:587} INFO - Filling up the DagBag from /home/airflow/.local/lib/python3.12/site-packages/airflow/example_dags/example_workday_timetable.py
[2026-08-12T05:22:16.690+0000] {processor.py:925} INFO - DAG(s) 'example_workday_timetable' retrieved from /home/airflow/.local/lib/python3.12/site-packages/airflow/example_dags/example_workday_timetable.py
[2026-08-12T05:22:16.732+0000] {logging_mixin.py:190} INFO - [2026-08-12T05:22:16.732+0000] {dag.py:3211} INFO - Sync 1 DAGs
[2026-08-12T05:22:16.794+0000] {logging_mixin.py:190} INFO - [2026-08-12T05:22:16.794+0000] {dag.py:4138} INFO - Setting next_dagrun for example_workday_timetable to 2021-01-04 00:00:00+00:00, run_after=2021-01-05 00:00:00+00:00
[2026-08-12T05:22:16.820+0000] {processor.py:208} INFO - Processing /home/airflow/.local/lib/python3.12/site-packages/airflow/example_dags/example_workday_timetable.py took 0.152 seconds
[2026-08-12T05:22:46.886+0000] {processor.py:186} INFO - Started process (PID=6203) to work on /home/airflow/.local/lib/python3.12/site-packages/airflow/example_dags/example_workday_timetable.py
[2026-08-12T05:22:46.888+0000] {processor.py:914} INFO - Processing file /home/airflow/.local/lib/python3.12/site-packages/airflow/example_dags/example_workday_timetable.py for tasks to queue
[2026-08-12T05:22:46.891+0000] {logging_mixin.py:190} INFO - [2026-08-12T05:22:46.891+0000] {dagbag.py:587} INFO - Filling up the DagBag from /home/airflow/.local/lib/python3.12/site-packages/airflow/example_dags/example_workday_timetable.py
[2026-08-12T05:22:46.900+0000] {processor.py:925} INFO - DAG(s) 'example_workday_timetable' retrieved from /home/airflow/.local/lib/python3.12/site-packages/airflow/example_dags/example_workday_timetable.py
[2026-08-12T05:22:46.921+0000] {logging_mixin.py:190} INFO - [2026-08-12T05:22:46.921+0000] {dag.py:3211} INFO - Sync 1 DAGs
[2026-08-12T05:22:46.989+0000] {logging_mixin.py:190} INFO - [2026-08-12T05:22:46.989+0000] {dag.py:4138} INFO - Setting next_dagrun for example_workday_timetable to 2021-01-04 00:00:00+00:00, run_after=2021-01-05 00:00:00+00:00
[2026-08-12T05:22:47.009+0000] {processor.py:208} INFO - Processing /home/airflow/.local/lib/python3.12/site-packages/airflow/example_dags/example_workday_timetable.py took 0.132 seconds
[2026-08-12T05:23:17.392+0000] {processor.py:186} INFO - Started process (PID=6269) to work on /home/airflow/.local/lib/python3.12/site-packages/airflow/example_dags/example_workday_timetable.py
[2026-08-12T05:23:17.393+0000] {processor.py:914} INFO - Processing file /home/airflow/.local/lib/python3.12/site-packages/airflow/example_dags/example_workday_timetable.py for tasks to queue
[2026-08-12T05:23:17.397+0000] {logging_mixin.py:190} INFO - [2026-08-12T05:23:17.397+0000] {dagbag.py:587} INFO - Filling up the DagBag from /home/airflow/.local/lib/python3.12/site-packages/airflow/example_dags/example_workday_timetable.py
[2026-08-12T05:23:17.406+0000] {processor.py:925} INFO - DAG(s) 'example_workday_timetable' retrieved from /home/airflow/.local/lib/python3.12/site-packages/airflow/example_dags/example_workday_timetable.py
[2026-08-12T05:23:17.428+0000] {logging_mixin.py:190} INFO - [2026-08-12T05:23:17.428+0000] {dag.py:3211} INFO - Sync 1 DAGs
[2026-08-12T05:23:17.477+0000] {logging_mixin.py:190} INFO - [2026-08-12T05:23:17.477+0000] {dag.py:4138} INFO - Setting next_dagrun for example_workday_timetable to 2021-01-04 00:00:00+00:00, run_after=2021-01-05 00:00:00+00:00
[2026-08-12T05:23:17.495+0000] {processor.py:208} INFO - Processing /home/airflow/.local/lib/python3.12/site-packages/airflow/example_dags/example_workday_timetable.py took 0.109 seconds
[2026-08-12T05:23:47.742+0000] {processor.py:186} INFO - Started process (PID=6332) to work on /home/airflow/.local/lib/python3.12/site-packages/airflow/example_dags/example_workday_timetable.py
[2026-08-12T05:23:47.745+0000] {processor.py:914} INFO - Processing file /home/airflow/.local/lib/python3.12/site-packages/airflow/example_dags/example_workday_timetable.py for tasks to queue
[2026-08-12T05:23:47.749+0000] {logging_mixin.py:190} INFO - [2026-08-12T05:23:47.749+0000] {dagbag.py:587} INFO - Filling up the DagBag from /home/airflow/.local/lib/python3.12/site-packages/airflow/example_dags/example_workday_timetable.py
[2026-08-12T05:23:47.758+0000] {processor.py:925} INFO - DAG(s) 'example_workday_timetable' retrieved from /home/airflow/.local/lib/python3.12/site-packages/airflow/example_dags/example_workday_timetable.py
[2026-08-12T05:23:47.778+0000] {logging_mixin.py:190} INFO - [2026-08-12T05:23:47.778+0000] {dag.py:3211} INFO - Sync 1 DAGs
[2026-08-12T05:23:47.839+0000] {logging_mixin.py:190} INFO - [2026-08-12T05:23:47.838+0000] {dag.py:4138} INFO - Setting next_dagrun for example_workday_timetable to 2021-01-04 00:00:00+00:00, run_after=2021-01-05 00:00:00+00:00
[2026-08-12T05:23:47.857+0000] {processor.py:208} INFO - Processing /home/airflow/.local/lib/python3.12/site-packages/airflow/example_dags/example_workday_timetable.py took 0.124 seconds
[2026-08-12T05:24:18.569+0000] {processor.py:186} INFO - Started process (PID=6395) to work on /home/airflow/.local/lib/python3.12/site-packages/airflow/example_dags/example_workday_timetable.py
[2026-08-12T05:24:18.571+0000] {processor.py:914} INFO - Processing file /home/airflow/.local/lib/python3.12/site-packages/airflow/example_dags/example_workday_timetable.py for tasks to queue
[2026-08-12T05:24:18.575+0000] {logging_mixin.py:190} INFO - [2026-08-12T05:24:18.575+0000] {dagbag.py:587} INFO - Filling up the DagBag from /home/airflow/.local/lib/python3.12/site-packages/airflow/example_dags/example_workday_timetable.py
[2026-08-12T05:24:18.585+0000] {processor.py:925} INFO - DAG(s) 'example_workday_timetable' retrieved from /home/airflow/.local/lib/python3.12/site-packages/airflow/example_dags/example_workday_timetable.py
[2026-08-12T05:24:18.611+0000] {logging_mixin.py:190} INFO - [2026-08-12T05:24:18.611+0000] {dag.py:3211} INFO - Sync 1 DAGs
[2026-08-12T05:24:18.669+0000] {logging_mixin.py:190} INFO - [2026-08-12T05:24:18.669+0000] {dag.py:4138} INFO - Setting next_dagrun for example_workday_timetable to 2021-01-04 00:00:00+00:00, run_after=2021-01-05 00:00:00+00:00
[2026-08-12T05:24:18.689+0000] {processor.py:208} INFO - Processing /home/airflow/.local/lib/python3.12/site-packages/airflow/example_dags/example_workday_timetable.py took 0.127 seconds
[2026-08-12T05:24:49.621+0000] {processor.py:186} INFO - Started process (PID=6458) to work on /home/airflow/.local/lib/python3.12/site-packages/airflow/example_dags/example_workday_timetable.py
[2026-08-12T05:24:49.623+0000] {processor.py:914} INFO - Processing file /home/airflow/.local/lib/python3.12/site-packages/airflow/example_dags/example_workday_timetable.py for tasks to queue
[2026-08-12T05:24:49.625+0000] {logging_mixin.py:190} INFO - [2026-08-12T05:24:49.625+0000] {dagbag.py:587} INFO - Filling up the DagBag from /home/airflow/.local/lib/python3.12/site-packages/airflow/example_dags/example_workday_timetable.py
[2026-08-12T05:24:49.632+0000] {processor.py:925} INFO - DAG(s) 'example_workday_timetable' retrieved from /home/airflow/.local/lib/python3.12/site-packages/airflow/example_dags/example_workday_timetable.py
[2026-08-12T05:24:49.656+0000] {logging_mixin.py:190} INFO - [2026-08-12T05:24:49.656+0000] {dag.py:3211} INFO - Sync 1 DAGs
[2026-08-12T05:24:49.717+0000] {logging_mixin.py:190} INFO - [2026-08-12T05:24:49.716+0000] {dag.py:4138} INFO - Setting next_dagrun for example_workday_timetable to 2021-01-04 00:00:00+00:00, run_after=2021-01-05 00:00:00+00:00
[2026-08-12T05:24:49.738+0000] {processor.py:208} INFO - Processing /home/airflow/.local/lib/python3.12/site-packages/airflow/example_dags/example_workday_timetable.py took 0.124 seconds
[2026-08-12T05:25:19.928+0000] {processor.py:186} INFO - Started process (PID=6522) to work on /home/airflow/.local/lib/python3.12/site-packages/airflow/example_dags/example_workday_timetable.py
[2026-08-12T05:25:19.930+0000] {processor.py:914} INFO - Processing file /home/airflow/.local/lib/python3.12/site-packages/airflow/example_dags/example_workday_timetable.py for tasks to queue
[2026-08-12T05:25:19.932+0000] {logging_mixin.py:190} INFO - [2026-08-12T05:25:19.932+0000] {dagbag.py:587} INFO - Filling up the DagBag from /home/airflow/.local/lib/python3.12/site-packages/airflow/example_dags/example_workday_timetable.py
[2026-08-12T05:25:19.940+0000] {processor.py:925} INFO - DAG(s) 'example_workday_timetable' retrieved from /home/airflow/.local/lib/python3.12/site-packages/airflow/example_dags/example_workday_timetable.py
[2026-08-12T05:25:19.976+0000] {logging_mixin.py:190} INFO - [2026-08-12T05:25:19.976+0000] {dag.py:3211} INFO - Sync 1 DAGs
[2026-08-12T05:25:20.048+0000] {logging_mixin.py:190} INFO - [2026-08-12T05:25:20.048+0000] {dag.py:4138} INFO - Setting next_dagrun for example_workday_timetable to 2021-01-04 00:00:00+00:00, run_after=2021-01-05 00:00:00+00:00
[2026-08-12T05:25:20.071+0000] {processor.py:208} INFO - Processing /home/airflow/.local/lib/python3.12/site-packages/airflow/example_dags/example_workday_timetable.py took 0.148 seconds
