[2026-08-12T04:30:54.043+0000] {processor.py:186} INFO - Started process (PID=108) to work on /home/airflow/.local/lib/python3.12/site-packages/airflow/example_dags/example_short_circuit_operator.py
[2026-08-12T04:30:54.046+0000] {processor.py:914} INFO - Processing file /home/airflow/.local/lib/python3.12/site-packages/airflow/example_dags/example_short_circuit_operator.py for tasks to queue
[2026-08-12T04:30:54.050+0000] {logging_mixin.py:190} INFO - [2026-08-12T04:30:54.050+0000] {dagbag.py:587} INFO - Filling up the DagBag from /home/airflow/.local/lib/python3.12/site-packages/airflow/example_dags/example_short_circuit_operator.py
[2026-08-12T04:30:54.063+0000] {processor.py:925} INFO - DAG(s) 'example_short_circuit_operator' retrieved from /home/airflow/.local/lib/python3.12/site-packages/airflow/example_dags/example_short_circuit_operator.py
[2026-08-12T04:30:54.263+0000] {logging_mixin.py:190} INFO - [2026-08-12T04:30:54.261+0000] {override.py:1858} INFO - Created Permission View: can edit on DAG:example_short_circuit_operator
[2026-08-12T04:30:54.275+0000] {logging_mixin.py:190} INFO - [2026-08-12T04:30:54.275+0000] {override.py:1858} INFO - Created Permission View: can delete on DAG:example_short_circuit_operator
[2026-08-12T04:30:54.287+0000] {logging_mixin.py:190} INFO - [2026-08-12T04:30:54.286+0000] {override.py:1858} INFO - Created Permission View: can read on DAG:example_short_circuit_operator
[2026-08-12T04:30:54.289+0000] {logging_mixin.py:190} INFO - [2026-08-12T04:30:54.289+0000] {dag.py:3211} INFO - Sync 1 DAGs
[2026-08-12T04:30:54.309+0000] {logging_mixin.py:190} INFO - [2026-08-12T04:30:54.308+0000] {dag.py:3234} INFO - Creating ORM DAG for example_short_circuit_operator
[2026-08-12T04:30:54.327+0000] {logging_mixin.py:190} INFO - [2026-08-12T04:30:54.326+0000] {dag.py:4138} INFO - Setting next_dagrun for example_short_circuit_operator to 2026-08-11 00:00:00+00:00, run_after=2026-08-12 00:00:00+00:00
[2026-08-12T04:30:54.349+0000] {processor.py:208} INFO - Processing /home/airflow/.local/lib/python3.12/site-packages/airflow/example_dags/example_short_circuit_operator.py took 0.317 seconds
[2026-08-12T04:31:24.608+0000] {processor.py:186} INFO - Started process (PID=170) to work on /home/airflow/.local/lib/python3.12/site-packages/airflow/example_dags/example_short_circuit_operator.py
[2026-08-12T04:31:24.610+0000] {processor.py:914} INFO - Processing file /home/airflow/.local/lib/python3.12/site-packages/airflow/example_dags/example_short_circuit_operator.py for tasks to queue
[2026-08-12T04:31:24.613+0000] {logging_mixin.py:190} INFO - [2026-08-12T04:31:24.613+0000] {dagbag.py:587} INFO - Filling up the DagBag from /home/airflow/.local/lib/python3.12/site-packages/airflow/example_dags/example_short_circuit_operator.py
[2026-08-12T04:31:24.623+0000] {processor.py:925} INFO - DAG(s) 'example_short_circuit_operator' retrieved from /home/airflow/.local/lib/python3.12/site-packages/airflow/example_dags/example_short_circuit_operator.py
[2026-08-12T04:31:24.645+0000] {logging_mixin.py:190} INFO - [2026-08-12T04:31:24.644+0000] {dag.py:3211} INFO - Sync 1 DAGs
[2026-08-12T04:31:24.677+0000] {logging_mixin.py:190} INFO - [2026-08-12T04:31:24.677+0000] {dag.py:4138} INFO - Setting next_dagrun for example_short_circuit_operator to 2026-08-11 00:00:00+00:00, run_after=2026-08-12 00:00:00+00:00
[2026-08-12T04:31:24.695+0000] {processor.py:208} INFO - Processing /home/airflow/.local/lib/python3.12/site-packages/airflow/example_dags/example_short_circuit_operator.py took 0.092 seconds
[2026-08-12T04:31:54.828+0000] {processor.py:186} INFO - Started process (PID=232) to work on /home/airflow/.local/lib/python3.12/site-packages/airflow/example_dags/example_short_circuit_operator.py
[2026-08-12T04:31:54.830+0000] {processor.py:914} INFO - Processing file /home/airflow/.local/lib/python3.12/site-packages/airflow/example_dags/example_short_circuit_operator.py for tasks to queue
[2026-08-12T04:31:54.834+0000] {logging_mixin.py:190} INFO - [2026-08-12T04:31:54.833+0000] {dagbag.py:587} INFO - Filling up the DagBag from /home/airflow/.local/lib/python3.12/site-packages/airflow/example_dags/example_short_circuit_operator.py
[2026-08-12T04:31:54.843+0000] {processor.py:925} INFO - DAG(s) 'example_short_circuit_operator' retrieved from /home/airflow/.local/lib/python3.12/site-packages/airflow/example_dags/example_short_circuit_operator.py
[2026-08-12T04:31:54.880+0000] {logging_mixin.py:190} INFO - [2026-08-12T04:31:54.879+0000] {dag.py:3211} INFO - Sync 1 DAGs
[2026-08-12T04:31:54.911+0000] {logging_mixin.py:190} INFO - [2026-08-12T04:31:54.911+0000] {dag.py:4138} INFO - Setting next_dagrun for example_short_circuit_operator to 2026-08-11 00:00:00+00:00, run_after=2026-08-12 00:00:00+00:00
[2026-08-12T04:31:54.936+0000] {processor.py:208} INFO - Processing /home/airflow/.local/lib/python3.12/site-packages/airflow/example_dags/example_short_circuit_operator.py took 0.114 seconds
[2026-08-12T04:33:05.960+0000] {processor.py:186} INFO - Started process (PID=105) to work on /home/airflow/.local/lib/python3.12/site-packages/airflow/example_dags/example_short_circuit_operator.py
[2026-08-12T04:33:05.962+0000] {processor.py:914} INFO - Processing file /home/airflow/.local/lib/python3.12/site-packages/airflow/example_dags/example_short_circuit_operator.py for tasks to queue
[2026-08-12T04:33:05.979+0000] {logging_mixin.py:190} INFO - [2026-08-12T04:33:05.978+0000] {dagbag.py:587} INFO - Filling up the DagBag from /home/airflow/.local/lib/python3.12/site-packages/airflow/example_dags/example_short_circuit_operator.py
[2026-08-12T04:33:05.992+0000] {processor.py:925} INFO - DAG(s) 'example_short_circuit_operator' retrieved from /home/airflow/.local/lib/python3.12/site-packages/airflow/example_dags/example_short_circuit_operator.py
[2026-08-12T04:33:06.024+0000] {logging_mixin.py:190} INFO - [2026-08-12T04:33:06.023+0000] {dag.py:3211} INFO - Sync 1 DAGs
[2026-08-12T04:33:06.062+0000] {logging_mixin.py:190} INFO - [2026-08-12T04:33:06.061+0000] {dag.py:4138} INFO - Setting next_dagrun for example_short_circuit_operator to 2026-08-11 00:00:00+00:00, run_after=2026-08-12 00:00:00+00:00
[2026-08-12T04:33:06.090+0000] {processor.py:208} INFO - Processing /home/airflow/.local/lib/python3.12/site-packages/airflow/example_dags/example_short_circuit_operator.py took 0.137 seconds
[2026-08-12T04:33:36.524+0000] {processor.py:186} INFO - Started process (PID=167) to work on /home/airflow/.local/lib/python3.12/site-packages/airflow/example_dags/example_short_circuit_operator.py
[2026-08-12T04:33:36.526+0000] {processor.py:914} INFO - Processing file /home/airflow/.local/lib/python3.12/site-packages/airflow/example_dags/example_short_circuit_operator.py for tasks to queue
[2026-08-12T04:33:36.530+0000] {logging_mixin.py:190} INFO - [2026-08-12T04:33:36.530+0000] {dagbag.py:587} INFO - Filling up the DagBag from /home/airflow/.local/lib/python3.12/site-packages/airflow/example_dags/example_short_circuit_operator.py
[2026-08-12T04:33:36.541+0000] {processor.py:925} INFO - DAG(s) 'example_short_circuit_operator' retrieved from /home/airflow/.local/lib/python3.12/site-packages/airflow/example_dags/example_short_circuit_operator.py
[2026-08-12T04:33:36.576+0000] {logging_mixin.py:190} INFO - [2026-08-12T04:33:36.576+0000] {dag.py:3211} INFO - Sync 1 DAGs
[2026-08-12T04:33:36.601+0000] {logging_mixin.py:190} INFO - [2026-08-12T04:33:36.600+0000] {dag.py:4138} INFO - Setting next_dagrun for example_short_circuit_operator to 2026-08-11 00:00:00+00:00, run_after=2026-08-12 00:00:00+00:00
[2026-08-12T04:33:36.619+0000] {processor.py:208} INFO - Processing /home/airflow/.local/lib/python3.12/site-packages/airflow/example_dags/example_short_circuit_operator.py took 0.105 seconds
[2026-08-12T04:34:06.826+0000] {processor.py:186} INFO - Started process (PID=229) to work on /home/airflow/.local/lib/python3.12/site-packages/airflow/example_dags/example_short_circuit_operator.py
[2026-08-12T04:34:06.828+0000] {processor.py:914} INFO - Processing file /home/airflow/.local/lib/python3.12/site-packages/airflow/example_dags/example_short_circuit_operator.py for tasks to queue
[2026-08-12T04:34:06.832+0000] {logging_mixin.py:190} INFO - [2026-08-12T04:34:06.831+0000] {dagbag.py:587} INFO - Filling up the DagBag from /home/airflow/.local/lib/python3.12/site-packages/airflow/example_dags/example_short_circuit_operator.py
[2026-08-12T04:34:06.846+0000] {processor.py:925} INFO - DAG(s) 'example_short_circuit_operator' retrieved from /home/airflow/.local/lib/python3.12/site-packages/airflow/example_dags/example_short_circuit_operator.py
[2026-08-12T04:34:06.874+0000] {logging_mixin.py:190} INFO - [2026-08-12T04:34:06.874+0000] {dag.py:3211} INFO - Sync 1 DAGs
[2026-08-12T04:34:06.902+0000] {logging_mixin.py:190} INFO - [2026-08-12T04:34:06.901+0000] {dag.py:4138} INFO - Setting next_dagrun for example_short_circuit_operator to 2026-08-11 00:00:00+00:00, run_after=2026-08-12 00:00:00+00:00
[2026-08-12T04:34:06.925+0000] {processor.py:208} INFO - Processing /home/airflow/.local/lib/python3.12/site-packages/airflow/example_dags/example_short_circuit_operator.py took 0.107 seconds
[2026-08-12T04:34:37.308+0000] {processor.py:186} INFO - Started process (PID=291) to work on /home/airflow/.local/lib/python3.12/site-packages/airflow/example_dags/example_short_circuit_operator.py
[2026-08-12T04:34:37.312+0000] {processor.py:914} INFO - Processing file /home/airflow/.local/lib/python3.12/site-packages/airflow/example_dags/example_short_circuit_operator.py for tasks to queue
[2026-08-12T04:34:37.315+0000] {logging_mixin.py:190} INFO - [2026-08-12T04:34:37.314+0000] {dagbag.py:587} INFO - Filling up the DagBag from /home/airflow/.local/lib/python3.12/site-packages/airflow/example_dags/example_short_circuit_operator.py
[2026-08-12T04:34:37.323+0000] {processor.py:925} INFO - DAG(s) 'example_short_circuit_operator' retrieved from /home/airflow/.local/lib/python3.12/site-packages/airflow/example_dags/example_short_circuit_operator.py
[2026-08-12T04:34:37.346+0000] {logging_mixin.py:190} INFO - [2026-08-12T04:34:37.345+0000] {dag.py:3211} INFO - Sync 1 DAGs
[2026-08-12T04:34:37.367+0000] {logging_mixin.py:190} INFO - [2026-08-12T04:34:37.367+0000] {dag.py:4138} INFO - Setting next_dagrun for example_short_circuit_operator to 2026-08-11 00:00:00+00:00, run_after=2026-08-12 00:00:00+00:00
[2026-08-12T04:34:37.390+0000] {processor.py:208} INFO - Processing /home/airflow/.local/lib/python3.12/site-packages/airflow/example_dags/example_short_circuit_operator.py took 0.087 seconds
[2026-08-12T04:35:07.611+0000] {processor.py:186} INFO - Started process (PID=352) to work on /home/airflow/.local/lib/python3.12/site-packages/airflow/example_dags/example_short_circuit_operator.py
[2026-08-12T04:35:07.612+0000] {processor.py:914} INFO - Processing file /home/airflow/.local/lib/python3.12/site-packages/airflow/example_dags/example_short_circuit_operator.py for tasks to queue
[2026-08-12T04:35:07.615+0000] {logging_mixin.py:190} INFO - [2026-08-12T04:35:07.615+0000] {dagbag.py:587} INFO - Filling up the DagBag from /home/airflow/.local/lib/python3.12/site-packages/airflow/example_dags/example_short_circuit_operator.py
[2026-08-12T04:35:07.624+0000] {processor.py:925} INFO - DAG(s) 'example_short_circuit_operator' retrieved from /home/airflow/.local/lib/python3.12/site-packages/airflow/example_dags/example_short_circuit_operator.py
[2026-08-12T04:35:07.647+0000] {logging_mixin.py:190} INFO - [2026-08-12T04:35:07.647+0000] {dag.py:3211} INFO - Sync 1 DAGs
[2026-08-12T04:35:07.676+0000] {logging_mixin.py:190} INFO - [2026-08-12T04:35:07.676+0000] {dag.py:4138} INFO - Setting next_dagrun for example_short_circuit_operator to 2026-08-11 00:00:00+00:00, run_after=2026-08-12 00:00:00+00:00
[2026-08-12T04:35:07.698+0000] {processor.py:208} INFO - Processing /home/airflow/.local/lib/python3.12/site-packages/airflow/example_dags/example_short_circuit_operator.py took 0.092 seconds
[2026-08-12T04:35:38.096+0000] {processor.py:186} INFO - Started process (PID=414) to work on /home/airflow/.local/lib/python3.12/site-packages/airflow/example_dags/example_short_circuit_operator.py
[2026-08-12T04:35:38.098+0000] {processor.py:914} INFO - Processing file /home/airflow/.local/lib/python3.12/site-packages/airflow/example_dags/example_short_circuit_operator.py for tasks to queue
[2026-08-12T04:35:38.101+0000] {logging_mixin.py:190} INFO - [2026-08-12T04:35:38.100+0000] {dagbag.py:587} INFO - Filling up the DagBag from /home/airflow/.local/lib/python3.12/site-packages/airflow/example_dags/example_short_circuit_operator.py
[2026-08-12T04:35:38.110+0000] {processor.py:925} INFO - DAG(s) 'example_short_circuit_operator' retrieved from /home/airflow/.local/lib/python3.12/site-packages/airflow/example_dags/example_short_circuit_operator.py
[2026-08-12T04:35:38.135+0000] {logging_mixin.py:190} INFO - [2026-08-12T04:35:38.134+0000] {dag.py:3211} INFO - Sync 1 DAGs
[2026-08-12T04:35:38.162+0000] {logging_mixin.py:190} INFO - [2026-08-12T04:35:38.161+0000] {dag.py:4138} INFO - Setting next_dagrun for example_short_circuit_operator to 2026-08-11 00:00:00+00:00, run_after=2026-08-12 00:00:00+00:00
[2026-08-12T04:35:38.181+0000] {processor.py:208} INFO - Processing /home/airflow/.local/lib/python3.12/site-packages/airflow/example_dags/example_short_circuit_operator.py took 0.090 seconds
[2026-08-12T04:36:08.402+0000] {processor.py:186} INFO - Started process (PID=476) to work on /home/airflow/.local/lib/python3.12/site-packages/airflow/example_dags/example_short_circuit_operator.py
[2026-08-12T04:36:08.404+0000] {processor.py:914} INFO - Processing file /home/airflow/.local/lib/python3.12/site-packages/airflow/example_dags/example_short_circuit_operator.py for tasks to queue
[2026-08-12T04:36:08.407+0000] {logging_mixin.py:190} INFO - [2026-08-12T04:36:08.406+0000] {dagbag.py:587} INFO - Filling up the DagBag from /home/airflow/.local/lib/python3.12/site-packages/airflow/example_dags/example_short_circuit_operator.py
[2026-08-12T04:36:08.416+0000] {processor.py:925} INFO - DAG(s) 'example_short_circuit_operator' retrieved from /home/airflow/.local/lib/python3.12/site-packages/airflow/example_dags/example_short_circuit_operator.py
[2026-08-12T04:36:08.445+0000] {logging_mixin.py:190} INFO - [2026-08-12T04:36:08.445+0000] {dag.py:3211} INFO - Sync 1 DAGs
[2026-08-12T04:36:08.472+0000] {logging_mixin.py:190} INFO - [2026-08-12T04:36:08.472+0000] {dag.py:4138} INFO - Setting next_dagrun for example_short_circuit_operator to 2026-08-11 00:00:00+00:00, run_after=2026-08-12 00:00:00+00:00
[2026-08-12T04:36:08.492+0000] {processor.py:208} INFO - Processing /home/airflow/.local/lib/python3.12/site-packages/airflow/example_dags/example_short_circuit_operator.py took 0.095 seconds
[2026-08-12T04:36:39.330+0000] {processor.py:186} INFO - Started process (PID=538) to work on /home/airflow/.local/lib/python3.12/site-packages/airflow/example_dags/example_short_circuit_operator.py
[2026-08-12T04:36:39.331+0000] {processor.py:914} INFO - Processing file /home/airflow/.local/lib/python3.12/site-packages/airflow/example_dags/example_short_circuit_operator.py for tasks to queue
[2026-08-12T04:36:39.334+0000] {logging_mixin.py:190} INFO - [2026-08-12T04:36:39.334+0000] {dagbag.py:587} INFO - Filling up the DagBag from /home/airflow/.local/lib/python3.12/site-packages/airflow/example_dags/example_short_circuit_operator.py
[2026-08-12T04:36:39.348+0000] {processor.py:925} INFO - DAG(s) 'example_short_circuit_operator' retrieved from /home/airflow/.local/lib/python3.12/site-packages/airflow/example_dags/example_short_circuit_operator.py
[2026-08-12T04:36:39.377+0000] {logging_mixin.py:190} INFO - [2026-08-12T04:36:39.377+0000] {dag.py:3211} INFO - Sync 1 DAGs
[2026-08-12T04:36:39.404+0000] {logging_mixin.py:190} INFO - [2026-08-12T04:36:39.404+0000] {dag.py:4138} INFO - Setting next_dagrun for example_short_circuit_operator to 2026-08-11 00:00:00+00:00, run_after=2026-08-12 00:00:00+00:00
[2026-08-12T04:36:39.434+0000] {processor.py:208} INFO - Processing /home/airflow/.local/lib/python3.12/site-packages/airflow/example_dags/example_short_circuit_operator.py took 0.113 seconds
[2026-08-12T04:37:09.577+0000] {processor.py:186} INFO - Started process (PID=600) to work on /home/airflow/.local/lib/python3.12/site-packages/airflow/example_dags/example_short_circuit_operator.py
[2026-08-12T04:37:09.579+0000] {processor.py:914} INFO - Processing file /home/airflow/.local/lib/python3.12/site-packages/airflow/example_dags/example_short_circuit_operator.py for tasks to queue
[2026-08-12T04:37:09.582+0000] {logging_mixin.py:190} INFO - [2026-08-12T04:37:09.582+0000] {dagbag.py:587} INFO - Filling up the DagBag from /home/airflow/.local/lib/python3.12/site-packages/airflow/example_dags/example_short_circuit_operator.py
[2026-08-12T04:37:09.594+0000] {processor.py:925} INFO - DAG(s) 'example_short_circuit_operator' retrieved from /home/airflow/.local/lib/python3.12/site-packages/airflow/example_dags/example_short_circuit_operator.py
[2026-08-12T04:37:09.632+0000] {logging_mixin.py:190} INFO - [2026-08-12T04:37:09.632+0000] {dag.py:3211} INFO - Sync 1 DAGs
[2026-08-12T04:37:09.657+0000] {logging_mixin.py:190} INFO - [2026-08-12T04:37:09.656+0000] {dag.py:4138} INFO - Setting next_dagrun for example_short_circuit_operator to 2026-08-11 00:00:00+00:00, run_after=2026-08-12 00:00:00+00:00
[2026-08-12T04:37:09.680+0000] {processor.py:208} INFO - Processing /home/airflow/.local/lib/python3.12/site-packages/airflow/example_dags/example_short_circuit_operator.py took 0.110 seconds
[2026-08-12T04:37:40.164+0000] {processor.py:186} INFO - Started process (PID=662) to work on /home/airflow/.local/lib/python3.12/site-packages/airflow/example_dags/example_short_circuit_operator.py
[2026-08-12T04:37:40.166+0000] {processor.py:914} INFO - Processing file /home/airflow/.local/lib/python3.12/site-packages/airflow/example_dags/example_short_circuit_operator.py for tasks to queue
[2026-08-12T04:37:40.170+0000] {logging_mixin.py:190} INFO - [2026-08-12T04:37:40.169+0000] {dagbag.py:587} INFO - Filling up the DagBag from /home/airflow/.local/lib/python3.12/site-packages/airflow/example_dags/example_short_circuit_operator.py
[2026-08-12T04:37:40.187+0000] {processor.py:925} INFO - DAG(s) 'example_short_circuit_operator' retrieved from /home/airflow/.local/lib/python3.12/site-packages/airflow/example_dags/example_short_circuit_operator.py
[2026-08-12T04:37:40.228+0000] {logging_mixin.py:190} INFO - [2026-08-12T04:37:40.228+0000] {dag.py:3211} INFO - Sync 1 DAGs
[2026-08-12T04:37:40.265+0000] {logging_mixin.py:190} INFO - [2026-08-12T04:37:40.265+0000] {dag.py:4138} INFO - Setting next_dagrun for example_short_circuit_operator to 2026-08-11 00:00:00+00:00, run_after=2026-08-12 00:00:00+00:00
[2026-08-12T04:37:40.299+0000] {processor.py:208} INFO - Processing /home/airflow/.local/lib/python3.12/site-packages/airflow/example_dags/example_short_circuit_operator.py took 0.146 seconds
[2026-08-12T04:38:10.428+0000] {processor.py:186} INFO - Started process (PID=724) to work on /home/airflow/.local/lib/python3.12/site-packages/airflow/example_dags/example_short_circuit_operator.py
[2026-08-12T04:38:10.430+0000] {processor.py:914} INFO - Processing file /home/airflow/.local/lib/python3.12/site-packages/airflow/example_dags/example_short_circuit_operator.py for tasks to queue
[2026-08-12T04:38:10.434+0000] {logging_mixin.py:190} INFO - [2026-08-12T04:38:10.434+0000] {dagbag.py:587} INFO - Filling up the DagBag from /home/airflow/.local/lib/python3.12/site-packages/airflow/example_dags/example_short_circuit_operator.py
[2026-08-12T04:38:10.446+0000] {processor.py:925} INFO - DAG(s) 'example_short_circuit_operator' retrieved from /home/airflow/.local/lib/python3.12/site-packages/airflow/example_dags/example_short_circuit_operator.py
[2026-08-12T04:38:10.471+0000] {logging_mixin.py:190} INFO - [2026-08-12T04:38:10.470+0000] {dag.py:3211} INFO - Sync 1 DAGs
[2026-08-12T04:38:10.499+0000] {logging_mixin.py:190} INFO - [2026-08-12T04:38:10.498+0000] {dag.py:4138} INFO - Setting next_dagrun for example_short_circuit_operator to 2026-08-11 00:00:00+00:00, run_after=2026-08-12 00:00:00+00:00
[2026-08-12T04:38:10.519+0000] {processor.py:208} INFO - Processing /home/airflow/.local/lib/python3.12/site-packages/airflow/example_dags/example_short_circuit_operator.py took 0.098 seconds
[2026-08-12T04:38:40.664+0000] {processor.py:186} INFO - Started process (PID=786) to work on /home/airflow/.local/lib/python3.12/site-packages/airflow/example_dags/example_short_circuit_operator.py
[2026-08-12T04:38:40.666+0000] {processor.py:914} INFO - Processing file /home/airflow/.local/lib/python3.12/site-packages/airflow/example_dags/example_short_circuit_operator.py for tasks to queue
[2026-08-12T04:38:40.669+0000] {logging_mixin.py:190} INFO - [2026-08-12T04:38:40.669+0000] {dagbag.py:587} INFO - Filling up the DagBag from /home/airflow/.local/lib/python3.12/site-packages/airflow/example_dags/example_short_circuit_operator.py
[2026-08-12T04:38:40.680+0000] {processor.py:925} INFO - DAG(s) 'example_short_circuit_operator' retrieved from /home/airflow/.local/lib/python3.12/site-packages/airflow/example_dags/example_short_circuit_operator.py
[2026-08-12T04:38:40.702+0000] {logging_mixin.py:190} INFO - [2026-08-12T04:38:40.702+0000] {dag.py:3211} INFO - Sync 1 DAGs
[2026-08-12T04:38:40.725+0000] {logging_mixin.py:190} INFO - [2026-08-12T04:38:40.724+0000] {dag.py:4138} INFO - Setting next_dagrun for example_short_circuit_operator to 2026-08-11 00:00:00+00:00, run_after=2026-08-12 00:00:00+00:00
[2026-08-12T04:38:40.745+0000] {processor.py:208} INFO - Processing /home/airflow/.local/lib/python3.12/site-packages/airflow/example_dags/example_short_circuit_operator.py took 0.086 seconds
[2026-08-12T04:39:11.545+0000] {processor.py:186} INFO - Started process (PID=848) to work on /home/airflow/.local/lib/python3.12/site-packages/airflow/example_dags/example_short_circuit_operator.py
[2026-08-12T04:39:11.547+0000] {processor.py:914} INFO - Processing file /home/airflow/.local/lib/python3.12/site-packages/airflow/example_dags/example_short_circuit_operator.py for tasks to queue
[2026-08-12T04:39:11.550+0000] {logging_mixin.py:190} INFO - [2026-08-12T04:39:11.550+0000] {dagbag.py:587} INFO - Filling up the DagBag from /home/airflow/.local/lib/python3.12/site-packages/airflow/example_dags/example_short_circuit_operator.py
[2026-08-12T04:39:11.562+0000] {processor.py:925} INFO - DAG(s) 'example_short_circuit_operator' retrieved from /home/airflow/.local/lib/python3.12/site-packages/airflow/example_dags/example_short_circuit_operator.py
[2026-08-12T04:39:11.599+0000] {logging_mixin.py:190} INFO - [2026-08-12T04:39:11.599+0000] {dag.py:3211} INFO - Sync 1 DAGs
[2026-08-12T04:39:11.624+0000] {logging_mixin.py:190} INFO - [2026-08-12T04:39:11.623+0000] {dag.py:4138} INFO - Setting next_dagrun for example_short_circuit_operator to 2026-08-11 00:00:00+00:00, run_after=2026-08-12 00:00:00+00:00
[2026-08-12T04:39:11.644+0000] {processor.py:208} INFO - Processing /home/airflow/.local/lib/python3.12/site-packages/airflow/example_dags/example_short_circuit_operator.py took 0.107 seconds
[2026-08-12T04:39:42.062+0000] {processor.py:186} INFO - Started process (PID=910) to work on /home/airflow/.local/lib/python3.12/site-packages/airflow/example_dags/example_short_circuit_operator.py
[2026-08-12T04:39:42.064+0000] {processor.py:914} INFO - Processing file /home/airflow/.local/lib/python3.12/site-packages/airflow/example_dags/example_short_circuit_operator.py for tasks to queue
[2026-08-12T04:39:42.067+0000] {logging_mixin.py:190} INFO - [2026-08-12T04:39:42.066+0000] {dagbag.py:587} INFO - Filling up the DagBag from /home/airflow/.local/lib/python3.12/site-packages/airflow/example_dags/example_short_circuit_operator.py
[2026-08-12T04:39:42.076+0000] {processor.py:925} INFO - DAG(s) 'example_short_circuit_operator' retrieved from /home/airflow/.local/lib/python3.12/site-packages/airflow/example_dags/example_short_circuit_operator.py
[2026-08-12T04:39:42.099+0000] {logging_mixin.py:190} INFO - [2026-08-12T04:39:42.099+0000] {dag.py:3211} INFO - Sync 1 DAGs
[2026-08-12T04:39:42.122+0000] {logging_mixin.py:190} INFO - [2026-08-12T04:39:42.122+0000] {dag.py:4138} INFO - Setting next_dagrun for example_short_circuit_operator to 2026-08-11 00:00:00+00:00, run_after=2026-08-12 00:00:00+00:00
[2026-08-12T04:39:42.143+0000] {processor.py:208} INFO - Processing /home/airflow/.local/lib/python3.12/site-packages/airflow/example_dags/example_short_circuit_operator.py took 0.086 seconds
[2026-08-12T04:40:12.729+0000] {processor.py:186} INFO - Started process (PID=972) to work on /home/airflow/.local/lib/python3.12/site-packages/airflow/example_dags/example_short_circuit_operator.py
[2026-08-12T04:40:12.731+0000] {processor.py:914} INFO - Processing file /home/airflow/.local/lib/python3.12/site-packages/airflow/example_dags/example_short_circuit_operator.py for tasks to queue
[2026-08-12T04:40:12.734+0000] {logging_mixin.py:190} INFO - [2026-08-12T04:40:12.733+0000] {dagbag.py:587} INFO - Filling up the DagBag from /home/airflow/.local/lib/python3.12/site-packages/airflow/example_dags/example_short_circuit_operator.py
[2026-08-12T04:40:12.742+0000] {processor.py:925} INFO - DAG(s) 'example_short_circuit_operator' retrieved from /home/airflow/.local/lib/python3.12/site-packages/airflow/example_dags/example_short_circuit_operator.py
[2026-08-12T04:40:12.768+0000] {logging_mixin.py:190} INFO - [2026-08-12T04:40:12.768+0000] {dag.py:3211} INFO - Sync 1 DAGs
[2026-08-12T04:40:12.802+0000] {logging_mixin.py:190} INFO - [2026-08-12T04:40:12.802+0000] {dag.py:4138} INFO - Setting next_dagrun for example_short_circuit_operator to 2026-08-11 00:00:00+00:00, run_after=2026-08-12 00:00:00+00:00
[2026-08-12T04:40:12.822+0000] {processor.py:208} INFO - Processing /home/airflow/.local/lib/python3.12/site-packages/airflow/example_dags/example_short_circuit_operator.py took 0.098 seconds
[2026-08-12T04:40:43.120+0000] {processor.py:186} INFO - Started process (PID=1034) to work on /home/airflow/.local/lib/python3.12/site-packages/airflow/example_dags/example_short_circuit_operator.py
[2026-08-12T04:40:43.122+0000] {processor.py:914} INFO - Processing file /home/airflow/.local/lib/python3.12/site-packages/airflow/example_dags/example_short_circuit_operator.py for tasks to queue
[2026-08-12T04:40:43.125+0000] {logging_mixin.py:190} INFO - [2026-08-12T04:40:43.124+0000] {dagbag.py:587} INFO - Filling up the DagBag from /home/airflow/.local/lib/python3.12/site-packages/airflow/example_dags/example_short_circuit_operator.py
[2026-08-12T04:40:43.134+0000] {processor.py:925} INFO - DAG(s) 'example_short_circuit_operator' retrieved from /home/airflow/.local/lib/python3.12/site-packages/airflow/example_dags/example_short_circuit_operator.py
[2026-08-12T04:40:43.158+0000] {logging_mixin.py:190} INFO - [2026-08-12T04:40:43.158+0000] {dag.py:3211} INFO - Sync 1 DAGs
[2026-08-12T04:40:43.183+0000] {logging_mixin.py:190} INFO - [2026-08-12T04:40:43.183+0000] {dag.py:4138} INFO - Setting next_dagrun for example_short_circuit_operator to 2026-08-11 00:00:00+00:00, run_after=2026-08-12 00:00:00+00:00
[2026-08-12T04:40:43.206+0000] {processor.py:208} INFO - Processing /home/airflow/.local/lib/python3.12/site-packages/airflow/example_dags/example_short_circuit_operator.py took 0.093 seconds
[2026-08-12T04:41:13.415+0000] {processor.py:186} INFO - Started process (PID=1096) to work on /home/airflow/.local/lib/python3.12/site-packages/airflow/example_dags/example_short_circuit_operator.py
[2026-08-12T04:41:13.417+0000] {processor.py:914} INFO - Processing file /home/airflow/.local/lib/python3.12/site-packages/airflow/example_dags/example_short_circuit_operator.py for tasks to queue
[2026-08-12T04:41:13.420+0000] {logging_mixin.py:190} INFO - [2026-08-12T04:41:13.420+0000] {dagbag.py:587} INFO - Filling up the DagBag from /home/airflow/.local/lib/python3.12/site-packages/airflow/example_dags/example_short_circuit_operator.py
[2026-08-12T04:41:13.439+0000] {processor.py:925} INFO - DAG(s) 'example_short_circuit_operator' retrieved from /home/airflow/.local/lib/python3.12/site-packages/airflow/example_dags/example_short_circuit_operator.py
[2026-08-12T04:41:13.502+0000] {logging_mixin.py:190} INFO - [2026-08-12T04:41:13.502+0000] {dag.py:3211} INFO - Sync 1 DAGs
[2026-08-12T04:41:13.528+0000] {logging_mixin.py:190} INFO - [2026-08-12T04:41:13.528+0000] {dag.py:4138} INFO - Setting next_dagrun for example_short_circuit_operator to 2026-08-11 00:00:00+00:00, run_after=2026-08-12 00:00:00+00:00
[2026-08-12T04:41:13.551+0000] {processor.py:208} INFO - Processing /home/airflow/.local/lib/python3.12/site-packages/airflow/example_dags/example_short_circuit_operator.py took 0.141 seconds
[2026-08-12T04:41:44.275+0000] {processor.py:186} INFO - Started process (PID=1158) to work on /home/airflow/.local/lib/python3.12/site-packages/airflow/example_dags/example_short_circuit_operator.py
[2026-08-12T04:41:44.277+0000] {processor.py:914} INFO - Processing file /home/airflow/.local/lib/python3.12/site-packages/airflow/example_dags/example_short_circuit_operator.py for tasks to queue
[2026-08-12T04:41:44.281+0000] {logging_mixin.py:190} INFO - [2026-08-12T04:41:44.281+0000] {dagbag.py:587} INFO - Filling up the DagBag from /home/airflow/.local/lib/python3.12/site-packages/airflow/example_dags/example_short_circuit_operator.py
[2026-08-12T04:41:44.296+0000] {processor.py:925} INFO - DAG(s) 'example_short_circuit_operator' retrieved from /home/airflow/.local/lib/python3.12/site-packages/airflow/example_dags/example_short_circuit_operator.py
[2026-08-12T04:41:44.322+0000] {logging_mixin.py:190} INFO - [2026-08-12T04:41:44.321+0000] {dag.py:3211} INFO - Sync 1 DAGs
[2026-08-12T04:41:44.344+0000] {logging_mixin.py:190} INFO - [2026-08-12T04:41:44.344+0000] {dag.py:4138} INFO - Setting next_dagrun for example_short_circuit_operator to 2026-08-11 00:00:00+00:00, run_after=2026-08-12 00:00:00+00:00
[2026-08-12T04:41:44.364+0000] {processor.py:208} INFO - Processing /home/airflow/.local/lib/python3.12/site-packages/airflow/example_dags/example_short_circuit_operator.py took 0.095 seconds
[2026-08-12T04:42:14.668+0000] {processor.py:186} INFO - Started process (PID=1220) to work on /home/airflow/.local/lib/python3.12/site-packages/airflow/example_dags/example_short_circuit_operator.py
[2026-08-12T04:42:14.670+0000] {processor.py:914} INFO - Processing file /home/airflow/.local/lib/python3.12/site-packages/airflow/example_dags/example_short_circuit_operator.py for tasks to queue
[2026-08-12T04:42:14.674+0000] {logging_mixin.py:190} INFO - [2026-08-12T04:42:14.673+0000] {dagbag.py:587} INFO - Filling up the DagBag from /home/airflow/.local/lib/python3.12/site-packages/airflow/example_dags/example_short_circuit_operator.py
[2026-08-12T04:42:14.686+0000] {processor.py:925} INFO - DAG(s) 'example_short_circuit_operator' retrieved from /home/airflow/.local/lib/python3.12/site-packages/airflow/example_dags/example_short_circuit_operator.py
[2026-08-12T04:42:14.711+0000] {logging_mixin.py:190} INFO - [2026-08-12T04:42:14.710+0000] {dag.py:3211} INFO - Sync 1 DAGs
[2026-08-12T04:42:14.737+0000] {logging_mixin.py:190} INFO - [2026-08-12T04:42:14.736+0000] {dag.py:4138} INFO - Setting next_dagrun for example_short_circuit_operator to 2026-08-11 00:00:00+00:00, run_after=2026-08-12 00:00:00+00:00
[2026-08-12T04:42:14.760+0000] {processor.py:208} INFO - Processing /home/airflow/.local/lib/python3.12/site-packages/airflow/example_dags/example_short_circuit_operator.py took 0.099 seconds
[2026-08-12T04:42:45.001+0000] {processor.py:186} INFO - Started process (PID=1282) to work on /home/airflow/.local/lib/python3.12/site-packages/airflow/example_dags/example_short_circuit_operator.py
[2026-08-12T04:42:45.003+0000] {processor.py:914} INFO - Processing file /home/airflow/.local/lib/python3.12/site-packages/airflow/example_dags/example_short_circuit_operator.py for tasks to queue
[2026-08-12T04:42:45.006+0000] {logging_mixin.py:190} INFO - [2026-08-12T04:42:45.006+0000] {dagbag.py:587} INFO - Filling up the DagBag from /home/airflow/.local/lib/python3.12/site-packages/airflow/example_dags/example_short_circuit_operator.py
[2026-08-12T04:42:45.016+0000] {processor.py:925} INFO - DAG(s) 'example_short_circuit_operator' retrieved from /home/airflow/.local/lib/python3.12/site-packages/airflow/example_dags/example_short_circuit_operator.py
[2026-08-12T04:42:45.039+0000] {logging_mixin.py:190} INFO - [2026-08-12T04:42:45.039+0000] {dag.py:3211} INFO - Sync 1 DAGs
[2026-08-12T04:42:45.062+0000] {logging_mixin.py:190} INFO - [2026-08-12T04:42:45.062+0000] {dag.py:4138} INFO - Setting next_dagrun for example_short_circuit_operator to 2026-08-11 00:00:00+00:00, run_after=2026-08-12 00:00:00+00:00
[2026-08-12T04:42:45.085+0000] {processor.py:208} INFO - Processing /home/airflow/.local/lib/python3.12/site-packages/airflow/example_dags/example_short_circuit_operator.py took 0.090 seconds
[2026-08-12T04:43:15.488+0000] {processor.py:186} INFO - Started process (PID=1344) to work on /home/airflow/.local/lib/python3.12/site-packages/airflow/example_dags/example_short_circuit_operator.py
[2026-08-12T04:43:15.490+0000] {processor.py:914} INFO - Processing file /home/airflow/.local/lib/python3.12/site-packages/airflow/example_dags/example_short_circuit_operator.py for tasks to queue
[2026-08-12T04:43:15.493+0000] {logging_mixin.py:190} INFO - [2026-08-12T04:43:15.493+0000] {dagbag.py:587} INFO - Filling up the DagBag from /home/airflow/.local/lib/python3.12/site-packages/airflow/example_dags/example_short_circuit_operator.py
[2026-08-12T04:43:15.505+0000] {processor.py:925} INFO - DAG(s) 'example_short_circuit_operator' retrieved from /home/airflow/.local/lib/python3.12/site-packages/airflow/example_dags/example_short_circuit_operator.py
[2026-08-12T04:43:15.527+0000] {logging_mixin.py:190} INFO - [2026-08-12T04:43:15.527+0000] {dag.py:3211} INFO - Sync 1 DAGs
[2026-08-12T04:43:15.553+0000] {logging_mixin.py:190} INFO - [2026-08-12T04:43:15.553+0000] {dag.py:4138} INFO - Setting next_dagrun for example_short_circuit_operator to 2026-08-11 00:00:00+00:00, run_after=2026-08-12 00:00:00+00:00
[2026-08-12T04:43:15.580+0000] {processor.py:208} INFO - Processing /home/airflow/.local/lib/python3.12/site-packages/airflow/example_dags/example_short_circuit_operator.py took 0.100 seconds
[2026-08-12T04:43:46.035+0000] {processor.py:186} INFO - Started process (PID=1406) to work on /home/airflow/.local/lib/python3.12/site-packages/airflow/example_dags/example_short_circuit_operator.py
[2026-08-12T04:43:46.037+0000] {processor.py:914} INFO - Processing file /home/airflow/.local/lib/python3.12/site-packages/airflow/example_dags/example_short_circuit_operator.py for tasks to queue
[2026-08-12T04:43:46.041+0000] {logging_mixin.py:190} INFO - [2026-08-12T04:43:46.040+0000] {dagbag.py:587} INFO - Filling up the DagBag from /home/airflow/.local/lib/python3.12/site-packages/airflow/example_dags/example_short_circuit_operator.py
[2026-08-12T04:43:46.052+0000] {processor.py:925} INFO - DAG(s) 'example_short_circuit_operator' retrieved from /home/airflow/.local/lib/python3.12/site-packages/airflow/example_dags/example_short_circuit_operator.py
[2026-08-12T04:43:46.076+0000] {logging_mixin.py:190} INFO - [2026-08-12T04:43:46.076+0000] {dag.py:3211} INFO - Sync 1 DAGs
[2026-08-12T04:43:46.101+0000] {logging_mixin.py:190} INFO - [2026-08-12T04:43:46.101+0000] {dag.py:4138} INFO - Setting next_dagrun for example_short_circuit_operator to 2026-08-11 00:00:00+00:00, run_after=2026-08-12 00:00:00+00:00
[2026-08-12T04:43:46.122+0000] {processor.py:208} INFO - Processing /home/airflow/.local/lib/python3.12/site-packages/airflow/example_dags/example_short_circuit_operator.py took 0.092 seconds
[2026-08-12T04:44:16.685+0000] {processor.py:186} INFO - Started process (PID=1468) to work on /home/airflow/.local/lib/python3.12/site-packages/airflow/example_dags/example_short_circuit_operator.py
[2026-08-12T04:44:16.687+0000] {processor.py:914} INFO - Processing file /home/airflow/.local/lib/python3.12/site-packages/airflow/example_dags/example_short_circuit_operator.py for tasks to queue
[2026-08-12T04:44:16.690+0000] {logging_mixin.py:190} INFO - [2026-08-12T04:44:16.690+0000] {dagbag.py:587} INFO - Filling up the DagBag from /home/airflow/.local/lib/python3.12/site-packages/airflow/example_dags/example_short_circuit_operator.py
[2026-08-12T04:44:16.702+0000] {processor.py:925} INFO - DAG(s) 'example_short_circuit_operator' retrieved from /home/airflow/.local/lib/python3.12/site-packages/airflow/example_dags/example_short_circuit_operator.py
[2026-08-12T04:44:16.728+0000] {logging_mixin.py:190} INFO - [2026-08-12T04:44:16.728+0000] {dag.py:3211} INFO - Sync 1 DAGs
[2026-08-12T04:44:16.756+0000] {logging_mixin.py:190} INFO - [2026-08-12T04:44:16.755+0000] {dag.py:4138} INFO - Setting next_dagrun for example_short_circuit_operator to 2026-08-11 00:00:00+00:00, run_after=2026-08-12 00:00:00+00:00
[2026-08-12T04:44:16.777+0000] {processor.py:208} INFO - Processing /home/airflow/.local/lib/python3.12/site-packages/airflow/example_dags/example_short_circuit_operator.py took 0.099 seconds
[2026-08-12T04:44:46.827+0000] {processor.py:186} INFO - Started process (PID=1531) to work on /home/airflow/.local/lib/python3.12/site-packages/airflow/example_dags/example_short_circuit_operator.py
[2026-08-12T04:44:46.828+0000] {processor.py:914} INFO - Processing file /home/airflow/.local/lib/python3.12/site-packages/airflow/example_dags/example_short_circuit_operator.py for tasks to queue
[2026-08-12T04:44:46.832+0000] {logging_mixin.py:190} INFO - [2026-08-12T04:44:46.832+0000] {dagbag.py:587} INFO - Filling up the DagBag from /home/airflow/.local/lib/python3.12/site-packages/airflow/example_dags/example_short_circuit_operator.py
[2026-08-12T04:44:46.842+0000] {processor.py:925} INFO - DAG(s) 'example_short_circuit_operator' retrieved from /home/airflow/.local/lib/python3.12/site-packages/airflow/example_dags/example_short_circuit_operator.py
[2026-08-12T04:44:46.866+0000] {logging_mixin.py:190} INFO - [2026-08-12T04:44:46.866+0000] {dag.py:3211} INFO - Sync 1 DAGs
[2026-08-12T04:44:46.891+0000] {logging_mixin.py:190} INFO - [2026-08-12T04:44:46.890+0000] {dag.py:4138} INFO - Setting next_dagrun for example_short_circuit_operator to 2026-08-11 00:00:00+00:00, run_after=2026-08-12 00:00:00+00:00
[2026-08-12T04:44:46.913+0000] {processor.py:208} INFO - Processing /home/airflow/.local/lib/python3.12/site-packages/airflow/example_dags/example_short_circuit_operator.py took 0.093 seconds
[2026-08-12T04:45:17.258+0000] {processor.py:186} INFO - Started process (PID=1593) to work on /home/airflow/.local/lib/python3.12/site-packages/airflow/example_dags/example_short_circuit_operator.py
[2026-08-12T04:45:17.259+0000] {processor.py:914} INFO - Processing file /home/airflow/.local/lib/python3.12/site-packages/airflow/example_dags/example_short_circuit_operator.py for tasks to queue
[2026-08-12T04:45:17.262+0000] {logging_mixin.py:190} INFO - [2026-08-12T04:45:17.262+0000] {dagbag.py:587} INFO - Filling up the DagBag from /home/airflow/.local/lib/python3.12/site-packages/airflow/example_dags/example_short_circuit_operator.py
[2026-08-12T04:45:17.271+0000] {processor.py:925} INFO - DAG(s) 'example_short_circuit_operator' retrieved from /home/airflow/.local/lib/python3.12/site-packages/airflow/example_dags/example_short_circuit_operator.py
[2026-08-12T04:45:17.295+0000] {logging_mixin.py:190} INFO - [2026-08-12T04:45:17.295+0000] {dag.py:3211} INFO - Sync 1 DAGs
[2026-08-12T04:45:17.319+0000] {logging_mixin.py:190} INFO - [2026-08-12T04:45:17.319+0000] {dag.py:4138} INFO - Setting next_dagrun for example_short_circuit_operator to 2026-08-11 00:00:00+00:00, run_after=2026-08-12 00:00:00+00:00
[2026-08-12T04:45:17.338+0000] {processor.py:208} INFO - Processing /home/airflow/.local/lib/python3.12/site-packages/airflow/example_dags/example_short_circuit_operator.py took 0.086 seconds
[2026-08-12T04:45:48.101+0000] {processor.py:186} INFO - Started process (PID=1655) to work on /home/airflow/.local/lib/python3.12/site-packages/airflow/example_dags/example_short_circuit_operator.py
[2026-08-12T04:45:48.103+0000] {processor.py:914} INFO - Processing file /home/airflow/.local/lib/python3.12/site-packages/airflow/example_dags/example_short_circuit_operator.py for tasks to queue
[2026-08-12T04:45:48.105+0000] {logging_mixin.py:190} INFO - [2026-08-12T04:45:48.105+0000] {dagbag.py:587} INFO - Filling up the DagBag from /home/airflow/.local/lib/python3.12/site-packages/airflow/example_dags/example_short_circuit_operator.py
[2026-08-12T04:45:48.119+0000] {processor.py:925} INFO - DAG(s) 'example_short_circuit_operator' retrieved from /home/airflow/.local/lib/python3.12/site-packages/airflow/example_dags/example_short_circuit_operator.py
[2026-08-12T04:45:48.145+0000] {logging_mixin.py:190} INFO - [2026-08-12T04:45:48.144+0000] {dag.py:3211} INFO - Sync 1 DAGs
[2026-08-12T04:45:48.167+0000] {logging_mixin.py:190} INFO - [2026-08-12T04:45:48.167+0000] {dag.py:4138} INFO - Setting next_dagrun for example_short_circuit_operator to 2026-08-11 00:00:00+00:00, run_after=2026-08-12 00:00:00+00:00
[2026-08-12T04:45:48.187+0000] {processor.py:208} INFO - Processing /home/airflow/.local/lib/python3.12/site-packages/airflow/example_dags/example_short_circuit_operator.py took 0.092 seconds
[2026-08-12T04:46:18.716+0000] {processor.py:186} INFO - Started process (PID=1717) to work on /home/airflow/.local/lib/python3.12/site-packages/airflow/example_dags/example_short_circuit_operator.py
[2026-08-12T04:46:18.717+0000] {processor.py:914} INFO - Processing file /home/airflow/.local/lib/python3.12/site-packages/airflow/example_dags/example_short_circuit_operator.py for tasks to queue
[2026-08-12T04:46:18.721+0000] {logging_mixin.py:190} INFO - [2026-08-12T04:46:18.720+0000] {dagbag.py:587} INFO - Filling up the DagBag from /home/airflow/.local/lib/python3.12/site-packages/airflow/example_dags/example_short_circuit_operator.py
[2026-08-12T04:46:18.732+0000] {processor.py:925} INFO - DAG(s) 'example_short_circuit_operator' retrieved from /home/airflow/.local/lib/python3.12/site-packages/airflow/example_dags/example_short_circuit_operator.py
[2026-08-12T04:46:18.756+0000] {logging_mixin.py:190} INFO - [2026-08-12T04:46:18.756+0000] {dag.py:3211} INFO - Sync 1 DAGs
[2026-08-12T04:46:18.779+0000] {logging_mixin.py:190} INFO - [2026-08-12T04:46:18.779+0000] {dag.py:4138} INFO - Setting next_dagrun for example_short_circuit_operator to 2026-08-11 00:00:00+00:00, run_after=2026-08-12 00:00:00+00:00
[2026-08-12T04:46:18.800+0000] {processor.py:208} INFO - Processing /home/airflow/.local/lib/python3.12/site-packages/airflow/example_dags/example_short_circuit_operator.py took 0.090 seconds
[2026-08-12T04:46:49.190+0000] {processor.py:186} INFO - Started process (PID=1779) to work on /home/airflow/.local/lib/python3.12/site-packages/airflow/example_dags/example_short_circuit_operator.py
[2026-08-12T04:46:49.192+0000] {processor.py:914} INFO - Processing file /home/airflow/.local/lib/python3.12/site-packages/airflow/example_dags/example_short_circuit_operator.py for tasks to queue
[2026-08-12T04:46:49.196+0000] {logging_mixin.py:190} INFO - [2026-08-12T04:46:49.195+0000] {dagbag.py:587} INFO - Filling up the DagBag from /home/airflow/.local/lib/python3.12/site-packages/airflow/example_dags/example_short_circuit_operator.py
[2026-08-12T04:46:49.205+0000] {processor.py:925} INFO - DAG(s) 'example_short_circuit_operator' retrieved from /home/airflow/.local/lib/python3.12/site-packages/airflow/example_dags/example_short_circuit_operator.py
[2026-08-12T04:46:49.229+0000] {logging_mixin.py:190} INFO - [2026-08-12T04:46:49.228+0000] {dag.py:3211} INFO - Sync 1 DAGs
[2026-08-12T04:46:49.254+0000] {logging_mixin.py:190} INFO - [2026-08-12T04:46:49.254+0000] {dag.py:4138} INFO - Setting next_dagrun for example_short_circuit_operator to 2026-08-11 00:00:00+00:00, run_after=2026-08-12 00:00:00+00:00
[2026-08-12T04:46:49.275+0000] {processor.py:208} INFO - Processing /home/airflow/.local/lib/python3.12/site-packages/airflow/example_dags/example_short_circuit_operator.py took 0.090 seconds
[2026-08-12T04:47:19.824+0000] {processor.py:186} INFO - Started process (PID=1841) to work on /home/airflow/.local/lib/python3.12/site-packages/airflow/example_dags/example_short_circuit_operator.py
[2026-08-12T04:47:19.825+0000] {processor.py:914} INFO - Processing file /home/airflow/.local/lib/python3.12/site-packages/airflow/example_dags/example_short_circuit_operator.py for tasks to queue
[2026-08-12T04:47:19.828+0000] {logging_mixin.py:190} INFO - [2026-08-12T04:47:19.827+0000] {dagbag.py:587} INFO - Filling up the DagBag from /home/airflow/.local/lib/python3.12/site-packages/airflow/example_dags/example_short_circuit_operator.py
[2026-08-12T04:47:19.838+0000] {processor.py:925} INFO - DAG(s) 'example_short_circuit_operator' retrieved from /home/airflow/.local/lib/python3.12/site-packages/airflow/example_dags/example_short_circuit_operator.py
[2026-08-12T04:47:19.870+0000] {logging_mixin.py:190} INFO - [2026-08-12T04:47:19.870+0000] {dag.py:3211} INFO - Sync 1 DAGs
[2026-08-12T04:47:19.897+0000] {logging_mixin.py:190} INFO - [2026-08-12T04:47:19.897+0000] {dag.py:4138} INFO - Setting next_dagrun for example_short_circuit_operator to 2026-08-11 00:00:00+00:00, run_after=2026-08-12 00:00:00+00:00
[2026-08-12T04:47:19.917+0000] {processor.py:208} INFO - Processing /home/airflow/.local/lib/python3.12/site-packages/airflow/example_dags/example_short_circuit_operator.py took 0.099 seconds
[2026-08-12T04:47:50.655+0000] {processor.py:186} INFO - Started process (PID=1903) to work on /home/airflow/.local/lib/python3.12/site-packages/airflow/example_dags/example_short_circuit_operator.py
[2026-08-12T04:47:50.657+0000] {processor.py:914} INFO - Processing file /home/airflow/.local/lib/python3.12/site-packages/airflow/example_dags/example_short_circuit_operator.py for tasks to queue
[2026-08-12T04:47:50.661+0000] {logging_mixin.py:190} INFO - [2026-08-12T04:47:50.660+0000] {dagbag.py:587} INFO - Filling up the DagBag from /home/airflow/.local/lib/python3.12/site-packages/airflow/example_dags/example_short_circuit_operator.py
[2026-08-12T04:47:50.672+0000] {processor.py:925} INFO - DAG(s) 'example_short_circuit_operator' retrieved from /home/airflow/.local/lib/python3.12/site-packages/airflow/example_dags/example_short_circuit_operator.py
[2026-08-12T04:47:50.696+0000] {logging_mixin.py:190} INFO - [2026-08-12T04:47:50.696+0000] {dag.py:3211} INFO - Sync 1 DAGs
[2026-08-12T04:47:50.719+0000] {logging_mixin.py:190} INFO - [2026-08-12T04:47:50.719+0000] {dag.py:4138} INFO - Setting next_dagrun for example_short_circuit_operator to 2026-08-11 00:00:00+00:00, run_after=2026-08-12 00:00:00+00:00
[2026-08-12T04:47:50.741+0000] {processor.py:208} INFO - Processing /home/airflow/.local/lib/python3.12/site-packages/airflow/example_dags/example_short_circuit_operator.py took 0.095 seconds
[2026-08-12T04:48:22.349+0000] {processor.py:186} INFO - Started process (PID=1966) to work on /home/airflow/.local/lib/python3.12/site-packages/airflow/example_dags/example_short_circuit_operator.py
[2026-08-12T04:48:22.350+0000] {processor.py:914} INFO - Processing file /home/airflow/.local/lib/python3.12/site-packages/airflow/example_dags/example_short_circuit_operator.py for tasks to queue
[2026-08-12T04:48:22.354+0000] {logging_mixin.py:190} INFO - [2026-08-12T04:48:22.353+0000] {dagbag.py:587} INFO - Filling up the DagBag from /home/airflow/.local/lib/python3.12/site-packages/airflow/example_dags/example_short_circuit_operator.py
[2026-08-12T04:48:22.369+0000] {processor.py:925} INFO - DAG(s) 'example_short_circuit_operator' retrieved from /home/airflow/.local/lib/python3.12/site-packages/airflow/example_dags/example_short_circuit_operator.py
[2026-08-12T04:48:22.400+0000] {logging_mixin.py:190} INFO - [2026-08-12T04:48:22.399+0000] {dag.py:3211} INFO - Sync 1 DAGs
[2026-08-12T04:48:22.428+0000] {logging_mixin.py:190} INFO - [2026-08-12T04:48:22.428+0000] {dag.py:4138} INFO - Setting next_dagrun for example_short_circuit_operator to 2026-08-11 00:00:00+00:00, run_after=2026-08-12 00:00:00+00:00
[2026-08-12T04:48:22.465+0000] {processor.py:208} INFO - Processing /home/airflow/.local/lib/python3.12/site-packages/airflow/example_dags/example_short_circuit_operator.py took 0.123 seconds
[2026-08-12T04:48:53.235+0000] {processor.py:186} INFO - Started process (PID=2029) to work on /home/airflow/.local/lib/python3.12/site-packages/airflow/example_dags/example_short_circuit_operator.py
[2026-08-12T04:48:53.237+0000] {processor.py:914} INFO - Processing file /home/airflow/.local/lib/python3.12/site-packages/airflow/example_dags/example_short_circuit_operator.py for tasks to queue
[2026-08-12T04:48:53.241+0000] {logging_mixin.py:190} INFO - [2026-08-12T04:48:53.240+0000] {dagbag.py:587} INFO - Filling up the DagBag from /home/airflow/.local/lib/python3.12/site-packages/airflow/example_dags/example_short_circuit_operator.py
[2026-08-12T04:48:53.253+0000] {processor.py:925} INFO - DAG(s) 'example_short_circuit_operator' retrieved from /home/airflow/.local/lib/python3.12/site-packages/airflow/example_dags/example_short_circuit_operator.py
[2026-08-12T04:48:53.280+0000] {logging_mixin.py:190} INFO - [2026-08-12T04:48:53.280+0000] {dag.py:3211} INFO - Sync 1 DAGs
[2026-08-12T04:48:53.305+0000] {logging_mixin.py:190} INFO - [2026-08-12T04:48:53.305+0000] {dag.py:4138} INFO - Setting next_dagrun for example_short_circuit_operator to 2026-08-11 00:00:00+00:00, run_after=2026-08-12 00:00:00+00:00
[2026-08-12T04:48:53.331+0000] {processor.py:208} INFO - Processing /home/airflow/.local/lib/python3.12/site-packages/airflow/example_dags/example_short_circuit_operator.py took 0.102 seconds
[2026-08-12T04:49:23.674+0000] {processor.py:186} INFO - Started process (PID=2092) to work on /home/airflow/.local/lib/python3.12/site-packages/airflow/example_dags/example_short_circuit_operator.py
[2026-08-12T04:49:23.676+0000] {processor.py:914} INFO - Processing file /home/airflow/.local/lib/python3.12/site-packages/airflow/example_dags/example_short_circuit_operator.py for tasks to queue
[2026-08-12T04:49:23.679+0000] {logging_mixin.py:190} INFO - [2026-08-12T04:49:23.679+0000] {dagbag.py:587} INFO - Filling up the DagBag from /home/airflow/.local/lib/python3.12/site-packages/airflow/example_dags/example_short_circuit_operator.py
[2026-08-12T04:49:23.691+0000] {processor.py:925} INFO - DAG(s) 'example_short_circuit_operator' retrieved from /home/airflow/.local/lib/python3.12/site-packages/airflow/example_dags/example_short_circuit_operator.py
[2026-08-12T04:49:23.716+0000] {logging_mixin.py:190} INFO - [2026-08-12T04:49:23.716+0000] {dag.py:3211} INFO - Sync 1 DAGs
[2026-08-12T04:49:23.740+0000] {logging_mixin.py:190} INFO - [2026-08-12T04:49:23.740+0000] {dag.py:4138} INFO - Setting next_dagrun for example_short_circuit_operator to 2026-08-11 00:00:00+00:00, run_after=2026-08-12 00:00:00+00:00
[2026-08-12T04:49:23.760+0000] {processor.py:208} INFO - Processing /home/airflow/.local/lib/python3.12/site-packages/airflow/example_dags/example_short_circuit_operator.py took 0.092 seconds
[2026-08-12T04:49:54.659+0000] {processor.py:186} INFO - Started process (PID=2156) to work on /home/airflow/.local/lib/python3.12/site-packages/airflow/example_dags/example_short_circuit_operator.py
[2026-08-12T04:49:54.661+0000] {processor.py:914} INFO - Processing file /home/airflow/.local/lib/python3.12/site-packages/airflow/example_dags/example_short_circuit_operator.py for tasks to queue
[2026-08-12T04:49:54.666+0000] {logging_mixin.py:190} INFO - [2026-08-12T04:49:54.665+0000] {dagbag.py:587} INFO - Filling up the DagBag from /home/airflow/.local/lib/python3.12/site-packages/airflow/example_dags/example_short_circuit_operator.py
[2026-08-12T04:49:54.678+0000] {processor.py:925} INFO - DAG(s) 'example_short_circuit_operator' retrieved from /home/airflow/.local/lib/python3.12/site-packages/airflow/example_dags/example_short_circuit_operator.py
[2026-08-12T04:49:54.715+0000] {logging_mixin.py:190} INFO - [2026-08-12T04:49:54.715+0000] {dag.py:3211} INFO - Sync 1 DAGs
[2026-08-12T04:49:54.746+0000] {logging_mixin.py:190} INFO - [2026-08-12T04:49:54.746+0000] {dag.py:4138} INFO - Setting next_dagrun for example_short_circuit_operator to 2026-08-11 00:00:00+00:00, run_after=2026-08-12 00:00:00+00:00
[2026-08-12T04:49:54.770+0000] {processor.py:208} INFO - Processing /home/airflow/.local/lib/python3.12/site-packages/airflow/example_dags/example_short_circuit_operator.py took 0.118 seconds
[2026-08-12T04:50:25.263+0000] {processor.py:186} INFO - Started process (PID=2220) to work on /home/airflow/.local/lib/python3.12/site-packages/airflow/example_dags/example_short_circuit_operator.py
[2026-08-12T04:50:25.264+0000] {processor.py:914} INFO - Processing file /home/airflow/.local/lib/python3.12/site-packages/airflow/example_dags/example_short_circuit_operator.py for tasks to queue
[2026-08-12T04:50:25.267+0000] {logging_mixin.py:190} INFO - [2026-08-12T04:50:25.267+0000] {dagbag.py:587} INFO - Filling up the DagBag from /home/airflow/.local/lib/python3.12/site-packages/airflow/example_dags/example_short_circuit_operator.py
[2026-08-12T04:50:25.278+0000] {processor.py:925} INFO - DAG(s) 'example_short_circuit_operator' retrieved from /home/airflow/.local/lib/python3.12/site-packages/airflow/example_dags/example_short_circuit_operator.py
[2026-08-12T04:50:25.300+0000] {logging_mixin.py:190} INFO - [2026-08-12T04:50:25.300+0000] {dag.py:3211} INFO - Sync 1 DAGs
[2026-08-12T04:50:25.324+0000] {logging_mixin.py:190} INFO - [2026-08-12T04:50:25.323+0000] {dag.py:4138} INFO - Setting next_dagrun for example_short_circuit_operator to 2026-08-11 00:00:00+00:00, run_after=2026-08-12 00:00:00+00:00
[2026-08-12T04:50:25.344+0000] {processor.py:208} INFO - Processing /home/airflow/.local/lib/python3.12/site-packages/airflow/example_dags/example_short_circuit_operator.py took 0.087 seconds
[2026-08-12T04:50:56.213+0000] {processor.py:186} INFO - Started process (PID=2283) to work on /home/airflow/.local/lib/python3.12/site-packages/airflow/example_dags/example_short_circuit_operator.py
[2026-08-12T04:50:56.214+0000] {processor.py:914} INFO - Processing file /home/airflow/.local/lib/python3.12/site-packages/airflow/example_dags/example_short_circuit_operator.py for tasks to queue
[2026-08-12T04:50:56.217+0000] {logging_mixin.py:190} INFO - [2026-08-12T04:50:56.216+0000] {dagbag.py:587} INFO - Filling up the DagBag from /home/airflow/.local/lib/python3.12/site-packages/airflow/example_dags/example_short_circuit_operator.py
[2026-08-12T04:50:56.226+0000] {processor.py:925} INFO - DAG(s) 'example_short_circuit_operator' retrieved from /home/airflow/.local/lib/python3.12/site-packages/airflow/example_dags/example_short_circuit_operator.py
[2026-08-12T04:50:56.249+0000] {logging_mixin.py:190} INFO - [2026-08-12T04:50:56.249+0000] {dag.py:3211} INFO - Sync 1 DAGs
[2026-08-12T04:50:56.274+0000] {logging_mixin.py:190} INFO - [2026-08-12T04:50:56.274+0000] {dag.py:4138} INFO - Setting next_dagrun for example_short_circuit_operator to 2026-08-11 00:00:00+00:00, run_after=2026-08-12 00:00:00+00:00
[2026-08-12T04:50:56.293+0000] {processor.py:208} INFO - Processing /home/airflow/.local/lib/python3.12/site-packages/airflow/example_dags/example_short_circuit_operator.py took 0.086 seconds
[2026-08-12T04:51:26.856+0000] {processor.py:186} INFO - Started process (PID=2346) to work on /home/airflow/.local/lib/python3.12/site-packages/airflow/example_dags/example_short_circuit_operator.py
[2026-08-12T04:51:26.858+0000] {processor.py:914} INFO - Processing file /home/airflow/.local/lib/python3.12/site-packages/airflow/example_dags/example_short_circuit_operator.py for tasks to queue
[2026-08-12T04:51:26.863+0000] {logging_mixin.py:190} INFO - [2026-08-12T04:51:26.862+0000] {dagbag.py:587} INFO - Filling up the DagBag from /home/airflow/.local/lib/python3.12/site-packages/airflow/example_dags/example_short_circuit_operator.py
[2026-08-12T04:51:26.877+0000] {processor.py:925} INFO - DAG(s) 'example_short_circuit_operator' retrieved from /home/airflow/.local/lib/python3.12/site-packages/airflow/example_dags/example_short_circuit_operator.py
[2026-08-12T04:51:26.910+0000] {logging_mixin.py:190} INFO - [2026-08-12T04:51:26.910+0000] {dag.py:3211} INFO - Sync 1 DAGs
[2026-08-12T04:51:26.939+0000] {logging_mixin.py:190} INFO - [2026-08-12T04:51:26.938+0000] {dag.py:4138} INFO - Setting next_dagrun for example_short_circuit_operator to 2026-08-11 00:00:00+00:00, run_after=2026-08-12 00:00:00+00:00
[2026-08-12T04:51:26.965+0000] {processor.py:208} INFO - Processing /home/airflow/.local/lib/python3.12/site-packages/airflow/example_dags/example_short_circuit_operator.py took 0.115 seconds
[2026-08-12T04:51:57.695+0000] {processor.py:186} INFO - Started process (PID=2409) to work on /home/airflow/.local/lib/python3.12/site-packages/airflow/example_dags/example_short_circuit_operator.py
[2026-08-12T04:51:57.696+0000] {processor.py:914} INFO - Processing file /home/airflow/.local/lib/python3.12/site-packages/airflow/example_dags/example_short_circuit_operator.py for tasks to queue
[2026-08-12T04:51:57.699+0000] {logging_mixin.py:190} INFO - [2026-08-12T04:51:57.699+0000] {dagbag.py:587} INFO - Filling up the DagBag from /home/airflow/.local/lib/python3.12/site-packages/airflow/example_dags/example_short_circuit_operator.py
[2026-08-12T04:51:57.707+0000] {processor.py:925} INFO - DAG(s) 'example_short_circuit_operator' retrieved from /home/airflow/.local/lib/python3.12/site-packages/airflow/example_dags/example_short_circuit_operator.py
[2026-08-12T04:51:57.733+0000] {logging_mixin.py:190} INFO - [2026-08-12T04:51:57.732+0000] {dag.py:3211} INFO - Sync 1 DAGs
[2026-08-12T04:51:57.758+0000] {logging_mixin.py:190} INFO - [2026-08-12T04:51:57.758+0000] {dag.py:4138} INFO - Setting next_dagrun for example_short_circuit_operator to 2026-08-11 00:00:00+00:00, run_after=2026-08-12 00:00:00+00:00
[2026-08-12T04:51:57.781+0000] {processor.py:208} INFO - Processing /home/airflow/.local/lib/python3.12/site-packages/airflow/example_dags/example_short_circuit_operator.py took 0.090 seconds
[2026-08-12T04:52:28.055+0000] {processor.py:186} INFO - Started process (PID=2472) to work on /home/airflow/.local/lib/python3.12/site-packages/airflow/example_dags/example_short_circuit_operator.py
[2026-08-12T04:52:28.058+0000] {processor.py:914} INFO - Processing file /home/airflow/.local/lib/python3.12/site-packages/airflow/example_dags/example_short_circuit_operator.py for tasks to queue
[2026-08-12T04:52:28.061+0000] {logging_mixin.py:190} INFO - [2026-08-12T04:52:28.061+0000] {dagbag.py:587} INFO - Filling up the DagBag from /home/airflow/.local/lib/python3.12/site-packages/airflow/example_dags/example_short_circuit_operator.py
[2026-08-12T04:52:28.072+0000] {processor.py:925} INFO - DAG(s) 'example_short_circuit_operator' retrieved from /home/airflow/.local/lib/python3.12/site-packages/airflow/example_dags/example_short_circuit_operator.py
[2026-08-12T04:52:28.096+0000] {logging_mixin.py:190} INFO - [2026-08-12T04:52:28.096+0000] {dag.py:3211} INFO - Sync 1 DAGs
[2026-08-12T04:52:28.124+0000] {logging_mixin.py:190} INFO - [2026-08-12T04:52:28.124+0000] {dag.py:4138} INFO - Setting next_dagrun for example_short_circuit_operator to 2026-08-11 00:00:00+00:00, run_after=2026-08-12 00:00:00+00:00
[2026-08-12T04:52:28.145+0000] {processor.py:208} INFO - Processing /home/airflow/.local/lib/python3.12/site-packages/airflow/example_dags/example_short_circuit_operator.py took 0.096 seconds
[2026-08-12T04:52:58.989+0000] {processor.py:186} INFO - Started process (PID=2535) to work on /home/airflow/.local/lib/python3.12/site-packages/airflow/example_dags/example_short_circuit_operator.py
[2026-08-12T04:52:58.991+0000] {processor.py:914} INFO - Processing file /home/airflow/.local/lib/python3.12/site-packages/airflow/example_dags/example_short_circuit_operator.py for tasks to queue
[2026-08-12T04:52:58.994+0000] {logging_mixin.py:190} INFO - [2026-08-12T04:52:58.993+0000] {dagbag.py:587} INFO - Filling up the DagBag from /home/airflow/.local/lib/python3.12/site-packages/airflow/example_dags/example_short_circuit_operator.py
[2026-08-12T04:52:59.005+0000] {processor.py:925} INFO - DAG(s) 'example_short_circuit_operator' retrieved from /home/airflow/.local/lib/python3.12/site-packages/airflow/example_dags/example_short_circuit_operator.py
[2026-08-12T04:52:59.030+0000] {logging_mixin.py:190} INFO - [2026-08-12T04:52:59.030+0000] {dag.py:3211} INFO - Sync 1 DAGs
[2026-08-12T04:52:59.053+0000] {logging_mixin.py:190} INFO - [2026-08-12T04:52:59.052+0000] {dag.py:4138} INFO - Setting next_dagrun for example_short_circuit_operator to 2026-08-11 00:00:00+00:00, run_after=2026-08-12 00:00:00+00:00
[2026-08-12T04:52:59.073+0000] {processor.py:208} INFO - Processing /home/airflow/.local/lib/python3.12/site-packages/airflow/example_dags/example_short_circuit_operator.py took 0.089 seconds
[2026-08-12T04:53:29.885+0000] {processor.py:186} INFO - Started process (PID=2598) to work on /home/airflow/.local/lib/python3.12/site-packages/airflow/example_dags/example_short_circuit_operator.py
[2026-08-12T04:53:29.887+0000] {processor.py:914} INFO - Processing file /home/airflow/.local/lib/python3.12/site-packages/airflow/example_dags/example_short_circuit_operator.py for tasks to queue
[2026-08-12T04:53:29.890+0000] {logging_mixin.py:190} INFO - [2026-08-12T04:53:29.889+0000] {dagbag.py:587} INFO - Filling up the DagBag from /home/airflow/.local/lib/python3.12/site-packages/airflow/example_dags/example_short_circuit_operator.py
[2026-08-12T04:53:29.901+0000] {processor.py:925} INFO - DAG(s) 'example_short_circuit_operator' retrieved from /home/airflow/.local/lib/python3.12/site-packages/airflow/example_dags/example_short_circuit_operator.py
[2026-08-12T04:53:29.927+0000] {logging_mixin.py:190} INFO - [2026-08-12T04:53:29.926+0000] {dag.py:3211} INFO - Sync 1 DAGs
[2026-08-12T04:53:29.956+0000] {logging_mixin.py:190} INFO - [2026-08-12T04:53:29.956+0000] {dag.py:4138} INFO - Setting next_dagrun for example_short_circuit_operator to 2026-08-11 00:00:00+00:00, run_after=2026-08-12 00:00:00+00:00
[2026-08-12T04:53:29.983+0000] {processor.py:208} INFO - Processing /home/airflow/.local/lib/python3.12/site-packages/airflow/example_dags/example_short_circuit_operator.py took 0.103 seconds
[2026-08-12T04:54:00.928+0000] {processor.py:186} INFO - Started process (PID=2661) to work on /home/airflow/.local/lib/python3.12/site-packages/airflow/example_dags/example_short_circuit_operator.py
[2026-08-12T04:54:00.930+0000] {processor.py:914} INFO - Processing file /home/airflow/.local/lib/python3.12/site-packages/airflow/example_dags/example_short_circuit_operator.py for tasks to queue
[2026-08-12T04:54:00.933+0000] {logging_mixin.py:190} INFO - [2026-08-12T04:54:00.933+0000] {dagbag.py:587} INFO - Filling up the DagBag from /home/airflow/.local/lib/python3.12/site-packages/airflow/example_dags/example_short_circuit_operator.py
[2026-08-12T04:54:00.945+0000] {processor.py:925} INFO - DAG(s) 'example_short_circuit_operator' retrieved from /home/airflow/.local/lib/python3.12/site-packages/airflow/example_dags/example_short_circuit_operator.py
[2026-08-12T04:54:00.968+0000] {logging_mixin.py:190} INFO - [2026-08-12T04:54:00.968+0000] {dag.py:3211} INFO - Sync 1 DAGs
[2026-08-12T04:54:00.992+0000] {logging_mixin.py:190} INFO - [2026-08-12T04:54:00.991+0000] {dag.py:4138} INFO - Setting next_dagrun for example_short_circuit_operator to 2026-08-11 00:00:00+00:00, run_after=2026-08-12 00:00:00+00:00
[2026-08-12T04:54:01.012+0000] {processor.py:208} INFO - Processing /home/airflow/.local/lib/python3.12/site-packages/airflow/example_dags/example_short_circuit_operator.py took 0.090 seconds
[2026-08-12T04:54:31.446+0000] {processor.py:186} INFO - Started process (PID=2724) to work on /home/airflow/.local/lib/python3.12/site-packages/airflow/example_dags/example_short_circuit_operator.py
[2026-08-12T04:54:31.448+0000] {processor.py:914} INFO - Processing file /home/airflow/.local/lib/python3.12/site-packages/airflow/example_dags/example_short_circuit_operator.py for tasks to queue
[2026-08-12T04:54:31.451+0000] {logging_mixin.py:190} INFO - [2026-08-12T04:54:31.451+0000] {dagbag.py:587} INFO - Filling up the DagBag from /home/airflow/.local/lib/python3.12/site-packages/airflow/example_dags/example_short_circuit_operator.py
[2026-08-12T04:54:31.461+0000] {processor.py:925} INFO - DAG(s) 'example_short_circuit_operator' retrieved from /home/airflow/.local/lib/python3.12/site-packages/airflow/example_dags/example_short_circuit_operator.py
[2026-08-12T04:54:31.482+0000] {logging_mixin.py:190} INFO - [2026-08-12T04:54:31.482+0000] {dag.py:3211} INFO - Sync 1 DAGs
[2026-08-12T04:54:31.503+0000] {logging_mixin.py:190} INFO - [2026-08-12T04:54:31.502+0000] {dag.py:4138} INFO - Setting next_dagrun for example_short_circuit_operator to 2026-08-11 00:00:00+00:00, run_after=2026-08-12 00:00:00+00:00
[2026-08-12T04:54:31.522+0000] {processor.py:208} INFO - Processing /home/airflow/.local/lib/python3.12/site-packages/airflow/example_dags/example_short_circuit_operator.py took 0.082 seconds
[2026-08-12T04:55:02.109+0000] {processor.py:186} INFO - Started process (PID=2787) to work on /home/airflow/.local/lib/python3.12/site-packages/airflow/example_dags/example_short_circuit_operator.py
[2026-08-12T04:55:02.111+0000] {processor.py:914} INFO - Processing file /home/airflow/.local/lib/python3.12/site-packages/airflow/example_dags/example_short_circuit_operator.py for tasks to queue
[2026-08-12T04:55:02.114+0000] {logging_mixin.py:190} INFO - [2026-08-12T04:55:02.114+0000] {dagbag.py:587} INFO - Filling up the DagBag from /home/airflow/.local/lib/python3.12/site-packages/airflow/example_dags/example_short_circuit_operator.py
[2026-08-12T04:55:02.124+0000] {processor.py:925} INFO - DAG(s) 'example_short_circuit_operator' retrieved from /home/airflow/.local/lib/python3.12/site-packages/airflow/example_dags/example_short_circuit_operator.py
[2026-08-12T04:55:02.147+0000] {logging_mixin.py:190} INFO - [2026-08-12T04:55:02.147+0000] {dag.py:3211} INFO - Sync 1 DAGs
[2026-08-12T04:55:02.170+0000] {logging_mixin.py:190} INFO - [2026-08-12T04:55:02.170+0000] {dag.py:4138} INFO - Setting next_dagrun for example_short_circuit_operator to 2026-08-11 00:00:00+00:00, run_after=2026-08-12 00:00:00+00:00
[2026-08-12T04:55:02.191+0000] {processor.py:208} INFO - Processing /home/airflow/.local/lib/python3.12/site-packages/airflow/example_dags/example_short_circuit_operator.py took 0.088 seconds
[2026-08-12T04:55:32.958+0000] {processor.py:186} INFO - Started process (PID=2856) to work on /home/airflow/.local/lib/python3.12/site-packages/airflow/example_dags/example_short_circuit_operator.py
[2026-08-12T04:55:32.959+0000] {processor.py:914} INFO - Processing file /home/airflow/.local/lib/python3.12/site-packages/airflow/example_dags/example_short_circuit_operator.py for tasks to queue
[2026-08-12T04:55:32.963+0000] {logging_mixin.py:190} INFO - [2026-08-12T04:55:32.962+0000] {dagbag.py:587} INFO - Filling up the DagBag from /home/airflow/.local/lib/python3.12/site-packages/airflow/example_dags/example_short_circuit_operator.py
[2026-08-12T04:55:32.974+0000] {processor.py:925} INFO - DAG(s) 'example_short_circuit_operator' retrieved from /home/airflow/.local/lib/python3.12/site-packages/airflow/example_dags/example_short_circuit_operator.py
[2026-08-12T04:55:32.997+0000] {logging_mixin.py:190} INFO - [2026-08-12T04:55:32.997+0000] {dag.py:3211} INFO - Sync 1 DAGs
[2026-08-12T04:55:33.020+0000] {logging_mixin.py:190} INFO - [2026-08-12T04:55:33.019+0000] {dag.py:4138} INFO - Setting next_dagrun for example_short_circuit_operator to 2026-08-11 00:00:00+00:00, run_after=2026-08-12 00:00:00+00:00
[2026-08-12T04:55:33.041+0000] {processor.py:208} INFO - Processing /home/airflow/.local/lib/python3.12/site-packages/airflow/example_dags/example_short_circuit_operator.py took 0.088 seconds
[2026-08-12T04:56:03.577+0000] {processor.py:186} INFO - Started process (PID=2919) to work on /home/airflow/.local/lib/python3.12/site-packages/airflow/example_dags/example_short_circuit_operator.py
[2026-08-12T04:56:03.578+0000] {processor.py:914} INFO - Processing file /home/airflow/.local/lib/python3.12/site-packages/airflow/example_dags/example_short_circuit_operator.py for tasks to queue
[2026-08-12T04:56:03.581+0000] {logging_mixin.py:190} INFO - [2026-08-12T04:56:03.580+0000] {dagbag.py:587} INFO - Filling up the DagBag from /home/airflow/.local/lib/python3.12/site-packages/airflow/example_dags/example_short_circuit_operator.py
[2026-08-12T04:56:03.589+0000] {processor.py:925} INFO - DAG(s) 'example_short_circuit_operator' retrieved from /home/airflow/.local/lib/python3.12/site-packages/airflow/example_dags/example_short_circuit_operator.py
[2026-08-12T04:56:03.612+0000] {logging_mixin.py:190} INFO - [2026-08-12T04:56:03.612+0000] {dag.py:3211} INFO - Sync 1 DAGs
[2026-08-12T04:56:03.636+0000] {logging_mixin.py:190} INFO - [2026-08-12T04:56:03.636+0000] {dag.py:4138} INFO - Setting next_dagrun for example_short_circuit_operator to 2026-08-11 00:00:00+00:00, run_after=2026-08-12 00:00:00+00:00
[2026-08-12T04:56:03.662+0000] {processor.py:208} INFO - Processing /home/airflow/.local/lib/python3.12/site-packages/airflow/example_dags/example_short_circuit_operator.py took 0.091 seconds
[2026-08-12T04:56:34.223+0000] {processor.py:186} INFO - Started process (PID=2982) to work on /home/airflow/.local/lib/python3.12/site-packages/airflow/example_dags/example_short_circuit_operator.py
[2026-08-12T04:56:34.225+0000] {processor.py:914} INFO - Processing file /home/airflow/.local/lib/python3.12/site-packages/airflow/example_dags/example_short_circuit_operator.py for tasks to queue
[2026-08-12T04:56:34.228+0000] {logging_mixin.py:190} INFO - [2026-08-12T04:56:34.228+0000] {dagbag.py:587} INFO - Filling up the DagBag from /home/airflow/.local/lib/python3.12/site-packages/airflow/example_dags/example_short_circuit_operator.py
[2026-08-12T04:56:34.240+0000] {processor.py:925} INFO - DAG(s) 'example_short_circuit_operator' retrieved from /home/airflow/.local/lib/python3.12/site-packages/airflow/example_dags/example_short_circuit_operator.py
[2026-08-12T04:56:34.269+0000] {logging_mixin.py:190} INFO - [2026-08-12T04:56:34.269+0000] {dag.py:3211} INFO - Sync 1 DAGs
[2026-08-12T04:56:34.304+0000] {logging_mixin.py:190} INFO - [2026-08-12T04:56:34.304+0000] {dag.py:4138} INFO - Setting next_dagrun for example_short_circuit_operator to 2026-08-11 00:00:00+00:00, run_after=2026-08-12 00:00:00+00:00
[2026-08-12T04:56:34.328+0000] {processor.py:208} INFO - Processing /home/airflow/.local/lib/python3.12/site-packages/airflow/example_dags/example_short_circuit_operator.py took 0.112 seconds
[2026-08-12T04:57:04.899+0000] {processor.py:186} INFO - Started process (PID=3045) to work on /home/airflow/.local/lib/python3.12/site-packages/airflow/example_dags/example_short_circuit_operator.py
[2026-08-12T04:57:04.901+0000] {processor.py:914} INFO - Processing file /home/airflow/.local/lib/python3.12/site-packages/airflow/example_dags/example_short_circuit_operator.py for tasks to queue
[2026-08-12T04:57:04.904+0000] {logging_mixin.py:190} INFO - [2026-08-12T04:57:04.904+0000] {dagbag.py:587} INFO - Filling up the DagBag from /home/airflow/.local/lib/python3.12/site-packages/airflow/example_dags/example_short_circuit_operator.py
[2026-08-12T04:57:04.913+0000] {processor.py:925} INFO - DAG(s) 'example_short_circuit_operator' retrieved from /home/airflow/.local/lib/python3.12/site-packages/airflow/example_dags/example_short_circuit_operator.py
[2026-08-12T04:57:04.944+0000] {logging_mixin.py:190} INFO - [2026-08-12T04:57:04.943+0000] {dag.py:3211} INFO - Sync 1 DAGs
[2026-08-12T04:57:04.972+0000] {logging_mixin.py:190} INFO - [2026-08-12T04:57:04.971+0000] {dag.py:4138} INFO - Setting next_dagrun for example_short_circuit_operator to 2026-08-11 00:00:00+00:00, run_after=2026-08-12 00:00:00+00:00
[2026-08-12T04:57:05.001+0000] {processor.py:208} INFO - Processing /home/airflow/.local/lib/python3.12/site-packages/airflow/example_dags/example_short_circuit_operator.py took 0.107 seconds
[2026-08-12T04:57:35.917+0000] {processor.py:186} INFO - Started process (PID=3108) to work on /home/airflow/.local/lib/python3.12/site-packages/airflow/example_dags/example_short_circuit_operator.py
[2026-08-12T04:57:35.919+0000] {processor.py:914} INFO - Processing file /home/airflow/.local/lib/python3.12/site-packages/airflow/example_dags/example_short_circuit_operator.py for tasks to queue
[2026-08-12T04:57:35.922+0000] {logging_mixin.py:190} INFO - [2026-08-12T04:57:35.921+0000] {dagbag.py:587} INFO - Filling up the DagBag from /home/airflow/.local/lib/python3.12/site-packages/airflow/example_dags/example_short_circuit_operator.py
[2026-08-12T04:57:35.931+0000] {processor.py:925} INFO - DAG(s) 'example_short_circuit_operator' retrieved from /home/airflow/.local/lib/python3.12/site-packages/airflow/example_dags/example_short_circuit_operator.py
[2026-08-12T04:57:35.955+0000] {logging_mixin.py:190} INFO - [2026-08-12T04:57:35.955+0000] {dag.py:3211} INFO - Sync 1 DAGs
[2026-08-12T04:57:35.979+0000] {logging_mixin.py:190} INFO - [2026-08-12T04:57:35.979+0000] {dag.py:4138} INFO - Setting next_dagrun for example_short_circuit_operator to 2026-08-11 00:00:00+00:00, run_after=2026-08-12 00:00:00+00:00
[2026-08-12T04:57:36.253+0000] {processor.py:208} INFO - Processing /home/airflow/.local/lib/python3.12/site-packages/airflow/example_dags/example_short_circuit_operator.py took 0.343 seconds
[2026-08-12T04:58:06.598+0000] {processor.py:186} INFO - Started process (PID=3171) to work on /home/airflow/.local/lib/python3.12/site-packages/airflow/example_dags/example_short_circuit_operator.py
[2026-08-12T04:58:06.600+0000] {processor.py:914} INFO - Processing file /home/airflow/.local/lib/python3.12/site-packages/airflow/example_dags/example_short_circuit_operator.py for tasks to queue
[2026-08-12T04:58:06.604+0000] {logging_mixin.py:190} INFO - [2026-08-12T04:58:06.603+0000] {dagbag.py:587} INFO - Filling up the DagBag from /home/airflow/.local/lib/python3.12/site-packages/airflow/example_dags/example_short_circuit_operator.py
[2026-08-12T04:58:06.613+0000] {processor.py:925} INFO - DAG(s) 'example_short_circuit_operator' retrieved from /home/airflow/.local/lib/python3.12/site-packages/airflow/example_dags/example_short_circuit_operator.py
[2026-08-12T04:58:06.638+0000] {logging_mixin.py:190} INFO - [2026-08-12T04:58:06.638+0000] {dag.py:3211} INFO - Sync 1 DAGs
[2026-08-12T04:58:06.674+0000] {logging_mixin.py:190} INFO - [2026-08-12T04:58:06.674+0000] {dag.py:4138} INFO - Setting next_dagrun for example_short_circuit_operator to 2026-08-11 00:00:00+00:00, run_after=2026-08-12 00:00:00+00:00
[2026-08-12T04:58:06.925+0000] {processor.py:208} INFO - Processing /home/airflow/.local/lib/python3.12/site-packages/airflow/example_dags/example_short_circuit_operator.py took 0.332 seconds
[2026-08-12T04:58:37.702+0000] {processor.py:186} INFO - Started process (PID=3234) to work on /home/airflow/.local/lib/python3.12/site-packages/airflow/example_dags/example_short_circuit_operator.py
[2026-08-12T04:58:37.703+0000] {processor.py:914} INFO - Processing file /home/airflow/.local/lib/python3.12/site-packages/airflow/example_dags/example_short_circuit_operator.py for tasks to queue
[2026-08-12T04:58:37.706+0000] {logging_mixin.py:190} INFO - [2026-08-12T04:58:37.706+0000] {dagbag.py:587} INFO - Filling up the DagBag from /home/airflow/.local/lib/python3.12/site-packages/airflow/example_dags/example_short_circuit_operator.py
[2026-08-12T04:58:37.715+0000] {processor.py:925} INFO - DAG(s) 'example_short_circuit_operator' retrieved from /home/airflow/.local/lib/python3.12/site-packages/airflow/example_dags/example_short_circuit_operator.py
[2026-08-12T04:58:37.737+0000] {logging_mixin.py:190} INFO - [2026-08-12T04:58:37.736+0000] {dag.py:3211} INFO - Sync 1 DAGs
[2026-08-12T04:58:37.758+0000] {logging_mixin.py:190} INFO - [2026-08-12T04:58:37.758+0000] {dag.py:4138} INFO - Setting next_dagrun for example_short_circuit_operator to 2026-08-11 00:00:00+00:00, run_after=2026-08-12 00:00:00+00:00
[2026-08-12T04:58:37.777+0000] {processor.py:208} INFO - Processing /home/airflow/.local/lib/python3.12/site-packages/airflow/example_dags/example_short_circuit_operator.py took 0.080 seconds
[2026-08-12T04:59:08.524+0000] {processor.py:186} INFO - Started process (PID=3297) to work on /home/airflow/.local/lib/python3.12/site-packages/airflow/example_dags/example_short_circuit_operator.py
[2026-08-12T04:59:08.525+0000] {processor.py:914} INFO - Processing file /home/airflow/.local/lib/python3.12/site-packages/airflow/example_dags/example_short_circuit_operator.py for tasks to queue
[2026-08-12T04:59:08.528+0000] {logging_mixin.py:190} INFO - [2026-08-12T04:59:08.528+0000] {dagbag.py:587} INFO - Filling up the DagBag from /home/airflow/.local/lib/python3.12/site-packages/airflow/example_dags/example_short_circuit_operator.py
[2026-08-12T04:59:08.536+0000] {processor.py:925} INFO - DAG(s) 'example_short_circuit_operator' retrieved from /home/airflow/.local/lib/python3.12/site-packages/airflow/example_dags/example_short_circuit_operator.py
[2026-08-12T04:59:08.557+0000] {logging_mixin.py:190} INFO - [2026-08-12T04:59:08.557+0000] {dag.py:3211} INFO - Sync 1 DAGs
[2026-08-12T04:59:08.577+0000] {logging_mixin.py:190} INFO - [2026-08-12T04:59:08.577+0000] {dag.py:4138} INFO - Setting next_dagrun for example_short_circuit_operator to 2026-08-11 00:00:00+00:00, run_after=2026-08-12 00:00:00+00:00
[2026-08-12T04:59:08.594+0000] {processor.py:208} INFO - Processing /home/airflow/.local/lib/python3.12/site-packages/airflow/example_dags/example_short_circuit_operator.py took 0.075 seconds
[2026-08-12T04:59:39.433+0000] {processor.py:186} INFO - Started process (PID=3360) to work on /home/airflow/.local/lib/python3.12/site-packages/airflow/example_dags/example_short_circuit_operator.py
[2026-08-12T04:59:39.435+0000] {processor.py:914} INFO - Processing file /home/airflow/.local/lib/python3.12/site-packages/airflow/example_dags/example_short_circuit_operator.py for tasks to queue
[2026-08-12T04:59:39.438+0000] {logging_mixin.py:190} INFO - [2026-08-12T04:59:39.437+0000] {dagbag.py:587} INFO - Filling up the DagBag from /home/airflow/.local/lib/python3.12/site-packages/airflow/example_dags/example_short_circuit_operator.py
[2026-08-12T04:59:39.447+0000] {processor.py:925} INFO - DAG(s) 'example_short_circuit_operator' retrieved from /home/airflow/.local/lib/python3.12/site-packages/airflow/example_dags/example_short_circuit_operator.py
[2026-08-12T04:59:39.629+0000] {logging_mixin.py:190} INFO - [2026-08-12T04:59:39.629+0000] {dag.py:3211} INFO - Sync 1 DAGs
[2026-08-12T04:59:39.651+0000] {logging_mixin.py:190} INFO - [2026-08-12T04:59:39.651+0000] {dag.py:4138} INFO - Setting next_dagrun for example_short_circuit_operator to 2026-08-11 00:00:00+00:00, run_after=2026-08-12 00:00:00+00:00
[2026-08-12T04:59:39.684+0000] {processor.py:208} INFO - Processing /home/airflow/.local/lib/python3.12/site-packages/airflow/example_dags/example_short_circuit_operator.py took 0.256 seconds
[2026-08-12T05:00:09.823+0000] {processor.py:186} INFO - Started process (PID=3423) to work on /home/airflow/.local/lib/python3.12/site-packages/airflow/example_dags/example_short_circuit_operator.py
[2026-08-12T05:00:09.825+0000] {processor.py:914} INFO - Processing file /home/airflow/.local/lib/python3.12/site-packages/airflow/example_dags/example_short_circuit_operator.py for tasks to queue
[2026-08-12T05:00:09.827+0000] {logging_mixin.py:190} INFO - [2026-08-12T05:00:09.827+0000] {dagbag.py:587} INFO - Filling up the DagBag from /home/airflow/.local/lib/python3.12/site-packages/airflow/example_dags/example_short_circuit_operator.py
[2026-08-12T05:00:09.836+0000] {processor.py:925} INFO - DAG(s) 'example_short_circuit_operator' retrieved from /home/airflow/.local/lib/python3.12/site-packages/airflow/example_dags/example_short_circuit_operator.py
[2026-08-12T05:00:09.860+0000] {logging_mixin.py:190} INFO - [2026-08-12T05:00:09.860+0000] {dag.py:3211} INFO - Sync 1 DAGs
[2026-08-12T05:00:09.884+0000] {logging_mixin.py:190} INFO - [2026-08-12T05:00:09.883+0000] {dag.py:4138} INFO - Setting next_dagrun for example_short_circuit_operator to 2026-08-11 00:00:00+00:00, run_after=2026-08-12 00:00:00+00:00
[2026-08-12T05:00:09.904+0000] {processor.py:208} INFO - Processing /home/airflow/.local/lib/python3.12/site-packages/airflow/example_dags/example_short_circuit_operator.py took 0.087 seconds
[2026-08-12T05:00:40.295+0000] {processor.py:186} INFO - Started process (PID=3486) to work on /home/airflow/.local/lib/python3.12/site-packages/airflow/example_dags/example_short_circuit_operator.py
[2026-08-12T05:00:40.297+0000] {processor.py:914} INFO - Processing file /home/airflow/.local/lib/python3.12/site-packages/airflow/example_dags/example_short_circuit_operator.py for tasks to queue
[2026-08-12T05:00:40.300+0000] {logging_mixin.py:190} INFO - [2026-08-12T05:00:40.300+0000] {dagbag.py:587} INFO - Filling up the DagBag from /home/airflow/.local/lib/python3.12/site-packages/airflow/example_dags/example_short_circuit_operator.py
[2026-08-12T05:00:40.310+0000] {processor.py:925} INFO - DAG(s) 'example_short_circuit_operator' retrieved from /home/airflow/.local/lib/python3.12/site-packages/airflow/example_dags/example_short_circuit_operator.py
[2026-08-12T05:00:40.332+0000] {logging_mixin.py:190} INFO - [2026-08-12T05:00:40.332+0000] {dag.py:3211} INFO - Sync 1 DAGs
[2026-08-12T05:00:40.358+0000] {logging_mixin.py:190} INFO - [2026-08-12T05:00:40.358+0000] {dag.py:4138} INFO - Setting next_dagrun for example_short_circuit_operator to 2026-08-11 00:00:00+00:00, run_after=2026-08-12 00:00:00+00:00
[2026-08-12T05:00:40.383+0000] {processor.py:208} INFO - Processing /home/airflow/.local/lib/python3.12/site-packages/airflow/example_dags/example_short_circuit_operator.py took 0.094 seconds
[2026-08-12T05:01:10.839+0000] {processor.py:186} INFO - Started process (PID=3549) to work on /home/airflow/.local/lib/python3.12/site-packages/airflow/example_dags/example_short_circuit_operator.py
[2026-08-12T05:01:10.842+0000] {processor.py:914} INFO - Processing file /home/airflow/.local/lib/python3.12/site-packages/airflow/example_dags/example_short_circuit_operator.py for tasks to queue
[2026-08-12T05:01:10.845+0000] {logging_mixin.py:190} INFO - [2026-08-12T05:01:10.844+0000] {dagbag.py:587} INFO - Filling up the DagBag from /home/airflow/.local/lib/python3.12/site-packages/airflow/example_dags/example_short_circuit_operator.py
[2026-08-12T05:01:10.855+0000] {processor.py:925} INFO - DAG(s) 'example_short_circuit_operator' retrieved from /home/airflow/.local/lib/python3.12/site-packages/airflow/example_dags/example_short_circuit_operator.py
[2026-08-12T05:01:10.875+0000] {logging_mixin.py:190} INFO - [2026-08-12T05:01:10.875+0000] {dag.py:3211} INFO - Sync 1 DAGs
[2026-08-12T05:01:10.901+0000] {logging_mixin.py:190} INFO - [2026-08-12T05:01:10.901+0000] {dag.py:4138} INFO - Setting next_dagrun for example_short_circuit_operator to 2026-08-11 00:00:00+00:00, run_after=2026-08-12 00:00:00+00:00
[2026-08-12T05:01:10.931+0000] {processor.py:208} INFO - Processing /home/airflow/.local/lib/python3.12/site-packages/airflow/example_dags/example_short_circuit_operator.py took 0.098 seconds
[2026-08-12T05:01:41.483+0000] {processor.py:186} INFO - Started process (PID=3612) to work on /home/airflow/.local/lib/python3.12/site-packages/airflow/example_dags/example_short_circuit_operator.py
[2026-08-12T05:01:41.484+0000] {processor.py:914} INFO - Processing file /home/airflow/.local/lib/python3.12/site-packages/airflow/example_dags/example_short_circuit_operator.py for tasks to queue
[2026-08-12T05:01:41.487+0000] {logging_mixin.py:190} INFO - [2026-08-12T05:01:41.486+0000] {dagbag.py:587} INFO - Filling up the DagBag from /home/airflow/.local/lib/python3.12/site-packages/airflow/example_dags/example_short_circuit_operator.py
[2026-08-12T05:01:41.496+0000] {processor.py:925} INFO - DAG(s) 'example_short_circuit_operator' retrieved from /home/airflow/.local/lib/python3.12/site-packages/airflow/example_dags/example_short_circuit_operator.py
[2026-08-12T05:01:41.520+0000] {logging_mixin.py:190} INFO - [2026-08-12T05:01:41.520+0000] {dag.py:3211} INFO - Sync 1 DAGs
[2026-08-12T05:01:41.544+0000] {logging_mixin.py:190} INFO - [2026-08-12T05:01:41.544+0000] {dag.py:4138} INFO - Setting next_dagrun for example_short_circuit_operator to 2026-08-11 00:00:00+00:00, run_after=2026-08-12 00:00:00+00:00
[2026-08-12T05:01:41.564+0000] {processor.py:208} INFO - Processing /home/airflow/.local/lib/python3.12/site-packages/airflow/example_dags/example_short_circuit_operator.py took 0.087 seconds
[2026-08-12T05:02:12.203+0000] {processor.py:186} INFO - Started process (PID=3675) to work on /home/airflow/.local/lib/python3.12/site-packages/airflow/example_dags/example_short_circuit_operator.py
[2026-08-12T05:02:12.205+0000] {processor.py:914} INFO - Processing file /home/airflow/.local/lib/python3.12/site-packages/airflow/example_dags/example_short_circuit_operator.py for tasks to queue
[2026-08-12T05:02:12.208+0000] {logging_mixin.py:190} INFO - [2026-08-12T05:02:12.208+0000] {dagbag.py:587} INFO - Filling up the DagBag from /home/airflow/.local/lib/python3.12/site-packages/airflow/example_dags/example_short_circuit_operator.py
[2026-08-12T05:02:12.217+0000] {processor.py:925} INFO - DAG(s) 'example_short_circuit_operator' retrieved from /home/airflow/.local/lib/python3.12/site-packages/airflow/example_dags/example_short_circuit_operator.py
[2026-08-12T05:02:12.237+0000] {logging_mixin.py:190} INFO - [2026-08-12T05:02:12.237+0000] {dag.py:3211} INFO - Sync 1 DAGs
[2026-08-12T05:02:12.260+0000] {logging_mixin.py:190} INFO - [2026-08-12T05:02:12.260+0000] {dag.py:4138} INFO - Setting next_dagrun for example_short_circuit_operator to 2026-08-11 00:00:00+00:00, run_after=2026-08-12 00:00:00+00:00
[2026-08-12T05:02:12.279+0000] {processor.py:208} INFO - Processing /home/airflow/.local/lib/python3.12/site-packages/airflow/example_dags/example_short_circuit_operator.py took 0.081 seconds
[2026-08-12T05:02:42.719+0000] {processor.py:186} INFO - Started process (PID=3738) to work on /home/airflow/.local/lib/python3.12/site-packages/airflow/example_dags/example_short_circuit_operator.py
[2026-08-12T05:02:42.720+0000] {processor.py:914} INFO - Processing file /home/airflow/.local/lib/python3.12/site-packages/airflow/example_dags/example_short_circuit_operator.py for tasks to queue
[2026-08-12T05:02:42.723+0000] {logging_mixin.py:190} INFO - [2026-08-12T05:02:42.723+0000] {dagbag.py:587} INFO - Filling up the DagBag from /home/airflow/.local/lib/python3.12/site-packages/airflow/example_dags/example_short_circuit_operator.py
[2026-08-12T05:02:42.732+0000] {processor.py:925} INFO - DAG(s) 'example_short_circuit_operator' retrieved from /home/airflow/.local/lib/python3.12/site-packages/airflow/example_dags/example_short_circuit_operator.py
[2026-08-12T05:02:42.754+0000] {logging_mixin.py:190} INFO - [2026-08-12T05:02:42.754+0000] {dag.py:3211} INFO - Sync 1 DAGs
[2026-08-12T05:02:42.776+0000] {logging_mixin.py:190} INFO - [2026-08-12T05:02:42.776+0000] {dag.py:4138} INFO - Setting next_dagrun for example_short_circuit_operator to 2026-08-11 00:00:00+00:00, run_after=2026-08-12 00:00:00+00:00
[2026-08-12T05:02:42.794+0000] {processor.py:208} INFO - Processing /home/airflow/.local/lib/python3.12/site-packages/airflow/example_dags/example_short_circuit_operator.py took 0.081 seconds
[2026-08-12T05:03:13.133+0000] {processor.py:186} INFO - Started process (PID=3801) to work on /home/airflow/.local/lib/python3.12/site-packages/airflow/example_dags/example_short_circuit_operator.py
[2026-08-12T05:03:13.134+0000] {processor.py:914} INFO - Processing file /home/airflow/.local/lib/python3.12/site-packages/airflow/example_dags/example_short_circuit_operator.py for tasks to queue
[2026-08-12T05:03:13.137+0000] {logging_mixin.py:190} INFO - [2026-08-12T05:03:13.137+0000] {dagbag.py:587} INFO - Filling up the DagBag from /home/airflow/.local/lib/python3.12/site-packages/airflow/example_dags/example_short_circuit_operator.py
[2026-08-12T05:03:13.146+0000] {processor.py:925} INFO - DAG(s) 'example_short_circuit_operator' retrieved from /home/airflow/.local/lib/python3.12/site-packages/airflow/example_dags/example_short_circuit_operator.py
[2026-08-12T05:03:13.169+0000] {logging_mixin.py:190} INFO - [2026-08-12T05:03:13.169+0000] {dag.py:3211} INFO - Sync 1 DAGs
[2026-08-12T05:03:13.194+0000] {logging_mixin.py:190} INFO - [2026-08-12T05:03:13.194+0000] {dag.py:4138} INFO - Setting next_dagrun for example_short_circuit_operator to 2026-08-11 00:00:00+00:00, run_after=2026-08-12 00:00:00+00:00
[2026-08-12T05:03:13.213+0000] {processor.py:208} INFO - Processing /home/airflow/.local/lib/python3.12/site-packages/airflow/example_dags/example_short_circuit_operator.py took 0.086 seconds
[2026-08-12T05:03:43.516+0000] {processor.py:186} INFO - Started process (PID=3864) to work on /home/airflow/.local/lib/python3.12/site-packages/airflow/example_dags/example_short_circuit_operator.py
[2026-08-12T05:03:43.518+0000] {processor.py:914} INFO - Processing file /home/airflow/.local/lib/python3.12/site-packages/airflow/example_dags/example_short_circuit_operator.py for tasks to queue
[2026-08-12T05:03:43.522+0000] {logging_mixin.py:190} INFO - [2026-08-12T05:03:43.522+0000] {dagbag.py:587} INFO - Filling up the DagBag from /home/airflow/.local/lib/python3.12/site-packages/airflow/example_dags/example_short_circuit_operator.py
[2026-08-12T05:03:43.536+0000] {processor.py:925} INFO - DAG(s) 'example_short_circuit_operator' retrieved from /home/airflow/.local/lib/python3.12/site-packages/airflow/example_dags/example_short_circuit_operator.py
[2026-08-12T05:03:43.566+0000] {logging_mixin.py:190} INFO - [2026-08-12T05:03:43.566+0000] {dag.py:3211} INFO - Sync 1 DAGs
[2026-08-12T05:03:43.602+0000] {logging_mixin.py:190} INFO - [2026-08-12T05:03:43.602+0000] {dag.py:4138} INFO - Setting next_dagrun for example_short_circuit_operator to 2026-08-11 00:00:00+00:00, run_after=2026-08-12 00:00:00+00:00
[2026-08-12T05:03:43.626+0000] {processor.py:208} INFO - Processing /home/airflow/.local/lib/python3.12/site-packages/airflow/example_dags/example_short_circuit_operator.py took 0.119 seconds
[2026-08-12T05:04:13.945+0000] {processor.py:186} INFO - Started process (PID=3928) to work on /home/airflow/.local/lib/python3.12/site-packages/airflow/example_dags/example_short_circuit_operator.py
[2026-08-12T05:04:13.947+0000] {processor.py:914} INFO - Processing file /home/airflow/.local/lib/python3.12/site-packages/airflow/example_dags/example_short_circuit_operator.py for tasks to queue
[2026-08-12T05:04:13.951+0000] {logging_mixin.py:190} INFO - [2026-08-12T05:04:13.950+0000] {dagbag.py:587} INFO - Filling up the DagBag from /home/airflow/.local/lib/python3.12/site-packages/airflow/example_dags/example_short_circuit_operator.py
[2026-08-12T05:04:13.965+0000] {processor.py:925} INFO - DAG(s) 'example_short_circuit_operator' retrieved from /home/airflow/.local/lib/python3.12/site-packages/airflow/example_dags/example_short_circuit_operator.py
[2026-08-12T05:04:13.986+0000] {logging_mixin.py:190} INFO - [2026-08-12T05:04:13.985+0000] {dag.py:3211} INFO - Sync 1 DAGs
[2026-08-12T05:04:14.009+0000] {logging_mixin.py:190} INFO - [2026-08-12T05:04:14.009+0000] {dag.py:4138} INFO - Setting next_dagrun for example_short_circuit_operator to 2026-08-11 00:00:00+00:00, run_after=2026-08-12 00:00:00+00:00
[2026-08-12T05:04:14.028+0000] {processor.py:208} INFO - Processing /home/airflow/.local/lib/python3.12/site-packages/airflow/example_dags/example_short_circuit_operator.py took 0.091 seconds
[2026-08-12T05:04:44.221+0000] {processor.py:186} INFO - Started process (PID=3991) to work on /home/airflow/.local/lib/python3.12/site-packages/airflow/example_dags/example_short_circuit_operator.py
[2026-08-12T05:04:44.223+0000] {processor.py:914} INFO - Processing file /home/airflow/.local/lib/python3.12/site-packages/airflow/example_dags/example_short_circuit_operator.py for tasks to queue
[2026-08-12T05:04:44.228+0000] {logging_mixin.py:190} INFO - [2026-08-12T05:04:44.227+0000] {dagbag.py:587} INFO - Filling up the DagBag from /home/airflow/.local/lib/python3.12/site-packages/airflow/example_dags/example_short_circuit_operator.py
[2026-08-12T05:04:44.241+0000] {processor.py:925} INFO - DAG(s) 'example_short_circuit_operator' retrieved from /home/airflow/.local/lib/python3.12/site-packages/airflow/example_dags/example_short_circuit_operator.py
[2026-08-12T05:04:44.272+0000] {logging_mixin.py:190} INFO - [2026-08-12T05:04:44.272+0000] {dag.py:3211} INFO - Sync 1 DAGs
[2026-08-12T05:04:44.298+0000] {logging_mixin.py:190} INFO - [2026-08-12T05:04:44.297+0000] {dag.py:4138} INFO - Setting next_dagrun for example_short_circuit_operator to 2026-08-11 00:00:00+00:00, run_after=2026-08-12 00:00:00+00:00
[2026-08-12T05:04:44.321+0000] {processor.py:208} INFO - Processing /home/airflow/.local/lib/python3.12/site-packages/airflow/example_dags/example_short_circuit_operator.py took 0.106 seconds
[2026-08-12T05:05:14.696+0000] {processor.py:186} INFO - Started process (PID=4054) to work on /home/airflow/.local/lib/python3.12/site-packages/airflow/example_dags/example_short_circuit_operator.py
[2026-08-12T05:05:14.698+0000] {processor.py:914} INFO - Processing file /home/airflow/.local/lib/python3.12/site-packages/airflow/example_dags/example_short_circuit_operator.py for tasks to queue
[2026-08-12T05:05:14.701+0000] {logging_mixin.py:190} INFO - [2026-08-12T05:05:14.700+0000] {dagbag.py:587} INFO - Filling up the DagBag from /home/airflow/.local/lib/python3.12/site-packages/airflow/example_dags/example_short_circuit_operator.py
[2026-08-12T05:05:14.711+0000] {processor.py:925} INFO - DAG(s) 'example_short_circuit_operator' retrieved from /home/airflow/.local/lib/python3.12/site-packages/airflow/example_dags/example_short_circuit_operator.py
[2026-08-12T05:05:14.733+0000] {logging_mixin.py:190} INFO - [2026-08-12T05:05:14.733+0000] {dag.py:3211} INFO - Sync 1 DAGs
[2026-08-12T05:05:14.758+0000] {logging_mixin.py:190} INFO - [2026-08-12T05:05:14.758+0000] {dag.py:4138} INFO - Setting next_dagrun for example_short_circuit_operator to 2026-08-11 00:00:00+00:00, run_after=2026-08-12 00:00:00+00:00
[2026-08-12T05:05:14.778+0000] {processor.py:208} INFO - Processing /home/airflow/.local/lib/python3.12/site-packages/airflow/example_dags/example_short_circuit_operator.py took 0.088 seconds
[2026-08-12T05:05:45.181+0000] {processor.py:186} INFO - Started process (PID=4117) to work on /home/airflow/.local/lib/python3.12/site-packages/airflow/example_dags/example_short_circuit_operator.py
[2026-08-12T05:05:45.183+0000] {processor.py:914} INFO - Processing file /home/airflow/.local/lib/python3.12/site-packages/airflow/example_dags/example_short_circuit_operator.py for tasks to queue
[2026-08-12T05:05:45.187+0000] {logging_mixin.py:190} INFO - [2026-08-12T05:05:45.187+0000] {dagbag.py:587} INFO - Filling up the DagBag from /home/airflow/.local/lib/python3.12/site-packages/airflow/example_dags/example_short_circuit_operator.py
[2026-08-12T05:05:45.198+0000] {processor.py:925} INFO - DAG(s) 'example_short_circuit_operator' retrieved from /home/airflow/.local/lib/python3.12/site-packages/airflow/example_dags/example_short_circuit_operator.py
[2026-08-12T05:05:45.227+0000] {logging_mixin.py:190} INFO - [2026-08-12T05:05:45.226+0000] {dag.py:3211} INFO - Sync 1 DAGs
[2026-08-12T05:05:45.254+0000] {logging_mixin.py:190} INFO - [2026-08-12T05:05:45.254+0000] {dag.py:4138} INFO - Setting next_dagrun for example_short_circuit_operator to 2026-08-11 00:00:00+00:00, run_after=2026-08-12 00:00:00+00:00
[2026-08-12T05:05:45.275+0000] {processor.py:208} INFO - Processing /home/airflow/.local/lib/python3.12/site-packages/airflow/example_dags/example_short_circuit_operator.py took 0.100 seconds
[2026-08-12T05:06:15.814+0000] {processor.py:186} INFO - Started process (PID=4180) to work on /home/airflow/.local/lib/python3.12/site-packages/airflow/example_dags/example_short_circuit_operator.py
[2026-08-12T05:06:15.815+0000] {processor.py:914} INFO - Processing file /home/airflow/.local/lib/python3.12/site-packages/airflow/example_dags/example_short_circuit_operator.py for tasks to queue
[2026-08-12T05:06:15.819+0000] {logging_mixin.py:190} INFO - [2026-08-12T05:06:15.819+0000] {dagbag.py:587} INFO - Filling up the DagBag from /home/airflow/.local/lib/python3.12/site-packages/airflow/example_dags/example_short_circuit_operator.py
[2026-08-12T05:06:15.828+0000] {processor.py:925} INFO - DAG(s) 'example_short_circuit_operator' retrieved from /home/airflow/.local/lib/python3.12/site-packages/airflow/example_dags/example_short_circuit_operator.py
[2026-08-12T05:06:15.851+0000] {logging_mixin.py:190} INFO - [2026-08-12T05:06:15.851+0000] {dag.py:3211} INFO - Sync 1 DAGs
[2026-08-12T05:06:15.872+0000] {logging_mixin.py:190} INFO - [2026-08-12T05:06:15.872+0000] {dag.py:4138} INFO - Setting next_dagrun for example_short_circuit_operator to 2026-08-11 00:00:00+00:00, run_after=2026-08-12 00:00:00+00:00
[2026-08-12T05:06:15.891+0000] {processor.py:208} INFO - Processing /home/airflow/.local/lib/python3.12/site-packages/airflow/example_dags/example_short_circuit_operator.py took 0.083 seconds
[2026-08-12T05:06:46.098+0000] {processor.py:186} INFO - Started process (PID=4243) to work on /home/airflow/.local/lib/python3.12/site-packages/airflow/example_dags/example_short_circuit_operator.py
[2026-08-12T05:06:46.100+0000] {processor.py:914} INFO - Processing file /home/airflow/.local/lib/python3.12/site-packages/airflow/example_dags/example_short_circuit_operator.py for tasks to queue
[2026-08-12T05:06:46.103+0000] {logging_mixin.py:190} INFO - [2026-08-12T05:06:46.103+0000] {dagbag.py:587} INFO - Filling up the DagBag from /home/airflow/.local/lib/python3.12/site-packages/airflow/example_dags/example_short_circuit_operator.py
[2026-08-12T05:06:46.112+0000] {processor.py:925} INFO - DAG(s) 'example_short_circuit_operator' retrieved from /home/airflow/.local/lib/python3.12/site-packages/airflow/example_dags/example_short_circuit_operator.py
[2026-08-12T05:06:46.136+0000] {logging_mixin.py:190} INFO - [2026-08-12T05:06:46.135+0000] {dag.py:3211} INFO - Sync 1 DAGs
[2026-08-12T05:06:46.157+0000] {logging_mixin.py:190} INFO - [2026-08-12T05:06:46.157+0000] {dag.py:4138} INFO - Setting next_dagrun for example_short_circuit_operator to 2026-08-11 00:00:00+00:00, run_after=2026-08-12 00:00:00+00:00
[2026-08-12T05:06:46.177+0000] {processor.py:208} INFO - Processing /home/airflow/.local/lib/python3.12/site-packages/airflow/example_dags/example_short_circuit_operator.py took 0.085 seconds
[2026-08-12T05:07:16.400+0000] {processor.py:186} INFO - Started process (PID=4306) to work on /home/airflow/.local/lib/python3.12/site-packages/airflow/example_dags/example_short_circuit_operator.py
[2026-08-12T05:07:16.401+0000] {processor.py:914} INFO - Processing file /home/airflow/.local/lib/python3.12/site-packages/airflow/example_dags/example_short_circuit_operator.py for tasks to queue
[2026-08-12T05:07:16.404+0000] {logging_mixin.py:190} INFO - [2026-08-12T05:07:16.404+0000] {dagbag.py:587} INFO - Filling up the DagBag from /home/airflow/.local/lib/python3.12/site-packages/airflow/example_dags/example_short_circuit_operator.py
[2026-08-12T05:07:16.413+0000] {processor.py:925} INFO - DAG(s) 'example_short_circuit_operator' retrieved from /home/airflow/.local/lib/python3.12/site-packages/airflow/example_dags/example_short_circuit_operator.py
[2026-08-12T05:07:16.435+0000] {logging_mixin.py:190} INFO - [2026-08-12T05:07:16.434+0000] {dag.py:3211} INFO - Sync 1 DAGs
[2026-08-12T05:07:16.458+0000] {logging_mixin.py:190} INFO - [2026-08-12T05:07:16.458+0000] {dag.py:4138} INFO - Setting next_dagrun for example_short_circuit_operator to 2026-08-11 00:00:00+00:00, run_after=2026-08-12 00:00:00+00:00
[2026-08-12T05:07:16.478+0000] {processor.py:208} INFO - Processing /home/airflow/.local/lib/python3.12/site-packages/airflow/example_dags/example_short_circuit_operator.py took 0.083 seconds
[2026-08-12T05:07:46.740+0000] {processor.py:186} INFO - Started process (PID=4369) to work on /home/airflow/.local/lib/python3.12/site-packages/airflow/example_dags/example_short_circuit_operator.py
[2026-08-12T05:07:46.741+0000] {processor.py:914} INFO - Processing file /home/airflow/.local/lib/python3.12/site-packages/airflow/example_dags/example_short_circuit_operator.py for tasks to queue
[2026-08-12T05:07:46.744+0000] {logging_mixin.py:190} INFO - [2026-08-12T05:07:46.744+0000] {dagbag.py:587} INFO - Filling up the DagBag from /home/airflow/.local/lib/python3.12/site-packages/airflow/example_dags/example_short_circuit_operator.py
[2026-08-12T05:07:46.753+0000] {processor.py:925} INFO - DAG(s) 'example_short_circuit_operator' retrieved from /home/airflow/.local/lib/python3.12/site-packages/airflow/example_dags/example_short_circuit_operator.py
[2026-08-12T05:07:46.777+0000] {logging_mixin.py:190} INFO - [2026-08-12T05:07:46.777+0000] {dag.py:3211} INFO - Sync 1 DAGs
[2026-08-12T05:07:46.805+0000] {logging_mixin.py:190} INFO - [2026-08-12T05:07:46.805+0000] {dag.py:4138} INFO - Setting next_dagrun for example_short_circuit_operator to 2026-08-11 00:00:00+00:00, run_after=2026-08-12 00:00:00+00:00
[2026-08-12T05:07:46.831+0000] {processor.py:208} INFO - Processing /home/airflow/.local/lib/python3.12/site-packages/airflow/example_dags/example_short_circuit_operator.py took 0.097 seconds
[2026-08-12T05:08:17.833+0000] {processor.py:186} INFO - Started process (PID=4432) to work on /home/airflow/.local/lib/python3.12/site-packages/airflow/example_dags/example_short_circuit_operator.py
[2026-08-12T05:08:17.835+0000] {processor.py:914} INFO - Processing file /home/airflow/.local/lib/python3.12/site-packages/airflow/example_dags/example_short_circuit_operator.py for tasks to queue
[2026-08-12T05:08:17.838+0000] {logging_mixin.py:190} INFO - [2026-08-12T05:08:17.837+0000] {dagbag.py:587} INFO - Filling up the DagBag from /home/airflow/.local/lib/python3.12/site-packages/airflow/example_dags/example_short_circuit_operator.py
[2026-08-12T05:08:17.852+0000] {processor.py:925} INFO - DAG(s) 'example_short_circuit_operator' retrieved from /home/airflow/.local/lib/python3.12/site-packages/airflow/example_dags/example_short_circuit_operator.py
[2026-08-12T05:08:17.877+0000] {logging_mixin.py:190} INFO - [2026-08-12T05:08:17.877+0000] {dag.py:3211} INFO - Sync 1 DAGs
[2026-08-12T05:08:17.901+0000] {logging_mixin.py:190} INFO - [2026-08-12T05:08:17.900+0000] {dag.py:4138} INFO - Setting next_dagrun for example_short_circuit_operator to 2026-08-11 00:00:00+00:00, run_after=2026-08-12 00:00:00+00:00
[2026-08-12T05:08:17.922+0000] {processor.py:208} INFO - Processing /home/airflow/.local/lib/python3.12/site-packages/airflow/example_dags/example_short_circuit_operator.py took 0.096 seconds
[2026-08-12T05:08:48.105+0000] {processor.py:186} INFO - Started process (PID=4495) to work on /home/airflow/.local/lib/python3.12/site-packages/airflow/example_dags/example_short_circuit_operator.py
[2026-08-12T05:08:48.107+0000] {processor.py:914} INFO - Processing file /home/airflow/.local/lib/python3.12/site-packages/airflow/example_dags/example_short_circuit_operator.py for tasks to queue
[2026-08-12T05:08:48.110+0000] {logging_mixin.py:190} INFO - [2026-08-12T05:08:48.110+0000] {dagbag.py:587} INFO - Filling up the DagBag from /home/airflow/.local/lib/python3.12/site-packages/airflow/example_dags/example_short_circuit_operator.py
[2026-08-12T05:08:48.122+0000] {processor.py:925} INFO - DAG(s) 'example_short_circuit_operator' retrieved from /home/airflow/.local/lib/python3.12/site-packages/airflow/example_dags/example_short_circuit_operator.py
[2026-08-12T05:08:48.145+0000] {logging_mixin.py:190} INFO - [2026-08-12T05:08:48.144+0000] {dag.py:3211} INFO - Sync 1 DAGs
[2026-08-12T05:08:48.166+0000] {logging_mixin.py:190} INFO - [2026-08-12T05:08:48.166+0000] {dag.py:4138} INFO - Setting next_dagrun for example_short_circuit_operator to 2026-08-11 00:00:00+00:00, run_after=2026-08-12 00:00:00+00:00
[2026-08-12T05:08:48.184+0000] {processor.py:208} INFO - Processing /home/airflow/.local/lib/python3.12/site-packages/airflow/example_dags/example_short_circuit_operator.py took 0.085 seconds
[2026-08-12T05:09:18.460+0000] {processor.py:186} INFO - Started process (PID=4558) to work on /home/airflow/.local/lib/python3.12/site-packages/airflow/example_dags/example_short_circuit_operator.py
[2026-08-12T05:09:18.462+0000] {processor.py:914} INFO - Processing file /home/airflow/.local/lib/python3.12/site-packages/airflow/example_dags/example_short_circuit_operator.py for tasks to queue
[2026-08-12T05:09:18.465+0000] {logging_mixin.py:190} INFO - [2026-08-12T05:09:18.464+0000] {dagbag.py:587} INFO - Filling up the DagBag from /home/airflow/.local/lib/python3.12/site-packages/airflow/example_dags/example_short_circuit_operator.py
[2026-08-12T05:09:18.474+0000] {processor.py:925} INFO - DAG(s) 'example_short_circuit_operator' retrieved from /home/airflow/.local/lib/python3.12/site-packages/airflow/example_dags/example_short_circuit_operator.py
[2026-08-12T05:09:18.497+0000] {logging_mixin.py:190} INFO - [2026-08-12T05:09:18.497+0000] {dag.py:3211} INFO - Sync 1 DAGs
[2026-08-12T05:09:18.522+0000] {logging_mixin.py:190} INFO - [2026-08-12T05:09:18.522+0000] {dag.py:4138} INFO - Setting next_dagrun for example_short_circuit_operator to 2026-08-11 00:00:00+00:00, run_after=2026-08-12 00:00:00+00:00
[2026-08-12T05:09:18.543+0000] {processor.py:208} INFO - Processing /home/airflow/.local/lib/python3.12/site-packages/airflow/example_dags/example_short_circuit_operator.py took 0.088 seconds
[2026-08-12T05:09:49.285+0000] {processor.py:186} INFO - Started process (PID=4621) to work on /home/airflow/.local/lib/python3.12/site-packages/airflow/example_dags/example_short_circuit_operator.py
[2026-08-12T05:09:49.287+0000] {processor.py:914} INFO - Processing file /home/airflow/.local/lib/python3.12/site-packages/airflow/example_dags/example_short_circuit_operator.py for tasks to queue
[2026-08-12T05:09:49.290+0000] {logging_mixin.py:190} INFO - [2026-08-12T05:09:49.290+0000] {dagbag.py:587} INFO - Filling up the DagBag from /home/airflow/.local/lib/python3.12/site-packages/airflow/example_dags/example_short_circuit_operator.py
[2026-08-12T05:09:49.302+0000] {processor.py:925} INFO - DAG(s) 'example_short_circuit_operator' retrieved from /home/airflow/.local/lib/python3.12/site-packages/airflow/example_dags/example_short_circuit_operator.py
[2026-08-12T05:09:49.332+0000] {logging_mixin.py:190} INFO - [2026-08-12T05:09:49.332+0000] {dag.py:3211} INFO - Sync 1 DAGs
[2026-08-12T05:09:49.356+0000] {logging_mixin.py:190} INFO - [2026-08-12T05:09:49.356+0000] {dag.py:4138} INFO - Setting next_dagrun for example_short_circuit_operator to 2026-08-11 00:00:00+00:00, run_after=2026-08-12 00:00:00+00:00
[2026-08-12T05:09:49.377+0000] {processor.py:208} INFO - Processing /home/airflow/.local/lib/python3.12/site-packages/airflow/example_dags/example_short_circuit_operator.py took 0.100 seconds
[2026-08-12T05:10:19.962+0000] {processor.py:186} INFO - Started process (PID=4684) to work on /home/airflow/.local/lib/python3.12/site-packages/airflow/example_dags/example_short_circuit_operator.py
[2026-08-12T05:10:19.964+0000] {processor.py:914} INFO - Processing file /home/airflow/.local/lib/python3.12/site-packages/airflow/example_dags/example_short_circuit_operator.py for tasks to queue
[2026-08-12T05:10:19.967+0000] {logging_mixin.py:190} INFO - [2026-08-12T05:10:19.967+0000] {dagbag.py:587} INFO - Filling up the DagBag from /home/airflow/.local/lib/python3.12/site-packages/airflow/example_dags/example_short_circuit_operator.py
[2026-08-12T05:10:19.976+0000] {processor.py:925} INFO - DAG(s) 'example_short_circuit_operator' retrieved from /home/airflow/.local/lib/python3.12/site-packages/airflow/example_dags/example_short_circuit_operator.py
[2026-08-12T05:10:20.000+0000] {logging_mixin.py:190} INFO - [2026-08-12T05:10:20.000+0000] {dag.py:3211} INFO - Sync 1 DAGs
[2026-08-12T05:10:20.030+0000] {logging_mixin.py:190} INFO - [2026-08-12T05:10:20.030+0000] {dag.py:4138} INFO - Setting next_dagrun for example_short_circuit_operator to 2026-08-11 00:00:00+00:00, run_after=2026-08-12 00:00:00+00:00
[2026-08-12T05:10:20.058+0000] {processor.py:208} INFO - Processing /home/airflow/.local/lib/python3.12/site-packages/airflow/example_dags/example_short_circuit_operator.py took 0.101 seconds
[2026-08-12T05:10:50.348+0000] {processor.py:186} INFO - Started process (PID=4747) to work on /home/airflow/.local/lib/python3.12/site-packages/airflow/example_dags/example_short_circuit_operator.py
[2026-08-12T05:10:50.350+0000] {processor.py:914} INFO - Processing file /home/airflow/.local/lib/python3.12/site-packages/airflow/example_dags/example_short_circuit_operator.py for tasks to queue
[2026-08-12T05:10:50.353+0000] {logging_mixin.py:190} INFO - [2026-08-12T05:10:50.353+0000] {dagbag.py:587} INFO - Filling up the DagBag from /home/airflow/.local/lib/python3.12/site-packages/airflow/example_dags/example_short_circuit_operator.py
[2026-08-12T05:10:50.366+0000] {processor.py:925} INFO - DAG(s) 'example_short_circuit_operator' retrieved from /home/airflow/.local/lib/python3.12/site-packages/airflow/example_dags/example_short_circuit_operator.py
[2026-08-12T05:10:50.393+0000] {logging_mixin.py:190} INFO - [2026-08-12T05:10:50.393+0000] {dag.py:3211} INFO - Sync 1 DAGs
[2026-08-12T05:10:50.418+0000] {logging_mixin.py:190} INFO - [2026-08-12T05:10:50.418+0000] {dag.py:4138} INFO - Setting next_dagrun for example_short_circuit_operator to 2026-08-11 00:00:00+00:00, run_after=2026-08-12 00:00:00+00:00
[2026-08-12T05:10:50.438+0000] {processor.py:208} INFO - Processing /home/airflow/.local/lib/python3.12/site-packages/airflow/example_dags/example_short_circuit_operator.py took 0.098 seconds
[2026-08-12T05:11:20.966+0000] {processor.py:186} INFO - Started process (PID=4810) to work on /home/airflow/.local/lib/python3.12/site-packages/airflow/example_dags/example_short_circuit_operator.py
[2026-08-12T05:11:20.968+0000] {processor.py:914} INFO - Processing file /home/airflow/.local/lib/python3.12/site-packages/airflow/example_dags/example_short_circuit_operator.py for tasks to queue
[2026-08-12T05:11:20.971+0000] {logging_mixin.py:190} INFO - [2026-08-12T05:11:20.970+0000] {dagbag.py:587} INFO - Filling up the DagBag from /home/airflow/.local/lib/python3.12/site-packages/airflow/example_dags/example_short_circuit_operator.py
[2026-08-12T05:11:20.980+0000] {processor.py:925} INFO - DAG(s) 'example_short_circuit_operator' retrieved from /home/airflow/.local/lib/python3.12/site-packages/airflow/example_dags/example_short_circuit_operator.py
[2026-08-12T05:11:21.000+0000] {logging_mixin.py:190} INFO - [2026-08-12T05:11:21.000+0000] {dag.py:3211} INFO - Sync 1 DAGs
[2026-08-12T05:11:21.021+0000] {logging_mixin.py:190} INFO - [2026-08-12T05:11:21.021+0000] {dag.py:4138} INFO - Setting next_dagrun for example_short_circuit_operator to 2026-08-11 00:00:00+00:00, run_after=2026-08-12 00:00:00+00:00
[2026-08-12T05:11:21.040+0000] {processor.py:208} INFO - Processing /home/airflow/.local/lib/python3.12/site-packages/airflow/example_dags/example_short_circuit_operator.py took 0.081 seconds
[2026-08-12T05:11:51.364+0000] {processor.py:186} INFO - Started process (PID=4873) to work on /home/airflow/.local/lib/python3.12/site-packages/airflow/example_dags/example_short_circuit_operator.py
[2026-08-12T05:11:51.365+0000] {processor.py:914} INFO - Processing file /home/airflow/.local/lib/python3.12/site-packages/airflow/example_dags/example_short_circuit_operator.py for tasks to queue
[2026-08-12T05:11:51.369+0000] {logging_mixin.py:190} INFO - [2026-08-12T05:11:51.369+0000] {dagbag.py:587} INFO - Filling up the DagBag from /home/airflow/.local/lib/python3.12/site-packages/airflow/example_dags/example_short_circuit_operator.py
[2026-08-12T05:11:51.383+0000] {processor.py:925} INFO - DAG(s) 'example_short_circuit_operator' retrieved from /home/airflow/.local/lib/python3.12/site-packages/airflow/example_dags/example_short_circuit_operator.py
[2026-08-12T05:11:51.414+0000] {logging_mixin.py:190} INFO - [2026-08-12T05:11:51.414+0000] {dag.py:3211} INFO - Sync 1 DAGs
[2026-08-12T05:11:51.442+0000] {logging_mixin.py:190} INFO - [2026-08-12T05:11:51.442+0000] {dag.py:4138} INFO - Setting next_dagrun for example_short_circuit_operator to 2026-08-11 00:00:00+00:00, run_after=2026-08-12 00:00:00+00:00
[2026-08-12T05:11:51.462+0000] {processor.py:208} INFO - Processing /home/airflow/.local/lib/python3.12/site-packages/airflow/example_dags/example_short_circuit_operator.py took 0.108 seconds
[2026-08-12T05:12:22.197+0000] {processor.py:186} INFO - Started process (PID=4936) to work on /home/airflow/.local/lib/python3.12/site-packages/airflow/example_dags/example_short_circuit_operator.py
[2026-08-12T05:12:22.199+0000] {processor.py:914} INFO - Processing file /home/airflow/.local/lib/python3.12/site-packages/airflow/example_dags/example_short_circuit_operator.py for tasks to queue
[2026-08-12T05:12:22.202+0000] {logging_mixin.py:190} INFO - [2026-08-12T05:12:22.201+0000] {dagbag.py:587} INFO - Filling up the DagBag from /home/airflow/.local/lib/python3.12/site-packages/airflow/example_dags/example_short_circuit_operator.py
[2026-08-12T05:12:22.211+0000] {processor.py:925} INFO - DAG(s) 'example_short_circuit_operator' retrieved from /home/airflow/.local/lib/python3.12/site-packages/airflow/example_dags/example_short_circuit_operator.py
[2026-08-12T05:12:22.233+0000] {logging_mixin.py:190} INFO - [2026-08-12T05:12:22.233+0000] {dag.py:3211} INFO - Sync 1 DAGs
[2026-08-12T05:12:22.255+0000] {logging_mixin.py:190} INFO - [2026-08-12T05:12:22.255+0000] {dag.py:4138} INFO - Setting next_dagrun for example_short_circuit_operator to 2026-08-11 00:00:00+00:00, run_after=2026-08-12 00:00:00+00:00
[2026-08-12T05:12:22.275+0000] {processor.py:208} INFO - Processing /home/airflow/.local/lib/python3.12/site-packages/airflow/example_dags/example_short_circuit_operator.py took 0.084 seconds
[2026-08-12T05:12:52.579+0000] {processor.py:186} INFO - Started process (PID=4999) to work on /home/airflow/.local/lib/python3.12/site-packages/airflow/example_dags/example_short_circuit_operator.py
[2026-08-12T05:12:52.581+0000] {processor.py:914} INFO - Processing file /home/airflow/.local/lib/python3.12/site-packages/airflow/example_dags/example_short_circuit_operator.py for tasks to queue
[2026-08-12T05:12:52.584+0000] {logging_mixin.py:190} INFO - [2026-08-12T05:12:52.583+0000] {dagbag.py:587} INFO - Filling up the DagBag from /home/airflow/.local/lib/python3.12/site-packages/airflow/example_dags/example_short_circuit_operator.py
[2026-08-12T05:12:52.592+0000] {processor.py:925} INFO - DAG(s) 'example_short_circuit_operator' retrieved from /home/airflow/.local/lib/python3.12/site-packages/airflow/example_dags/example_short_circuit_operator.py
[2026-08-12T05:12:52.616+0000] {logging_mixin.py:190} INFO - [2026-08-12T05:12:52.615+0000] {dag.py:3211} INFO - Sync 1 DAGs
[2026-08-12T05:12:52.638+0000] {logging_mixin.py:190} INFO - [2026-08-12T05:12:52.638+0000] {dag.py:4138} INFO - Setting next_dagrun for example_short_circuit_operator to 2026-08-11 00:00:00+00:00, run_after=2026-08-12 00:00:00+00:00
[2026-08-12T05:12:52.660+0000] {processor.py:208} INFO - Processing /home/airflow/.local/lib/python3.12/site-packages/airflow/example_dags/example_short_circuit_operator.py took 0.086 seconds
[2026-08-12T05:13:23.091+0000] {processor.py:186} INFO - Started process (PID=5062) to work on /home/airflow/.local/lib/python3.12/site-packages/airflow/example_dags/example_short_circuit_operator.py
[2026-08-12T05:13:23.093+0000] {processor.py:914} INFO - Processing file /home/airflow/.local/lib/python3.12/site-packages/airflow/example_dags/example_short_circuit_operator.py for tasks to queue
[2026-08-12T05:13:23.097+0000] {logging_mixin.py:190} INFO - [2026-08-12T05:13:23.096+0000] {dagbag.py:587} INFO - Filling up the DagBag from /home/airflow/.local/lib/python3.12/site-packages/airflow/example_dags/example_short_circuit_operator.py
[2026-08-12T05:13:23.110+0000] {processor.py:925} INFO - DAG(s) 'example_short_circuit_operator' retrieved from /home/airflow/.local/lib/python3.12/site-packages/airflow/example_dags/example_short_circuit_operator.py
[2026-08-12T05:13:23.145+0000] {logging_mixin.py:190} INFO - [2026-08-12T05:13:23.144+0000] {dag.py:3211} INFO - Sync 1 DAGs
[2026-08-12T05:13:23.173+0000] {logging_mixin.py:190} INFO - [2026-08-12T05:13:23.172+0000] {dag.py:4138} INFO - Setting next_dagrun for example_short_circuit_operator to 2026-08-11 00:00:00+00:00, run_after=2026-08-12 00:00:00+00:00
[2026-08-12T05:13:23.198+0000] {processor.py:208} INFO - Processing /home/airflow/.local/lib/python3.12/site-packages/airflow/example_dags/example_short_circuit_operator.py took 0.116 seconds
[2026-08-12T05:13:53.765+0000] {processor.py:186} INFO - Started process (PID=5125) to work on /home/airflow/.local/lib/python3.12/site-packages/airflow/example_dags/example_short_circuit_operator.py
[2026-08-12T05:13:53.767+0000] {processor.py:914} INFO - Processing file /home/airflow/.local/lib/python3.12/site-packages/airflow/example_dags/example_short_circuit_operator.py for tasks to queue
[2026-08-12T05:13:53.770+0000] {logging_mixin.py:190} INFO - [2026-08-12T05:13:53.770+0000] {dagbag.py:587} INFO - Filling up the DagBag from /home/airflow/.local/lib/python3.12/site-packages/airflow/example_dags/example_short_circuit_operator.py
[2026-08-12T05:13:53.781+0000] {processor.py:925} INFO - DAG(s) 'example_short_circuit_operator' retrieved from /home/airflow/.local/lib/python3.12/site-packages/airflow/example_dags/example_short_circuit_operator.py
[2026-08-12T05:13:53.812+0000] {logging_mixin.py:190} INFO - [2026-08-12T05:13:53.812+0000] {dag.py:3211} INFO - Sync 1 DAGs
[2026-08-12T05:13:53.843+0000] {logging_mixin.py:190} INFO - [2026-08-12T05:13:53.843+0000] {dag.py:4138} INFO - Setting next_dagrun for example_short_circuit_operator to 2026-08-11 00:00:00+00:00, run_after=2026-08-12 00:00:00+00:00
[2026-08-12T05:13:53.863+0000] {processor.py:208} INFO - Processing /home/airflow/.local/lib/python3.12/site-packages/airflow/example_dags/example_short_circuit_operator.py took 0.104 seconds
[2026-08-12T05:14:24.269+0000] {processor.py:186} INFO - Started process (PID=5188) to work on /home/airflow/.local/lib/python3.12/site-packages/airflow/example_dags/example_short_circuit_operator.py
[2026-08-12T05:14:24.271+0000] {processor.py:914} INFO - Processing file /home/airflow/.local/lib/python3.12/site-packages/airflow/example_dags/example_short_circuit_operator.py for tasks to queue
[2026-08-12T05:14:24.274+0000] {logging_mixin.py:190} INFO - [2026-08-12T05:14:24.274+0000] {dagbag.py:587} INFO - Filling up the DagBag from /home/airflow/.local/lib/python3.12/site-packages/airflow/example_dags/example_short_circuit_operator.py
[2026-08-12T05:14:24.284+0000] {processor.py:925} INFO - DAG(s) 'example_short_circuit_operator' retrieved from /home/airflow/.local/lib/python3.12/site-packages/airflow/example_dags/example_short_circuit_operator.py
[2026-08-12T05:14:24.310+0000] {logging_mixin.py:190} INFO - [2026-08-12T05:14:24.310+0000] {dag.py:3211} INFO - Sync 1 DAGs
[2026-08-12T05:14:24.330+0000] {logging_mixin.py:190} INFO - [2026-08-12T05:14:24.330+0000] {dag.py:4138} INFO - Setting next_dagrun for example_short_circuit_operator to 2026-08-11 00:00:00+00:00, run_after=2026-08-12 00:00:00+00:00
[2026-08-12T05:14:24.353+0000] {processor.py:208} INFO - Processing /home/airflow/.local/lib/python3.12/site-packages/airflow/example_dags/example_short_circuit_operator.py took 0.090 seconds
[2026-08-12T05:14:54.894+0000] {processor.py:186} INFO - Started process (PID=5251) to work on /home/airflow/.local/lib/python3.12/site-packages/airflow/example_dags/example_short_circuit_operator.py
[2026-08-12T05:14:54.896+0000] {processor.py:914} INFO - Processing file /home/airflow/.local/lib/python3.12/site-packages/airflow/example_dags/example_short_circuit_operator.py for tasks to queue
[2026-08-12T05:14:54.900+0000] {logging_mixin.py:190} INFO - [2026-08-12T05:14:54.900+0000] {dagbag.py:587} INFO - Filling up the DagBag from /home/airflow/.local/lib/python3.12/site-packages/airflow/example_dags/example_short_circuit_operator.py
[2026-08-12T05:14:54.914+0000] {processor.py:925} INFO - DAG(s) 'example_short_circuit_operator' retrieved from /home/airflow/.local/lib/python3.12/site-packages/airflow/example_dags/example_short_circuit_operator.py
[2026-08-12T05:14:54.943+0000] {logging_mixin.py:190} INFO - [2026-08-12T05:14:54.943+0000] {dag.py:3211} INFO - Sync 1 DAGs
[2026-08-12T05:14:54.975+0000] {logging_mixin.py:190} INFO - [2026-08-12T05:14:54.974+0000] {dag.py:4138} INFO - Setting next_dagrun for example_short_circuit_operator to 2026-08-11 00:00:00+00:00, run_after=2026-08-12 00:00:00+00:00
[2026-08-12T05:14:55.005+0000] {processor.py:208} INFO - Processing /home/airflow/.local/lib/python3.12/site-packages/airflow/example_dags/example_short_circuit_operator.py took 0.119 seconds
[2026-08-12T05:15:25.381+0000] {processor.py:186} INFO - Started process (PID=5314) to work on /home/airflow/.local/lib/python3.12/site-packages/airflow/example_dags/example_short_circuit_operator.py
[2026-08-12T05:15:25.383+0000] {processor.py:914} INFO - Processing file /home/airflow/.local/lib/python3.12/site-packages/airflow/example_dags/example_short_circuit_operator.py for tasks to queue
[2026-08-12T05:15:25.386+0000] {logging_mixin.py:190} INFO - [2026-08-12T05:15:25.386+0000] {dagbag.py:587} INFO - Filling up the DagBag from /home/airflow/.local/lib/python3.12/site-packages/airflow/example_dags/example_short_circuit_operator.py
[2026-08-12T05:15:25.395+0000] {processor.py:925} INFO - DAG(s) 'example_short_circuit_operator' retrieved from /home/airflow/.local/lib/python3.12/site-packages/airflow/example_dags/example_short_circuit_operator.py
[2026-08-12T05:15:25.422+0000] {logging_mixin.py:190} INFO - [2026-08-12T05:15:25.421+0000] {dag.py:3211} INFO - Sync 1 DAGs
[2026-08-12T05:15:25.444+0000] {logging_mixin.py:190} INFO - [2026-08-12T05:15:25.443+0000] {dag.py:4138} INFO - Setting next_dagrun for example_short_circuit_operator to 2026-08-11 00:00:00+00:00, run_after=2026-08-12 00:00:00+00:00
[2026-08-12T05:15:25.465+0000] {processor.py:208} INFO - Processing /home/airflow/.local/lib/python3.12/site-packages/airflow/example_dags/example_short_circuit_operator.py took 0.088 seconds
[2026-08-12T05:15:56.029+0000] {processor.py:186} INFO - Started process (PID=5377) to work on /home/airflow/.local/lib/python3.12/site-packages/airflow/example_dags/example_short_circuit_operator.py
[2026-08-12T05:15:56.031+0000] {processor.py:914} INFO - Processing file /home/airflow/.local/lib/python3.12/site-packages/airflow/example_dags/example_short_circuit_operator.py for tasks to queue
[2026-08-12T05:15:56.034+0000] {logging_mixin.py:190} INFO - [2026-08-12T05:15:56.033+0000] {dagbag.py:587} INFO - Filling up the DagBag from /home/airflow/.local/lib/python3.12/site-packages/airflow/example_dags/example_short_circuit_operator.py
[2026-08-12T05:15:56.044+0000] {processor.py:925} INFO - DAG(s) 'example_short_circuit_operator' retrieved from /home/airflow/.local/lib/python3.12/site-packages/airflow/example_dags/example_short_circuit_operator.py
[2026-08-12T05:15:56.070+0000] {logging_mixin.py:190} INFO - [2026-08-12T05:15:56.070+0000] {dag.py:3211} INFO - Sync 1 DAGs
[2026-08-12T05:15:56.097+0000] {logging_mixin.py:190} INFO - [2026-08-12T05:15:56.097+0000] {dag.py:4138} INFO - Setting next_dagrun for example_short_circuit_operator to 2026-08-11 00:00:00+00:00, run_after=2026-08-12 00:00:00+00:00
[2026-08-12T05:15:56.121+0000] {processor.py:208} INFO - Processing /home/airflow/.local/lib/python3.12/site-packages/airflow/example_dags/example_short_circuit_operator.py took 0.098 seconds
[2026-08-12T05:16:26.792+0000] {processor.py:186} INFO - Started process (PID=5440) to work on /home/airflow/.local/lib/python3.12/site-packages/airflow/example_dags/example_short_circuit_operator.py
[2026-08-12T05:16:26.794+0000] {processor.py:914} INFO - Processing file /home/airflow/.local/lib/python3.12/site-packages/airflow/example_dags/example_short_circuit_operator.py for tasks to queue
[2026-08-12T05:16:26.796+0000] {logging_mixin.py:190} INFO - [2026-08-12T05:16:26.796+0000] {dagbag.py:587} INFO - Filling up the DagBag from /home/airflow/.local/lib/python3.12/site-packages/airflow/example_dags/example_short_circuit_operator.py
[2026-08-12T05:16:26.806+0000] {processor.py:925} INFO - DAG(s) 'example_short_circuit_operator' retrieved from /home/airflow/.local/lib/python3.12/site-packages/airflow/example_dags/example_short_circuit_operator.py
[2026-08-12T05:16:26.829+0000] {logging_mixin.py:190} INFO - [2026-08-12T05:16:26.829+0000] {dag.py:3211} INFO - Sync 1 DAGs
[2026-08-12T05:16:26.853+0000] {logging_mixin.py:190} INFO - [2026-08-12T05:16:26.853+0000] {dag.py:4138} INFO - Setting next_dagrun for example_short_circuit_operator to 2026-08-11 00:00:00+00:00, run_after=2026-08-12 00:00:00+00:00
[2026-08-12T05:16:26.873+0000] {processor.py:208} INFO - Processing /home/airflow/.local/lib/python3.12/site-packages/airflow/example_dags/example_short_circuit_operator.py took 0.087 seconds
[2026-08-12T05:16:57.044+0000] {processor.py:186} INFO - Started process (PID=5503) to work on /home/airflow/.local/lib/python3.12/site-packages/airflow/example_dags/example_short_circuit_operator.py
[2026-08-12T05:16:57.046+0000] {processor.py:914} INFO - Processing file /home/airflow/.local/lib/python3.12/site-packages/airflow/example_dags/example_short_circuit_operator.py for tasks to queue
[2026-08-12T05:16:57.049+0000] {logging_mixin.py:190} INFO - [2026-08-12T05:16:57.049+0000] {dagbag.py:587} INFO - Filling up the DagBag from /home/airflow/.local/lib/python3.12/site-packages/airflow/example_dags/example_short_circuit_operator.py
[2026-08-12T05:16:57.061+0000] {processor.py:925} INFO - DAG(s) 'example_short_circuit_operator' retrieved from /home/airflow/.local/lib/python3.12/site-packages/airflow/example_dags/example_short_circuit_operator.py
[2026-08-12T05:16:57.090+0000] {logging_mixin.py:190} INFO - [2026-08-12T05:16:57.090+0000] {dag.py:3211} INFO - Sync 1 DAGs
[2026-08-12T05:16:57.119+0000] {logging_mixin.py:190} INFO - [2026-08-12T05:16:57.119+0000] {dag.py:4138} INFO - Setting next_dagrun for example_short_circuit_operator to 2026-08-11 00:00:00+00:00, run_after=2026-08-12 00:00:00+00:00
[2026-08-12T05:16:57.147+0000] {processor.py:208} INFO - Processing /home/airflow/.local/lib/python3.12/site-packages/airflow/example_dags/example_short_circuit_operator.py took 0.111 seconds
[2026-08-12T05:17:27.643+0000] {processor.py:186} INFO - Started process (PID=5566) to work on /home/airflow/.local/lib/python3.12/site-packages/airflow/example_dags/example_short_circuit_operator.py
[2026-08-12T05:17:27.645+0000] {processor.py:914} INFO - Processing file /home/airflow/.local/lib/python3.12/site-packages/airflow/example_dags/example_short_circuit_operator.py for tasks to queue
[2026-08-12T05:17:27.649+0000] {logging_mixin.py:190} INFO - [2026-08-12T05:17:27.648+0000] {dagbag.py:587} INFO - Filling up the DagBag from /home/airflow/.local/lib/python3.12/site-packages/airflow/example_dags/example_short_circuit_operator.py
[2026-08-12T05:17:27.662+0000] {processor.py:925} INFO - DAG(s) 'example_short_circuit_operator' retrieved from /home/airflow/.local/lib/python3.12/site-packages/airflow/example_dags/example_short_circuit_operator.py
[2026-08-12T05:17:27.691+0000] {logging_mixin.py:190} INFO - [2026-08-12T05:17:27.691+0000] {dag.py:3211} INFO - Sync 1 DAGs
[2026-08-12T05:17:27.736+0000] {logging_mixin.py:190} INFO - [2026-08-12T05:17:27.736+0000] {dag.py:4138} INFO - Setting next_dagrun for example_short_circuit_operator to 2026-08-11 00:00:00+00:00, run_after=2026-08-12 00:00:00+00:00
[2026-08-12T05:17:27.758+0000] {processor.py:208} INFO - Processing /home/airflow/.local/lib/python3.12/site-packages/airflow/example_dags/example_short_circuit_operator.py took 0.121 seconds
[2026-08-12T05:17:58.731+0000] {processor.py:186} INFO - Started process (PID=5629) to work on /home/airflow/.local/lib/python3.12/site-packages/airflow/example_dags/example_short_circuit_operator.py
[2026-08-12T05:17:58.732+0000] {processor.py:914} INFO - Processing file /home/airflow/.local/lib/python3.12/site-packages/airflow/example_dags/example_short_circuit_operator.py for tasks to queue
[2026-08-12T05:17:58.735+0000] {logging_mixin.py:190} INFO - [2026-08-12T05:17:58.734+0000] {dagbag.py:587} INFO - Filling up the DagBag from /home/airflow/.local/lib/python3.12/site-packages/airflow/example_dags/example_short_circuit_operator.py
[2026-08-12T05:17:58.744+0000] {processor.py:925} INFO - DAG(s) 'example_short_circuit_operator' retrieved from /home/airflow/.local/lib/python3.12/site-packages/airflow/example_dags/example_short_circuit_operator.py
[2026-08-12T05:17:58.767+0000] {logging_mixin.py:190} INFO - [2026-08-12T05:17:58.767+0000] {dag.py:3211} INFO - Sync 1 DAGs
[2026-08-12T05:17:58.792+0000] {logging_mixin.py:190} INFO - [2026-08-12T05:17:58.792+0000] {dag.py:4138} INFO - Setting next_dagrun for example_short_circuit_operator to 2026-08-11 00:00:00+00:00, run_after=2026-08-12 00:00:00+00:00
[2026-08-12T05:17:58.811+0000] {processor.py:208} INFO - Processing /home/airflow/.local/lib/python3.12/site-packages/airflow/example_dags/example_short_circuit_operator.py took 0.086 seconds
[2026-08-12T05:18:29.468+0000] {processor.py:186} INFO - Started process (PID=5692) to work on /home/airflow/.local/lib/python3.12/site-packages/airflow/example_dags/example_short_circuit_operator.py
[2026-08-12T05:18:29.470+0000] {processor.py:914} INFO - Processing file /home/airflow/.local/lib/python3.12/site-packages/airflow/example_dags/example_short_circuit_operator.py for tasks to queue
[2026-08-12T05:18:29.475+0000] {logging_mixin.py:190} INFO - [2026-08-12T05:18:29.474+0000] {dagbag.py:587} INFO - Filling up the DagBag from /home/airflow/.local/lib/python3.12/site-packages/airflow/example_dags/example_short_circuit_operator.py
[2026-08-12T05:18:29.492+0000] {processor.py:925} INFO - DAG(s) 'example_short_circuit_operator' retrieved from /home/airflow/.local/lib/python3.12/site-packages/airflow/example_dags/example_short_circuit_operator.py
[2026-08-12T05:18:29.544+0000] {logging_mixin.py:190} INFO - [2026-08-12T05:18:29.544+0000] {dag.py:3211} INFO - Sync 1 DAGs
[2026-08-12T05:18:29.594+0000] {logging_mixin.py:190} INFO - [2026-08-12T05:18:29.594+0000] {dag.py:4138} INFO - Setting next_dagrun for example_short_circuit_operator to 2026-08-11 00:00:00+00:00, run_after=2026-08-12 00:00:00+00:00
[2026-08-12T05:18:29.626+0000] {processor.py:208} INFO - Processing /home/airflow/.local/lib/python3.12/site-packages/airflow/example_dags/example_short_circuit_operator.py took 0.169 seconds
[2026-08-12T05:19:13.226+0000] {processor.py:186} INFO - Started process (PID=5763) to work on /home/airflow/.local/lib/python3.12/site-packages/airflow/example_dags/example_short_circuit_operator.py
[2026-08-12T05:19:13.238+0000] {processor.py:914} INFO - Processing file /home/airflow/.local/lib/python3.12/site-packages/airflow/example_dags/example_short_circuit_operator.py for tasks to queue
[2026-08-12T05:19:13.251+0000] {logging_mixin.py:190} INFO - [2026-08-12T05:19:13.250+0000] {dagbag.py:587} INFO - Filling up the DagBag from /home/airflow/.local/lib/python3.12/site-packages/airflow/example_dags/example_short_circuit_operator.py
[2026-08-12T05:19:13.354+0000] {processor.py:925} INFO - DAG(s) 'example_short_circuit_operator' retrieved from /home/airflow/.local/lib/python3.12/site-packages/airflow/example_dags/example_short_circuit_operator.py
[2026-08-12T05:19:13.472+0000] {logging_mixin.py:190} INFO - [2026-08-12T05:19:13.472+0000] {dag.py:3211} INFO - Sync 1 DAGs
[2026-08-12T05:19:13.575+0000] {logging_mixin.py:190} INFO - [2026-08-12T05:19:13.574+0000] {dag.py:4138} INFO - Setting next_dagrun for example_short_circuit_operator to 2026-08-11 00:00:00+00:00, run_after=2026-08-12 00:00:00+00:00
[2026-08-12T05:19:13.682+0000] {processor.py:208} INFO - Processing /home/airflow/.local/lib/python3.12/site-packages/airflow/example_dags/example_short_circuit_operator.py took 0.482 seconds
[2026-08-12T05:19:45.342+0000] {processor.py:186} INFO - Started process (PID=5826) to work on /home/airflow/.local/lib/python3.12/site-packages/airflow/example_dags/example_short_circuit_operator.py
[2026-08-12T05:19:45.377+0000] {processor.py:914} INFO - Processing file /home/airflow/.local/lib/python3.12/site-packages/airflow/example_dags/example_short_circuit_operator.py for tasks to queue
[2026-08-12T05:19:45.388+0000] {logging_mixin.py:190} INFO - [2026-08-12T05:19:45.387+0000] {dagbag.py:587} INFO - Filling up the DagBag from /home/airflow/.local/lib/python3.12/site-packages/airflow/example_dags/example_short_circuit_operator.py
[2026-08-12T05:19:45.477+0000] {processor.py:925} INFO - DAG(s) 'example_short_circuit_operator' retrieved from /home/airflow/.local/lib/python3.12/site-packages/airflow/example_dags/example_short_circuit_operator.py
[2026-08-12T05:19:45.586+0000] {logging_mixin.py:190} INFO - [2026-08-12T05:19:45.579+0000] {dag.py:3211} INFO - Sync 1 DAGs
[2026-08-12T05:19:45.687+0000] {logging_mixin.py:190} INFO - [2026-08-12T05:19:45.686+0000] {dag.py:4138} INFO - Setting next_dagrun for example_short_circuit_operator to 2026-08-11 00:00:00+00:00, run_after=2026-08-12 00:00:00+00:00
[2026-08-12T05:19:45.748+0000] {processor.py:208} INFO - Processing /home/airflow/.local/lib/python3.12/site-packages/airflow/example_dags/example_short_circuit_operator.py took 0.424 seconds
[2026-08-12T05:20:15.959+0000] {processor.py:186} INFO - Started process (PID=5889) to work on /home/airflow/.local/lib/python3.12/site-packages/airflow/example_dags/example_short_circuit_operator.py
[2026-08-12T05:20:15.963+0000] {processor.py:914} INFO - Processing file /home/airflow/.local/lib/python3.12/site-packages/airflow/example_dags/example_short_circuit_operator.py for tasks to queue
[2026-08-12T05:20:15.976+0000] {logging_mixin.py:190} INFO - [2026-08-12T05:20:15.975+0000] {dagbag.py:587} INFO - Filling up the DagBag from /home/airflow/.local/lib/python3.12/site-packages/airflow/example_dags/example_short_circuit_operator.py
[2026-08-12T05:20:16.000+0000] {processor.py:925} INFO - DAG(s) 'example_short_circuit_operator' retrieved from /home/airflow/.local/lib/python3.12/site-packages/airflow/example_dags/example_short_circuit_operator.py
[2026-08-12T05:20:16.083+0000] {logging_mixin.py:190} INFO - [2026-08-12T05:20:16.082+0000] {dag.py:3211} INFO - Sync 1 DAGs
[2026-08-12T05:20:16.211+0000] {logging_mixin.py:190} INFO - [2026-08-12T05:20:16.211+0000] {dag.py:4138} INFO - Setting next_dagrun for example_short_circuit_operator to 2026-08-11 00:00:00+00:00, run_after=2026-08-12 00:00:00+00:00
[2026-08-12T05:20:16.400+0000] {processor.py:208} INFO - Processing /home/airflow/.local/lib/python3.12/site-packages/airflow/example_dags/example_short_circuit_operator.py took 0.463 seconds
[2026-08-12T05:20:46.815+0000] {processor.py:186} INFO - Started process (PID=5951) to work on /home/airflow/.local/lib/python3.12/site-packages/airflow/example_dags/example_short_circuit_operator.py
[2026-08-12T05:20:46.818+0000] {processor.py:914} INFO - Processing file /home/airflow/.local/lib/python3.12/site-packages/airflow/example_dags/example_short_circuit_operator.py for tasks to queue
[2026-08-12T05:20:46.824+0000] {logging_mixin.py:190} INFO - [2026-08-12T05:20:46.823+0000] {dagbag.py:587} INFO - Filling up the DagBag from /home/airflow/.local/lib/python3.12/site-packages/airflow/example_dags/example_short_circuit_operator.py
[2026-08-12T05:20:46.910+0000] {processor.py:925} INFO - DAG(s) 'example_short_circuit_operator' retrieved from /home/airflow/.local/lib/python3.12/site-packages/airflow/example_dags/example_short_circuit_operator.py
[2026-08-12T05:20:47.021+0000] {logging_mixin.py:190} INFO - [2026-08-12T05:20:47.021+0000] {dag.py:3211} INFO - Sync 1 DAGs
[2026-08-12T05:20:47.125+0000] {logging_mixin.py:190} INFO - [2026-08-12T05:20:47.124+0000] {dag.py:4138} INFO - Setting next_dagrun for example_short_circuit_operator to 2026-08-11 00:00:00+00:00, run_after=2026-08-12 00:00:00+00:00
[2026-08-12T05:20:47.244+0000] {processor.py:208} INFO - Processing /home/airflow/.local/lib/python3.12/site-packages/airflow/example_dags/example_short_circuit_operator.py took 0.465 seconds
[2026-08-12T05:21:17.855+0000] {processor.py:186} INFO - Started process (PID=6015) to work on /home/airflow/.local/lib/python3.12/site-packages/airflow/example_dags/example_short_circuit_operator.py
[2026-08-12T05:21:17.857+0000] {processor.py:914} INFO - Processing file /home/airflow/.local/lib/python3.12/site-packages/airflow/example_dags/example_short_circuit_operator.py for tasks to queue
[2026-08-12T05:21:17.861+0000] {logging_mixin.py:190} INFO - [2026-08-12T05:21:17.860+0000] {dagbag.py:587} INFO - Filling up the DagBag from /home/airflow/.local/lib/python3.12/site-packages/airflow/example_dags/example_short_circuit_operator.py
[2026-08-12T05:21:17.871+0000] {processor.py:925} INFO - DAG(s) 'example_short_circuit_operator' retrieved from /home/airflow/.local/lib/python3.12/site-packages/airflow/example_dags/example_short_circuit_operator.py
[2026-08-12T05:21:17.895+0000] {logging_mixin.py:190} INFO - [2026-08-12T05:21:17.895+0000] {dag.py:3211} INFO - Sync 1 DAGs
[2026-08-12T05:21:17.918+0000] {logging_mixin.py:190} INFO - [2026-08-12T05:21:17.918+0000] {dag.py:4138} INFO - Setting next_dagrun for example_short_circuit_operator to 2026-08-11 00:00:00+00:00, run_after=2026-08-12 00:00:00+00:00
[2026-08-12T05:21:17.953+0000] {processor.py:208} INFO - Processing /home/airflow/.local/lib/python3.12/site-packages/airflow/example_dags/example_short_circuit_operator.py took 0.106 seconds
[2026-08-12T05:21:48.434+0000] {processor.py:186} INFO - Started process (PID=6081) to work on /home/airflow/.local/lib/python3.12/site-packages/airflow/example_dags/example_short_circuit_operator.py
[2026-08-12T05:21:48.436+0000] {processor.py:914} INFO - Processing file /home/airflow/.local/lib/python3.12/site-packages/airflow/example_dags/example_short_circuit_operator.py for tasks to queue
[2026-08-12T05:21:48.440+0000] {logging_mixin.py:190} INFO - [2026-08-12T05:21:48.440+0000] {dagbag.py:587} INFO - Filling up the DagBag from /home/airflow/.local/lib/python3.12/site-packages/airflow/example_dags/example_short_circuit_operator.py
[2026-08-12T05:21:48.440+0000] {processor.py:925} INFO - DAG(s) 'example_short_circuit_operator' retrieved from /home/airflow/.local/lib/python3.12/site-packages/airflow/example_dags/example_short_circuit_operator.py
[2026-08-12T05:21:48.464+0000] {logging_mixin.py:190} INFO - [2026-08-12T05:21:48.464+0000] {dag.py:3211} INFO - Sync 1 DAGs
[2026-08-12T05:21:48.488+0000] {logging_mixin.py:190} INFO - [2026-08-12T05:21:48.488+0000] {dag.py:4138} INFO - Setting next_dagrun for example_short_circuit_operator to 2026-08-11 00:00:00+00:00, run_after=2026-08-12 00:00:00+00:00
[2026-08-12T05:21:48.513+0000] {processor.py:208} INFO - Processing /home/airflow/.local/lib/python3.12/site-packages/airflow/example_dags/example_short_circuit_operator.py took 0.097 seconds
[2026-08-12T05:22:18.884+0000] {processor.py:186} INFO - Started process (PID=6144) to work on /home/airflow/.local/lib/python3.12/site-packages/airflow/example_dags/example_short_circuit_operator.py
[2026-08-12T05:22:18.886+0000] {processor.py:914} INFO - Processing file /home/airflow/.local/lib/python3.12/site-packages/airflow/example_dags/example_short_circuit_operator.py for tasks to queue
[2026-08-12T05:22:18.890+0000] {logging_mixin.py:190} INFO - [2026-08-12T05:22:18.889+0000] {dagbag.py:587} INFO - Filling up the DagBag from /home/airflow/.local/lib/python3.12/site-packages/airflow/example_dags/example_short_circuit_operator.py
[2026-08-12T05:22:18.899+0000] {processor.py:925} INFO - DAG(s) 'example_short_circuit_operator' retrieved from /home/airflow/.local/lib/python3.12/site-packages/airflow/example_dags/example_short_circuit_operator.py
[2026-08-12T05:22:18.923+0000] {logging_mixin.py:190} INFO - [2026-08-12T05:22:18.923+0000] {dag.py:3211} INFO - Sync 1 DAGs
[2026-08-12T05:22:18.948+0000] {logging_mixin.py:190} INFO - [2026-08-12T05:22:18.947+0000] {dag.py:4138} INFO - Setting next_dagrun for example_short_circuit_operator to 2026-08-11 00:00:00+00:00, run_after=2026-08-12 00:00:00+00:00
[2026-08-12T05:22:18.968+0000] {processor.py:208} INFO - Processing /home/airflow/.local/lib/python3.12/site-packages/airflow/example_dags/example_short_circuit_operator.py took 0.090 seconds
[2026-08-12T05:22:49.071+0000] {processor.py:186} INFO - Started process (PID=6207) to work on /home/airflow/.local/lib/python3.12/site-packages/airflow/example_dags/example_short_circuit_operator.py
[2026-08-12T05:22:49.072+0000] {processor.py:914} INFO - Processing file /home/airflow/.local/lib/python3.12/site-packages/airflow/example_dags/example_short_circuit_operator.py for tasks to queue
[2026-08-12T05:22:49.076+0000] {logging_mixin.py:190} INFO - [2026-08-12T05:22:49.076+0000] {dagbag.py:587} INFO - Filling up the DagBag from /home/airflow/.local/lib/python3.12/site-packages/airflow/example_dags/example_short_circuit_operator.py
[2026-08-12T05:22:49.085+0000] {processor.py:925} INFO - DAG(s) 'example_short_circuit_operator' retrieved from /home/airflow/.local/lib/python3.12/site-packages/airflow/example_dags/example_short_circuit_operator.py
[2026-08-12T05:22:49.116+0000] {logging_mixin.py:190} INFO - [2026-08-12T05:22:49.116+0000] {dag.py:3211} INFO - Sync 1 DAGs
[2026-08-12T05:22:49.145+0000] {logging_mixin.py:190} INFO - [2026-08-12T05:22:49.145+0000] {dag.py:4138} INFO - Setting next_dagrun for example_short_circuit_operator to 2026-08-11 00:00:00+00:00, run_after=2026-08-12 00:00:00+00:00
[2026-08-12T05:22:49.178+0000] {processor.py:208} INFO - Processing /home/airflow/.local/lib/python3.12/site-packages/airflow/example_dags/example_short_circuit_operator.py took 0.115 seconds
[2026-08-12T05:23:19.560+0000] {processor.py:186} INFO - Started process (PID=6272) to work on /home/airflow/.local/lib/python3.12/site-packages/airflow/example_dags/example_short_circuit_operator.py
[2026-08-12T05:23:19.562+0000] {processor.py:914} INFO - Processing file /home/airflow/.local/lib/python3.12/site-packages/airflow/example_dags/example_short_circuit_operator.py for tasks to queue
[2026-08-12T05:23:19.566+0000] {logging_mixin.py:190} INFO - [2026-08-12T05:23:19.565+0000] {dagbag.py:587} INFO - Filling up the DagBag from /home/airflow/.local/lib/python3.12/site-packages/airflow/example_dags/example_short_circuit_operator.py
[2026-08-12T05:23:19.575+0000] {processor.py:925} INFO - DAG(s) 'example_short_circuit_operator' retrieved from /home/airflow/.local/lib/python3.12/site-packages/airflow/example_dags/example_short_circuit_operator.py
[2026-08-12T05:23:19.597+0000] {logging_mixin.py:190} INFO - [2026-08-12T05:23:19.597+0000] {dag.py:3211} INFO - Sync 1 DAGs
[2026-08-12T05:23:19.621+0000] {logging_mixin.py:190} INFO - [2026-08-12T05:23:19.621+0000] {dag.py:4138} INFO - Setting next_dagrun for example_short_circuit_operator to 2026-08-11 00:00:00+00:00, run_after=2026-08-12 00:00:00+00:00
[2026-08-12T05:23:19.642+0000] {processor.py:208} INFO - Processing /home/airflow/.local/lib/python3.12/site-packages/airflow/example_dags/example_short_circuit_operator.py took 0.090 seconds
[2026-08-12T05:23:49.913+0000] {processor.py:186} INFO - Started process (PID=6336) to work on /home/airflow/.local/lib/python3.12/site-packages/airflow/example_dags/example_short_circuit_operator.py
[2026-08-12T05:23:49.915+0000] {processor.py:914} INFO - Processing file /home/airflow/.local/lib/python3.12/site-packages/airflow/example_dags/example_short_circuit_operator.py for tasks to queue
[2026-08-12T05:23:49.918+0000] {logging_mixin.py:190} INFO - [2026-08-12T05:23:49.918+0000] {dagbag.py:587} INFO - Filling up the DagBag from /home/airflow/.local/lib/python3.12/site-packages/airflow/example_dags/example_short_circuit_operator.py
[2026-08-12T05:23:49.928+0000] {processor.py:925} INFO - DAG(s) 'example_short_circuit_operator' retrieved from /home/airflow/.local/lib/python3.12/site-packages/airflow/example_dags/example_short_circuit_operator.py
[2026-08-12T05:23:49.952+0000] {logging_mixin.py:190} INFO - [2026-08-12T05:23:49.952+0000] {dag.py:3211} INFO - Sync 1 DAGs
[2026-08-12T05:23:49.978+0000] {logging_mixin.py:190} INFO - [2026-08-12T05:23:49.978+0000] {dag.py:4138} INFO - Setting next_dagrun for example_short_circuit_operator to 2026-08-11 00:00:00+00:00, run_after=2026-08-12 00:00:00+00:00
[2026-08-12T05:23:50.011+0000] {processor.py:208} INFO - Processing /home/airflow/.local/lib/python3.12/site-packages/airflow/example_dags/example_short_circuit_operator.py took 0.106 seconds
[2026-08-12T05:24:20.773+0000] {processor.py:186} INFO - Started process (PID=6399) to work on /home/airflow/.local/lib/python3.12/site-packages/airflow/example_dags/example_short_circuit_operator.py
[2026-08-12T05:24:20.775+0000] {processor.py:914} INFO - Processing file /home/airflow/.local/lib/python3.12/site-packages/airflow/example_dags/example_short_circuit_operator.py for tasks to queue
[2026-08-12T05:24:20.779+0000] {logging_mixin.py:190} INFO - [2026-08-12T05:24:20.779+0000] {dagbag.py:587} INFO - Filling up the DagBag from /home/airflow/.local/lib/python3.12/site-packages/airflow/example_dags/example_short_circuit_operator.py
[2026-08-12T05:24:20.793+0000] {processor.py:925} INFO - DAG(s) 'example_short_circuit_operator' retrieved from /home/airflow/.local/lib/python3.12/site-packages/airflow/example_dags/example_short_circuit_operator.py
[2026-08-12T05:24:20.827+0000] {logging_mixin.py:190} INFO - [2026-08-12T05:24:20.827+0000] {dag.py:3211} INFO - Sync 1 DAGs
[2026-08-12T05:24:20.865+0000] {logging_mixin.py:190} INFO - [2026-08-12T05:24:20.864+0000] {dag.py:4138} INFO - Setting next_dagrun for example_short_circuit_operator to 2026-08-11 00:00:00+00:00, run_after=2026-08-12 00:00:00+00:00
[2026-08-12T05:24:20.907+0000] {processor.py:208} INFO - Processing /home/airflow/.local/lib/python3.12/site-packages/airflow/example_dags/example_short_circuit_operator.py took 0.142 seconds
[2026-08-12T05:24:51.077+0000] {processor.py:186} INFO - Started process (PID=6462) to work on /home/airflow/.local/lib/python3.12/site-packages/airflow/example_dags/example_short_circuit_operator.py
[2026-08-12T05:24:51.078+0000] {processor.py:914} INFO - Processing file /home/airflow/.local/lib/python3.12/site-packages/airflow/example_dags/example_short_circuit_operator.py for tasks to queue
[2026-08-12T05:24:51.082+0000] {logging_mixin.py:190} INFO - [2026-08-12T05:24:51.081+0000] {dagbag.py:587} INFO - Filling up the DagBag from /home/airflow/.local/lib/python3.12/site-packages/airflow/example_dags/example_short_circuit_operator.py
[2026-08-12T05:24:51.089+0000] {processor.py:925} INFO - DAG(s) 'example_short_circuit_operator' retrieved from /home/airflow/.local/lib/python3.12/site-packages/airflow/example_dags/example_short_circuit_operator.py
[2026-08-12T05:24:51.112+0000] {logging_mixin.py:190} INFO - [2026-08-12T05:24:51.111+0000] {dag.py:3211} INFO - Sync 1 DAGs
[2026-08-12T05:24:51.133+0000] {logging_mixin.py:190} INFO - [2026-08-12T05:24:51.132+0000] {dag.py:4138} INFO - Setting next_dagrun for example_short_circuit_operator to 2026-08-11 00:00:00+00:00, run_after=2026-08-12 00:00:00+00:00
[2026-08-12T05:24:51.154+0000] {processor.py:208} INFO - Processing /home/airflow/.local/lib/python3.12/site-packages/airflow/example_dags/example_short_circuit_operator.py took 0.083 seconds
[2026-08-12T05:25:21.287+0000] {processor.py:186} INFO - Started process (PID=6526) to work on /home/airflow/.local/lib/python3.12/site-packages/airflow/example_dags/example_short_circuit_operator.py
[2026-08-12T05:25:21.289+0000] {processor.py:914} INFO - Processing file /home/airflow/.local/lib/python3.12/site-packages/airflow/example_dags/example_short_circuit_operator.py for tasks to queue
[2026-08-12T05:25:21.294+0000] {logging_mixin.py:190} INFO - [2026-08-12T05:25:21.293+0000] {dagbag.py:587} INFO - Filling up the DagBag from /home/airflow/.local/lib/python3.12/site-packages/airflow/example_dags/example_short_circuit_operator.py
[2026-08-12T05:25:21.304+0000] {processor.py:925} INFO - DAG(s) 'example_short_circuit_operator' retrieved from /home/airflow/.local/lib/python3.12/site-packages/airflow/example_dags/example_short_circuit_operator.py
[2026-08-12T05:25:21.326+0000] {logging_mixin.py:190} INFO - [2026-08-12T05:25:21.325+0000] {dag.py:3211} INFO - Sync 1 DAGs
[2026-08-12T05:25:21.347+0000] {logging_mixin.py:190} INFO - [2026-08-12T05:25:21.347+0000] {dag.py:4138} INFO - Setting next_dagrun for example_short_circuit_operator to 2026-08-11 00:00:00+00:00, run_after=2026-08-12 00:00:00+00:00
[2026-08-12T05:25:21.365+0000] {processor.py:208} INFO - Processing /home/airflow/.local/lib/python3.12/site-packages/airflow/example_dags/example_short_circuit_operator.py took 0.087 seconds
