[2026-08-12T04:30:45.602+0000] {processor.py:186} INFO - Started process (PID=73) to work on /home/airflow/.local/lib/python3.12/site-packages/airflow/example_dags/example_setup_teardown.py
[2026-08-12T04:30:45.605+0000] {processor.py:914} INFO - Processing file /home/airflow/.local/lib/python3.12/site-packages/airflow/example_dags/example_setup_teardown.py for tasks to queue
[2026-08-12T04:30:45.609+0000] {logging_mixin.py:190} INFO - [2026-08-12T04:30:45.608+0000] {dagbag.py:587} INFO - Filling up the DagBag from /home/airflow/.local/lib/python3.12/site-packages/airflow/example_dags/example_setup_teardown.py
[2026-08-12T04:30:45.626+0000] {processor.py:925} INFO - DAG(s) 'example_setup_teardown' retrieved from /home/airflow/.local/lib/python3.12/site-packages/airflow/example_dags/example_setup_teardown.py
[2026-08-12T04:30:45.789+0000] {logging_mixin.py:190} INFO - [2026-08-12T04:30:45.788+0000] {override.py:1858} INFO - Created Permission View: can edit on DAG:example_setup_teardown
[2026-08-12T04:30:45.805+0000] {logging_mixin.py:190} INFO - [2026-08-12T04:30:45.804+0000] {override.py:1858} INFO - Created Permission View: can delete on DAG:example_setup_teardown
[2026-08-12T04:30:45.815+0000] {logging_mixin.py:190} INFO - [2026-08-12T04:30:45.815+0000] {override.py:1858} INFO - Created Permission View: can read on DAG:example_setup_teardown
[2026-08-12T04:30:45.818+0000] {logging_mixin.py:190} INFO - [2026-08-12T04:30:45.817+0000] {dag.py:3211} INFO - Sync 1 DAGs
[2026-08-12T04:30:45.841+0000] {logging_mixin.py:190} INFO - [2026-08-12T04:30:45.840+0000] {dag.py:3234} INFO - Creating ORM DAG for example_setup_teardown
[2026-08-12T04:30:45.856+0000] {logging_mixin.py:190} INFO - [2026-08-12T04:30:45.855+0000] {dag.py:4138} INFO - Setting next_dagrun for example_setup_teardown to 2026-08-11 00:00:00+00:00, run_after=2026-08-12 00:00:00+00:00
[2026-08-12T04:30:45.880+0000] {processor.py:208} INFO - Processing /home/airflow/.local/lib/python3.12/site-packages/airflow/example_dags/example_setup_teardown.py took 0.286 seconds
[2026-08-12T04:31:15.944+0000] {processor.py:186} INFO - Started process (PID=134) to work on /home/airflow/.local/lib/python3.12/site-packages/airflow/example_dags/example_setup_teardown.py
[2026-08-12T04:31:15.946+0000] {processor.py:914} INFO - Processing file /home/airflow/.local/lib/python3.12/site-packages/airflow/example_dags/example_setup_teardown.py for tasks to queue
[2026-08-12T04:31:15.949+0000] {logging_mixin.py:190} INFO - [2026-08-12T04:31:15.949+0000] {dagbag.py:587} INFO - Filling up the DagBag from /home/airflow/.local/lib/python3.12/site-packages/airflow/example_dags/example_setup_teardown.py
[2026-08-12T04:31:15.961+0000] {processor.py:925} INFO - DAG(s) 'example_setup_teardown' retrieved from /home/airflow/.local/lib/python3.12/site-packages/airflow/example_dags/example_setup_teardown.py
[2026-08-12T04:31:15.983+0000] {logging_mixin.py:190} INFO - [2026-08-12T04:31:15.983+0000] {dag.py:3211} INFO - Sync 1 DAGs
[2026-08-12T04:31:16.008+0000] {logging_mixin.py:190} INFO - [2026-08-12T04:31:16.008+0000] {dag.py:4138} INFO - Setting next_dagrun for example_setup_teardown to 2026-08-11 00:00:00+00:00, run_after=2026-08-12 00:00:00+00:00
[2026-08-12T04:31:16.028+0000] {processor.py:208} INFO - Processing /home/airflow/.local/lib/python3.12/site-packages/airflow/example_dags/example_setup_teardown.py took 0.092 seconds
[2026-08-12T04:31:47.005+0000] {processor.py:186} INFO - Started process (PID=196) to work on /home/airflow/.local/lib/python3.12/site-packages/airflow/example_dags/example_setup_teardown.py
[2026-08-12T04:31:47.007+0000] {processor.py:914} INFO - Processing file /home/airflow/.local/lib/python3.12/site-packages/airflow/example_dags/example_setup_teardown.py for tasks to queue
[2026-08-12T04:31:47.010+0000] {logging_mixin.py:190} INFO - [2026-08-12T04:31:47.010+0000] {dagbag.py:587} INFO - Filling up the DagBag from /home/airflow/.local/lib/python3.12/site-packages/airflow/example_dags/example_setup_teardown.py
[2026-08-12T04:31:47.019+0000] {processor.py:925} INFO - DAG(s) 'example_setup_teardown' retrieved from /home/airflow/.local/lib/python3.12/site-packages/airflow/example_dags/example_setup_teardown.py
[2026-08-12T04:31:47.048+0000] {logging_mixin.py:190} INFO - [2026-08-12T04:31:47.047+0000] {dag.py:3211} INFO - Sync 1 DAGs
[2026-08-12T04:31:47.075+0000] {logging_mixin.py:190} INFO - [2026-08-12T04:31:47.075+0000] {dag.py:4138} INFO - Setting next_dagrun for example_setup_teardown to 2026-08-11 00:00:00+00:00, run_after=2026-08-12 00:00:00+00:00
[2026-08-12T04:31:47.106+0000] {processor.py:208} INFO - Processing /home/airflow/.local/lib/python3.12/site-packages/airflow/example_dags/example_setup_teardown.py took 0.106 seconds
[2026-08-12T04:33:00.239+0000] {processor.py:186} INFO - Started process (PID=70) to work on /home/airflow/.local/lib/python3.12/site-packages/airflow/example_dags/example_setup_teardown.py
[2026-08-12T04:33:00.246+0000] {processor.py:914} INFO - Processing file /home/airflow/.local/lib/python3.12/site-packages/airflow/example_dags/example_setup_teardown.py for tasks to queue
[2026-08-12T04:33:00.263+0000] {logging_mixin.py:190} INFO - [2026-08-12T04:33:00.262+0000] {dagbag.py:587} INFO - Filling up the DagBag from /home/airflow/.local/lib/python3.12/site-packages/airflow/example_dags/example_setup_teardown.py
[2026-08-12T04:33:00.287+0000] {processor.py:925} INFO - DAG(s) 'example_setup_teardown' retrieved from /home/airflow/.local/lib/python3.12/site-packages/airflow/example_dags/example_setup_teardown.py
[2026-08-12T04:33:00.366+0000] {logging_mixin.py:190} INFO - [2026-08-12T04:33:00.365+0000] {dag.py:3211} INFO - Sync 1 DAGs
[2026-08-12T04:33:00.470+0000] {logging_mixin.py:190} INFO - [2026-08-12T04:33:00.470+0000] {dag.py:4138} INFO - Setting next_dagrun for example_setup_teardown to 2026-08-11 00:00:00+00:00, run_after=2026-08-12 00:00:00+00:00
[2026-08-12T04:33:00.542+0000] {processor.py:208} INFO - Processing /home/airflow/.local/lib/python3.12/site-packages/airflow/example_dags/example_setup_teardown.py took 0.326 seconds
[2026-08-12T04:33:30.947+0000] {processor.py:186} INFO - Started process (PID=131) to work on /home/airflow/.local/lib/python3.12/site-packages/airflow/example_dags/example_setup_teardown.py
[2026-08-12T04:33:30.949+0000] {processor.py:914} INFO - Processing file /home/airflow/.local/lib/python3.12/site-packages/airflow/example_dags/example_setup_teardown.py for tasks to queue
[2026-08-12T04:33:30.951+0000] {logging_mixin.py:190} INFO - [2026-08-12T04:33:30.951+0000] {dagbag.py:587} INFO - Filling up the DagBag from /home/airflow/.local/lib/python3.12/site-packages/airflow/example_dags/example_setup_teardown.py
[2026-08-12T04:33:30.960+0000] {processor.py:925} INFO - DAG(s) 'example_setup_teardown' retrieved from /home/airflow/.local/lib/python3.12/site-packages/airflow/example_dags/example_setup_teardown.py
[2026-08-12T04:33:30.981+0000] {logging_mixin.py:190} INFO - [2026-08-12T04:33:30.980+0000] {dag.py:3211} INFO - Sync 1 DAGs
[2026-08-12T04:33:31.001+0000] {logging_mixin.py:190} INFO - [2026-08-12T04:33:31.001+0000] {dag.py:4138} INFO - Setting next_dagrun for example_setup_teardown to 2026-08-11 00:00:00+00:00, run_after=2026-08-12 00:00:00+00:00
[2026-08-12T04:33:31.019+0000] {processor.py:208} INFO - Processing /home/airflow/.local/lib/python3.12/site-packages/airflow/example_dags/example_setup_teardown.py took 0.077 seconds
[2026-08-12T04:34:01.121+0000] {processor.py:186} INFO - Started process (PID=193) to work on /home/airflow/.local/lib/python3.12/site-packages/airflow/example_dags/example_setup_teardown.py
[2026-08-12T04:34:01.123+0000] {processor.py:914} INFO - Processing file /home/airflow/.local/lib/python3.12/site-packages/airflow/example_dags/example_setup_teardown.py for tasks to queue
[2026-08-12T04:34:01.127+0000] {logging_mixin.py:190} INFO - [2026-08-12T04:34:01.126+0000] {dagbag.py:587} INFO - Filling up the DagBag from /home/airflow/.local/lib/python3.12/site-packages/airflow/example_dags/example_setup_teardown.py
[2026-08-12T04:34:01.138+0000] {processor.py:925} INFO - DAG(s) 'example_setup_teardown' retrieved from /home/airflow/.local/lib/python3.12/site-packages/airflow/example_dags/example_setup_teardown.py
[2026-08-12T04:34:01.165+0000] {logging_mixin.py:190} INFO - [2026-08-12T04:34:01.164+0000] {dag.py:3211} INFO - Sync 1 DAGs
[2026-08-12T04:34:01.192+0000] {logging_mixin.py:190} INFO - [2026-08-12T04:34:01.191+0000] {dag.py:4138} INFO - Setting next_dagrun for example_setup_teardown to 2026-08-11 00:00:00+00:00, run_after=2026-08-12 00:00:00+00:00
[2026-08-12T04:34:01.215+0000] {processor.py:208} INFO - Processing /home/airflow/.local/lib/python3.12/site-packages/airflow/example_dags/example_setup_teardown.py took 0.101 seconds
[2026-08-12T04:34:31.719+0000] {processor.py:186} INFO - Started process (PID=255) to work on /home/airflow/.local/lib/python3.12/site-packages/airflow/example_dags/example_setup_teardown.py
[2026-08-12T04:34:31.722+0000] {processor.py:914} INFO - Processing file /home/airflow/.local/lib/python3.12/site-packages/airflow/example_dags/example_setup_teardown.py for tasks to queue
[2026-08-12T04:34:31.725+0000] {logging_mixin.py:190} INFO - [2026-08-12T04:34:31.725+0000] {dagbag.py:587} INFO - Filling up the DagBag from /home/airflow/.local/lib/python3.12/site-packages/airflow/example_dags/example_setup_teardown.py
[2026-08-12T04:34:31.736+0000] {processor.py:925} INFO - DAG(s) 'example_setup_teardown' retrieved from /home/airflow/.local/lib/python3.12/site-packages/airflow/example_dags/example_setup_teardown.py
[2026-08-12T04:34:31.760+0000] {logging_mixin.py:190} INFO - [2026-08-12T04:34:31.760+0000] {dag.py:3211} INFO - Sync 1 DAGs
[2026-08-12T04:34:31.789+0000] {logging_mixin.py:190} INFO - [2026-08-12T04:34:31.788+0000] {dag.py:4138} INFO - Setting next_dagrun for example_setup_teardown to 2026-08-11 00:00:00+00:00, run_after=2026-08-12 00:00:00+00:00
[2026-08-12T04:34:31.812+0000] {processor.py:208} INFO - Processing /home/airflow/.local/lib/python3.12/site-packages/airflow/example_dags/example_setup_teardown.py took 0.099 seconds
[2026-08-12T04:35:01.925+0000] {processor.py:186} INFO - Started process (PID=317) to work on /home/airflow/.local/lib/python3.12/site-packages/airflow/example_dags/example_setup_teardown.py
[2026-08-12T04:35:01.926+0000] {processor.py:914} INFO - Processing file /home/airflow/.local/lib/python3.12/site-packages/airflow/example_dags/example_setup_teardown.py for tasks to queue
[2026-08-12T04:35:01.929+0000] {logging_mixin.py:190} INFO - [2026-08-12T04:35:01.929+0000] {dagbag.py:587} INFO - Filling up the DagBag from /home/airflow/.local/lib/python3.12/site-packages/airflow/example_dags/example_setup_teardown.py
[2026-08-12T04:35:01.937+0000] {processor.py:925} INFO - DAG(s) 'example_setup_teardown' retrieved from /home/airflow/.local/lib/python3.12/site-packages/airflow/example_dags/example_setup_teardown.py
[2026-08-12T04:35:01.960+0000] {logging_mixin.py:190} INFO - [2026-08-12T04:35:01.960+0000] {dag.py:3211} INFO - Sync 1 DAGs
[2026-08-12T04:35:01.989+0000] {logging_mixin.py:190} INFO - [2026-08-12T04:35:01.988+0000] {dag.py:4138} INFO - Setting next_dagrun for example_setup_teardown to 2026-08-11 00:00:00+00:00, run_after=2026-08-12 00:00:00+00:00
[2026-08-12T04:35:02.014+0000] {processor.py:208} INFO - Processing /home/airflow/.local/lib/python3.12/site-packages/airflow/example_dags/example_setup_teardown.py took 0.095 seconds
[2026-08-12T04:35:32.256+0000] {processor.py:186} INFO - Started process (PID=379) to work on /home/airflow/.local/lib/python3.12/site-packages/airflow/example_dags/example_setup_teardown.py
[2026-08-12T04:35:32.257+0000] {processor.py:914} INFO - Processing file /home/airflow/.local/lib/python3.12/site-packages/airflow/example_dags/example_setup_teardown.py for tasks to queue
[2026-08-12T04:35:32.261+0000] {logging_mixin.py:190} INFO - [2026-08-12T04:35:32.261+0000] {dagbag.py:587} INFO - Filling up the DagBag from /home/airflow/.local/lib/python3.12/site-packages/airflow/example_dags/example_setup_teardown.py
[2026-08-12T04:35:32.272+0000] {processor.py:925} INFO - DAG(s) 'example_setup_teardown' retrieved from /home/airflow/.local/lib/python3.12/site-packages/airflow/example_dags/example_setup_teardown.py
[2026-08-12T04:35:32.294+0000] {logging_mixin.py:190} INFO - [2026-08-12T04:35:32.294+0000] {dag.py:3211} INFO - Sync 1 DAGs
[2026-08-12T04:35:32.321+0000] {logging_mixin.py:190} INFO - [2026-08-12T04:35:32.321+0000] {dag.py:4138} INFO - Setting next_dagrun for example_setup_teardown to 2026-08-11 00:00:00+00:00, run_after=2026-08-12 00:00:00+00:00
[2026-08-12T04:35:32.344+0000] {processor.py:208} INFO - Processing /home/airflow/.local/lib/python3.12/site-packages/airflow/example_dags/example_setup_teardown.py took 0.094 seconds
[2026-08-12T04:36:02.664+0000] {processor.py:186} INFO - Started process (PID=441) to work on /home/airflow/.local/lib/python3.12/site-packages/airflow/example_dags/example_setup_teardown.py
[2026-08-12T04:36:02.666+0000] {processor.py:914} INFO - Processing file /home/airflow/.local/lib/python3.12/site-packages/airflow/example_dags/example_setup_teardown.py for tasks to queue
[2026-08-12T04:36:02.669+0000] {logging_mixin.py:190} INFO - [2026-08-12T04:36:02.669+0000] {dagbag.py:587} INFO - Filling up the DagBag from /home/airflow/.local/lib/python3.12/site-packages/airflow/example_dags/example_setup_teardown.py
[2026-08-12T04:36:02.679+0000] {processor.py:925} INFO - DAG(s) 'example_setup_teardown' retrieved from /home/airflow/.local/lib/python3.12/site-packages/airflow/example_dags/example_setup_teardown.py
[2026-08-12T04:36:02.702+0000] {logging_mixin.py:190} INFO - [2026-08-12T04:36:02.702+0000] {dag.py:3211} INFO - Sync 1 DAGs
[2026-08-12T04:36:02.726+0000] {logging_mixin.py:190} INFO - [2026-08-12T04:36:02.725+0000] {dag.py:4138} INFO - Setting next_dagrun for example_setup_teardown to 2026-08-11 00:00:00+00:00, run_after=2026-08-12 00:00:00+00:00
[2026-08-12T04:36:02.748+0000] {processor.py:208} INFO - Processing /home/airflow/.local/lib/python3.12/site-packages/airflow/example_dags/example_setup_teardown.py took 0.091 seconds
[2026-08-12T04:36:32.959+0000] {processor.py:186} INFO - Started process (PID=503) to work on /home/airflow/.local/lib/python3.12/site-packages/airflow/example_dags/example_setup_teardown.py
[2026-08-12T04:36:32.961+0000] {processor.py:914} INFO - Processing file /home/airflow/.local/lib/python3.12/site-packages/airflow/example_dags/example_setup_teardown.py for tasks to queue
[2026-08-12T04:36:32.964+0000] {logging_mixin.py:190} INFO - [2026-08-12T04:36:32.964+0000] {dagbag.py:587} INFO - Filling up the DagBag from /home/airflow/.local/lib/python3.12/site-packages/airflow/example_dags/example_setup_teardown.py
[2026-08-12T04:36:32.975+0000] {processor.py:925} INFO - DAG(s) 'example_setup_teardown' retrieved from /home/airflow/.local/lib/python3.12/site-packages/airflow/example_dags/example_setup_teardown.py
[2026-08-12T04:36:32.997+0000] {logging_mixin.py:190} INFO - [2026-08-12T04:36:32.997+0000] {dag.py:3211} INFO - Sync 1 DAGs
[2026-08-12T04:36:33.021+0000] {logging_mixin.py:190} INFO - [2026-08-12T04:36:33.021+0000] {dag.py:4138} INFO - Setting next_dagrun for example_setup_teardown to 2026-08-11 00:00:00+00:00, run_after=2026-08-12 00:00:00+00:00
[2026-08-12T04:36:33.046+0000] {processor.py:208} INFO - Processing /home/airflow/.local/lib/python3.12/site-packages/airflow/example_dags/example_setup_teardown.py took 0.095 seconds
[2026-08-12T04:37:03.516+0000] {processor.py:186} INFO - Started process (PID=565) to work on /home/airflow/.local/lib/python3.12/site-packages/airflow/example_dags/example_setup_teardown.py
[2026-08-12T04:37:03.517+0000] {processor.py:914} INFO - Processing file /home/airflow/.local/lib/python3.12/site-packages/airflow/example_dags/example_setup_teardown.py for tasks to queue
[2026-08-12T04:37:03.520+0000] {logging_mixin.py:190} INFO - [2026-08-12T04:37:03.520+0000] {dagbag.py:587} INFO - Filling up the DagBag from /home/airflow/.local/lib/python3.12/site-packages/airflow/example_dags/example_setup_teardown.py
[2026-08-12T04:37:03.531+0000] {processor.py:925} INFO - DAG(s) 'example_setup_teardown' retrieved from /home/airflow/.local/lib/python3.12/site-packages/airflow/example_dags/example_setup_teardown.py
[2026-08-12T04:37:03.553+0000] {logging_mixin.py:190} INFO - [2026-08-12T04:37:03.553+0000] {dag.py:3211} INFO - Sync 1 DAGs
[2026-08-12T04:37:03.579+0000] {logging_mixin.py:190} INFO - [2026-08-12T04:37:03.579+0000] {dag.py:4138} INFO - Setting next_dagrun for example_setup_teardown to 2026-08-11 00:00:00+00:00, run_after=2026-08-12 00:00:00+00:00
[2026-08-12T04:37:03.600+0000] {processor.py:208} INFO - Processing /home/airflow/.local/lib/python3.12/site-packages/airflow/example_dags/example_setup_teardown.py took 0.090 seconds
[2026-08-12T04:37:34.179+0000] {processor.py:186} INFO - Started process (PID=627) to work on /home/airflow/.local/lib/python3.12/site-packages/airflow/example_dags/example_setup_teardown.py
[2026-08-12T04:37:34.181+0000] {processor.py:914} INFO - Processing file /home/airflow/.local/lib/python3.12/site-packages/airflow/example_dags/example_setup_teardown.py for tasks to queue
[2026-08-12T04:37:34.184+0000] {logging_mixin.py:190} INFO - [2026-08-12T04:37:34.184+0000] {dagbag.py:587} INFO - Filling up the DagBag from /home/airflow/.local/lib/python3.12/site-packages/airflow/example_dags/example_setup_teardown.py
[2026-08-12T04:37:34.196+0000] {processor.py:925} INFO - DAG(s) 'example_setup_teardown' retrieved from /home/airflow/.local/lib/python3.12/site-packages/airflow/example_dags/example_setup_teardown.py
[2026-08-12T04:37:34.219+0000] {logging_mixin.py:190} INFO - [2026-08-12T04:37:34.219+0000] {dag.py:3211} INFO - Sync 1 DAGs
[2026-08-12T04:37:34.257+0000] {logging_mixin.py:190} INFO - [2026-08-12T04:37:34.255+0000] {dag.py:4138} INFO - Setting next_dagrun for example_setup_teardown to 2026-08-11 00:00:00+00:00, run_after=2026-08-12 00:00:00+00:00
[2026-08-12T04:37:34.283+0000] {processor.py:208} INFO - Processing /home/airflow/.local/lib/python3.12/site-packages/airflow/example_dags/example_setup_teardown.py took 0.112 seconds
[2026-08-12T04:38:04.830+0000] {processor.py:186} INFO - Started process (PID=689) to work on /home/airflow/.local/lib/python3.12/site-packages/airflow/example_dags/example_setup_teardown.py
[2026-08-12T04:38:04.831+0000] {processor.py:914} INFO - Processing file /home/airflow/.local/lib/python3.12/site-packages/airflow/example_dags/example_setup_teardown.py for tasks to queue
[2026-08-12T04:38:04.834+0000] {logging_mixin.py:190} INFO - [2026-08-12T04:38:04.834+0000] {dagbag.py:587} INFO - Filling up the DagBag from /home/airflow/.local/lib/python3.12/site-packages/airflow/example_dags/example_setup_teardown.py
[2026-08-12T04:38:04.843+0000] {processor.py:925} INFO - DAG(s) 'example_setup_teardown' retrieved from /home/airflow/.local/lib/python3.12/site-packages/airflow/example_dags/example_setup_teardown.py
[2026-08-12T04:38:04.868+0000] {logging_mixin.py:190} INFO - [2026-08-12T04:38:04.868+0000] {dag.py:3211} INFO - Sync 1 DAGs
[2026-08-12T04:38:04.896+0000] {logging_mixin.py:190} INFO - [2026-08-12T04:38:04.895+0000] {dag.py:4138} INFO - Setting next_dagrun for example_setup_teardown to 2026-08-11 00:00:00+00:00, run_after=2026-08-12 00:00:00+00:00
[2026-08-12T04:38:04.920+0000] {processor.py:208} INFO - Processing /home/airflow/.local/lib/python3.12/site-packages/airflow/example_dags/example_setup_teardown.py took 0.098 seconds
[2026-08-12T04:38:35.024+0000] {processor.py:186} INFO - Started process (PID=751) to work on /home/airflow/.local/lib/python3.12/site-packages/airflow/example_dags/example_setup_teardown.py
[2026-08-12T04:38:35.026+0000] {processor.py:914} INFO - Processing file /home/airflow/.local/lib/python3.12/site-packages/airflow/example_dags/example_setup_teardown.py for tasks to queue
[2026-08-12T04:38:35.029+0000] {logging_mixin.py:190} INFO - [2026-08-12T04:38:35.029+0000] {dagbag.py:587} INFO - Filling up the DagBag from /home/airflow/.local/lib/python3.12/site-packages/airflow/example_dags/example_setup_teardown.py
[2026-08-12T04:38:35.039+0000] {processor.py:925} INFO - DAG(s) 'example_setup_teardown' retrieved from /home/airflow/.local/lib/python3.12/site-packages/airflow/example_dags/example_setup_teardown.py
[2026-08-12T04:38:35.066+0000] {logging_mixin.py:190} INFO - [2026-08-12T04:38:35.065+0000] {dag.py:3211} INFO - Sync 1 DAGs
[2026-08-12T04:38:35.093+0000] {logging_mixin.py:190} INFO - [2026-08-12T04:38:35.092+0000] {dag.py:4138} INFO - Setting next_dagrun for example_setup_teardown to 2026-08-11 00:00:00+00:00, run_after=2026-08-12 00:00:00+00:00
[2026-08-12T04:38:35.118+0000] {processor.py:208} INFO - Processing /home/airflow/.local/lib/python3.12/site-packages/airflow/example_dags/example_setup_teardown.py took 0.101 seconds
[2026-08-12T04:39:05.506+0000] {processor.py:186} INFO - Started process (PID=813) to work on /home/airflow/.local/lib/python3.12/site-packages/airflow/example_dags/example_setup_teardown.py
[2026-08-12T04:39:05.507+0000] {processor.py:914} INFO - Processing file /home/airflow/.local/lib/python3.12/site-packages/airflow/example_dags/example_setup_teardown.py for tasks to queue
[2026-08-12T04:39:05.511+0000] {logging_mixin.py:190} INFO - [2026-08-12T04:39:05.510+0000] {dagbag.py:587} INFO - Filling up the DagBag from /home/airflow/.local/lib/python3.12/site-packages/airflow/example_dags/example_setup_teardown.py
[2026-08-12T04:39:05.519+0000] {processor.py:925} INFO - DAG(s) 'example_setup_teardown' retrieved from /home/airflow/.local/lib/python3.12/site-packages/airflow/example_dags/example_setup_teardown.py
[2026-08-12T04:39:05.539+0000] {logging_mixin.py:190} INFO - [2026-08-12T04:39:05.538+0000] {dag.py:3211} INFO - Sync 1 DAGs
[2026-08-12T04:39:05.567+0000] {logging_mixin.py:190} INFO - [2026-08-12T04:39:05.567+0000] {dag.py:4138} INFO - Setting next_dagrun for example_setup_teardown to 2026-08-11 00:00:00+00:00, run_after=2026-08-12 00:00:00+00:00
[2026-08-12T04:39:05.593+0000] {processor.py:208} INFO - Processing /home/airflow/.local/lib/python3.12/site-packages/airflow/example_dags/example_setup_teardown.py took 0.093 seconds
[2026-08-12T04:39:36.360+0000] {processor.py:186} INFO - Started process (PID=875) to work on /home/airflow/.local/lib/python3.12/site-packages/airflow/example_dags/example_setup_teardown.py
[2026-08-12T04:39:36.361+0000] {processor.py:914} INFO - Processing file /home/airflow/.local/lib/python3.12/site-packages/airflow/example_dags/example_setup_teardown.py for tasks to queue
[2026-08-12T04:39:36.365+0000] {logging_mixin.py:190} INFO - [2026-08-12T04:39:36.364+0000] {dagbag.py:587} INFO - Filling up the DagBag from /home/airflow/.local/lib/python3.12/site-packages/airflow/example_dags/example_setup_teardown.py
[2026-08-12T04:39:36.377+0000] {processor.py:925} INFO - DAG(s) 'example_setup_teardown' retrieved from /home/airflow/.local/lib/python3.12/site-packages/airflow/example_dags/example_setup_teardown.py
[2026-08-12T04:39:36.410+0000] {logging_mixin.py:190} INFO - [2026-08-12T04:39:36.409+0000] {dag.py:3211} INFO - Sync 1 DAGs
[2026-08-12T04:39:36.440+0000] {logging_mixin.py:190} INFO - [2026-08-12T04:39:36.440+0000] {dag.py:4138} INFO - Setting next_dagrun for example_setup_teardown to 2026-08-11 00:00:00+00:00, run_after=2026-08-12 00:00:00+00:00
[2026-08-12T04:39:36.464+0000] {processor.py:208} INFO - Processing /home/airflow/.local/lib/python3.12/site-packages/airflow/example_dags/example_setup_teardown.py took 0.111 seconds
[2026-08-12T04:40:06.622+0000] {processor.py:186} INFO - Started process (PID=937) to work on /home/airflow/.local/lib/python3.12/site-packages/airflow/example_dags/example_setup_teardown.py
[2026-08-12T04:40:06.624+0000] {processor.py:914} INFO - Processing file /home/airflow/.local/lib/python3.12/site-packages/airflow/example_dags/example_setup_teardown.py for tasks to queue
[2026-08-12T04:40:06.629+0000] {logging_mixin.py:190} INFO - [2026-08-12T04:40:06.629+0000] {dagbag.py:587} INFO - Filling up the DagBag from /home/airflow/.local/lib/python3.12/site-packages/airflow/example_dags/example_setup_teardown.py
[2026-08-12T04:40:06.642+0000] {processor.py:925} INFO - DAG(s) 'example_setup_teardown' retrieved from /home/airflow/.local/lib/python3.12/site-packages/airflow/example_dags/example_setup_teardown.py
[2026-08-12T04:40:06.673+0000] {logging_mixin.py:190} INFO - [2026-08-12T04:40:06.673+0000] {dag.py:3211} INFO - Sync 1 DAGs
[2026-08-12T04:40:06.711+0000] {logging_mixin.py:190} INFO - [2026-08-12T04:40:06.711+0000] {dag.py:4138} INFO - Setting next_dagrun for example_setup_teardown to 2026-08-11 00:00:00+00:00, run_after=2026-08-12 00:00:00+00:00
[2026-08-12T04:40:06.740+0000] {processor.py:208} INFO - Processing /home/airflow/.local/lib/python3.12/site-packages/airflow/example_dags/example_setup_teardown.py took 0.123 seconds
[2026-08-12T04:40:37.515+0000] {processor.py:186} INFO - Started process (PID=999) to work on /home/airflow/.local/lib/python3.12/site-packages/airflow/example_dags/example_setup_teardown.py
[2026-08-12T04:40:37.517+0000] {processor.py:914} INFO - Processing file /home/airflow/.local/lib/python3.12/site-packages/airflow/example_dags/example_setup_teardown.py for tasks to queue
[2026-08-12T04:40:37.520+0000] {logging_mixin.py:190} INFO - [2026-08-12T04:40:37.520+0000] {dagbag.py:587} INFO - Filling up the DagBag from /home/airflow/.local/lib/python3.12/site-packages/airflow/example_dags/example_setup_teardown.py
[2026-08-12T04:40:37.531+0000] {processor.py:925} INFO - DAG(s) 'example_setup_teardown' retrieved from /home/airflow/.local/lib/python3.12/site-packages/airflow/example_dags/example_setup_teardown.py
[2026-08-12T04:40:37.557+0000] {logging_mixin.py:190} INFO - [2026-08-12T04:40:37.557+0000] {dag.py:3211} INFO - Sync 1 DAGs
[2026-08-12T04:40:37.587+0000] {logging_mixin.py:190} INFO - [2026-08-12T04:40:37.587+0000] {dag.py:4138} INFO - Setting next_dagrun for example_setup_teardown to 2026-08-11 00:00:00+00:00, run_after=2026-08-12 00:00:00+00:00
[2026-08-12T04:40:37.607+0000] {processor.py:208} INFO - Processing /home/airflow/.local/lib/python3.12/site-packages/airflow/example_dags/example_setup_teardown.py took 0.099 seconds
[2026-08-12T04:41:07.854+0000] {processor.py:186} INFO - Started process (PID=1061) to work on /home/airflow/.local/lib/python3.12/site-packages/airflow/example_dags/example_setup_teardown.py
[2026-08-12T04:41:07.856+0000] {processor.py:914} INFO - Processing file /home/airflow/.local/lib/python3.12/site-packages/airflow/example_dags/example_setup_teardown.py for tasks to queue
[2026-08-12T04:41:07.859+0000] {logging_mixin.py:190} INFO - [2026-08-12T04:41:07.859+0000] {dagbag.py:587} INFO - Filling up the DagBag from /home/airflow/.local/lib/python3.12/site-packages/airflow/example_dags/example_setup_teardown.py
[2026-08-12T04:41:07.868+0000] {processor.py:925} INFO - DAG(s) 'example_setup_teardown' retrieved from /home/airflow/.local/lib/python3.12/site-packages/airflow/example_dags/example_setup_teardown.py
[2026-08-12T04:41:07.888+0000] {logging_mixin.py:190} INFO - [2026-08-12T04:41:07.887+0000] {dag.py:3211} INFO - Sync 1 DAGs
[2026-08-12T04:41:07.912+0000] {logging_mixin.py:190} INFO - [2026-08-12T04:41:07.912+0000] {dag.py:4138} INFO - Setting next_dagrun for example_setup_teardown to 2026-08-11 00:00:00+00:00, run_after=2026-08-12 00:00:00+00:00
[2026-08-12T04:41:07.932+0000] {processor.py:208} INFO - Processing /home/airflow/.local/lib/python3.12/site-packages/airflow/example_dags/example_setup_teardown.py took 0.083 seconds
[2026-08-12T04:41:38.545+0000] {processor.py:186} INFO - Started process (PID=1123) to work on /home/airflow/.local/lib/python3.12/site-packages/airflow/example_dags/example_setup_teardown.py
[2026-08-12T04:41:38.549+0000] {processor.py:914} INFO - Processing file /home/airflow/.local/lib/python3.12/site-packages/airflow/example_dags/example_setup_teardown.py for tasks to queue
[2026-08-12T04:41:38.552+0000] {logging_mixin.py:190} INFO - [2026-08-12T04:41:38.551+0000] {dagbag.py:587} INFO - Filling up the DagBag from /home/airflow/.local/lib/python3.12/site-packages/airflow/example_dags/example_setup_teardown.py
[2026-08-12T04:41:38.561+0000] {processor.py:925} INFO - DAG(s) 'example_setup_teardown' retrieved from /home/airflow/.local/lib/python3.12/site-packages/airflow/example_dags/example_setup_teardown.py
[2026-08-12T04:41:38.581+0000] {logging_mixin.py:190} INFO - [2026-08-12T04:41:38.581+0000] {dag.py:3211} INFO - Sync 1 DAGs
[2026-08-12T04:41:38.603+0000] {logging_mixin.py:190} INFO - [2026-08-12T04:41:38.602+0000] {dag.py:4138} INFO - Setting next_dagrun for example_setup_teardown to 2026-08-11 00:00:00+00:00, run_after=2026-08-12 00:00:00+00:00
[2026-08-12T04:41:38.622+0000] {processor.py:208} INFO - Processing /home/airflow/.local/lib/python3.12/site-packages/airflow/example_dags/example_setup_teardown.py took 0.082 seconds
[2026-08-12T04:42:09.035+0000] {processor.py:186} INFO - Started process (PID=1185) to work on /home/airflow/.local/lib/python3.12/site-packages/airflow/example_dags/example_setup_teardown.py
[2026-08-12T04:42:09.037+0000] {processor.py:914} INFO - Processing file /home/airflow/.local/lib/python3.12/site-packages/airflow/example_dags/example_setup_teardown.py for tasks to queue
[2026-08-12T04:42:09.041+0000] {logging_mixin.py:190} INFO - [2026-08-12T04:42:09.040+0000] {dagbag.py:587} INFO - Filling up the DagBag from /home/airflow/.local/lib/python3.12/site-packages/airflow/example_dags/example_setup_teardown.py
[2026-08-12T04:42:09.050+0000] {processor.py:925} INFO - DAG(s) 'example_setup_teardown' retrieved from /home/airflow/.local/lib/python3.12/site-packages/airflow/example_dags/example_setup_teardown.py
[2026-08-12T04:42:09.077+0000] {logging_mixin.py:190} INFO - [2026-08-12T04:42:09.076+0000] {dag.py:3211} INFO - Sync 1 DAGs
[2026-08-12T04:42:09.117+0000] {logging_mixin.py:190} INFO - [2026-08-12T04:42:09.117+0000] {dag.py:4138} INFO - Setting next_dagrun for example_setup_teardown to 2026-08-11 00:00:00+00:00, run_after=2026-08-12 00:00:00+00:00
[2026-08-12T04:42:09.142+0000] {processor.py:208} INFO - Processing /home/airflow/.local/lib/python3.12/site-packages/airflow/example_dags/example_setup_teardown.py took 0.115 seconds
[2026-08-12T04:42:39.371+0000] {processor.py:186} INFO - Started process (PID=1247) to work on /home/airflow/.local/lib/python3.12/site-packages/airflow/example_dags/example_setup_teardown.py
[2026-08-12T04:42:39.373+0000] {processor.py:914} INFO - Processing file /home/airflow/.local/lib/python3.12/site-packages/airflow/example_dags/example_setup_teardown.py for tasks to queue
[2026-08-12T04:42:39.377+0000] {logging_mixin.py:190} INFO - [2026-08-12T04:42:39.376+0000] {dagbag.py:587} INFO - Filling up the DagBag from /home/airflow/.local/lib/python3.12/site-packages/airflow/example_dags/example_setup_teardown.py
[2026-08-12T04:42:39.385+0000] {processor.py:925} INFO - DAG(s) 'example_setup_teardown' retrieved from /home/airflow/.local/lib/python3.12/site-packages/airflow/example_dags/example_setup_teardown.py
[2026-08-12T04:42:39.405+0000] {logging_mixin.py:190} INFO - [2026-08-12T04:42:39.404+0000] {dag.py:3211} INFO - Sync 1 DAGs
[2026-08-12T04:42:39.433+0000] {logging_mixin.py:190} INFO - [2026-08-12T04:42:39.433+0000] {dag.py:4138} INFO - Setting next_dagrun for example_setup_teardown to 2026-08-11 00:00:00+00:00, run_after=2026-08-12 00:00:00+00:00
[2026-08-12T04:42:39.459+0000] {processor.py:208} INFO - Processing /home/airflow/.local/lib/python3.12/site-packages/airflow/example_dags/example_setup_teardown.py took 0.094 seconds
[2026-08-12T04:43:09.801+0000] {processor.py:186} INFO - Started process (PID=1309) to work on /home/airflow/.local/lib/python3.12/site-packages/airflow/example_dags/example_setup_teardown.py
[2026-08-12T04:43:09.802+0000] {processor.py:914} INFO - Processing file /home/airflow/.local/lib/python3.12/site-packages/airflow/example_dags/example_setup_teardown.py for tasks to queue
[2026-08-12T04:43:09.805+0000] {logging_mixin.py:190} INFO - [2026-08-12T04:43:09.805+0000] {dagbag.py:587} INFO - Filling up the DagBag from /home/airflow/.local/lib/python3.12/site-packages/airflow/example_dags/example_setup_teardown.py
[2026-08-12T04:43:09.814+0000] {processor.py:925} INFO - DAG(s) 'example_setup_teardown' retrieved from /home/airflow/.local/lib/python3.12/site-packages/airflow/example_dags/example_setup_teardown.py
[2026-08-12T04:43:09.838+0000] {logging_mixin.py:190} INFO - [2026-08-12T04:43:09.838+0000] {dag.py:3211} INFO - Sync 1 DAGs
[2026-08-12T04:43:09.861+0000] {logging_mixin.py:190} INFO - [2026-08-12T04:43:09.860+0000] {dag.py:4138} INFO - Setting next_dagrun for example_setup_teardown to 2026-08-11 00:00:00+00:00, run_after=2026-08-12 00:00:00+00:00
[2026-08-12T04:43:09.885+0000] {processor.py:208} INFO - Processing /home/airflow/.local/lib/python3.12/site-packages/airflow/example_dags/example_setup_teardown.py took 0.090 seconds
[2026-08-12T04:43:40.264+0000] {processor.py:186} INFO - Started process (PID=1371) to work on /home/airflow/.local/lib/python3.12/site-packages/airflow/example_dags/example_setup_teardown.py
[2026-08-12T04:43:40.266+0000] {processor.py:914} INFO - Processing file /home/airflow/.local/lib/python3.12/site-packages/airflow/example_dags/example_setup_teardown.py for tasks to queue
[2026-08-12T04:43:40.269+0000] {logging_mixin.py:190} INFO - [2026-08-12T04:43:40.269+0000] {dagbag.py:587} INFO - Filling up the DagBag from /home/airflow/.local/lib/python3.12/site-packages/airflow/example_dags/example_setup_teardown.py
[2026-08-12T04:43:40.282+0000] {processor.py:925} INFO - DAG(s) 'example_setup_teardown' retrieved from /home/airflow/.local/lib/python3.12/site-packages/airflow/example_dags/example_setup_teardown.py
[2026-08-12T04:43:40.309+0000] {logging_mixin.py:190} INFO - [2026-08-12T04:43:40.308+0000] {dag.py:3211} INFO - Sync 1 DAGs
[2026-08-12T04:43:40.331+0000] {logging_mixin.py:190} INFO - [2026-08-12T04:43:40.331+0000] {dag.py:4138} INFO - Setting next_dagrun for example_setup_teardown to 2026-08-11 00:00:00+00:00, run_after=2026-08-12 00:00:00+00:00
[2026-08-12T04:43:40.356+0000] {processor.py:208} INFO - Processing /home/airflow/.local/lib/python3.12/site-packages/airflow/example_dags/example_setup_teardown.py took 0.097 seconds
[2026-08-12T04:44:10.716+0000] {processor.py:186} INFO - Started process (PID=1433) to work on /home/airflow/.local/lib/python3.12/site-packages/airflow/example_dags/example_setup_teardown.py
[2026-08-12T04:44:10.719+0000] {processor.py:914} INFO - Processing file /home/airflow/.local/lib/python3.12/site-packages/airflow/example_dags/example_setup_teardown.py for tasks to queue
[2026-08-12T04:44:10.723+0000] {logging_mixin.py:190} INFO - [2026-08-12T04:44:10.723+0000] {dagbag.py:587} INFO - Filling up the DagBag from /home/airflow/.local/lib/python3.12/site-packages/airflow/example_dags/example_setup_teardown.py
[2026-08-12T04:44:10.737+0000] {processor.py:925} INFO - DAG(s) 'example_setup_teardown' retrieved from /home/airflow/.local/lib/python3.12/site-packages/airflow/example_dags/example_setup_teardown.py
[2026-08-12T04:44:10.770+0000] {logging_mixin.py:190} INFO - [2026-08-12T04:44:10.770+0000] {dag.py:3211} INFO - Sync 1 DAGs
[2026-08-12T04:44:10.808+0000] {logging_mixin.py:190} INFO - [2026-08-12T04:44:10.808+0000] {dag.py:4138} INFO - Setting next_dagrun for example_setup_teardown to 2026-08-11 00:00:00+00:00, run_after=2026-08-12 00:00:00+00:00
[2026-08-12T04:44:10.841+0000] {processor.py:208} INFO - Processing /home/airflow/.local/lib/python3.12/site-packages/airflow/example_dags/example_setup_teardown.py took 0.133 seconds
[2026-08-12T04:44:41.245+0000] {processor.py:186} INFO - Started process (PID=1496) to work on /home/airflow/.local/lib/python3.12/site-packages/airflow/example_dags/example_setup_teardown.py
[2026-08-12T04:44:41.247+0000] {processor.py:914} INFO - Processing file /home/airflow/.local/lib/python3.12/site-packages/airflow/example_dags/example_setup_teardown.py for tasks to queue
[2026-08-12T04:44:41.251+0000] {logging_mixin.py:190} INFO - [2026-08-12T04:44:41.251+0000] {dagbag.py:587} INFO - Filling up the DagBag from /home/airflow/.local/lib/python3.12/site-packages/airflow/example_dags/example_setup_teardown.py
[2026-08-12T04:44:41.266+0000] {processor.py:925} INFO - DAG(s) 'example_setup_teardown' retrieved from /home/airflow/.local/lib/python3.12/site-packages/airflow/example_dags/example_setup_teardown.py
[2026-08-12T04:44:41.300+0000] {logging_mixin.py:190} INFO - [2026-08-12T04:44:41.299+0000] {dag.py:3211} INFO - Sync 1 DAGs
[2026-08-12T04:44:41.330+0000] {logging_mixin.py:190} INFO - [2026-08-12T04:44:41.330+0000] {dag.py:4138} INFO - Setting next_dagrun for example_setup_teardown to 2026-08-11 00:00:00+00:00, run_after=2026-08-12 00:00:00+00:00
[2026-08-12T04:44:41.357+0000] {processor.py:208} INFO - Processing /home/airflow/.local/lib/python3.12/site-packages/airflow/example_dags/example_setup_teardown.py took 0.120 seconds
[2026-08-12T04:45:11.627+0000] {processor.py:186} INFO - Started process (PID=1558) to work on /home/airflow/.local/lib/python3.12/site-packages/airflow/example_dags/example_setup_teardown.py
[2026-08-12T04:45:11.629+0000] {processor.py:914} INFO - Processing file /home/airflow/.local/lib/python3.12/site-packages/airflow/example_dags/example_setup_teardown.py for tasks to queue
[2026-08-12T04:45:11.632+0000] {logging_mixin.py:190} INFO - [2026-08-12T04:45:11.632+0000] {dagbag.py:587} INFO - Filling up the DagBag from /home/airflow/.local/lib/python3.12/site-packages/airflow/example_dags/example_setup_teardown.py
[2026-08-12T04:45:11.642+0000] {processor.py:925} INFO - DAG(s) 'example_setup_teardown' retrieved from /home/airflow/.local/lib/python3.12/site-packages/airflow/example_dags/example_setup_teardown.py
[2026-08-12T04:45:11.660+0000] {logging_mixin.py:190} INFO - [2026-08-12T04:45:11.660+0000] {dag.py:3211} INFO - Sync 1 DAGs
[2026-08-12T04:45:11.684+0000] {logging_mixin.py:190} INFO - [2026-08-12T04:45:11.684+0000] {dag.py:4138} INFO - Setting next_dagrun for example_setup_teardown to 2026-08-11 00:00:00+00:00, run_after=2026-08-12 00:00:00+00:00
[2026-08-12T04:45:11.719+0000] {processor.py:208} INFO - Processing /home/airflow/.local/lib/python3.12/site-packages/airflow/example_dags/example_setup_teardown.py took 0.099 seconds
[2026-08-12T04:45:42.224+0000] {processor.py:186} INFO - Started process (PID=1620) to work on /home/airflow/.local/lib/python3.12/site-packages/airflow/example_dags/example_setup_teardown.py
[2026-08-12T04:45:42.225+0000] {processor.py:914} INFO - Processing file /home/airflow/.local/lib/python3.12/site-packages/airflow/example_dags/example_setup_teardown.py for tasks to queue
[2026-08-12T04:45:42.230+0000] {logging_mixin.py:190} INFO - [2026-08-12T04:45:42.230+0000] {dagbag.py:587} INFO - Filling up the DagBag from /home/airflow/.local/lib/python3.12/site-packages/airflow/example_dags/example_setup_teardown.py
[2026-08-12T04:45:42.243+0000] {processor.py:925} INFO - DAG(s) 'example_setup_teardown' retrieved from /home/airflow/.local/lib/python3.12/site-packages/airflow/example_dags/example_setup_teardown.py
[2026-08-12T04:45:42.264+0000] {logging_mixin.py:190} INFO - [2026-08-12T04:45:42.264+0000] {dag.py:3211} INFO - Sync 1 DAGs
[2026-08-12T04:45:42.286+0000] {logging_mixin.py:190} INFO - [2026-08-12T04:45:42.286+0000] {dag.py:4138} INFO - Setting next_dagrun for example_setup_teardown to 2026-08-11 00:00:00+00:00, run_after=2026-08-12 00:00:00+00:00
[2026-08-12T04:45:42.307+0000] {processor.py:208} INFO - Processing /home/airflow/.local/lib/python3.12/site-packages/airflow/example_dags/example_setup_teardown.py took 0.091 seconds
[2026-08-12T04:46:12.902+0000] {processor.py:186} INFO - Started process (PID=1682) to work on /home/airflow/.local/lib/python3.12/site-packages/airflow/example_dags/example_setup_teardown.py
[2026-08-12T04:46:12.904+0000] {processor.py:914} INFO - Processing file /home/airflow/.local/lib/python3.12/site-packages/airflow/example_dags/example_setup_teardown.py for tasks to queue
[2026-08-12T04:46:12.908+0000] {logging_mixin.py:190} INFO - [2026-08-12T04:46:12.908+0000] {dagbag.py:587} INFO - Filling up the DagBag from /home/airflow/.local/lib/python3.12/site-packages/airflow/example_dags/example_setup_teardown.py
[2026-08-12T04:46:12.922+0000] {processor.py:925} INFO - DAG(s) 'example_setup_teardown' retrieved from /home/airflow/.local/lib/python3.12/site-packages/airflow/example_dags/example_setup_teardown.py
[2026-08-12T04:46:12.952+0000] {logging_mixin.py:190} INFO - [2026-08-12T04:46:12.952+0000] {dag.py:3211} INFO - Sync 1 DAGs
[2026-08-12T04:46:12.980+0000] {logging_mixin.py:190} INFO - [2026-08-12T04:46:12.980+0000] {dag.py:4138} INFO - Setting next_dagrun for example_setup_teardown to 2026-08-11 00:00:00+00:00, run_after=2026-08-12 00:00:00+00:00
[2026-08-12T04:46:13.000+0000] {processor.py:208} INFO - Processing /home/airflow/.local/lib/python3.12/site-packages/airflow/example_dags/example_setup_teardown.py took 0.108 seconds
[2026-08-12T04:46:43.542+0000] {processor.py:186} INFO - Started process (PID=1744) to work on /home/airflow/.local/lib/python3.12/site-packages/airflow/example_dags/example_setup_teardown.py
[2026-08-12T04:46:43.544+0000] {processor.py:914} INFO - Processing file /home/airflow/.local/lib/python3.12/site-packages/airflow/example_dags/example_setup_teardown.py for tasks to queue
[2026-08-12T04:46:43.546+0000] {logging_mixin.py:190} INFO - [2026-08-12T04:46:43.546+0000] {dagbag.py:587} INFO - Filling up the DagBag from /home/airflow/.local/lib/python3.12/site-packages/airflow/example_dags/example_setup_teardown.py
[2026-08-12T04:46:43.554+0000] {processor.py:925} INFO - DAG(s) 'example_setup_teardown' retrieved from /home/airflow/.local/lib/python3.12/site-packages/airflow/example_dags/example_setup_teardown.py
[2026-08-12T04:46:43.574+0000] {logging_mixin.py:190} INFO - [2026-08-12T04:46:43.574+0000] {dag.py:3211} INFO - Sync 1 DAGs
[2026-08-12T04:46:43.595+0000] {logging_mixin.py:190} INFO - [2026-08-12T04:46:43.594+0000] {dag.py:4138} INFO - Setting next_dagrun for example_setup_teardown to 2026-08-11 00:00:00+00:00, run_after=2026-08-12 00:00:00+00:00
[2026-08-12T04:46:43.614+0000] {processor.py:208} INFO - Processing /home/airflow/.local/lib/python3.12/site-packages/airflow/example_dags/example_setup_teardown.py took 0.077 seconds
[2026-08-12T04:47:13.946+0000] {processor.py:186} INFO - Started process (PID=1806) to work on /home/airflow/.local/lib/python3.12/site-packages/airflow/example_dags/example_setup_teardown.py
[2026-08-12T04:47:13.948+0000] {processor.py:914} INFO - Processing file /home/airflow/.local/lib/python3.12/site-packages/airflow/example_dags/example_setup_teardown.py for tasks to queue
[2026-08-12T04:47:13.952+0000] {logging_mixin.py:190} INFO - [2026-08-12T04:47:13.951+0000] {dagbag.py:587} INFO - Filling up the DagBag from /home/airflow/.local/lib/python3.12/site-packages/airflow/example_dags/example_setup_teardown.py
[2026-08-12T04:47:13.966+0000] {processor.py:925} INFO - DAG(s) 'example_setup_teardown' retrieved from /home/airflow/.local/lib/python3.12/site-packages/airflow/example_dags/example_setup_teardown.py
[2026-08-12T04:47:13.995+0000] {logging_mixin.py:190} INFO - [2026-08-12T04:47:13.994+0000] {dag.py:3211} INFO - Sync 1 DAGs
[2026-08-12T04:47:14.024+0000] {logging_mixin.py:190} INFO - [2026-08-12T04:47:14.024+0000] {dag.py:4138} INFO - Setting next_dagrun for example_setup_teardown to 2026-08-11 00:00:00+00:00, run_after=2026-08-12 00:00:00+00:00
[2026-08-12T04:47:14.053+0000] {processor.py:208} INFO - Processing /home/airflow/.local/lib/python3.12/site-packages/airflow/example_dags/example_setup_teardown.py took 0.115 seconds
[2026-08-12T04:47:44.953+0000] {processor.py:186} INFO - Started process (PID=1868) to work on /home/airflow/.local/lib/python3.12/site-packages/airflow/example_dags/example_setup_teardown.py
[2026-08-12T04:47:44.955+0000] {processor.py:914} INFO - Processing file /home/airflow/.local/lib/python3.12/site-packages/airflow/example_dags/example_setup_teardown.py for tasks to queue
[2026-08-12T04:47:44.959+0000] {logging_mixin.py:190} INFO - [2026-08-12T04:47:44.959+0000] {dagbag.py:587} INFO - Filling up the DagBag from /home/airflow/.local/lib/python3.12/site-packages/airflow/example_dags/example_setup_teardown.py
[2026-08-12T04:47:44.971+0000] {processor.py:925} INFO - DAG(s) 'example_setup_teardown' retrieved from /home/airflow/.local/lib/python3.12/site-packages/airflow/example_dags/example_setup_teardown.py
[2026-08-12T04:47:44.994+0000] {logging_mixin.py:190} INFO - [2026-08-12T04:47:44.994+0000] {dag.py:3211} INFO - Sync 1 DAGs
[2026-08-12T04:47:45.022+0000] {logging_mixin.py:190} INFO - [2026-08-12T04:47:45.022+0000] {dag.py:4138} INFO - Setting next_dagrun for example_setup_teardown to 2026-08-11 00:00:00+00:00, run_after=2026-08-12 00:00:00+00:00
[2026-08-12T04:47:45.046+0000] {processor.py:208} INFO - Processing /home/airflow/.local/lib/python3.12/site-packages/airflow/example_dags/example_setup_teardown.py took 0.100 seconds
[2026-08-12T04:48:15.106+0000] {processor.py:186} INFO - Started process (PID=1931) to work on /home/airflow/.local/lib/python3.12/site-packages/airflow/example_dags/example_setup_teardown.py
[2026-08-12T04:48:15.108+0000] {processor.py:914} INFO - Processing file /home/airflow/.local/lib/python3.12/site-packages/airflow/example_dags/example_setup_teardown.py for tasks to queue
[2026-08-12T04:48:15.111+0000] {logging_mixin.py:190} INFO - [2026-08-12T04:48:15.111+0000] {dagbag.py:587} INFO - Filling up the DagBag from /home/airflow/.local/lib/python3.12/site-packages/airflow/example_dags/example_setup_teardown.py
[2026-08-12T04:48:15.120+0000] {processor.py:925} INFO - DAG(s) 'example_setup_teardown' retrieved from /home/airflow/.local/lib/python3.12/site-packages/airflow/example_dags/example_setup_teardown.py
[2026-08-12T04:48:15.143+0000] {logging_mixin.py:190} INFO - [2026-08-12T04:48:15.143+0000] {dag.py:3211} INFO - Sync 1 DAGs
[2026-08-12T04:48:15.169+0000] {logging_mixin.py:190} INFO - [2026-08-12T04:48:15.168+0000] {dag.py:4138} INFO - Setting next_dagrun for example_setup_teardown to 2026-08-11 00:00:00+00:00, run_after=2026-08-12 00:00:00+00:00
[2026-08-12T04:48:15.194+0000] {processor.py:208} INFO - Processing /home/airflow/.local/lib/python3.12/site-packages/airflow/example_dags/example_setup_teardown.py took 0.094 seconds
[2026-08-12T04:48:45.347+0000] {processor.py:186} INFO - Started process (PID=1994) to work on /home/airflow/.local/lib/python3.12/site-packages/airflow/example_dags/example_setup_teardown.py
[2026-08-12T04:48:45.348+0000] {processor.py:914} INFO - Processing file /home/airflow/.local/lib/python3.12/site-packages/airflow/example_dags/example_setup_teardown.py for tasks to queue
[2026-08-12T04:48:45.352+0000] {logging_mixin.py:190} INFO - [2026-08-12T04:48:45.351+0000] {dagbag.py:587} INFO - Filling up the DagBag from /home/airflow/.local/lib/python3.12/site-packages/airflow/example_dags/example_setup_teardown.py
[2026-08-12T04:48:45.362+0000] {processor.py:925} INFO - DAG(s) 'example_setup_teardown' retrieved from /home/airflow/.local/lib/python3.12/site-packages/airflow/example_dags/example_setup_teardown.py
[2026-08-12T04:48:45.382+0000] {logging_mixin.py:190} INFO - [2026-08-12T04:48:45.382+0000] {dag.py:3211} INFO - Sync 1 DAGs
[2026-08-12T04:48:45.405+0000] {logging_mixin.py:190} INFO - [2026-08-12T04:48:45.405+0000] {dag.py:4138} INFO - Setting next_dagrun for example_setup_teardown to 2026-08-11 00:00:00+00:00, run_after=2026-08-12 00:00:00+00:00
[2026-08-12T04:48:45.426+0000] {processor.py:208} INFO - Processing /home/airflow/.local/lib/python3.12/site-packages/airflow/example_dags/example_setup_teardown.py took 0.086 seconds
[2026-08-12T04:49:16.404+0000] {processor.py:186} INFO - Started process (PID=2057) to work on /home/airflow/.local/lib/python3.12/site-packages/airflow/example_dags/example_setup_teardown.py
[2026-08-12T04:49:16.405+0000] {processor.py:914} INFO - Processing file /home/airflow/.local/lib/python3.12/site-packages/airflow/example_dags/example_setup_teardown.py for tasks to queue
[2026-08-12T04:49:16.409+0000] {logging_mixin.py:190} INFO - [2026-08-12T04:49:16.409+0000] {dagbag.py:587} INFO - Filling up the DagBag from /home/airflow/.local/lib/python3.12/site-packages/airflow/example_dags/example_setup_teardown.py
[2026-08-12T04:49:16.420+0000] {processor.py:925} INFO - DAG(s) 'example_setup_teardown' retrieved from /home/airflow/.local/lib/python3.12/site-packages/airflow/example_dags/example_setup_teardown.py
[2026-08-12T04:49:16.446+0000] {logging_mixin.py:190} INFO - [2026-08-12T04:49:16.446+0000] {dag.py:3211} INFO - Sync 1 DAGs
[2026-08-12T04:49:16.475+0000] {logging_mixin.py:190} INFO - [2026-08-12T04:49:16.475+0000] {dag.py:4138} INFO - Setting next_dagrun for example_setup_teardown to 2026-08-11 00:00:00+00:00, run_after=2026-08-12 00:00:00+00:00
[2026-08-12T04:49:16.502+0000] {processor.py:208} INFO - Processing /home/airflow/.local/lib/python3.12/site-packages/airflow/example_dags/example_setup_teardown.py took 0.104 seconds
[2026-08-12T04:49:47.068+0000] {processor.py:186} INFO - Started process (PID=2120) to work on /home/airflow/.local/lib/python3.12/site-packages/airflow/example_dags/example_setup_teardown.py
[2026-08-12T04:49:47.069+0000] {processor.py:914} INFO - Processing file /home/airflow/.local/lib/python3.12/site-packages/airflow/example_dags/example_setup_teardown.py for tasks to queue
[2026-08-12T04:49:47.073+0000] {logging_mixin.py:190} INFO - [2026-08-12T04:49:47.073+0000] {dagbag.py:587} INFO - Filling up the DagBag from /home/airflow/.local/lib/python3.12/site-packages/airflow/example_dags/example_setup_teardown.py
[2026-08-12T04:49:47.084+0000] {processor.py:925} INFO - DAG(s) 'example_setup_teardown' retrieved from /home/airflow/.local/lib/python3.12/site-packages/airflow/example_dags/example_setup_teardown.py
[2026-08-12T04:49:47.107+0000] {logging_mixin.py:190} INFO - [2026-08-12T04:49:47.107+0000] {dag.py:3211} INFO - Sync 1 DAGs
[2026-08-12T04:49:47.129+0000] {logging_mixin.py:190} INFO - [2026-08-12T04:49:47.129+0000] {dag.py:4138} INFO - Setting next_dagrun for example_setup_teardown to 2026-08-11 00:00:00+00:00, run_after=2026-08-12 00:00:00+00:00
[2026-08-12T04:49:47.148+0000] {processor.py:208} INFO - Processing /home/airflow/.local/lib/python3.12/site-packages/airflow/example_dags/example_setup_teardown.py took 0.085 seconds
[2026-08-12T04:50:17.680+0000] {processor.py:186} INFO - Started process (PID=2184) to work on /home/airflow/.local/lib/python3.12/site-packages/airflow/example_dags/example_setup_teardown.py
[2026-08-12T04:50:17.682+0000] {processor.py:914} INFO - Processing file /home/airflow/.local/lib/python3.12/site-packages/airflow/example_dags/example_setup_teardown.py for tasks to queue
[2026-08-12T04:50:17.686+0000] {logging_mixin.py:190} INFO - [2026-08-12T04:50:17.685+0000] {dagbag.py:587} INFO - Filling up the DagBag from /home/airflow/.local/lib/python3.12/site-packages/airflow/example_dags/example_setup_teardown.py
[2026-08-12T04:50:17.699+0000] {processor.py:925} INFO - DAG(s) 'example_setup_teardown' retrieved from /home/airflow/.local/lib/python3.12/site-packages/airflow/example_dags/example_setup_teardown.py
[2026-08-12T04:50:17.743+0000] {logging_mixin.py:190} INFO - [2026-08-12T04:50:17.743+0000] {dag.py:3211} INFO - Sync 1 DAGs
[2026-08-12T04:50:17.782+0000] {logging_mixin.py:190} INFO - [2026-08-12T04:50:17.781+0000] {dag.py:4138} INFO - Setting next_dagrun for example_setup_teardown to 2026-08-11 00:00:00+00:00, run_after=2026-08-12 00:00:00+00:00
[2026-08-12T04:50:17.812+0000] {processor.py:208} INFO - Processing /home/airflow/.local/lib/python3.12/site-packages/airflow/example_dags/example_setup_teardown.py took 0.138 seconds
[2026-08-12T04:50:48.471+0000] {processor.py:186} INFO - Started process (PID=2247) to work on /home/airflow/.local/lib/python3.12/site-packages/airflow/example_dags/example_setup_teardown.py
[2026-08-12T04:50:48.473+0000] {processor.py:914} INFO - Processing file /home/airflow/.local/lib/python3.12/site-packages/airflow/example_dags/example_setup_teardown.py for tasks to queue
[2026-08-12T04:50:48.479+0000] {logging_mixin.py:190} INFO - [2026-08-12T04:50:48.479+0000] {dagbag.py:587} INFO - Filling up the DagBag from /home/airflow/.local/lib/python3.12/site-packages/airflow/example_dags/example_setup_teardown.py
[2026-08-12T04:50:48.494+0000] {processor.py:925} INFO - DAG(s) 'example_setup_teardown' retrieved from /home/airflow/.local/lib/python3.12/site-packages/airflow/example_dags/example_setup_teardown.py
[2026-08-12T04:50:48.531+0000] {logging_mixin.py:190} INFO - [2026-08-12T04:50:48.530+0000] {dag.py:3211} INFO - Sync 1 DAGs
[2026-08-12T04:50:48.561+0000] {logging_mixin.py:190} INFO - [2026-08-12T04:50:48.561+0000] {dag.py:4138} INFO - Setting next_dagrun for example_setup_teardown to 2026-08-11 00:00:00+00:00, run_after=2026-08-12 00:00:00+00:00
[2026-08-12T04:50:48.585+0000] {processor.py:208} INFO - Processing /home/airflow/.local/lib/python3.12/site-packages/airflow/example_dags/example_setup_teardown.py took 0.122 seconds
[2026-08-12T04:51:19.178+0000] {processor.py:186} INFO - Started process (PID=2310) to work on /home/airflow/.local/lib/python3.12/site-packages/airflow/example_dags/example_setup_teardown.py
[2026-08-12T04:51:19.179+0000] {processor.py:914} INFO - Processing file /home/airflow/.local/lib/python3.12/site-packages/airflow/example_dags/example_setup_teardown.py for tasks to queue
[2026-08-12T04:51:19.182+0000] {logging_mixin.py:190} INFO - [2026-08-12T04:51:19.182+0000] {dagbag.py:587} INFO - Filling up the DagBag from /home/airflow/.local/lib/python3.12/site-packages/airflow/example_dags/example_setup_teardown.py
[2026-08-12T04:51:19.190+0000] {processor.py:925} INFO - DAG(s) 'example_setup_teardown' retrieved from /home/airflow/.local/lib/python3.12/site-packages/airflow/example_dags/example_setup_teardown.py
[2026-08-12T04:51:19.210+0000] {logging_mixin.py:190} INFO - [2026-08-12T04:51:19.209+0000] {dag.py:3211} INFO - Sync 1 DAGs
[2026-08-12T04:51:19.230+0000] {logging_mixin.py:190} INFO - [2026-08-12T04:51:19.230+0000] {dag.py:4138} INFO - Setting next_dagrun for example_setup_teardown to 2026-08-11 00:00:00+00:00, run_after=2026-08-12 00:00:00+00:00
[2026-08-12T04:51:19.247+0000] {processor.py:208} INFO - Processing /home/airflow/.local/lib/python3.12/site-packages/airflow/example_dags/example_setup_teardown.py took 0.074 seconds
[2026-08-12T04:51:49.928+0000] {processor.py:186} INFO - Started process (PID=2374) to work on /home/airflow/.local/lib/python3.12/site-packages/airflow/example_dags/example_setup_teardown.py
[2026-08-12T04:51:49.929+0000] {processor.py:914} INFO - Processing file /home/airflow/.local/lib/python3.12/site-packages/airflow/example_dags/example_setup_teardown.py for tasks to queue
[2026-08-12T04:51:49.932+0000] {logging_mixin.py:190} INFO - [2026-08-12T04:51:49.932+0000] {dagbag.py:587} INFO - Filling up the DagBag from /home/airflow/.local/lib/python3.12/site-packages/airflow/example_dags/example_setup_teardown.py
[2026-08-12T04:51:49.942+0000] {processor.py:925} INFO - DAG(s) 'example_setup_teardown' retrieved from /home/airflow/.local/lib/python3.12/site-packages/airflow/example_dags/example_setup_teardown.py
[2026-08-12T04:51:49.966+0000] {logging_mixin.py:190} INFO - [2026-08-12T04:51:49.966+0000] {dag.py:3211} INFO - Sync 1 DAGs
[2026-08-12T04:51:49.990+0000] {logging_mixin.py:190} INFO - [2026-08-12T04:51:49.990+0000] {dag.py:4138} INFO - Setting next_dagrun for example_setup_teardown to 2026-08-11 00:00:00+00:00, run_after=2026-08-12 00:00:00+00:00
[2026-08-12T04:51:50.009+0000] {processor.py:208} INFO - Processing /home/airflow/.local/lib/python3.12/site-packages/airflow/example_dags/example_setup_teardown.py took 0.089 seconds
[2026-08-12T04:52:20.795+0000] {processor.py:186} INFO - Started process (PID=2437) to work on /home/airflow/.local/lib/python3.12/site-packages/airflow/example_dags/example_setup_teardown.py
[2026-08-12T04:52:20.796+0000] {processor.py:914} INFO - Processing file /home/airflow/.local/lib/python3.12/site-packages/airflow/example_dags/example_setup_teardown.py for tasks to queue
[2026-08-12T04:52:20.799+0000] {logging_mixin.py:190} INFO - [2026-08-12T04:52:20.799+0000] {dagbag.py:587} INFO - Filling up the DagBag from /home/airflow/.local/lib/python3.12/site-packages/airflow/example_dags/example_setup_teardown.py
[2026-08-12T04:52:20.808+0000] {processor.py:925} INFO - DAG(s) 'example_setup_teardown' retrieved from /home/airflow/.local/lib/python3.12/site-packages/airflow/example_dags/example_setup_teardown.py
[2026-08-12T04:52:20.830+0000] {logging_mixin.py:190} INFO - [2026-08-12T04:52:20.830+0000] {dag.py:3211} INFO - Sync 1 DAGs
[2026-08-12T04:52:20.859+0000] {logging_mixin.py:190} INFO - [2026-08-12T04:52:20.859+0000] {dag.py:4138} INFO - Setting next_dagrun for example_setup_teardown to 2026-08-11 00:00:00+00:00, run_after=2026-08-12 00:00:00+00:00
[2026-08-12T04:52:20.883+0000] {processor.py:208} INFO - Processing /home/airflow/.local/lib/python3.12/site-packages/airflow/example_dags/example_setup_teardown.py took 0.093 seconds
[2026-08-12T04:52:51.175+0000] {processor.py:186} INFO - Started process (PID=2500) to work on /home/airflow/.local/lib/python3.12/site-packages/airflow/example_dags/example_setup_teardown.py
[2026-08-12T04:52:51.177+0000] {processor.py:914} INFO - Processing file /home/airflow/.local/lib/python3.12/site-packages/airflow/example_dags/example_setup_teardown.py for tasks to queue
[2026-08-12T04:52:51.181+0000] {logging_mixin.py:190} INFO - [2026-08-12T04:52:51.180+0000] {dagbag.py:587} INFO - Filling up the DagBag from /home/airflow/.local/lib/python3.12/site-packages/airflow/example_dags/example_setup_teardown.py
[2026-08-12T04:52:51.191+0000] {processor.py:925} INFO - DAG(s) 'example_setup_teardown' retrieved from /home/airflow/.local/lib/python3.12/site-packages/airflow/example_dags/example_setup_teardown.py
[2026-08-12T04:52:51.214+0000] {logging_mixin.py:190} INFO - [2026-08-12T04:52:51.214+0000] {dag.py:3211} INFO - Sync 1 DAGs
[2026-08-12T04:52:51.241+0000] {logging_mixin.py:190} INFO - [2026-08-12T04:52:51.241+0000] {dag.py:4138} INFO - Setting next_dagrun for example_setup_teardown to 2026-08-11 00:00:00+00:00, run_after=2026-08-12 00:00:00+00:00
[2026-08-12T04:52:51.265+0000] {processor.py:208} INFO - Processing /home/airflow/.local/lib/python3.12/site-packages/airflow/example_dags/example_setup_teardown.py took 0.098 seconds
[2026-08-12T04:53:22.165+0000] {processor.py:186} INFO - Started process (PID=2563) to work on /home/airflow/.local/lib/python3.12/site-packages/airflow/example_dags/example_setup_teardown.py
[2026-08-12T04:53:22.166+0000] {processor.py:914} INFO - Processing file /home/airflow/.local/lib/python3.12/site-packages/airflow/example_dags/example_setup_teardown.py for tasks to queue
[2026-08-12T04:53:22.169+0000] {logging_mixin.py:190} INFO - [2026-08-12T04:53:22.169+0000] {dagbag.py:587} INFO - Filling up the DagBag from /home/airflow/.local/lib/python3.12/site-packages/airflow/example_dags/example_setup_teardown.py
[2026-08-12T04:53:22.177+0000] {processor.py:925} INFO - DAG(s) 'example_setup_teardown' retrieved from /home/airflow/.local/lib/python3.12/site-packages/airflow/example_dags/example_setup_teardown.py
[2026-08-12T04:53:22.198+0000] {logging_mixin.py:190} INFO - [2026-08-12T04:53:22.198+0000] {dag.py:3211} INFO - Sync 1 DAGs
[2026-08-12T04:53:22.220+0000] {logging_mixin.py:190} INFO - [2026-08-12T04:53:22.220+0000] {dag.py:4138} INFO - Setting next_dagrun for example_setup_teardown to 2026-08-11 00:00:00+00:00, run_after=2026-08-12 00:00:00+00:00
[2026-08-12T04:53:22.238+0000] {processor.py:208} INFO - Processing /home/airflow/.local/lib/python3.12/site-packages/airflow/example_dags/example_setup_teardown.py took 0.079 seconds
[2026-08-12T04:53:52.940+0000] {processor.py:186} INFO - Started process (PID=2626) to work on /home/airflow/.local/lib/python3.12/site-packages/airflow/example_dags/example_setup_teardown.py
[2026-08-12T04:53:52.942+0000] {processor.py:914} INFO - Processing file /home/airflow/.local/lib/python3.12/site-packages/airflow/example_dags/example_setup_teardown.py for tasks to queue
[2026-08-12T04:53:52.945+0000] {logging_mixin.py:190} INFO - [2026-08-12T04:53:52.945+0000] {dagbag.py:587} INFO - Filling up the DagBag from /home/airflow/.local/lib/python3.12/site-packages/airflow/example_dags/example_setup_teardown.py
[2026-08-12T04:53:52.956+0000] {processor.py:925} INFO - DAG(s) 'example_setup_teardown' retrieved from /home/airflow/.local/lib/python3.12/site-packages/airflow/example_dags/example_setup_teardown.py
[2026-08-12T04:53:52.979+0000] {logging_mixin.py:190} INFO - [2026-08-12T04:53:52.979+0000] {dag.py:3211} INFO - Sync 1 DAGs
[2026-08-12T04:53:53.007+0000] {logging_mixin.py:190} INFO - [2026-08-12T04:53:53.007+0000] {dag.py:4138} INFO - Setting next_dagrun for example_setup_teardown to 2026-08-11 00:00:00+00:00, run_after=2026-08-12 00:00:00+00:00
[2026-08-12T04:53:53.028+0000] {processor.py:208} INFO - Processing /home/airflow/.local/lib/python3.12/site-packages/airflow/example_dags/example_setup_teardown.py took 0.095 seconds
[2026-08-12T04:54:23.797+0000] {processor.py:186} INFO - Started process (PID=2689) to work on /home/airflow/.local/lib/python3.12/site-packages/airflow/example_dags/example_setup_teardown.py
[2026-08-12T04:54:23.799+0000] {processor.py:914} INFO - Processing file /home/airflow/.local/lib/python3.12/site-packages/airflow/example_dags/example_setup_teardown.py for tasks to queue
[2026-08-12T04:54:23.803+0000] {logging_mixin.py:190} INFO - [2026-08-12T04:54:23.803+0000] {dagbag.py:587} INFO - Filling up the DagBag from /home/airflow/.local/lib/python3.12/site-packages/airflow/example_dags/example_setup_teardown.py
[2026-08-12T04:54:23.816+0000] {processor.py:925} INFO - DAG(s) 'example_setup_teardown' retrieved from /home/airflow/.local/lib/python3.12/site-packages/airflow/example_dags/example_setup_teardown.py
[2026-08-12T04:54:23.837+0000] {logging_mixin.py:190} INFO - [2026-08-12T04:54:23.837+0000] {dag.py:3211} INFO - Sync 1 DAGs
[2026-08-12T04:54:23.862+0000] {logging_mixin.py:190} INFO - [2026-08-12T04:54:23.862+0000] {dag.py:4138} INFO - Setting next_dagrun for example_setup_teardown to 2026-08-11 00:00:00+00:00, run_after=2026-08-12 00:00:00+00:00
[2026-08-12T04:54:23.882+0000] {processor.py:208} INFO - Processing /home/airflow/.local/lib/python3.12/site-packages/airflow/example_dags/example_setup_teardown.py took 0.094 seconds
[2026-08-12T04:54:54.353+0000] {processor.py:186} INFO - Started process (PID=2752) to work on /home/airflow/.local/lib/python3.12/site-packages/airflow/example_dags/example_setup_teardown.py
[2026-08-12T04:54:54.355+0000] {processor.py:914} INFO - Processing file /home/airflow/.local/lib/python3.12/site-packages/airflow/example_dags/example_setup_teardown.py for tasks to queue
[2026-08-12T04:54:54.359+0000] {logging_mixin.py:190} INFO - [2026-08-12T04:54:54.358+0000] {dagbag.py:587} INFO - Filling up the DagBag from /home/airflow/.local/lib/python3.12/site-packages/airflow/example_dags/example_setup_teardown.py
[2026-08-12T04:54:54.373+0000] {processor.py:925} INFO - DAG(s) 'example_setup_teardown' retrieved from /home/airflow/.local/lib/python3.12/site-packages/airflow/example_dags/example_setup_teardown.py
[2026-08-12T04:54:54.395+0000] {logging_mixin.py:190} INFO - [2026-08-12T04:54:54.394+0000] {dag.py:3211} INFO - Sync 1 DAGs
[2026-08-12T04:54:54.415+0000] {logging_mixin.py:190} INFO - [2026-08-12T04:54:54.415+0000] {dag.py:4138} INFO - Setting next_dagrun for example_setup_teardown to 2026-08-11 00:00:00+00:00, run_after=2026-08-12 00:00:00+00:00
[2026-08-12T04:54:54.434+0000] {processor.py:208} INFO - Processing /home/airflow/.local/lib/python3.12/site-packages/airflow/example_dags/example_setup_teardown.py took 0.089 seconds
[2026-08-12T04:55:25.014+0000] {processor.py:186} INFO - Started process (PID=2815) to work on /home/airflow/.local/lib/python3.12/site-packages/airflow/example_dags/example_setup_teardown.py
[2026-08-12T04:55:25.016+0000] {processor.py:914} INFO - Processing file /home/airflow/.local/lib/python3.12/site-packages/airflow/example_dags/example_setup_teardown.py for tasks to queue
[2026-08-12T04:55:25.019+0000] {logging_mixin.py:190} INFO - [2026-08-12T04:55:25.019+0000] {dagbag.py:587} INFO - Filling up the DagBag from /home/airflow/.local/lib/python3.12/site-packages/airflow/example_dags/example_setup_teardown.py
[2026-08-12T04:55:25.033+0000] {processor.py:925} INFO - DAG(s) 'example_setup_teardown' retrieved from /home/airflow/.local/lib/python3.12/site-packages/airflow/example_dags/example_setup_teardown.py
[2026-08-12T04:55:25.055+0000] {logging_mixin.py:190} INFO - [2026-08-12T04:55:25.055+0000] {dag.py:3211} INFO - Sync 1 DAGs
[2026-08-12T04:55:25.079+0000] {logging_mixin.py:190} INFO - [2026-08-12T04:55:25.078+0000] {dag.py:4138} INFO - Setting next_dagrun for example_setup_teardown to 2026-08-11 00:00:00+00:00, run_after=2026-08-12 00:00:00+00:00
[2026-08-12T04:55:25.100+0000] {processor.py:208} INFO - Processing /home/airflow/.local/lib/python3.12/site-packages/airflow/example_dags/example_setup_teardown.py took 0.092 seconds
[2026-08-12T04:55:55.829+0000] {processor.py:186} INFO - Started process (PID=2878) to work on /home/airflow/.local/lib/python3.12/site-packages/airflow/example_dags/example_setup_teardown.py
[2026-08-12T04:55:55.831+0000] {processor.py:914} INFO - Processing file /home/airflow/.local/lib/python3.12/site-packages/airflow/example_dags/example_setup_teardown.py for tasks to queue
[2026-08-12T04:55:55.833+0000] {logging_mixin.py:190} INFO - [2026-08-12T04:55:55.833+0000] {dagbag.py:587} INFO - Filling up the DagBag from /home/airflow/.local/lib/python3.12/site-packages/airflow/example_dags/example_setup_teardown.py
[2026-08-12T04:55:55.841+0000] {processor.py:925} INFO - DAG(s) 'example_setup_teardown' retrieved from /home/airflow/.local/lib/python3.12/site-packages/airflow/example_dags/example_setup_teardown.py
[2026-08-12T04:55:55.859+0000] {logging_mixin.py:190} INFO - [2026-08-12T04:55:55.859+0000] {dag.py:3211} INFO - Sync 1 DAGs
[2026-08-12T04:55:55.879+0000] {logging_mixin.py:190} INFO - [2026-08-12T04:55:55.879+0000] {dag.py:4138} INFO - Setting next_dagrun for example_setup_teardown to 2026-08-11 00:00:00+00:00, run_after=2026-08-12 00:00:00+00:00
[2026-08-12T04:55:55.895+0000] {processor.py:208} INFO - Processing /home/airflow/.local/lib/python3.12/site-packages/airflow/example_dags/example_setup_teardown.py took 0.071 seconds
[2026-08-12T04:56:26.423+0000] {processor.py:186} INFO - Started process (PID=2941) to work on /home/airflow/.local/lib/python3.12/site-packages/airflow/example_dags/example_setup_teardown.py
[2026-08-12T04:56:26.424+0000] {processor.py:914} INFO - Processing file /home/airflow/.local/lib/python3.12/site-packages/airflow/example_dags/example_setup_teardown.py for tasks to queue
[2026-08-12T04:56:26.427+0000] {logging_mixin.py:190} INFO - [2026-08-12T04:56:26.426+0000] {dagbag.py:587} INFO - Filling up the DagBag from /home/airflow/.local/lib/python3.12/site-packages/airflow/example_dags/example_setup_teardown.py
[2026-08-12T04:56:26.435+0000] {processor.py:925} INFO - DAG(s) 'example_setup_teardown' retrieved from /home/airflow/.local/lib/python3.12/site-packages/airflow/example_dags/example_setup_teardown.py
[2026-08-12T04:56:26.454+0000] {logging_mixin.py:190} INFO - [2026-08-12T04:56:26.454+0000] {dag.py:3211} INFO - Sync 1 DAGs
[2026-08-12T04:56:26.475+0000] {logging_mixin.py:190} INFO - [2026-08-12T04:56:26.475+0000] {dag.py:4138} INFO - Setting next_dagrun for example_setup_teardown to 2026-08-11 00:00:00+00:00, run_after=2026-08-12 00:00:00+00:00
[2026-08-12T04:56:26.494+0000] {processor.py:208} INFO - Processing /home/airflow/.local/lib/python3.12/site-packages/airflow/example_dags/example_setup_teardown.py took 0.077 seconds
[2026-08-12T04:56:57.387+0000] {processor.py:186} INFO - Started process (PID=3004) to work on /home/airflow/.local/lib/python3.12/site-packages/airflow/example_dags/example_setup_teardown.py
[2026-08-12T04:56:57.388+0000] {processor.py:914} INFO - Processing file /home/airflow/.local/lib/python3.12/site-packages/airflow/example_dags/example_setup_teardown.py for tasks to queue
[2026-08-12T04:56:57.391+0000] {logging_mixin.py:190} INFO - [2026-08-12T04:56:57.391+0000] {dagbag.py:587} INFO - Filling up the DagBag from /home/airflow/.local/lib/python3.12/site-packages/airflow/example_dags/example_setup_teardown.py
[2026-08-12T04:56:57.400+0000] {processor.py:925} INFO - DAG(s) 'example_setup_teardown' retrieved from /home/airflow/.local/lib/python3.12/site-packages/airflow/example_dags/example_setup_teardown.py
[2026-08-12T04:56:57.420+0000] {logging_mixin.py:190} INFO - [2026-08-12T04:56:57.419+0000] {dag.py:3211} INFO - Sync 1 DAGs
[2026-08-12T04:56:57.440+0000] {logging_mixin.py:190} INFO - [2026-08-12T04:56:57.440+0000] {dag.py:4138} INFO - Setting next_dagrun for example_setup_teardown to 2026-08-11 00:00:00+00:00, run_after=2026-08-12 00:00:00+00:00
[2026-08-12T04:56:57.459+0000] {processor.py:208} INFO - Processing /home/airflow/.local/lib/python3.12/site-packages/airflow/example_dags/example_setup_teardown.py took 0.078 seconds
[2026-08-12T04:57:28.037+0000] {processor.py:186} INFO - Started process (PID=3067) to work on /home/airflow/.local/lib/python3.12/site-packages/airflow/example_dags/example_setup_teardown.py
[2026-08-12T04:57:28.039+0000] {processor.py:914} INFO - Processing file /home/airflow/.local/lib/python3.12/site-packages/airflow/example_dags/example_setup_teardown.py for tasks to queue
[2026-08-12T04:57:28.042+0000] {logging_mixin.py:190} INFO - [2026-08-12T04:57:28.042+0000] {dagbag.py:587} INFO - Filling up the DagBag from /home/airflow/.local/lib/python3.12/site-packages/airflow/example_dags/example_setup_teardown.py
[2026-08-12T04:57:28.052+0000] {processor.py:925} INFO - DAG(s) 'example_setup_teardown' retrieved from /home/airflow/.local/lib/python3.12/site-packages/airflow/example_dags/example_setup_teardown.py
[2026-08-12T04:57:28.072+0000] {logging_mixin.py:190} INFO - [2026-08-12T04:57:28.072+0000] {dag.py:3211} INFO - Sync 1 DAGs
[2026-08-12T04:57:28.098+0000] {logging_mixin.py:190} INFO - [2026-08-12T04:57:28.098+0000] {dag.py:4138} INFO - Setting next_dagrun for example_setup_teardown to 2026-08-11 00:00:00+00:00, run_after=2026-08-12 00:00:00+00:00
[2026-08-12T04:57:28.122+0000] {processor.py:208} INFO - Processing /home/airflow/.local/lib/python3.12/site-packages/airflow/example_dags/example_setup_teardown.py took 0.091 seconds
[2026-08-12T04:57:58.926+0000] {processor.py:186} INFO - Started process (PID=3130) to work on /home/airflow/.local/lib/python3.12/site-packages/airflow/example_dags/example_setup_teardown.py
[2026-08-12T04:57:58.927+0000] {processor.py:914} INFO - Processing file /home/airflow/.local/lib/python3.12/site-packages/airflow/example_dags/example_setup_teardown.py for tasks to queue
[2026-08-12T04:57:58.930+0000] {logging_mixin.py:190} INFO - [2026-08-12T04:57:58.929+0000] {dagbag.py:587} INFO - Filling up the DagBag from /home/airflow/.local/lib/python3.12/site-packages/airflow/example_dags/example_setup_teardown.py
[2026-08-12T04:57:58.939+0000] {processor.py:925} INFO - DAG(s) 'example_setup_teardown' retrieved from /home/airflow/.local/lib/python3.12/site-packages/airflow/example_dags/example_setup_teardown.py
[2026-08-12T04:57:58.958+0000] {logging_mixin.py:190} INFO - [2026-08-12T04:57:58.958+0000] {dag.py:3211} INFO - Sync 1 DAGs
[2026-08-12T04:57:58.980+0000] {logging_mixin.py:190} INFO - [2026-08-12T04:57:58.980+0000] {dag.py:4138} INFO - Setting next_dagrun for example_setup_teardown to 2026-08-11 00:00:00+00:00, run_after=2026-08-12 00:00:00+00:00
[2026-08-12T04:57:59.000+0000] {processor.py:208} INFO - Processing /home/airflow/.local/lib/python3.12/site-packages/airflow/example_dags/example_setup_teardown.py took 0.082 seconds
[2026-08-12T04:58:29.404+0000] {processor.py:186} INFO - Started process (PID=3193) to work on /home/airflow/.local/lib/python3.12/site-packages/airflow/example_dags/example_setup_teardown.py
[2026-08-12T04:58:29.405+0000] {processor.py:914} INFO - Processing file /home/airflow/.local/lib/python3.12/site-packages/airflow/example_dags/example_setup_teardown.py for tasks to queue
[2026-08-12T04:58:29.410+0000] {logging_mixin.py:190} INFO - [2026-08-12T04:58:29.409+0000] {dagbag.py:587} INFO - Filling up the DagBag from /home/airflow/.local/lib/python3.12/site-packages/airflow/example_dags/example_setup_teardown.py
[2026-08-12T04:58:29.420+0000] {processor.py:925} INFO - DAG(s) 'example_setup_teardown' retrieved from /home/airflow/.local/lib/python3.12/site-packages/airflow/example_dags/example_setup_teardown.py
[2026-08-12T04:58:29.442+0000] {logging_mixin.py:190} INFO - [2026-08-12T04:58:29.441+0000] {dag.py:3211} INFO - Sync 1 DAGs
[2026-08-12T04:58:29.465+0000] {logging_mixin.py:190} INFO - [2026-08-12T04:58:29.465+0000] {dag.py:4138} INFO - Setting next_dagrun for example_setup_teardown to 2026-08-11 00:00:00+00:00, run_after=2026-08-12 00:00:00+00:00
[2026-08-12T04:58:29.504+0000] {processor.py:208} INFO - Processing /home/airflow/.local/lib/python3.12/site-packages/airflow/example_dags/example_setup_teardown.py took 0.106 seconds
[2026-08-12T04:59:00.397+0000] {processor.py:186} INFO - Started process (PID=3256) to work on /home/airflow/.local/lib/python3.12/site-packages/airflow/example_dags/example_setup_teardown.py
[2026-08-12T04:59:00.399+0000] {processor.py:914} INFO - Processing file /home/airflow/.local/lib/python3.12/site-packages/airflow/example_dags/example_setup_teardown.py for tasks to queue
[2026-08-12T04:59:00.403+0000] {logging_mixin.py:190} INFO - [2026-08-12T04:59:00.402+0000] {dagbag.py:587} INFO - Filling up the DagBag from /home/airflow/.local/lib/python3.12/site-packages/airflow/example_dags/example_setup_teardown.py
[2026-08-12T04:59:00.415+0000] {processor.py:925} INFO - DAG(s) 'example_setup_teardown' retrieved from /home/airflow/.local/lib/python3.12/site-packages/airflow/example_dags/example_setup_teardown.py
[2026-08-12T04:59:00.439+0000] {logging_mixin.py:190} INFO - [2026-08-12T04:59:00.438+0000] {dag.py:3211} INFO - Sync 1 DAGs
[2026-08-12T04:59:00.656+0000] {logging_mixin.py:190} INFO - [2026-08-12T04:59:00.656+0000] {dag.py:4138} INFO - Setting next_dagrun for example_setup_teardown to 2026-08-11 00:00:00+00:00, run_after=2026-08-12 00:00:00+00:00
[2026-08-12T04:59:00.679+0000] {processor.py:208} INFO - Processing /home/airflow/.local/lib/python3.12/site-packages/airflow/example_dags/example_setup_teardown.py took 0.288 seconds
[2026-08-12T04:59:31.197+0000] {processor.py:186} INFO - Started process (PID=3319) to work on /home/airflow/.local/lib/python3.12/site-packages/airflow/example_dags/example_setup_teardown.py
[2026-08-12T04:59:31.198+0000] {processor.py:914} INFO - Processing file /home/airflow/.local/lib/python3.12/site-packages/airflow/example_dags/example_setup_teardown.py for tasks to queue
[2026-08-12T04:59:31.201+0000] {logging_mixin.py:190} INFO - [2026-08-12T04:59:31.201+0000] {dagbag.py:587} INFO - Filling up the DagBag from /home/airflow/.local/lib/python3.12/site-packages/airflow/example_dags/example_setup_teardown.py
[2026-08-12T04:59:31.210+0000] {processor.py:925} INFO - DAG(s) 'example_setup_teardown' retrieved from /home/airflow/.local/lib/python3.12/site-packages/airflow/example_dags/example_setup_teardown.py
[2026-08-12T04:59:31.230+0000] {logging_mixin.py:190} INFO - [2026-08-12T04:59:31.230+0000] {dag.py:3211} INFO - Sync 1 DAGs
[2026-08-12T04:59:31.401+0000] {logging_mixin.py:190} INFO - [2026-08-12T04:59:31.401+0000] {dag.py:4138} INFO - Setting next_dagrun for example_setup_teardown to 2026-08-11 00:00:00+00:00, run_after=2026-08-12 00:00:00+00:00
[2026-08-12T04:59:31.436+0000] {processor.py:208} INFO - Processing /home/airflow/.local/lib/python3.12/site-packages/airflow/example_dags/example_setup_teardown.py took 0.245 seconds
[2026-08-12T05:00:02.127+0000] {processor.py:186} INFO - Started process (PID=3382) to work on /home/airflow/.local/lib/python3.12/site-packages/airflow/example_dags/example_setup_teardown.py
[2026-08-12T05:00:02.128+0000] {processor.py:914} INFO - Processing file /home/airflow/.local/lib/python3.12/site-packages/airflow/example_dags/example_setup_teardown.py for tasks to queue
[2026-08-12T05:00:02.131+0000] {logging_mixin.py:190} INFO - [2026-08-12T05:00:02.131+0000] {dagbag.py:587} INFO - Filling up the DagBag from /home/airflow/.local/lib/python3.12/site-packages/airflow/example_dags/example_setup_teardown.py
[2026-08-12T05:00:02.141+0000] {processor.py:925} INFO - DAG(s) 'example_setup_teardown' retrieved from /home/airflow/.local/lib/python3.12/site-packages/airflow/example_dags/example_setup_teardown.py
[2026-08-12T05:00:02.162+0000] {logging_mixin.py:190} INFO - [2026-08-12T05:00:02.162+0000] {dag.py:3211} INFO - Sync 1 DAGs
[2026-08-12T05:00:02.184+0000] {logging_mixin.py:190} INFO - [2026-08-12T05:00:02.184+0000] {dag.py:4138} INFO - Setting next_dagrun for example_setup_teardown to 2026-08-11 00:00:00+00:00, run_after=2026-08-12 00:00:00+00:00
[2026-08-12T05:00:02.207+0000] {processor.py:208} INFO - Processing /home/airflow/.local/lib/python3.12/site-packages/airflow/example_dags/example_setup_teardown.py took 0.086 seconds
[2026-08-12T05:00:32.683+0000] {processor.py:186} INFO - Started process (PID=3445) to work on /home/airflow/.local/lib/python3.12/site-packages/airflow/example_dags/example_setup_teardown.py
[2026-08-12T05:00:32.685+0000] {processor.py:914} INFO - Processing file /home/airflow/.local/lib/python3.12/site-packages/airflow/example_dags/example_setup_teardown.py for tasks to queue
[2026-08-12T05:00:32.687+0000] {logging_mixin.py:190} INFO - [2026-08-12T05:00:32.687+0000] {dagbag.py:587} INFO - Filling up the DagBag from /home/airflow/.local/lib/python3.12/site-packages/airflow/example_dags/example_setup_teardown.py
[2026-08-12T05:00:32.695+0000] {processor.py:925} INFO - DAG(s) 'example_setup_teardown' retrieved from /home/airflow/.local/lib/python3.12/site-packages/airflow/example_dags/example_setup_teardown.py
[2026-08-12T05:00:32.715+0000] {logging_mixin.py:190} INFO - [2026-08-12T05:00:32.715+0000] {dag.py:3211} INFO - Sync 1 DAGs
[2026-08-12T05:00:32.738+0000] {logging_mixin.py:190} INFO - [2026-08-12T05:00:32.737+0000] {dag.py:4138} INFO - Setting next_dagrun for example_setup_teardown to 2026-08-11 00:00:00+00:00, run_after=2026-08-12 00:00:00+00:00
[2026-08-12T05:00:32.756+0000] {processor.py:208} INFO - Processing /home/airflow/.local/lib/python3.12/site-packages/airflow/example_dags/example_setup_teardown.py took 0.078 seconds
[2026-08-12T05:01:02.959+0000] {processor.py:186} INFO - Started process (PID=3508) to work on /home/airflow/.local/lib/python3.12/site-packages/airflow/example_dags/example_setup_teardown.py
[2026-08-12T05:01:02.961+0000] {processor.py:914} INFO - Processing file /home/airflow/.local/lib/python3.12/site-packages/airflow/example_dags/example_setup_teardown.py for tasks to queue
[2026-08-12T05:01:02.965+0000] {logging_mixin.py:190} INFO - [2026-08-12T05:01:02.964+0000] {dagbag.py:587} INFO - Filling up the DagBag from /home/airflow/.local/lib/python3.12/site-packages/airflow/example_dags/example_setup_teardown.py
[2026-08-12T05:01:02.975+0000] {processor.py:925} INFO - DAG(s) 'example_setup_teardown' retrieved from /home/airflow/.local/lib/python3.12/site-packages/airflow/example_dags/example_setup_teardown.py
[2026-08-12T05:01:02.995+0000] {logging_mixin.py:190} INFO - [2026-08-12T05:01:02.995+0000] {dag.py:3211} INFO - Sync 1 DAGs
[2026-08-12T05:01:03.019+0000] {logging_mixin.py:190} INFO - [2026-08-12T05:01:03.019+0000] {dag.py:4138} INFO - Setting next_dagrun for example_setup_teardown to 2026-08-11 00:00:00+00:00, run_after=2026-08-12 00:00:00+00:00
[2026-08-12T05:01:03.041+0000] {processor.py:208} INFO - Processing /home/airflow/.local/lib/python3.12/site-packages/airflow/example_dags/example_setup_teardown.py took 0.089 seconds
[2026-08-12T05:01:33.496+0000] {processor.py:186} INFO - Started process (PID=3577) to work on /home/airflow/.local/lib/python3.12/site-packages/airflow/example_dags/example_setup_teardown.py
[2026-08-12T05:01:33.498+0000] {processor.py:914} INFO - Processing file /home/airflow/.local/lib/python3.12/site-packages/airflow/example_dags/example_setup_teardown.py for tasks to queue
[2026-08-12T05:01:33.503+0000] {logging_mixin.py:190} INFO - [2026-08-12T05:01:33.502+0000] {dagbag.py:587} INFO - Filling up the DagBag from /home/airflow/.local/lib/python3.12/site-packages/airflow/example_dags/example_setup_teardown.py
[2026-08-12T05:01:33.515+0000] {processor.py:925} INFO - DAG(s) 'example_setup_teardown' retrieved from /home/airflow/.local/lib/python3.12/site-packages/airflow/example_dags/example_setup_teardown.py
[2026-08-12T05:01:33.540+0000] {logging_mixin.py:190} INFO - [2026-08-12T05:01:33.540+0000] {dag.py:3211} INFO - Sync 1 DAGs
[2026-08-12T05:01:33.565+0000] {logging_mixin.py:190} INFO - [2026-08-12T05:01:33.565+0000] {dag.py:4138} INFO - Setting next_dagrun for example_setup_teardown to 2026-08-11 00:00:00+00:00, run_after=2026-08-12 00:00:00+00:00
[2026-08-12T05:01:33.585+0000] {processor.py:208} INFO - Processing /home/airflow/.local/lib/python3.12/site-packages/airflow/example_dags/example_setup_teardown.py took 0.097 seconds
[2026-08-12T05:02:04.213+0000] {processor.py:186} INFO - Started process (PID=3640) to work on /home/airflow/.local/lib/python3.12/site-packages/airflow/example_dags/example_setup_teardown.py
[2026-08-12T05:02:04.215+0000] {processor.py:914} INFO - Processing file /home/airflow/.local/lib/python3.12/site-packages/airflow/example_dags/example_setup_teardown.py for tasks to queue
[2026-08-12T05:02:04.219+0000] {logging_mixin.py:190} INFO - [2026-08-12T05:02:04.218+0000] {dagbag.py:587} INFO - Filling up the DagBag from /home/airflow/.local/lib/python3.12/site-packages/airflow/example_dags/example_setup_teardown.py
[2026-08-12T05:02:04.230+0000] {processor.py:925} INFO - DAG(s) 'example_setup_teardown' retrieved from /home/airflow/.local/lib/python3.12/site-packages/airflow/example_dags/example_setup_teardown.py
[2026-08-12T05:02:04.256+0000] {logging_mixin.py:190} INFO - [2026-08-12T05:02:04.255+0000] {dag.py:3211} INFO - Sync 1 DAGs
[2026-08-12T05:02:04.287+0000] {logging_mixin.py:190} INFO - [2026-08-12T05:02:04.287+0000] {dag.py:4138} INFO - Setting next_dagrun for example_setup_teardown to 2026-08-11 00:00:00+00:00, run_after=2026-08-12 00:00:00+00:00
[2026-08-12T05:02:04.313+0000] {processor.py:208} INFO - Processing /home/airflow/.local/lib/python3.12/site-packages/airflow/example_dags/example_setup_teardown.py took 0.106 seconds
[2026-08-12T05:02:34.871+0000] {processor.py:186} INFO - Started process (PID=3703) to work on /home/airflow/.local/lib/python3.12/site-packages/airflow/example_dags/example_setup_teardown.py
[2026-08-12T05:02:34.873+0000] {processor.py:914} INFO - Processing file /home/airflow/.local/lib/python3.12/site-packages/airflow/example_dags/example_setup_teardown.py for tasks to queue
[2026-08-12T05:02:34.876+0000] {logging_mixin.py:190} INFO - [2026-08-12T05:02:34.876+0000] {dagbag.py:587} INFO - Filling up the DagBag from /home/airflow/.local/lib/python3.12/site-packages/airflow/example_dags/example_setup_teardown.py
[2026-08-12T05:02:34.885+0000] {processor.py:925} INFO - DAG(s) 'example_setup_teardown' retrieved from /home/airflow/.local/lib/python3.12/site-packages/airflow/example_dags/example_setup_teardown.py
[2026-08-12T05:02:34.908+0000] {logging_mixin.py:190} INFO - [2026-08-12T05:02:34.908+0000] {dag.py:3211} INFO - Sync 1 DAGs
[2026-08-12T05:02:34.932+0000] {logging_mixin.py:190} INFO - [2026-08-12T05:02:34.931+0000] {dag.py:4138} INFO - Setting next_dagrun for example_setup_teardown to 2026-08-11 00:00:00+00:00, run_after=2026-08-12 00:00:00+00:00
[2026-08-12T05:02:34.952+0000] {processor.py:208} INFO - Processing /home/airflow/.local/lib/python3.12/site-packages/airflow/example_dags/example_setup_teardown.py took 0.088 seconds
[2026-08-12T05:03:05.495+0000] {processor.py:186} INFO - Started process (PID=3766) to work on /home/airflow/.local/lib/python3.12/site-packages/airflow/example_dags/example_setup_teardown.py
[2026-08-12T05:03:05.499+0000] {processor.py:914} INFO - Processing file /home/airflow/.local/lib/python3.12/site-packages/airflow/example_dags/example_setup_teardown.py for tasks to queue
[2026-08-12T05:03:05.503+0000] {logging_mixin.py:190} INFO - [2026-08-12T05:03:05.503+0000] {dagbag.py:587} INFO - Filling up the DagBag from /home/airflow/.local/lib/python3.12/site-packages/airflow/example_dags/example_setup_teardown.py
[2026-08-12T05:03:05.515+0000] {processor.py:925} INFO - DAG(s) 'example_setup_teardown' retrieved from /home/airflow/.local/lib/python3.12/site-packages/airflow/example_dags/example_setup_teardown.py
[2026-08-12T05:03:05.536+0000] {logging_mixin.py:190} INFO - [2026-08-12T05:03:05.536+0000] {dag.py:3211} INFO - Sync 1 DAGs
[2026-08-12T05:03:05.569+0000] {logging_mixin.py:190} INFO - [2026-08-12T05:03:05.568+0000] {dag.py:4138} INFO - Setting next_dagrun for example_setup_teardown to 2026-08-11 00:00:00+00:00, run_after=2026-08-12 00:00:00+00:00
[2026-08-12T05:03:05.595+0000] {processor.py:208} INFO - Processing /home/airflow/.local/lib/python3.12/site-packages/airflow/example_dags/example_setup_teardown.py took 0.107 seconds
[2026-08-12T05:03:35.774+0000] {processor.py:186} INFO - Started process (PID=3829) to work on /home/airflow/.local/lib/python3.12/site-packages/airflow/example_dags/example_setup_teardown.py
[2026-08-12T05:03:35.775+0000] {processor.py:914} INFO - Processing file /home/airflow/.local/lib/python3.12/site-packages/airflow/example_dags/example_setup_teardown.py for tasks to queue
[2026-08-12T05:03:35.778+0000] {logging_mixin.py:190} INFO - [2026-08-12T05:03:35.778+0000] {dagbag.py:587} INFO - Filling up the DagBag from /home/airflow/.local/lib/python3.12/site-packages/airflow/example_dags/example_setup_teardown.py
[2026-08-12T05:03:35.786+0000] {processor.py:925} INFO - DAG(s) 'example_setup_teardown' retrieved from /home/airflow/.local/lib/python3.12/site-packages/airflow/example_dags/example_setup_teardown.py
[2026-08-12T05:03:35.804+0000] {logging_mixin.py:190} INFO - [2026-08-12T05:03:35.804+0000] {dag.py:3211} INFO - Sync 1 DAGs
[2026-08-12T05:03:35.825+0000] {logging_mixin.py:190} INFO - [2026-08-12T05:03:35.825+0000] {dag.py:4138} INFO - Setting next_dagrun for example_setup_teardown to 2026-08-11 00:00:00+00:00, run_after=2026-08-12 00:00:00+00:00
[2026-08-12T05:03:35.842+0000] {processor.py:208} INFO - Processing /home/airflow/.local/lib/python3.12/site-packages/airflow/example_dags/example_setup_teardown.py took 0.074 seconds
[2026-08-12T05:04:06.200+0000] {processor.py:186} INFO - Started process (PID=3893) to work on /home/airflow/.local/lib/python3.12/site-packages/airflow/example_dags/example_setup_teardown.py
[2026-08-12T05:04:06.201+0000] {processor.py:914} INFO - Processing file /home/airflow/.local/lib/python3.12/site-packages/airflow/example_dags/example_setup_teardown.py for tasks to queue
[2026-08-12T05:04:06.205+0000] {logging_mixin.py:190} INFO - [2026-08-12T05:04:06.204+0000] {dagbag.py:587} INFO - Filling up the DagBag from /home/airflow/.local/lib/python3.12/site-packages/airflow/example_dags/example_setup_teardown.py
[2026-08-12T05:04:06.214+0000] {processor.py:925} INFO - DAG(s) 'example_setup_teardown' retrieved from /home/airflow/.local/lib/python3.12/site-packages/airflow/example_dags/example_setup_teardown.py
[2026-08-12T05:04:06.235+0000] {logging_mixin.py:190} INFO - [2026-08-12T05:04:06.235+0000] {dag.py:3211} INFO - Sync 1 DAGs
[2026-08-12T05:04:06.256+0000] {logging_mixin.py:190} INFO - [2026-08-12T05:04:06.256+0000] {dag.py:4138} INFO - Setting next_dagrun for example_setup_teardown to 2026-08-11 00:00:00+00:00, run_after=2026-08-12 00:00:00+00:00
[2026-08-12T05:04:06.276+0000] {processor.py:208} INFO - Processing /home/airflow/.local/lib/python3.12/site-packages/airflow/example_dags/example_setup_teardown.py took 0.083 seconds
[2026-08-12T05:04:36.622+0000] {processor.py:186} INFO - Started process (PID=3956) to work on /home/airflow/.local/lib/python3.12/site-packages/airflow/example_dags/example_setup_teardown.py
[2026-08-12T05:04:36.624+0000] {processor.py:914} INFO - Processing file /home/airflow/.local/lib/python3.12/site-packages/airflow/example_dags/example_setup_teardown.py for tasks to queue
[2026-08-12T05:04:36.626+0000] {logging_mixin.py:190} INFO - [2026-08-12T05:04:36.626+0000] {dagbag.py:587} INFO - Filling up the DagBag from /home/airflow/.local/lib/python3.12/site-packages/airflow/example_dags/example_setup_teardown.py
[2026-08-12T05:04:36.635+0000] {processor.py:925} INFO - DAG(s) 'example_setup_teardown' retrieved from /home/airflow/.local/lib/python3.12/site-packages/airflow/example_dags/example_setup_teardown.py
[2026-08-12T05:04:36.657+0000] {logging_mixin.py:190} INFO - [2026-08-12T05:04:36.656+0000] {dag.py:3211} INFO - Sync 1 DAGs
[2026-08-12T05:04:36.677+0000] {logging_mixin.py:190} INFO - [2026-08-12T05:04:36.677+0000] {dag.py:4138} INFO - Setting next_dagrun for example_setup_teardown to 2026-08-11 00:00:00+00:00, run_after=2026-08-12 00:00:00+00:00
[2026-08-12T05:04:36.697+0000] {processor.py:208} INFO - Processing /home/airflow/.local/lib/python3.12/site-packages/airflow/example_dags/example_setup_teardown.py took 0.080 seconds
[2026-08-12T05:05:07.016+0000] {processor.py:186} INFO - Started process (PID=4019) to work on /home/airflow/.local/lib/python3.12/site-packages/airflow/example_dags/example_setup_teardown.py
[2026-08-12T05:05:07.018+0000] {processor.py:914} INFO - Processing file /home/airflow/.local/lib/python3.12/site-packages/airflow/example_dags/example_setup_teardown.py for tasks to queue
[2026-08-12T05:05:07.021+0000] {logging_mixin.py:190} INFO - [2026-08-12T05:05:07.021+0000] {dagbag.py:587} INFO - Filling up the DagBag from /home/airflow/.local/lib/python3.12/site-packages/airflow/example_dags/example_setup_teardown.py
[2026-08-12T05:05:07.033+0000] {processor.py:925} INFO - DAG(s) 'example_setup_teardown' retrieved from /home/airflow/.local/lib/python3.12/site-packages/airflow/example_dags/example_setup_teardown.py
[2026-08-12T05:05:07.056+0000] {logging_mixin.py:190} INFO - [2026-08-12T05:05:07.056+0000] {dag.py:3211} INFO - Sync 1 DAGs
[2026-08-12T05:05:07.083+0000] {logging_mixin.py:190} INFO - [2026-08-12T05:05:07.083+0000] {dag.py:4138} INFO - Setting next_dagrun for example_setup_teardown to 2026-08-11 00:00:00+00:00, run_after=2026-08-12 00:00:00+00:00
[2026-08-12T05:05:07.104+0000] {processor.py:208} INFO - Processing /home/airflow/.local/lib/python3.12/site-packages/airflow/example_dags/example_setup_teardown.py took 0.095 seconds
[2026-08-12T05:05:37.377+0000] {processor.py:186} INFO - Started process (PID=4082) to work on /home/airflow/.local/lib/python3.12/site-packages/airflow/example_dags/example_setup_teardown.py
[2026-08-12T05:05:37.379+0000] {processor.py:914} INFO - Processing file /home/airflow/.local/lib/python3.12/site-packages/airflow/example_dags/example_setup_teardown.py for tasks to queue
[2026-08-12T05:05:37.383+0000] {logging_mixin.py:190} INFO - [2026-08-12T05:05:37.382+0000] {dagbag.py:587} INFO - Filling up the DagBag from /home/airflow/.local/lib/python3.12/site-packages/airflow/example_dags/example_setup_teardown.py
[2026-08-12T05:05:37.392+0000] {processor.py:925} INFO - DAG(s) 'example_setup_teardown' retrieved from /home/airflow/.local/lib/python3.12/site-packages/airflow/example_dags/example_setup_teardown.py
[2026-08-12T05:05:37.414+0000] {logging_mixin.py:190} INFO - [2026-08-12T05:05:37.413+0000] {dag.py:3211} INFO - Sync 1 DAGs
[2026-08-12T05:05:37.436+0000] {logging_mixin.py:190} INFO - [2026-08-12T05:05:37.436+0000] {dag.py:4138} INFO - Setting next_dagrun for example_setup_teardown to 2026-08-11 00:00:00+00:00, run_after=2026-08-12 00:00:00+00:00
[2026-08-12T05:05:37.457+0000] {processor.py:208} INFO - Processing /home/airflow/.local/lib/python3.12/site-packages/airflow/example_dags/example_setup_teardown.py took 0.086 seconds
[2026-08-12T05:06:07.825+0000] {processor.py:186} INFO - Started process (PID=4145) to work on /home/airflow/.local/lib/python3.12/site-packages/airflow/example_dags/example_setup_teardown.py
[2026-08-12T05:06:07.826+0000] {processor.py:914} INFO - Processing file /home/airflow/.local/lib/python3.12/site-packages/airflow/example_dags/example_setup_teardown.py for tasks to queue
[2026-08-12T05:06:07.829+0000] {logging_mixin.py:190} INFO - [2026-08-12T05:06:07.829+0000] {dagbag.py:587} INFO - Filling up the DagBag from /home/airflow/.local/lib/python3.12/site-packages/airflow/example_dags/example_setup_teardown.py
[2026-08-12T05:06:07.838+0000] {processor.py:925} INFO - DAG(s) 'example_setup_teardown' retrieved from /home/airflow/.local/lib/python3.12/site-packages/airflow/example_dags/example_setup_teardown.py
[2026-08-12T05:06:07.860+0000] {logging_mixin.py:190} INFO - [2026-08-12T05:06:07.859+0000] {dag.py:3211} INFO - Sync 1 DAGs
[2026-08-12T05:06:07.883+0000] {logging_mixin.py:190} INFO - [2026-08-12T05:06:07.883+0000] {dag.py:4138} INFO - Setting next_dagrun for example_setup_teardown to 2026-08-11 00:00:00+00:00, run_after=2026-08-12 00:00:00+00:00
[2026-08-12T05:06:07.903+0000] {processor.py:208} INFO - Processing /home/airflow/.local/lib/python3.12/site-packages/airflow/example_dags/example_setup_teardown.py took 0.085 seconds
[2026-08-12T05:06:38.485+0000] {processor.py:186} INFO - Started process (PID=4208) to work on /home/airflow/.local/lib/python3.12/site-packages/airflow/example_dags/example_setup_teardown.py
[2026-08-12T05:06:38.487+0000] {processor.py:914} INFO - Processing file /home/airflow/.local/lib/python3.12/site-packages/airflow/example_dags/example_setup_teardown.py for tasks to queue
[2026-08-12T05:06:38.490+0000] {logging_mixin.py:190} INFO - [2026-08-12T05:06:38.489+0000] {dagbag.py:587} INFO - Filling up the DagBag from /home/airflow/.local/lib/python3.12/site-packages/airflow/example_dags/example_setup_teardown.py
[2026-08-12T05:06:38.499+0000] {processor.py:925} INFO - DAG(s) 'example_setup_teardown' retrieved from /home/airflow/.local/lib/python3.12/site-packages/airflow/example_dags/example_setup_teardown.py
[2026-08-12T05:06:38.521+0000] {logging_mixin.py:190} INFO - [2026-08-12T05:06:38.520+0000] {dag.py:3211} INFO - Sync 1 DAGs
[2026-08-12T05:06:38.544+0000] {logging_mixin.py:190} INFO - [2026-08-12T05:06:38.544+0000] {dag.py:4138} INFO - Setting next_dagrun for example_setup_teardown to 2026-08-11 00:00:00+00:00, run_after=2026-08-12 00:00:00+00:00
[2026-08-12T05:06:38.565+0000] {processor.py:208} INFO - Processing /home/airflow/.local/lib/python3.12/site-packages/airflow/example_dags/example_setup_teardown.py took 0.086 seconds
[2026-08-12T05:07:09.002+0000] {processor.py:186} INFO - Started process (PID=4271) to work on /home/airflow/.local/lib/python3.12/site-packages/airflow/example_dags/example_setup_teardown.py
[2026-08-12T05:07:09.004+0000] {processor.py:914} INFO - Processing file /home/airflow/.local/lib/python3.12/site-packages/airflow/example_dags/example_setup_teardown.py for tasks to queue
[2026-08-12T05:07:09.007+0000] {logging_mixin.py:190} INFO - [2026-08-12T05:07:09.007+0000] {dagbag.py:587} INFO - Filling up the DagBag from /home/airflow/.local/lib/python3.12/site-packages/airflow/example_dags/example_setup_teardown.py
[2026-08-12T05:07:09.019+0000] {processor.py:925} INFO - DAG(s) 'example_setup_teardown' retrieved from /home/airflow/.local/lib/python3.12/site-packages/airflow/example_dags/example_setup_teardown.py
[2026-08-12T05:07:09.049+0000] {logging_mixin.py:190} INFO - [2026-08-12T05:07:09.048+0000] {dag.py:3211} INFO - Sync 1 DAGs
[2026-08-12T05:07:09.087+0000] {logging_mixin.py:190} INFO - [2026-08-12T05:07:09.086+0000] {dag.py:4138} INFO - Setting next_dagrun for example_setup_teardown to 2026-08-11 00:00:00+00:00, run_after=2026-08-12 00:00:00+00:00
[2026-08-12T05:07:09.119+0000] {processor.py:208} INFO - Processing /home/airflow/.local/lib/python3.12/site-packages/airflow/example_dags/example_setup_teardown.py took 0.123 seconds
[2026-08-12T05:07:39.276+0000] {processor.py:186} INFO - Started process (PID=4334) to work on /home/airflow/.local/lib/python3.12/site-packages/airflow/example_dags/example_setup_teardown.py
[2026-08-12T05:07:39.278+0000] {processor.py:914} INFO - Processing file /home/airflow/.local/lib/python3.12/site-packages/airflow/example_dags/example_setup_teardown.py for tasks to queue
[2026-08-12T05:07:39.283+0000] {logging_mixin.py:190} INFO - [2026-08-12T05:07:39.283+0000] {dagbag.py:587} INFO - Filling up the DagBag from /home/airflow/.local/lib/python3.12/site-packages/airflow/example_dags/example_setup_teardown.py
[2026-08-12T05:07:39.295+0000] {processor.py:925} INFO - DAG(s) 'example_setup_teardown' retrieved from /home/airflow/.local/lib/python3.12/site-packages/airflow/example_dags/example_setup_teardown.py
[2026-08-12T05:07:39.323+0000] {logging_mixin.py:190} INFO - [2026-08-12T05:07:39.322+0000] {dag.py:3211} INFO - Sync 1 DAGs
[2026-08-12T05:07:39.354+0000] {logging_mixin.py:190} INFO - [2026-08-12T05:07:39.354+0000] {dag.py:4138} INFO - Setting next_dagrun for example_setup_teardown to 2026-08-11 00:00:00+00:00, run_after=2026-08-12 00:00:00+00:00
[2026-08-12T05:07:39.380+0000] {processor.py:208} INFO - Processing /home/airflow/.local/lib/python3.12/site-packages/airflow/example_dags/example_setup_teardown.py took 0.111 seconds
[2026-08-12T05:08:09.737+0000] {processor.py:186} INFO - Started process (PID=4397) to work on /home/airflow/.local/lib/python3.12/site-packages/airflow/example_dags/example_setup_teardown.py
[2026-08-12T05:08:09.739+0000] {processor.py:914} INFO - Processing file /home/airflow/.local/lib/python3.12/site-packages/airflow/example_dags/example_setup_teardown.py for tasks to queue
[2026-08-12T05:08:09.742+0000] {logging_mixin.py:190} INFO - [2026-08-12T05:08:09.741+0000] {dagbag.py:587} INFO - Filling up the DagBag from /home/airflow/.local/lib/python3.12/site-packages/airflow/example_dags/example_setup_teardown.py
[2026-08-12T05:08:09.752+0000] {processor.py:925} INFO - DAG(s) 'example_setup_teardown' retrieved from /home/airflow/.local/lib/python3.12/site-packages/airflow/example_dags/example_setup_teardown.py
[2026-08-12T05:08:09.773+0000] {logging_mixin.py:190} INFO - [2026-08-12T05:08:09.773+0000] {dag.py:3211} INFO - Sync 1 DAGs
[2026-08-12T05:08:09.795+0000] {logging_mixin.py:190} INFO - [2026-08-12T05:08:09.795+0000] {dag.py:4138} INFO - Setting next_dagrun for example_setup_teardown to 2026-08-11 00:00:00+00:00, run_after=2026-08-12 00:00:00+00:00
[2026-08-12T05:08:09.816+0000] {processor.py:208} INFO - Processing /home/airflow/.local/lib/python3.12/site-packages/airflow/example_dags/example_setup_teardown.py took 0.084 seconds
[2026-08-12T05:08:40.545+0000] {processor.py:186} INFO - Started process (PID=4460) to work on /home/airflow/.local/lib/python3.12/site-packages/airflow/example_dags/example_setup_teardown.py
[2026-08-12T05:08:40.547+0000] {processor.py:914} INFO - Processing file /home/airflow/.local/lib/python3.12/site-packages/airflow/example_dags/example_setup_teardown.py for tasks to queue
[2026-08-12T05:08:40.551+0000] {logging_mixin.py:190} INFO - [2026-08-12T05:08:40.550+0000] {dagbag.py:587} INFO - Filling up the DagBag from /home/airflow/.local/lib/python3.12/site-packages/airflow/example_dags/example_setup_teardown.py
[2026-08-12T05:08:40.560+0000] {processor.py:925} INFO - DAG(s) 'example_setup_teardown' retrieved from /home/airflow/.local/lib/python3.12/site-packages/airflow/example_dags/example_setup_teardown.py
[2026-08-12T05:08:40.585+0000] {logging_mixin.py:190} INFO - [2026-08-12T05:08:40.585+0000] {dag.py:3211} INFO - Sync 1 DAGs
[2026-08-12T05:08:40.615+0000] {logging_mixin.py:190} INFO - [2026-08-12T05:08:40.614+0000] {dag.py:4138} INFO - Setting next_dagrun for example_setup_teardown to 2026-08-11 00:00:00+00:00, run_after=2026-08-12 00:00:00+00:00
[2026-08-12T05:08:40.642+0000] {processor.py:208} INFO - Processing /home/airflow/.local/lib/python3.12/site-packages/airflow/example_dags/example_setup_teardown.py took 0.103 seconds
[2026-08-12T05:09:10.782+0000] {processor.py:186} INFO - Started process (PID=4523) to work on /home/airflow/.local/lib/python3.12/site-packages/airflow/example_dags/example_setup_teardown.py
[2026-08-12T05:09:10.784+0000] {processor.py:914} INFO - Processing file /home/airflow/.local/lib/python3.12/site-packages/airflow/example_dags/example_setup_teardown.py for tasks to queue
[2026-08-12T05:09:10.787+0000] {logging_mixin.py:190} INFO - [2026-08-12T05:09:10.786+0000] {dagbag.py:587} INFO - Filling up the DagBag from /home/airflow/.local/lib/python3.12/site-packages/airflow/example_dags/example_setup_teardown.py
[2026-08-12T05:09:10.797+0000] {processor.py:925} INFO - DAG(s) 'example_setup_teardown' retrieved from /home/airflow/.local/lib/python3.12/site-packages/airflow/example_dags/example_setup_teardown.py
[2026-08-12T05:09:10.818+0000] {logging_mixin.py:190} INFO - [2026-08-12T05:09:10.818+0000] {dag.py:3211} INFO - Sync 1 DAGs
[2026-08-12T05:09:10.843+0000] {logging_mixin.py:190} INFO - [2026-08-12T05:09:10.842+0000] {dag.py:4138} INFO - Setting next_dagrun for example_setup_teardown to 2026-08-11 00:00:00+00:00, run_after=2026-08-12 00:00:00+00:00
[2026-08-12T05:09:10.862+0000] {processor.py:208} INFO - Processing /home/airflow/.local/lib/python3.12/site-packages/airflow/example_dags/example_setup_teardown.py took 0.087 seconds
[2026-08-12T05:09:41.419+0000] {processor.py:186} INFO - Started process (PID=4586) to work on /home/airflow/.local/lib/python3.12/site-packages/airflow/example_dags/example_setup_teardown.py
[2026-08-12T05:09:41.421+0000] {processor.py:914} INFO - Processing file /home/airflow/.local/lib/python3.12/site-packages/airflow/example_dags/example_setup_teardown.py for tasks to queue
[2026-08-12T05:09:41.424+0000] {logging_mixin.py:190} INFO - [2026-08-12T05:09:41.423+0000] {dagbag.py:587} INFO - Filling up the DagBag from /home/airflow/.local/lib/python3.12/site-packages/airflow/example_dags/example_setup_teardown.py
[2026-08-12T05:09:41.432+0000] {processor.py:925} INFO - DAG(s) 'example_setup_teardown' retrieved from /home/airflow/.local/lib/python3.12/site-packages/airflow/example_dags/example_setup_teardown.py
[2026-08-12T05:09:41.464+0000] {logging_mixin.py:190} INFO - [2026-08-12T05:09:41.463+0000] {dag.py:3211} INFO - Sync 1 DAGs
[2026-08-12T05:09:41.485+0000] {logging_mixin.py:190} INFO - [2026-08-12T05:09:41.485+0000] {dag.py:4138} INFO - Setting next_dagrun for example_setup_teardown to 2026-08-11 00:00:00+00:00, run_after=2026-08-12 00:00:00+00:00
[2026-08-12T05:09:41.504+0000] {processor.py:208} INFO - Processing /home/airflow/.local/lib/python3.12/site-packages/airflow/example_dags/example_setup_teardown.py took 0.090 seconds
[2026-08-12T05:10:12.018+0000] {processor.py:186} INFO - Started process (PID=4649) to work on /home/airflow/.local/lib/python3.12/site-packages/airflow/example_dags/example_setup_teardown.py
[2026-08-12T05:10:12.020+0000] {processor.py:914} INFO - Processing file /home/airflow/.local/lib/python3.12/site-packages/airflow/example_dags/example_setup_teardown.py for tasks to queue
[2026-08-12T05:10:12.024+0000] {logging_mixin.py:190} INFO - [2026-08-12T05:10:12.024+0000] {dagbag.py:587} INFO - Filling up the DagBag from /home/airflow/.local/lib/python3.12/site-packages/airflow/example_dags/example_setup_teardown.py
[2026-08-12T05:10:12.036+0000] {processor.py:925} INFO - DAG(s) 'example_setup_teardown' retrieved from /home/airflow/.local/lib/python3.12/site-packages/airflow/example_dags/example_setup_teardown.py
[2026-08-12T05:10:12.062+0000] {logging_mixin.py:190} INFO - [2026-08-12T05:10:12.061+0000] {dag.py:3211} INFO - Sync 1 DAGs
[2026-08-12T05:10:12.089+0000] {logging_mixin.py:190} INFO - [2026-08-12T05:10:12.088+0000] {dag.py:4138} INFO - Setting next_dagrun for example_setup_teardown to 2026-08-11 00:00:00+00:00, run_after=2026-08-12 00:00:00+00:00
[2026-08-12T05:10:12.112+0000] {processor.py:208} INFO - Processing /home/airflow/.local/lib/python3.12/site-packages/airflow/example_dags/example_setup_teardown.py took 0.100 seconds
[2026-08-12T05:10:42.741+0000] {processor.py:186} INFO - Started process (PID=4712) to work on /home/airflow/.local/lib/python3.12/site-packages/airflow/example_dags/example_setup_teardown.py
[2026-08-12T05:10:42.742+0000] {processor.py:914} INFO - Processing file /home/airflow/.local/lib/python3.12/site-packages/airflow/example_dags/example_setup_teardown.py for tasks to queue
[2026-08-12T05:10:42.746+0000] {logging_mixin.py:190} INFO - [2026-08-12T05:10:42.745+0000] {dagbag.py:587} INFO - Filling up the DagBag from /home/airflow/.local/lib/python3.12/site-packages/airflow/example_dags/example_setup_teardown.py
[2026-08-12T05:10:42.756+0000] {processor.py:925} INFO - DAG(s) 'example_setup_teardown' retrieved from /home/airflow/.local/lib/python3.12/site-packages/airflow/example_dags/example_setup_teardown.py
[2026-08-12T05:10:42.776+0000] {logging_mixin.py:190} INFO - [2026-08-12T05:10:42.776+0000] {dag.py:3211} INFO - Sync 1 DAGs
[2026-08-12T05:10:42.799+0000] {logging_mixin.py:190} INFO - [2026-08-12T05:10:42.799+0000] {dag.py:4138} INFO - Setting next_dagrun for example_setup_teardown to 2026-08-11 00:00:00+00:00, run_after=2026-08-12 00:00:00+00:00
[2026-08-12T05:10:42.818+0000] {processor.py:208} INFO - Processing /home/airflow/.local/lib/python3.12/site-packages/airflow/example_dags/example_setup_teardown.py took 0.085 seconds
[2026-08-12T05:11:13.042+0000] {processor.py:186} INFO - Started process (PID=4775) to work on /home/airflow/.local/lib/python3.12/site-packages/airflow/example_dags/example_setup_teardown.py
[2026-08-12T05:11:13.044+0000] {processor.py:914} INFO - Processing file /home/airflow/.local/lib/python3.12/site-packages/airflow/example_dags/example_setup_teardown.py for tasks to queue
[2026-08-12T05:11:13.047+0000] {logging_mixin.py:190} INFO - [2026-08-12T05:11:13.046+0000] {dagbag.py:587} INFO - Filling up the DagBag from /home/airflow/.local/lib/python3.12/site-packages/airflow/example_dags/example_setup_teardown.py
[2026-08-12T05:11:13.057+0000] {processor.py:925} INFO - DAG(s) 'example_setup_teardown' retrieved from /home/airflow/.local/lib/python3.12/site-packages/airflow/example_dags/example_setup_teardown.py
[2026-08-12T05:11:13.077+0000] {logging_mixin.py:190} INFO - [2026-08-12T05:11:13.077+0000] {dag.py:3211} INFO - Sync 1 DAGs
[2026-08-12T05:11:13.098+0000] {logging_mixin.py:190} INFO - [2026-08-12T05:11:13.098+0000] {dag.py:4138} INFO - Setting next_dagrun for example_setup_teardown to 2026-08-11 00:00:00+00:00, run_after=2026-08-12 00:00:00+00:00
[2026-08-12T05:11:13.117+0000] {processor.py:208} INFO - Processing /home/airflow/.local/lib/python3.12/site-packages/airflow/example_dags/example_setup_teardown.py took 0.080 seconds
[2026-08-12T05:11:43.642+0000] {processor.py:186} INFO - Started process (PID=4838) to work on /home/airflow/.local/lib/python3.12/site-packages/airflow/example_dags/example_setup_teardown.py
[2026-08-12T05:11:43.644+0000] {processor.py:914} INFO - Processing file /home/airflow/.local/lib/python3.12/site-packages/airflow/example_dags/example_setup_teardown.py for tasks to queue
[2026-08-12T05:11:43.647+0000] {logging_mixin.py:190} INFO - [2026-08-12T05:11:43.647+0000] {dagbag.py:587} INFO - Filling up the DagBag from /home/airflow/.local/lib/python3.12/site-packages/airflow/example_dags/example_setup_teardown.py
[2026-08-12T05:11:43.660+0000] {processor.py:925} INFO - DAG(s) 'example_setup_teardown' retrieved from /home/airflow/.local/lib/python3.12/site-packages/airflow/example_dags/example_setup_teardown.py
[2026-08-12T05:11:43.684+0000] {logging_mixin.py:190} INFO - [2026-08-12T05:11:43.684+0000] {dag.py:3211} INFO - Sync 1 DAGs
[2026-08-12T05:11:43.709+0000] {logging_mixin.py:190} INFO - [2026-08-12T05:11:43.709+0000] {dag.py:4138} INFO - Setting next_dagrun for example_setup_teardown to 2026-08-11 00:00:00+00:00, run_after=2026-08-12 00:00:00+00:00
[2026-08-12T05:11:43.731+0000] {processor.py:208} INFO - Processing /home/airflow/.local/lib/python3.12/site-packages/airflow/example_dags/example_setup_teardown.py took 0.097 seconds
[2026-08-12T05:12:14.214+0000] {processor.py:186} INFO - Started process (PID=4901) to work on /home/airflow/.local/lib/python3.12/site-packages/airflow/example_dags/example_setup_teardown.py
[2026-08-12T05:12:14.272+0000] {processor.py:914} INFO - Processing file /home/airflow/.local/lib/python3.12/site-packages/airflow/example_dags/example_setup_teardown.py for tasks to queue
[2026-08-12T05:12:14.279+0000] {logging_mixin.py:190} INFO - [2026-08-12T05:12:14.278+0000] {dagbag.py:587} INFO - Filling up the DagBag from /home/airflow/.local/lib/python3.12/site-packages/airflow/example_dags/example_setup_teardown.py
[2026-08-12T05:12:14.305+0000] {processor.py:925} INFO - DAG(s) 'example_setup_teardown' retrieved from /home/airflow/.local/lib/python3.12/site-packages/airflow/example_dags/example_setup_teardown.py
[2026-08-12T05:12:14.352+0000] {logging_mixin.py:190} INFO - [2026-08-12T05:12:14.352+0000] {dag.py:3211} INFO - Sync 1 DAGs
[2026-08-12T05:12:14.383+0000] {logging_mixin.py:190} INFO - [2026-08-12T05:12:14.383+0000] {dag.py:4138} INFO - Setting next_dagrun for example_setup_teardown to 2026-08-11 00:00:00+00:00, run_after=2026-08-12 00:00:00+00:00
[2026-08-12T05:12:14.418+0000] {processor.py:208} INFO - Processing /home/airflow/.local/lib/python3.12/site-packages/airflow/example_dags/example_setup_teardown.py took 0.214 seconds
[2026-08-12T05:12:45.104+0000] {processor.py:186} INFO - Started process (PID=4964) to work on /home/airflow/.local/lib/python3.12/site-packages/airflow/example_dags/example_setup_teardown.py
[2026-08-12T05:12:45.106+0000] {processor.py:914} INFO - Processing file /home/airflow/.local/lib/python3.12/site-packages/airflow/example_dags/example_setup_teardown.py for tasks to queue
[2026-08-12T05:12:45.109+0000] {logging_mixin.py:190} INFO - [2026-08-12T05:12:45.109+0000] {dagbag.py:587} INFO - Filling up the DagBag from /home/airflow/.local/lib/python3.12/site-packages/airflow/example_dags/example_setup_teardown.py
[2026-08-12T05:12:45.118+0000] {processor.py:925} INFO - DAG(s) 'example_setup_teardown' retrieved from /home/airflow/.local/lib/python3.12/site-packages/airflow/example_dags/example_setup_teardown.py
[2026-08-12T05:12:45.138+0000] {logging_mixin.py:190} INFO - [2026-08-12T05:12:45.138+0000] {dag.py:3211} INFO - Sync 1 DAGs
[2026-08-12T05:12:45.158+0000] {logging_mixin.py:190} INFO - [2026-08-12T05:12:45.158+0000] {dag.py:4138} INFO - Setting next_dagrun for example_setup_teardown to 2026-08-11 00:00:00+00:00, run_after=2026-08-12 00:00:00+00:00
[2026-08-12T05:12:45.178+0000] {processor.py:208} INFO - Processing /home/airflow/.local/lib/python3.12/site-packages/airflow/example_dags/example_setup_teardown.py took 0.080 seconds
[2026-08-12T05:13:15.460+0000] {processor.py:186} INFO - Started process (PID=5027) to work on /home/airflow/.local/lib/python3.12/site-packages/airflow/example_dags/example_setup_teardown.py
[2026-08-12T05:13:15.461+0000] {processor.py:914} INFO - Processing file /home/airflow/.local/lib/python3.12/site-packages/airflow/example_dags/example_setup_teardown.py for tasks to queue
[2026-08-12T05:13:15.464+0000] {logging_mixin.py:190} INFO - [2026-08-12T05:13:15.464+0000] {dagbag.py:587} INFO - Filling up the DagBag from /home/airflow/.local/lib/python3.12/site-packages/airflow/example_dags/example_setup_teardown.py
[2026-08-12T05:13:15.474+0000] {processor.py:925} INFO - DAG(s) 'example_setup_teardown' retrieved from /home/airflow/.local/lib/python3.12/site-packages/airflow/example_dags/example_setup_teardown.py
[2026-08-12T05:13:15.497+0000] {logging_mixin.py:190} INFO - [2026-08-12T05:13:15.497+0000] {dag.py:3211} INFO - Sync 1 DAGs
[2026-08-12T05:13:15.524+0000] {logging_mixin.py:190} INFO - [2026-08-12T05:13:15.524+0000] {dag.py:4138} INFO - Setting next_dagrun for example_setup_teardown to 2026-08-11 00:00:00+00:00, run_after=2026-08-12 00:00:00+00:00
[2026-08-12T05:13:15.548+0000] {processor.py:208} INFO - Processing /home/airflow/.local/lib/python3.12/site-packages/airflow/example_dags/example_setup_teardown.py took 0.096 seconds
[2026-08-12T05:13:45.815+0000] {processor.py:186} INFO - Started process (PID=5090) to work on /home/airflow/.local/lib/python3.12/site-packages/airflow/example_dags/example_setup_teardown.py
[2026-08-12T05:13:45.817+0000] {processor.py:914} INFO - Processing file /home/airflow/.local/lib/python3.12/site-packages/airflow/example_dags/example_setup_teardown.py for tasks to queue
[2026-08-12T05:13:45.820+0000] {logging_mixin.py:190} INFO - [2026-08-12T05:13:45.819+0000] {dagbag.py:587} INFO - Filling up the DagBag from /home/airflow/.local/lib/python3.12/site-packages/airflow/example_dags/example_setup_teardown.py
[2026-08-12T05:13:45.828+0000] {processor.py:925} INFO - DAG(s) 'example_setup_teardown' retrieved from /home/airflow/.local/lib/python3.12/site-packages/airflow/example_dags/example_setup_teardown.py
[2026-08-12T05:13:45.847+0000] {logging_mixin.py:190} INFO - [2026-08-12T05:13:45.847+0000] {dag.py:3211} INFO - Sync 1 DAGs
[2026-08-12T05:13:45.868+0000] {logging_mixin.py:190} INFO - [2026-08-12T05:13:45.867+0000] {dag.py:4138} INFO - Setting next_dagrun for example_setup_teardown to 2026-08-11 00:00:00+00:00, run_after=2026-08-12 00:00:00+00:00
[2026-08-12T05:13:45.888+0000] {processor.py:208} INFO - Processing /home/airflow/.local/lib/python3.12/site-packages/airflow/example_dags/example_setup_teardown.py took 0.078 seconds
[2026-08-12T05:14:16.416+0000] {processor.py:186} INFO - Started process (PID=5153) to work on /home/airflow/.local/lib/python3.12/site-packages/airflow/example_dags/example_setup_teardown.py
[2026-08-12T05:14:16.418+0000] {processor.py:914} INFO - Processing file /home/airflow/.local/lib/python3.12/site-packages/airflow/example_dags/example_setup_teardown.py for tasks to queue
[2026-08-12T05:14:16.422+0000] {logging_mixin.py:190} INFO - [2026-08-12T05:14:16.422+0000] {dagbag.py:587} INFO - Filling up the DagBag from /home/airflow/.local/lib/python3.12/site-packages/airflow/example_dags/example_setup_teardown.py
[2026-08-12T05:14:16.433+0000] {processor.py:925} INFO - DAG(s) 'example_setup_teardown' retrieved from /home/airflow/.local/lib/python3.12/site-packages/airflow/example_dags/example_setup_teardown.py
[2026-08-12T05:14:16.457+0000] {logging_mixin.py:190} INFO - [2026-08-12T05:14:16.457+0000] {dag.py:3211} INFO - Sync 1 DAGs
[2026-08-12T05:14:16.482+0000] {logging_mixin.py:190} INFO - [2026-08-12T05:14:16.481+0000] {dag.py:4138} INFO - Setting next_dagrun for example_setup_teardown to 2026-08-11 00:00:00+00:00, run_after=2026-08-12 00:00:00+00:00
[2026-08-12T05:14:16.501+0000] {processor.py:208} INFO - Processing /home/airflow/.local/lib/python3.12/site-packages/airflow/example_dags/example_setup_teardown.py took 0.093 seconds
[2026-08-12T05:14:46.943+0000] {processor.py:186} INFO - Started process (PID=5216) to work on /home/airflow/.local/lib/python3.12/site-packages/airflow/example_dags/example_setup_teardown.py
[2026-08-12T05:14:46.945+0000] {processor.py:914} INFO - Processing file /home/airflow/.local/lib/python3.12/site-packages/airflow/example_dags/example_setup_teardown.py for tasks to queue
[2026-08-12T05:14:46.948+0000] {logging_mixin.py:190} INFO - [2026-08-12T05:14:46.948+0000] {dagbag.py:587} INFO - Filling up the DagBag from /home/airflow/.local/lib/python3.12/site-packages/airflow/example_dags/example_setup_teardown.py
[2026-08-12T05:14:46.960+0000] {processor.py:925} INFO - DAG(s) 'example_setup_teardown' retrieved from /home/airflow/.local/lib/python3.12/site-packages/airflow/example_dags/example_setup_teardown.py
[2026-08-12T05:14:46.981+0000] {logging_mixin.py:190} INFO - [2026-08-12T05:14:46.981+0000] {dag.py:3211} INFO - Sync 1 DAGs
[2026-08-12T05:14:47.007+0000] {logging_mixin.py:190} INFO - [2026-08-12T05:14:47.006+0000] {dag.py:4138} INFO - Setting next_dagrun for example_setup_teardown to 2026-08-11 00:00:00+00:00, run_after=2026-08-12 00:00:00+00:00
[2026-08-12T05:14:47.029+0000] {processor.py:208} INFO - Processing /home/airflow/.local/lib/python3.12/site-packages/airflow/example_dags/example_setup_teardown.py took 0.094 seconds
[2026-08-12T05:15:17.752+0000] {processor.py:186} INFO - Started process (PID=5279) to work on /home/airflow/.local/lib/python3.12/site-packages/airflow/example_dags/example_setup_teardown.py
[2026-08-12T05:15:17.754+0000] {processor.py:914} INFO - Processing file /home/airflow/.local/lib/python3.12/site-packages/airflow/example_dags/example_setup_teardown.py for tasks to queue
[2026-08-12T05:15:17.758+0000] {logging_mixin.py:190} INFO - [2026-08-12T05:15:17.758+0000] {dagbag.py:587} INFO - Filling up the DagBag from /home/airflow/.local/lib/python3.12/site-packages/airflow/example_dags/example_setup_teardown.py
[2026-08-12T05:15:17.769+0000] {processor.py:925} INFO - DAG(s) 'example_setup_teardown' retrieved from /home/airflow/.local/lib/python3.12/site-packages/airflow/example_dags/example_setup_teardown.py
[2026-08-12T05:15:17.791+0000] {logging_mixin.py:190} INFO - [2026-08-12T05:15:17.791+0000] {dag.py:3211} INFO - Sync 1 DAGs
[2026-08-12T05:15:17.814+0000] {logging_mixin.py:190} INFO - [2026-08-12T05:15:17.814+0000] {dag.py:4138} INFO - Setting next_dagrun for example_setup_teardown to 2026-08-11 00:00:00+00:00, run_after=2026-08-12 00:00:00+00:00
[2026-08-12T05:15:17.832+0000] {processor.py:208} INFO - Processing /home/airflow/.local/lib/python3.12/site-packages/airflow/example_dags/example_setup_teardown.py took 0.089 seconds
[2026-08-12T05:15:48.126+0000] {processor.py:186} INFO - Started process (PID=5342) to work on /home/airflow/.local/lib/python3.12/site-packages/airflow/example_dags/example_setup_teardown.py
[2026-08-12T05:15:48.128+0000] {processor.py:914} INFO - Processing file /home/airflow/.local/lib/python3.12/site-packages/airflow/example_dags/example_setup_teardown.py for tasks to queue
[2026-08-12T05:15:48.133+0000] {logging_mixin.py:190} INFO - [2026-08-12T05:15:48.133+0000] {dagbag.py:587} INFO - Filling up the DagBag from /home/airflow/.local/lib/python3.12/site-packages/airflow/example_dags/example_setup_teardown.py
[2026-08-12T05:15:48.143+0000] {processor.py:925} INFO - DAG(s) 'example_setup_teardown' retrieved from /home/airflow/.local/lib/python3.12/site-packages/airflow/example_dags/example_setup_teardown.py
[2026-08-12T05:15:48.172+0000] {logging_mixin.py:190} INFO - [2026-08-12T05:15:48.172+0000] {dag.py:3211} INFO - Sync 1 DAGs
[2026-08-12T05:15:48.211+0000] {logging_mixin.py:190} INFO - [2026-08-12T05:15:48.211+0000] {dag.py:4138} INFO - Setting next_dagrun for example_setup_teardown to 2026-08-11 00:00:00+00:00, run_after=2026-08-12 00:00:00+00:00
[2026-08-12T05:15:48.244+0000] {processor.py:208} INFO - Processing /home/airflow/.local/lib/python3.12/site-packages/airflow/example_dags/example_setup_teardown.py took 0.125 seconds
[2026-08-12T05:16:18.839+0000] {processor.py:186} INFO - Started process (PID=5405) to work on /home/airflow/.local/lib/python3.12/site-packages/airflow/example_dags/example_setup_teardown.py
[2026-08-12T05:16:18.841+0000] {processor.py:914} INFO - Processing file /home/airflow/.local/lib/python3.12/site-packages/airflow/example_dags/example_setup_teardown.py for tasks to queue
[2026-08-12T05:16:18.844+0000] {logging_mixin.py:190} INFO - [2026-08-12T05:16:18.843+0000] {dagbag.py:587} INFO - Filling up the DagBag from /home/airflow/.local/lib/python3.12/site-packages/airflow/example_dags/example_setup_teardown.py
[2026-08-12T05:16:18.852+0000] {processor.py:925} INFO - DAG(s) 'example_setup_teardown' retrieved from /home/airflow/.local/lib/python3.12/site-packages/airflow/example_dags/example_setup_teardown.py
[2026-08-12T05:16:18.871+0000] {logging_mixin.py:190} INFO - [2026-08-12T05:16:18.871+0000] {dag.py:3211} INFO - Sync 1 DAGs
[2026-08-12T05:16:18.892+0000] {logging_mixin.py:190} INFO - [2026-08-12T05:16:18.892+0000] {dag.py:4138} INFO - Setting next_dagrun for example_setup_teardown to 2026-08-11 00:00:00+00:00, run_after=2026-08-12 00:00:00+00:00
[2026-08-12T05:16:18.911+0000] {processor.py:208} INFO - Processing /home/airflow/.local/lib/python3.12/site-packages/airflow/example_dags/example_setup_teardown.py took 0.077 seconds
[2026-08-12T05:16:49.377+0000] {processor.py:186} INFO - Started process (PID=5468) to work on /home/airflow/.local/lib/python3.12/site-packages/airflow/example_dags/example_setup_teardown.py
[2026-08-12T05:16:49.379+0000] {processor.py:914} INFO - Processing file /home/airflow/.local/lib/python3.12/site-packages/airflow/example_dags/example_setup_teardown.py for tasks to queue
[2026-08-12T05:16:49.382+0000] {logging_mixin.py:190} INFO - [2026-08-12T05:16:49.382+0000] {dagbag.py:587} INFO - Filling up the DagBag from /home/airflow/.local/lib/python3.12/site-packages/airflow/example_dags/example_setup_teardown.py
[2026-08-12T05:16:49.392+0000] {processor.py:925} INFO - DAG(s) 'example_setup_teardown' retrieved from /home/airflow/.local/lib/python3.12/site-packages/airflow/example_dags/example_setup_teardown.py
[2026-08-12T05:16:49.417+0000] {logging_mixin.py:190} INFO - [2026-08-12T05:16:49.417+0000] {dag.py:3211} INFO - Sync 1 DAGs
[2026-08-12T05:16:49.452+0000] {logging_mixin.py:190} INFO - [2026-08-12T05:16:49.452+0000] {dag.py:4138} INFO - Setting next_dagrun for example_setup_teardown to 2026-08-11 00:00:00+00:00, run_after=2026-08-12 00:00:00+00:00
[2026-08-12T05:16:49.475+0000] {processor.py:208} INFO - Processing /home/airflow/.local/lib/python3.12/site-packages/airflow/example_dags/example_setup_teardown.py took 0.105 seconds
[2026-08-12T05:17:19.889+0000] {processor.py:186} INFO - Started process (PID=5531) to work on /home/airflow/.local/lib/python3.12/site-packages/airflow/example_dags/example_setup_teardown.py
[2026-08-12T05:17:19.891+0000] {processor.py:914} INFO - Processing file /home/airflow/.local/lib/python3.12/site-packages/airflow/example_dags/example_setup_teardown.py for tasks to queue
[2026-08-12T05:17:19.896+0000] {logging_mixin.py:190} INFO - [2026-08-12T05:17:19.895+0000] {dagbag.py:587} INFO - Filling up the DagBag from /home/airflow/.local/lib/python3.12/site-packages/airflow/example_dags/example_setup_teardown.py
[2026-08-12T05:17:19.919+0000] {processor.py:925} INFO - DAG(s) 'example_setup_teardown' retrieved from /home/airflow/.local/lib/python3.12/site-packages/airflow/example_dags/example_setup_teardown.py
[2026-08-12T05:17:19.958+0000] {logging_mixin.py:190} INFO - [2026-08-12T05:17:19.958+0000] {dag.py:3211} INFO - Sync 1 DAGs
[2026-08-12T05:17:20.000+0000] {logging_mixin.py:190} INFO - [2026-08-12T05:17:20.000+0000] {dag.py:4138} INFO - Setting next_dagrun for example_setup_teardown to 2026-08-11 00:00:00+00:00, run_after=2026-08-12 00:00:00+00:00
[2026-08-12T05:17:20.030+0000] {processor.py:208} INFO - Processing /home/airflow/.local/lib/python3.12/site-packages/airflow/example_dags/example_setup_teardown.py took 0.155 seconds
[2026-08-12T05:17:50.740+0000] {processor.py:186} INFO - Started process (PID=5594) to work on /home/airflow/.local/lib/python3.12/site-packages/airflow/example_dags/example_setup_teardown.py
[2026-08-12T05:17:50.741+0000] {processor.py:914} INFO - Processing file /home/airflow/.local/lib/python3.12/site-packages/airflow/example_dags/example_setup_teardown.py for tasks to queue
[2026-08-12T05:17:50.744+0000] {logging_mixin.py:190} INFO - [2026-08-12T05:17:50.744+0000] {dagbag.py:587} INFO - Filling up the DagBag from /home/airflow/.local/lib/python3.12/site-packages/airflow/example_dags/example_setup_teardown.py
[2026-08-12T05:17:50.754+0000] {processor.py:925} INFO - DAG(s) 'example_setup_teardown' retrieved from /home/airflow/.local/lib/python3.12/site-packages/airflow/example_dags/example_setup_teardown.py
[2026-08-12T05:17:50.780+0000] {logging_mixin.py:190} INFO - [2026-08-12T05:17:50.780+0000] {dag.py:3211} INFO - Sync 1 DAGs
[2026-08-12T05:17:50.808+0000] {logging_mixin.py:190} INFO - [2026-08-12T05:17:50.808+0000] {dag.py:4138} INFO - Setting next_dagrun for example_setup_teardown to 2026-08-11 00:00:00+00:00, run_after=2026-08-12 00:00:00+00:00
[2026-08-12T05:17:50.834+0000] {processor.py:208} INFO - Processing /home/airflow/.local/lib/python3.12/site-packages/airflow/example_dags/example_setup_teardown.py took 0.101 seconds
[2026-08-12T05:18:21.676+0000] {processor.py:186} INFO - Started process (PID=5657) to work on /home/airflow/.local/lib/python3.12/site-packages/airflow/example_dags/example_setup_teardown.py
[2026-08-12T05:18:21.678+0000] {processor.py:914} INFO - Processing file /home/airflow/.local/lib/python3.12/site-packages/airflow/example_dags/example_setup_teardown.py for tasks to queue
[2026-08-12T05:18:21.681+0000] {logging_mixin.py:190} INFO - [2026-08-12T05:18:21.681+0000] {dagbag.py:587} INFO - Filling up the DagBag from /home/airflow/.local/lib/python3.12/site-packages/airflow/example_dags/example_setup_teardown.py
[2026-08-12T05:18:21.692+0000] {processor.py:925} INFO - DAG(s) 'example_setup_teardown' retrieved from /home/airflow/.local/lib/python3.12/site-packages/airflow/example_dags/example_setup_teardown.py
[2026-08-12T05:18:21.714+0000] {logging_mixin.py:190} INFO - [2026-08-12T05:18:21.714+0000] {dag.py:3211} INFO - Sync 1 DAGs
[2026-08-12T05:18:21.745+0000] {logging_mixin.py:190} INFO - [2026-08-12T05:18:21.745+0000] {dag.py:4138} INFO - Setting next_dagrun for example_setup_teardown to 2026-08-11 00:00:00+00:00, run_after=2026-08-12 00:00:00+00:00
[2026-08-12T05:18:21.769+0000] {processor.py:208} INFO - Processing /home/airflow/.local/lib/python3.12/site-packages/airflow/example_dags/example_setup_teardown.py took 0.098 seconds
[2026-08-12T05:18:52.023+0000] {processor.py:186} INFO - Started process (PID=5720) to work on /home/airflow/.local/lib/python3.12/site-packages/airflow/example_dags/example_setup_teardown.py
[2026-08-12T05:18:52.026+0000] {processor.py:914} INFO - Processing file /home/airflow/.local/lib/python3.12/site-packages/airflow/example_dags/example_setup_teardown.py for tasks to queue
[2026-08-12T05:18:52.032+0000] {logging_mixin.py:190} INFO - [2026-08-12T05:18:52.031+0000] {dagbag.py:587} INFO - Filling up the DagBag from /home/airflow/.local/lib/python3.12/site-packages/airflow/example_dags/example_setup_teardown.py
[2026-08-12T05:18:52.054+0000] {processor.py:925} INFO - DAG(s) 'example_setup_teardown' retrieved from /home/airflow/.local/lib/python3.12/site-packages/airflow/example_dags/example_setup_teardown.py
[2026-08-12T05:18:52.110+0000] {logging_mixin.py:190} INFO - [2026-08-12T05:18:52.109+0000] {dag.py:3211} INFO - Sync 1 DAGs
[2026-08-12T05:18:52.165+0000] {logging_mixin.py:190} INFO - [2026-08-12T05:18:52.165+0000] {dag.py:4138} INFO - Setting next_dagrun for example_setup_teardown to 2026-08-11 00:00:00+00:00, run_after=2026-08-12 00:00:00+00:00
[2026-08-12T05:18:52.238+0000] {processor.py:208} INFO - Processing /home/airflow/.local/lib/python3.12/site-packages/airflow/example_dags/example_setup_teardown.py took 0.231 seconds
[2026-08-12T05:19:23.034+0000] {processor.py:186} INFO - Started process (PID=5784) to work on /home/airflow/.local/lib/python3.12/site-packages/airflow/example_dags/example_setup_teardown.py
[2026-08-12T05:19:23.037+0000] {processor.py:914} INFO - Processing file /home/airflow/.local/lib/python3.12/site-packages/airflow/example_dags/example_setup_teardown.py for tasks to queue
[2026-08-12T05:19:23.043+0000] {logging_mixin.py:190} INFO - [2026-08-12T05:19:23.042+0000] {dagbag.py:587} INFO - Filling up the DagBag from /home/airflow/.local/lib/python3.12/site-packages/airflow/example_dags/example_setup_teardown.py
[2026-08-12T05:19:23.084+0000] {processor.py:925} INFO - DAG(s) 'example_setup_teardown' retrieved from /home/airflow/.local/lib/python3.12/site-packages/airflow/example_dags/example_setup_teardown.py
[2026-08-12T05:19:23.181+0000] {logging_mixin.py:190} INFO - [2026-08-12T05:19:23.180+0000] {dag.py:3211} INFO - Sync 1 DAGs
[2026-08-12T05:19:23.255+0000] {logging_mixin.py:190} INFO - [2026-08-12T05:19:23.254+0000] {dag.py:4138} INFO - Setting next_dagrun for example_setup_teardown to 2026-08-11 00:00:00+00:00, run_after=2026-08-12 00:00:00+00:00
[2026-08-12T05:19:23.334+0000] {processor.py:208} INFO - Processing /home/airflow/.local/lib/python3.12/site-packages/airflow/example_dags/example_setup_teardown.py took 0.311 seconds
[2026-08-12T05:19:54.458+0000] {processor.py:186} INFO - Started process (PID=5847) to work on /home/airflow/.local/lib/python3.12/site-packages/airflow/example_dags/example_setup_teardown.py
[2026-08-12T05:19:54.507+0000] {processor.py:914} INFO - Processing file /home/airflow/.local/lib/python3.12/site-packages/airflow/example_dags/example_setup_teardown.py for tasks to queue
[2026-08-12T05:19:54.516+0000] {logging_mixin.py:190} INFO - [2026-08-12T05:19:54.515+0000] {dagbag.py:587} INFO - Filling up the DagBag from /home/airflow/.local/lib/python3.12/site-packages/airflow/example_dags/example_setup_teardown.py
[2026-08-12T05:19:54.557+0000] {processor.py:925} INFO - DAG(s) 'example_setup_teardown' retrieved from /home/airflow/.local/lib/python3.12/site-packages/airflow/example_dags/example_setup_teardown.py
[2026-08-12T05:19:54.636+0000] {logging_mixin.py:190} INFO - [2026-08-12T05:19:54.635+0000] {dag.py:3211} INFO - Sync 1 DAGs
[2026-08-12T05:19:54.734+0000] {logging_mixin.py:190} INFO - [2026-08-12T05:19:54.733+0000] {dag.py:4138} INFO - Setting next_dagrun for example_setup_teardown to 2026-08-11 00:00:00+00:00, run_after=2026-08-12 00:00:00+00:00
[2026-08-12T05:19:54.838+0000] {processor.py:208} INFO - Processing /home/airflow/.local/lib/python3.12/site-packages/airflow/example_dags/example_setup_teardown.py took 0.396 seconds
[2026-08-12T05:20:25.742+0000] {processor.py:186} INFO - Started process (PID=5910) to work on /home/airflow/.local/lib/python3.12/site-packages/airflow/example_dags/example_setup_teardown.py
[2026-08-12T05:20:25.745+0000] {processor.py:914} INFO - Processing file /home/airflow/.local/lib/python3.12/site-packages/airflow/example_dags/example_setup_teardown.py for tasks to queue
[2026-08-12T05:20:25.760+0000] {logging_mixin.py:190} INFO - [2026-08-12T05:20:25.759+0000] {dagbag.py:587} INFO - Filling up the DagBag from /home/airflow/.local/lib/python3.12/site-packages/airflow/example_dags/example_setup_teardown.py
[2026-08-12T05:20:25.796+0000] {processor.py:925} INFO - DAG(s) 'example_setup_teardown' retrieved from /home/airflow/.local/lib/python3.12/site-packages/airflow/example_dags/example_setup_teardown.py
[2026-08-12T05:20:25.865+0000] {logging_mixin.py:190} INFO - [2026-08-12T05:20:25.865+0000] {dag.py:3211} INFO - Sync 1 DAGs
[2026-08-12T05:20:25.964+0000] {logging_mixin.py:190} INFO - [2026-08-12T05:20:25.963+0000] {dag.py:4138} INFO - Setting next_dagrun for example_setup_teardown to 2026-08-11 00:00:00+00:00, run_after=2026-08-12 00:00:00+00:00
[2026-08-12T05:20:26.042+0000] {processor.py:208} INFO - Processing /home/airflow/.local/lib/python3.12/site-packages/airflow/example_dags/example_setup_teardown.py took 0.317 seconds
[2026-08-12T05:20:57.165+0000] {processor.py:186} INFO - Started process (PID=5974) to work on /home/airflow/.local/lib/python3.12/site-packages/airflow/example_dags/example_setup_teardown.py
[2026-08-12T05:20:57.169+0000] {processor.py:914} INFO - Processing file /home/airflow/.local/lib/python3.12/site-packages/airflow/example_dags/example_setup_teardown.py for tasks to queue
[2026-08-12T05:20:57.184+0000] {logging_mixin.py:190} INFO - [2026-08-12T05:20:57.183+0000] {dagbag.py:587} INFO - Filling up the DagBag from /home/airflow/.local/lib/python3.12/site-packages/airflow/example_dags/example_setup_teardown.py
[2026-08-12T05:20:57.220+0000] {processor.py:925} INFO - DAG(s) 'example_setup_teardown' retrieved from /home/airflow/.local/lib/python3.12/site-packages/airflow/example_dags/example_setup_teardown.py
[2026-08-12T05:20:57.309+0000] {logging_mixin.py:190} INFO - [2026-08-12T05:20:57.299+0000] {dag.py:3211} INFO - Sync 1 DAGs
[2026-08-12T05:20:57.387+0000] {logging_mixin.py:190} INFO - [2026-08-12T05:20:57.387+0000] {dag.py:4138} INFO - Setting next_dagrun for example_setup_teardown to 2026-08-11 00:00:00+00:00, run_after=2026-08-12 00:00:00+00:00
[2026-08-12T05:20:57.447+0000] {processor.py:208} INFO - Processing /home/airflow/.local/lib/python3.12/site-packages/airflow/example_dags/example_setup_teardown.py took 0.302 seconds
[2026-08-12T05:21:27.604+0000] {processor.py:186} INFO - Started process (PID=6037) to work on /home/airflow/.local/lib/python3.12/site-packages/airflow/example_dags/example_setup_teardown.py
[2026-08-12T05:21:27.605+0000] {processor.py:914} INFO - Processing file /home/airflow/.local/lib/python3.12/site-packages/airflow/example_dags/example_setup_teardown.py for tasks to queue
[2026-08-12T05:21:27.609+0000] {logging_mixin.py:190} INFO - [2026-08-12T05:21:27.608+0000] {dagbag.py:587} INFO - Filling up the DagBag from /home/airflow/.local/lib/python3.12/site-packages/airflow/example_dags/example_setup_teardown.py
[2026-08-12T05:21:27.619+0000] {processor.py:925} INFO - DAG(s) 'example_setup_teardown' retrieved from /home/airflow/.local/lib/python3.12/site-packages/airflow/example_dags/example_setup_teardown.py
[2026-08-12T05:21:27.641+0000] {logging_mixin.py:190} INFO - [2026-08-12T05:21:27.640+0000] {dag.py:3211} INFO - Sync 1 DAGs
[2026-08-12T05:21:27.662+0000] {logging_mixin.py:190} INFO - [2026-08-12T05:21:27.661+0000] {dag.py:4138} INFO - Setting next_dagrun for example_setup_teardown to 2026-08-11 00:00:00+00:00, run_after=2026-08-12 00:00:00+00:00
[2026-08-12T05:21:27.692+0000] {processor.py:208} INFO - Processing /home/airflow/.local/lib/python3.12/site-packages/airflow/example_dags/example_setup_teardown.py took 0.095 seconds
[2026-08-12T05:21:58.092+0000] {processor.py:186} INFO - Started process (PID=6102) to work on /home/airflow/.local/lib/python3.12/site-packages/airflow/example_dags/example_setup_teardown.py
[2026-08-12T05:21:58.094+0000] {processor.py:914} INFO - Processing file /home/airflow/.local/lib/python3.12/site-packages/airflow/example_dags/example_setup_teardown.py for tasks to queue
[2026-08-12T05:21:58.098+0000] {logging_mixin.py:190} INFO - [2026-08-12T05:21:58.098+0000] {dagbag.py:587} INFO - Filling up the DagBag from /home/airflow/.local/lib/python3.12/site-packages/airflow/example_dags/example_setup_teardown.py
[2026-08-12T05:21:58.108+0000] {processor.py:925} INFO - DAG(s) 'example_setup_teardown' retrieved from /home/airflow/.local/lib/python3.12/site-packages/airflow/example_dags/example_setup_teardown.py
[2026-08-12T05:21:58.134+0000] {logging_mixin.py:190} INFO - [2026-08-12T05:21:58.134+0000] {dag.py:3211} INFO - Sync 1 DAGs
[2026-08-12T05:21:58.172+0000] {logging_mixin.py:190} INFO - [2026-08-12T05:21:58.171+0000] {dag.py:4138} INFO - Setting next_dagrun for example_setup_teardown to 2026-08-11 00:00:00+00:00, run_after=2026-08-12 00:00:00+00:00
[2026-08-12T05:21:58.209+0000] {processor.py:208} INFO - Processing /home/airflow/.local/lib/python3.12/site-packages/airflow/example_dags/example_setup_teardown.py took 0.123 seconds
[2026-08-12T05:22:28.562+0000] {processor.py:186} INFO - Started process (PID=6166) to work on /home/airflow/.local/lib/python3.12/site-packages/airflow/example_dags/example_setup_teardown.py
[2026-08-12T05:22:28.564+0000] {processor.py:914} INFO - Processing file /home/airflow/.local/lib/python3.12/site-packages/airflow/example_dags/example_setup_teardown.py for tasks to queue
[2026-08-12T05:22:28.567+0000] {logging_mixin.py:190} INFO - [2026-08-12T05:22:28.567+0000] {dagbag.py:587} INFO - Filling up the DagBag from /home/airflow/.local/lib/python3.12/site-packages/airflow/example_dags/example_setup_teardown.py
[2026-08-12T05:22:28.578+0000] {processor.py:925} INFO - DAG(s) 'example_setup_teardown' retrieved from /home/airflow/.local/lib/python3.12/site-packages/airflow/example_dags/example_setup_teardown.py
[2026-08-12T05:22:28.600+0000] {logging_mixin.py:190} INFO - [2026-08-12T05:22:28.600+0000] {dag.py:3211} INFO - Sync 1 DAGs
[2026-08-12T05:22:28.623+0000] {logging_mixin.py:190} INFO - [2026-08-12T05:22:28.622+0000] {dag.py:4138} INFO - Setting next_dagrun for example_setup_teardown to 2026-08-11 00:00:00+00:00, run_after=2026-08-12 00:00:00+00:00
[2026-08-12T05:22:28.657+0000] {processor.py:208} INFO - Processing /home/airflow/.local/lib/python3.12/site-packages/airflow/example_dags/example_setup_teardown.py took 0.101 seconds
[2026-08-12T05:22:59.206+0000] {processor.py:186} INFO - Started process (PID=6230) to work on /home/airflow/.local/lib/python3.12/site-packages/airflow/example_dags/example_setup_teardown.py
[2026-08-12T05:22:59.207+0000] {processor.py:914} INFO - Processing file /home/airflow/.local/lib/python3.12/site-packages/airflow/example_dags/example_setup_teardown.py for tasks to queue
[2026-08-12T05:22:59.210+0000] {logging_mixin.py:190} INFO - [2026-08-12T05:22:59.210+0000] {dagbag.py:587} INFO - Filling up the DagBag from /home/airflow/.local/lib/python3.12/site-packages/airflow/example_dags/example_setup_teardown.py
[2026-08-12T05:22:59.218+0000] {processor.py:925} INFO - DAG(s) 'example_setup_teardown' retrieved from /home/airflow/.local/lib/python3.12/site-packages/airflow/example_dags/example_setup_teardown.py
[2026-08-12T05:22:59.238+0000] {logging_mixin.py:190} INFO - [2026-08-12T05:22:59.238+0000] {dag.py:3211} INFO - Sync 1 DAGs
[2026-08-12T05:22:59.259+0000] {logging_mixin.py:190} INFO - [2026-08-12T05:22:59.259+0000] {dag.py:4138} INFO - Setting next_dagrun for example_setup_teardown to 2026-08-11 00:00:00+00:00, run_after=2026-08-12 00:00:00+00:00
[2026-08-12T05:22:59.278+0000] {processor.py:208} INFO - Processing /home/airflow/.local/lib/python3.12/site-packages/airflow/example_dags/example_setup_teardown.py took 0.078 seconds
[2026-08-12T05:23:29.503+0000] {processor.py:186} INFO - Started process (PID=6294) to work on /home/airflow/.local/lib/python3.12/site-packages/airflow/example_dags/example_setup_teardown.py
[2026-08-12T05:23:29.504+0000] {processor.py:914} INFO - Processing file /home/airflow/.local/lib/python3.12/site-packages/airflow/example_dags/example_setup_teardown.py for tasks to queue
[2026-08-12T05:23:29.507+0000] {logging_mixin.py:190} INFO - [2026-08-12T05:23:29.507+0000] {dagbag.py:587} INFO - Filling up the DagBag from /home/airflow/.local/lib/python3.12/site-packages/airflow/example_dags/example_setup_teardown.py
[2026-08-12T05:23:29.516+0000] {processor.py:925} INFO - DAG(s) 'example_setup_teardown' retrieved from /home/airflow/.local/lib/python3.12/site-packages/airflow/example_dags/example_setup_teardown.py
[2026-08-12T05:23:29.536+0000] {logging_mixin.py:190} INFO - [2026-08-12T05:23:29.535+0000] {dag.py:3211} INFO - Sync 1 DAGs
[2026-08-12T05:23:29.562+0000] {logging_mixin.py:190} INFO - [2026-08-12T05:23:29.562+0000] {dag.py:4138} INFO - Setting next_dagrun for example_setup_teardown to 2026-08-11 00:00:00+00:00, run_after=2026-08-12 00:00:00+00:00
[2026-08-12T05:23:29.580+0000] {processor.py:208} INFO - Processing /home/airflow/.local/lib/python3.12/site-packages/airflow/example_dags/example_setup_teardown.py took 0.082 seconds
[2026-08-12T05:23:59.685+0000] {processor.py:186} INFO - Started process (PID=6357) to work on /home/airflow/.local/lib/python3.12/site-packages/airflow/example_dags/example_setup_teardown.py
[2026-08-12T05:23:59.687+0000] {processor.py:914} INFO - Processing file /home/airflow/.local/lib/python3.12/site-packages/airflow/example_dags/example_setup_teardown.py for tasks to queue
[2026-08-12T05:23:59.689+0000] {logging_mixin.py:190} INFO - [2026-08-12T05:23:59.689+0000] {dagbag.py:587} INFO - Filling up the DagBag from /home/airflow/.local/lib/python3.12/site-packages/airflow/example_dags/example_setup_teardown.py
[2026-08-12T05:23:59.698+0000] {processor.py:925} INFO - DAG(s) 'example_setup_teardown' retrieved from /home/airflow/.local/lib/python3.12/site-packages/airflow/example_dags/example_setup_teardown.py
[2026-08-12T05:23:59.719+0000] {logging_mixin.py:190} INFO - [2026-08-12T05:23:59.718+0000] {dag.py:3211} INFO - Sync 1 DAGs
[2026-08-12T05:23:59.744+0000] {logging_mixin.py:190} INFO - [2026-08-12T05:23:59.744+0000] {dag.py:4138} INFO - Setting next_dagrun for example_setup_teardown to 2026-08-11 00:00:00+00:00, run_after=2026-08-12 00:00:00+00:00
[2026-08-12T05:23:59.774+0000] {processor.py:208} INFO - Processing /home/airflow/.local/lib/python3.12/site-packages/airflow/example_dags/example_setup_teardown.py took 0.094 seconds
[2026-08-12T05:24:30.327+0000] {processor.py:186} INFO - Started process (PID=6420) to work on /home/airflow/.local/lib/python3.12/site-packages/airflow/example_dags/example_setup_teardown.py
[2026-08-12T05:24:30.329+0000] {processor.py:914} INFO - Processing file /home/airflow/.local/lib/python3.12/site-packages/airflow/example_dags/example_setup_teardown.py for tasks to queue
[2026-08-12T05:24:30.332+0000] {logging_mixin.py:190} INFO - [2026-08-12T05:24:30.332+0000] {dagbag.py:587} INFO - Filling up the DagBag from /home/airflow/.local/lib/python3.12/site-packages/airflow/example_dags/example_setup_teardown.py
[2026-08-12T05:24:30.342+0000] {processor.py:925} INFO - DAG(s) 'example_setup_teardown' retrieved from /home/airflow/.local/lib/python3.12/site-packages/airflow/example_dags/example_setup_teardown.py
[2026-08-12T05:24:30.363+0000] {logging_mixin.py:190} INFO - [2026-08-12T05:24:30.362+0000] {dag.py:3211} INFO - Sync 1 DAGs
[2026-08-12T05:24:30.383+0000] {logging_mixin.py:190} INFO - [2026-08-12T05:24:30.383+0000] {dag.py:4138} INFO - Setting next_dagrun for example_setup_teardown to 2026-08-11 00:00:00+00:00, run_after=2026-08-12 00:00:00+00:00
[2026-08-12T05:24:30.403+0000] {processor.py:208} INFO - Processing /home/airflow/.local/lib/python3.12/site-packages/airflow/example_dags/example_setup_teardown.py took 0.083 seconds
[2026-08-12T05:25:00.651+0000] {processor.py:186} INFO - Started process (PID=6484) to work on /home/airflow/.local/lib/python3.12/site-packages/airflow/example_dags/example_setup_teardown.py
[2026-08-12T05:25:00.653+0000] {processor.py:914} INFO - Processing file /home/airflow/.local/lib/python3.12/site-packages/airflow/example_dags/example_setup_teardown.py for tasks to queue
[2026-08-12T05:25:00.656+0000] {logging_mixin.py:190} INFO - [2026-08-12T05:25:00.655+0000] {dagbag.py:587} INFO - Filling up the DagBag from /home/airflow/.local/lib/python3.12/site-packages/airflow/example_dags/example_setup_teardown.py
[2026-08-12T05:25:00.664+0000] {processor.py:925} INFO - DAG(s) 'example_setup_teardown' retrieved from /home/airflow/.local/lib/python3.12/site-packages/airflow/example_dags/example_setup_teardown.py
[2026-08-12T05:25:00.686+0000] {logging_mixin.py:190} INFO - [2026-08-12T05:25:00.686+0000] {dag.py:3211} INFO - Sync 1 DAGs
[2026-08-12T05:25:00.709+0000] {logging_mixin.py:190} INFO - [2026-08-12T05:25:00.708+0000] {dag.py:4138} INFO - Setting next_dagrun for example_setup_teardown to 2026-08-11 00:00:00+00:00, run_after=2026-08-12 00:00:00+00:00
[2026-08-12T05:25:00.729+0000] {processor.py:208} INFO - Processing /home/airflow/.local/lib/python3.12/site-packages/airflow/example_dags/example_setup_teardown.py took 0.083 seconds
[2026-08-12T05:25:31.292+0000] {processor.py:186} INFO - Started process (PID=6547) to work on /home/airflow/.local/lib/python3.12/site-packages/airflow/example_dags/example_setup_teardown.py
[2026-08-12T05:25:31.293+0000] {processor.py:914} INFO - Processing file /home/airflow/.local/lib/python3.12/site-packages/airflow/example_dags/example_setup_teardown.py for tasks to queue
[2026-08-12T05:25:31.296+0000] {logging_mixin.py:190} INFO - [2026-08-12T05:25:31.296+0000] {dagbag.py:587} INFO - Filling up the DagBag from /home/airflow/.local/lib/python3.12/site-packages/airflow/example_dags/example_setup_teardown.py
[2026-08-12T05:25:31.307+0000] {processor.py:925} INFO - DAG(s) 'example_setup_teardown' retrieved from /home/airflow/.local/lib/python3.12/site-packages/airflow/example_dags/example_setup_teardown.py
[2026-08-12T05:25:31.331+0000] {logging_mixin.py:190} INFO - [2026-08-12T05:25:31.331+0000] {dag.py:3211} INFO - Sync 1 DAGs
[2026-08-12T05:25:31.355+0000] {logging_mixin.py:190} INFO - [2026-08-12T05:25:31.355+0000] {dag.py:4138} INFO - Setting next_dagrun for example_setup_teardown to 2026-08-11 00:00:00+00:00, run_after=2026-08-12 00:00:00+00:00
[2026-08-12T05:25:31.378+0000] {processor.py:208} INFO - Processing /home/airflow/.local/lib/python3.12/site-packages/airflow/example_dags/example_setup_teardown.py took 0.092 seconds
