[2026-08-12T04:30:50.081+0000] {processor.py:186} INFO - Started process (PID=91) to work on /home/airflow/.local/lib/python3.12/site-packages/airflow/example_dags/example_sensors.py
[2026-08-12T04:30:50.083+0000] {processor.py:914} INFO - Processing file /home/airflow/.local/lib/python3.12/site-packages/airflow/example_dags/example_sensors.py for tasks to queue
[2026-08-12T04:30:50.086+0000] {logging_mixin.py:190} INFO - [2026-08-12T04:30:50.086+0000] {dagbag.py:587} INFO - Filling up the DagBag from /home/airflow/.local/lib/python3.12/site-packages/airflow/example_dags/example_sensors.py
[2026-08-12T04:30:50.101+0000] {processor.py:925} INFO - DAG(s) 'example_sensors' retrieved from /home/airflow/.local/lib/python3.12/site-packages/airflow/example_dags/example_sensors.py
[2026-08-12T04:30:50.255+0000] {logging_mixin.py:190} INFO - [2026-08-12T04:30:50.254+0000] {override.py:1858} INFO - Created Permission View: can edit on DAG:example_sensors
[2026-08-12T04:30:50.272+0000] {logging_mixin.py:190} INFO - [2026-08-12T04:30:50.271+0000] {override.py:1858} INFO - Created Permission View: can delete on DAG:example_sensors
[2026-08-12T04:30:50.285+0000] {logging_mixin.py:190} INFO - [2026-08-12T04:30:50.285+0000] {override.py:1858} INFO - Created Permission View: can read on DAG:example_sensors
[2026-08-12T04:30:50.287+0000] {logging_mixin.py:190} INFO - [2026-08-12T04:30:50.287+0000] {dag.py:3211} INFO - Sync 1 DAGs
[2026-08-12T04:30:50.307+0000] {logging_mixin.py:190} INFO - [2026-08-12T04:30:50.306+0000] {dag.py:3234} INFO - Creating ORM DAG for example_sensors
[2026-08-12T04:30:50.309+0000] {logging_mixin.py:190} INFO - [2026-08-12T04:30:50.308+0000] {dag.py:4138} INFO - Setting next_dagrun for example_sensors to None, run_after=None
[2026-08-12T04:30:50.336+0000] {processor.py:208} INFO - Processing /home/airflow/.local/lib/python3.12/site-packages/airflow/example_dags/example_sensors.py took 0.261 seconds
[2026-08-12T04:31:21.342+0000] {processor.py:186} INFO - Started process (PID=153) to work on /home/airflow/.local/lib/python3.12/site-packages/airflow/example_dags/example_sensors.py
[2026-08-12T04:31:21.344+0000] {processor.py:914} INFO - Processing file /home/airflow/.local/lib/python3.12/site-packages/airflow/example_dags/example_sensors.py for tasks to queue
[2026-08-12T04:31:21.348+0000] {logging_mixin.py:190} INFO - [2026-08-12T04:31:21.347+0000] {dagbag.py:587} INFO - Filling up the DagBag from /home/airflow/.local/lib/python3.12/site-packages/airflow/example_dags/example_sensors.py
[2026-08-12T04:31:21.359+0000] {processor.py:925} INFO - DAG(s) 'example_sensors' retrieved from /home/airflow/.local/lib/python3.12/site-packages/airflow/example_dags/example_sensors.py
[2026-08-12T04:31:21.386+0000] {logging_mixin.py:190} INFO - [2026-08-12T04:31:21.386+0000] {dag.py:3211} INFO - Sync 1 DAGs
[2026-08-12T04:31:21.414+0000] {logging_mixin.py:190} INFO - [2026-08-12T04:31:21.414+0000] {dag.py:4138} INFO - Setting next_dagrun for example_sensors to None, run_after=None
[2026-08-12T04:31:21.445+0000] {processor.py:208} INFO - Processing /home/airflow/.local/lib/python3.12/site-packages/airflow/example_dags/example_sensors.py took 0.111 seconds
[2026-08-12T04:31:51.531+0000] {processor.py:186} INFO - Started process (PID=215) to work on /home/airflow/.local/lib/python3.12/site-packages/airflow/example_dags/example_sensors.py
[2026-08-12T04:31:51.532+0000] {processor.py:914} INFO - Processing file /home/airflow/.local/lib/python3.12/site-packages/airflow/example_dags/example_sensors.py for tasks to queue
[2026-08-12T04:31:51.535+0000] {logging_mixin.py:190} INFO - [2026-08-12T04:31:51.535+0000] {dagbag.py:587} INFO - Filling up the DagBag from /home/airflow/.local/lib/python3.12/site-packages/airflow/example_dags/example_sensors.py
[2026-08-12T04:31:51.545+0000] {processor.py:925} INFO - DAG(s) 'example_sensors' retrieved from /home/airflow/.local/lib/python3.12/site-packages/airflow/example_dags/example_sensors.py
[2026-08-12T04:31:51.571+0000] {logging_mixin.py:190} INFO - [2026-08-12T04:31:51.570+0000] {dag.py:3211} INFO - Sync 1 DAGs
[2026-08-12T04:31:51.584+0000] {logging_mixin.py:190} INFO - [2026-08-12T04:31:51.584+0000] {dag.py:4138} INFO - Setting next_dagrun for example_sensors to None, run_after=None
[2026-08-12T04:31:51.617+0000] {processor.py:208} INFO - Processing /home/airflow/.local/lib/python3.12/site-packages/airflow/example_dags/example_sensors.py took 0.092 seconds
[2026-08-12T04:33:04.025+0000] {processor.py:186} INFO - Started process (PID=88) to work on /home/airflow/.local/lib/python3.12/site-packages/airflow/example_dags/example_sensors.py
[2026-08-12T04:33:04.028+0000] {processor.py:914} INFO - Processing file /home/airflow/.local/lib/python3.12/site-packages/airflow/example_dags/example_sensors.py for tasks to queue
[2026-08-12T04:33:04.036+0000] {logging_mixin.py:190} INFO - [2026-08-12T04:33:04.036+0000] {dagbag.py:587} INFO - Filling up the DagBag from /home/airflow/.local/lib/python3.12/site-packages/airflow/example_dags/example_sensors.py
[2026-08-12T04:33:04.066+0000] {processor.py:925} INFO - DAG(s) 'example_sensors' retrieved from /home/airflow/.local/lib/python3.12/site-packages/airflow/example_dags/example_sensors.py
[2026-08-12T04:33:04.123+0000] {logging_mixin.py:190} INFO - [2026-08-12T04:33:04.122+0000] {dag.py:3211} INFO - Sync 1 DAGs
[2026-08-12T04:33:04.151+0000] {logging_mixin.py:190} INFO - [2026-08-12T04:33:04.151+0000] {dag.py:4138} INFO - Setting next_dagrun for example_sensors to None, run_after=None
[2026-08-12T04:33:04.189+0000] {processor.py:208} INFO - Processing /home/airflow/.local/lib/python3.12/site-packages/airflow/example_dags/example_sensors.py took 0.178 seconds
[2026-08-12T04:33:34.959+0000] {processor.py:186} INFO - Started process (PID=150) to work on /home/airflow/.local/lib/python3.12/site-packages/airflow/example_dags/example_sensors.py
[2026-08-12T04:33:34.961+0000] {processor.py:914} INFO - Processing file /home/airflow/.local/lib/python3.12/site-packages/airflow/example_dags/example_sensors.py for tasks to queue
[2026-08-12T04:33:34.964+0000] {logging_mixin.py:190} INFO - [2026-08-12T04:33:34.963+0000] {dagbag.py:587} INFO - Filling up the DagBag from /home/airflow/.local/lib/python3.12/site-packages/airflow/example_dags/example_sensors.py
[2026-08-12T04:33:34.979+0000] {processor.py:925} INFO - DAG(s) 'example_sensors' retrieved from /home/airflow/.local/lib/python3.12/site-packages/airflow/example_dags/example_sensors.py
[2026-08-12T04:33:35.017+0000] {logging_mixin.py:190} INFO - [2026-08-12T04:33:35.017+0000] {dag.py:3211} INFO - Sync 1 DAGs
[2026-08-12T04:33:35.073+0000] {logging_mixin.py:190} INFO - [2026-08-12T04:33:35.073+0000] {dag.py:4138} INFO - Setting next_dagrun for example_sensors to None, run_after=None
[2026-08-12T04:33:35.118+0000] {processor.py:208} INFO - Processing /home/airflow/.local/lib/python3.12/site-packages/airflow/example_dags/example_sensors.py took 0.169 seconds
[2026-08-12T04:34:05.409+0000] {processor.py:186} INFO - Started process (PID=212) to work on /home/airflow/.local/lib/python3.12/site-packages/airflow/example_dags/example_sensors.py
[2026-08-12T04:34:05.411+0000] {processor.py:914} INFO - Processing file /home/airflow/.local/lib/python3.12/site-packages/airflow/example_dags/example_sensors.py for tasks to queue
[2026-08-12T04:34:05.414+0000] {logging_mixin.py:190} INFO - [2026-08-12T04:34:05.414+0000] {dagbag.py:587} INFO - Filling up the DagBag from /home/airflow/.local/lib/python3.12/site-packages/airflow/example_dags/example_sensors.py
[2026-08-12T04:34:05.427+0000] {processor.py:925} INFO - DAG(s) 'example_sensors' retrieved from /home/airflow/.local/lib/python3.12/site-packages/airflow/example_dags/example_sensors.py
[2026-08-12T04:34:05.454+0000] {logging_mixin.py:190} INFO - [2026-08-12T04:34:05.453+0000] {dag.py:3211} INFO - Sync 1 DAGs
[2026-08-12T04:34:05.469+0000] {logging_mixin.py:190} INFO - [2026-08-12T04:34:05.469+0000] {dag.py:4138} INFO - Setting next_dagrun for example_sensors to None, run_after=None
[2026-08-12T04:34:05.491+0000] {processor.py:208} INFO - Processing /home/airflow/.local/lib/python3.12/site-packages/airflow/example_dags/example_sensors.py took 0.091 seconds
[2026-08-12T04:34:36.190+0000] {processor.py:186} INFO - Started process (PID=274) to work on /home/airflow/.local/lib/python3.12/site-packages/airflow/example_dags/example_sensors.py
[2026-08-12T04:34:36.191+0000] {processor.py:914} INFO - Processing file /home/airflow/.local/lib/python3.12/site-packages/airflow/example_dags/example_sensors.py for tasks to queue
[2026-08-12T04:34:36.195+0000] {logging_mixin.py:190} INFO - [2026-08-12T04:34:36.194+0000] {dagbag.py:587} INFO - Filling up the DagBag from /home/airflow/.local/lib/python3.12/site-packages/airflow/example_dags/example_sensors.py
[2026-08-12T04:34:36.211+0000] {processor.py:925} INFO - DAG(s) 'example_sensors' retrieved from /home/airflow/.local/lib/python3.12/site-packages/airflow/example_dags/example_sensors.py
[2026-08-12T04:34:36.235+0000] {logging_mixin.py:190} INFO - [2026-08-12T04:34:36.235+0000] {dag.py:3211} INFO - Sync 1 DAGs
[2026-08-12T04:34:36.249+0000] {logging_mixin.py:190} INFO - [2026-08-12T04:34:36.249+0000] {dag.py:4138} INFO - Setting next_dagrun for example_sensors to None, run_after=None
[2026-08-12T04:34:36.270+0000] {processor.py:208} INFO - Processing /home/airflow/.local/lib/python3.12/site-packages/airflow/example_dags/example_sensors.py took 0.088 seconds
[2026-08-12T04:35:06.347+0000] {processor.py:186} INFO - Started process (PID=336) to work on /home/airflow/.local/lib/python3.12/site-packages/airflow/example_dags/example_sensors.py
[2026-08-12T04:35:06.349+0000] {processor.py:914} INFO - Processing file /home/airflow/.local/lib/python3.12/site-packages/airflow/example_dags/example_sensors.py for tasks to queue
[2026-08-12T04:35:06.352+0000] {logging_mixin.py:190} INFO - [2026-08-12T04:35:06.352+0000] {dagbag.py:587} INFO - Filling up the DagBag from /home/airflow/.local/lib/python3.12/site-packages/airflow/example_dags/example_sensors.py
[2026-08-12T04:35:06.365+0000] {processor.py:925} INFO - DAG(s) 'example_sensors' retrieved from /home/airflow/.local/lib/python3.12/site-packages/airflow/example_dags/example_sensors.py
[2026-08-12T04:35:06.396+0000] {logging_mixin.py:190} INFO - [2026-08-12T04:35:06.396+0000] {dag.py:3211} INFO - Sync 1 DAGs
[2026-08-12T04:35:06.412+0000] {logging_mixin.py:190} INFO - [2026-08-12T04:35:06.412+0000] {dag.py:4138} INFO - Setting next_dagrun for example_sensors to None, run_after=None
[2026-08-12T04:35:06.433+0000] {processor.py:208} INFO - Processing /home/airflow/.local/lib/python3.12/site-packages/airflow/example_dags/example_sensors.py took 0.093 seconds
[2026-08-12T04:35:36.658+0000] {processor.py:186} INFO - Started process (PID=397) to work on /home/airflow/.local/lib/python3.12/site-packages/airflow/example_dags/example_sensors.py
[2026-08-12T04:35:36.660+0000] {processor.py:914} INFO - Processing file /home/airflow/.local/lib/python3.12/site-packages/airflow/example_dags/example_sensors.py for tasks to queue
[2026-08-12T04:35:36.663+0000] {logging_mixin.py:190} INFO - [2026-08-12T04:35:36.663+0000] {dagbag.py:587} INFO - Filling up the DagBag from /home/airflow/.local/lib/python3.12/site-packages/airflow/example_dags/example_sensors.py
[2026-08-12T04:35:36.673+0000] {processor.py:925} INFO - DAG(s) 'example_sensors' retrieved from /home/airflow/.local/lib/python3.12/site-packages/airflow/example_dags/example_sensors.py
[2026-08-12T04:35:36.700+0000] {logging_mixin.py:190} INFO - [2026-08-12T04:35:36.700+0000] {dag.py:3211} INFO - Sync 1 DAGs
[2026-08-12T04:35:36.713+0000] {logging_mixin.py:190} INFO - [2026-08-12T04:35:36.713+0000] {dag.py:4138} INFO - Setting next_dagrun for example_sensors to None, run_after=None
[2026-08-12T04:35:36.736+0000] {processor.py:208} INFO - Processing /home/airflow/.local/lib/python3.12/site-packages/airflow/example_dags/example_sensors.py took 0.083 seconds
[2026-08-12T04:36:07.068+0000] {processor.py:186} INFO - Started process (PID=459) to work on /home/airflow/.local/lib/python3.12/site-packages/airflow/example_dags/example_sensors.py
[2026-08-12T04:36:07.070+0000] {processor.py:914} INFO - Processing file /home/airflow/.local/lib/python3.12/site-packages/airflow/example_dags/example_sensors.py for tasks to queue
[2026-08-12T04:36:07.073+0000] {logging_mixin.py:190} INFO - [2026-08-12T04:36:07.073+0000] {dagbag.py:587} INFO - Filling up the DagBag from /home/airflow/.local/lib/python3.12/site-packages/airflow/example_dags/example_sensors.py
[2026-08-12T04:36:07.082+0000] {processor.py:925} INFO - DAG(s) 'example_sensors' retrieved from /home/airflow/.local/lib/python3.12/site-packages/airflow/example_dags/example_sensors.py
[2026-08-12T04:36:07.105+0000] {logging_mixin.py:190} INFO - [2026-08-12T04:36:07.104+0000] {dag.py:3211} INFO - Sync 1 DAGs
[2026-08-12T04:36:07.117+0000] {logging_mixin.py:190} INFO - [2026-08-12T04:36:07.117+0000] {dag.py:4138} INFO - Setting next_dagrun for example_sensors to None, run_after=None
[2026-08-12T04:36:07.135+0000] {processor.py:208} INFO - Processing /home/airflow/.local/lib/python3.12/site-packages/airflow/example_dags/example_sensors.py took 0.072 seconds
[2026-08-12T04:36:37.348+0000] {processor.py:186} INFO - Started process (PID=521) to work on /home/airflow/.local/lib/python3.12/site-packages/airflow/example_dags/example_sensors.py
[2026-08-12T04:36:37.350+0000] {processor.py:914} INFO - Processing file /home/airflow/.local/lib/python3.12/site-packages/airflow/example_dags/example_sensors.py for tasks to queue
[2026-08-12T04:36:37.352+0000] {logging_mixin.py:190} INFO - [2026-08-12T04:36:37.352+0000] {dagbag.py:587} INFO - Filling up the DagBag from /home/airflow/.local/lib/python3.12/site-packages/airflow/example_dags/example_sensors.py
[2026-08-12T04:36:37.362+0000] {processor.py:925} INFO - DAG(s) 'example_sensors' retrieved from /home/airflow/.local/lib/python3.12/site-packages/airflow/example_dags/example_sensors.py
[2026-08-12T04:36:37.408+0000] {logging_mixin.py:190} INFO - [2026-08-12T04:36:37.408+0000] {dag.py:3211} INFO - Sync 1 DAGs
[2026-08-12T04:36:37.424+0000] {logging_mixin.py:190} INFO - [2026-08-12T04:36:37.424+0000] {dag.py:4138} INFO - Setting next_dagrun for example_sensors to None, run_after=None
[2026-08-12T04:36:37.449+0000] {processor.py:208} INFO - Processing /home/airflow/.local/lib/python3.12/site-packages/airflow/example_dags/example_sensors.py took 0.106 seconds
[2026-08-12T04:37:07.797+0000] {processor.py:186} INFO - Started process (PID=583) to work on /home/airflow/.local/lib/python3.12/site-packages/airflow/example_dags/example_sensors.py
[2026-08-12T04:37:07.799+0000] {processor.py:914} INFO - Processing file /home/airflow/.local/lib/python3.12/site-packages/airflow/example_dags/example_sensors.py for tasks to queue
[2026-08-12T04:37:07.801+0000] {logging_mixin.py:190} INFO - [2026-08-12T04:37:07.801+0000] {dagbag.py:587} INFO - Filling up the DagBag from /home/airflow/.local/lib/python3.12/site-packages/airflow/example_dags/example_sensors.py
[2026-08-12T04:37:07.811+0000] {processor.py:925} INFO - DAG(s) 'example_sensors' retrieved from /home/airflow/.local/lib/python3.12/site-packages/airflow/example_dags/example_sensors.py
[2026-08-12T04:37:07.848+0000] {logging_mixin.py:190} INFO - [2026-08-12T04:37:07.848+0000] {dag.py:3211} INFO - Sync 1 DAGs
[2026-08-12T04:37:07.870+0000] {logging_mixin.py:190} INFO - [2026-08-12T04:37:07.870+0000] {dag.py:4138} INFO - Setting next_dagrun for example_sensors to None, run_after=None
[2026-08-12T04:37:07.907+0000] {processor.py:208} INFO - Processing /home/airflow/.local/lib/python3.12/site-packages/airflow/example_dags/example_sensors.py took 0.115 seconds
[2026-08-12T04:37:38.441+0000] {processor.py:186} INFO - Started process (PID=645) to work on /home/airflow/.local/lib/python3.12/site-packages/airflow/example_dags/example_sensors.py
[2026-08-12T04:37:38.442+0000] {processor.py:914} INFO - Processing file /home/airflow/.local/lib/python3.12/site-packages/airflow/example_dags/example_sensors.py for tasks to queue
[2026-08-12T04:37:38.445+0000] {logging_mixin.py:190} INFO - [2026-08-12T04:37:38.445+0000] {dagbag.py:587} INFO - Filling up the DagBag from /home/airflow/.local/lib/python3.12/site-packages/airflow/example_dags/example_sensors.py
[2026-08-12T04:37:38.456+0000] {processor.py:925} INFO - DAG(s) 'example_sensors' retrieved from /home/airflow/.local/lib/python3.12/site-packages/airflow/example_dags/example_sensors.py
[2026-08-12T04:37:38.484+0000] {logging_mixin.py:190} INFO - [2026-08-12T04:37:38.483+0000] {dag.py:3211} INFO - Sync 1 DAGs
[2026-08-12T04:37:38.500+0000] {logging_mixin.py:190} INFO - [2026-08-12T04:37:38.500+0000] {dag.py:4138} INFO - Setting next_dagrun for example_sensors to None, run_after=None
[2026-08-12T04:37:38.523+0000] {processor.py:208} INFO - Processing /home/airflow/.local/lib/python3.12/site-packages/airflow/example_dags/example_sensors.py took 0.088 seconds
[2026-08-12T04:38:08.982+0000] {processor.py:186} INFO - Started process (PID=707) to work on /home/airflow/.local/lib/python3.12/site-packages/airflow/example_dags/example_sensors.py
[2026-08-12T04:38:08.983+0000] {processor.py:914} INFO - Processing file /home/airflow/.local/lib/python3.12/site-packages/airflow/example_dags/example_sensors.py for tasks to queue
[2026-08-12T04:38:08.986+0000] {logging_mixin.py:190} INFO - [2026-08-12T04:38:08.986+0000] {dagbag.py:587} INFO - Filling up the DagBag from /home/airflow/.local/lib/python3.12/site-packages/airflow/example_dags/example_sensors.py
[2026-08-12T04:38:08.997+0000] {processor.py:925} INFO - DAG(s) 'example_sensors' retrieved from /home/airflow/.local/lib/python3.12/site-packages/airflow/example_dags/example_sensors.py
[2026-08-12T04:38:09.047+0000] {logging_mixin.py:190} INFO - [2026-08-12T04:38:09.047+0000] {dag.py:3211} INFO - Sync 1 DAGs
[2026-08-12T04:38:09.063+0000] {logging_mixin.py:190} INFO - [2026-08-12T04:38:09.063+0000] {dag.py:4138} INFO - Setting next_dagrun for example_sensors to None, run_after=None
[2026-08-12T04:38:09.084+0000] {processor.py:208} INFO - Processing /home/airflow/.local/lib/python3.12/site-packages/airflow/example_dags/example_sensors.py took 0.108 seconds
[2026-08-12T04:38:39.387+0000] {processor.py:186} INFO - Started process (PID=769) to work on /home/airflow/.local/lib/python3.12/site-packages/airflow/example_dags/example_sensors.py
[2026-08-12T04:38:39.389+0000] {processor.py:914} INFO - Processing file /home/airflow/.local/lib/python3.12/site-packages/airflow/example_dags/example_sensors.py for tasks to queue
[2026-08-12T04:38:39.391+0000] {logging_mixin.py:190} INFO - [2026-08-12T04:38:39.391+0000] {dagbag.py:587} INFO - Filling up the DagBag from /home/airflow/.local/lib/python3.12/site-packages/airflow/example_dags/example_sensors.py
[2026-08-12T04:38:39.401+0000] {processor.py:925} INFO - DAG(s) 'example_sensors' retrieved from /home/airflow/.local/lib/python3.12/site-packages/airflow/example_dags/example_sensors.py
[2026-08-12T04:38:39.428+0000] {logging_mixin.py:190} INFO - [2026-08-12T04:38:39.428+0000] {dag.py:3211} INFO - Sync 1 DAGs
[2026-08-12T04:38:39.443+0000] {logging_mixin.py:190} INFO - [2026-08-12T04:38:39.442+0000] {dag.py:4138} INFO - Setting next_dagrun for example_sensors to None, run_after=None
[2026-08-12T04:38:39.463+0000] {processor.py:208} INFO - Processing /home/airflow/.local/lib/python3.12/site-packages/airflow/example_dags/example_sensors.py took 0.082 seconds
[2026-08-12T04:39:09.815+0000] {processor.py:186} INFO - Started process (PID=831) to work on /home/airflow/.local/lib/python3.12/site-packages/airflow/example_dags/example_sensors.py
[2026-08-12T04:39:09.817+0000] {processor.py:914} INFO - Processing file /home/airflow/.local/lib/python3.12/site-packages/airflow/example_dags/example_sensors.py for tasks to queue
[2026-08-12T04:39:09.820+0000] {logging_mixin.py:190} INFO - [2026-08-12T04:39:09.820+0000] {dagbag.py:587} INFO - Filling up the DagBag from /home/airflow/.local/lib/python3.12/site-packages/airflow/example_dags/example_sensors.py
[2026-08-12T04:39:09.833+0000] {processor.py:925} INFO - DAG(s) 'example_sensors' retrieved from /home/airflow/.local/lib/python3.12/site-packages/airflow/example_dags/example_sensors.py
[2026-08-12T04:39:09.867+0000] {logging_mixin.py:190} INFO - [2026-08-12T04:39:09.867+0000] {dag.py:3211} INFO - Sync 1 DAGs
[2026-08-12T04:39:09.883+0000] {logging_mixin.py:190} INFO - [2026-08-12T04:39:09.882+0000] {dag.py:4138} INFO - Setting next_dagrun for example_sensors to None, run_after=None
[2026-08-12T04:39:09.907+0000] {processor.py:208} INFO - Processing /home/airflow/.local/lib/python3.12/site-packages/airflow/example_dags/example_sensors.py took 0.098 seconds
[2026-08-12T04:39:40.890+0000] {processor.py:186} INFO - Started process (PID=894) to work on /home/airflow/.local/lib/python3.12/site-packages/airflow/example_dags/example_sensors.py
[2026-08-12T04:39:40.891+0000] {processor.py:914} INFO - Processing file /home/airflow/.local/lib/python3.12/site-packages/airflow/example_dags/example_sensors.py for tasks to queue
[2026-08-12T04:39:40.894+0000] {logging_mixin.py:190} INFO - [2026-08-12T04:39:40.893+0000] {dagbag.py:587} INFO - Filling up the DagBag from /home/airflow/.local/lib/python3.12/site-packages/airflow/example_dags/example_sensors.py
[2026-08-12T04:39:40.903+0000] {processor.py:925} INFO - DAG(s) 'example_sensors' retrieved from /home/airflow/.local/lib/python3.12/site-packages/airflow/example_dags/example_sensors.py
[2026-08-12T04:39:40.929+0000] {logging_mixin.py:190} INFO - [2026-08-12T04:39:40.929+0000] {dag.py:3211} INFO - Sync 1 DAGs
[2026-08-12T04:39:40.942+0000] {logging_mixin.py:190} INFO - [2026-08-12T04:39:40.942+0000] {dag.py:4138} INFO - Setting next_dagrun for example_sensors to None, run_after=None
[2026-08-12T04:39:40.961+0000] {processor.py:208} INFO - Processing /home/airflow/.local/lib/python3.12/site-packages/airflow/example_dags/example_sensors.py took 0.077 seconds
[2026-08-12T04:40:11.437+0000] {processor.py:186} INFO - Started process (PID=956) to work on /home/airflow/.local/lib/python3.12/site-packages/airflow/example_dags/example_sensors.py
[2026-08-12T04:40:11.439+0000] {processor.py:914} INFO - Processing file /home/airflow/.local/lib/python3.12/site-packages/airflow/example_dags/example_sensors.py for tasks to queue
[2026-08-12T04:40:11.442+0000] {logging_mixin.py:190} INFO - [2026-08-12T04:40:11.441+0000] {dagbag.py:587} INFO - Filling up the DagBag from /home/airflow/.local/lib/python3.12/site-packages/airflow/example_dags/example_sensors.py
[2026-08-12T04:40:11.454+0000] {processor.py:925} INFO - DAG(s) 'example_sensors' retrieved from /home/airflow/.local/lib/python3.12/site-packages/airflow/example_dags/example_sensors.py
[2026-08-12T04:40:11.480+0000] {logging_mixin.py:190} INFO - [2026-08-12T04:40:11.480+0000] {dag.py:3211} INFO - Sync 1 DAGs
[2026-08-12T04:40:11.494+0000] {logging_mixin.py:190} INFO - [2026-08-12T04:40:11.494+0000] {dag.py:4138} INFO - Setting next_dagrun for example_sensors to None, run_after=None
[2026-08-12T04:40:11.519+0000] {processor.py:208} INFO - Processing /home/airflow/.local/lib/python3.12/site-packages/airflow/example_dags/example_sensors.py took 0.087 seconds
[2026-08-12T04:40:41.858+0000] {processor.py:186} INFO - Started process (PID=1018) to work on /home/airflow/.local/lib/python3.12/site-packages/airflow/example_dags/example_sensors.py
[2026-08-12T04:40:41.860+0000] {processor.py:914} INFO - Processing file /home/airflow/.local/lib/python3.12/site-packages/airflow/example_dags/example_sensors.py for tasks to queue
[2026-08-12T04:40:41.863+0000] {logging_mixin.py:190} INFO - [2026-08-12T04:40:41.863+0000] {dagbag.py:587} INFO - Filling up the DagBag from /home/airflow/.local/lib/python3.12/site-packages/airflow/example_dags/example_sensors.py
[2026-08-12T04:40:41.875+0000] {processor.py:925} INFO - DAG(s) 'example_sensors' retrieved from /home/airflow/.local/lib/python3.12/site-packages/airflow/example_dags/example_sensors.py
[2026-08-12T04:40:41.900+0000] {logging_mixin.py:190} INFO - [2026-08-12T04:40:41.900+0000] {dag.py:3211} INFO - Sync 1 DAGs
[2026-08-12T04:40:41.913+0000] {logging_mixin.py:190} INFO - [2026-08-12T04:40:41.913+0000] {dag.py:4138} INFO - Setting next_dagrun for example_sensors to None, run_after=None
[2026-08-12T04:40:41.934+0000] {processor.py:208} INFO - Processing /home/airflow/.local/lib/python3.12/site-packages/airflow/example_dags/example_sensors.py took 0.084 seconds
[2026-08-12T04:41:12.200+0000] {processor.py:186} INFO - Started process (PID=1080) to work on /home/airflow/.local/lib/python3.12/site-packages/airflow/example_dags/example_sensors.py
[2026-08-12T04:41:12.201+0000] {processor.py:914} INFO - Processing file /home/airflow/.local/lib/python3.12/site-packages/airflow/example_dags/example_sensors.py for tasks to queue
[2026-08-12T04:41:12.207+0000] {logging_mixin.py:190} INFO - [2026-08-12T04:41:12.206+0000] {dagbag.py:587} INFO - Filling up the DagBag from /home/airflow/.local/lib/python3.12/site-packages/airflow/example_dags/example_sensors.py
[2026-08-12T04:41:12.218+0000] {processor.py:925} INFO - DAG(s) 'example_sensors' retrieved from /home/airflow/.local/lib/python3.12/site-packages/airflow/example_dags/example_sensors.py
[2026-08-12T04:41:12.245+0000] {logging_mixin.py:190} INFO - [2026-08-12T04:41:12.245+0000] {dag.py:3211} INFO - Sync 1 DAGs
[2026-08-12T04:41:12.263+0000] {logging_mixin.py:190} INFO - [2026-08-12T04:41:12.262+0000] {dag.py:4138} INFO - Setting next_dagrun for example_sensors to None, run_after=None
[2026-08-12T04:41:12.283+0000] {processor.py:208} INFO - Processing /home/airflow/.local/lib/python3.12/site-packages/airflow/example_dags/example_sensors.py took 0.089 seconds
[2026-08-12T04:41:42.974+0000] {processor.py:186} INFO - Started process (PID=1142) to work on /home/airflow/.local/lib/python3.12/site-packages/airflow/example_dags/example_sensors.py
[2026-08-12T04:41:42.976+0000] {processor.py:914} INFO - Processing file /home/airflow/.local/lib/python3.12/site-packages/airflow/example_dags/example_sensors.py for tasks to queue
[2026-08-12T04:41:42.981+0000] {logging_mixin.py:190} INFO - [2026-08-12T04:41:42.980+0000] {dagbag.py:587} INFO - Filling up the DagBag from /home/airflow/.local/lib/python3.12/site-packages/airflow/example_dags/example_sensors.py
[2026-08-12T04:41:42.999+0000] {processor.py:925} INFO - DAG(s) 'example_sensors' retrieved from /home/airflow/.local/lib/python3.12/site-packages/airflow/example_dags/example_sensors.py
[2026-08-12T04:41:43.030+0000] {logging_mixin.py:190} INFO - [2026-08-12T04:41:43.030+0000] {dag.py:3211} INFO - Sync 1 DAGs
[2026-08-12T04:41:43.046+0000] {logging_mixin.py:190} INFO - [2026-08-12T04:41:43.046+0000] {dag.py:4138} INFO - Setting next_dagrun for example_sensors to None, run_after=None
[2026-08-12T04:41:43.067+0000] {processor.py:208} INFO - Processing /home/airflow/.local/lib/python3.12/site-packages/airflow/example_dags/example_sensors.py took 0.100 seconds
[2026-08-12T04:42:13.451+0000] {processor.py:186} INFO - Started process (PID=1204) to work on /home/airflow/.local/lib/python3.12/site-packages/airflow/example_dags/example_sensors.py
[2026-08-12T04:42:13.455+0000] {processor.py:914} INFO - Processing file /home/airflow/.local/lib/python3.12/site-packages/airflow/example_dags/example_sensors.py for tasks to queue
[2026-08-12T04:42:13.458+0000] {logging_mixin.py:190} INFO - [2026-08-12T04:42:13.458+0000] {dagbag.py:587} INFO - Filling up the DagBag from /home/airflow/.local/lib/python3.12/site-packages/airflow/example_dags/example_sensors.py
[2026-08-12T04:42:13.471+0000] {processor.py:925} INFO - DAG(s) 'example_sensors' retrieved from /home/airflow/.local/lib/python3.12/site-packages/airflow/example_dags/example_sensors.py
[2026-08-12T04:42:13.502+0000] {logging_mixin.py:190} INFO - [2026-08-12T04:42:13.502+0000] {dag.py:3211} INFO - Sync 1 DAGs
[2026-08-12T04:42:13.517+0000] {logging_mixin.py:190} INFO - [2026-08-12T04:42:13.516+0000] {dag.py:4138} INFO - Setting next_dagrun for example_sensors to None, run_after=None
[2026-08-12T04:42:13.537+0000] {processor.py:208} INFO - Processing /home/airflow/.local/lib/python3.12/site-packages/airflow/example_dags/example_sensors.py took 0.093 seconds
[2026-08-12T04:42:43.833+0000] {processor.py:186} INFO - Started process (PID=1266) to work on /home/airflow/.local/lib/python3.12/site-packages/airflow/example_dags/example_sensors.py
[2026-08-12T04:42:43.835+0000] {processor.py:914} INFO - Processing file /home/airflow/.local/lib/python3.12/site-packages/airflow/example_dags/example_sensors.py for tasks to queue
[2026-08-12T04:42:43.838+0000] {logging_mixin.py:190} INFO - [2026-08-12T04:42:43.837+0000] {dagbag.py:587} INFO - Filling up the DagBag from /home/airflow/.local/lib/python3.12/site-packages/airflow/example_dags/example_sensors.py
[2026-08-12T04:42:43.848+0000] {processor.py:925} INFO - DAG(s) 'example_sensors' retrieved from /home/airflow/.local/lib/python3.12/site-packages/airflow/example_dags/example_sensors.py
[2026-08-12T04:42:43.874+0000] {logging_mixin.py:190} INFO - [2026-08-12T04:42:43.874+0000] {dag.py:3211} INFO - Sync 1 DAGs
[2026-08-12T04:42:43.888+0000] {logging_mixin.py:190} INFO - [2026-08-12T04:42:43.888+0000] {dag.py:4138} INFO - Setting next_dagrun for example_sensors to None, run_after=None
[2026-08-12T04:42:43.907+0000] {processor.py:208} INFO - Processing /home/airflow/.local/lib/python3.12/site-packages/airflow/example_dags/example_sensors.py took 0.080 seconds
[2026-08-12T04:43:14.202+0000] {processor.py:186} INFO - Started process (PID=1328) to work on /home/airflow/.local/lib/python3.12/site-packages/airflow/example_dags/example_sensors.py
[2026-08-12T04:43:14.203+0000] {processor.py:914} INFO - Processing file /home/airflow/.local/lib/python3.12/site-packages/airflow/example_dags/example_sensors.py for tasks to queue
[2026-08-12T04:43:14.206+0000] {logging_mixin.py:190} INFO - [2026-08-12T04:43:14.206+0000] {dagbag.py:587} INFO - Filling up the DagBag from /home/airflow/.local/lib/python3.12/site-packages/airflow/example_dags/example_sensors.py
[2026-08-12T04:43:14.216+0000] {processor.py:925} INFO - DAG(s) 'example_sensors' retrieved from /home/airflow/.local/lib/python3.12/site-packages/airflow/example_dags/example_sensors.py
[2026-08-12T04:43:14.239+0000] {logging_mixin.py:190} INFO - [2026-08-12T04:43:14.238+0000] {dag.py:3211} INFO - Sync 1 DAGs
[2026-08-12T04:43:14.251+0000] {logging_mixin.py:190} INFO - [2026-08-12T04:43:14.251+0000] {dag.py:4138} INFO - Setting next_dagrun for example_sensors to None, run_after=None
[2026-08-12T04:43:14.269+0000] {processor.py:208} INFO - Processing /home/airflow/.local/lib/python3.12/site-packages/airflow/example_dags/example_sensors.py took 0.072 seconds
[2026-08-12T04:43:44.610+0000] {processor.py:186} INFO - Started process (PID=1390) to work on /home/airflow/.local/lib/python3.12/site-packages/airflow/example_dags/example_sensors.py
[2026-08-12T04:43:44.612+0000] {processor.py:914} INFO - Processing file /home/airflow/.local/lib/python3.12/site-packages/airflow/example_dags/example_sensors.py for tasks to queue
[2026-08-12T04:43:44.615+0000] {logging_mixin.py:190} INFO - [2026-08-12T04:43:44.614+0000] {dagbag.py:587} INFO - Filling up the DagBag from /home/airflow/.local/lib/python3.12/site-packages/airflow/example_dags/example_sensors.py
[2026-08-12T04:43:44.632+0000] {processor.py:925} INFO - DAG(s) 'example_sensors' retrieved from /home/airflow/.local/lib/python3.12/site-packages/airflow/example_dags/example_sensors.py
[2026-08-12T04:43:44.660+0000] {logging_mixin.py:190} INFO - [2026-08-12T04:43:44.660+0000] {dag.py:3211} INFO - Sync 1 DAGs
[2026-08-12T04:43:44.675+0000] {logging_mixin.py:190} INFO - [2026-08-12T04:43:44.675+0000] {dag.py:4138} INFO - Setting next_dagrun for example_sensors to None, run_after=None
[2026-08-12T04:43:44.701+0000] {processor.py:208} INFO - Processing /home/airflow/.local/lib/python3.12/site-packages/airflow/example_dags/example_sensors.py took 0.097 seconds
[2026-08-12T04:44:15.347+0000] {processor.py:186} INFO - Started process (PID=1452) to work on /home/airflow/.local/lib/python3.12/site-packages/airflow/example_dags/example_sensors.py
[2026-08-12T04:44:15.349+0000] {processor.py:914} INFO - Processing file /home/airflow/.local/lib/python3.12/site-packages/airflow/example_dags/example_sensors.py for tasks to queue
[2026-08-12T04:44:15.352+0000] {logging_mixin.py:190} INFO - [2026-08-12T04:44:15.352+0000] {dagbag.py:587} INFO - Filling up the DagBag from /home/airflow/.local/lib/python3.12/site-packages/airflow/example_dags/example_sensors.py
[2026-08-12T04:44:15.364+0000] {processor.py:925} INFO - DAG(s) 'example_sensors' retrieved from /home/airflow/.local/lib/python3.12/site-packages/airflow/example_dags/example_sensors.py
[2026-08-12T04:44:15.390+0000] {logging_mixin.py:190} INFO - [2026-08-12T04:44:15.389+0000] {dag.py:3211} INFO - Sync 1 DAGs
[2026-08-12T04:44:15.403+0000] {logging_mixin.py:190} INFO - [2026-08-12T04:44:15.403+0000] {dag.py:4138} INFO - Setting next_dagrun for example_sensors to None, run_after=None
[2026-08-12T04:44:15.424+0000] {processor.py:208} INFO - Processing /home/airflow/.local/lib/python3.12/site-packages/airflow/example_dags/example_sensors.py took 0.082 seconds
[2026-08-12T04:44:45.767+0000] {processor.py:186} INFO - Started process (PID=1515) to work on /home/airflow/.local/lib/python3.12/site-packages/airflow/example_dags/example_sensors.py
[2026-08-12T04:44:45.769+0000] {processor.py:914} INFO - Processing file /home/airflow/.local/lib/python3.12/site-packages/airflow/example_dags/example_sensors.py for tasks to queue
[2026-08-12T04:44:45.773+0000] {logging_mixin.py:190} INFO - [2026-08-12T04:44:45.773+0000] {dagbag.py:587} INFO - Filling up the DagBag from /home/airflow/.local/lib/python3.12/site-packages/airflow/example_dags/example_sensors.py
[2026-08-12T04:44:45.786+0000] {processor.py:925} INFO - DAG(s) 'example_sensors' retrieved from /home/airflow/.local/lib/python3.12/site-packages/airflow/example_dags/example_sensors.py
[2026-08-12T04:44:45.811+0000] {logging_mixin.py:190} INFO - [2026-08-12T04:44:45.811+0000] {dag.py:3211} INFO - Sync 1 DAGs
[2026-08-12T04:44:45.825+0000] {logging_mixin.py:190} INFO - [2026-08-12T04:44:45.825+0000] {dag.py:4138} INFO - Setting next_dagrun for example_sensors to None, run_after=None
[2026-08-12T04:44:45.845+0000] {processor.py:208} INFO - Processing /home/airflow/.local/lib/python3.12/site-packages/airflow/example_dags/example_sensors.py took 0.084 seconds
[2026-08-12T04:45:16.221+0000] {processor.py:186} INFO - Started process (PID=1577) to work on /home/airflow/.local/lib/python3.12/site-packages/airflow/example_dags/example_sensors.py
[2026-08-12T04:45:16.223+0000] {processor.py:914} INFO - Processing file /home/airflow/.local/lib/python3.12/site-packages/airflow/example_dags/example_sensors.py for tasks to queue
[2026-08-12T04:45:16.226+0000] {logging_mixin.py:190} INFO - [2026-08-12T04:45:16.225+0000] {dagbag.py:587} INFO - Filling up the DagBag from /home/airflow/.local/lib/python3.12/site-packages/airflow/example_dags/example_sensors.py
[2026-08-12T04:45:16.237+0000] {processor.py:925} INFO - DAG(s) 'example_sensors' retrieved from /home/airflow/.local/lib/python3.12/site-packages/airflow/example_dags/example_sensors.py
[2026-08-12T04:45:16.262+0000] {logging_mixin.py:190} INFO - [2026-08-12T04:45:16.262+0000] {dag.py:3211} INFO - Sync 1 DAGs
[2026-08-12T04:45:16.278+0000] {logging_mixin.py:190} INFO - [2026-08-12T04:45:16.278+0000] {dag.py:4138} INFO - Setting next_dagrun for example_sensors to None, run_after=None
[2026-08-12T04:45:16.297+0000] {processor.py:208} INFO - Processing /home/airflow/.local/lib/python3.12/site-packages/airflow/example_dags/example_sensors.py took 0.083 seconds
[2026-08-12T04:45:46.685+0000] {processor.py:186} INFO - Started process (PID=1639) to work on /home/airflow/.local/lib/python3.12/site-packages/airflow/example_dags/example_sensors.py
[2026-08-12T04:45:46.687+0000] {processor.py:914} INFO - Processing file /home/airflow/.local/lib/python3.12/site-packages/airflow/example_dags/example_sensors.py for tasks to queue
[2026-08-12T04:45:46.690+0000] {logging_mixin.py:190} INFO - [2026-08-12T04:45:46.690+0000] {dagbag.py:587} INFO - Filling up the DagBag from /home/airflow/.local/lib/python3.12/site-packages/airflow/example_dags/example_sensors.py
[2026-08-12T04:45:46.702+0000] {processor.py:925} INFO - DAG(s) 'example_sensors' retrieved from /home/airflow/.local/lib/python3.12/site-packages/airflow/example_dags/example_sensors.py
[2026-08-12T04:45:46.728+0000] {logging_mixin.py:190} INFO - [2026-08-12T04:45:46.728+0000] {dag.py:3211} INFO - Sync 1 DAGs
[2026-08-12T04:45:46.743+0000] {logging_mixin.py:190} INFO - [2026-08-12T04:45:46.743+0000] {dag.py:4138} INFO - Setting next_dagrun for example_sensors to None, run_after=None
[2026-08-12T04:45:46.765+0000] {processor.py:208} INFO - Processing /home/airflow/.local/lib/python3.12/site-packages/airflow/example_dags/example_sensors.py took 0.085 seconds
[2026-08-12T04:46:17.364+0000] {processor.py:186} INFO - Started process (PID=1701) to work on /home/airflow/.local/lib/python3.12/site-packages/airflow/example_dags/example_sensors.py
[2026-08-12T04:46:17.366+0000] {processor.py:914} INFO - Processing file /home/airflow/.local/lib/python3.12/site-packages/airflow/example_dags/example_sensors.py for tasks to queue
[2026-08-12T04:46:17.369+0000] {logging_mixin.py:190} INFO - [2026-08-12T04:46:17.369+0000] {dagbag.py:587} INFO - Filling up the DagBag from /home/airflow/.local/lib/python3.12/site-packages/airflow/example_dags/example_sensors.py
[2026-08-12T04:46:17.381+0000] {processor.py:925} INFO - DAG(s) 'example_sensors' retrieved from /home/airflow/.local/lib/python3.12/site-packages/airflow/example_dags/example_sensors.py
[2026-08-12T04:46:17.418+0000] {logging_mixin.py:190} INFO - [2026-08-12T04:46:17.417+0000] {dag.py:3211} INFO - Sync 1 DAGs
[2026-08-12T04:46:17.434+0000] {logging_mixin.py:190} INFO - [2026-08-12T04:46:17.434+0000] {dag.py:4138} INFO - Setting next_dagrun for example_sensors to None, run_after=None
[2026-08-12T04:46:17.456+0000] {processor.py:208} INFO - Processing /home/airflow/.local/lib/python3.12/site-packages/airflow/example_dags/example_sensors.py took 0.097 seconds
[2026-08-12T04:46:47.918+0000] {processor.py:186} INFO - Started process (PID=1763) to work on /home/airflow/.local/lib/python3.12/site-packages/airflow/example_dags/example_sensors.py
[2026-08-12T04:46:47.920+0000] {processor.py:914} INFO - Processing file /home/airflow/.local/lib/python3.12/site-packages/airflow/example_dags/example_sensors.py for tasks to queue
[2026-08-12T04:46:47.923+0000] {logging_mixin.py:190} INFO - [2026-08-12T04:46:47.923+0000] {dagbag.py:587} INFO - Filling up the DagBag from /home/airflow/.local/lib/python3.12/site-packages/airflow/example_dags/example_sensors.py
[2026-08-12T04:46:47.937+0000] {processor.py:925} INFO - DAG(s) 'example_sensors' retrieved from /home/airflow/.local/lib/python3.12/site-packages/airflow/example_dags/example_sensors.py
[2026-08-12T04:46:47.963+0000] {logging_mixin.py:190} INFO - [2026-08-12T04:46:47.963+0000] {dag.py:3211} INFO - Sync 1 DAGs
[2026-08-12T04:46:47.976+0000] {logging_mixin.py:190} INFO - [2026-08-12T04:46:47.976+0000] {dag.py:4138} INFO - Setting next_dagrun for example_sensors to None, run_after=None
[2026-08-12T04:46:47.994+0000] {processor.py:208} INFO - Processing /home/airflow/.local/lib/python3.12/site-packages/airflow/example_dags/example_sensors.py took 0.081 seconds
[2026-08-12T04:47:18.618+0000] {processor.py:186} INFO - Started process (PID=1825) to work on /home/airflow/.local/lib/python3.12/site-packages/airflow/example_dags/example_sensors.py
[2026-08-12T04:47:18.620+0000] {processor.py:914} INFO - Processing file /home/airflow/.local/lib/python3.12/site-packages/airflow/example_dags/example_sensors.py for tasks to queue
[2026-08-12T04:47:18.623+0000] {logging_mixin.py:190} INFO - [2026-08-12T04:47:18.623+0000] {dagbag.py:587} INFO - Filling up the DagBag from /home/airflow/.local/lib/python3.12/site-packages/airflow/example_dags/example_sensors.py
[2026-08-12T04:47:18.638+0000] {processor.py:925} INFO - DAG(s) 'example_sensors' retrieved from /home/airflow/.local/lib/python3.12/site-packages/airflow/example_dags/example_sensors.py
[2026-08-12T04:47:18.662+0000] {logging_mixin.py:190} INFO - [2026-08-12T04:47:18.662+0000] {dag.py:3211} INFO - Sync 1 DAGs
[2026-08-12T04:47:18.676+0000] {logging_mixin.py:190} INFO - [2026-08-12T04:47:18.676+0000] {dag.py:4138} INFO - Setting next_dagrun for example_sensors to None, run_after=None
[2026-08-12T04:47:18.703+0000] {processor.py:208} INFO - Processing /home/airflow/.local/lib/python3.12/site-packages/airflow/example_dags/example_sensors.py took 0.093 seconds
[2026-08-12T04:47:49.476+0000] {processor.py:186} INFO - Started process (PID=1887) to work on /home/airflow/.local/lib/python3.12/site-packages/airflow/example_dags/example_sensors.py
[2026-08-12T04:47:49.478+0000] {processor.py:914} INFO - Processing file /home/airflow/.local/lib/python3.12/site-packages/airflow/example_dags/example_sensors.py for tasks to queue
[2026-08-12T04:47:49.481+0000] {logging_mixin.py:190} INFO - [2026-08-12T04:47:49.481+0000] {dagbag.py:587} INFO - Filling up the DagBag from /home/airflow/.local/lib/python3.12/site-packages/airflow/example_dags/example_sensors.py
[2026-08-12T04:47:49.493+0000] {processor.py:925} INFO - DAG(s) 'example_sensors' retrieved from /home/airflow/.local/lib/python3.12/site-packages/airflow/example_dags/example_sensors.py
[2026-08-12T04:47:49.518+0000] {logging_mixin.py:190} INFO - [2026-08-12T04:47:49.518+0000] {dag.py:3211} INFO - Sync 1 DAGs
[2026-08-12T04:47:49.531+0000] {logging_mixin.py:190} INFO - [2026-08-12T04:47:49.531+0000] {dag.py:4138} INFO - Setting next_dagrun for example_sensors to None, run_after=None
[2026-08-12T04:47:49.549+0000] {processor.py:208} INFO - Processing /home/airflow/.local/lib/python3.12/site-packages/airflow/example_dags/example_sensors.py took 0.079 seconds
[2026-08-12T04:48:19.838+0000] {processor.py:186} INFO - Started process (PID=1950) to work on /home/airflow/.local/lib/python3.12/site-packages/airflow/example_dags/example_sensors.py
[2026-08-12T04:48:19.840+0000] {processor.py:914} INFO - Processing file /home/airflow/.local/lib/python3.12/site-packages/airflow/example_dags/example_sensors.py for tasks to queue
[2026-08-12T04:48:19.845+0000] {logging_mixin.py:190} INFO - [2026-08-12T04:48:19.844+0000] {dagbag.py:587} INFO - Filling up the DagBag from /home/airflow/.local/lib/python3.12/site-packages/airflow/example_dags/example_sensors.py
[2026-08-12T04:48:19.866+0000] {processor.py:925} INFO - DAG(s) 'example_sensors' retrieved from /home/airflow/.local/lib/python3.12/site-packages/airflow/example_dags/example_sensors.py
[2026-08-12T04:48:19.915+0000] {logging_mixin.py:190} INFO - [2026-08-12T04:48:19.914+0000] {dag.py:3211} INFO - Sync 1 DAGs
[2026-08-12T04:48:19.942+0000] {logging_mixin.py:190} INFO - [2026-08-12T04:48:19.941+0000] {dag.py:4138} INFO - Setting next_dagrun for example_sensors to None, run_after=None
[2026-08-12T04:48:19.982+0000] {processor.py:208} INFO - Processing /home/airflow/.local/lib/python3.12/site-packages/airflow/example_dags/example_sensors.py took 0.152 seconds
[2026-08-12T04:48:50.898+0000] {processor.py:186} INFO - Started process (PID=2013) to work on /home/airflow/.local/lib/python3.12/site-packages/airflow/example_dags/example_sensors.py
[2026-08-12T04:48:50.900+0000] {processor.py:914} INFO - Processing file /home/airflow/.local/lib/python3.12/site-packages/airflow/example_dags/example_sensors.py for tasks to queue
[2026-08-12T04:48:50.903+0000] {logging_mixin.py:190} INFO - [2026-08-12T04:48:50.903+0000] {dagbag.py:587} INFO - Filling up the DagBag from /home/airflow/.local/lib/python3.12/site-packages/airflow/example_dags/example_sensors.py
[2026-08-12T04:48:50.914+0000] {processor.py:925} INFO - DAG(s) 'example_sensors' retrieved from /home/airflow/.local/lib/python3.12/site-packages/airflow/example_dags/example_sensors.py
[2026-08-12T04:48:50.944+0000] {logging_mixin.py:190} INFO - [2026-08-12T04:48:50.944+0000] {dag.py:3211} INFO - Sync 1 DAGs
[2026-08-12T04:48:50.957+0000] {logging_mixin.py:190} INFO - [2026-08-12T04:48:50.957+0000] {dag.py:4138} INFO - Setting next_dagrun for example_sensors to None, run_after=None
[2026-08-12T04:48:50.982+0000] {processor.py:208} INFO - Processing /home/airflow/.local/lib/python3.12/site-packages/airflow/example_dags/example_sensors.py took 0.089 seconds
[2026-08-12T04:49:21.169+0000] {processor.py:186} INFO - Started process (PID=2075) to work on /home/airflow/.local/lib/python3.12/site-packages/airflow/example_dags/example_sensors.py
[2026-08-12T04:49:21.172+0000] {processor.py:914} INFO - Processing file /home/airflow/.local/lib/python3.12/site-packages/airflow/example_dags/example_sensors.py for tasks to queue
[2026-08-12T04:49:21.176+0000] {logging_mixin.py:190} INFO - [2026-08-12T04:49:21.175+0000] {dagbag.py:587} INFO - Filling up the DagBag from /home/airflow/.local/lib/python3.12/site-packages/airflow/example_dags/example_sensors.py
[2026-08-12T04:49:21.190+0000] {processor.py:925} INFO - DAG(s) 'example_sensors' retrieved from /home/airflow/.local/lib/python3.12/site-packages/airflow/example_dags/example_sensors.py
[2026-08-12T04:49:21.229+0000] {logging_mixin.py:190} INFO - [2026-08-12T04:49:21.228+0000] {dag.py:3211} INFO - Sync 1 DAGs
[2026-08-12T04:49:21.249+0000] {logging_mixin.py:190} INFO - [2026-08-12T04:49:21.249+0000] {dag.py:4138} INFO - Setting next_dagrun for example_sensors to None, run_after=None
[2026-08-12T04:49:21.285+0000] {processor.py:208} INFO - Processing /home/airflow/.local/lib/python3.12/site-packages/airflow/example_dags/example_sensors.py took 0.123 seconds
[2026-08-12T04:49:51.767+0000] {processor.py:186} INFO - Started process (PID=2139) to work on /home/airflow/.local/lib/python3.12/site-packages/airflow/example_dags/example_sensors.py
[2026-08-12T04:49:51.769+0000] {processor.py:914} INFO - Processing file /home/airflow/.local/lib/python3.12/site-packages/airflow/example_dags/example_sensors.py for tasks to queue
[2026-08-12T04:49:51.773+0000] {logging_mixin.py:190} INFO - [2026-08-12T04:49:51.772+0000] {dagbag.py:587} INFO - Filling up the DagBag from /home/airflow/.local/lib/python3.12/site-packages/airflow/example_dags/example_sensors.py
[2026-08-12T04:49:51.784+0000] {processor.py:925} INFO - DAG(s) 'example_sensors' retrieved from /home/airflow/.local/lib/python3.12/site-packages/airflow/example_dags/example_sensors.py
[2026-08-12T04:49:51.808+0000] {logging_mixin.py:190} INFO - [2026-08-12T04:49:51.808+0000] {dag.py:3211} INFO - Sync 1 DAGs
[2026-08-12T04:49:51.823+0000] {logging_mixin.py:190} INFO - [2026-08-12T04:49:51.822+0000] {dag.py:4138} INFO - Setting next_dagrun for example_sensors to None, run_after=None
[2026-08-12T04:49:51.860+0000] {processor.py:208} INFO - Processing /home/airflow/.local/lib/python3.12/site-packages/airflow/example_dags/example_sensors.py took 0.099 seconds
[2026-08-12T04:50:22.108+0000] {processor.py:186} INFO - Started process (PID=2203) to work on /home/airflow/.local/lib/python3.12/site-packages/airflow/example_dags/example_sensors.py
[2026-08-12T04:50:22.109+0000] {processor.py:914} INFO - Processing file /home/airflow/.local/lib/python3.12/site-packages/airflow/example_dags/example_sensors.py for tasks to queue
[2026-08-12T04:50:22.112+0000] {logging_mixin.py:190} INFO - [2026-08-12T04:50:22.112+0000] {dagbag.py:587} INFO - Filling up the DagBag from /home/airflow/.local/lib/python3.12/site-packages/airflow/example_dags/example_sensors.py
[2026-08-12T04:50:22.125+0000] {processor.py:925} INFO - DAG(s) 'example_sensors' retrieved from /home/airflow/.local/lib/python3.12/site-packages/airflow/example_dags/example_sensors.py
[2026-08-12T04:50:22.152+0000] {logging_mixin.py:190} INFO - [2026-08-12T04:50:22.152+0000] {dag.py:3211} INFO - Sync 1 DAGs
[2026-08-12T04:50:22.167+0000] {logging_mixin.py:190} INFO - [2026-08-12T04:50:22.167+0000] {dag.py:4138} INFO - Setting next_dagrun for example_sensors to None, run_after=None
[2026-08-12T04:50:22.189+0000] {processor.py:208} INFO - Processing /home/airflow/.local/lib/python3.12/site-packages/airflow/example_dags/example_sensors.py took 0.089 seconds
[2026-08-12T04:50:52.874+0000] {processor.py:186} INFO - Started process (PID=2266) to work on /home/airflow/.local/lib/python3.12/site-packages/airflow/example_dags/example_sensors.py
[2026-08-12T04:50:52.876+0000] {processor.py:914} INFO - Processing file /home/airflow/.local/lib/python3.12/site-packages/airflow/example_dags/example_sensors.py for tasks to queue
[2026-08-12T04:50:52.879+0000] {logging_mixin.py:190} INFO - [2026-08-12T04:50:52.878+0000] {dagbag.py:587} INFO - Filling up the DagBag from /home/airflow/.local/lib/python3.12/site-packages/airflow/example_dags/example_sensors.py
[2026-08-12T04:50:52.890+0000] {processor.py:925} INFO - DAG(s) 'example_sensors' retrieved from /home/airflow/.local/lib/python3.12/site-packages/airflow/example_dags/example_sensors.py
[2026-08-12T04:50:52.912+0000] {logging_mixin.py:190} INFO - [2026-08-12T04:50:52.912+0000] {dag.py:3211} INFO - Sync 1 DAGs
[2026-08-12T04:50:52.924+0000] {logging_mixin.py:190} INFO - [2026-08-12T04:50:52.924+0000] {dag.py:4138} INFO - Setting next_dagrun for example_sensors to None, run_after=None
[2026-08-12T04:50:52.944+0000] {processor.py:208} INFO - Processing /home/airflow/.local/lib/python3.12/site-packages/airflow/example_dags/example_sensors.py took 0.075 seconds
[2026-08-12T04:51:23.413+0000] {processor.py:186} INFO - Started process (PID=2329) to work on /home/airflow/.local/lib/python3.12/site-packages/airflow/example_dags/example_sensors.py
[2026-08-12T04:51:23.415+0000] {processor.py:914} INFO - Processing file /home/airflow/.local/lib/python3.12/site-packages/airflow/example_dags/example_sensors.py for tasks to queue
[2026-08-12T04:51:23.419+0000] {logging_mixin.py:190} INFO - [2026-08-12T04:51:23.418+0000] {dagbag.py:587} INFO - Filling up the DagBag from /home/airflow/.local/lib/python3.12/site-packages/airflow/example_dags/example_sensors.py
[2026-08-12T04:51:23.433+0000] {processor.py:925} INFO - DAG(s) 'example_sensors' retrieved from /home/airflow/.local/lib/python3.12/site-packages/airflow/example_dags/example_sensors.py
[2026-08-12T04:51:23.470+0000] {logging_mixin.py:190} INFO - [2026-08-12T04:51:23.470+0000] {dag.py:3211} INFO - Sync 1 DAGs
[2026-08-12T04:51:23.492+0000] {logging_mixin.py:190} INFO - [2026-08-12T04:51:23.491+0000] {dag.py:4138} INFO - Setting next_dagrun for example_sensors to None, run_after=None
[2026-08-12T04:51:23.519+0000] {processor.py:208} INFO - Processing /home/airflow/.local/lib/python3.12/site-packages/airflow/example_dags/example_sensors.py took 0.114 seconds
[2026-08-12T04:51:54.262+0000] {processor.py:186} INFO - Started process (PID=2392) to work on /home/airflow/.local/lib/python3.12/site-packages/airflow/example_dags/example_sensors.py
[2026-08-12T04:51:54.265+0000] {processor.py:914} INFO - Processing file /home/airflow/.local/lib/python3.12/site-packages/airflow/example_dags/example_sensors.py for tasks to queue
[2026-08-12T04:51:54.271+0000] {logging_mixin.py:190} INFO - [2026-08-12T04:51:54.270+0000] {dagbag.py:587} INFO - Filling up the DagBag from /home/airflow/.local/lib/python3.12/site-packages/airflow/example_dags/example_sensors.py
[2026-08-12T04:51:54.308+0000] {processor.py:925} INFO - DAG(s) 'example_sensors' retrieved from /home/airflow/.local/lib/python3.12/site-packages/airflow/example_dags/example_sensors.py
[2026-08-12T04:51:54.382+0000] {logging_mixin.py:190} INFO - [2026-08-12T04:51:54.381+0000] {dag.py:3211} INFO - Sync 1 DAGs
[2026-08-12T04:51:54.408+0000] {logging_mixin.py:190} INFO - [2026-08-12T04:51:54.407+0000] {dag.py:4138} INFO - Setting next_dagrun for example_sensors to None, run_after=None
[2026-08-12T04:51:54.457+0000] {processor.py:208} INFO - Processing /home/airflow/.local/lib/python3.12/site-packages/airflow/example_dags/example_sensors.py took 0.207 seconds
[2026-08-12T04:52:24.582+0000] {processor.py:186} INFO - Started process (PID=2455) to work on /home/airflow/.local/lib/python3.12/site-packages/airflow/example_dags/example_sensors.py
[2026-08-12T04:52:24.583+0000] {processor.py:914} INFO - Processing file /home/airflow/.local/lib/python3.12/site-packages/airflow/example_dags/example_sensors.py for tasks to queue
[2026-08-12T04:52:24.588+0000] {logging_mixin.py:190} INFO - [2026-08-12T04:52:24.587+0000] {dagbag.py:587} INFO - Filling up the DagBag from /home/airflow/.local/lib/python3.12/site-packages/airflow/example_dags/example_sensors.py
[2026-08-12T04:52:24.601+0000] {processor.py:925} INFO - DAG(s) 'example_sensors' retrieved from /home/airflow/.local/lib/python3.12/site-packages/airflow/example_dags/example_sensors.py
[2026-08-12T04:52:24.630+0000] {logging_mixin.py:190} INFO - [2026-08-12T04:52:24.629+0000] {dag.py:3211} INFO - Sync 1 DAGs
[2026-08-12T04:52:24.647+0000] {logging_mixin.py:190} INFO - [2026-08-12T04:52:24.647+0000] {dag.py:4138} INFO - Setting next_dagrun for example_sensors to None, run_after=None
[2026-08-12T04:52:24.684+0000] {processor.py:208} INFO - Processing /home/airflow/.local/lib/python3.12/site-packages/airflow/example_dags/example_sensors.py took 0.109 seconds
[2026-08-12T04:52:55.521+0000] {processor.py:186} INFO - Started process (PID=2518) to work on /home/airflow/.local/lib/python3.12/site-packages/airflow/example_dags/example_sensors.py
[2026-08-12T04:52:55.523+0000] {processor.py:914} INFO - Processing file /home/airflow/.local/lib/python3.12/site-packages/airflow/example_dags/example_sensors.py for tasks to queue
[2026-08-12T04:52:55.526+0000] {logging_mixin.py:190} INFO - [2026-08-12T04:52:55.526+0000] {dagbag.py:587} INFO - Filling up the DagBag from /home/airflow/.local/lib/python3.12/site-packages/airflow/example_dags/example_sensors.py
[2026-08-12T04:52:55.538+0000] {processor.py:925} INFO - DAG(s) 'example_sensors' retrieved from /home/airflow/.local/lib/python3.12/site-packages/airflow/example_dags/example_sensors.py
[2026-08-12T04:52:55.568+0000] {logging_mixin.py:190} INFO - [2026-08-12T04:52:55.567+0000] {dag.py:3211} INFO - Sync 1 DAGs
[2026-08-12T04:52:55.588+0000] {logging_mixin.py:190} INFO - [2026-08-12T04:52:55.588+0000] {dag.py:4138} INFO - Setting next_dagrun for example_sensors to None, run_after=None
[2026-08-12T04:52:55.622+0000] {processor.py:208} INFO - Processing /home/airflow/.local/lib/python3.12/site-packages/airflow/example_dags/example_sensors.py took 0.107 seconds
[2026-08-12T04:53:26.495+0000] {processor.py:186} INFO - Started process (PID=2581) to work on /home/airflow/.local/lib/python3.12/site-packages/airflow/example_dags/example_sensors.py
[2026-08-12T04:53:26.496+0000] {processor.py:914} INFO - Processing file /home/airflow/.local/lib/python3.12/site-packages/airflow/example_dags/example_sensors.py for tasks to queue
[2026-08-12T04:53:26.499+0000] {logging_mixin.py:190} INFO - [2026-08-12T04:53:26.499+0000] {dagbag.py:587} INFO - Filling up the DagBag from /home/airflow/.local/lib/python3.12/site-packages/airflow/example_dags/example_sensors.py
[2026-08-12T04:53:26.509+0000] {processor.py:925} INFO - DAG(s) 'example_sensors' retrieved from /home/airflow/.local/lib/python3.12/site-packages/airflow/example_dags/example_sensors.py
[2026-08-12T04:53:26.535+0000] {logging_mixin.py:190} INFO - [2026-08-12T04:53:26.535+0000] {dag.py:3211} INFO - Sync 1 DAGs
[2026-08-12T04:53:26.551+0000] {logging_mixin.py:190} INFO - [2026-08-12T04:53:26.551+0000] {dag.py:4138} INFO - Setting next_dagrun for example_sensors to None, run_after=None
[2026-08-12T04:53:26.580+0000] {processor.py:208} INFO - Processing /home/airflow/.local/lib/python3.12/site-packages/airflow/example_dags/example_sensors.py took 0.090 seconds
[2026-08-12T04:53:57.265+0000] {processor.py:186} INFO - Started process (PID=2644) to work on /home/airflow/.local/lib/python3.12/site-packages/airflow/example_dags/example_sensors.py
[2026-08-12T04:53:57.266+0000] {processor.py:914} INFO - Processing file /home/airflow/.local/lib/python3.12/site-packages/airflow/example_dags/example_sensors.py for tasks to queue
[2026-08-12T04:53:57.269+0000] {logging_mixin.py:190} INFO - [2026-08-12T04:53:57.268+0000] {dagbag.py:587} INFO - Filling up the DagBag from /home/airflow/.local/lib/python3.12/site-packages/airflow/example_dags/example_sensors.py
[2026-08-12T04:53:57.279+0000] {processor.py:925} INFO - DAG(s) 'example_sensors' retrieved from /home/airflow/.local/lib/python3.12/site-packages/airflow/example_dags/example_sensors.py
[2026-08-12T04:53:57.307+0000] {logging_mixin.py:190} INFO - [2026-08-12T04:53:57.307+0000] {dag.py:3211} INFO - Sync 1 DAGs
[2026-08-12T04:53:57.323+0000] {logging_mixin.py:190} INFO - [2026-08-12T04:53:57.323+0000] {dag.py:4138} INFO - Setting next_dagrun for example_sensors to None, run_after=None
[2026-08-12T04:53:57.348+0000] {processor.py:208} INFO - Processing /home/airflow/.local/lib/python3.12/site-packages/airflow/example_dags/example_sensors.py took 0.089 seconds
[2026-08-12T04:54:28.188+0000] {processor.py:186} INFO - Started process (PID=2707) to work on /home/airflow/.local/lib/python3.12/site-packages/airflow/example_dags/example_sensors.py
[2026-08-12T04:54:28.190+0000] {processor.py:914} INFO - Processing file /home/airflow/.local/lib/python3.12/site-packages/airflow/example_dags/example_sensors.py for tasks to queue
[2026-08-12T04:54:28.194+0000] {logging_mixin.py:190} INFO - [2026-08-12T04:54:28.194+0000] {dagbag.py:587} INFO - Filling up the DagBag from /home/airflow/.local/lib/python3.12/site-packages/airflow/example_dags/example_sensors.py
[2026-08-12T04:54:28.208+0000] {processor.py:925} INFO - DAG(s) 'example_sensors' retrieved from /home/airflow/.local/lib/python3.12/site-packages/airflow/example_dags/example_sensors.py
[2026-08-12T04:54:28.237+0000] {logging_mixin.py:190} INFO - [2026-08-12T04:54:28.237+0000] {dag.py:3211} INFO - Sync 1 DAGs
[2026-08-12T04:54:28.254+0000] {logging_mixin.py:190} INFO - [2026-08-12T04:54:28.253+0000] {dag.py:4138} INFO - Setting next_dagrun for example_sensors to None, run_after=None
[2026-08-12T04:54:28.273+0000] {processor.py:208} INFO - Processing /home/airflow/.local/lib/python3.12/site-packages/airflow/example_dags/example_sensors.py took 0.091 seconds
[2026-08-12T04:54:58.742+0000] {processor.py:186} INFO - Started process (PID=2770) to work on /home/airflow/.local/lib/python3.12/site-packages/airflow/example_dags/example_sensors.py
[2026-08-12T04:54:58.743+0000] {processor.py:914} INFO - Processing file /home/airflow/.local/lib/python3.12/site-packages/airflow/example_dags/example_sensors.py for tasks to queue
[2026-08-12T04:54:58.747+0000] {logging_mixin.py:190} INFO - [2026-08-12T04:54:58.747+0000] {dagbag.py:587} INFO - Filling up the DagBag from /home/airflow/.local/lib/python3.12/site-packages/airflow/example_dags/example_sensors.py
[2026-08-12T04:54:58.767+0000] {processor.py:925} INFO - DAG(s) 'example_sensors' retrieved from /home/airflow/.local/lib/python3.12/site-packages/airflow/example_dags/example_sensors.py
[2026-08-12T04:54:58.795+0000] {logging_mixin.py:190} INFO - [2026-08-12T04:54:58.795+0000] {dag.py:3211} INFO - Sync 1 DAGs
[2026-08-12T04:54:58.816+0000] {logging_mixin.py:190} INFO - [2026-08-12T04:54:58.815+0000] {dag.py:4138} INFO - Setting next_dagrun for example_sensors to None, run_after=None
[2026-08-12T04:54:58.844+0000] {processor.py:208} INFO - Processing /home/airflow/.local/lib/python3.12/site-packages/airflow/example_dags/example_sensors.py took 0.109 seconds
[2026-08-12T04:55:29.506+0000] {processor.py:186} INFO - Started process (PID=2833) to work on /home/airflow/.local/lib/python3.12/site-packages/airflow/example_dags/example_sensors.py
[2026-08-12T04:55:29.507+0000] {processor.py:914} INFO - Processing file /home/airflow/.local/lib/python3.12/site-packages/airflow/example_dags/example_sensors.py for tasks to queue
[2026-08-12T04:55:29.512+0000] {logging_mixin.py:190} INFO - [2026-08-12T04:55:29.511+0000] {dagbag.py:587} INFO - Filling up the DagBag from /home/airflow/.local/lib/python3.12/site-packages/airflow/example_dags/example_sensors.py
[2026-08-12T04:55:29.530+0000] {processor.py:925} INFO - DAG(s) 'example_sensors' retrieved from /home/airflow/.local/lib/python3.12/site-packages/airflow/example_dags/example_sensors.py
[2026-08-12T04:55:29.562+0000] {logging_mixin.py:190} INFO - [2026-08-12T04:55:29.562+0000] {dag.py:3211} INFO - Sync 1 DAGs
[2026-08-12T04:55:29.576+0000] {logging_mixin.py:190} INFO - [2026-08-12T04:55:29.576+0000] {dag.py:4138} INFO - Setting next_dagrun for example_sensors to None, run_after=None
[2026-08-12T04:55:29.611+0000] {processor.py:208} INFO - Processing /home/airflow/.local/lib/python3.12/site-packages/airflow/example_dags/example_sensors.py took 0.113 seconds
[2026-08-12T04:56:00.135+0000] {processor.py:186} INFO - Started process (PID=2896) to work on /home/airflow/.local/lib/python3.12/site-packages/airflow/example_dags/example_sensors.py
[2026-08-12T04:56:00.136+0000] {processor.py:914} INFO - Processing file /home/airflow/.local/lib/python3.12/site-packages/airflow/example_dags/example_sensors.py for tasks to queue
[2026-08-12T04:56:00.140+0000] {logging_mixin.py:190} INFO - [2026-08-12T04:56:00.139+0000] {dagbag.py:587} INFO - Filling up the DagBag from /home/airflow/.local/lib/python3.12/site-packages/airflow/example_dags/example_sensors.py
[2026-08-12T04:56:00.150+0000] {processor.py:925} INFO - DAG(s) 'example_sensors' retrieved from /home/airflow/.local/lib/python3.12/site-packages/airflow/example_dags/example_sensors.py
[2026-08-12T04:56:00.177+0000] {logging_mixin.py:190} INFO - [2026-08-12T04:56:00.177+0000] {dag.py:3211} INFO - Sync 1 DAGs
[2026-08-12T04:56:00.191+0000] {logging_mixin.py:190} INFO - [2026-08-12T04:56:00.191+0000] {dag.py:4138} INFO - Setting next_dagrun for example_sensors to None, run_after=None
[2026-08-12T04:56:00.226+0000] {processor.py:208} INFO - Processing /home/airflow/.local/lib/python3.12/site-packages/airflow/example_dags/example_sensors.py took 0.096 seconds
[2026-08-12T04:56:30.782+0000] {processor.py:186} INFO - Started process (PID=2959) to work on /home/airflow/.local/lib/python3.12/site-packages/airflow/example_dags/example_sensors.py
[2026-08-12T04:56:30.783+0000] {processor.py:914} INFO - Processing file /home/airflow/.local/lib/python3.12/site-packages/airflow/example_dags/example_sensors.py for tasks to queue
[2026-08-12T04:56:30.788+0000] {logging_mixin.py:190} INFO - [2026-08-12T04:56:30.787+0000] {dagbag.py:587} INFO - Filling up the DagBag from /home/airflow/.local/lib/python3.12/site-packages/airflow/example_dags/example_sensors.py
[2026-08-12T04:56:30.804+0000] {processor.py:925} INFO - DAG(s) 'example_sensors' retrieved from /home/airflow/.local/lib/python3.12/site-packages/airflow/example_dags/example_sensors.py
[2026-08-12T04:56:30.835+0000] {logging_mixin.py:190} INFO - [2026-08-12T04:56:30.834+0000] {dag.py:3211} INFO - Sync 1 DAGs
[2026-08-12T04:56:30.850+0000] {logging_mixin.py:190} INFO - [2026-08-12T04:56:30.850+0000] {dag.py:4138} INFO - Setting next_dagrun for example_sensors to None, run_after=None
[2026-08-12T04:56:30.874+0000] {processor.py:208} INFO - Processing /home/airflow/.local/lib/python3.12/site-packages/airflow/example_dags/example_sensors.py took 0.100 seconds
[2026-08-12T04:57:01.146+0000] {processor.py:186} INFO - Started process (PID=3022) to work on /home/airflow/.local/lib/python3.12/site-packages/airflow/example_dags/example_sensors.py
[2026-08-12T04:57:01.147+0000] {processor.py:914} INFO - Processing file /home/airflow/.local/lib/python3.12/site-packages/airflow/example_dags/example_sensors.py for tasks to queue
[2026-08-12T04:57:01.151+0000] {logging_mixin.py:190} INFO - [2026-08-12T04:57:01.150+0000] {dagbag.py:587} INFO - Filling up the DagBag from /home/airflow/.local/lib/python3.12/site-packages/airflow/example_dags/example_sensors.py
[2026-08-12T04:57:01.164+0000] {processor.py:925} INFO - DAG(s) 'example_sensors' retrieved from /home/airflow/.local/lib/python3.12/site-packages/airflow/example_dags/example_sensors.py
[2026-08-12T04:57:01.197+0000] {logging_mixin.py:190} INFO - [2026-08-12T04:57:01.197+0000] {dag.py:3211} INFO - Sync 1 DAGs
[2026-08-12T04:57:01.212+0000] {logging_mixin.py:190} INFO - [2026-08-12T04:57:01.212+0000] {dag.py:4138} INFO - Setting next_dagrun for example_sensors to None, run_after=None
[2026-08-12T04:57:01.445+0000] {processor.py:208} INFO - Processing /home/airflow/.local/lib/python3.12/site-packages/airflow/example_dags/example_sensors.py took 0.307 seconds
[2026-08-12T04:57:31.542+0000] {processor.py:186} INFO - Started process (PID=3085) to work on /home/airflow/.local/lib/python3.12/site-packages/airflow/example_dags/example_sensors.py
[2026-08-12T04:57:31.544+0000] {processor.py:914} INFO - Processing file /home/airflow/.local/lib/python3.12/site-packages/airflow/example_dags/example_sensors.py for tasks to queue
[2026-08-12T04:57:31.547+0000] {logging_mixin.py:190} INFO - [2026-08-12T04:57:31.547+0000] {dagbag.py:587} INFO - Filling up the DagBag from /home/airflow/.local/lib/python3.12/site-packages/airflow/example_dags/example_sensors.py
[2026-08-12T04:57:31.558+0000] {processor.py:925} INFO - DAG(s) 'example_sensors' retrieved from /home/airflow/.local/lib/python3.12/site-packages/airflow/example_dags/example_sensors.py
[2026-08-12T04:57:31.588+0000] {logging_mixin.py:190} INFO - [2026-08-12T04:57:31.588+0000] {dag.py:3211} INFO - Sync 1 DAGs
[2026-08-12T04:57:31.603+0000] {logging_mixin.py:190} INFO - [2026-08-12T04:57:31.602+0000] {dag.py:4138} INFO - Setting next_dagrun for example_sensors to None, run_after=None
[2026-08-12T04:57:31.625+0000] {processor.py:208} INFO - Processing /home/airflow/.local/lib/python3.12/site-packages/airflow/example_dags/example_sensors.py took 0.088 seconds
[2026-08-12T04:58:02.557+0000] {processor.py:186} INFO - Started process (PID=3148) to work on /home/airflow/.local/lib/python3.12/site-packages/airflow/example_dags/example_sensors.py
[2026-08-12T04:58:02.559+0000] {processor.py:914} INFO - Processing file /home/airflow/.local/lib/python3.12/site-packages/airflow/example_dags/example_sensors.py for tasks to queue
[2026-08-12T04:58:02.563+0000] {logging_mixin.py:190} INFO - [2026-08-12T04:58:02.562+0000] {dagbag.py:587} INFO - Filling up the DagBag from /home/airflow/.local/lib/python3.12/site-packages/airflow/example_dags/example_sensors.py
[2026-08-12T04:58:02.575+0000] {processor.py:925} INFO - DAG(s) 'example_sensors' retrieved from /home/airflow/.local/lib/python3.12/site-packages/airflow/example_dags/example_sensors.py
[2026-08-12T04:58:02.602+0000] {logging_mixin.py:190} INFO - [2026-08-12T04:58:02.601+0000] {dag.py:3211} INFO - Sync 1 DAGs
[2026-08-12T04:58:02.615+0000] {logging_mixin.py:190} INFO - [2026-08-12T04:58:02.615+0000] {dag.py:4138} INFO - Setting next_dagrun for example_sensors to None, run_after=None
[2026-08-12T04:58:02.649+0000] {processor.py:208} INFO - Processing /home/airflow/.local/lib/python3.12/site-packages/airflow/example_dags/example_sensors.py took 0.100 seconds
[2026-08-12T04:58:32.758+0000] {processor.py:186} INFO - Started process (PID=3211) to work on /home/airflow/.local/lib/python3.12/site-packages/airflow/example_dags/example_sensors.py
[2026-08-12T04:58:32.760+0000] {processor.py:914} INFO - Processing file /home/airflow/.local/lib/python3.12/site-packages/airflow/example_dags/example_sensors.py for tasks to queue
[2026-08-12T04:58:32.763+0000] {logging_mixin.py:190} INFO - [2026-08-12T04:58:32.763+0000] {dagbag.py:587} INFO - Filling up the DagBag from /home/airflow/.local/lib/python3.12/site-packages/airflow/example_dags/example_sensors.py
[2026-08-12T04:58:32.776+0000] {processor.py:925} INFO - DAG(s) 'example_sensors' retrieved from /home/airflow/.local/lib/python3.12/site-packages/airflow/example_dags/example_sensors.py
[2026-08-12T04:58:32.806+0000] {logging_mixin.py:190} INFO - [2026-08-12T04:58:32.805+0000] {dag.py:3211} INFO - Sync 1 DAGs
[2026-08-12T04:58:32.820+0000] {logging_mixin.py:190} INFO - [2026-08-12T04:58:32.820+0000] {dag.py:4138} INFO - Setting next_dagrun for example_sensors to None, run_after=None
[2026-08-12T04:58:32.841+0000] {processor.py:208} INFO - Processing /home/airflow/.local/lib/python3.12/site-packages/airflow/example_dags/example_sensors.py took 0.089 seconds
[2026-08-12T04:59:03.132+0000] {processor.py:186} INFO - Started process (PID=3274) to work on /home/airflow/.local/lib/python3.12/site-packages/airflow/example_dags/example_sensors.py
[2026-08-12T04:59:03.134+0000] {processor.py:914} INFO - Processing file /home/airflow/.local/lib/python3.12/site-packages/airflow/example_dags/example_sensors.py for tasks to queue
[2026-08-12T04:59:03.137+0000] {logging_mixin.py:190} INFO - [2026-08-12T04:59:03.136+0000] {dagbag.py:587} INFO - Filling up the DagBag from /home/airflow/.local/lib/python3.12/site-packages/airflow/example_dags/example_sensors.py
[2026-08-12T04:59:03.150+0000] {processor.py:925} INFO - DAG(s) 'example_sensors' retrieved from /home/airflow/.local/lib/python3.12/site-packages/airflow/example_dags/example_sensors.py
[2026-08-12T04:59:03.182+0000] {logging_mixin.py:190} INFO - [2026-08-12T04:59:03.182+0000] {dag.py:3211} INFO - Sync 1 DAGs
[2026-08-12T04:59:03.198+0000] {logging_mixin.py:190} INFO - [2026-08-12T04:59:03.198+0000] {dag.py:4138} INFO - Setting next_dagrun for example_sensors to None, run_after=None
[2026-08-12T04:59:03.226+0000] {processor.py:208} INFO - Processing /home/airflow/.local/lib/python3.12/site-packages/airflow/example_dags/example_sensors.py took 0.100 seconds
[2026-08-12T04:59:34.521+0000] {processor.py:186} INFO - Started process (PID=3343) to work on /home/airflow/.local/lib/python3.12/site-packages/airflow/example_dags/example_sensors.py
[2026-08-12T04:59:34.522+0000] {processor.py:914} INFO - Processing file /home/airflow/.local/lib/python3.12/site-packages/airflow/example_dags/example_sensors.py for tasks to queue
[2026-08-12T04:59:34.525+0000] {logging_mixin.py:190} INFO - [2026-08-12T04:59:34.525+0000] {dagbag.py:587} INFO - Filling up the DagBag from /home/airflow/.local/lib/python3.12/site-packages/airflow/example_dags/example_sensors.py
[2026-08-12T04:59:34.537+0000] {processor.py:925} INFO - DAG(s) 'example_sensors' retrieved from /home/airflow/.local/lib/python3.12/site-packages/airflow/example_dags/example_sensors.py
[2026-08-12T04:59:34.797+0000] {logging_mixin.py:190} INFO - [2026-08-12T04:59:34.797+0000] {dag.py:3211} INFO - Sync 1 DAGs
[2026-08-12T04:59:34.809+0000] {logging_mixin.py:190} INFO - [2026-08-12T04:59:34.808+0000] {dag.py:4138} INFO - Setting next_dagrun for example_sensors to None, run_after=None
[2026-08-12T04:59:34.827+0000] {processor.py:208} INFO - Processing /home/airflow/.local/lib/python3.12/site-packages/airflow/example_dags/example_sensors.py took 0.311 seconds
[2026-08-12T05:00:05.431+0000] {processor.py:186} INFO - Started process (PID=3406) to work on /home/airflow/.local/lib/python3.12/site-packages/airflow/example_dags/example_sensors.py
[2026-08-12T05:00:05.432+0000] {processor.py:914} INFO - Processing file /home/airflow/.local/lib/python3.12/site-packages/airflow/example_dags/example_sensors.py for tasks to queue
[2026-08-12T05:00:05.435+0000] {logging_mixin.py:190} INFO - [2026-08-12T05:00:05.434+0000] {dagbag.py:587} INFO - Filling up the DagBag from /home/airflow/.local/lib/python3.12/site-packages/airflow/example_dags/example_sensors.py
[2026-08-12T05:00:05.445+0000] {processor.py:925} INFO - DAG(s) 'example_sensors' retrieved from /home/airflow/.local/lib/python3.12/site-packages/airflow/example_dags/example_sensors.py
[2026-08-12T05:00:05.479+0000] {logging_mixin.py:190} INFO - [2026-08-12T05:00:05.478+0000] {dag.py:3211} INFO - Sync 1 DAGs
[2026-08-12T05:00:05.493+0000] {logging_mixin.py:190} INFO - [2026-08-12T05:00:05.493+0000] {dag.py:4138} INFO - Setting next_dagrun for example_sensors to None, run_after=None
[2026-08-12T05:00:05.514+0000] {processor.py:208} INFO - Processing /home/airflow/.local/lib/python3.12/site-packages/airflow/example_dags/example_sensors.py took 0.090 seconds
[2026-08-12T05:00:35.884+0000] {processor.py:186} INFO - Started process (PID=3469) to work on /home/airflow/.local/lib/python3.12/site-packages/airflow/example_dags/example_sensors.py
[2026-08-12T05:00:35.886+0000] {processor.py:914} INFO - Processing file /home/airflow/.local/lib/python3.12/site-packages/airflow/example_dags/example_sensors.py for tasks to queue
[2026-08-12T05:00:35.889+0000] {logging_mixin.py:190} INFO - [2026-08-12T05:00:35.889+0000] {dagbag.py:587} INFO - Filling up the DagBag from /home/airflow/.local/lib/python3.12/site-packages/airflow/example_dags/example_sensors.py
[2026-08-12T05:00:35.901+0000] {processor.py:925} INFO - DAG(s) 'example_sensors' retrieved from /home/airflow/.local/lib/python3.12/site-packages/airflow/example_dags/example_sensors.py
[2026-08-12T05:00:35.929+0000] {logging_mixin.py:190} INFO - [2026-08-12T05:00:35.929+0000] {dag.py:3211} INFO - Sync 1 DAGs
[2026-08-12T05:00:35.945+0000] {logging_mixin.py:190} INFO - [2026-08-12T05:00:35.945+0000] {dag.py:4138} INFO - Setting next_dagrun for example_sensors to None, run_after=None
[2026-08-12T05:00:35.968+0000] {processor.py:208} INFO - Processing /home/airflow/.local/lib/python3.12/site-packages/airflow/example_dags/example_sensors.py took 0.090 seconds
[2026-08-12T05:01:06.468+0000] {processor.py:186} INFO - Started process (PID=3532) to work on /home/airflow/.local/lib/python3.12/site-packages/airflow/example_dags/example_sensors.py
[2026-08-12T05:01:06.470+0000] {processor.py:914} INFO - Processing file /home/airflow/.local/lib/python3.12/site-packages/airflow/example_dags/example_sensors.py for tasks to queue
[2026-08-12T05:01:06.473+0000] {logging_mixin.py:190} INFO - [2026-08-12T05:01:06.473+0000] {dagbag.py:587} INFO - Filling up the DagBag from /home/airflow/.local/lib/python3.12/site-packages/airflow/example_dags/example_sensors.py
[2026-08-12T05:01:06.490+0000] {processor.py:925} INFO - DAG(s) 'example_sensors' retrieved from /home/airflow/.local/lib/python3.12/site-packages/airflow/example_dags/example_sensors.py
[2026-08-12T05:01:06.529+0000] {logging_mixin.py:190} INFO - [2026-08-12T05:01:06.528+0000] {dag.py:3211} INFO - Sync 1 DAGs
[2026-08-12T05:01:06.550+0000] {logging_mixin.py:190} INFO - [2026-08-12T05:01:06.549+0000] {dag.py:4138} INFO - Setting next_dagrun for example_sensors to None, run_after=None
[2026-08-12T05:01:06.583+0000] {processor.py:208} INFO - Processing /home/airflow/.local/lib/python3.12/site-packages/airflow/example_dags/example_sensors.py took 0.121 seconds
[2026-08-12T05:01:37.059+0000] {processor.py:186} INFO - Started process (PID=3595) to work on /home/airflow/.local/lib/python3.12/site-packages/airflow/example_dags/example_sensors.py
[2026-08-12T05:01:37.060+0000] {processor.py:914} INFO - Processing file /home/airflow/.local/lib/python3.12/site-packages/airflow/example_dags/example_sensors.py for tasks to queue
[2026-08-12T05:01:37.064+0000] {logging_mixin.py:190} INFO - [2026-08-12T05:01:37.063+0000] {dagbag.py:587} INFO - Filling up the DagBag from /home/airflow/.local/lib/python3.12/site-packages/airflow/example_dags/example_sensors.py
[2026-08-12T05:01:37.079+0000] {processor.py:925} INFO - DAG(s) 'example_sensors' retrieved from /home/airflow/.local/lib/python3.12/site-packages/airflow/example_dags/example_sensors.py
[2026-08-12T05:01:37.113+0000] {logging_mixin.py:190} INFO - [2026-08-12T05:01:37.113+0000] {dag.py:3211} INFO - Sync 1 DAGs
[2026-08-12T05:01:37.129+0000] {logging_mixin.py:190} INFO - [2026-08-12T05:01:37.129+0000] {dag.py:4138} INFO - Setting next_dagrun for example_sensors to None, run_after=None
[2026-08-12T05:01:37.155+0000] {processor.py:208} INFO - Processing /home/airflow/.local/lib/python3.12/site-packages/airflow/example_dags/example_sensors.py took 0.103 seconds
[2026-08-12T05:02:07.682+0000] {processor.py:186} INFO - Started process (PID=3658) to work on /home/airflow/.local/lib/python3.12/site-packages/airflow/example_dags/example_sensors.py
[2026-08-12T05:02:07.683+0000] {processor.py:914} INFO - Processing file /home/airflow/.local/lib/python3.12/site-packages/airflow/example_dags/example_sensors.py for tasks to queue
[2026-08-12T05:02:07.687+0000] {logging_mixin.py:190} INFO - [2026-08-12T05:02:07.686+0000] {dagbag.py:587} INFO - Filling up the DagBag from /home/airflow/.local/lib/python3.12/site-packages/airflow/example_dags/example_sensors.py
[2026-08-12T05:02:07.698+0000] {processor.py:925} INFO - DAG(s) 'example_sensors' retrieved from /home/airflow/.local/lib/python3.12/site-packages/airflow/example_dags/example_sensors.py
[2026-08-12T05:02:07.725+0000] {logging_mixin.py:190} INFO - [2026-08-12T05:02:07.725+0000] {dag.py:3211} INFO - Sync 1 DAGs
[2026-08-12T05:02:07.740+0000] {logging_mixin.py:190} INFO - [2026-08-12T05:02:07.739+0000] {dag.py:4138} INFO - Setting next_dagrun for example_sensors to None, run_after=None
[2026-08-12T05:02:07.762+0000] {processor.py:208} INFO - Processing /home/airflow/.local/lib/python3.12/site-packages/airflow/example_dags/example_sensors.py took 0.086 seconds
[2026-08-12T05:02:38.284+0000] {processor.py:186} INFO - Started process (PID=3721) to work on /home/airflow/.local/lib/python3.12/site-packages/airflow/example_dags/example_sensors.py
[2026-08-12T05:02:38.286+0000] {processor.py:914} INFO - Processing file /home/airflow/.local/lib/python3.12/site-packages/airflow/example_dags/example_sensors.py for tasks to queue
[2026-08-12T05:02:38.289+0000] {logging_mixin.py:190} INFO - [2026-08-12T05:02:38.288+0000] {dagbag.py:587} INFO - Filling up the DagBag from /home/airflow/.local/lib/python3.12/site-packages/airflow/example_dags/example_sensors.py
[2026-08-12T05:02:38.301+0000] {processor.py:925} INFO - DAG(s) 'example_sensors' retrieved from /home/airflow/.local/lib/python3.12/site-packages/airflow/example_dags/example_sensors.py
[2026-08-12T05:02:38.335+0000] {logging_mixin.py:190} INFO - [2026-08-12T05:02:38.335+0000] {dag.py:3211} INFO - Sync 1 DAGs
[2026-08-12T05:02:38.355+0000] {logging_mixin.py:190} INFO - [2026-08-12T05:02:38.355+0000] {dag.py:4138} INFO - Setting next_dagrun for example_sensors to None, run_after=None
[2026-08-12T05:02:38.383+0000] {processor.py:208} INFO - Processing /home/airflow/.local/lib/python3.12/site-packages/airflow/example_dags/example_sensors.py took 0.107 seconds
[2026-08-12T05:03:08.729+0000] {processor.py:186} INFO - Started process (PID=3784) to work on /home/airflow/.local/lib/python3.12/site-packages/airflow/example_dags/example_sensors.py
[2026-08-12T05:03:08.730+0000] {processor.py:914} INFO - Processing file /home/airflow/.local/lib/python3.12/site-packages/airflow/example_dags/example_sensors.py for tasks to queue
[2026-08-12T05:03:08.733+0000] {logging_mixin.py:190} INFO - [2026-08-12T05:03:08.732+0000] {dagbag.py:587} INFO - Filling up the DagBag from /home/airflow/.local/lib/python3.12/site-packages/airflow/example_dags/example_sensors.py
[2026-08-12T05:03:08.742+0000] {processor.py:925} INFO - DAG(s) 'example_sensors' retrieved from /home/airflow/.local/lib/python3.12/site-packages/airflow/example_dags/example_sensors.py
[2026-08-12T05:03:08.773+0000] {logging_mixin.py:190} INFO - [2026-08-12T05:03:08.772+0000] {dag.py:3211} INFO - Sync 1 DAGs
[2026-08-12T05:03:08.788+0000] {logging_mixin.py:190} INFO - [2026-08-12T05:03:08.788+0000] {dag.py:4138} INFO - Setting next_dagrun for example_sensors to None, run_after=None
[2026-08-12T05:03:08.808+0000] {processor.py:208} INFO - Processing /home/airflow/.local/lib/python3.12/site-packages/airflow/example_dags/example_sensors.py took 0.085 seconds
[2026-08-12T05:03:39.084+0000] {processor.py:186} INFO - Started process (PID=3847) to work on /home/airflow/.local/lib/python3.12/site-packages/airflow/example_dags/example_sensors.py
[2026-08-12T05:03:39.086+0000] {processor.py:914} INFO - Processing file /home/airflow/.local/lib/python3.12/site-packages/airflow/example_dags/example_sensors.py for tasks to queue
[2026-08-12T05:03:39.090+0000] {logging_mixin.py:190} INFO - [2026-08-12T05:03:39.089+0000] {dagbag.py:587} INFO - Filling up the DagBag from /home/airflow/.local/lib/python3.12/site-packages/airflow/example_dags/example_sensors.py
[2026-08-12T05:03:39.105+0000] {processor.py:925} INFO - DAG(s) 'example_sensors' retrieved from /home/airflow/.local/lib/python3.12/site-packages/airflow/example_dags/example_sensors.py
[2026-08-12T05:03:39.142+0000] {logging_mixin.py:190} INFO - [2026-08-12T05:03:39.141+0000] {dag.py:3211} INFO - Sync 1 DAGs
[2026-08-12T05:03:39.163+0000] {logging_mixin.py:190} INFO - [2026-08-12T05:03:39.162+0000] {dag.py:4138} INFO - Setting next_dagrun for example_sensors to None, run_after=None
[2026-08-12T05:03:39.184+0000] {processor.py:208} INFO - Processing /home/airflow/.local/lib/python3.12/site-packages/airflow/example_dags/example_sensors.py took 0.111 seconds
[2026-08-12T05:04:09.502+0000] {processor.py:186} INFO - Started process (PID=3911) to work on /home/airflow/.local/lib/python3.12/site-packages/airflow/example_dags/example_sensors.py
[2026-08-12T05:04:09.503+0000] {processor.py:914} INFO - Processing file /home/airflow/.local/lib/python3.12/site-packages/airflow/example_dags/example_sensors.py for tasks to queue
[2026-08-12T05:04:09.507+0000] {logging_mixin.py:190} INFO - [2026-08-12T05:04:09.506+0000] {dagbag.py:587} INFO - Filling up the DagBag from /home/airflow/.local/lib/python3.12/site-packages/airflow/example_dags/example_sensors.py
[2026-08-12T05:04:09.518+0000] {processor.py:925} INFO - DAG(s) 'example_sensors' retrieved from /home/airflow/.local/lib/python3.12/site-packages/airflow/example_dags/example_sensors.py
[2026-08-12T05:04:09.545+0000] {logging_mixin.py:190} INFO - [2026-08-12T05:04:09.545+0000] {dag.py:3211} INFO - Sync 1 DAGs
[2026-08-12T05:04:09.559+0000] {logging_mixin.py:190} INFO - [2026-08-12T05:04:09.559+0000] {dag.py:4138} INFO - Setting next_dagrun for example_sensors to None, run_after=None
[2026-08-12T05:04:09.580+0000] {processor.py:208} INFO - Processing /home/airflow/.local/lib/python3.12/site-packages/airflow/example_dags/example_sensors.py took 0.084 seconds
[2026-08-12T05:04:39.916+0000] {processor.py:186} INFO - Started process (PID=3974) to work on /home/airflow/.local/lib/python3.12/site-packages/airflow/example_dags/example_sensors.py
[2026-08-12T05:04:39.917+0000] {processor.py:914} INFO - Processing file /home/airflow/.local/lib/python3.12/site-packages/airflow/example_dags/example_sensors.py for tasks to queue
[2026-08-12T05:04:39.921+0000] {logging_mixin.py:190} INFO - [2026-08-12T05:04:39.920+0000] {dagbag.py:587} INFO - Filling up the DagBag from /home/airflow/.local/lib/python3.12/site-packages/airflow/example_dags/example_sensors.py
[2026-08-12T05:04:39.937+0000] {processor.py:925} INFO - DAG(s) 'example_sensors' retrieved from /home/airflow/.local/lib/python3.12/site-packages/airflow/example_dags/example_sensors.py
[2026-08-12T05:04:39.971+0000] {logging_mixin.py:190} INFO - [2026-08-12T05:04:39.970+0000] {dag.py:3211} INFO - Sync 1 DAGs
[2026-08-12T05:04:39.988+0000] {logging_mixin.py:190} INFO - [2026-08-12T05:04:39.988+0000] {dag.py:4138} INFO - Setting next_dagrun for example_sensors to None, run_after=None
[2026-08-12T05:04:40.008+0000] {processor.py:208} INFO - Processing /home/airflow/.local/lib/python3.12/site-packages/airflow/example_dags/example_sensors.py took 0.099 seconds
[2026-08-12T05:05:10.358+0000] {processor.py:186} INFO - Started process (PID=4037) to work on /home/airflow/.local/lib/python3.12/site-packages/airflow/example_dags/example_sensors.py
[2026-08-12T05:05:10.359+0000] {processor.py:914} INFO - Processing file /home/airflow/.local/lib/python3.12/site-packages/airflow/example_dags/example_sensors.py for tasks to queue
[2026-08-12T05:05:10.362+0000] {logging_mixin.py:190} INFO - [2026-08-12T05:05:10.362+0000] {dagbag.py:587} INFO - Filling up the DagBag from /home/airflow/.local/lib/python3.12/site-packages/airflow/example_dags/example_sensors.py
[2026-08-12T05:05:10.372+0000] {processor.py:925} INFO - DAG(s) 'example_sensors' retrieved from /home/airflow/.local/lib/python3.12/site-packages/airflow/example_dags/example_sensors.py
[2026-08-12T05:05:10.396+0000] {logging_mixin.py:190} INFO - [2026-08-12T05:05:10.396+0000] {dag.py:3211} INFO - Sync 1 DAGs
[2026-08-12T05:05:10.409+0000] {logging_mixin.py:190} INFO - [2026-08-12T05:05:10.409+0000] {dag.py:4138} INFO - Setting next_dagrun for example_sensors to None, run_after=None
[2026-08-12T05:05:10.428+0000] {processor.py:208} INFO - Processing /home/airflow/.local/lib/python3.12/site-packages/airflow/example_dags/example_sensors.py took 0.075 seconds
[2026-08-12T05:05:40.917+0000] {processor.py:186} INFO - Started process (PID=4100) to work on /home/airflow/.local/lib/python3.12/site-packages/airflow/example_dags/example_sensors.py
[2026-08-12T05:05:40.919+0000] {processor.py:914} INFO - Processing file /home/airflow/.local/lib/python3.12/site-packages/airflow/example_dags/example_sensors.py for tasks to queue
[2026-08-12T05:05:40.921+0000] {logging_mixin.py:190} INFO - [2026-08-12T05:05:40.921+0000] {dagbag.py:587} INFO - Filling up the DagBag from /home/airflow/.local/lib/python3.12/site-packages/airflow/example_dags/example_sensors.py
[2026-08-12T05:05:40.932+0000] {processor.py:925} INFO - DAG(s) 'example_sensors' retrieved from /home/airflow/.local/lib/python3.12/site-packages/airflow/example_dags/example_sensors.py
[2026-08-12T05:05:40.960+0000] {logging_mixin.py:190} INFO - [2026-08-12T05:05:40.959+0000] {dag.py:3211} INFO - Sync 1 DAGs
[2026-08-12T05:05:40.975+0000] {logging_mixin.py:190} INFO - [2026-08-12T05:05:40.975+0000] {dag.py:4138} INFO - Setting next_dagrun for example_sensors to None, run_after=None
[2026-08-12T05:05:40.996+0000] {processor.py:208} INFO - Processing /home/airflow/.local/lib/python3.12/site-packages/airflow/example_dags/example_sensors.py took 0.084 seconds
[2026-08-12T05:06:11.210+0000] {processor.py:186} INFO - Started process (PID=4163) to work on /home/airflow/.local/lib/python3.12/site-packages/airflow/example_dags/example_sensors.py
[2026-08-12T05:06:11.211+0000] {processor.py:914} INFO - Processing file /home/airflow/.local/lib/python3.12/site-packages/airflow/example_dags/example_sensors.py for tasks to queue
[2026-08-12T05:06:11.214+0000] {logging_mixin.py:190} INFO - [2026-08-12T05:06:11.214+0000] {dagbag.py:587} INFO - Filling up the DagBag from /home/airflow/.local/lib/python3.12/site-packages/airflow/example_dags/example_sensors.py
[2026-08-12T05:06:11.240+0000] {processor.py:925} INFO - DAG(s) 'example_sensors' retrieved from /home/airflow/.local/lib/python3.12/site-packages/airflow/example_dags/example_sensors.py
[2026-08-12T05:06:11.271+0000] {logging_mixin.py:190} INFO - [2026-08-12T05:06:11.271+0000] {dag.py:3211} INFO - Sync 1 DAGs
[2026-08-12T05:06:11.290+0000] {logging_mixin.py:190} INFO - [2026-08-12T05:06:11.290+0000] {dag.py:4138} INFO - Setting next_dagrun for example_sensors to None, run_after=None
[2026-08-12T05:06:11.312+0000] {processor.py:208} INFO - Processing /home/airflow/.local/lib/python3.12/site-packages/airflow/example_dags/example_sensors.py took 0.113 seconds
[2026-08-12T05:06:41.809+0000] {processor.py:186} INFO - Started process (PID=4226) to work on /home/airflow/.local/lib/python3.12/site-packages/airflow/example_dags/example_sensors.py
[2026-08-12T05:06:41.811+0000] {processor.py:914} INFO - Processing file /home/airflow/.local/lib/python3.12/site-packages/airflow/example_dags/example_sensors.py for tasks to queue
[2026-08-12T05:06:41.814+0000] {logging_mixin.py:190} INFO - [2026-08-12T05:06:41.813+0000] {dagbag.py:587} INFO - Filling up the DagBag from /home/airflow/.local/lib/python3.12/site-packages/airflow/example_dags/example_sensors.py
[2026-08-12T05:06:41.825+0000] {processor.py:925} INFO - DAG(s) 'example_sensors' retrieved from /home/airflow/.local/lib/python3.12/site-packages/airflow/example_dags/example_sensors.py
[2026-08-12T05:06:41.856+0000] {logging_mixin.py:190} INFO - [2026-08-12T05:06:41.856+0000] {dag.py:3211} INFO - Sync 1 DAGs
[2026-08-12T05:06:41.872+0000] {logging_mixin.py:190} INFO - [2026-08-12T05:06:41.872+0000] {dag.py:4138} INFO - Setting next_dagrun for example_sensors to None, run_after=None
[2026-08-12T05:06:41.891+0000] {processor.py:208} INFO - Processing /home/airflow/.local/lib/python3.12/site-packages/airflow/example_dags/example_sensors.py took 0.088 seconds
[2026-08-12T05:07:12.631+0000] {processor.py:186} INFO - Started process (PID=4289) to work on /home/airflow/.local/lib/python3.12/site-packages/airflow/example_dags/example_sensors.py
[2026-08-12T05:07:12.633+0000] {processor.py:914} INFO - Processing file /home/airflow/.local/lib/python3.12/site-packages/airflow/example_dags/example_sensors.py for tasks to queue
[2026-08-12T05:07:12.636+0000] {logging_mixin.py:190} INFO - [2026-08-12T05:07:12.635+0000] {dagbag.py:587} INFO - Filling up the DagBag from /home/airflow/.local/lib/python3.12/site-packages/airflow/example_dags/example_sensors.py
[2026-08-12T05:07:12.646+0000] {processor.py:925} INFO - DAG(s) 'example_sensors' retrieved from /home/airflow/.local/lib/python3.12/site-packages/airflow/example_dags/example_sensors.py
[2026-08-12T05:07:12.673+0000] {logging_mixin.py:190} INFO - [2026-08-12T05:07:12.672+0000] {dag.py:3211} INFO - Sync 1 DAGs
[2026-08-12T05:07:12.687+0000] {logging_mixin.py:190} INFO - [2026-08-12T05:07:12.687+0000] {dag.py:4138} INFO - Setting next_dagrun for example_sensors to None, run_after=None
[2026-08-12T05:07:12.708+0000] {processor.py:208} INFO - Processing /home/airflow/.local/lib/python3.12/site-packages/airflow/example_dags/example_sensors.py took 0.082 seconds
[2026-08-12T05:07:42.980+0000] {processor.py:186} INFO - Started process (PID=4352) to work on /home/airflow/.local/lib/python3.12/site-packages/airflow/example_dags/example_sensors.py
[2026-08-12T05:07:42.983+0000] {processor.py:914} INFO - Processing file /home/airflow/.local/lib/python3.12/site-packages/airflow/example_dags/example_sensors.py for tasks to queue
[2026-08-12T05:07:42.987+0000] {logging_mixin.py:190} INFO - [2026-08-12T05:07:42.986+0000] {dagbag.py:587} INFO - Filling up the DagBag from /home/airflow/.local/lib/python3.12/site-packages/airflow/example_dags/example_sensors.py
[2026-08-12T05:07:43.002+0000] {processor.py:925} INFO - DAG(s) 'example_sensors' retrieved from /home/airflow/.local/lib/python3.12/site-packages/airflow/example_dags/example_sensors.py
[2026-08-12T05:07:43.045+0000] {logging_mixin.py:190} INFO - [2026-08-12T05:07:43.045+0000] {dag.py:3211} INFO - Sync 1 DAGs
[2026-08-12T05:07:43.071+0000] {logging_mixin.py:190} INFO - [2026-08-12T05:07:43.071+0000] {dag.py:4138} INFO - Setting next_dagrun for example_sensors to None, run_after=None
[2026-08-12T05:07:43.102+0000] {processor.py:208} INFO - Processing /home/airflow/.local/lib/python3.12/site-packages/airflow/example_dags/example_sensors.py took 0.131 seconds
[2026-08-12T05:08:14.115+0000] {processor.py:186} INFO - Started process (PID=4415) to work on /home/airflow/.local/lib/python3.12/site-packages/airflow/example_dags/example_sensors.py
[2026-08-12T05:08:14.117+0000] {processor.py:914} INFO - Processing file /home/airflow/.local/lib/python3.12/site-packages/airflow/example_dags/example_sensors.py for tasks to queue
[2026-08-12T05:08:14.120+0000] {logging_mixin.py:190} INFO - [2026-08-12T05:08:14.119+0000] {dagbag.py:587} INFO - Filling up the DagBag from /home/airflow/.local/lib/python3.12/site-packages/airflow/example_dags/example_sensors.py
[2026-08-12T05:08:14.134+0000] {processor.py:925} INFO - DAG(s) 'example_sensors' retrieved from /home/airflow/.local/lib/python3.12/site-packages/airflow/example_dags/example_sensors.py
[2026-08-12T05:08:14.172+0000] {logging_mixin.py:190} INFO - [2026-08-12T05:08:14.172+0000] {dag.py:3211} INFO - Sync 1 DAGs
[2026-08-12T05:08:14.187+0000] {logging_mixin.py:190} INFO - [2026-08-12T05:08:14.187+0000] {dag.py:4138} INFO - Setting next_dagrun for example_sensors to None, run_after=None
[2026-08-12T05:08:14.216+0000] {processor.py:208} INFO - Processing /home/airflow/.local/lib/python3.12/site-packages/airflow/example_dags/example_sensors.py took 0.107 seconds
[2026-08-12T05:08:44.799+0000] {processor.py:186} INFO - Started process (PID=4478) to work on /home/airflow/.local/lib/python3.12/site-packages/airflow/example_dags/example_sensors.py
[2026-08-12T05:08:44.800+0000] {processor.py:914} INFO - Processing file /home/airflow/.local/lib/python3.12/site-packages/airflow/example_dags/example_sensors.py for tasks to queue
[2026-08-12T05:08:44.804+0000] {logging_mixin.py:190} INFO - [2026-08-12T05:08:44.803+0000] {dagbag.py:587} INFO - Filling up the DagBag from /home/airflow/.local/lib/python3.12/site-packages/airflow/example_dags/example_sensors.py
[2026-08-12T05:08:44.816+0000] {processor.py:925} INFO - DAG(s) 'example_sensors' retrieved from /home/airflow/.local/lib/python3.12/site-packages/airflow/example_dags/example_sensors.py
[2026-08-12T05:08:44.853+0000] {logging_mixin.py:190} INFO - [2026-08-12T05:08:44.852+0000] {dag.py:3211} INFO - Sync 1 DAGs
[2026-08-12T05:08:44.871+0000] {logging_mixin.py:190} INFO - [2026-08-12T05:08:44.871+0000] {dag.py:4138} INFO - Setting next_dagrun for example_sensors to None, run_after=None
[2026-08-12T05:08:44.907+0000] {processor.py:208} INFO - Processing /home/airflow/.local/lib/python3.12/site-packages/airflow/example_dags/example_sensors.py took 0.115 seconds
[2026-08-12T05:09:15.002+0000] {processor.py:186} INFO - Started process (PID=4541) to work on /home/airflow/.local/lib/python3.12/site-packages/airflow/example_dags/example_sensors.py
[2026-08-12T05:09:15.003+0000] {processor.py:914} INFO - Processing file /home/airflow/.local/lib/python3.12/site-packages/airflow/example_dags/example_sensors.py for tasks to queue
[2026-08-12T05:09:15.007+0000] {logging_mixin.py:190} INFO - [2026-08-12T05:09:15.006+0000] {dagbag.py:587} INFO - Filling up the DagBag from /home/airflow/.local/lib/python3.12/site-packages/airflow/example_dags/example_sensors.py
[2026-08-12T05:09:15.018+0000] {processor.py:925} INFO - DAG(s) 'example_sensors' retrieved from /home/airflow/.local/lib/python3.12/site-packages/airflow/example_dags/example_sensors.py
[2026-08-12T05:09:15.045+0000] {logging_mixin.py:190} INFO - [2026-08-12T05:09:15.044+0000] {dag.py:3211} INFO - Sync 1 DAGs
[2026-08-12T05:09:15.059+0000] {logging_mixin.py:190} INFO - [2026-08-12T05:09:15.059+0000] {dag.py:4138} INFO - Setting next_dagrun for example_sensors to None, run_after=None
[2026-08-12T05:09:15.096+0000] {processor.py:208} INFO - Processing /home/airflow/.local/lib/python3.12/site-packages/airflow/example_dags/example_sensors.py took 0.101 seconds
[2026-08-12T05:09:45.718+0000] {processor.py:186} INFO - Started process (PID=4604) to work on /home/airflow/.local/lib/python3.12/site-packages/airflow/example_dags/example_sensors.py
[2026-08-12T05:09:45.720+0000] {processor.py:914} INFO - Processing file /home/airflow/.local/lib/python3.12/site-packages/airflow/example_dags/example_sensors.py for tasks to queue
[2026-08-12T05:09:45.724+0000] {logging_mixin.py:190} INFO - [2026-08-12T05:09:45.723+0000] {dagbag.py:587} INFO - Filling up the DagBag from /home/airflow/.local/lib/python3.12/site-packages/airflow/example_dags/example_sensors.py
[2026-08-12T05:09:45.744+0000] {processor.py:925} INFO - DAG(s) 'example_sensors' retrieved from /home/airflow/.local/lib/python3.12/site-packages/airflow/example_dags/example_sensors.py
[2026-08-12T05:09:45.826+0000] {logging_mixin.py:190} INFO - [2026-08-12T05:09:45.826+0000] {dag.py:3211} INFO - Sync 1 DAGs
[2026-08-12T05:09:45.865+0000] {logging_mixin.py:190} INFO - [2026-08-12T05:09:45.865+0000] {dag.py:4138} INFO - Setting next_dagrun for example_sensors to None, run_after=None
[2026-08-12T05:09:45.906+0000] {processor.py:208} INFO - Processing /home/airflow/.local/lib/python3.12/site-packages/airflow/example_dags/example_sensors.py took 0.195 seconds
[2026-08-12T05:10:16.576+0000] {processor.py:186} INFO - Started process (PID=4667) to work on /home/airflow/.local/lib/python3.12/site-packages/airflow/example_dags/example_sensors.py
[2026-08-12T05:10:16.578+0000] {processor.py:914} INFO - Processing file /home/airflow/.local/lib/python3.12/site-packages/airflow/example_dags/example_sensors.py for tasks to queue
[2026-08-12T05:10:16.581+0000] {logging_mixin.py:190} INFO - [2026-08-12T05:10:16.581+0000] {dagbag.py:587} INFO - Filling up the DagBag from /home/airflow/.local/lib/python3.12/site-packages/airflow/example_dags/example_sensors.py
[2026-08-12T05:10:16.594+0000] {processor.py:925} INFO - DAG(s) 'example_sensors' retrieved from /home/airflow/.local/lib/python3.12/site-packages/airflow/example_dags/example_sensors.py
[2026-08-12T05:10:16.620+0000] {logging_mixin.py:190} INFO - [2026-08-12T05:10:16.620+0000] {dag.py:3211} INFO - Sync 1 DAGs
[2026-08-12T05:10:16.635+0000] {logging_mixin.py:190} INFO - [2026-08-12T05:10:16.635+0000] {dag.py:4138} INFO - Setting next_dagrun for example_sensors to None, run_after=None
[2026-08-12T05:10:16.682+0000] {processor.py:208} INFO - Processing /home/airflow/.local/lib/python3.12/site-packages/airflow/example_dags/example_sensors.py took 0.112 seconds
[2026-08-12T05:10:46.929+0000] {processor.py:186} INFO - Started process (PID=4730) to work on /home/airflow/.local/lib/python3.12/site-packages/airflow/example_dags/example_sensors.py
[2026-08-12T05:10:46.931+0000] {processor.py:914} INFO - Processing file /home/airflow/.local/lib/python3.12/site-packages/airflow/example_dags/example_sensors.py for tasks to queue
[2026-08-12T05:10:46.935+0000] {logging_mixin.py:190} INFO - [2026-08-12T05:10:46.934+0000] {dagbag.py:587} INFO - Filling up the DagBag from /home/airflow/.local/lib/python3.12/site-packages/airflow/example_dags/example_sensors.py
[2026-08-12T05:10:46.950+0000] {processor.py:925} INFO - DAG(s) 'example_sensors' retrieved from /home/airflow/.local/lib/python3.12/site-packages/airflow/example_dags/example_sensors.py
[2026-08-12T05:10:46.975+0000] {logging_mixin.py:190} INFO - [2026-08-12T05:10:46.975+0000] {dag.py:3211} INFO - Sync 1 DAGs
[2026-08-12T05:10:46.989+0000] {logging_mixin.py:190} INFO - [2026-08-12T05:10:46.989+0000] {dag.py:4138} INFO - Setting next_dagrun for example_sensors to None, run_after=None
[2026-08-12T05:10:47.015+0000] {processor.py:208} INFO - Processing /home/airflow/.local/lib/python3.12/site-packages/airflow/example_dags/example_sensors.py took 0.093 seconds
[2026-08-12T05:11:17.402+0000] {processor.py:186} INFO - Started process (PID=4793) to work on /home/airflow/.local/lib/python3.12/site-packages/airflow/example_dags/example_sensors.py
[2026-08-12T05:11:17.404+0000] {processor.py:914} INFO - Processing file /home/airflow/.local/lib/python3.12/site-packages/airflow/example_dags/example_sensors.py for tasks to queue
[2026-08-12T05:11:17.408+0000] {logging_mixin.py:190} INFO - [2026-08-12T05:11:17.408+0000] {dagbag.py:587} INFO - Filling up the DagBag from /home/airflow/.local/lib/python3.12/site-packages/airflow/example_dags/example_sensors.py
[2026-08-12T05:11:17.422+0000] {processor.py:925} INFO - DAG(s) 'example_sensors' retrieved from /home/airflow/.local/lib/python3.12/site-packages/airflow/example_dags/example_sensors.py
[2026-08-12T05:11:17.469+0000] {logging_mixin.py:190} INFO - [2026-08-12T05:11:17.468+0000] {dag.py:3211} INFO - Sync 1 DAGs
[2026-08-12T05:11:17.490+0000] {logging_mixin.py:190} INFO - [2026-08-12T05:11:17.490+0000] {dag.py:4138} INFO - Setting next_dagrun for example_sensors to None, run_after=None
[2026-08-12T05:11:17.516+0000] {processor.py:208} INFO - Processing /home/airflow/.local/lib/python3.12/site-packages/airflow/example_dags/example_sensors.py took 0.120 seconds
[2026-08-12T05:11:47.938+0000] {processor.py:186} INFO - Started process (PID=4856) to work on /home/airflow/.local/lib/python3.12/site-packages/airflow/example_dags/example_sensors.py
[2026-08-12T05:11:47.940+0000] {processor.py:914} INFO - Processing file /home/airflow/.local/lib/python3.12/site-packages/airflow/example_dags/example_sensors.py for tasks to queue
[2026-08-12T05:11:47.944+0000] {logging_mixin.py:190} INFO - [2026-08-12T05:11:47.943+0000] {dagbag.py:587} INFO - Filling up the DagBag from /home/airflow/.local/lib/python3.12/site-packages/airflow/example_dags/example_sensors.py
[2026-08-12T05:11:47.957+0000] {processor.py:925} INFO - DAG(s) 'example_sensors' retrieved from /home/airflow/.local/lib/python3.12/site-packages/airflow/example_dags/example_sensors.py
[2026-08-12T05:11:47.985+0000] {logging_mixin.py:190} INFO - [2026-08-12T05:11:47.985+0000] {dag.py:3211} INFO - Sync 1 DAGs
[2026-08-12T05:11:48.002+0000] {logging_mixin.py:190} INFO - [2026-08-12T05:11:48.002+0000] {dag.py:4138} INFO - Setting next_dagrun for example_sensors to None, run_after=None
[2026-08-12T05:11:48.041+0000] {processor.py:208} INFO - Processing /home/airflow/.local/lib/python3.12/site-packages/airflow/example_dags/example_sensors.py took 0.110 seconds
[2026-08-12T05:12:18.736+0000] {processor.py:186} INFO - Started process (PID=4919) to work on /home/airflow/.local/lib/python3.12/site-packages/airflow/example_dags/example_sensors.py
[2026-08-12T05:12:18.737+0000] {processor.py:914} INFO - Processing file /home/airflow/.local/lib/python3.12/site-packages/airflow/example_dags/example_sensors.py for tasks to queue
[2026-08-12T05:12:18.740+0000] {logging_mixin.py:190} INFO - [2026-08-12T05:12:18.740+0000] {dagbag.py:587} INFO - Filling up the DagBag from /home/airflow/.local/lib/python3.12/site-packages/airflow/example_dags/example_sensors.py
[2026-08-12T05:12:18.751+0000] {processor.py:925} INFO - DAG(s) 'example_sensors' retrieved from /home/airflow/.local/lib/python3.12/site-packages/airflow/example_dags/example_sensors.py
[2026-08-12T05:12:18.777+0000] {logging_mixin.py:190} INFO - [2026-08-12T05:12:18.777+0000] {dag.py:3211} INFO - Sync 1 DAGs
[2026-08-12T05:12:18.791+0000] {logging_mixin.py:190} INFO - [2026-08-12T05:12:18.790+0000] {dag.py:4138} INFO - Setting next_dagrun for example_sensors to None, run_after=None
[2026-08-12T05:12:18.811+0000] {processor.py:208} INFO - Processing /home/airflow/.local/lib/python3.12/site-packages/airflow/example_dags/example_sensors.py took 0.082 seconds
[2026-08-12T05:12:49.222+0000] {processor.py:186} INFO - Started process (PID=4982) to work on /home/airflow/.local/lib/python3.12/site-packages/airflow/example_dags/example_sensors.py
[2026-08-12T05:12:49.224+0000] {processor.py:914} INFO - Processing file /home/airflow/.local/lib/python3.12/site-packages/airflow/example_dags/example_sensors.py for tasks to queue
[2026-08-12T05:12:49.228+0000] {logging_mixin.py:190} INFO - [2026-08-12T05:12:49.227+0000] {dagbag.py:587} INFO - Filling up the DagBag from /home/airflow/.local/lib/python3.12/site-packages/airflow/example_dags/example_sensors.py
[2026-08-12T05:12:49.245+0000] {processor.py:925} INFO - DAG(s) 'example_sensors' retrieved from /home/airflow/.local/lib/python3.12/site-packages/airflow/example_dags/example_sensors.py
[2026-08-12T05:12:49.281+0000] {logging_mixin.py:190} INFO - [2026-08-12T05:12:49.280+0000] {dag.py:3211} INFO - Sync 1 DAGs
[2026-08-12T05:12:49.306+0000] {logging_mixin.py:190} INFO - [2026-08-12T05:12:49.306+0000] {dag.py:4138} INFO - Setting next_dagrun for example_sensors to None, run_after=None
[2026-08-12T05:12:49.339+0000] {processor.py:208} INFO - Processing /home/airflow/.local/lib/python3.12/site-packages/airflow/example_dags/example_sensors.py took 0.125 seconds
[2026-08-12T05:13:19.705+0000] {processor.py:186} INFO - Started process (PID=5045) to work on /home/airflow/.local/lib/python3.12/site-packages/airflow/example_dags/example_sensors.py
[2026-08-12T05:13:19.706+0000] {processor.py:914} INFO - Processing file /home/airflow/.local/lib/python3.12/site-packages/airflow/example_dags/example_sensors.py for tasks to queue
[2026-08-12T05:13:19.709+0000] {logging_mixin.py:190} INFO - [2026-08-12T05:13:19.709+0000] {dagbag.py:587} INFO - Filling up the DagBag from /home/airflow/.local/lib/python3.12/site-packages/airflow/example_dags/example_sensors.py
[2026-08-12T05:13:19.722+0000] {processor.py:925} INFO - DAG(s) 'example_sensors' retrieved from /home/airflow/.local/lib/python3.12/site-packages/airflow/example_dags/example_sensors.py
[2026-08-12T05:13:19.747+0000] {logging_mixin.py:190} INFO - [2026-08-12T05:13:19.746+0000] {dag.py:3211} INFO - Sync 1 DAGs
[2026-08-12T05:13:19.760+0000] {logging_mixin.py:190} INFO - [2026-08-12T05:13:19.760+0000] {dag.py:4138} INFO - Setting next_dagrun for example_sensors to None, run_after=None
[2026-08-12T05:13:19.797+0000] {processor.py:208} INFO - Processing /home/airflow/.local/lib/python3.12/site-packages/airflow/example_dags/example_sensors.py took 0.099 seconds
[2026-08-12T05:13:50.165+0000] {processor.py:186} INFO - Started process (PID=5108) to work on /home/airflow/.local/lib/python3.12/site-packages/airflow/example_dags/example_sensors.py
[2026-08-12T05:13:50.166+0000] {processor.py:914} INFO - Processing file /home/airflow/.local/lib/python3.12/site-packages/airflow/example_dags/example_sensors.py for tasks to queue
[2026-08-12T05:13:50.170+0000] {logging_mixin.py:190} INFO - [2026-08-12T05:13:50.170+0000] {dagbag.py:587} INFO - Filling up the DagBag from /home/airflow/.local/lib/python3.12/site-packages/airflow/example_dags/example_sensors.py
[2026-08-12T05:13:50.184+0000] {processor.py:925} INFO - DAG(s) 'example_sensors' retrieved from /home/airflow/.local/lib/python3.12/site-packages/airflow/example_dags/example_sensors.py
[2026-08-12T05:13:50.209+0000] {logging_mixin.py:190} INFO - [2026-08-12T05:13:50.209+0000] {dag.py:3211} INFO - Sync 1 DAGs
[2026-08-12T05:13:50.225+0000] {logging_mixin.py:190} INFO - [2026-08-12T05:13:50.225+0000] {dag.py:4138} INFO - Setting next_dagrun for example_sensors to None, run_after=None
[2026-08-12T05:13:50.247+0000] {processor.py:208} INFO - Processing /home/airflow/.local/lib/python3.12/site-packages/airflow/example_dags/example_sensors.py took 0.089 seconds
[2026-08-12T05:14:20.701+0000] {processor.py:186} INFO - Started process (PID=5171) to work on /home/airflow/.local/lib/python3.12/site-packages/airflow/example_dags/example_sensors.py
[2026-08-12T05:14:20.702+0000] {processor.py:914} INFO - Processing file /home/airflow/.local/lib/python3.12/site-packages/airflow/example_dags/example_sensors.py for tasks to queue
[2026-08-12T05:14:20.705+0000] {logging_mixin.py:190} INFO - [2026-08-12T05:14:20.704+0000] {dagbag.py:587} INFO - Filling up the DagBag from /home/airflow/.local/lib/python3.12/site-packages/airflow/example_dags/example_sensors.py
[2026-08-12T05:14:20.715+0000] {processor.py:925} INFO - DAG(s) 'example_sensors' retrieved from /home/airflow/.local/lib/python3.12/site-packages/airflow/example_dags/example_sensors.py
[2026-08-12T05:14:20.741+0000] {logging_mixin.py:190} INFO - [2026-08-12T05:14:20.741+0000] {dag.py:3211} INFO - Sync 1 DAGs
[2026-08-12T05:14:20.756+0000] {logging_mixin.py:190} INFO - [2026-08-12T05:14:20.756+0000] {dag.py:4138} INFO - Setting next_dagrun for example_sensors to None, run_after=None
[2026-08-12T05:14:20.791+0000] {processor.py:208} INFO - Processing /home/airflow/.local/lib/python3.12/site-packages/airflow/example_dags/example_sensors.py took 0.096 seconds
[2026-08-12T05:14:51.209+0000] {processor.py:186} INFO - Started process (PID=5234) to work on /home/airflow/.local/lib/python3.12/site-packages/airflow/example_dags/example_sensors.py
[2026-08-12T05:14:51.211+0000] {processor.py:914} INFO - Processing file /home/airflow/.local/lib/python3.12/site-packages/airflow/example_dags/example_sensors.py for tasks to queue
[2026-08-12T05:14:51.214+0000] {logging_mixin.py:190} INFO - [2026-08-12T05:14:51.214+0000] {dagbag.py:587} INFO - Filling up the DagBag from /home/airflow/.local/lib/python3.12/site-packages/airflow/example_dags/example_sensors.py
[2026-08-12T05:14:51.224+0000] {processor.py:925} INFO - DAG(s) 'example_sensors' retrieved from /home/airflow/.local/lib/python3.12/site-packages/airflow/example_dags/example_sensors.py
[2026-08-12T05:14:51.263+0000] {logging_mixin.py:190} INFO - [2026-08-12T05:14:51.263+0000] {dag.py:3211} INFO - Sync 1 DAGs
[2026-08-12T05:14:51.290+0000] {logging_mixin.py:190} INFO - [2026-08-12T05:14:51.289+0000] {dag.py:4138} INFO - Setting next_dagrun for example_sensors to None, run_after=None
[2026-08-12T05:14:51.338+0000] {processor.py:208} INFO - Processing /home/airflow/.local/lib/python3.12/site-packages/airflow/example_dags/example_sensors.py took 0.134 seconds
[2026-08-12T05:15:21.963+0000] {processor.py:186} INFO - Started process (PID=5297) to work on /home/airflow/.local/lib/python3.12/site-packages/airflow/example_dags/example_sensors.py
[2026-08-12T05:15:21.964+0000] {processor.py:914} INFO - Processing file /home/airflow/.local/lib/python3.12/site-packages/airflow/example_dags/example_sensors.py for tasks to queue
[2026-08-12T05:15:21.967+0000] {logging_mixin.py:190} INFO - [2026-08-12T05:15:21.967+0000] {dagbag.py:587} INFO - Filling up the DagBag from /home/airflow/.local/lib/python3.12/site-packages/airflow/example_dags/example_sensors.py
[2026-08-12T05:15:21.980+0000] {processor.py:925} INFO - DAG(s) 'example_sensors' retrieved from /home/airflow/.local/lib/python3.12/site-packages/airflow/example_dags/example_sensors.py
[2026-08-12T05:15:22.010+0000] {logging_mixin.py:190} INFO - [2026-08-12T05:15:22.010+0000] {dag.py:3211} INFO - Sync 1 DAGs
[2026-08-12T05:15:22.025+0000] {logging_mixin.py:190} INFO - [2026-08-12T05:15:22.025+0000] {dag.py:4138} INFO - Setting next_dagrun for example_sensors to None, run_after=None
[2026-08-12T05:15:22.046+0000] {processor.py:208} INFO - Processing /home/airflow/.local/lib/python3.12/site-packages/airflow/example_dags/example_sensors.py took 0.090 seconds
[2026-08-12T05:15:52.613+0000] {processor.py:186} INFO - Started process (PID=5360) to work on /home/airflow/.local/lib/python3.12/site-packages/airflow/example_dags/example_sensors.py
[2026-08-12T05:15:52.614+0000] {processor.py:914} INFO - Processing file /home/airflow/.local/lib/python3.12/site-packages/airflow/example_dags/example_sensors.py for tasks to queue
[2026-08-12T05:15:52.619+0000] {logging_mixin.py:190} INFO - [2026-08-12T05:15:52.618+0000] {dagbag.py:587} INFO - Filling up the DagBag from /home/airflow/.local/lib/python3.12/site-packages/airflow/example_dags/example_sensors.py
[2026-08-12T05:15:52.631+0000] {processor.py:925} INFO - DAG(s) 'example_sensors' retrieved from /home/airflow/.local/lib/python3.12/site-packages/airflow/example_dags/example_sensors.py
[2026-08-12T05:15:52.658+0000] {logging_mixin.py:190} INFO - [2026-08-12T05:15:52.658+0000] {dag.py:3211} INFO - Sync 1 DAGs
[2026-08-12T05:15:52.672+0000] {logging_mixin.py:190} INFO - [2026-08-12T05:15:52.672+0000] {dag.py:4138} INFO - Setting next_dagrun for example_sensors to None, run_after=None
[2026-08-12T05:15:52.704+0000] {processor.py:208} INFO - Processing /home/airflow/.local/lib/python3.12/site-packages/airflow/example_dags/example_sensors.py took 0.098 seconds
[2026-08-12T05:16:23.108+0000] {processor.py:186} INFO - Started process (PID=5423) to work on /home/airflow/.local/lib/python3.12/site-packages/airflow/example_dags/example_sensors.py
[2026-08-12T05:16:23.109+0000] {processor.py:914} INFO - Processing file /home/airflow/.local/lib/python3.12/site-packages/airflow/example_dags/example_sensors.py for tasks to queue
[2026-08-12T05:16:23.113+0000] {logging_mixin.py:190} INFO - [2026-08-12T05:16:23.113+0000] {dagbag.py:587} INFO - Filling up the DagBag from /home/airflow/.local/lib/python3.12/site-packages/airflow/example_dags/example_sensors.py
[2026-08-12T05:16:23.125+0000] {processor.py:925} INFO - DAG(s) 'example_sensors' retrieved from /home/airflow/.local/lib/python3.12/site-packages/airflow/example_dags/example_sensors.py
[2026-08-12T05:16:23.153+0000] {logging_mixin.py:190} INFO - [2026-08-12T05:16:23.152+0000] {dag.py:3211} INFO - Sync 1 DAGs
[2026-08-12T05:16:23.173+0000] {logging_mixin.py:190} INFO - [2026-08-12T05:16:23.172+0000] {dag.py:4138} INFO - Setting next_dagrun for example_sensors to None, run_after=None
[2026-08-12T05:16:23.197+0000] {processor.py:208} INFO - Processing /home/airflow/.local/lib/python3.12/site-packages/airflow/example_dags/example_sensors.py took 0.095 seconds
[2026-08-12T05:16:53.576+0000] {processor.py:186} INFO - Started process (PID=5486) to work on /home/airflow/.local/lib/python3.12/site-packages/airflow/example_dags/example_sensors.py
[2026-08-12T05:16:53.577+0000] {processor.py:914} INFO - Processing file /home/airflow/.local/lib/python3.12/site-packages/airflow/example_dags/example_sensors.py for tasks to queue
[2026-08-12T05:16:53.581+0000] {logging_mixin.py:190} INFO - [2026-08-12T05:16:53.580+0000] {dagbag.py:587} INFO - Filling up the DagBag from /home/airflow/.local/lib/python3.12/site-packages/airflow/example_dags/example_sensors.py
[2026-08-12T05:16:53.592+0000] {processor.py:925} INFO - DAG(s) 'example_sensors' retrieved from /home/airflow/.local/lib/python3.12/site-packages/airflow/example_dags/example_sensors.py
[2026-08-12T05:16:53.623+0000] {logging_mixin.py:190} INFO - [2026-08-12T05:16:53.623+0000] {dag.py:3211} INFO - Sync 1 DAGs
[2026-08-12T05:16:53.640+0000] {logging_mixin.py:190} INFO - [2026-08-12T05:16:53.640+0000] {dag.py:4138} INFO - Setting next_dagrun for example_sensors to None, run_after=None
[2026-08-12T05:16:53.678+0000] {processor.py:208} INFO - Processing /home/airflow/.local/lib/python3.12/site-packages/airflow/example_dags/example_sensors.py took 0.108 seconds
[2026-08-12T05:17:24.174+0000] {processor.py:186} INFO - Started process (PID=5549) to work on /home/airflow/.local/lib/python3.12/site-packages/airflow/example_dags/example_sensors.py
[2026-08-12T05:17:24.175+0000] {processor.py:914} INFO - Processing file /home/airflow/.local/lib/python3.12/site-packages/airflow/example_dags/example_sensors.py for tasks to queue
[2026-08-12T05:17:24.178+0000] {logging_mixin.py:190} INFO - [2026-08-12T05:17:24.178+0000] {dagbag.py:587} INFO - Filling up the DagBag from /home/airflow/.local/lib/python3.12/site-packages/airflow/example_dags/example_sensors.py
[2026-08-12T05:17:24.188+0000] {processor.py:925} INFO - DAG(s) 'example_sensors' retrieved from /home/airflow/.local/lib/python3.12/site-packages/airflow/example_dags/example_sensors.py
[2026-08-12T05:17:24.215+0000] {logging_mixin.py:190} INFO - [2026-08-12T05:17:24.215+0000] {dag.py:3211} INFO - Sync 1 DAGs
[2026-08-12T05:17:24.229+0000] {logging_mixin.py:190} INFO - [2026-08-12T05:17:24.229+0000] {dag.py:4138} INFO - Setting next_dagrun for example_sensors to None, run_after=None
[2026-08-12T05:17:24.251+0000] {processor.py:208} INFO - Processing /home/airflow/.local/lib/python3.12/site-packages/airflow/example_dags/example_sensors.py took 0.083 seconds
[2026-08-12T05:17:54.995+0000] {processor.py:186} INFO - Started process (PID=5612) to work on /home/airflow/.local/lib/python3.12/site-packages/airflow/example_dags/example_sensors.py
[2026-08-12T05:17:54.996+0000] {processor.py:914} INFO - Processing file /home/airflow/.local/lib/python3.12/site-packages/airflow/example_dags/example_sensors.py for tasks to queue
[2026-08-12T05:17:54.999+0000] {logging_mixin.py:190} INFO - [2026-08-12T05:17:54.999+0000] {dagbag.py:587} INFO - Filling up the DagBag from /home/airflow/.local/lib/python3.12/site-packages/airflow/example_dags/example_sensors.py
[2026-08-12T05:17:55.010+0000] {processor.py:925} INFO - DAG(s) 'example_sensors' retrieved from /home/airflow/.local/lib/python3.12/site-packages/airflow/example_dags/example_sensors.py
[2026-08-12T05:17:55.037+0000] {logging_mixin.py:190} INFO - [2026-08-12T05:17:55.037+0000] {dag.py:3211} INFO - Sync 1 DAGs
[2026-08-12T05:17:55.052+0000] {logging_mixin.py:190} INFO - [2026-08-12T05:17:55.052+0000] {dag.py:4138} INFO - Setting next_dagrun for example_sensors to None, run_after=None
[2026-08-12T05:17:55.095+0000] {processor.py:208} INFO - Processing /home/airflow/.local/lib/python3.12/site-packages/airflow/example_dags/example_sensors.py took 0.107 seconds
[2026-08-12T05:18:26.041+0000] {processor.py:186} INFO - Started process (PID=5675) to work on /home/airflow/.local/lib/python3.12/site-packages/airflow/example_dags/example_sensors.py
[2026-08-12T05:18:26.043+0000] {processor.py:914} INFO - Processing file /home/airflow/.local/lib/python3.12/site-packages/airflow/example_dags/example_sensors.py for tasks to queue
[2026-08-12T05:18:26.047+0000] {logging_mixin.py:190} INFO - [2026-08-12T05:18:26.046+0000] {dagbag.py:587} INFO - Filling up the DagBag from /home/airflow/.local/lib/python3.12/site-packages/airflow/example_dags/example_sensors.py
[2026-08-12T05:18:26.061+0000] {processor.py:925} INFO - DAG(s) 'example_sensors' retrieved from /home/airflow/.local/lib/python3.12/site-packages/airflow/example_dags/example_sensors.py
[2026-08-12T05:18:26.090+0000] {logging_mixin.py:190} INFO - [2026-08-12T05:18:26.090+0000] {dag.py:3211} INFO - Sync 1 DAGs
[2026-08-12T05:18:26.105+0000] {logging_mixin.py:190} INFO - [2026-08-12T05:18:26.105+0000] {dag.py:4138} INFO - Setting next_dagrun for example_sensors to None, run_after=None
[2026-08-12T05:18:26.132+0000] {processor.py:208} INFO - Processing /home/airflow/.local/lib/python3.12/site-packages/airflow/example_dags/example_sensors.py took 0.098 seconds
[2026-08-12T05:18:58.933+0000] {processor.py:186} INFO - Started process (PID=5738) to work on /home/airflow/.local/lib/python3.12/site-packages/airflow/example_dags/example_sensors.py
[2026-08-12T05:18:59.129+0000] {processor.py:914} INFO - Processing file /home/airflow/.local/lib/python3.12/site-packages/airflow/example_dags/example_sensors.py for tasks to queue
[2026-08-12T05:18:59.213+0000] {logging_mixin.py:190} INFO - [2026-08-12T05:18:59.212+0000] {dagbag.py:587} INFO - Filling up the DagBag from /home/airflow/.local/lib/python3.12/site-packages/airflow/example_dags/example_sensors.py
[2026-08-12T05:18:59.335+0000] {processor.py:925} INFO - DAG(s) 'example_sensors' retrieved from /home/airflow/.local/lib/python3.12/site-packages/airflow/example_dags/example_sensors.py
[2026-08-12T05:18:59.520+0000] {logging_mixin.py:190} INFO - [2026-08-12T05:18:59.519+0000] {dag.py:3211} INFO - Sync 1 DAGs
[2026-08-12T05:18:59.642+0000] {logging_mixin.py:190} INFO - [2026-08-12T05:18:59.642+0000] {dag.py:4138} INFO - Setting next_dagrun for example_sensors to None, run_after=None
[2026-08-12T05:18:59.813+0000] {processor.py:208} INFO - Processing /home/airflow/.local/lib/python3.12/site-packages/airflow/example_dags/example_sensors.py took 0.917 seconds
[2026-08-12T05:19:30.418+0000] {processor.py:186} INFO - Started process (PID=5802) to work on /home/airflow/.local/lib/python3.12/site-packages/airflow/example_dags/example_sensors.py
[2026-08-12T05:19:30.424+0000] {processor.py:914} INFO - Processing file /home/airflow/.local/lib/python3.12/site-packages/airflow/example_dags/example_sensors.py for tasks to queue
[2026-08-12T05:19:30.436+0000] {logging_mixin.py:190} INFO - [2026-08-12T05:19:30.435+0000] {dagbag.py:587} INFO - Filling up the DagBag from /home/airflow/.local/lib/python3.12/site-packages/airflow/example_dags/example_sensors.py
[2026-08-12T05:19:30.480+0000] {processor.py:925} INFO - DAG(s) 'example_sensors' retrieved from /home/airflow/.local/lib/python3.12/site-packages/airflow/example_dags/example_sensors.py
[2026-08-12T05:19:30.612+0000] {logging_mixin.py:190} INFO - [2026-08-12T05:19:30.602+0000] {dag.py:3211} INFO - Sync 1 DAGs
[2026-08-12T05:19:30.668+0000] {logging_mixin.py:190} INFO - [2026-08-12T05:19:30.667+0000] {dag.py:4138} INFO - Setting next_dagrun for example_sensors to None, run_after=None
[2026-08-12T05:19:30.763+0000] {processor.py:208} INFO - Processing /home/airflow/.local/lib/python3.12/site-packages/airflow/example_dags/example_sensors.py took 0.369 seconds
[2026-08-12T05:20:03.623+0000] {processor.py:186} INFO - Started process (PID=5865) to work on /home/airflow/.local/lib/python3.12/site-packages/airflow/example_dags/example_sensors.py
[2026-08-12T05:20:03.630+0000] {processor.py:914} INFO - Processing file /home/airflow/.local/lib/python3.12/site-packages/airflow/example_dags/example_sensors.py for tasks to queue
[2026-08-12T05:20:03.645+0000] {logging_mixin.py:190} INFO - [2026-08-12T05:20:03.644+0000] {dagbag.py:587} INFO - Filling up the DagBag from /home/airflow/.local/lib/python3.12/site-packages/airflow/example_dags/example_sensors.py
[2026-08-12T05:20:03.690+0000] {processor.py:925} INFO - DAG(s) 'example_sensors' retrieved from /home/airflow/.local/lib/python3.12/site-packages/airflow/example_dags/example_sensors.py
[2026-08-12T05:20:03.793+0000] {logging_mixin.py:190} INFO - [2026-08-12T05:20:03.792+0000] {dag.py:3211} INFO - Sync 1 DAGs
[2026-08-12T05:20:03.845+0000] {logging_mixin.py:190} INFO - [2026-08-12T05:20:03.844+0000] {dag.py:4138} INFO - Setting next_dagrun for example_sensors to None, run_after=None
[2026-08-12T05:20:03.951+0000] {processor.py:208} INFO - Processing /home/airflow/.local/lib/python3.12/site-packages/airflow/example_dags/example_sensors.py took 0.352 seconds
[2026-08-12T05:20:36.173+0000] {processor.py:186} INFO - Started process (PID=5928) to work on /home/airflow/.local/lib/python3.12/site-packages/airflow/example_dags/example_sensors.py
[2026-08-12T05:20:36.190+0000] {processor.py:914} INFO - Processing file /home/airflow/.local/lib/python3.12/site-packages/airflow/example_dags/example_sensors.py for tasks to queue
[2026-08-12T05:20:36.240+0000] {logging_mixin.py:190} INFO - [2026-08-12T05:20:36.239+0000] {dagbag.py:587} INFO - Filling up the DagBag from /home/airflow/.local/lib/python3.12/site-packages/airflow/example_dags/example_sensors.py
[2026-08-12T05:20:36.373+0000] {processor.py:925} INFO - DAG(s) 'example_sensors' retrieved from /home/airflow/.local/lib/python3.12/site-packages/airflow/example_dags/example_sensors.py
[2026-08-12T05:20:36.508+0000] {logging_mixin.py:190} INFO - [2026-08-12T05:20:36.508+0000] {dag.py:3211} INFO - Sync 1 DAGs
[2026-08-12T05:20:36.583+0000] {logging_mixin.py:190} INFO - [2026-08-12T05:20:36.583+0000] {dag.py:4138} INFO - Setting next_dagrun for example_sensors to None, run_after=None
[2026-08-12T05:20:36.706+0000] {processor.py:208} INFO - Processing /home/airflow/.local/lib/python3.12/site-packages/airflow/example_dags/example_sensors.py took 0.558 seconds
[2026-08-12T05:21:07.331+0000] {processor.py:186} INFO - Started process (PID=5998) to work on /home/airflow/.local/lib/python3.12/site-packages/airflow/example_dags/example_sensors.py
[2026-08-12T05:21:07.332+0000] {processor.py:914} INFO - Processing file /home/airflow/.local/lib/python3.12/site-packages/airflow/example_dags/example_sensors.py for tasks to queue
[2026-08-12T05:21:07.336+0000] {logging_mixin.py:190} INFO - [2026-08-12T05:21:07.335+0000] {dagbag.py:587} INFO - Filling up the DagBag from /home/airflow/.local/lib/python3.12/site-packages/airflow/example_dags/example_sensors.py
[2026-08-12T05:21:07.349+0000] {processor.py:925} INFO - DAG(s) 'example_sensors' retrieved from /home/airflow/.local/lib/python3.12/site-packages/airflow/example_dags/example_sensors.py
[2026-08-12T05:21:07.377+0000] {logging_mixin.py:190} INFO - [2026-08-12T05:21:07.376+0000] {dag.py:3211} INFO - Sync 1 DAGs
[2026-08-12T05:21:07.395+0000] {logging_mixin.py:190} INFO - [2026-08-12T05:21:07.395+0000] {dag.py:4138} INFO - Setting next_dagrun for example_sensors to None, run_after=None
[2026-08-12T05:21:07.419+0000] {processor.py:208} INFO - Processing /home/airflow/.local/lib/python3.12/site-packages/airflow/example_dags/example_sensors.py took 0.095 seconds
[2026-08-12T05:21:37.850+0000] {processor.py:186} INFO - Started process (PID=6063) to work on /home/airflow/.local/lib/python3.12/site-packages/airflow/example_dags/example_sensors.py
[2026-08-12T05:21:37.852+0000] {processor.py:914} INFO - Processing file /home/airflow/.local/lib/python3.12/site-packages/airflow/example_dags/example_sensors.py for tasks to queue
[2026-08-12T05:21:37.857+0000] {logging_mixin.py:190} INFO - [2026-08-12T05:21:37.857+0000] {dagbag.py:587} INFO - Filling up the DagBag from /home/airflow/.local/lib/python3.12/site-packages/airflow/example_dags/example_sensors.py
[2026-08-12T05:21:37.870+0000] {processor.py:925} INFO - DAG(s) 'example_sensors' retrieved from /home/airflow/.local/lib/python3.12/site-packages/airflow/example_dags/example_sensors.py
[2026-08-12T05:21:37.899+0000] {logging_mixin.py:190} INFO - [2026-08-12T05:21:37.899+0000] {dag.py:3211} INFO - Sync 1 DAGs
[2026-08-12T05:21:37.916+0000] {logging_mixin.py:190} INFO - [2026-08-12T05:21:37.916+0000] {dag.py:4138} INFO - Setting next_dagrun for example_sensors to None, run_after=None
[2026-08-12T05:21:37.959+0000] {processor.py:208} INFO - Processing /home/airflow/.local/lib/python3.12/site-packages/airflow/example_dags/example_sensors.py took 0.116 seconds
[2026-08-12T05:22:08.367+0000] {processor.py:186} INFO - Started process (PID=6127) to work on /home/airflow/.local/lib/python3.12/site-packages/airflow/example_dags/example_sensors.py
[2026-08-12T05:22:08.369+0000] {processor.py:914} INFO - Processing file /home/airflow/.local/lib/python3.12/site-packages/airflow/example_dags/example_sensors.py for tasks to queue
[2026-08-12T05:22:08.373+0000] {logging_mixin.py:190} INFO - [2026-08-12T05:22:08.372+0000] {dagbag.py:587} INFO - Filling up the DagBag from /home/airflow/.local/lib/python3.12/site-packages/airflow/example_dags/example_sensors.py
[2026-08-12T05:22:08.387+0000] {processor.py:925} INFO - DAG(s) 'example_sensors' retrieved from /home/airflow/.local/lib/python3.12/site-packages/airflow/example_dags/example_sensors.py
[2026-08-12T05:22:08.421+0000] {logging_mixin.py:190} INFO - [2026-08-12T05:22:08.420+0000] {dag.py:3211} INFO - Sync 1 DAGs
[2026-08-12T05:22:08.436+0000] {logging_mixin.py:190} INFO - [2026-08-12T05:22:08.436+0000] {dag.py:4138} INFO - Setting next_dagrun for example_sensors to None, run_after=None
[2026-08-12T05:22:08.473+0000] {processor.py:208} INFO - Processing /home/airflow/.local/lib/python3.12/site-packages/airflow/example_dags/example_sensors.py took 0.113 seconds
[2026-08-12T05:22:38.732+0000] {processor.py:186} INFO - Started process (PID=6190) to work on /home/airflow/.local/lib/python3.12/site-packages/airflow/example_dags/example_sensors.py
[2026-08-12T05:22:38.734+0000] {processor.py:914} INFO - Processing file /home/airflow/.local/lib/python3.12/site-packages/airflow/example_dags/example_sensors.py for tasks to queue
[2026-08-12T05:22:38.736+0000] {logging_mixin.py:190} INFO - [2026-08-12T05:22:38.736+0000] {dagbag.py:587} INFO - Filling up the DagBag from /home/airflow/.local/lib/python3.12/site-packages/airflow/example_dags/example_sensors.py
[2026-08-12T05:22:38.747+0000] {processor.py:925} INFO - DAG(s) 'example_sensors' retrieved from /home/airflow/.local/lib/python3.12/site-packages/airflow/example_dags/example_sensors.py
[2026-08-12T05:22:38.771+0000] {logging_mixin.py:190} INFO - [2026-08-12T05:22:38.771+0000] {dag.py:3211} INFO - Sync 1 DAGs
[2026-08-12T05:22:38.787+0000] {logging_mixin.py:190} INFO - [2026-08-12T05:22:38.787+0000] {dag.py:4138} INFO - Setting next_dagrun for example_sensors to None, run_after=None
[2026-08-12T05:22:38.814+0000] {processor.py:208} INFO - Processing /home/airflow/.local/lib/python3.12/site-packages/airflow/example_dags/example_sensors.py took 0.087 seconds
[2026-08-12T05:23:09.337+0000] {processor.py:186} INFO - Started process (PID=6254) to work on /home/airflow/.local/lib/python3.12/site-packages/airflow/example_dags/example_sensors.py
[2026-08-12T05:23:09.339+0000] {processor.py:914} INFO - Processing file /home/airflow/.local/lib/python3.12/site-packages/airflow/example_dags/example_sensors.py for tasks to queue
[2026-08-12T05:23:09.342+0000] {logging_mixin.py:190} INFO - [2026-08-12T05:23:09.342+0000] {dagbag.py:587} INFO - Filling up the DagBag from /home/airflow/.local/lib/python3.12/site-packages/airflow/example_dags/example_sensors.py
[2026-08-12T05:23:09.354+0000] {processor.py:925} INFO - DAG(s) 'example_sensors' retrieved from /home/airflow/.local/lib/python3.12/site-packages/airflow/example_dags/example_sensors.py
[2026-08-12T05:23:09.379+0000] {logging_mixin.py:190} INFO - [2026-08-12T05:23:09.379+0000] {dag.py:3211} INFO - Sync 1 DAGs
[2026-08-12T05:23:09.396+0000] {logging_mixin.py:190} INFO - [2026-08-12T05:23:09.396+0000] {dag.py:4138} INFO - Setting next_dagrun for example_sensors to None, run_after=None
[2026-08-12T05:23:09.422+0000] {processor.py:208} INFO - Processing /home/airflow/.local/lib/python3.12/site-packages/airflow/example_dags/example_sensors.py took 0.092 seconds
[2026-08-12T05:23:39.504+0000] {processor.py:186} INFO - Started process (PID=6318) to work on /home/airflow/.local/lib/python3.12/site-packages/airflow/example_dags/example_sensors.py
[2026-08-12T05:23:39.506+0000] {processor.py:914} INFO - Processing file /home/airflow/.local/lib/python3.12/site-packages/airflow/example_dags/example_sensors.py for tasks to queue
[2026-08-12T05:23:39.510+0000] {logging_mixin.py:190} INFO - [2026-08-12T05:23:39.509+0000] {dagbag.py:587} INFO - Filling up the DagBag from /home/airflow/.local/lib/python3.12/site-packages/airflow/example_dags/example_sensors.py
[2026-08-12T05:23:39.525+0000] {processor.py:925} INFO - DAG(s) 'example_sensors' retrieved from /home/airflow/.local/lib/python3.12/site-packages/airflow/example_dags/example_sensors.py
[2026-08-12T05:23:39.550+0000] {logging_mixin.py:190} INFO - [2026-08-12T05:23:39.550+0000] {dag.py:3211} INFO - Sync 1 DAGs
[2026-08-12T05:23:39.565+0000] {logging_mixin.py:190} INFO - [2026-08-12T05:23:39.565+0000] {dag.py:4138} INFO - Setting next_dagrun for example_sensors to None, run_after=None
[2026-08-12T05:23:39.586+0000] {processor.py:208} INFO - Processing /home/airflow/.local/lib/python3.12/site-packages/airflow/example_dags/example_sensors.py took 0.089 seconds
[2026-08-12T05:24:09.635+0000] {processor.py:186} INFO - Started process (PID=6381) to work on /home/airflow/.local/lib/python3.12/site-packages/airflow/example_dags/example_sensors.py
[2026-08-12T05:24:09.636+0000] {processor.py:914} INFO - Processing file /home/airflow/.local/lib/python3.12/site-packages/airflow/example_dags/example_sensors.py for tasks to queue
[2026-08-12T05:24:09.640+0000] {logging_mixin.py:190} INFO - [2026-08-12T05:24:09.640+0000] {dagbag.py:587} INFO - Filling up the DagBag from /home/airflow/.local/lib/python3.12/site-packages/airflow/example_dags/example_sensors.py
[2026-08-12T05:24:09.655+0000] {processor.py:925} INFO - DAG(s) 'example_sensors' retrieved from /home/airflow/.local/lib/python3.12/site-packages/airflow/example_dags/example_sensors.py
[2026-08-12T05:24:09.679+0000] {logging_mixin.py:190} INFO - [2026-08-12T05:24:09.679+0000] {dag.py:3211} INFO - Sync 1 DAGs
[2026-08-12T05:24:09.692+0000] {logging_mixin.py:190} INFO - [2026-08-12T05:24:09.692+0000] {dag.py:4138} INFO - Setting next_dagrun for example_sensors to None, run_after=None
[2026-08-12T05:24:09.712+0000] {processor.py:208} INFO - Processing /home/airflow/.local/lib/python3.12/site-packages/airflow/example_dags/example_sensors.py took 0.084 seconds
[2026-08-12T05:24:40.622+0000] {processor.py:186} INFO - Started process (PID=6444) to work on /home/airflow/.local/lib/python3.12/site-packages/airflow/example_dags/example_sensors.py
[2026-08-12T05:24:40.626+0000] {processor.py:914} INFO - Processing file /home/airflow/.local/lib/python3.12/site-packages/airflow/example_dags/example_sensors.py for tasks to queue
[2026-08-12T05:24:40.629+0000] {logging_mixin.py:190} INFO - [2026-08-12T05:24:40.629+0000] {dagbag.py:587} INFO - Filling up the DagBag from /home/airflow/.local/lib/python3.12/site-packages/airflow/example_dags/example_sensors.py
[2026-08-12T05:24:40.639+0000] {processor.py:925} INFO - DAG(s) 'example_sensors' retrieved from /home/airflow/.local/lib/python3.12/site-packages/airflow/example_dags/example_sensors.py
[2026-08-12T05:24:40.663+0000] {logging_mixin.py:190} INFO - [2026-08-12T05:24:40.662+0000] {dag.py:3211} INFO - Sync 1 DAGs
[2026-08-12T05:24:40.678+0000] {logging_mixin.py:190} INFO - [2026-08-12T05:24:40.677+0000] {dag.py:4138} INFO - Setting next_dagrun for example_sensors to None, run_after=None
[2026-08-12T05:24:40.711+0000] {processor.py:208} INFO - Processing /home/airflow/.local/lib/python3.12/site-packages/airflow/example_dags/example_sensors.py took 0.102 seconds
[2026-08-12T05:25:10.951+0000] {processor.py:186} INFO - Started process (PID=6509) to work on /home/airflow/.local/lib/python3.12/site-packages/airflow/example_dags/example_sensors.py
[2026-08-12T05:25:10.953+0000] {processor.py:914} INFO - Processing file /home/airflow/.local/lib/python3.12/site-packages/airflow/example_dags/example_sensors.py for tasks to queue
[2026-08-12T05:25:10.958+0000] {logging_mixin.py:190} INFO - [2026-08-12T05:25:10.957+0000] {dagbag.py:587} INFO - Filling up the DagBag from /home/airflow/.local/lib/python3.12/site-packages/airflow/example_dags/example_sensors.py
[2026-08-12T05:25:10.974+0000] {processor.py:925} INFO - DAG(s) 'example_sensors' retrieved from /home/airflow/.local/lib/python3.12/site-packages/airflow/example_dags/example_sensors.py
[2026-08-12T05:25:10.997+0000] {logging_mixin.py:190} INFO - [2026-08-12T05:25:10.997+0000] {dag.py:3211} INFO - Sync 1 DAGs
[2026-08-12T05:25:11.011+0000] {logging_mixin.py:190} INFO - [2026-08-12T05:25:11.011+0000] {dag.py:4138} INFO - Setting next_dagrun for example_sensors to None, run_after=None
[2026-08-12T05:25:11.046+0000] {processor.py:208} INFO - Processing /home/airflow/.local/lib/python3.12/site-packages/airflow/example_dags/example_sensors.py took 0.103 seconds
[2026-08-12T05:25:41.741+0000] {processor.py:186} INFO - Started process (PID=6572) to work on /home/airflow/.local/lib/python3.12/site-packages/airflow/example_dags/example_sensors.py
[2026-08-12T05:25:41.742+0000] {processor.py:914} INFO - Processing file /home/airflow/.local/lib/python3.12/site-packages/airflow/example_dags/example_sensors.py for tasks to queue
[2026-08-12T05:25:41.746+0000] {logging_mixin.py:190} INFO - [2026-08-12T05:25:41.745+0000] {dagbag.py:587} INFO - Filling up the DagBag from /home/airflow/.local/lib/python3.12/site-packages/airflow/example_dags/example_sensors.py
[2026-08-12T05:25:41.758+0000] {processor.py:925} INFO - DAG(s) 'example_sensors' retrieved from /home/airflow/.local/lib/python3.12/site-packages/airflow/example_dags/example_sensors.py
[2026-08-12T05:25:41.786+0000] {logging_mixin.py:190} INFO - [2026-08-12T05:25:41.786+0000] {dag.py:3211} INFO - Sync 1 DAGs
[2026-08-12T05:25:41.802+0000] {logging_mixin.py:190} INFO - [2026-08-12T05:25:41.801+0000] {dag.py:4138} INFO - Setting next_dagrun for example_sensors to None, run_after=None
[2026-08-12T05:25:41.835+0000] {processor.py:208} INFO - Processing /home/airflow/.local/lib/python3.12/site-packages/airflow/example_dags/example_sensors.py took 0.101 seconds
