[2026-08-12T04:30:46.692+0000] {processor.py:186} INFO - Started process (PID=76) to work on /home/airflow/.local/lib/python3.12/site-packages/airflow/example_dags/example_sla_dag.py
[2026-08-12T04:30:46.696+0000] {processor.py:914} INFO - Processing file /home/airflow/.local/lib/python3.12/site-packages/airflow/example_dags/example_sla_dag.py for tasks to queue
[2026-08-12T04:30:46.702+0000] {logging_mixin.py:190} INFO - [2026-08-12T04:30:46.701+0000] {dagbag.py:587} INFO - Filling up the DagBag from /home/airflow/.local/lib/python3.12/site-packages/airflow/example_dags/example_sla_dag.py
[2026-08-12T04:30:46.726+0000] {processor.py:925} INFO - DAG(s) 'example_sla_dag' retrieved from /home/airflow/.local/lib/python3.12/site-packages/airflow/example_dags/example_sla_dag.py
[2026-08-12T04:30:46.895+0000] {logging_mixin.py:190} INFO - [2026-08-12T04:30:46.894+0000] {override.py:1858} INFO - Created Permission View: can edit on DAG:example_sla_dag
[2026-08-12T04:30:46.909+0000] {logging_mixin.py:190} INFO - [2026-08-12T04:30:46.908+0000] {override.py:1858} INFO - Created Permission View: can delete on DAG:example_sla_dag
[2026-08-12T04:30:46.917+0000] {logging_mixin.py:190} INFO - [2026-08-12T04:30:46.917+0000] {override.py:1858} INFO - Created Permission View: can read on DAG:example_sla_dag
[2026-08-12T04:30:46.919+0000] {logging_mixin.py:190} INFO - [2026-08-12T04:30:46.918+0000] {dag.py:3211} INFO - Sync 1 DAGs
[2026-08-12T04:30:46.933+0000] {logging_mixin.py:190} INFO - [2026-08-12T04:30:46.933+0000] {dag.py:3234} INFO - Creating ORM DAG for example_sla_dag
[2026-08-12T04:30:46.951+0000] {logging_mixin.py:190} INFO - [2026-08-12T04:30:46.951+0000] {dag.py:4138} INFO - Setting next_dagrun for example_sla_dag to 2026-08-12 04:28:00+00:00, run_after=2026-08-12 04:30:00+00:00
[2026-08-12T04:30:46.970+0000] {processor.py:208} INFO - Processing /home/airflow/.local/lib/python3.12/site-packages/airflow/example_dags/example_sla_dag.py took 0.287 seconds
[2026-08-12T04:31:17.209+0000] {processor.py:186} INFO - Started process (PID=138) to work on /home/airflow/.local/lib/python3.12/site-packages/airflow/example_dags/example_sla_dag.py
[2026-08-12T04:31:17.210+0000] {processor.py:914} INFO - Processing file /home/airflow/.local/lib/python3.12/site-packages/airflow/example_dags/example_sla_dag.py for tasks to queue
[2026-08-12T04:31:17.214+0000] {logging_mixin.py:190} INFO - [2026-08-12T04:31:17.214+0000] {dagbag.py:587} INFO - Filling up the DagBag from /home/airflow/.local/lib/python3.12/site-packages/airflow/example_dags/example_sla_dag.py
[2026-08-12T04:31:17.227+0000] {processor.py:925} INFO - DAG(s) 'example_sla_dag' retrieved from /home/airflow/.local/lib/python3.12/site-packages/airflow/example_dags/example_sla_dag.py
[2026-08-12T04:31:17.248+0000] {logging_mixin.py:190} INFO - [2026-08-12T04:31:17.248+0000] {dag.py:3211} INFO - Sync 1 DAGs
[2026-08-12T04:31:17.281+0000] {logging_mixin.py:190} INFO - [2026-08-12T04:31:17.281+0000] {dag.py:4138} INFO - Setting next_dagrun for example_sla_dag to 2026-08-12 04:28:00+00:00, run_after=2026-08-12 04:30:00+00:00
[2026-08-12T04:31:17.303+0000] {processor.py:208} INFO - Processing /home/airflow/.local/lib/python3.12/site-packages/airflow/example_dags/example_sla_dag.py took 0.101 seconds
[2026-08-12T04:31:47.423+0000] {processor.py:186} INFO - Started process (PID=200) to work on /home/airflow/.local/lib/python3.12/site-packages/airflow/example_dags/example_sla_dag.py
[2026-08-12T04:31:47.424+0000] {processor.py:914} INFO - Processing file /home/airflow/.local/lib/python3.12/site-packages/airflow/example_dags/example_sla_dag.py for tasks to queue
[2026-08-12T04:31:47.427+0000] {logging_mixin.py:190} INFO - [2026-08-12T04:31:47.427+0000] {dagbag.py:587} INFO - Filling up the DagBag from /home/airflow/.local/lib/python3.12/site-packages/airflow/example_dags/example_sla_dag.py
[2026-08-12T04:31:47.436+0000] {processor.py:925} INFO - DAG(s) 'example_sla_dag' retrieved from /home/airflow/.local/lib/python3.12/site-packages/airflow/example_dags/example_sla_dag.py
[2026-08-12T04:31:47.458+0000] {logging_mixin.py:190} INFO - [2026-08-12T04:31:47.457+0000] {dag.py:3211} INFO - Sync 1 DAGs
[2026-08-12T04:31:47.487+0000] {logging_mixin.py:190} INFO - [2026-08-12T04:31:47.486+0000] {dag.py:4138} INFO - Setting next_dagrun for example_sla_dag to 2026-08-12 04:28:00+00:00, run_after=2026-08-12 04:30:00+00:00
[2026-08-12T04:31:47.505+0000] {processor.py:208} INFO - Processing /home/airflow/.local/lib/python3.12/site-packages/airflow/example_dags/example_sla_dag.py took 0.088 seconds
[2026-08-12T04:33:01.419+0000] {processor.py:186} INFO - Started process (PID=73) to work on /home/airflow/.local/lib/python3.12/site-packages/airflow/example_dags/example_sla_dag.py
[2026-08-12T04:33:01.423+0000] {processor.py:914} INFO - Processing file /home/airflow/.local/lib/python3.12/site-packages/airflow/example_dags/example_sla_dag.py for tasks to queue
[2026-08-12T04:33:01.440+0000] {logging_mixin.py:190} INFO - [2026-08-12T04:33:01.439+0000] {dagbag.py:587} INFO - Filling up the DagBag from /home/airflow/.local/lib/python3.12/site-packages/airflow/example_dags/example_sla_dag.py
[2026-08-12T04:33:01.472+0000] {processor.py:925} INFO - DAG(s) 'example_sla_dag' retrieved from /home/airflow/.local/lib/python3.12/site-packages/airflow/example_dags/example_sla_dag.py
[2026-08-12T04:33:01.535+0000] {logging_mixin.py:190} INFO - [2026-08-12T04:33:01.534+0000] {dag.py:3211} INFO - Sync 1 DAGs
[2026-08-12T04:33:01.587+0000] {logging_mixin.py:190} INFO - [2026-08-12T04:33:01.586+0000] {dag.py:4138} INFO - Setting next_dagrun for example_sla_dag to 2026-08-12 04:30:00+00:00, run_after=2026-08-12 04:32:00+00:00
[2026-08-12T04:33:01.632+0000] {processor.py:208} INFO - Processing /home/airflow/.local/lib/python3.12/site-packages/airflow/example_dags/example_sla_dag.py took 0.230 seconds
[2026-08-12T04:33:32.216+0000] {processor.py:186} INFO - Started process (PID=135) to work on /home/airflow/.local/lib/python3.12/site-packages/airflow/example_dags/example_sla_dag.py
[2026-08-12T04:33:32.219+0000] {processor.py:914} INFO - Processing file /home/airflow/.local/lib/python3.12/site-packages/airflow/example_dags/example_sla_dag.py for tasks to queue
[2026-08-12T04:33:32.224+0000] {logging_mixin.py:190} INFO - [2026-08-12T04:33:32.224+0000] {dagbag.py:587} INFO - Filling up the DagBag from /home/airflow/.local/lib/python3.12/site-packages/airflow/example_dags/example_sla_dag.py
[2026-08-12T04:33:32.239+0000] {processor.py:925} INFO - DAG(s) 'example_sla_dag' retrieved from /home/airflow/.local/lib/python3.12/site-packages/airflow/example_dags/example_sla_dag.py
[2026-08-12T04:33:32.266+0000] {logging_mixin.py:190} INFO - [2026-08-12T04:33:32.265+0000] {dag.py:3211} INFO - Sync 1 DAGs
[2026-08-12T04:33:32.302+0000] {logging_mixin.py:190} INFO - [2026-08-12T04:33:32.302+0000] {dag.py:4138} INFO - Setting next_dagrun for example_sla_dag to 2026-08-12 04:30:00+00:00, run_after=2026-08-12 04:32:00+00:00
[2026-08-12T04:33:32.328+0000] {processor.py:208} INFO - Processing /home/airflow/.local/lib/python3.12/site-packages/airflow/example_dags/example_sla_dag.py took 0.118 seconds
[2026-08-12T04:34:02.572+0000] {processor.py:186} INFO - Started process (PID=197) to work on /home/airflow/.local/lib/python3.12/site-packages/airflow/example_dags/example_sla_dag.py
[2026-08-12T04:34:02.575+0000] {processor.py:914} INFO - Processing file /home/airflow/.local/lib/python3.12/site-packages/airflow/example_dags/example_sla_dag.py for tasks to queue
[2026-08-12T04:34:02.579+0000] {logging_mixin.py:190} INFO - [2026-08-12T04:34:02.579+0000] {dagbag.py:587} INFO - Filling up the DagBag from /home/airflow/.local/lib/python3.12/site-packages/airflow/example_dags/example_sla_dag.py
[2026-08-12T04:34:02.602+0000] {processor.py:925} INFO - DAG(s) 'example_sla_dag' retrieved from /home/airflow/.local/lib/python3.12/site-packages/airflow/example_dags/example_sla_dag.py
[2026-08-12T04:34:02.635+0000] {logging_mixin.py:190} INFO - [2026-08-12T04:34:02.634+0000] {dag.py:3211} INFO - Sync 1 DAGs
[2026-08-12T04:34:02.671+0000] {logging_mixin.py:190} INFO - [2026-08-12T04:34:02.671+0000] {dag.py:4138} INFO - Setting next_dagrun for example_sla_dag to 2026-08-12 04:32:00+00:00, run_after=2026-08-12 04:34:00+00:00
[2026-08-12T04:34:02.705+0000] {processor.py:208} INFO - Processing /home/airflow/.local/lib/python3.12/site-packages/airflow/example_dags/example_sla_dag.py took 0.141 seconds
[2026-08-12T04:34:32.978+0000] {processor.py:186} INFO - Started process (PID=259) to work on /home/airflow/.local/lib/python3.12/site-packages/airflow/example_dags/example_sla_dag.py
[2026-08-12T04:34:32.980+0000] {processor.py:914} INFO - Processing file /home/airflow/.local/lib/python3.12/site-packages/airflow/example_dags/example_sla_dag.py for tasks to queue
[2026-08-12T04:34:32.985+0000] {logging_mixin.py:190} INFO - [2026-08-12T04:34:32.985+0000] {dagbag.py:587} INFO - Filling up the DagBag from /home/airflow/.local/lib/python3.12/site-packages/airflow/example_dags/example_sla_dag.py
[2026-08-12T04:34:33.003+0000] {processor.py:925} INFO - DAG(s) 'example_sla_dag' retrieved from /home/airflow/.local/lib/python3.12/site-packages/airflow/example_dags/example_sla_dag.py
[2026-08-12T04:34:33.028+0000] {logging_mixin.py:190} INFO - [2026-08-12T04:34:33.027+0000] {dag.py:3211} INFO - Sync 1 DAGs
[2026-08-12T04:34:33.057+0000] {logging_mixin.py:190} INFO - [2026-08-12T04:34:33.057+0000] {dag.py:4138} INFO - Setting next_dagrun for example_sla_dag to 2026-08-12 04:32:00+00:00, run_after=2026-08-12 04:34:00+00:00
[2026-08-12T04:34:33.080+0000] {processor.py:208} INFO - Processing /home/airflow/.local/lib/python3.12/site-packages/airflow/example_dags/example_sla_dag.py took 0.109 seconds
[2026-08-12T04:35:03.193+0000] {processor.py:186} INFO - Started process (PID=321) to work on /home/airflow/.local/lib/python3.12/site-packages/airflow/example_dags/example_sla_dag.py
[2026-08-12T04:35:03.195+0000] {processor.py:914} INFO - Processing file /home/airflow/.local/lib/python3.12/site-packages/airflow/example_dags/example_sla_dag.py for tasks to queue
[2026-08-12T04:35:03.198+0000] {logging_mixin.py:190} INFO - [2026-08-12T04:35:03.197+0000] {dagbag.py:587} INFO - Filling up the DagBag from /home/airflow/.local/lib/python3.12/site-packages/airflow/example_dags/example_sla_dag.py
[2026-08-12T04:35:03.211+0000] {processor.py:925} INFO - DAG(s) 'example_sla_dag' retrieved from /home/airflow/.local/lib/python3.12/site-packages/airflow/example_dags/example_sla_dag.py
[2026-08-12T04:35:03.241+0000] {logging_mixin.py:190} INFO - [2026-08-12T04:35:03.240+0000] {dag.py:3211} INFO - Sync 1 DAGs
[2026-08-12T04:35:03.275+0000] {logging_mixin.py:190} INFO - [2026-08-12T04:35:03.275+0000] {dag.py:4138} INFO - Setting next_dagrun for example_sla_dag to 2026-08-12 04:32:00+00:00, run_after=2026-08-12 04:34:00+00:00
[2026-08-12T04:35:03.296+0000] {processor.py:208} INFO - Processing /home/airflow/.local/lib/python3.12/site-packages/airflow/example_dags/example_sla_dag.py took 0.110 seconds
[2026-08-12T04:35:33.520+0000] {processor.py:186} INFO - Started process (PID=383) to work on /home/airflow/.local/lib/python3.12/site-packages/airflow/example_dags/example_sla_dag.py
[2026-08-12T04:35:33.523+0000] {processor.py:914} INFO - Processing file /home/airflow/.local/lib/python3.12/site-packages/airflow/example_dags/example_sla_dag.py for tasks to queue
[2026-08-12T04:35:33.527+0000] {logging_mixin.py:190} INFO - [2026-08-12T04:35:33.526+0000] {dagbag.py:587} INFO - Filling up the DagBag from /home/airflow/.local/lib/python3.12/site-packages/airflow/example_dags/example_sla_dag.py
[2026-08-12T04:35:33.540+0000] {processor.py:925} INFO - DAG(s) 'example_sla_dag' retrieved from /home/airflow/.local/lib/python3.12/site-packages/airflow/example_dags/example_sla_dag.py
[2026-08-12T04:35:33.568+0000] {logging_mixin.py:190} INFO - [2026-08-12T04:35:33.568+0000] {dag.py:3211} INFO - Sync 1 DAGs
[2026-08-12T04:35:33.602+0000] {logging_mixin.py:190} INFO - [2026-08-12T04:35:33.601+0000] {dag.py:4138} INFO - Setting next_dagrun for example_sla_dag to 2026-08-12 04:32:00+00:00, run_after=2026-08-12 04:34:00+00:00
[2026-08-12T04:35:33.628+0000] {processor.py:208} INFO - Processing /home/airflow/.local/lib/python3.12/site-packages/airflow/example_dags/example_sla_dag.py took 0.114 seconds
[2026-08-12T04:36:03.950+0000] {processor.py:186} INFO - Started process (PID=445) to work on /home/airflow/.local/lib/python3.12/site-packages/airflow/example_dags/example_sla_dag.py
[2026-08-12T04:36:03.952+0000] {processor.py:914} INFO - Processing file /home/airflow/.local/lib/python3.12/site-packages/airflow/example_dags/example_sla_dag.py for tasks to queue
[2026-08-12T04:36:03.957+0000] {logging_mixin.py:190} INFO - [2026-08-12T04:36:03.956+0000] {dagbag.py:587} INFO - Filling up the DagBag from /home/airflow/.local/lib/python3.12/site-packages/airflow/example_dags/example_sla_dag.py
[2026-08-12T04:36:03.971+0000] {processor.py:925} INFO - DAG(s) 'example_sla_dag' retrieved from /home/airflow/.local/lib/python3.12/site-packages/airflow/example_dags/example_sla_dag.py
[2026-08-12T04:36:03.996+0000] {logging_mixin.py:190} INFO - [2026-08-12T04:36:03.996+0000] {dag.py:3211} INFO - Sync 1 DAGs
[2026-08-12T04:36:04.025+0000] {logging_mixin.py:190} INFO - [2026-08-12T04:36:04.025+0000] {dag.py:4138} INFO - Setting next_dagrun for example_sla_dag to 2026-08-12 04:34:00+00:00, run_after=2026-08-12 04:36:00+00:00
[2026-08-12T04:36:04.048+0000] {processor.py:208} INFO - Processing /home/airflow/.local/lib/python3.12/site-packages/airflow/example_dags/example_sla_dag.py took 0.109 seconds
[2026-08-12T04:36:34.101+0000] {processor.py:186} INFO - Started process (PID=506) to work on /home/airflow/.local/lib/python3.12/site-packages/airflow/example_dags/example_sla_dag.py
[2026-08-12T04:36:34.102+0000] {processor.py:914} INFO - Processing file /home/airflow/.local/lib/python3.12/site-packages/airflow/example_dags/example_sla_dag.py for tasks to queue
[2026-08-12T04:36:34.109+0000] {logging_mixin.py:190} INFO - [2026-08-12T04:36:34.108+0000] {dagbag.py:587} INFO - Filling up the DagBag from /home/airflow/.local/lib/python3.12/site-packages/airflow/example_dags/example_sla_dag.py
[2026-08-12T04:36:34.123+0000] {processor.py:925} INFO - DAG(s) 'example_sla_dag' retrieved from /home/airflow/.local/lib/python3.12/site-packages/airflow/example_dags/example_sla_dag.py
[2026-08-12T04:36:34.150+0000] {logging_mixin.py:190} INFO - [2026-08-12T04:36:34.150+0000] {dag.py:3211} INFO - Sync 1 DAGs
[2026-08-12T04:36:34.182+0000] {logging_mixin.py:190} INFO - [2026-08-12T04:36:34.182+0000] {dag.py:4138} INFO - Setting next_dagrun for example_sla_dag to 2026-08-12 04:34:00+00:00, run_after=2026-08-12 04:36:00+00:00
[2026-08-12T04:36:34.214+0000] {processor.py:208} INFO - Processing /home/airflow/.local/lib/python3.12/site-packages/airflow/example_dags/example_sla_dag.py took 0.120 seconds
[2026-08-12T04:37:04.535+0000] {processor.py:186} INFO - Started process (PID=568) to work on /home/airflow/.local/lib/python3.12/site-packages/airflow/example_dags/example_sla_dag.py
[2026-08-12T04:37:04.537+0000] {processor.py:914} INFO - Processing file /home/airflow/.local/lib/python3.12/site-packages/airflow/example_dags/example_sla_dag.py for tasks to queue
[2026-08-12T04:37:04.542+0000] {logging_mixin.py:190} INFO - [2026-08-12T04:37:04.541+0000] {dagbag.py:587} INFO - Filling up the DagBag from /home/airflow/.local/lib/python3.12/site-packages/airflow/example_dags/example_sla_dag.py
[2026-08-12T04:37:04.552+0000] {processor.py:925} INFO - DAG(s) 'example_sla_dag' retrieved from /home/airflow/.local/lib/python3.12/site-packages/airflow/example_dags/example_sla_dag.py
[2026-08-12T04:37:04.577+0000] {logging_mixin.py:190} INFO - [2026-08-12T04:37:04.577+0000] {dag.py:3211} INFO - Sync 1 DAGs
[2026-08-12T04:37:04.603+0000] {logging_mixin.py:190} INFO - [2026-08-12T04:37:04.603+0000] {dag.py:4138} INFO - Setting next_dagrun for example_sla_dag to 2026-08-12 04:34:00+00:00, run_after=2026-08-12 04:36:00+00:00
[2026-08-12T04:37:04.640+0000] {processor.py:208} INFO - Processing /home/airflow/.local/lib/python3.12/site-packages/airflow/example_dags/example_sla_dag.py took 0.109 seconds
[2026-08-12T04:37:35.482+0000] {processor.py:186} INFO - Started process (PID=631) to work on /home/airflow/.local/lib/python3.12/site-packages/airflow/example_dags/example_sla_dag.py
[2026-08-12T04:37:35.484+0000] {processor.py:914} INFO - Processing file /home/airflow/.local/lib/python3.12/site-packages/airflow/example_dags/example_sla_dag.py for tasks to queue
[2026-08-12T04:37:35.488+0000] {logging_mixin.py:190} INFO - [2026-08-12T04:37:35.487+0000] {dagbag.py:587} INFO - Filling up the DagBag from /home/airflow/.local/lib/python3.12/site-packages/airflow/example_dags/example_sla_dag.py
[2026-08-12T04:37:35.501+0000] {processor.py:925} INFO - DAG(s) 'example_sla_dag' retrieved from /home/airflow/.local/lib/python3.12/site-packages/airflow/example_dags/example_sla_dag.py
[2026-08-12T04:37:35.522+0000] {logging_mixin.py:190} INFO - [2026-08-12T04:37:35.522+0000] {dag.py:3211} INFO - Sync 1 DAGs
[2026-08-12T04:37:35.550+0000] {logging_mixin.py:190} INFO - [2026-08-12T04:37:35.549+0000] {dag.py:4138} INFO - Setting next_dagrun for example_sla_dag to 2026-08-12 04:34:00+00:00, run_after=2026-08-12 04:36:00+00:00
[2026-08-12T04:37:35.571+0000] {processor.py:208} INFO - Processing /home/airflow/.local/lib/python3.12/site-packages/airflow/example_dags/example_sla_dag.py took 0.093 seconds
[2026-08-12T04:38:06.111+0000] {processor.py:186} INFO - Started process (PID=693) to work on /home/airflow/.local/lib/python3.12/site-packages/airflow/example_dags/example_sla_dag.py
[2026-08-12T04:38:06.112+0000] {processor.py:914} INFO - Processing file /home/airflow/.local/lib/python3.12/site-packages/airflow/example_dags/example_sla_dag.py for tasks to queue
[2026-08-12T04:38:06.115+0000] {logging_mixin.py:190} INFO - [2026-08-12T04:38:06.115+0000] {dagbag.py:587} INFO - Filling up the DagBag from /home/airflow/.local/lib/python3.12/site-packages/airflow/example_dags/example_sla_dag.py
[2026-08-12T04:38:06.126+0000] {processor.py:925} INFO - DAG(s) 'example_sla_dag' retrieved from /home/airflow/.local/lib/python3.12/site-packages/airflow/example_dags/example_sla_dag.py
[2026-08-12T04:38:06.146+0000] {logging_mixin.py:190} INFO - [2026-08-12T04:38:06.146+0000] {dag.py:3211} INFO - Sync 1 DAGs
[2026-08-12T04:38:06.170+0000] {logging_mixin.py:190} INFO - [2026-08-12T04:38:06.169+0000] {dag.py:4138} INFO - Setting next_dagrun for example_sla_dag to 2026-08-12 04:36:00+00:00, run_after=2026-08-12 04:38:00+00:00
[2026-08-12T04:38:06.190+0000] {processor.py:208} INFO - Processing /home/airflow/.local/lib/python3.12/site-packages/airflow/example_dags/example_sla_dag.py took 0.085 seconds
[2026-08-12T04:38:36.288+0000] {processor.py:186} INFO - Started process (PID=755) to work on /home/airflow/.local/lib/python3.12/site-packages/airflow/example_dags/example_sla_dag.py
[2026-08-12T04:38:36.290+0000] {processor.py:914} INFO - Processing file /home/airflow/.local/lib/python3.12/site-packages/airflow/example_dags/example_sla_dag.py for tasks to queue
[2026-08-12T04:38:36.293+0000] {logging_mixin.py:190} INFO - [2026-08-12T04:38:36.292+0000] {dagbag.py:587} INFO - Filling up the DagBag from /home/airflow/.local/lib/python3.12/site-packages/airflow/example_dags/example_sla_dag.py
[2026-08-12T04:38:36.303+0000] {processor.py:925} INFO - DAG(s) 'example_sla_dag' retrieved from /home/airflow/.local/lib/python3.12/site-packages/airflow/example_dags/example_sla_dag.py
[2026-08-12T04:38:36.323+0000] {logging_mixin.py:190} INFO - [2026-08-12T04:38:36.322+0000] {dag.py:3211} INFO - Sync 1 DAGs
[2026-08-12T04:38:36.347+0000] {logging_mixin.py:190} INFO - [2026-08-12T04:38:36.347+0000] {dag.py:4138} INFO - Setting next_dagrun for example_sla_dag to 2026-08-12 04:36:00+00:00, run_after=2026-08-12 04:38:00+00:00
[2026-08-12T04:38:36.366+0000] {processor.py:208} INFO - Processing /home/airflow/.local/lib/python3.12/site-packages/airflow/example_dags/example_sla_dag.py took 0.083 seconds
[2026-08-12T04:39:06.784+0000] {processor.py:186} INFO - Started process (PID=817) to work on /home/airflow/.local/lib/python3.12/site-packages/airflow/example_dags/example_sla_dag.py
[2026-08-12T04:39:06.786+0000] {processor.py:914} INFO - Processing file /home/airflow/.local/lib/python3.12/site-packages/airflow/example_dags/example_sla_dag.py for tasks to queue
[2026-08-12T04:39:06.790+0000] {logging_mixin.py:190} INFO - [2026-08-12T04:39:06.789+0000] {dagbag.py:587} INFO - Filling up the DagBag from /home/airflow/.local/lib/python3.12/site-packages/airflow/example_dags/example_sla_dag.py
[2026-08-12T04:39:06.801+0000] {processor.py:925} INFO - DAG(s) 'example_sla_dag' retrieved from /home/airflow/.local/lib/python3.12/site-packages/airflow/example_dags/example_sla_dag.py
[2026-08-12T04:39:06.822+0000] {logging_mixin.py:190} INFO - [2026-08-12T04:39:06.822+0000] {dag.py:3211} INFO - Sync 1 DAGs
[2026-08-12T04:39:06.846+0000] {logging_mixin.py:190} INFO - [2026-08-12T04:39:06.845+0000] {dag.py:4138} INFO - Setting next_dagrun for example_sla_dag to 2026-08-12 04:36:00+00:00, run_after=2026-08-12 04:38:00+00:00
[2026-08-12T04:39:06.866+0000] {processor.py:208} INFO - Processing /home/airflow/.local/lib/python3.12/site-packages/airflow/example_dags/example_sla_dag.py took 0.087 seconds
[2026-08-12T04:39:37.655+0000] {processor.py:186} INFO - Started process (PID=879) to work on /home/airflow/.local/lib/python3.12/site-packages/airflow/example_dags/example_sla_dag.py
[2026-08-12T04:39:37.657+0000] {processor.py:914} INFO - Processing file /home/airflow/.local/lib/python3.12/site-packages/airflow/example_dags/example_sla_dag.py for tasks to queue
[2026-08-12T04:39:37.660+0000] {logging_mixin.py:190} INFO - [2026-08-12T04:39:37.659+0000] {dagbag.py:587} INFO - Filling up the DagBag from /home/airflow/.local/lib/python3.12/site-packages/airflow/example_dags/example_sla_dag.py
[2026-08-12T04:39:37.670+0000] {processor.py:925} INFO - DAG(s) 'example_sla_dag' retrieved from /home/airflow/.local/lib/python3.12/site-packages/airflow/example_dags/example_sla_dag.py
[2026-08-12T04:39:37.693+0000] {logging_mixin.py:190} INFO - [2026-08-12T04:39:37.693+0000] {dag.py:3211} INFO - Sync 1 DAGs
[2026-08-12T04:39:37.718+0000] {logging_mixin.py:190} INFO - [2026-08-12T04:39:37.718+0000] {dag.py:4138} INFO - Setting next_dagrun for example_sla_dag to 2026-08-12 04:36:00+00:00, run_after=2026-08-12 04:38:00+00:00
[2026-08-12T04:39:37.738+0000] {processor.py:208} INFO - Processing /home/airflow/.local/lib/python3.12/site-packages/airflow/example_dags/example_sla_dag.py took 0.089 seconds
[2026-08-12T04:40:07.799+0000] {processor.py:186} INFO - Started process (PID=940) to work on /home/airflow/.local/lib/python3.12/site-packages/airflow/example_dags/example_sla_dag.py
[2026-08-12T04:40:07.801+0000] {processor.py:914} INFO - Processing file /home/airflow/.local/lib/python3.12/site-packages/airflow/example_dags/example_sla_dag.py for tasks to queue
[2026-08-12T04:40:07.804+0000] {logging_mixin.py:190} INFO - [2026-08-12T04:40:07.804+0000] {dagbag.py:587} INFO - Filling up the DagBag from /home/airflow/.local/lib/python3.12/site-packages/airflow/example_dags/example_sla_dag.py
[2026-08-12T04:40:07.818+0000] {processor.py:925} INFO - DAG(s) 'example_sla_dag' retrieved from /home/airflow/.local/lib/python3.12/site-packages/airflow/example_dags/example_sla_dag.py
[2026-08-12T04:40:07.839+0000] {logging_mixin.py:190} INFO - [2026-08-12T04:40:07.838+0000] {dag.py:3211} INFO - Sync 1 DAGs
[2026-08-12T04:40:07.865+0000] {logging_mixin.py:190} INFO - [2026-08-12T04:40:07.865+0000] {dag.py:4138} INFO - Setting next_dagrun for example_sla_dag to 2026-08-12 04:38:00+00:00, run_after=2026-08-12 04:40:00+00:00
[2026-08-12T04:40:07.886+0000] {processor.py:208} INFO - Processing /home/airflow/.local/lib/python3.12/site-packages/airflow/example_dags/example_sla_dag.py took 0.093 seconds
[2026-08-12T04:40:38.666+0000] {processor.py:186} INFO - Started process (PID=1003) to work on /home/airflow/.local/lib/python3.12/site-packages/airflow/example_dags/example_sla_dag.py
[2026-08-12T04:40:38.668+0000] {processor.py:914} INFO - Processing file /home/airflow/.local/lib/python3.12/site-packages/airflow/example_dags/example_sla_dag.py for tasks to queue
[2026-08-12T04:40:38.671+0000] {logging_mixin.py:190} INFO - [2026-08-12T04:40:38.671+0000] {dagbag.py:587} INFO - Filling up the DagBag from /home/airflow/.local/lib/python3.12/site-packages/airflow/example_dags/example_sla_dag.py
[2026-08-12T04:40:38.684+0000] {processor.py:925} INFO - DAG(s) 'example_sla_dag' retrieved from /home/airflow/.local/lib/python3.12/site-packages/airflow/example_dags/example_sla_dag.py
[2026-08-12T04:40:38.710+0000] {logging_mixin.py:190} INFO - [2026-08-12T04:40:38.709+0000] {dag.py:3211} INFO - Sync 1 DAGs
[2026-08-12T04:40:38.733+0000] {logging_mixin.py:190} INFO - [2026-08-12T04:40:38.733+0000] {dag.py:4138} INFO - Setting next_dagrun for example_sla_dag to 2026-08-12 04:38:00+00:00, run_after=2026-08-12 04:40:00+00:00
[2026-08-12T04:40:38.753+0000] {processor.py:208} INFO - Processing /home/airflow/.local/lib/python3.12/site-packages/airflow/example_dags/example_sla_dag.py took 0.091 seconds
[2026-08-12T04:41:09.121+0000] {processor.py:186} INFO - Started process (PID=1065) to work on /home/airflow/.local/lib/python3.12/site-packages/airflow/example_dags/example_sla_dag.py
[2026-08-12T04:41:09.123+0000] {processor.py:914} INFO - Processing file /home/airflow/.local/lib/python3.12/site-packages/airflow/example_dags/example_sla_dag.py for tasks to queue
[2026-08-12T04:41:09.126+0000] {logging_mixin.py:190} INFO - [2026-08-12T04:41:09.126+0000] {dagbag.py:587} INFO - Filling up the DagBag from /home/airflow/.local/lib/python3.12/site-packages/airflow/example_dags/example_sla_dag.py
[2026-08-12T04:41:09.137+0000] {processor.py:925} INFO - DAG(s) 'example_sla_dag' retrieved from /home/airflow/.local/lib/python3.12/site-packages/airflow/example_dags/example_sla_dag.py
[2026-08-12T04:41:09.164+0000] {logging_mixin.py:190} INFO - [2026-08-12T04:41:09.164+0000] {dag.py:3211} INFO - Sync 1 DAGs
[2026-08-12T04:41:09.191+0000] {logging_mixin.py:190} INFO - [2026-08-12T04:41:09.190+0000] {dag.py:4138} INFO - Setting next_dagrun for example_sla_dag to 2026-08-12 04:38:00+00:00, run_after=2026-08-12 04:40:00+00:00
[2026-08-12T04:41:09.216+0000] {processor.py:208} INFO - Processing /home/airflow/.local/lib/python3.12/site-packages/airflow/example_dags/example_sla_dag.py took 0.101 seconds
[2026-08-12T04:41:39.797+0000] {processor.py:186} INFO - Started process (PID=1127) to work on /home/airflow/.local/lib/python3.12/site-packages/airflow/example_dags/example_sla_dag.py
[2026-08-12T04:41:39.799+0000] {processor.py:914} INFO - Processing file /home/airflow/.local/lib/python3.12/site-packages/airflow/example_dags/example_sla_dag.py for tasks to queue
[2026-08-12T04:41:39.802+0000] {logging_mixin.py:190} INFO - [2026-08-12T04:41:39.801+0000] {dagbag.py:587} INFO - Filling up the DagBag from /home/airflow/.local/lib/python3.12/site-packages/airflow/example_dags/example_sla_dag.py
[2026-08-12T04:41:39.812+0000] {processor.py:925} INFO - DAG(s) 'example_sla_dag' retrieved from /home/airflow/.local/lib/python3.12/site-packages/airflow/example_dags/example_sla_dag.py
[2026-08-12T04:41:39.832+0000] {logging_mixin.py:190} INFO - [2026-08-12T04:41:39.832+0000] {dag.py:3211} INFO - Sync 1 DAGs
[2026-08-12T04:41:39.858+0000] {logging_mixin.py:190} INFO - [2026-08-12T04:41:39.857+0000] {dag.py:4138} INFO - Setting next_dagrun for example_sla_dag to 2026-08-12 04:38:00+00:00, run_after=2026-08-12 04:40:00+00:00
[2026-08-12T04:41:39.878+0000] {processor.py:208} INFO - Processing /home/airflow/.local/lib/python3.12/site-packages/airflow/example_dags/example_sla_dag.py took 0.086 seconds
[2026-08-12T04:42:10.367+0000] {processor.py:186} INFO - Started process (PID=1189) to work on /home/airflow/.local/lib/python3.12/site-packages/airflow/example_dags/example_sla_dag.py
[2026-08-12T04:42:10.369+0000] {processor.py:914} INFO - Processing file /home/airflow/.local/lib/python3.12/site-packages/airflow/example_dags/example_sla_dag.py for tasks to queue
[2026-08-12T04:42:10.372+0000] {logging_mixin.py:190} INFO - [2026-08-12T04:42:10.372+0000] {dagbag.py:587} INFO - Filling up the DagBag from /home/airflow/.local/lib/python3.12/site-packages/airflow/example_dags/example_sla_dag.py
[2026-08-12T04:42:10.383+0000] {processor.py:925} INFO - DAG(s) 'example_sla_dag' retrieved from /home/airflow/.local/lib/python3.12/site-packages/airflow/example_dags/example_sla_dag.py
[2026-08-12T04:42:10.403+0000] {logging_mixin.py:190} INFO - [2026-08-12T04:42:10.403+0000] {dag.py:3211} INFO - Sync 1 DAGs
[2026-08-12T04:42:10.432+0000] {logging_mixin.py:190} INFO - [2026-08-12T04:42:10.432+0000] {dag.py:4138} INFO - Setting next_dagrun for example_sla_dag to 2026-08-12 04:40:00+00:00, run_after=2026-08-12 04:42:00+00:00
[2026-08-12T04:42:10.452+0000] {processor.py:208} INFO - Processing /home/airflow/.local/lib/python3.12/site-packages/airflow/example_dags/example_sla_dag.py took 0.090 seconds
[2026-08-12T04:42:40.517+0000] {processor.py:186} INFO - Started process (PID=1250) to work on /home/airflow/.local/lib/python3.12/site-packages/airflow/example_dags/example_sla_dag.py
[2026-08-12T04:42:40.518+0000] {processor.py:914} INFO - Processing file /home/airflow/.local/lib/python3.12/site-packages/airflow/example_dags/example_sla_dag.py for tasks to queue
[2026-08-12T04:42:40.521+0000] {logging_mixin.py:190} INFO - [2026-08-12T04:42:40.521+0000] {dagbag.py:587} INFO - Filling up the DagBag from /home/airflow/.local/lib/python3.12/site-packages/airflow/example_dags/example_sla_dag.py
[2026-08-12T04:42:40.531+0000] {processor.py:925} INFO - DAG(s) 'example_sla_dag' retrieved from /home/airflow/.local/lib/python3.12/site-packages/airflow/example_dags/example_sla_dag.py
[2026-08-12T04:42:40.552+0000] {logging_mixin.py:190} INFO - [2026-08-12T04:42:40.552+0000] {dag.py:3211} INFO - Sync 1 DAGs
[2026-08-12T04:42:40.576+0000] {logging_mixin.py:190} INFO - [2026-08-12T04:42:40.576+0000] {dag.py:4138} INFO - Setting next_dagrun for example_sla_dag to 2026-08-12 04:40:00+00:00, run_after=2026-08-12 04:42:00+00:00
[2026-08-12T04:42:40.612+0000] {processor.py:208} INFO - Processing /home/airflow/.local/lib/python3.12/site-packages/airflow/example_dags/example_sla_dag.py took 0.101 seconds
[2026-08-12T04:43:11.065+0000] {processor.py:186} INFO - Started process (PID=1313) to work on /home/airflow/.local/lib/python3.12/site-packages/airflow/example_dags/example_sla_dag.py
[2026-08-12T04:43:11.066+0000] {processor.py:914} INFO - Processing file /home/airflow/.local/lib/python3.12/site-packages/airflow/example_dags/example_sla_dag.py for tasks to queue
[2026-08-12T04:43:11.069+0000] {logging_mixin.py:190} INFO - [2026-08-12T04:43:11.069+0000] {dagbag.py:587} INFO - Filling up the DagBag from /home/airflow/.local/lib/python3.12/site-packages/airflow/example_dags/example_sla_dag.py
[2026-08-12T04:43:11.084+0000] {processor.py:925} INFO - DAG(s) 'example_sla_dag' retrieved from /home/airflow/.local/lib/python3.12/site-packages/airflow/example_dags/example_sla_dag.py
[2026-08-12T04:43:11.105+0000] {logging_mixin.py:190} INFO - [2026-08-12T04:43:11.104+0000] {dag.py:3211} INFO - Sync 1 DAGs
[2026-08-12T04:43:11.128+0000] {logging_mixin.py:190} INFO - [2026-08-12T04:43:11.127+0000] {dag.py:4138} INFO - Setting next_dagrun for example_sla_dag to 2026-08-12 04:40:00+00:00, run_after=2026-08-12 04:42:00+00:00
[2026-08-12T04:43:11.148+0000] {processor.py:208} INFO - Processing /home/airflow/.local/lib/python3.12/site-packages/airflow/example_dags/example_sla_dag.py took 0.089 seconds
[2026-08-12T04:43:41.416+0000] {processor.py:186} INFO - Started process (PID=1375) to work on /home/airflow/.local/lib/python3.12/site-packages/airflow/example_dags/example_sla_dag.py
[2026-08-12T04:43:41.418+0000] {processor.py:914} INFO - Processing file /home/airflow/.local/lib/python3.12/site-packages/airflow/example_dags/example_sla_dag.py for tasks to queue
[2026-08-12T04:43:41.421+0000] {logging_mixin.py:190} INFO - [2026-08-12T04:43:41.421+0000] {dagbag.py:587} INFO - Filling up the DagBag from /home/airflow/.local/lib/python3.12/site-packages/airflow/example_dags/example_sla_dag.py
[2026-08-12T04:43:41.432+0000] {processor.py:925} INFO - DAG(s) 'example_sla_dag' retrieved from /home/airflow/.local/lib/python3.12/site-packages/airflow/example_dags/example_sla_dag.py
[2026-08-12T04:43:41.452+0000] {logging_mixin.py:190} INFO - [2026-08-12T04:43:41.452+0000] {dag.py:3211} INFO - Sync 1 DAGs
[2026-08-12T04:43:41.478+0000] {logging_mixin.py:190} INFO - [2026-08-12T04:43:41.478+0000] {dag.py:4138} INFO - Setting next_dagrun for example_sla_dag to 2026-08-12 04:40:00+00:00, run_after=2026-08-12 04:42:00+00:00
[2026-08-12T04:43:41.499+0000] {processor.py:208} INFO - Processing /home/airflow/.local/lib/python3.12/site-packages/airflow/example_dags/example_sla_dag.py took 0.089 seconds
[2026-08-12T04:44:12.071+0000] {processor.py:186} INFO - Started process (PID=1437) to work on /home/airflow/.local/lib/python3.12/site-packages/airflow/example_dags/example_sla_dag.py
[2026-08-12T04:44:12.072+0000] {processor.py:914} INFO - Processing file /home/airflow/.local/lib/python3.12/site-packages/airflow/example_dags/example_sla_dag.py for tasks to queue
[2026-08-12T04:44:12.076+0000] {logging_mixin.py:190} INFO - [2026-08-12T04:44:12.076+0000] {dagbag.py:587} INFO - Filling up the DagBag from /home/airflow/.local/lib/python3.12/site-packages/airflow/example_dags/example_sla_dag.py
[2026-08-12T04:44:12.090+0000] {processor.py:925} INFO - DAG(s) 'example_sla_dag' retrieved from /home/airflow/.local/lib/python3.12/site-packages/airflow/example_dags/example_sla_dag.py
[2026-08-12T04:44:12.125+0000] {logging_mixin.py:190} INFO - [2026-08-12T04:44:12.125+0000] {dag.py:3211} INFO - Sync 1 DAGs
[2026-08-12T04:44:12.164+0000] {logging_mixin.py:190} INFO - [2026-08-12T04:44:12.164+0000] {dag.py:4138} INFO - Setting next_dagrun for example_sla_dag to 2026-08-12 04:42:00+00:00, run_after=2026-08-12 04:44:00+00:00
[2026-08-12T04:44:12.190+0000] {processor.py:208} INFO - Processing /home/airflow/.local/lib/python3.12/site-packages/airflow/example_dags/example_sla_dag.py took 0.127 seconds
[2026-08-12T04:44:42.567+0000] {processor.py:186} INFO - Started process (PID=1500) to work on /home/airflow/.local/lib/python3.12/site-packages/airflow/example_dags/example_sla_dag.py
[2026-08-12T04:44:42.569+0000] {processor.py:914} INFO - Processing file /home/airflow/.local/lib/python3.12/site-packages/airflow/example_dags/example_sla_dag.py for tasks to queue
[2026-08-12T04:44:42.572+0000] {logging_mixin.py:190} INFO - [2026-08-12T04:44:42.572+0000] {dagbag.py:587} INFO - Filling up the DagBag from /home/airflow/.local/lib/python3.12/site-packages/airflow/example_dags/example_sla_dag.py
[2026-08-12T04:44:42.582+0000] {processor.py:925} INFO - DAG(s) 'example_sla_dag' retrieved from /home/airflow/.local/lib/python3.12/site-packages/airflow/example_dags/example_sla_dag.py
[2026-08-12T04:44:42.612+0000] {logging_mixin.py:190} INFO - [2026-08-12T04:44:42.612+0000] {dag.py:3211} INFO - Sync 1 DAGs
[2026-08-12T04:44:42.640+0000] {logging_mixin.py:190} INFO - [2026-08-12T04:44:42.639+0000] {dag.py:4138} INFO - Setting next_dagrun for example_sla_dag to 2026-08-12 04:42:00+00:00, run_after=2026-08-12 04:44:00+00:00
[2026-08-12T04:44:42.664+0000] {processor.py:208} INFO - Processing /home/airflow/.local/lib/python3.12/site-packages/airflow/example_dags/example_sla_dag.py took 0.102 seconds
[2026-08-12T04:45:12.941+0000] {processor.py:186} INFO - Started process (PID=1562) to work on /home/airflow/.local/lib/python3.12/site-packages/airflow/example_dags/example_sla_dag.py
[2026-08-12T04:45:12.943+0000] {processor.py:914} INFO - Processing file /home/airflow/.local/lib/python3.12/site-packages/airflow/example_dags/example_sla_dag.py for tasks to queue
[2026-08-12T04:45:12.946+0000] {logging_mixin.py:190} INFO - [2026-08-12T04:45:12.946+0000] {dagbag.py:587} INFO - Filling up the DagBag from /home/airflow/.local/lib/python3.12/site-packages/airflow/example_dags/example_sla_dag.py
[2026-08-12T04:45:12.956+0000] {processor.py:925} INFO - DAG(s) 'example_sla_dag' retrieved from /home/airflow/.local/lib/python3.12/site-packages/airflow/example_dags/example_sla_dag.py
[2026-08-12T04:45:12.976+0000] {logging_mixin.py:190} INFO - [2026-08-12T04:45:12.976+0000] {dag.py:3211} INFO - Sync 1 DAGs
[2026-08-12T04:45:13.001+0000] {logging_mixin.py:190} INFO - [2026-08-12T04:45:13.001+0000] {dag.py:4138} INFO - Setting next_dagrun for example_sla_dag to 2026-08-12 04:42:00+00:00, run_after=2026-08-12 04:44:00+00:00
[2026-08-12T04:45:13.021+0000] {processor.py:208} INFO - Processing /home/airflow/.local/lib/python3.12/site-packages/airflow/example_dags/example_sla_dag.py took 0.084 seconds
[2026-08-12T04:45:43.480+0000] {processor.py:186} INFO - Started process (PID=1624) to work on /home/airflow/.local/lib/python3.12/site-packages/airflow/example_dags/example_sla_dag.py
[2026-08-12T04:45:43.482+0000] {processor.py:914} INFO - Processing file /home/airflow/.local/lib/python3.12/site-packages/airflow/example_dags/example_sla_dag.py for tasks to queue
[2026-08-12T04:45:43.484+0000] {logging_mixin.py:190} INFO - [2026-08-12T04:45:43.484+0000] {dagbag.py:587} INFO - Filling up the DagBag from /home/airflow/.local/lib/python3.12/site-packages/airflow/example_dags/example_sla_dag.py
[2026-08-12T04:45:43.494+0000] {processor.py:925} INFO - DAG(s) 'example_sla_dag' retrieved from /home/airflow/.local/lib/python3.12/site-packages/airflow/example_dags/example_sla_dag.py
[2026-08-12T04:45:43.515+0000] {logging_mixin.py:190} INFO - [2026-08-12T04:45:43.514+0000] {dag.py:3211} INFO - Sync 1 DAGs
[2026-08-12T04:45:43.539+0000] {logging_mixin.py:190} INFO - [2026-08-12T04:45:43.539+0000] {dag.py:4138} INFO - Setting next_dagrun for example_sla_dag to 2026-08-12 04:42:00+00:00, run_after=2026-08-12 04:44:00+00:00
[2026-08-12T04:45:43.558+0000] {processor.py:208} INFO - Processing /home/airflow/.local/lib/python3.12/site-packages/airflow/example_dags/example_sla_dag.py took 0.083 seconds
[2026-08-12T04:46:14.185+0000] {processor.py:186} INFO - Started process (PID=1686) to work on /home/airflow/.local/lib/python3.12/site-packages/airflow/example_dags/example_sla_dag.py
[2026-08-12T04:46:14.187+0000] {processor.py:914} INFO - Processing file /home/airflow/.local/lib/python3.12/site-packages/airflow/example_dags/example_sla_dag.py for tasks to queue
[2026-08-12T04:46:14.190+0000] {logging_mixin.py:190} INFO - [2026-08-12T04:46:14.190+0000] {dagbag.py:587} INFO - Filling up the DagBag from /home/airflow/.local/lib/python3.12/site-packages/airflow/example_dags/example_sla_dag.py
[2026-08-12T04:46:14.200+0000] {processor.py:925} INFO - DAG(s) 'example_sla_dag' retrieved from /home/airflow/.local/lib/python3.12/site-packages/airflow/example_dags/example_sla_dag.py
[2026-08-12T04:46:14.221+0000] {logging_mixin.py:190} INFO - [2026-08-12T04:46:14.221+0000] {dag.py:3211} INFO - Sync 1 DAGs
[2026-08-12T04:46:14.248+0000] {logging_mixin.py:190} INFO - [2026-08-12T04:46:14.248+0000] {dag.py:4138} INFO - Setting next_dagrun for example_sla_dag to 2026-08-12 04:44:00+00:00, run_after=2026-08-12 04:46:00+00:00
[2026-08-12T04:46:14.269+0000] {processor.py:208} INFO - Processing /home/airflow/.local/lib/python3.12/site-packages/airflow/example_dags/example_sla_dag.py took 0.090 seconds
[2026-08-12T04:46:44.792+0000] {processor.py:186} INFO - Started process (PID=1748) to work on /home/airflow/.local/lib/python3.12/site-packages/airflow/example_dags/example_sla_dag.py
[2026-08-12T04:46:44.793+0000] {processor.py:914} INFO - Processing file /home/airflow/.local/lib/python3.12/site-packages/airflow/example_dags/example_sla_dag.py for tasks to queue
[2026-08-12T04:46:44.796+0000] {logging_mixin.py:190} INFO - [2026-08-12T04:46:44.796+0000] {dagbag.py:587} INFO - Filling up the DagBag from /home/airflow/.local/lib/python3.12/site-packages/airflow/example_dags/example_sla_dag.py
[2026-08-12T04:46:44.807+0000] {processor.py:925} INFO - DAG(s) 'example_sla_dag' retrieved from /home/airflow/.local/lib/python3.12/site-packages/airflow/example_dags/example_sla_dag.py
[2026-08-12T04:46:44.830+0000] {logging_mixin.py:190} INFO - [2026-08-12T04:46:44.830+0000] {dag.py:3211} INFO - Sync 1 DAGs
[2026-08-12T04:46:44.857+0000] {logging_mixin.py:190} INFO - [2026-08-12T04:46:44.857+0000] {dag.py:4138} INFO - Setting next_dagrun for example_sla_dag to 2026-08-12 04:44:00+00:00, run_after=2026-08-12 04:46:00+00:00
[2026-08-12T04:46:44.877+0000] {processor.py:208} INFO - Processing /home/airflow/.local/lib/python3.12/site-packages/airflow/example_dags/example_sla_dag.py took 0.091 seconds
[2026-08-12T04:47:15.278+0000] {processor.py:186} INFO - Started process (PID=1810) to work on /home/airflow/.local/lib/python3.12/site-packages/airflow/example_dags/example_sla_dag.py
[2026-08-12T04:47:15.284+0000] {processor.py:914} INFO - Processing file /home/airflow/.local/lib/python3.12/site-packages/airflow/example_dags/example_sla_dag.py for tasks to queue
[2026-08-12T04:47:15.292+0000] {logging_mixin.py:190} INFO - [2026-08-12T04:47:15.291+0000] {dagbag.py:587} INFO - Filling up the DagBag from /home/airflow/.local/lib/python3.12/site-packages/airflow/example_dags/example_sla_dag.py
[2026-08-12T04:47:15.314+0000] {processor.py:925} INFO - DAG(s) 'example_sla_dag' retrieved from /home/airflow/.local/lib/python3.12/site-packages/airflow/example_dags/example_sla_dag.py
[2026-08-12T04:47:15.347+0000] {logging_mixin.py:190} INFO - [2026-08-12T04:47:15.347+0000] {dag.py:3211} INFO - Sync 1 DAGs
[2026-08-12T04:47:15.381+0000] {logging_mixin.py:190} INFO - [2026-08-12T04:47:15.381+0000] {dag.py:4138} INFO - Setting next_dagrun for example_sla_dag to 2026-08-12 04:44:00+00:00, run_after=2026-08-12 04:46:00+00:00
[2026-08-12T04:47:15.405+0000] {processor.py:208} INFO - Processing /home/airflow/.local/lib/python3.12/site-packages/airflow/example_dags/example_sla_dag.py took 0.138 seconds
[2026-08-12T04:47:46.140+0000] {processor.py:186} INFO - Started process (PID=1872) to work on /home/airflow/.local/lib/python3.12/site-packages/airflow/example_dags/example_sla_dag.py
[2026-08-12T04:47:46.142+0000] {processor.py:914} INFO - Processing file /home/airflow/.local/lib/python3.12/site-packages/airflow/example_dags/example_sla_dag.py for tasks to queue
[2026-08-12T04:47:46.146+0000] {logging_mixin.py:190} INFO - [2026-08-12T04:47:46.146+0000] {dagbag.py:587} INFO - Filling up the DagBag from /home/airflow/.local/lib/python3.12/site-packages/airflow/example_dags/example_sla_dag.py
[2026-08-12T04:47:46.164+0000] {processor.py:925} INFO - DAG(s) 'example_sla_dag' retrieved from /home/airflow/.local/lib/python3.12/site-packages/airflow/example_dags/example_sla_dag.py
[2026-08-12T04:47:46.190+0000] {logging_mixin.py:190} INFO - [2026-08-12T04:47:46.189+0000] {dag.py:3211} INFO - Sync 1 DAGs
[2026-08-12T04:47:46.221+0000] {logging_mixin.py:190} INFO - [2026-08-12T04:47:46.221+0000] {dag.py:4138} INFO - Setting next_dagrun for example_sla_dag to 2026-08-12 04:44:00+00:00, run_after=2026-08-12 04:46:00+00:00
[2026-08-12T04:47:46.243+0000] {processor.py:208} INFO - Processing /home/airflow/.local/lib/python3.12/site-packages/airflow/example_dags/example_sla_dag.py took 0.110 seconds
[2026-08-12T04:48:16.370+0000] {processor.py:186} INFO - Started process (PID=1935) to work on /home/airflow/.local/lib/python3.12/site-packages/airflow/example_dags/example_sla_dag.py
[2026-08-12T04:48:16.371+0000] {processor.py:914} INFO - Processing file /home/airflow/.local/lib/python3.12/site-packages/airflow/example_dags/example_sla_dag.py for tasks to queue
[2026-08-12T04:48:16.374+0000] {logging_mixin.py:190} INFO - [2026-08-12T04:48:16.374+0000] {dagbag.py:587} INFO - Filling up the DagBag from /home/airflow/.local/lib/python3.12/site-packages/airflow/example_dags/example_sla_dag.py
[2026-08-12T04:48:16.384+0000] {processor.py:925} INFO - DAG(s) 'example_sla_dag' retrieved from /home/airflow/.local/lib/python3.12/site-packages/airflow/example_dags/example_sla_dag.py
[2026-08-12T04:48:16.406+0000] {logging_mixin.py:190} INFO - [2026-08-12T04:48:16.406+0000] {dag.py:3211} INFO - Sync 1 DAGs
[2026-08-12T04:48:16.431+0000] {logging_mixin.py:190} INFO - [2026-08-12T04:48:16.431+0000] {dag.py:4138} INFO - Setting next_dagrun for example_sla_dag to 2026-08-12 04:46:00+00:00, run_after=2026-08-12 04:48:00+00:00
[2026-08-12T04:48:16.453+0000] {processor.py:208} INFO - Processing /home/airflow/.local/lib/python3.12/site-packages/airflow/example_dags/example_sla_dag.py took 0.089 seconds
[2026-08-12T04:48:46.558+0000] {processor.py:186} INFO - Started process (PID=1997) to work on /home/airflow/.local/lib/python3.12/site-packages/airflow/example_dags/example_sla_dag.py
[2026-08-12T04:48:46.559+0000] {processor.py:914} INFO - Processing file /home/airflow/.local/lib/python3.12/site-packages/airflow/example_dags/example_sla_dag.py for tasks to queue
[2026-08-12T04:48:46.562+0000] {logging_mixin.py:190} INFO - [2026-08-12T04:48:46.562+0000] {dagbag.py:587} INFO - Filling up the DagBag from /home/airflow/.local/lib/python3.12/site-packages/airflow/example_dags/example_sla_dag.py
[2026-08-12T04:48:46.572+0000] {processor.py:925} INFO - DAG(s) 'example_sla_dag' retrieved from /home/airflow/.local/lib/python3.12/site-packages/airflow/example_dags/example_sla_dag.py
[2026-08-12T04:48:46.597+0000] {logging_mixin.py:190} INFO - [2026-08-12T04:48:46.596+0000] {dag.py:3211} INFO - Sync 1 DAGs
[2026-08-12T04:48:46.623+0000] {logging_mixin.py:190} INFO - [2026-08-12T04:48:46.623+0000] {dag.py:4138} INFO - Setting next_dagrun for example_sla_dag to 2026-08-12 04:46:00+00:00, run_after=2026-08-12 04:48:00+00:00
[2026-08-12T04:48:46.642+0000] {processor.py:208} INFO - Processing /home/airflow/.local/lib/python3.12/site-packages/airflow/example_dags/example_sla_dag.py took 0.090 seconds
[2026-08-12T04:49:16.801+0000] {processor.py:186} INFO - Started process (PID=2060) to work on /home/airflow/.local/lib/python3.12/site-packages/airflow/example_dags/example_sla_dag.py
[2026-08-12T04:49:16.804+0000] {processor.py:914} INFO - Processing file /home/airflow/.local/lib/python3.12/site-packages/airflow/example_dags/example_sla_dag.py for tasks to queue
[2026-08-12T04:49:16.808+0000] {logging_mixin.py:190} INFO - [2026-08-12T04:49:16.807+0000] {dagbag.py:587} INFO - Filling up the DagBag from /home/airflow/.local/lib/python3.12/site-packages/airflow/example_dags/example_sla_dag.py
[2026-08-12T04:49:16.822+0000] {processor.py:925} INFO - DAG(s) 'example_sla_dag' retrieved from /home/airflow/.local/lib/python3.12/site-packages/airflow/example_dags/example_sla_dag.py
[2026-08-12T04:49:16.847+0000] {logging_mixin.py:190} INFO - [2026-08-12T04:49:16.847+0000] {dag.py:3211} INFO - Sync 1 DAGs
[2026-08-12T04:49:16.872+0000] {logging_mixin.py:190} INFO - [2026-08-12T04:49:16.872+0000] {dag.py:4138} INFO - Setting next_dagrun for example_sla_dag to 2026-08-12 04:46:00+00:00, run_after=2026-08-12 04:48:00+00:00
[2026-08-12T04:49:16.894+0000] {processor.py:208} INFO - Processing /home/airflow/.local/lib/python3.12/site-packages/airflow/example_dags/example_sla_dag.py took 0.100 seconds
[2026-08-12T04:49:47.461+0000] {processor.py:186} INFO - Started process (PID=2123) to work on /home/airflow/.local/lib/python3.12/site-packages/airflow/example_dags/example_sla_dag.py
[2026-08-12T04:49:47.469+0000] {processor.py:914} INFO - Processing file /home/airflow/.local/lib/python3.12/site-packages/airflow/example_dags/example_sla_dag.py for tasks to queue
[2026-08-12T04:49:47.473+0000] {logging_mixin.py:190} INFO - [2026-08-12T04:49:47.472+0000] {dagbag.py:587} INFO - Filling up the DagBag from /home/airflow/.local/lib/python3.12/site-packages/airflow/example_dags/example_sla_dag.py
[2026-08-12T04:49:47.486+0000] {processor.py:925} INFO - DAG(s) 'example_sla_dag' retrieved from /home/airflow/.local/lib/python3.12/site-packages/airflow/example_dags/example_sla_dag.py
[2026-08-12T04:49:47.507+0000] {logging_mixin.py:190} INFO - [2026-08-12T04:49:47.507+0000] {dag.py:3211} INFO - Sync 1 DAGs
[2026-08-12T04:49:47.530+0000] {logging_mixin.py:190} INFO - [2026-08-12T04:49:47.529+0000] {dag.py:4138} INFO - Setting next_dagrun for example_sla_dag to 2026-08-12 04:46:00+00:00, run_after=2026-08-12 04:48:00+00:00
[2026-08-12T04:49:47.546+0000] {processor.py:208} INFO - Processing /home/airflow/.local/lib/python3.12/site-packages/airflow/example_dags/example_sla_dag.py took 0.092 seconds
[2026-08-12T04:50:18.051+0000] {processor.py:186} INFO - Started process (PID=2187) to work on /home/airflow/.local/lib/python3.12/site-packages/airflow/example_dags/example_sla_dag.py
[2026-08-12T04:50:18.053+0000] {processor.py:914} INFO - Processing file /home/airflow/.local/lib/python3.12/site-packages/airflow/example_dags/example_sla_dag.py for tasks to queue
[2026-08-12T04:50:18.057+0000] {logging_mixin.py:190} INFO - [2026-08-12T04:50:18.057+0000] {dagbag.py:587} INFO - Filling up the DagBag from /home/airflow/.local/lib/python3.12/site-packages/airflow/example_dags/example_sla_dag.py
[2026-08-12T04:50:18.071+0000] {processor.py:925} INFO - DAG(s) 'example_sla_dag' retrieved from /home/airflow/.local/lib/python3.12/site-packages/airflow/example_dags/example_sla_dag.py
[2026-08-12T04:50:18.092+0000] {logging_mixin.py:190} INFO - [2026-08-12T04:50:18.091+0000] {dag.py:3211} INFO - Sync 1 DAGs
[2026-08-12T04:50:18.119+0000] {logging_mixin.py:190} INFO - [2026-08-12T04:50:18.118+0000] {dag.py:4138} INFO - Setting next_dagrun for example_sla_dag to 2026-08-12 04:48:00+00:00, run_after=2026-08-12 04:50:00+00:00
[2026-08-12T04:50:18.141+0000] {processor.py:208} INFO - Processing /home/airflow/.local/lib/python3.12/site-packages/airflow/example_dags/example_sla_dag.py took 0.097 seconds
[2026-08-12T04:50:48.765+0000] {processor.py:186} INFO - Started process (PID=2250) to work on /home/airflow/.local/lib/python3.12/site-packages/airflow/example_dags/example_sla_dag.py
[2026-08-12T04:50:48.766+0000] {processor.py:914} INFO - Processing file /home/airflow/.local/lib/python3.12/site-packages/airflow/example_dags/example_sla_dag.py for tasks to queue
[2026-08-12T04:50:48.769+0000] {logging_mixin.py:190} INFO - [2026-08-12T04:50:48.768+0000] {dagbag.py:587} INFO - Filling up the DagBag from /home/airflow/.local/lib/python3.12/site-packages/airflow/example_dags/example_sla_dag.py
[2026-08-12T04:50:48.780+0000] {processor.py:925} INFO - DAG(s) 'example_sla_dag' retrieved from /home/airflow/.local/lib/python3.12/site-packages/airflow/example_dags/example_sla_dag.py
[2026-08-12T04:50:48.799+0000] {logging_mixin.py:190} INFO - [2026-08-12T04:50:48.799+0000] {dag.py:3211} INFO - Sync 1 DAGs
[2026-08-12T04:50:48.822+0000] {logging_mixin.py:190} INFO - [2026-08-12T04:50:48.822+0000] {dag.py:4138} INFO - Setting next_dagrun for example_sla_dag to 2026-08-12 04:48:00+00:00, run_after=2026-08-12 04:50:00+00:00
[2026-08-12T04:50:48.838+0000] {processor.py:208} INFO - Processing /home/airflow/.local/lib/python3.12/site-packages/airflow/example_dags/example_sla_dag.py took 0.080 seconds
[2026-08-12T04:51:19.414+0000] {processor.py:186} INFO - Started process (PID=2314) to work on /home/airflow/.local/lib/python3.12/site-packages/airflow/example_dags/example_sla_dag.py
[2026-08-12T04:51:19.415+0000] {processor.py:914} INFO - Processing file /home/airflow/.local/lib/python3.12/site-packages/airflow/example_dags/example_sla_dag.py for tasks to queue
[2026-08-12T04:51:19.419+0000] {logging_mixin.py:190} INFO - [2026-08-12T04:51:19.419+0000] {dagbag.py:587} INFO - Filling up the DagBag from /home/airflow/.local/lib/python3.12/site-packages/airflow/example_dags/example_sla_dag.py
[2026-08-12T04:51:19.430+0000] {processor.py:925} INFO - DAG(s) 'example_sla_dag' retrieved from /home/airflow/.local/lib/python3.12/site-packages/airflow/example_dags/example_sla_dag.py
[2026-08-12T04:51:19.452+0000] {logging_mixin.py:190} INFO - [2026-08-12T04:51:19.452+0000] {dag.py:3211} INFO - Sync 1 DAGs
[2026-08-12T04:51:19.478+0000] {logging_mixin.py:190} INFO - [2026-08-12T04:51:19.478+0000] {dag.py:4138} INFO - Setting next_dagrun for example_sla_dag to 2026-08-12 04:48:00+00:00, run_after=2026-08-12 04:50:00+00:00
[2026-08-12T04:51:19.499+0000] {processor.py:208} INFO - Processing /home/airflow/.local/lib/python3.12/site-packages/airflow/example_dags/example_sla_dag.py took 0.091 seconds
[2026-08-12T04:51:50.076+0000] {processor.py:186} INFO - Started process (PID=2377) to work on /home/airflow/.local/lib/python3.12/site-packages/airflow/example_dags/example_sla_dag.py
[2026-08-12T04:51:50.077+0000] {processor.py:914} INFO - Processing file /home/airflow/.local/lib/python3.12/site-packages/airflow/example_dags/example_sla_dag.py for tasks to queue
[2026-08-12T04:51:50.081+0000] {logging_mixin.py:190} INFO - [2026-08-12T04:51:50.080+0000] {dagbag.py:587} INFO - Filling up the DagBag from /home/airflow/.local/lib/python3.12/site-packages/airflow/example_dags/example_sla_dag.py
[2026-08-12T04:51:50.092+0000] {processor.py:925} INFO - DAG(s) 'example_sla_dag' retrieved from /home/airflow/.local/lib/python3.12/site-packages/airflow/example_dags/example_sla_dag.py
[2026-08-12T04:51:50.113+0000] {logging_mixin.py:190} INFO - [2026-08-12T04:51:50.113+0000] {dag.py:3211} INFO - Sync 1 DAGs
[2026-08-12T04:51:50.138+0000] {logging_mixin.py:190} INFO - [2026-08-12T04:51:50.138+0000] {dag.py:4138} INFO - Setting next_dagrun for example_sla_dag to 2026-08-12 04:48:00+00:00, run_after=2026-08-12 04:50:00+00:00
[2026-08-12T04:51:50.158+0000] {processor.py:208} INFO - Processing /home/airflow/.local/lib/python3.12/site-packages/airflow/example_dags/example_sla_dag.py took 0.088 seconds
[2026-08-12T04:52:21.079+0000] {processor.py:186} INFO - Started process (PID=2440) to work on /home/airflow/.local/lib/python3.12/site-packages/airflow/example_dags/example_sla_dag.py
[2026-08-12T04:52:21.081+0000] {processor.py:914} INFO - Processing file /home/airflow/.local/lib/python3.12/site-packages/airflow/example_dags/example_sla_dag.py for tasks to queue
[2026-08-12T04:52:21.086+0000] {logging_mixin.py:190} INFO - [2026-08-12T04:52:21.084+0000] {dagbag.py:587} INFO - Filling up the DagBag from /home/airflow/.local/lib/python3.12/site-packages/airflow/example_dags/example_sla_dag.py
[2026-08-12T04:52:21.100+0000] {processor.py:925} INFO - DAG(s) 'example_sla_dag' retrieved from /home/airflow/.local/lib/python3.12/site-packages/airflow/example_dags/example_sla_dag.py
[2026-08-12T04:52:21.140+0000] {logging_mixin.py:190} INFO - [2026-08-12T04:52:21.140+0000] {dag.py:3211} INFO - Sync 1 DAGs
[2026-08-12T04:52:21.172+0000] {logging_mixin.py:190} INFO - [2026-08-12T04:52:21.172+0000] {dag.py:4138} INFO - Setting next_dagrun for example_sla_dag to 2026-08-12 04:50:00+00:00, run_after=2026-08-12 04:52:00+00:00
[2026-08-12T04:52:21.193+0000] {processor.py:208} INFO - Processing /home/airflow/.local/lib/python3.12/site-packages/airflow/example_dags/example_sla_dag.py took 0.121 seconds
[2026-08-12T04:52:51.414+0000] {processor.py:186} INFO - Started process (PID=2503) to work on /home/airflow/.local/lib/python3.12/site-packages/airflow/example_dags/example_sla_dag.py
[2026-08-12T04:52:51.416+0000] {processor.py:914} INFO - Processing file /home/airflow/.local/lib/python3.12/site-packages/airflow/example_dags/example_sla_dag.py for tasks to queue
[2026-08-12T04:52:51.419+0000] {logging_mixin.py:190} INFO - [2026-08-12T04:52:51.419+0000] {dagbag.py:587} INFO - Filling up the DagBag from /home/airflow/.local/lib/python3.12/site-packages/airflow/example_dags/example_sla_dag.py
[2026-08-12T04:52:51.432+0000] {processor.py:925} INFO - DAG(s) 'example_sla_dag' retrieved from /home/airflow/.local/lib/python3.12/site-packages/airflow/example_dags/example_sla_dag.py
[2026-08-12T04:52:51.456+0000] {logging_mixin.py:190} INFO - [2026-08-12T04:52:51.456+0000] {dag.py:3211} INFO - Sync 1 DAGs
[2026-08-12T04:52:51.497+0000] {logging_mixin.py:190} INFO - [2026-08-12T04:52:51.496+0000] {dag.py:4138} INFO - Setting next_dagrun for example_sla_dag to 2026-08-12 04:50:00+00:00, run_after=2026-08-12 04:52:00+00:00
[2026-08-12T04:52:51.521+0000] {processor.py:208} INFO - Processing /home/airflow/.local/lib/python3.12/site-packages/airflow/example_dags/example_sla_dag.py took 0.114 seconds
[2026-08-12T04:53:22.406+0000] {processor.py:186} INFO - Started process (PID=2566) to work on /home/airflow/.local/lib/python3.12/site-packages/airflow/example_dags/example_sla_dag.py
[2026-08-12T04:53:22.408+0000] {processor.py:914} INFO - Processing file /home/airflow/.local/lib/python3.12/site-packages/airflow/example_dags/example_sla_dag.py for tasks to queue
[2026-08-12T04:53:22.412+0000] {logging_mixin.py:190} INFO - [2026-08-12T04:53:22.412+0000] {dagbag.py:587} INFO - Filling up the DagBag from /home/airflow/.local/lib/python3.12/site-packages/airflow/example_dags/example_sla_dag.py
[2026-08-12T04:53:22.425+0000] {processor.py:925} INFO - DAG(s) 'example_sla_dag' retrieved from /home/airflow/.local/lib/python3.12/site-packages/airflow/example_dags/example_sla_dag.py
[2026-08-12T04:53:22.461+0000] {logging_mixin.py:190} INFO - [2026-08-12T04:53:22.461+0000] {dag.py:3211} INFO - Sync 1 DAGs
[2026-08-12T04:53:22.482+0000] {logging_mixin.py:190} INFO - [2026-08-12T04:53:22.482+0000] {dag.py:4138} INFO - Setting next_dagrun for example_sla_dag to 2026-08-12 04:50:00+00:00, run_after=2026-08-12 04:52:00+00:00
[2026-08-12T04:53:22.500+0000] {processor.py:208} INFO - Processing /home/airflow/.local/lib/python3.12/site-packages/airflow/example_dags/example_sla_dag.py took 0.100 seconds
[2026-08-12T04:53:53.123+0000] {processor.py:186} INFO - Started process (PID=2629) to work on /home/airflow/.local/lib/python3.12/site-packages/airflow/example_dags/example_sla_dag.py
[2026-08-12T04:53:53.125+0000] {processor.py:914} INFO - Processing file /home/airflow/.local/lib/python3.12/site-packages/airflow/example_dags/example_sla_dag.py for tasks to queue
[2026-08-12T04:53:53.129+0000] {logging_mixin.py:190} INFO - [2026-08-12T04:53:53.128+0000] {dagbag.py:587} INFO - Filling up the DagBag from /home/airflow/.local/lib/python3.12/site-packages/airflow/example_dags/example_sla_dag.py
[2026-08-12T04:53:53.143+0000] {processor.py:925} INFO - DAG(s) 'example_sla_dag' retrieved from /home/airflow/.local/lib/python3.12/site-packages/airflow/example_dags/example_sla_dag.py
[2026-08-12T04:53:53.168+0000] {logging_mixin.py:190} INFO - [2026-08-12T04:53:53.167+0000] {dag.py:3211} INFO - Sync 1 DAGs
[2026-08-12T04:53:53.197+0000] {logging_mixin.py:190} INFO - [2026-08-12T04:53:53.197+0000] {dag.py:4138} INFO - Setting next_dagrun for example_sla_dag to 2026-08-12 04:50:00+00:00, run_after=2026-08-12 04:52:00+00:00
[2026-08-12T04:53:53.222+0000] {processor.py:208} INFO - Processing /home/airflow/.local/lib/python3.12/site-packages/airflow/example_dags/example_sla_dag.py took 0.107 seconds
[2026-08-12T04:54:23.939+0000] {processor.py:186} INFO - Started process (PID=2692) to work on /home/airflow/.local/lib/python3.12/site-packages/airflow/example_dags/example_sla_dag.py
[2026-08-12T04:54:23.941+0000] {processor.py:914} INFO - Processing file /home/airflow/.local/lib/python3.12/site-packages/airflow/example_dags/example_sla_dag.py for tasks to queue
[2026-08-12T04:54:23.944+0000] {logging_mixin.py:190} INFO - [2026-08-12T04:54:23.944+0000] {dagbag.py:587} INFO - Filling up the DagBag from /home/airflow/.local/lib/python3.12/site-packages/airflow/example_dags/example_sla_dag.py
[2026-08-12T04:54:23.956+0000] {processor.py:925} INFO - DAG(s) 'example_sla_dag' retrieved from /home/airflow/.local/lib/python3.12/site-packages/airflow/example_dags/example_sla_dag.py
[2026-08-12T04:54:23.977+0000] {logging_mixin.py:190} INFO - [2026-08-12T04:54:23.977+0000] {dag.py:3211} INFO - Sync 1 DAGs
[2026-08-12T04:54:24.012+0000] {logging_mixin.py:190} INFO - [2026-08-12T04:54:24.012+0000] {dag.py:4138} INFO - Setting next_dagrun for example_sla_dag to 2026-08-12 04:52:00+00:00, run_after=2026-08-12 04:54:00+00:00
[2026-08-12T04:54:24.038+0000] {processor.py:208} INFO - Processing /home/airflow/.local/lib/python3.12/site-packages/airflow/example_dags/example_sla_dag.py took 0.105 seconds
[2026-08-12T04:54:54.592+0000] {processor.py:186} INFO - Started process (PID=2755) to work on /home/airflow/.local/lib/python3.12/site-packages/airflow/example_dags/example_sla_dag.py
[2026-08-12T04:54:54.594+0000] {processor.py:914} INFO - Processing file /home/airflow/.local/lib/python3.12/site-packages/airflow/example_dags/example_sla_dag.py for tasks to queue
[2026-08-12T04:54:54.598+0000] {logging_mixin.py:190} INFO - [2026-08-12T04:54:54.597+0000] {dagbag.py:587} INFO - Filling up the DagBag from /home/airflow/.local/lib/python3.12/site-packages/airflow/example_dags/example_sla_dag.py
[2026-08-12T04:54:54.609+0000] {processor.py:925} INFO - DAG(s) 'example_sla_dag' retrieved from /home/airflow/.local/lib/python3.12/site-packages/airflow/example_dags/example_sla_dag.py
[2026-08-12T04:54:54.634+0000] {logging_mixin.py:190} INFO - [2026-08-12T04:54:54.633+0000] {dag.py:3211} INFO - Sync 1 DAGs
[2026-08-12T04:54:54.662+0000] {logging_mixin.py:190} INFO - [2026-08-12T04:54:54.662+0000] {dag.py:4138} INFO - Setting next_dagrun for example_sla_dag to 2026-08-12 04:52:00+00:00, run_after=2026-08-12 04:54:00+00:00
[2026-08-12T04:54:54.685+0000] {processor.py:208} INFO - Processing /home/airflow/.local/lib/python3.12/site-packages/airflow/example_dags/example_sla_dag.py took 0.099 seconds
[2026-08-12T04:55:25.251+0000] {processor.py:186} INFO - Started process (PID=2818) to work on /home/airflow/.local/lib/python3.12/site-packages/airflow/example_dags/example_sla_dag.py
[2026-08-12T04:55:25.252+0000] {processor.py:914} INFO - Processing file /home/airflow/.local/lib/python3.12/site-packages/airflow/example_dags/example_sla_dag.py for tasks to queue
[2026-08-12T04:55:25.256+0000] {logging_mixin.py:190} INFO - [2026-08-12T04:55:25.255+0000] {dagbag.py:587} INFO - Filling up the DagBag from /home/airflow/.local/lib/python3.12/site-packages/airflow/example_dags/example_sla_dag.py
[2026-08-12T04:55:25.267+0000] {processor.py:925} INFO - DAG(s) 'example_sla_dag' retrieved from /home/airflow/.local/lib/python3.12/site-packages/airflow/example_dags/example_sla_dag.py
[2026-08-12T04:55:25.290+0000] {logging_mixin.py:190} INFO - [2026-08-12T04:55:25.290+0000] {dag.py:3211} INFO - Sync 1 DAGs
[2026-08-12T04:55:25.316+0000] {logging_mixin.py:190} INFO - [2026-08-12T04:55:25.315+0000] {dag.py:4138} INFO - Setting next_dagrun for example_sla_dag to 2026-08-12 04:52:00+00:00, run_after=2026-08-12 04:54:00+00:00
[2026-08-12T04:55:25.336+0000] {processor.py:208} INFO - Processing /home/airflow/.local/lib/python3.12/site-packages/airflow/example_dags/example_sla_dag.py took 0.092 seconds
[2026-08-12T04:55:56.055+0000] {processor.py:186} INFO - Started process (PID=2881) to work on /home/airflow/.local/lib/python3.12/site-packages/airflow/example_dags/example_sla_dag.py
[2026-08-12T04:55:56.057+0000] {processor.py:914} INFO - Processing file /home/airflow/.local/lib/python3.12/site-packages/airflow/example_dags/example_sla_dag.py for tasks to queue
[2026-08-12T04:55:56.059+0000] {logging_mixin.py:190} INFO - [2026-08-12T04:55:56.059+0000] {dagbag.py:587} INFO - Filling up the DagBag from /home/airflow/.local/lib/python3.12/site-packages/airflow/example_dags/example_sla_dag.py
[2026-08-12T04:55:56.069+0000] {processor.py:925} INFO - DAG(s) 'example_sla_dag' retrieved from /home/airflow/.local/lib/python3.12/site-packages/airflow/example_dags/example_sla_dag.py
[2026-08-12T04:55:56.089+0000] {logging_mixin.py:190} INFO - [2026-08-12T04:55:56.089+0000] {dag.py:3211} INFO - Sync 1 DAGs
[2026-08-12T04:55:56.112+0000] {logging_mixin.py:190} INFO - [2026-08-12T04:55:56.112+0000] {dag.py:4138} INFO - Setting next_dagrun for example_sla_dag to 2026-08-12 04:52:00+00:00, run_after=2026-08-12 04:54:00+00:00
[2026-08-12T04:55:56.131+0000] {processor.py:208} INFO - Processing /home/airflow/.local/lib/python3.12/site-packages/airflow/example_dags/example_sla_dag.py took 0.081 seconds
[2026-08-12T04:56:26.660+0000] {processor.py:186} INFO - Started process (PID=2944) to work on /home/airflow/.local/lib/python3.12/site-packages/airflow/example_dags/example_sla_dag.py
[2026-08-12T04:56:26.662+0000] {processor.py:914} INFO - Processing file /home/airflow/.local/lib/python3.12/site-packages/airflow/example_dags/example_sla_dag.py for tasks to queue
[2026-08-12T04:56:26.664+0000] {logging_mixin.py:190} INFO - [2026-08-12T04:56:26.664+0000] {dagbag.py:587} INFO - Filling up the DagBag from /home/airflow/.local/lib/python3.12/site-packages/airflow/example_dags/example_sla_dag.py
[2026-08-12T04:56:26.674+0000] {processor.py:925} INFO - DAG(s) 'example_sla_dag' retrieved from /home/airflow/.local/lib/python3.12/site-packages/airflow/example_dags/example_sla_dag.py
[2026-08-12T04:56:26.696+0000] {logging_mixin.py:190} INFO - [2026-08-12T04:56:26.696+0000] {dag.py:3211} INFO - Sync 1 DAGs
[2026-08-12T04:56:26.721+0000] {logging_mixin.py:190} INFO - [2026-08-12T04:56:26.720+0000] {dag.py:4138} INFO - Setting next_dagrun for example_sla_dag to 2026-08-12 04:54:00+00:00, run_after=2026-08-12 04:56:00+00:00
[2026-08-12T04:56:26.744+0000] {processor.py:208} INFO - Processing /home/airflow/.local/lib/python3.12/site-packages/airflow/example_dags/example_sla_dag.py took 0.089 seconds
[2026-08-12T04:56:57.627+0000] {processor.py:186} INFO - Started process (PID=3007) to work on /home/airflow/.local/lib/python3.12/site-packages/airflow/example_dags/example_sla_dag.py
[2026-08-12T04:56:57.628+0000] {processor.py:914} INFO - Processing file /home/airflow/.local/lib/python3.12/site-packages/airflow/example_dags/example_sla_dag.py for tasks to queue
[2026-08-12T04:56:57.631+0000] {logging_mixin.py:190} INFO - [2026-08-12T04:56:57.630+0000] {dagbag.py:587} INFO - Filling up the DagBag from /home/airflow/.local/lib/python3.12/site-packages/airflow/example_dags/example_sla_dag.py
[2026-08-12T04:56:57.640+0000] {processor.py:925} INFO - DAG(s) 'example_sla_dag' retrieved from /home/airflow/.local/lib/python3.12/site-packages/airflow/example_dags/example_sla_dag.py
[2026-08-12T04:56:57.661+0000] {logging_mixin.py:190} INFO - [2026-08-12T04:56:57.660+0000] {dag.py:3211} INFO - Sync 1 DAGs
[2026-08-12T04:56:57.685+0000] {logging_mixin.py:190} INFO - [2026-08-12T04:56:57.685+0000] {dag.py:4138} INFO - Setting next_dagrun for example_sla_dag to 2026-08-12 04:54:00+00:00, run_after=2026-08-12 04:56:00+00:00
[2026-08-12T04:56:57.708+0000] {processor.py:208} INFO - Processing /home/airflow/.local/lib/python3.12/site-packages/airflow/example_dags/example_sla_dag.py took 0.086 seconds
[2026-08-12T04:57:28.370+0000] {processor.py:186} INFO - Started process (PID=3070) to work on /home/airflow/.local/lib/python3.12/site-packages/airflow/example_dags/example_sla_dag.py
[2026-08-12T04:57:28.372+0000] {processor.py:914} INFO - Processing file /home/airflow/.local/lib/python3.12/site-packages/airflow/example_dags/example_sla_dag.py for tasks to queue
[2026-08-12T04:57:28.375+0000] {logging_mixin.py:190} INFO - [2026-08-12T04:57:28.375+0000] {dagbag.py:587} INFO - Filling up the DagBag from /home/airflow/.local/lib/python3.12/site-packages/airflow/example_dags/example_sla_dag.py
[2026-08-12T04:57:28.390+0000] {processor.py:925} INFO - DAG(s) 'example_sla_dag' retrieved from /home/airflow/.local/lib/python3.12/site-packages/airflow/example_dags/example_sla_dag.py
[2026-08-12T04:57:28.413+0000] {logging_mixin.py:190} INFO - [2026-08-12T04:57:28.412+0000] {dag.py:3211} INFO - Sync 1 DAGs
[2026-08-12T04:57:28.437+0000] {logging_mixin.py:190} INFO - [2026-08-12T04:57:28.437+0000] {dag.py:4138} INFO - Setting next_dagrun for example_sla_dag to 2026-08-12 04:54:00+00:00, run_after=2026-08-12 04:56:00+00:00
[2026-08-12T04:57:28.456+0000] {processor.py:208} INFO - Processing /home/airflow/.local/lib/python3.12/site-packages/airflow/example_dags/example_sla_dag.py took 0.093 seconds
[2026-08-12T04:57:59.163+0000] {processor.py:186} INFO - Started process (PID=3133) to work on /home/airflow/.local/lib/python3.12/site-packages/airflow/example_dags/example_sla_dag.py
[2026-08-12T04:57:59.164+0000] {processor.py:914} INFO - Processing file /home/airflow/.local/lib/python3.12/site-packages/airflow/example_dags/example_sla_dag.py for tasks to queue
[2026-08-12T04:57:59.168+0000] {logging_mixin.py:190} INFO - [2026-08-12T04:57:59.167+0000] {dagbag.py:587} INFO - Filling up the DagBag from /home/airflow/.local/lib/python3.12/site-packages/airflow/example_dags/example_sla_dag.py
[2026-08-12T04:57:59.182+0000] {processor.py:925} INFO - DAG(s) 'example_sla_dag' retrieved from /home/airflow/.local/lib/python3.12/site-packages/airflow/example_dags/example_sla_dag.py
[2026-08-12T04:57:59.206+0000] {logging_mixin.py:190} INFO - [2026-08-12T04:57:59.206+0000] {dag.py:3211} INFO - Sync 1 DAGs
[2026-08-12T04:57:59.235+0000] {logging_mixin.py:190} INFO - [2026-08-12T04:57:59.235+0000] {dag.py:4138} INFO - Setting next_dagrun for example_sla_dag to 2026-08-12 04:54:00+00:00, run_after=2026-08-12 04:56:00+00:00
[2026-08-12T04:57:59.262+0000] {processor.py:208} INFO - Processing /home/airflow/.local/lib/python3.12/site-packages/airflow/example_dags/example_sla_dag.py took 0.106 seconds
[2026-08-12T04:58:29.701+0000] {processor.py:186} INFO - Started process (PID=3196) to work on /home/airflow/.local/lib/python3.12/site-packages/airflow/example_dags/example_sla_dag.py
[2026-08-12T04:58:29.702+0000] {processor.py:914} INFO - Processing file /home/airflow/.local/lib/python3.12/site-packages/airflow/example_dags/example_sla_dag.py for tasks to queue
[2026-08-12T04:58:29.705+0000] {logging_mixin.py:190} INFO - [2026-08-12T04:58:29.705+0000] {dagbag.py:587} INFO - Filling up the DagBag from /home/airflow/.local/lib/python3.12/site-packages/airflow/example_dags/example_sla_dag.py
[2026-08-12T04:58:29.716+0000] {processor.py:925} INFO - DAG(s) 'example_sla_dag' retrieved from /home/airflow/.local/lib/python3.12/site-packages/airflow/example_dags/example_sla_dag.py
[2026-08-12T04:58:29.738+0000] {logging_mixin.py:190} INFO - [2026-08-12T04:58:29.738+0000] {dag.py:3211} INFO - Sync 1 DAGs
[2026-08-12T04:58:29.769+0000] {logging_mixin.py:190} INFO - [2026-08-12T04:58:29.769+0000] {dag.py:4138} INFO - Setting next_dagrun for example_sla_dag to 2026-08-12 04:56:00+00:00, run_after=2026-08-12 04:58:00+00:00
[2026-08-12T04:58:29.791+0000] {processor.py:208} INFO - Processing /home/airflow/.local/lib/python3.12/site-packages/airflow/example_dags/example_sla_dag.py took 0.096 seconds
[2026-08-12T04:59:00.729+0000] {processor.py:186} INFO - Started process (PID=3259) to work on /home/airflow/.local/lib/python3.12/site-packages/airflow/example_dags/example_sla_dag.py
[2026-08-12T04:59:00.731+0000] {processor.py:914} INFO - Processing file /home/airflow/.local/lib/python3.12/site-packages/airflow/example_dags/example_sla_dag.py for tasks to queue
[2026-08-12T04:59:00.736+0000] {logging_mixin.py:190} INFO - [2026-08-12T04:59:00.735+0000] {dagbag.py:587} INFO - Filling up the DagBag from /home/airflow/.local/lib/python3.12/site-packages/airflow/example_dags/example_sla_dag.py
[2026-08-12T04:59:00.747+0000] {processor.py:925} INFO - DAG(s) 'example_sla_dag' retrieved from /home/airflow/.local/lib/python3.12/site-packages/airflow/example_dags/example_sla_dag.py
[2026-08-12T04:59:00.776+0000] {logging_mixin.py:190} INFO - [2026-08-12T04:59:00.776+0000] {dag.py:3211} INFO - Sync 1 DAGs
[2026-08-12T04:59:01.002+0000] {logging_mixin.py:190} INFO - [2026-08-12T04:59:01.001+0000] {dag.py:4138} INFO - Setting next_dagrun for example_sla_dag to 2026-08-12 04:56:00+00:00, run_after=2026-08-12 04:58:00+00:00
[2026-08-12T04:59:01.023+0000] {processor.py:208} INFO - Processing /home/airflow/.local/lib/python3.12/site-packages/airflow/example_dags/example_sla_dag.py took 0.304 seconds
[2026-08-12T04:59:31.767+0000] {processor.py:186} INFO - Started process (PID=3322) to work on /home/airflow/.local/lib/python3.12/site-packages/airflow/example_dags/example_sla_dag.py
[2026-08-12T04:59:31.769+0000] {processor.py:914} INFO - Processing file /home/airflow/.local/lib/python3.12/site-packages/airflow/example_dags/example_sla_dag.py for tasks to queue
[2026-08-12T04:59:31.773+0000] {logging_mixin.py:190} INFO - [2026-08-12T04:59:31.772+0000] {dagbag.py:587} INFO - Filling up the DagBag from /home/airflow/.local/lib/python3.12/site-packages/airflow/example_dags/example_sla_dag.py
[2026-08-12T04:59:31.785+0000] {processor.py:925} INFO - DAG(s) 'example_sla_dag' retrieved from /home/airflow/.local/lib/python3.12/site-packages/airflow/example_dags/example_sla_dag.py
[2026-08-12T04:59:31.811+0000] {logging_mixin.py:190} INFO - [2026-08-12T04:59:31.811+0000] {dag.py:3211} INFO - Sync 1 DAGs
[2026-08-12T04:59:32.072+0000] {logging_mixin.py:190} INFO - [2026-08-12T04:59:32.072+0000] {dag.py:4138} INFO - Setting next_dagrun for example_sla_dag to 2026-08-12 04:56:00+00:00, run_after=2026-08-12 04:58:00+00:00
[2026-08-12T04:59:32.092+0000] {processor.py:208} INFO - Processing /home/airflow/.local/lib/python3.12/site-packages/airflow/example_dags/example_sla_dag.py took 0.331 seconds
[2026-08-12T05:00:02.371+0000] {processor.py:186} INFO - Started process (PID=3385) to work on /home/airflow/.local/lib/python3.12/site-packages/airflow/example_dags/example_sla_dag.py
[2026-08-12T05:00:02.373+0000] {processor.py:914} INFO - Processing file /home/airflow/.local/lib/python3.12/site-packages/airflow/example_dags/example_sla_dag.py for tasks to queue
[2026-08-12T05:00:02.376+0000] {logging_mixin.py:190} INFO - [2026-08-12T05:00:02.376+0000] {dagbag.py:587} INFO - Filling up the DagBag from /home/airflow/.local/lib/python3.12/site-packages/airflow/example_dags/example_sla_dag.py
[2026-08-12T05:00:02.391+0000] {processor.py:925} INFO - DAG(s) 'example_sla_dag' retrieved from /home/airflow/.local/lib/python3.12/site-packages/airflow/example_dags/example_sla_dag.py
[2026-08-12T05:00:02.412+0000] {logging_mixin.py:190} INFO - [2026-08-12T05:00:02.412+0000] {dag.py:3211} INFO - Sync 1 DAGs
[2026-08-12T05:00:02.441+0000] {logging_mixin.py:190} INFO - [2026-08-12T05:00:02.441+0000] {dag.py:4138} INFO - Setting next_dagrun for example_sla_dag to 2026-08-12 04:58:00+00:00, run_after=2026-08-12 05:00:00+00:00
[2026-08-12T05:00:02.462+0000] {processor.py:208} INFO - Processing /home/airflow/.local/lib/python3.12/site-packages/airflow/example_dags/example_sla_dag.py took 0.097 seconds
[2026-08-12T05:00:32.943+0000] {processor.py:186} INFO - Started process (PID=3448) to work on /home/airflow/.local/lib/python3.12/site-packages/airflow/example_dags/example_sla_dag.py
[2026-08-12T05:00:32.945+0000] {processor.py:914} INFO - Processing file /home/airflow/.local/lib/python3.12/site-packages/airflow/example_dags/example_sla_dag.py for tasks to queue
[2026-08-12T05:00:32.948+0000] {logging_mixin.py:190} INFO - [2026-08-12T05:00:32.947+0000] {dagbag.py:587} INFO - Filling up the DagBag from /home/airflow/.local/lib/python3.12/site-packages/airflow/example_dags/example_sla_dag.py
[2026-08-12T05:00:32.958+0000] {processor.py:925} INFO - DAG(s) 'example_sla_dag' retrieved from /home/airflow/.local/lib/python3.12/site-packages/airflow/example_dags/example_sla_dag.py
[2026-08-12T05:00:32.978+0000] {logging_mixin.py:190} INFO - [2026-08-12T05:00:32.978+0000] {dag.py:3211} INFO - Sync 1 DAGs
[2026-08-12T05:00:33.003+0000] {logging_mixin.py:190} INFO - [2026-08-12T05:00:33.003+0000] {dag.py:4138} INFO - Setting next_dagrun for example_sla_dag to 2026-08-12 04:58:00+00:00, run_after=2026-08-12 05:00:00+00:00
[2026-08-12T05:00:33.023+0000] {processor.py:208} INFO - Processing /home/airflow/.local/lib/python3.12/site-packages/airflow/example_dags/example_sla_dag.py took 0.085 seconds
[2026-08-12T05:01:03.107+0000] {processor.py:186} INFO - Started process (PID=3511) to work on /home/airflow/.local/lib/python3.12/site-packages/airflow/example_dags/example_sla_dag.py
[2026-08-12T05:01:03.109+0000] {processor.py:914} INFO - Processing file /home/airflow/.local/lib/python3.12/site-packages/airflow/example_dags/example_sla_dag.py for tasks to queue
[2026-08-12T05:01:03.112+0000] {logging_mixin.py:190} INFO - [2026-08-12T05:01:03.111+0000] {dagbag.py:587} INFO - Filling up the DagBag from /home/airflow/.local/lib/python3.12/site-packages/airflow/example_dags/example_sla_dag.py
[2026-08-12T05:01:03.123+0000] {processor.py:925} INFO - DAG(s) 'example_sla_dag' retrieved from /home/airflow/.local/lib/python3.12/site-packages/airflow/example_dags/example_sla_dag.py
[2026-08-12T05:01:03.143+0000] {logging_mixin.py:190} INFO - [2026-08-12T05:01:03.143+0000] {dag.py:3211} INFO - Sync 1 DAGs
[2026-08-12T05:01:03.166+0000] {logging_mixin.py:190} INFO - [2026-08-12T05:01:03.166+0000] {dag.py:4138} INFO - Setting next_dagrun for example_sla_dag to 2026-08-12 04:58:00+00:00, run_after=2026-08-12 05:00:00+00:00
[2026-08-12T05:01:03.192+0000] {processor.py:208} INFO - Processing /home/airflow/.local/lib/python3.12/site-packages/airflow/example_dags/example_sla_dag.py took 0.091 seconds
[2026-08-12T05:01:33.812+0000] {processor.py:186} INFO - Started process (PID=3580) to work on /home/airflow/.local/lib/python3.12/site-packages/airflow/example_dags/example_sla_dag.py
[2026-08-12T05:01:33.814+0000] {processor.py:914} INFO - Processing file /home/airflow/.local/lib/python3.12/site-packages/airflow/example_dags/example_sla_dag.py for tasks to queue
[2026-08-12T05:01:33.817+0000] {logging_mixin.py:190} INFO - [2026-08-12T05:01:33.816+0000] {dagbag.py:587} INFO - Filling up the DagBag from /home/airflow/.local/lib/python3.12/site-packages/airflow/example_dags/example_sla_dag.py
[2026-08-12T05:01:33.827+0000] {processor.py:925} INFO - DAG(s) 'example_sla_dag' retrieved from /home/airflow/.local/lib/python3.12/site-packages/airflow/example_dags/example_sla_dag.py
[2026-08-12T05:01:33.846+0000] {logging_mixin.py:190} INFO - [2026-08-12T05:01:33.845+0000] {dag.py:3211} INFO - Sync 1 DAGs
[2026-08-12T05:01:33.874+0000] {logging_mixin.py:190} INFO - [2026-08-12T05:01:33.874+0000] {dag.py:4138} INFO - Setting next_dagrun for example_sla_dag to 2026-08-12 04:58:00+00:00, run_after=2026-08-12 05:00:00+00:00
[2026-08-12T05:01:33.893+0000] {processor.py:208} INFO - Processing /home/airflow/.local/lib/python3.12/site-packages/airflow/example_dags/example_sla_dag.py took 0.089 seconds
[2026-08-12T05:02:04.503+0000] {processor.py:186} INFO - Started process (PID=3643) to work on /home/airflow/.local/lib/python3.12/site-packages/airflow/example_dags/example_sla_dag.py
[2026-08-12T05:02:04.505+0000] {processor.py:914} INFO - Processing file /home/airflow/.local/lib/python3.12/site-packages/airflow/example_dags/example_sla_dag.py for tasks to queue
[2026-08-12T05:02:04.508+0000] {logging_mixin.py:190} INFO - [2026-08-12T05:02:04.507+0000] {dagbag.py:587} INFO - Filling up the DagBag from /home/airflow/.local/lib/python3.12/site-packages/airflow/example_dags/example_sla_dag.py
[2026-08-12T05:02:04.521+0000] {processor.py:925} INFO - DAG(s) 'example_sla_dag' retrieved from /home/airflow/.local/lib/python3.12/site-packages/airflow/example_dags/example_sla_dag.py
[2026-08-12T05:02:04.550+0000] {logging_mixin.py:190} INFO - [2026-08-12T05:02:04.549+0000] {dag.py:3211} INFO - Sync 1 DAGs
[2026-08-12T05:02:04.581+0000] {logging_mixin.py:190} INFO - [2026-08-12T05:02:04.581+0000] {dag.py:4138} INFO - Setting next_dagrun for example_sla_dag to 2026-08-12 05:00:00+00:00, run_after=2026-08-12 05:02:00+00:00
[2026-08-12T05:02:04.612+0000] {processor.py:208} INFO - Processing /home/airflow/.local/lib/python3.12/site-packages/airflow/example_dags/example_sla_dag.py took 0.116 seconds
[2026-08-12T05:02:35.135+0000] {processor.py:186} INFO - Started process (PID=3706) to work on /home/airflow/.local/lib/python3.12/site-packages/airflow/example_dags/example_sla_dag.py
[2026-08-12T05:02:35.136+0000] {processor.py:914} INFO - Processing file /home/airflow/.local/lib/python3.12/site-packages/airflow/example_dags/example_sla_dag.py for tasks to queue
[2026-08-12T05:02:35.139+0000] {logging_mixin.py:190} INFO - [2026-08-12T05:02:35.139+0000] {dagbag.py:587} INFO - Filling up the DagBag from /home/airflow/.local/lib/python3.12/site-packages/airflow/example_dags/example_sla_dag.py
[2026-08-12T05:02:35.150+0000] {processor.py:925} INFO - DAG(s) 'example_sla_dag' retrieved from /home/airflow/.local/lib/python3.12/site-packages/airflow/example_dags/example_sla_dag.py
[2026-08-12T05:02:35.172+0000] {logging_mixin.py:190} INFO - [2026-08-12T05:02:35.172+0000] {dag.py:3211} INFO - Sync 1 DAGs
[2026-08-12T05:02:35.198+0000] {logging_mixin.py:190} INFO - [2026-08-12T05:02:35.198+0000] {dag.py:4138} INFO - Setting next_dagrun for example_sla_dag to 2026-08-12 05:00:00+00:00, run_after=2026-08-12 05:02:00+00:00
[2026-08-12T05:02:35.221+0000] {processor.py:208} INFO - Processing /home/airflow/.local/lib/python3.12/site-packages/airflow/example_dags/example_sla_dag.py took 0.093 seconds
[2026-08-12T05:03:05.668+0000] {processor.py:186} INFO - Started process (PID=3769) to work on /home/airflow/.local/lib/python3.12/site-packages/airflow/example_dags/example_sla_dag.py
[2026-08-12T05:03:05.670+0000] {processor.py:914} INFO - Processing file /home/airflow/.local/lib/python3.12/site-packages/airflow/example_dags/example_sla_dag.py for tasks to queue
[2026-08-12T05:03:05.674+0000] {logging_mixin.py:190} INFO - [2026-08-12T05:03:05.673+0000] {dagbag.py:587} INFO - Filling up the DagBag from /home/airflow/.local/lib/python3.12/site-packages/airflow/example_dags/example_sla_dag.py
[2026-08-12T05:03:05.687+0000] {processor.py:925} INFO - DAG(s) 'example_sla_dag' retrieved from /home/airflow/.local/lib/python3.12/site-packages/airflow/example_dags/example_sla_dag.py
[2026-08-12T05:03:05.712+0000] {logging_mixin.py:190} INFO - [2026-08-12T05:03:05.712+0000] {dag.py:3211} INFO - Sync 1 DAGs
[2026-08-12T05:03:05.746+0000] {logging_mixin.py:190} INFO - [2026-08-12T05:03:05.746+0000] {dag.py:4138} INFO - Setting next_dagrun for example_sla_dag to 2026-08-12 05:00:00+00:00, run_after=2026-08-12 05:02:00+00:00
[2026-08-12T05:03:05.771+0000] {processor.py:208} INFO - Processing /home/airflow/.local/lib/python3.12/site-packages/airflow/example_dags/example_sla_dag.py took 0.110 seconds
[2026-08-12T05:03:36.006+0000] {processor.py:186} INFO - Started process (PID=3832) to work on /home/airflow/.local/lib/python3.12/site-packages/airflow/example_dags/example_sla_dag.py
[2026-08-12T05:03:36.008+0000] {processor.py:914} INFO - Processing file /home/airflow/.local/lib/python3.12/site-packages/airflow/example_dags/example_sla_dag.py for tasks to queue
[2026-08-12T05:03:36.010+0000] {logging_mixin.py:190} INFO - [2026-08-12T05:03:36.010+0000] {dagbag.py:587} INFO - Filling up the DagBag from /home/airflow/.local/lib/python3.12/site-packages/airflow/example_dags/example_sla_dag.py
[2026-08-12T05:03:36.020+0000] {processor.py:925} INFO - DAG(s) 'example_sla_dag' retrieved from /home/airflow/.local/lib/python3.12/site-packages/airflow/example_dags/example_sla_dag.py
[2026-08-12T05:03:36.038+0000] {logging_mixin.py:190} INFO - [2026-08-12T05:03:36.038+0000] {dag.py:3211} INFO - Sync 1 DAGs
[2026-08-12T05:03:36.060+0000] {logging_mixin.py:190} INFO - [2026-08-12T05:03:36.060+0000] {dag.py:4138} INFO - Setting next_dagrun for example_sla_dag to 2026-08-12 05:00:00+00:00, run_after=2026-08-12 05:02:00+00:00
[2026-08-12T05:03:36.077+0000] {processor.py:208} INFO - Processing /home/airflow/.local/lib/python3.12/site-packages/airflow/example_dags/example_sla_dag.py took 0.076 seconds
[2026-08-12T05:04:06.448+0000] {processor.py:186} INFO - Started process (PID=3896) to work on /home/airflow/.local/lib/python3.12/site-packages/airflow/example_dags/example_sla_dag.py
[2026-08-12T05:04:06.450+0000] {processor.py:914} INFO - Processing file /home/airflow/.local/lib/python3.12/site-packages/airflow/example_dags/example_sla_dag.py for tasks to queue
[2026-08-12T05:04:06.453+0000] {logging_mixin.py:190} INFO - [2026-08-12T05:04:06.452+0000] {dagbag.py:587} INFO - Filling up the DagBag from /home/airflow/.local/lib/python3.12/site-packages/airflow/example_dags/example_sla_dag.py
[2026-08-12T05:04:06.464+0000] {processor.py:925} INFO - DAG(s) 'example_sla_dag' retrieved from /home/airflow/.local/lib/python3.12/site-packages/airflow/example_dags/example_sla_dag.py
[2026-08-12T05:04:06.488+0000] {logging_mixin.py:190} INFO - [2026-08-12T05:04:06.487+0000] {dag.py:3211} INFO - Sync 1 DAGs
[2026-08-12T05:04:06.512+0000] {logging_mixin.py:190} INFO - [2026-08-12T05:04:06.512+0000] {dag.py:4138} INFO - Setting next_dagrun for example_sla_dag to 2026-08-12 05:02:00+00:00, run_after=2026-08-12 05:04:00+00:00
[2026-08-12T05:04:06.530+0000] {processor.py:208} INFO - Processing /home/airflow/.local/lib/python3.12/site-packages/airflow/example_dags/example_sla_dag.py took 0.088 seconds
[2026-08-12T05:04:36.859+0000] {processor.py:186} INFO - Started process (PID=3959) to work on /home/airflow/.local/lib/python3.12/site-packages/airflow/example_dags/example_sla_dag.py
[2026-08-12T05:04:36.861+0000] {processor.py:914} INFO - Processing file /home/airflow/.local/lib/python3.12/site-packages/airflow/example_dags/example_sla_dag.py for tasks to queue
[2026-08-12T05:04:36.865+0000] {logging_mixin.py:190} INFO - [2026-08-12T05:04:36.864+0000] {dagbag.py:587} INFO - Filling up the DagBag from /home/airflow/.local/lib/python3.12/site-packages/airflow/example_dags/example_sla_dag.py
[2026-08-12T05:04:36.877+0000] {processor.py:925} INFO - DAG(s) 'example_sla_dag' retrieved from /home/airflow/.local/lib/python3.12/site-packages/airflow/example_dags/example_sla_dag.py
[2026-08-12T05:04:36.899+0000] {logging_mixin.py:190} INFO - [2026-08-12T05:04:36.899+0000] {dag.py:3211} INFO - Sync 1 DAGs
[2026-08-12T05:04:36.924+0000] {logging_mixin.py:190} INFO - [2026-08-12T05:04:36.924+0000] {dag.py:4138} INFO - Setting next_dagrun for example_sla_dag to 2026-08-12 05:02:00+00:00, run_after=2026-08-12 05:04:00+00:00
[2026-08-12T05:04:36.945+0000] {processor.py:208} INFO - Processing /home/airflow/.local/lib/python3.12/site-packages/airflow/example_dags/example_sla_dag.py took 0.093 seconds
[2026-08-12T05:05:07.274+0000] {processor.py:186} INFO - Started process (PID=4022) to work on /home/airflow/.local/lib/python3.12/site-packages/airflow/example_dags/example_sla_dag.py
[2026-08-12T05:05:07.276+0000] {processor.py:914} INFO - Processing file /home/airflow/.local/lib/python3.12/site-packages/airflow/example_dags/example_sla_dag.py for tasks to queue
[2026-08-12T05:05:07.278+0000] {logging_mixin.py:190} INFO - [2026-08-12T05:05:07.278+0000] {dagbag.py:587} INFO - Filling up the DagBag from /home/airflow/.local/lib/python3.12/site-packages/airflow/example_dags/example_sla_dag.py
[2026-08-12T05:05:07.289+0000] {processor.py:925} INFO - DAG(s) 'example_sla_dag' retrieved from /home/airflow/.local/lib/python3.12/site-packages/airflow/example_dags/example_sla_dag.py
[2026-08-12T05:05:07.310+0000] {logging_mixin.py:190} INFO - [2026-08-12T05:05:07.310+0000] {dag.py:3211} INFO - Sync 1 DAGs
[2026-08-12T05:05:07.332+0000] {logging_mixin.py:190} INFO - [2026-08-12T05:05:07.332+0000] {dag.py:4138} INFO - Setting next_dagrun for example_sla_dag to 2026-08-12 05:02:00+00:00, run_after=2026-08-12 05:04:00+00:00
[2026-08-12T05:05:07.351+0000] {processor.py:208} INFO - Processing /home/airflow/.local/lib/python3.12/site-packages/airflow/example_dags/example_sla_dag.py took 0.082 seconds
[2026-08-12T05:05:37.515+0000] {processor.py:186} INFO - Started process (PID=4085) to work on /home/airflow/.local/lib/python3.12/site-packages/airflow/example_dags/example_sla_dag.py
[2026-08-12T05:05:37.517+0000] {processor.py:914} INFO - Processing file /home/airflow/.local/lib/python3.12/site-packages/airflow/example_dags/example_sla_dag.py for tasks to queue
[2026-08-12T05:05:37.520+0000] {logging_mixin.py:190} INFO - [2026-08-12T05:05:37.520+0000] {dagbag.py:587} INFO - Filling up the DagBag from /home/airflow/.local/lib/python3.12/site-packages/airflow/example_dags/example_sla_dag.py
[2026-08-12T05:05:37.534+0000] {processor.py:925} INFO - DAG(s) 'example_sla_dag' retrieved from /home/airflow/.local/lib/python3.12/site-packages/airflow/example_dags/example_sla_dag.py
[2026-08-12T05:05:37.555+0000] {logging_mixin.py:190} INFO - [2026-08-12T05:05:37.555+0000] {dag.py:3211} INFO - Sync 1 DAGs
[2026-08-12T05:05:37.581+0000] {logging_mixin.py:190} INFO - [2026-08-12T05:05:37.581+0000] {dag.py:4138} INFO - Setting next_dagrun for example_sla_dag to 2026-08-12 05:02:00+00:00, run_after=2026-08-12 05:04:00+00:00
[2026-08-12T05:05:37.604+0000] {processor.py:208} INFO - Processing /home/airflow/.local/lib/python3.12/site-packages/airflow/example_dags/example_sla_dag.py took 0.096 seconds
[2026-08-12T05:06:08.060+0000] {processor.py:186} INFO - Started process (PID=4148) to work on /home/airflow/.local/lib/python3.12/site-packages/airflow/example_dags/example_sla_dag.py
[2026-08-12T05:06:08.062+0000] {processor.py:914} INFO - Processing file /home/airflow/.local/lib/python3.12/site-packages/airflow/example_dags/example_sla_dag.py for tasks to queue
[2026-08-12T05:06:08.064+0000] {logging_mixin.py:190} INFO - [2026-08-12T05:06:08.064+0000] {dagbag.py:587} INFO - Filling up the DagBag from /home/airflow/.local/lib/python3.12/site-packages/airflow/example_dags/example_sla_dag.py
[2026-08-12T05:06:08.073+0000] {processor.py:925} INFO - DAG(s) 'example_sla_dag' retrieved from /home/airflow/.local/lib/python3.12/site-packages/airflow/example_dags/example_sla_dag.py
[2026-08-12T05:06:08.093+0000] {logging_mixin.py:190} INFO - [2026-08-12T05:06:08.093+0000] {dag.py:3211} INFO - Sync 1 DAGs
[2026-08-12T05:06:08.115+0000] {logging_mixin.py:190} INFO - [2026-08-12T05:06:08.115+0000] {dag.py:4138} INFO - Setting next_dagrun for example_sla_dag to 2026-08-12 05:04:00+00:00, run_after=2026-08-12 05:06:00+00:00
[2026-08-12T05:06:08.134+0000] {processor.py:208} INFO - Processing /home/airflow/.local/lib/python3.12/site-packages/airflow/example_dags/example_sla_dag.py took 0.079 seconds
[2026-08-12T05:06:38.748+0000] {processor.py:186} INFO - Started process (PID=4211) to work on /home/airflow/.local/lib/python3.12/site-packages/airflow/example_dags/example_sla_dag.py
[2026-08-12T05:06:38.749+0000] {processor.py:914} INFO - Processing file /home/airflow/.local/lib/python3.12/site-packages/airflow/example_dags/example_sla_dag.py for tasks to queue
[2026-08-12T05:06:38.752+0000] {logging_mixin.py:190} INFO - [2026-08-12T05:06:38.752+0000] {dagbag.py:587} INFO - Filling up the DagBag from /home/airflow/.local/lib/python3.12/site-packages/airflow/example_dags/example_sla_dag.py
[2026-08-12T05:06:38.762+0000] {processor.py:925} INFO - DAG(s) 'example_sla_dag' retrieved from /home/airflow/.local/lib/python3.12/site-packages/airflow/example_dags/example_sla_dag.py
[2026-08-12T05:06:38.783+0000] {logging_mixin.py:190} INFO - [2026-08-12T05:06:38.783+0000] {dag.py:3211} INFO - Sync 1 DAGs
[2026-08-12T05:06:38.807+0000] {logging_mixin.py:190} INFO - [2026-08-12T05:06:38.807+0000] {dag.py:4138} INFO - Setting next_dagrun for example_sla_dag to 2026-08-12 05:04:00+00:00, run_after=2026-08-12 05:06:00+00:00
[2026-08-12T05:06:38.827+0000] {processor.py:208} INFO - Processing /home/airflow/.local/lib/python3.12/site-packages/airflow/example_dags/example_sla_dag.py took 0.085 seconds
[2026-08-12T05:07:09.332+0000] {processor.py:186} INFO - Started process (PID=4274) to work on /home/airflow/.local/lib/python3.12/site-packages/airflow/example_dags/example_sla_dag.py
[2026-08-12T05:07:09.335+0000] {processor.py:914} INFO - Processing file /home/airflow/.local/lib/python3.12/site-packages/airflow/example_dags/example_sla_dag.py for tasks to queue
[2026-08-12T05:07:09.339+0000] {logging_mixin.py:190} INFO - [2026-08-12T05:07:09.339+0000] {dagbag.py:587} INFO - Filling up the DagBag from /home/airflow/.local/lib/python3.12/site-packages/airflow/example_dags/example_sla_dag.py
[2026-08-12T05:07:09.353+0000] {processor.py:925} INFO - DAG(s) 'example_sla_dag' retrieved from /home/airflow/.local/lib/python3.12/site-packages/airflow/example_dags/example_sla_dag.py
[2026-08-12T05:07:09.379+0000] {logging_mixin.py:190} INFO - [2026-08-12T05:07:09.379+0000] {dag.py:3211} INFO - Sync 1 DAGs
[2026-08-12T05:07:09.408+0000] {logging_mixin.py:190} INFO - [2026-08-12T05:07:09.408+0000] {dag.py:4138} INFO - Setting next_dagrun for example_sla_dag to 2026-08-12 05:04:00+00:00, run_after=2026-08-12 05:06:00+00:00
[2026-08-12T05:07:09.430+0000] {processor.py:208} INFO - Processing /home/airflow/.local/lib/python3.12/site-packages/airflow/example_dags/example_sla_dag.py took 0.106 seconds
[2026-08-12T05:07:39.612+0000] {processor.py:186} INFO - Started process (PID=4337) to work on /home/airflow/.local/lib/python3.12/site-packages/airflow/example_dags/example_sla_dag.py
[2026-08-12T05:07:39.615+0000] {processor.py:914} INFO - Processing file /home/airflow/.local/lib/python3.12/site-packages/airflow/example_dags/example_sla_dag.py for tasks to queue
[2026-08-12T05:07:39.619+0000] {logging_mixin.py:190} INFO - [2026-08-12T05:07:39.618+0000] {dagbag.py:587} INFO - Filling up the DagBag from /home/airflow/.local/lib/python3.12/site-packages/airflow/example_dags/example_sla_dag.py
[2026-08-12T05:07:39.634+0000] {processor.py:925} INFO - DAG(s) 'example_sla_dag' retrieved from /home/airflow/.local/lib/python3.12/site-packages/airflow/example_dags/example_sla_dag.py
[2026-08-12T05:07:39.667+0000] {logging_mixin.py:190} INFO - [2026-08-12T05:07:39.667+0000] {dag.py:3211} INFO - Sync 1 DAGs
[2026-08-12T05:07:39.717+0000] {logging_mixin.py:190} INFO - [2026-08-12T05:07:39.716+0000] {dag.py:4138} INFO - Setting next_dagrun for example_sla_dag to 2026-08-12 05:04:00+00:00, run_after=2026-08-12 05:06:00+00:00
[2026-08-12T05:07:39.750+0000] {processor.py:208} INFO - Processing /home/airflow/.local/lib/python3.12/site-packages/airflow/example_dags/example_sla_dag.py took 0.144 seconds
[2026-08-12T05:08:09.999+0000] {processor.py:186} INFO - Started process (PID=4400) to work on /home/airflow/.local/lib/python3.12/site-packages/airflow/example_dags/example_sla_dag.py
[2026-08-12T05:08:10.000+0000] {processor.py:914} INFO - Processing file /home/airflow/.local/lib/python3.12/site-packages/airflow/example_dags/example_sla_dag.py for tasks to queue
[2026-08-12T05:08:10.003+0000] {logging_mixin.py:190} INFO - [2026-08-12T05:08:10.003+0000] {dagbag.py:587} INFO - Filling up the DagBag from /home/airflow/.local/lib/python3.12/site-packages/airflow/example_dags/example_sla_dag.py
[2026-08-12T05:08:10.013+0000] {processor.py:925} INFO - DAG(s) 'example_sla_dag' retrieved from /home/airflow/.local/lib/python3.12/site-packages/airflow/example_dags/example_sla_dag.py
[2026-08-12T05:08:10.038+0000] {logging_mixin.py:190} INFO - [2026-08-12T05:08:10.038+0000] {dag.py:3211} INFO - Sync 1 DAGs
[2026-08-12T05:08:10.066+0000] {logging_mixin.py:190} INFO - [2026-08-12T05:08:10.066+0000] {dag.py:4138} INFO - Setting next_dagrun for example_sla_dag to 2026-08-12 05:06:00+00:00, run_after=2026-08-12 05:08:00+00:00
[2026-08-12T05:08:10.087+0000] {processor.py:208} INFO - Processing /home/airflow/.local/lib/python3.12/site-packages/airflow/example_dags/example_sla_dag.py took 0.096 seconds
[2026-08-12T05:08:40.724+0000] {processor.py:186} INFO - Started process (PID=4463) to work on /home/airflow/.local/lib/python3.12/site-packages/airflow/example_dags/example_sla_dag.py
[2026-08-12T05:08:40.726+0000] {processor.py:914} INFO - Processing file /home/airflow/.local/lib/python3.12/site-packages/airflow/example_dags/example_sla_dag.py for tasks to queue
[2026-08-12T05:08:40.729+0000] {logging_mixin.py:190} INFO - [2026-08-12T05:08:40.729+0000] {dagbag.py:587} INFO - Filling up the DagBag from /home/airflow/.local/lib/python3.12/site-packages/airflow/example_dags/example_sla_dag.py
[2026-08-12T05:08:40.742+0000] {processor.py:925} INFO - DAG(s) 'example_sla_dag' retrieved from /home/airflow/.local/lib/python3.12/site-packages/airflow/example_dags/example_sla_dag.py
[2026-08-12T05:08:40.763+0000] {logging_mixin.py:190} INFO - [2026-08-12T05:08:40.763+0000] {dag.py:3211} INFO - Sync 1 DAGs
[2026-08-12T05:08:40.792+0000] {logging_mixin.py:190} INFO - [2026-08-12T05:08:40.792+0000] {dag.py:4138} INFO - Setting next_dagrun for example_sla_dag to 2026-08-12 05:06:00+00:00, run_after=2026-08-12 05:08:00+00:00
[2026-08-12T05:08:40.813+0000] {processor.py:208} INFO - Processing /home/airflow/.local/lib/python3.12/site-packages/airflow/example_dags/example_sla_dag.py took 0.096 seconds
[2026-08-12T05:09:11.023+0000] {processor.py:186} INFO - Started process (PID=4526) to work on /home/airflow/.local/lib/python3.12/site-packages/airflow/example_dags/example_sla_dag.py
[2026-08-12T05:09:11.024+0000] {processor.py:914} INFO - Processing file /home/airflow/.local/lib/python3.12/site-packages/airflow/example_dags/example_sla_dag.py for tasks to queue
[2026-08-12T05:09:11.027+0000] {logging_mixin.py:190} INFO - [2026-08-12T05:09:11.027+0000] {dagbag.py:587} INFO - Filling up the DagBag from /home/airflow/.local/lib/python3.12/site-packages/airflow/example_dags/example_sla_dag.py
[2026-08-12T05:09:11.037+0000] {processor.py:925} INFO - DAG(s) 'example_sla_dag' retrieved from /home/airflow/.local/lib/python3.12/site-packages/airflow/example_dags/example_sla_dag.py
[2026-08-12T05:09:11.058+0000] {logging_mixin.py:190} INFO - [2026-08-12T05:09:11.058+0000] {dag.py:3211} INFO - Sync 1 DAGs
[2026-08-12T05:09:11.082+0000] {logging_mixin.py:190} INFO - [2026-08-12T05:09:11.082+0000] {dag.py:4138} INFO - Setting next_dagrun for example_sla_dag to 2026-08-12 05:06:00+00:00, run_after=2026-08-12 05:08:00+00:00
[2026-08-12T05:09:11.102+0000] {processor.py:208} INFO - Processing /home/airflow/.local/lib/python3.12/site-packages/airflow/example_dags/example_sla_dag.py took 0.085 seconds
[2026-08-12T05:09:41.675+0000] {processor.py:186} INFO - Started process (PID=4589) to work on /home/airflow/.local/lib/python3.12/site-packages/airflow/example_dags/example_sla_dag.py
[2026-08-12T05:09:41.676+0000] {processor.py:914} INFO - Processing file /home/airflow/.local/lib/python3.12/site-packages/airflow/example_dags/example_sla_dag.py for tasks to queue
[2026-08-12T05:09:41.679+0000] {logging_mixin.py:190} INFO - [2026-08-12T05:09:41.679+0000] {dagbag.py:587} INFO - Filling up the DagBag from /home/airflow/.local/lib/python3.12/site-packages/airflow/example_dags/example_sla_dag.py
[2026-08-12T05:09:41.690+0000] {processor.py:925} INFO - DAG(s) 'example_sla_dag' retrieved from /home/airflow/.local/lib/python3.12/site-packages/airflow/example_dags/example_sla_dag.py
[2026-08-12T05:09:41.711+0000] {logging_mixin.py:190} INFO - [2026-08-12T05:09:41.710+0000] {dag.py:3211} INFO - Sync 1 DAGs
[2026-08-12T05:09:41.739+0000] {logging_mixin.py:190} INFO - [2026-08-12T05:09:41.738+0000] {dag.py:4138} INFO - Setting next_dagrun for example_sla_dag to 2026-08-12 05:06:00+00:00, run_after=2026-08-12 05:08:00+00:00
[2026-08-12T05:09:41.760+0000] {processor.py:208} INFO - Processing /home/airflow/.local/lib/python3.12/site-packages/airflow/example_dags/example_sla_dag.py took 0.091 seconds
[2026-08-12T05:10:12.301+0000] {processor.py:186} INFO - Started process (PID=4652) to work on /home/airflow/.local/lib/python3.12/site-packages/airflow/example_dags/example_sla_dag.py
[2026-08-12T05:10:12.303+0000] {processor.py:914} INFO - Processing file /home/airflow/.local/lib/python3.12/site-packages/airflow/example_dags/example_sla_dag.py for tasks to queue
[2026-08-12T05:10:12.307+0000] {logging_mixin.py:190} INFO - [2026-08-12T05:10:12.307+0000] {dagbag.py:587} INFO - Filling up the DagBag from /home/airflow/.local/lib/python3.12/site-packages/airflow/example_dags/example_sla_dag.py
[2026-08-12T05:10:12.319+0000] {processor.py:925} INFO - DAG(s) 'example_sla_dag' retrieved from /home/airflow/.local/lib/python3.12/site-packages/airflow/example_dags/example_sla_dag.py
[2026-08-12T05:10:12.341+0000] {logging_mixin.py:190} INFO - [2026-08-12T05:10:12.341+0000] {dag.py:3211} INFO - Sync 1 DAGs
[2026-08-12T05:10:12.366+0000] {logging_mixin.py:190} INFO - [2026-08-12T05:10:12.365+0000] {dag.py:4138} INFO - Setting next_dagrun for example_sla_dag to 2026-08-12 05:08:00+00:00, run_after=2026-08-12 05:10:00+00:00
[2026-08-12T05:10:12.386+0000] {processor.py:208} INFO - Processing /home/airflow/.local/lib/python3.12/site-packages/airflow/example_dags/example_sla_dag.py took 0.092 seconds
[2026-08-12T05:10:42.876+0000] {processor.py:186} INFO - Started process (PID=4715) to work on /home/airflow/.local/lib/python3.12/site-packages/airflow/example_dags/example_sla_dag.py
[2026-08-12T05:10:42.878+0000] {processor.py:914} INFO - Processing file /home/airflow/.local/lib/python3.12/site-packages/airflow/example_dags/example_sla_dag.py for tasks to queue
[2026-08-12T05:10:42.882+0000] {logging_mixin.py:190} INFO - [2026-08-12T05:10:42.882+0000] {dagbag.py:587} INFO - Filling up the DagBag from /home/airflow/.local/lib/python3.12/site-packages/airflow/example_dags/example_sla_dag.py
[2026-08-12T05:10:42.895+0000] {processor.py:925} INFO - DAG(s) 'example_sla_dag' retrieved from /home/airflow/.local/lib/python3.12/site-packages/airflow/example_dags/example_sla_dag.py
[2026-08-12T05:10:42.917+0000] {logging_mixin.py:190} INFO - [2026-08-12T05:10:42.917+0000] {dag.py:3211} INFO - Sync 1 DAGs
[2026-08-12T05:10:42.942+0000] {logging_mixin.py:190} INFO - [2026-08-12T05:10:42.942+0000] {dag.py:4138} INFO - Setting next_dagrun for example_sla_dag to 2026-08-12 05:08:00+00:00, run_after=2026-08-12 05:10:00+00:00
[2026-08-12T05:10:42.963+0000] {processor.py:208} INFO - Processing /home/airflow/.local/lib/python3.12/site-packages/airflow/example_dags/example_sla_dag.py took 0.093 seconds
[2026-08-12T05:11:13.293+0000] {processor.py:186} INFO - Started process (PID=4778) to work on /home/airflow/.local/lib/python3.12/site-packages/airflow/example_dags/example_sla_dag.py
[2026-08-12T05:11:13.295+0000] {processor.py:914} INFO - Processing file /home/airflow/.local/lib/python3.12/site-packages/airflow/example_dags/example_sla_dag.py for tasks to queue
[2026-08-12T05:11:13.299+0000] {logging_mixin.py:190} INFO - [2026-08-12T05:11:13.299+0000] {dagbag.py:587} INFO - Filling up the DagBag from /home/airflow/.local/lib/python3.12/site-packages/airflow/example_dags/example_sla_dag.py
[2026-08-12T05:11:13.312+0000] {processor.py:925} INFO - DAG(s) 'example_sla_dag' retrieved from /home/airflow/.local/lib/python3.12/site-packages/airflow/example_dags/example_sla_dag.py
[2026-08-12T05:11:13.334+0000] {logging_mixin.py:190} INFO - [2026-08-12T05:11:13.334+0000] {dag.py:3211} INFO - Sync 1 DAGs
[2026-08-12T05:11:13.357+0000] {logging_mixin.py:190} INFO - [2026-08-12T05:11:13.357+0000] {dag.py:4138} INFO - Setting next_dagrun for example_sla_dag to 2026-08-12 05:08:00+00:00, run_after=2026-08-12 05:10:00+00:00
[2026-08-12T05:11:13.378+0000] {processor.py:208} INFO - Processing /home/airflow/.local/lib/python3.12/site-packages/airflow/example_dags/example_sla_dag.py took 0.093 seconds
[2026-08-12T05:11:43.906+0000] {processor.py:186} INFO - Started process (PID=4841) to work on /home/airflow/.local/lib/python3.12/site-packages/airflow/example_dags/example_sla_dag.py
[2026-08-12T05:11:43.907+0000] {processor.py:914} INFO - Processing file /home/airflow/.local/lib/python3.12/site-packages/airflow/example_dags/example_sla_dag.py for tasks to queue
[2026-08-12T05:11:43.911+0000] {logging_mixin.py:190} INFO - [2026-08-12T05:11:43.911+0000] {dagbag.py:587} INFO - Filling up the DagBag from /home/airflow/.local/lib/python3.12/site-packages/airflow/example_dags/example_sla_dag.py
[2026-08-12T05:11:43.922+0000] {processor.py:925} INFO - DAG(s) 'example_sla_dag' retrieved from /home/airflow/.local/lib/python3.12/site-packages/airflow/example_dags/example_sla_dag.py
[2026-08-12T05:11:43.941+0000] {logging_mixin.py:190} INFO - [2026-08-12T05:11:43.941+0000] {dag.py:3211} INFO - Sync 1 DAGs
[2026-08-12T05:11:43.966+0000] {logging_mixin.py:190} INFO - [2026-08-12T05:11:43.966+0000] {dag.py:4138} INFO - Setting next_dagrun for example_sla_dag to 2026-08-12 05:08:00+00:00, run_after=2026-08-12 05:10:00+00:00
[2026-08-12T05:11:43.990+0000] {processor.py:208} INFO - Processing /home/airflow/.local/lib/python3.12/site-packages/airflow/example_dags/example_sla_dag.py took 0.091 seconds
[2026-08-12T05:12:14.640+0000] {processor.py:186} INFO - Started process (PID=4904) to work on /home/airflow/.local/lib/python3.12/site-packages/airflow/example_dags/example_sla_dag.py
[2026-08-12T05:12:14.641+0000] {processor.py:914} INFO - Processing file /home/airflow/.local/lib/python3.12/site-packages/airflow/example_dags/example_sla_dag.py for tasks to queue
[2026-08-12T05:12:14.646+0000] {logging_mixin.py:190} INFO - [2026-08-12T05:12:14.645+0000] {dagbag.py:587} INFO - Filling up the DagBag from /home/airflow/.local/lib/python3.12/site-packages/airflow/example_dags/example_sla_dag.py
[2026-08-12T05:12:14.657+0000] {processor.py:925} INFO - DAG(s) 'example_sla_dag' retrieved from /home/airflow/.local/lib/python3.12/site-packages/airflow/example_dags/example_sla_dag.py
[2026-08-12T05:12:14.684+0000] {logging_mixin.py:190} INFO - [2026-08-12T05:12:14.684+0000] {dag.py:3211} INFO - Sync 1 DAGs
[2026-08-12T05:12:14.712+0000] {logging_mixin.py:190} INFO - [2026-08-12T05:12:14.712+0000] {dag.py:4138} INFO - Setting next_dagrun for example_sla_dag to 2026-08-12 05:10:00+00:00, run_after=2026-08-12 05:12:00+00:00
[2026-08-12T05:12:14.733+0000] {processor.py:208} INFO - Processing /home/airflow/.local/lib/python3.12/site-packages/airflow/example_dags/example_sla_dag.py took 0.100 seconds
[2026-08-12T05:12:45.336+0000] {processor.py:186} INFO - Started process (PID=4967) to work on /home/airflow/.local/lib/python3.12/site-packages/airflow/example_dags/example_sla_dag.py
[2026-08-12T05:12:45.338+0000] {processor.py:914} INFO - Processing file /home/airflow/.local/lib/python3.12/site-packages/airflow/example_dags/example_sla_dag.py for tasks to queue
[2026-08-12T05:12:45.342+0000] {logging_mixin.py:190} INFO - [2026-08-12T05:12:45.342+0000] {dagbag.py:587} INFO - Filling up the DagBag from /home/airflow/.local/lib/python3.12/site-packages/airflow/example_dags/example_sla_dag.py
[2026-08-12T05:12:45.352+0000] {processor.py:925} INFO - DAG(s) 'example_sla_dag' retrieved from /home/airflow/.local/lib/python3.12/site-packages/airflow/example_dags/example_sla_dag.py
[2026-08-12T05:12:45.373+0000] {logging_mixin.py:190} INFO - [2026-08-12T05:12:45.372+0000] {dag.py:3211} INFO - Sync 1 DAGs
[2026-08-12T05:12:45.395+0000] {logging_mixin.py:190} INFO - [2026-08-12T05:12:45.395+0000] {dag.py:4138} INFO - Setting next_dagrun for example_sla_dag to 2026-08-12 05:10:00+00:00, run_after=2026-08-12 05:12:00+00:00
[2026-08-12T05:12:45.413+0000] {processor.py:208} INFO - Processing /home/airflow/.local/lib/python3.12/site-packages/airflow/example_dags/example_sla_dag.py took 0.082 seconds
[2026-08-12T05:13:15.740+0000] {processor.py:186} INFO - Started process (PID=5030) to work on /home/airflow/.local/lib/python3.12/site-packages/airflow/example_dags/example_sla_dag.py
[2026-08-12T05:13:15.742+0000] {processor.py:914} INFO - Processing file /home/airflow/.local/lib/python3.12/site-packages/airflow/example_dags/example_sla_dag.py for tasks to queue
[2026-08-12T05:13:15.745+0000] {logging_mixin.py:190} INFO - [2026-08-12T05:13:15.745+0000] {dagbag.py:587} INFO - Filling up the DagBag from /home/airflow/.local/lib/python3.12/site-packages/airflow/example_dags/example_sla_dag.py
[2026-08-12T05:13:15.758+0000] {processor.py:925} INFO - DAG(s) 'example_sla_dag' retrieved from /home/airflow/.local/lib/python3.12/site-packages/airflow/example_dags/example_sla_dag.py
[2026-08-12T05:13:15.780+0000] {logging_mixin.py:190} INFO - [2026-08-12T05:13:15.779+0000] {dag.py:3211} INFO - Sync 1 DAGs
[2026-08-12T05:13:15.803+0000] {logging_mixin.py:190} INFO - [2026-08-12T05:13:15.803+0000] {dag.py:4138} INFO - Setting next_dagrun for example_sla_dag to 2026-08-12 05:10:00+00:00, run_after=2026-08-12 05:12:00+00:00
[2026-08-12T05:13:15.824+0000] {processor.py:208} INFO - Processing /home/airflow/.local/lib/python3.12/site-packages/airflow/example_dags/example_sla_dag.py took 0.090 seconds
[2026-08-12T05:13:46.072+0000] {processor.py:186} INFO - Started process (PID=5093) to work on /home/airflow/.local/lib/python3.12/site-packages/airflow/example_dags/example_sla_dag.py
[2026-08-12T05:13:46.074+0000] {processor.py:914} INFO - Processing file /home/airflow/.local/lib/python3.12/site-packages/airflow/example_dags/example_sla_dag.py for tasks to queue
[2026-08-12T05:13:46.077+0000] {logging_mixin.py:190} INFO - [2026-08-12T05:13:46.076+0000] {dagbag.py:587} INFO - Filling up the DagBag from /home/airflow/.local/lib/python3.12/site-packages/airflow/example_dags/example_sla_dag.py
[2026-08-12T05:13:46.087+0000] {processor.py:925} INFO - DAG(s) 'example_sla_dag' retrieved from /home/airflow/.local/lib/python3.12/site-packages/airflow/example_dags/example_sla_dag.py
[2026-08-12T05:13:46.107+0000] {logging_mixin.py:190} INFO - [2026-08-12T05:13:46.107+0000] {dag.py:3211} INFO - Sync 1 DAGs
[2026-08-12T05:13:46.134+0000] {logging_mixin.py:190} INFO - [2026-08-12T05:13:46.134+0000] {dag.py:4138} INFO - Setting next_dagrun for example_sla_dag to 2026-08-12 05:10:00+00:00, run_after=2026-08-12 05:12:00+00:00
[2026-08-12T05:13:46.154+0000] {processor.py:208} INFO - Processing /home/airflow/.local/lib/python3.12/site-packages/airflow/example_dags/example_sla_dag.py took 0.087 seconds
[2026-08-12T05:14:16.668+0000] {processor.py:186} INFO - Started process (PID=5156) to work on /home/airflow/.local/lib/python3.12/site-packages/airflow/example_dags/example_sla_dag.py
[2026-08-12T05:14:16.670+0000] {processor.py:914} INFO - Processing file /home/airflow/.local/lib/python3.12/site-packages/airflow/example_dags/example_sla_dag.py for tasks to queue
[2026-08-12T05:14:16.673+0000] {logging_mixin.py:190} INFO - [2026-08-12T05:14:16.672+0000] {dagbag.py:587} INFO - Filling up the DagBag from /home/airflow/.local/lib/python3.12/site-packages/airflow/example_dags/example_sla_dag.py
[2026-08-12T05:14:16.684+0000] {processor.py:925} INFO - DAG(s) 'example_sla_dag' retrieved from /home/airflow/.local/lib/python3.12/site-packages/airflow/example_dags/example_sla_dag.py
[2026-08-12T05:14:16.707+0000] {logging_mixin.py:190} INFO - [2026-08-12T05:14:16.707+0000] {dag.py:3211} INFO - Sync 1 DAGs
[2026-08-12T05:14:16.740+0000] {logging_mixin.py:190} INFO - [2026-08-12T05:14:16.739+0000] {dag.py:4138} INFO - Setting next_dagrun for example_sla_dag to 2026-08-12 05:12:00+00:00, run_after=2026-08-12 05:14:00+00:00
[2026-08-12T05:14:16.760+0000] {processor.py:208} INFO - Processing /home/airflow/.local/lib/python3.12/site-packages/airflow/example_dags/example_sla_dag.py took 0.098 seconds
[2026-08-12T05:14:47.095+0000] {processor.py:186} INFO - Started process (PID=5219) to work on /home/airflow/.local/lib/python3.12/site-packages/airflow/example_dags/example_sla_dag.py
[2026-08-12T05:14:47.097+0000] {processor.py:914} INFO - Processing file /home/airflow/.local/lib/python3.12/site-packages/airflow/example_dags/example_sla_dag.py for tasks to queue
[2026-08-12T05:14:47.102+0000] {logging_mixin.py:190} INFO - [2026-08-12T05:14:47.101+0000] {dagbag.py:587} INFO - Filling up the DagBag from /home/airflow/.local/lib/python3.12/site-packages/airflow/example_dags/example_sla_dag.py
[2026-08-12T05:14:47.113+0000] {processor.py:925} INFO - DAG(s) 'example_sla_dag' retrieved from /home/airflow/.local/lib/python3.12/site-packages/airflow/example_dags/example_sla_dag.py
[2026-08-12T05:14:47.140+0000] {logging_mixin.py:190} INFO - [2026-08-12T05:14:47.140+0000] {dag.py:3211} INFO - Sync 1 DAGs
[2026-08-12T05:14:47.178+0000] {logging_mixin.py:190} INFO - [2026-08-12T05:14:47.178+0000] {dag.py:4138} INFO - Setting next_dagrun for example_sla_dag to 2026-08-12 05:12:00+00:00, run_after=2026-08-12 05:14:00+00:00
[2026-08-12T05:14:47.206+0000] {processor.py:208} INFO - Processing /home/airflow/.local/lib/python3.12/site-packages/airflow/example_dags/example_sla_dag.py took 0.117 seconds
[2026-08-12T05:15:18.000+0000] {processor.py:186} INFO - Started process (PID=5282) to work on /home/airflow/.local/lib/python3.12/site-packages/airflow/example_dags/example_sla_dag.py
[2026-08-12T05:15:18.001+0000] {processor.py:914} INFO - Processing file /home/airflow/.local/lib/python3.12/site-packages/airflow/example_dags/example_sla_dag.py for tasks to queue
[2026-08-12T05:15:18.004+0000] {logging_mixin.py:190} INFO - [2026-08-12T05:15:18.003+0000] {dagbag.py:587} INFO - Filling up the DagBag from /home/airflow/.local/lib/python3.12/site-packages/airflow/example_dags/example_sla_dag.py
[2026-08-12T05:15:18.013+0000] {processor.py:925} INFO - DAG(s) 'example_sla_dag' retrieved from /home/airflow/.local/lib/python3.12/site-packages/airflow/example_dags/example_sla_dag.py
[2026-08-12T05:15:18.032+0000] {logging_mixin.py:190} INFO - [2026-08-12T05:15:18.032+0000] {dag.py:3211} INFO - Sync 1 DAGs
[2026-08-12T05:15:18.059+0000] {logging_mixin.py:190} INFO - [2026-08-12T05:15:18.059+0000] {dag.py:4138} INFO - Setting next_dagrun for example_sla_dag to 2026-08-12 05:12:00+00:00, run_after=2026-08-12 05:14:00+00:00
[2026-08-12T05:15:18.080+0000] {processor.py:208} INFO - Processing /home/airflow/.local/lib/python3.12/site-packages/airflow/example_dags/example_sla_dag.py took 0.086 seconds
[2026-08-12T05:15:48.360+0000] {processor.py:186} INFO - Started process (PID=5345) to work on /home/airflow/.local/lib/python3.12/site-packages/airflow/example_dags/example_sla_dag.py
[2026-08-12T05:15:48.364+0000] {processor.py:914} INFO - Processing file /home/airflow/.local/lib/python3.12/site-packages/airflow/example_dags/example_sla_dag.py for tasks to queue
[2026-08-12T05:15:48.370+0000] {logging_mixin.py:190} INFO - [2026-08-12T05:15:48.370+0000] {dagbag.py:587} INFO - Filling up the DagBag from /home/airflow/.local/lib/python3.12/site-packages/airflow/example_dags/example_sla_dag.py
[2026-08-12T05:15:48.385+0000] {processor.py:925} INFO - DAG(s) 'example_sla_dag' retrieved from /home/airflow/.local/lib/python3.12/site-packages/airflow/example_dags/example_sla_dag.py
[2026-08-12T05:15:48.415+0000] {logging_mixin.py:190} INFO - [2026-08-12T05:15:48.415+0000] {dag.py:3211} INFO - Sync 1 DAGs
[2026-08-12T05:15:48.450+0000] {logging_mixin.py:190} INFO - [2026-08-12T05:15:48.450+0000] {dag.py:4138} INFO - Setting next_dagrun for example_sla_dag to 2026-08-12 05:12:00+00:00, run_after=2026-08-12 05:14:00+00:00
[2026-08-12T05:15:48.481+0000] {processor.py:208} INFO - Processing /home/airflow/.local/lib/python3.12/site-packages/airflow/example_dags/example_sla_dag.py took 0.132 seconds
[2026-08-12T05:16:19.078+0000] {processor.py:186} INFO - Started process (PID=5408) to work on /home/airflow/.local/lib/python3.12/site-packages/airflow/example_dags/example_sla_dag.py
[2026-08-12T05:16:19.080+0000] {processor.py:914} INFO - Processing file /home/airflow/.local/lib/python3.12/site-packages/airflow/example_dags/example_sla_dag.py for tasks to queue
[2026-08-12T05:16:19.083+0000] {logging_mixin.py:190} INFO - [2026-08-12T05:16:19.083+0000] {dagbag.py:587} INFO - Filling up the DagBag from /home/airflow/.local/lib/python3.12/site-packages/airflow/example_dags/example_sla_dag.py
[2026-08-12T05:16:19.096+0000] {processor.py:925} INFO - DAG(s) 'example_sla_dag' retrieved from /home/airflow/.local/lib/python3.12/site-packages/airflow/example_dags/example_sla_dag.py
[2026-08-12T05:16:19.118+0000] {logging_mixin.py:190} INFO - [2026-08-12T05:16:19.118+0000] {dag.py:3211} INFO - Sync 1 DAGs
[2026-08-12T05:16:19.144+0000] {logging_mixin.py:190} INFO - [2026-08-12T05:16:19.143+0000] {dag.py:4138} INFO - Setting next_dagrun for example_sla_dag to 2026-08-12 05:14:00+00:00, run_after=2026-08-12 05:16:00+00:00
[2026-08-12T05:16:19.165+0000] {processor.py:208} INFO - Processing /home/airflow/.local/lib/python3.12/site-packages/airflow/example_dags/example_sla_dag.py took 0.096 seconds
[2026-08-12T05:16:49.659+0000] {processor.py:186} INFO - Started process (PID=5471) to work on /home/airflow/.local/lib/python3.12/site-packages/airflow/example_dags/example_sla_dag.py
[2026-08-12T05:16:49.661+0000] {processor.py:914} INFO - Processing file /home/airflow/.local/lib/python3.12/site-packages/airflow/example_dags/example_sla_dag.py for tasks to queue
[2026-08-12T05:16:49.665+0000] {logging_mixin.py:190} INFO - [2026-08-12T05:16:49.664+0000] {dagbag.py:587} INFO - Filling up the DagBag from /home/airflow/.local/lib/python3.12/site-packages/airflow/example_dags/example_sla_dag.py
[2026-08-12T05:16:49.680+0000] {processor.py:925} INFO - DAG(s) 'example_sla_dag' retrieved from /home/airflow/.local/lib/python3.12/site-packages/airflow/example_dags/example_sla_dag.py
[2026-08-12T05:16:49.710+0000] {logging_mixin.py:190} INFO - [2026-08-12T05:16:49.710+0000] {dag.py:3211} INFO - Sync 1 DAGs
[2026-08-12T05:16:49.738+0000] {logging_mixin.py:190} INFO - [2026-08-12T05:16:49.738+0000] {dag.py:4138} INFO - Setting next_dagrun for example_sla_dag to 2026-08-12 05:14:00+00:00, run_after=2026-08-12 05:16:00+00:00
[2026-08-12T05:16:49.765+0000] {processor.py:208} INFO - Processing /home/airflow/.local/lib/python3.12/site-packages/airflow/example_dags/example_sla_dag.py took 0.112 seconds
[2026-08-12T05:17:20.228+0000] {processor.py:186} INFO - Started process (PID=5534) to work on /home/airflow/.local/lib/python3.12/site-packages/airflow/example_dags/example_sla_dag.py
[2026-08-12T05:17:20.229+0000] {processor.py:914} INFO - Processing file /home/airflow/.local/lib/python3.12/site-packages/airflow/example_dags/example_sla_dag.py for tasks to queue
[2026-08-12T05:17:20.233+0000] {logging_mixin.py:190} INFO - [2026-08-12T05:17:20.233+0000] {dagbag.py:587} INFO - Filling up the DagBag from /home/airflow/.local/lib/python3.12/site-packages/airflow/example_dags/example_sla_dag.py
[2026-08-12T05:17:20.245+0000] {processor.py:925} INFO - DAG(s) 'example_sla_dag' retrieved from /home/airflow/.local/lib/python3.12/site-packages/airflow/example_dags/example_sla_dag.py
[2026-08-12T05:17:20.268+0000] {logging_mixin.py:190} INFO - [2026-08-12T05:17:20.267+0000] {dag.py:3211} INFO - Sync 1 DAGs
[2026-08-12T05:17:20.296+0000] {logging_mixin.py:190} INFO - [2026-08-12T05:17:20.295+0000] {dag.py:4138} INFO - Setting next_dagrun for example_sla_dag to 2026-08-12 05:14:00+00:00, run_after=2026-08-12 05:16:00+00:00
[2026-08-12T05:17:20.321+0000] {processor.py:208} INFO - Processing /home/airflow/.local/lib/python3.12/site-packages/airflow/example_dags/example_sla_dag.py took 0.100 seconds
[2026-08-12T05:17:51.029+0000] {processor.py:186} INFO - Started process (PID=5597) to work on /home/airflow/.local/lib/python3.12/site-packages/airflow/example_dags/example_sla_dag.py
[2026-08-12T05:17:51.031+0000] {processor.py:914} INFO - Processing file /home/airflow/.local/lib/python3.12/site-packages/airflow/example_dags/example_sla_dag.py for tasks to queue
[2026-08-12T05:17:51.035+0000] {logging_mixin.py:190} INFO - [2026-08-12T05:17:51.035+0000] {dagbag.py:587} INFO - Filling up the DagBag from /home/airflow/.local/lib/python3.12/site-packages/airflow/example_dags/example_sla_dag.py
[2026-08-12T05:17:51.050+0000] {processor.py:925} INFO - DAG(s) 'example_sla_dag' retrieved from /home/airflow/.local/lib/python3.12/site-packages/airflow/example_dags/example_sla_dag.py
[2026-08-12T05:17:51.076+0000] {logging_mixin.py:190} INFO - [2026-08-12T05:17:51.076+0000] {dag.py:3211} INFO - Sync 1 DAGs
[2026-08-12T05:17:51.109+0000] {logging_mixin.py:190} INFO - [2026-08-12T05:17:51.109+0000] {dag.py:4138} INFO - Setting next_dagrun for example_sla_dag to 2026-08-12 05:14:00+00:00, run_after=2026-08-12 05:16:00+00:00
[2026-08-12T05:17:51.132+0000] {processor.py:208} INFO - Processing /home/airflow/.local/lib/python3.12/site-packages/airflow/example_dags/example_sla_dag.py took 0.111 seconds
[2026-08-12T05:18:21.834+0000] {processor.py:186} INFO - Started process (PID=5660) to work on /home/airflow/.local/lib/python3.12/site-packages/airflow/example_dags/example_sla_dag.py
[2026-08-12T05:18:21.836+0000] {processor.py:914} INFO - Processing file /home/airflow/.local/lib/python3.12/site-packages/airflow/example_dags/example_sla_dag.py for tasks to queue
[2026-08-12T05:18:21.840+0000] {logging_mixin.py:190} INFO - [2026-08-12T05:18:21.840+0000] {dagbag.py:587} INFO - Filling up the DagBag from /home/airflow/.local/lib/python3.12/site-packages/airflow/example_dags/example_sla_dag.py
[2026-08-12T05:18:21.850+0000] {processor.py:925} INFO - DAG(s) 'example_sla_dag' retrieved from /home/airflow/.local/lib/python3.12/site-packages/airflow/example_dags/example_sla_dag.py
[2026-08-12T05:18:21.873+0000] {logging_mixin.py:190} INFO - [2026-08-12T05:18:21.872+0000] {dag.py:3211} INFO - Sync 1 DAGs
[2026-08-12T05:18:21.900+0000] {logging_mixin.py:190} INFO - [2026-08-12T05:18:21.900+0000] {dag.py:4138} INFO - Setting next_dagrun for example_sla_dag to 2026-08-12 05:16:00+00:00, run_after=2026-08-12 05:18:00+00:00
[2026-08-12T05:18:21.924+0000] {processor.py:208} INFO - Processing /home/airflow/.local/lib/python3.12/site-packages/airflow/example_dags/example_sla_dag.py took 0.095 seconds
[2026-08-12T05:18:52.390+0000] {processor.py:186} INFO - Started process (PID=5723) to work on /home/airflow/.local/lib/python3.12/site-packages/airflow/example_dags/example_sla_dag.py
[2026-08-12T05:18:52.392+0000] {processor.py:914} INFO - Processing file /home/airflow/.local/lib/python3.12/site-packages/airflow/example_dags/example_sla_dag.py for tasks to queue
[2026-08-12T05:18:52.398+0000] {logging_mixin.py:190} INFO - [2026-08-12T05:18:52.398+0000] {dagbag.py:587} INFO - Filling up the DagBag from /home/airflow/.local/lib/python3.12/site-packages/airflow/example_dags/example_sla_dag.py
[2026-08-12T05:18:52.433+0000] {processor.py:925} INFO - DAG(s) 'example_sla_dag' retrieved from /home/airflow/.local/lib/python3.12/site-packages/airflow/example_dags/example_sla_dag.py
[2026-08-12T05:18:52.505+0000] {logging_mixin.py:190} INFO - [2026-08-12T05:18:52.504+0000] {dag.py:3211} INFO - Sync 1 DAGs
[2026-08-12T05:18:52.652+0000] {logging_mixin.py:190} INFO - [2026-08-12T05:18:52.652+0000] {dag.py:4138} INFO - Setting next_dagrun for example_sla_dag to 2026-08-12 05:16:00+00:00, run_after=2026-08-12 05:18:00+00:00
[2026-08-12T05:18:52.768+0000] {processor.py:208} INFO - Processing /home/airflow/.local/lib/python3.12/site-packages/airflow/example_dags/example_sla_dag.py took 0.397 seconds
[2026-08-12T05:19:23.642+0000] {processor.py:186} INFO - Started process (PID=5787) to work on /home/airflow/.local/lib/python3.12/site-packages/airflow/example_dags/example_sla_dag.py
[2026-08-12T05:19:23.645+0000] {processor.py:914} INFO - Processing file /home/airflow/.local/lib/python3.12/site-packages/airflow/example_dags/example_sla_dag.py for tasks to queue
[2026-08-12T05:19:23.663+0000] {logging_mixin.py:190} INFO - [2026-08-12T05:19:23.662+0000] {dagbag.py:587} INFO - Filling up the DagBag from /home/airflow/.local/lib/python3.12/site-packages/airflow/example_dags/example_sla_dag.py
[2026-08-12T05:19:23.704+0000] {processor.py:925} INFO - DAG(s) 'example_sla_dag' retrieved from /home/airflow/.local/lib/python3.12/site-packages/airflow/example_dags/example_sla_dag.py
[2026-08-12T05:19:23.779+0000] {logging_mixin.py:190} INFO - [2026-08-12T05:19:23.778+0000] {dag.py:3211} INFO - Sync 1 DAGs
[2026-08-12T05:19:23.901+0000] {logging_mixin.py:190} INFO - [2026-08-12T05:19:23.900+0000] {dag.py:4138} INFO - Setting next_dagrun for example_sla_dag to 2026-08-12 05:16:00+00:00, run_after=2026-08-12 05:18:00+00:00
[2026-08-12T05:19:24.000+0000] {processor.py:208} INFO - Processing /home/airflow/.local/lib/python3.12/site-packages/airflow/example_dags/example_sla_dag.py took 0.376 seconds
[2026-08-12T05:19:56.452+0000] {processor.py:186} INFO - Started process (PID=5850) to work on /home/airflow/.local/lib/python3.12/site-packages/airflow/example_dags/example_sla_dag.py
[2026-08-12T05:19:56.557+0000] {processor.py:914} INFO - Processing file /home/airflow/.local/lib/python3.12/site-packages/airflow/example_dags/example_sla_dag.py for tasks to queue
[2026-08-12T05:19:56.708+0000] {logging_mixin.py:190} INFO - [2026-08-12T05:19:56.707+0000] {dagbag.py:587} INFO - Filling up the DagBag from /home/airflow/.local/lib/python3.12/site-packages/airflow/example_dags/example_sla_dag.py
[2026-08-12T05:19:56.800+0000] {processor.py:925} INFO - DAG(s) 'example_sla_dag' retrieved from /home/airflow/.local/lib/python3.12/site-packages/airflow/example_dags/example_sla_dag.py
[2026-08-12T05:19:56.939+0000] {logging_mixin.py:190} INFO - [2026-08-12T05:19:56.929+0000] {dag.py:3211} INFO - Sync 1 DAGs
[2026-08-12T05:19:57.316+0000] {logging_mixin.py:190} INFO - [2026-08-12T05:19:57.316+0000] {dag.py:4138} INFO - Setting next_dagrun for example_sla_dag to 2026-08-12 05:16:00+00:00, run_after=2026-08-12 05:18:00+00:00
[2026-08-12T05:19:57.439+0000] {processor.py:208} INFO - Processing /home/airflow/.local/lib/python3.12/site-packages/airflow/example_dags/example_sla_dag.py took 1.021 seconds
[2026-08-12T05:20:27.653+0000] {processor.py:186} INFO - Started process (PID=5913) to work on /home/airflow/.local/lib/python3.12/site-packages/airflow/example_dags/example_sla_dag.py
[2026-08-12T05:20:27.657+0000] {processor.py:914} INFO - Processing file /home/airflow/.local/lib/python3.12/site-packages/airflow/example_dags/example_sla_dag.py for tasks to queue
[2026-08-12T05:20:27.674+0000] {logging_mixin.py:190} INFO - [2026-08-12T05:20:27.673+0000] {dagbag.py:587} INFO - Filling up the DagBag from /home/airflow/.local/lib/python3.12/site-packages/airflow/example_dags/example_sla_dag.py
[2026-08-12T05:20:27.719+0000] {processor.py:925} INFO - DAG(s) 'example_sla_dag' retrieved from /home/airflow/.local/lib/python3.12/site-packages/airflow/example_dags/example_sla_dag.py
[2026-08-12T05:20:27.780+0000] {logging_mixin.py:190} INFO - [2026-08-12T05:20:27.779+0000] {dag.py:3211} INFO - Sync 1 DAGs
[2026-08-12T05:20:27.852+0000] {logging_mixin.py:190} INFO - [2026-08-12T05:20:27.852+0000] {dag.py:4138} INFO - Setting next_dagrun for example_sla_dag to 2026-08-12 05:18:00+00:00, run_after=2026-08-12 05:20:00+00:00
[2026-08-12T05:20:27.892+0000] {processor.py:208} INFO - Processing /home/airflow/.local/lib/python3.12/site-packages/airflow/example_dags/example_sla_dag.py took 0.260 seconds
[2026-08-12T05:20:58.744+0000] {processor.py:186} INFO - Started process (PID=5977) to work on /home/airflow/.local/lib/python3.12/site-packages/airflow/example_dags/example_sla_dag.py
[2026-08-12T05:20:58.747+0000] {processor.py:914} INFO - Processing file /home/airflow/.local/lib/python3.12/site-packages/airflow/example_dags/example_sla_dag.py for tasks to queue
[2026-08-12T05:20:58.756+0000] {logging_mixin.py:190} INFO - [2026-08-12T05:20:58.755+0000] {dagbag.py:587} INFO - Filling up the DagBag from /home/airflow/.local/lib/python3.12/site-packages/airflow/example_dags/example_sla_dag.py
[2026-08-12T05:20:58.794+0000] {processor.py:925} INFO - DAG(s) 'example_sla_dag' retrieved from /home/airflow/.local/lib/python3.12/site-packages/airflow/example_dags/example_sla_dag.py
[2026-08-12T05:20:58.878+0000] {logging_mixin.py:190} INFO - [2026-08-12T05:20:58.872+0000] {dag.py:3211} INFO - Sync 1 DAGs
[2026-08-12T05:20:58.969+0000] {logging_mixin.py:190} INFO - [2026-08-12T05:20:58.968+0000] {dag.py:4138} INFO - Setting next_dagrun for example_sla_dag to 2026-08-12 05:18:00+00:00, run_after=2026-08-12 05:20:00+00:00
[2026-08-12T05:20:59.102+0000] {processor.py:208} INFO - Processing /home/airflow/.local/lib/python3.12/site-packages/airflow/example_dags/example_sla_dag.py took 0.373 seconds
[2026-08-12T05:21:29.927+0000] {processor.py:186} INFO - Started process (PID=6040) to work on /home/airflow/.local/lib/python3.12/site-packages/airflow/example_dags/example_sla_dag.py
[2026-08-12T05:21:29.929+0000] {processor.py:914} INFO - Processing file /home/airflow/.local/lib/python3.12/site-packages/airflow/example_dags/example_sla_dag.py for tasks to queue
[2026-08-12T05:21:29.934+0000] {logging_mixin.py:190} INFO - [2026-08-12T05:21:29.933+0000] {dagbag.py:587} INFO - Filling up the DagBag from /home/airflow/.local/lib/python3.12/site-packages/airflow/example_dags/example_sla_dag.py
[2026-08-12T05:21:29.947+0000] {processor.py:925} INFO - DAG(s) 'example_sla_dag' retrieved from /home/airflow/.local/lib/python3.12/site-packages/airflow/example_dags/example_sla_dag.py
[2026-08-12T05:21:29.982+0000] {logging_mixin.py:190} INFO - [2026-08-12T05:21:29.982+0000] {dag.py:3211} INFO - Sync 1 DAGs
[2026-08-12T05:21:30.015+0000] {logging_mixin.py:190} INFO - [2026-08-12T05:21:30.014+0000] {dag.py:4138} INFO - Setting next_dagrun for example_sla_dag to 2026-08-12 05:18:00+00:00, run_after=2026-08-12 05:20:00+00:00
[2026-08-12T05:21:30.049+0000] {processor.py:208} INFO - Processing /home/airflow/.local/lib/python3.12/site-packages/airflow/example_dags/example_sla_dag.py took 0.129 seconds
[2026-08-12T05:22:00.339+0000] {processor.py:186} INFO - Started process (PID=6106) to work on /home/airflow/.local/lib/python3.12/site-packages/airflow/example_dags/example_sla_dag.py
[2026-08-12T05:22:00.340+0000] {processor.py:914} INFO - Processing file /home/airflow/.local/lib/python3.12/site-packages/airflow/example_dags/example_sla_dag.py for tasks to queue
[2026-08-12T05:22:00.343+0000] {logging_mixin.py:190} INFO - [2026-08-12T05:22:00.343+0000] {dagbag.py:587} INFO - Filling up the DagBag from /home/airflow/.local/lib/python3.12/site-packages/airflow/example_dags/example_sla_dag.py
[2026-08-12T05:22:00.354+0000] {processor.py:925} INFO - DAG(s) 'example_sla_dag' retrieved from /home/airflow/.local/lib/python3.12/site-packages/airflow/example_dags/example_sla_dag.py
[2026-08-12T05:22:00.378+0000] {logging_mixin.py:190} INFO - [2026-08-12T05:22:00.377+0000] {dag.py:3211} INFO - Sync 1 DAGs
[2026-08-12T05:22:00.455+0000] {logging_mixin.py:190} INFO - [2026-08-12T05:22:00.455+0000] {dag.py:4138} INFO - Setting next_dagrun for example_sla_dag to 2026-08-12 05:20:00+00:00, run_after=2026-08-12 05:22:00+00:00
[2026-08-12T05:22:00.493+0000] {processor.py:208} INFO - Processing /home/airflow/.local/lib/python3.12/site-packages/airflow/example_dags/example_sla_dag.py took 0.160 seconds
[2026-08-12T05:22:30.834+0000] {processor.py:186} INFO - Started process (PID=6169) to work on /home/airflow/.local/lib/python3.12/site-packages/airflow/example_dags/example_sla_dag.py
[2026-08-12T05:22:30.836+0000] {processor.py:914} INFO - Processing file /home/airflow/.local/lib/python3.12/site-packages/airflow/example_dags/example_sla_dag.py for tasks to queue
[2026-08-12T05:22:30.840+0000] {logging_mixin.py:190} INFO - [2026-08-12T05:22:30.839+0000] {dagbag.py:587} INFO - Filling up the DagBag from /home/airflow/.local/lib/python3.12/site-packages/airflow/example_dags/example_sla_dag.py
[2026-08-12T05:22:30.856+0000] {processor.py:925} INFO - DAG(s) 'example_sla_dag' retrieved from /home/airflow/.local/lib/python3.12/site-packages/airflow/example_dags/example_sla_dag.py
[2026-08-12T05:22:30.881+0000] {logging_mixin.py:190} INFO - [2026-08-12T05:22:30.880+0000] {dag.py:3211} INFO - Sync 1 DAGs
[2026-08-12T05:22:30.912+0000] {logging_mixin.py:190} INFO - [2026-08-12T05:22:30.912+0000] {dag.py:4138} INFO - Setting next_dagrun for example_sla_dag to 2026-08-12 05:20:00+00:00, run_after=2026-08-12 05:22:00+00:00
[2026-08-12T05:22:30.947+0000] {processor.py:208} INFO - Processing /home/airflow/.local/lib/python3.12/site-packages/airflow/example_dags/example_sla_dag.py took 0.121 seconds
[2026-08-12T05:23:01.348+0000] {processor.py:186} INFO - Started process (PID=6233) to work on /home/airflow/.local/lib/python3.12/site-packages/airflow/example_dags/example_sla_dag.py
[2026-08-12T05:23:01.349+0000] {processor.py:914} INFO - Processing file /home/airflow/.local/lib/python3.12/site-packages/airflow/example_dags/example_sla_dag.py for tasks to queue
[2026-08-12T05:23:01.352+0000] {logging_mixin.py:190} INFO - [2026-08-12T05:23:01.352+0000] {dagbag.py:587} INFO - Filling up the DagBag from /home/airflow/.local/lib/python3.12/site-packages/airflow/example_dags/example_sla_dag.py
[2026-08-12T05:23:01.362+0000] {processor.py:925} INFO - DAG(s) 'example_sla_dag' retrieved from /home/airflow/.local/lib/python3.12/site-packages/airflow/example_dags/example_sla_dag.py
[2026-08-12T05:23:01.385+0000] {logging_mixin.py:190} INFO - [2026-08-12T05:23:01.385+0000] {dag.py:3211} INFO - Sync 1 DAGs
[2026-08-12T05:23:01.414+0000] {logging_mixin.py:190} INFO - [2026-08-12T05:23:01.414+0000] {dag.py:4138} INFO - Setting next_dagrun for example_sla_dag to 2026-08-12 05:20:00+00:00, run_after=2026-08-12 05:22:00+00:00
[2026-08-12T05:23:01.434+0000] {processor.py:208} INFO - Processing /home/airflow/.local/lib/python3.12/site-packages/airflow/example_dags/example_sla_dag.py took 0.091 seconds
[2026-08-12T05:23:31.648+0000] {processor.py:186} INFO - Started process (PID=6297) to work on /home/airflow/.local/lib/python3.12/site-packages/airflow/example_dags/example_sla_dag.py
[2026-08-12T05:23:31.649+0000] {processor.py:914} INFO - Processing file /home/airflow/.local/lib/python3.12/site-packages/airflow/example_dags/example_sla_dag.py for tasks to queue
[2026-08-12T05:23:31.652+0000] {logging_mixin.py:190} INFO - [2026-08-12T05:23:31.652+0000] {dagbag.py:587} INFO - Filling up the DagBag from /home/airflow/.local/lib/python3.12/site-packages/airflow/example_dags/example_sla_dag.py
[2026-08-12T05:23:31.662+0000] {processor.py:925} INFO - DAG(s) 'example_sla_dag' retrieved from /home/airflow/.local/lib/python3.12/site-packages/airflow/example_dags/example_sla_dag.py
[2026-08-12T05:23:31.684+0000] {logging_mixin.py:190} INFO - [2026-08-12T05:23:31.684+0000] {dag.py:3211} INFO - Sync 1 DAGs
[2026-08-12T05:23:31.707+0000] {logging_mixin.py:190} INFO - [2026-08-12T05:23:31.707+0000] {dag.py:4138} INFO - Setting next_dagrun for example_sla_dag to 2026-08-12 05:20:00+00:00, run_after=2026-08-12 05:22:00+00:00
[2026-08-12T05:23:31.741+0000] {processor.py:208} INFO - Processing /home/airflow/.local/lib/python3.12/site-packages/airflow/example_dags/example_sla_dag.py took 0.098 seconds
[2026-08-12T05:24:01.838+0000] {processor.py:186} INFO - Started process (PID=6360) to work on /home/airflow/.local/lib/python3.12/site-packages/airflow/example_dags/example_sla_dag.py
[2026-08-12T05:24:01.840+0000] {processor.py:914} INFO - Processing file /home/airflow/.local/lib/python3.12/site-packages/airflow/example_dags/example_sla_dag.py for tasks to queue
[2026-08-12T05:24:01.843+0000] {logging_mixin.py:190} INFO - [2026-08-12T05:24:01.843+0000] {dagbag.py:587} INFO - Filling up the DagBag from /home/airflow/.local/lib/python3.12/site-packages/airflow/example_dags/example_sla_dag.py
[2026-08-12T05:24:01.853+0000] {processor.py:925} INFO - DAG(s) 'example_sla_dag' retrieved from /home/airflow/.local/lib/python3.12/site-packages/airflow/example_dags/example_sla_dag.py
[2026-08-12T05:24:01.875+0000] {logging_mixin.py:190} INFO - [2026-08-12T05:24:01.874+0000] {dag.py:3211} INFO - Sync 1 DAGs
[2026-08-12T05:24:01.902+0000] {logging_mixin.py:190} INFO - [2026-08-12T05:24:01.902+0000] {dag.py:4138} INFO - Setting next_dagrun for example_sla_dag to 2026-08-12 05:22:00+00:00, run_after=2026-08-12 05:24:00+00:00
[2026-08-12T05:24:01.944+0000] {processor.py:208} INFO - Processing /home/airflow/.local/lib/python3.12/site-packages/airflow/example_dags/example_sla_dag.py took 0.111 seconds
[2026-08-12T05:24:32.593+0000] {processor.py:186} INFO - Started process (PID=6423) to work on /home/airflow/.local/lib/python3.12/site-packages/airflow/example_dags/example_sla_dag.py
[2026-08-12T05:24:32.594+0000] {processor.py:914} INFO - Processing file /home/airflow/.local/lib/python3.12/site-packages/airflow/example_dags/example_sla_dag.py for tasks to queue
[2026-08-12T05:24:32.597+0000] {logging_mixin.py:190} INFO - [2026-08-12T05:24:32.597+0000] {dagbag.py:587} INFO - Filling up the DagBag from /home/airflow/.local/lib/python3.12/site-packages/airflow/example_dags/example_sla_dag.py
[2026-08-12T05:24:32.607+0000] {processor.py:925} INFO - DAG(s) 'example_sla_dag' retrieved from /home/airflow/.local/lib/python3.12/site-packages/airflow/example_dags/example_sla_dag.py
[2026-08-12T05:24:32.629+0000] {logging_mixin.py:190} INFO - [2026-08-12T05:24:32.629+0000] {dag.py:3211} INFO - Sync 1 DAGs
[2026-08-12T05:24:32.652+0000] {logging_mixin.py:190} INFO - [2026-08-12T05:24:32.652+0000] {dag.py:4138} INFO - Setting next_dagrun for example_sla_dag to 2026-08-12 05:22:00+00:00, run_after=2026-08-12 05:24:00+00:00
[2026-08-12T05:24:32.688+0000] {processor.py:208} INFO - Processing /home/airflow/.local/lib/python3.12/site-packages/airflow/example_dags/example_sla_dag.py took 0.101 seconds
[2026-08-12T05:25:02.807+0000] {processor.py:186} INFO - Started process (PID=6488) to work on /home/airflow/.local/lib/python3.12/site-packages/airflow/example_dags/example_sla_dag.py
[2026-08-12T05:25:02.809+0000] {processor.py:914} INFO - Processing file /home/airflow/.local/lib/python3.12/site-packages/airflow/example_dags/example_sla_dag.py for tasks to queue
[2026-08-12T05:25:02.812+0000] {logging_mixin.py:190} INFO - [2026-08-12T05:25:02.812+0000] {dagbag.py:587} INFO - Filling up the DagBag from /home/airflow/.local/lib/python3.12/site-packages/airflow/example_dags/example_sla_dag.py
[2026-08-12T05:25:02.826+0000] {processor.py:925} INFO - DAG(s) 'example_sla_dag' retrieved from /home/airflow/.local/lib/python3.12/site-packages/airflow/example_dags/example_sla_dag.py
[2026-08-12T05:25:02.855+0000] {logging_mixin.py:190} INFO - [2026-08-12T05:25:02.855+0000] {dag.py:3211} INFO - Sync 1 DAGs
[2026-08-12T05:25:02.881+0000] {logging_mixin.py:190} INFO - [2026-08-12T05:25:02.881+0000] {dag.py:4138} INFO - Setting next_dagrun for example_sla_dag to 2026-08-12 05:22:00+00:00, run_after=2026-08-12 05:24:00+00:00
[2026-08-12T05:25:02.913+0000] {processor.py:208} INFO - Processing /home/airflow/.local/lib/python3.12/site-packages/airflow/example_dags/example_sla_dag.py took 0.113 seconds
[2026-08-12T05:25:33.495+0000] {processor.py:186} INFO - Started process (PID=6551) to work on /home/airflow/.local/lib/python3.12/site-packages/airflow/example_dags/example_sla_dag.py
[2026-08-12T05:25:33.497+0000] {processor.py:914} INFO - Processing file /home/airflow/.local/lib/python3.12/site-packages/airflow/example_dags/example_sla_dag.py for tasks to queue
[2026-08-12T05:25:33.503+0000] {logging_mixin.py:190} INFO - [2026-08-12T05:25:33.502+0000] {dagbag.py:587} INFO - Filling up the DagBag from /home/airflow/.local/lib/python3.12/site-packages/airflow/example_dags/example_sla_dag.py
[2026-08-12T05:25:33.520+0000] {processor.py:925} INFO - DAG(s) 'example_sla_dag' retrieved from /home/airflow/.local/lib/python3.12/site-packages/airflow/example_dags/example_sla_dag.py
[2026-08-12T05:25:33.550+0000] {logging_mixin.py:190} INFO - [2026-08-12T05:25:33.549+0000] {dag.py:3211} INFO - Sync 1 DAGs
[2026-08-12T05:25:33.583+0000] {logging_mixin.py:190} INFO - [2026-08-12T05:25:33.583+0000] {dag.py:4138} INFO - Setting next_dagrun for example_sla_dag to 2026-08-12 05:22:00+00:00, run_after=2026-08-12 05:24:00+00:00
[2026-08-12T05:25:33.610+0000] {processor.py:208} INFO - Processing /home/airflow/.local/lib/python3.12/site-packages/airflow/example_dags/example_sla_dag.py took 0.126 seconds
