[2026-08-12T04:30:51.888+0000] {processor.py:186} INFO - Started process (PID=100) to work on /home/airflow/.local/lib/python3.12/site-packages/airflow/example_dags/example_dag_decorator.py
[2026-08-12T04:30:51.892+0000] {processor.py:914} INFO - Processing file /home/airflow/.local/lib/python3.12/site-packages/airflow/example_dags/example_dag_decorator.py for tasks to queue
[2026-08-12T04:30:51.899+0000] {logging_mixin.py:190} INFO - [2026-08-12T04:30:51.899+0000] {dagbag.py:587} INFO - Filling up the DagBag from /home/airflow/.local/lib/python3.12/site-packages/airflow/example_dags/example_dag_decorator.py
[2026-08-12T04:30:51.934+0000] {processor.py:925} INFO - DAG(s) 'example_dag_decorator' retrieved from /home/airflow/.local/lib/python3.12/site-packages/airflow/example_dags/example_dag_decorator.py
[2026-08-12T04:30:52.199+0000] {logging_mixin.py:190} INFO - [2026-08-12T04:30:52.198+0000] {override.py:1858} INFO - Created Permission View: can edit on DAG:example_dag_decorator
[2026-08-12T04:30:52.216+0000] {logging_mixin.py:190} INFO - [2026-08-12T04:30:52.215+0000] {override.py:1858} INFO - Created Permission View: can delete on DAG:example_dag_decorator
[2026-08-12T04:30:52.229+0000] {logging_mixin.py:190} INFO - [2026-08-12T04:30:52.229+0000] {override.py:1858} INFO - Created Permission View: can read on DAG:example_dag_decorator
[2026-08-12T04:30:52.231+0000] {logging_mixin.py:190} INFO - [2026-08-12T04:30:52.231+0000] {dag.py:3211} INFO - Sync 1 DAGs
[2026-08-12T04:30:52.252+0000] {logging_mixin.py:190} INFO - [2026-08-12T04:30:52.251+0000] {dag.py:3234} INFO - Creating ORM DAG for example_dag_decorator
[2026-08-12T04:30:52.254+0000] {logging_mixin.py:190} INFO - [2026-08-12T04:30:52.254+0000] {dag.py:4138} INFO - Setting next_dagrun for example_dag_decorator to None, run_after=None
[2026-08-12T04:30:52.282+0000] {processor.py:208} INFO - Processing /home/airflow/.local/lib/python3.12/site-packages/airflow/example_dags/example_dag_decorator.py took 0.408 seconds
[2026-08-12T04:31:22.952+0000] {processor.py:186} INFO - Started process (PID=162) to work on /home/airflow/.local/lib/python3.12/site-packages/airflow/example_dags/example_dag_decorator.py
[2026-08-12T04:31:22.953+0000] {processor.py:914} INFO - Processing file /home/airflow/.local/lib/python3.12/site-packages/airflow/example_dags/example_dag_decorator.py for tasks to queue
[2026-08-12T04:31:22.957+0000] {logging_mixin.py:190} INFO - [2026-08-12T04:31:22.957+0000] {dagbag.py:587} INFO - Filling up the DagBag from /home/airflow/.local/lib/python3.12/site-packages/airflow/example_dags/example_dag_decorator.py
[2026-08-12T04:31:22.974+0000] {processor.py:925} INFO - DAG(s) 'example_dag_decorator' retrieved from /home/airflow/.local/lib/python3.12/site-packages/airflow/example_dags/example_dag_decorator.py
[2026-08-12T04:31:23.075+0000] {logging_mixin.py:190} INFO - [2026-08-12T04:31:23.075+0000] {dag.py:3211} INFO - Sync 1 DAGs
[2026-08-12T04:31:23.086+0000] {logging_mixin.py:190} INFO - [2026-08-12T04:31:23.086+0000] {dag.py:4138} INFO - Setting next_dagrun for example_dag_decorator to None, run_after=None
[2026-08-12T04:31:23.107+0000] {processor.py:208} INFO - Processing /home/airflow/.local/lib/python3.12/site-packages/airflow/example_dags/example_dag_decorator.py took 0.162 seconds
[2026-08-12T04:31:53.241+0000] {processor.py:186} INFO - Started process (PID=224) to work on /home/airflow/.local/lib/python3.12/site-packages/airflow/example_dags/example_dag_decorator.py
[2026-08-12T04:31:53.243+0000] {processor.py:914} INFO - Processing file /home/airflow/.local/lib/python3.12/site-packages/airflow/example_dags/example_dag_decorator.py for tasks to queue
[2026-08-12T04:31:53.246+0000] {logging_mixin.py:190} INFO - [2026-08-12T04:31:53.246+0000] {dagbag.py:587} INFO - Filling up the DagBag from /home/airflow/.local/lib/python3.12/site-packages/airflow/example_dags/example_dag_decorator.py
[2026-08-12T04:31:53.256+0000] {processor.py:925} INFO - DAG(s) 'example_dag_decorator' retrieved from /home/airflow/.local/lib/python3.12/site-packages/airflow/example_dags/example_dag_decorator.py
[2026-08-12T04:31:53.382+0000] {logging_mixin.py:190} INFO - [2026-08-12T04:31:53.381+0000] {dag.py:3211} INFO - Sync 1 DAGs
[2026-08-12T04:31:53.397+0000] {logging_mixin.py:190} INFO - [2026-08-12T04:31:53.396+0000] {dag.py:4138} INFO - Setting next_dagrun for example_dag_decorator to None, run_after=None
[2026-08-12T04:31:53.418+0000] {processor.py:208} INFO - Processing /home/airflow/.local/lib/python3.12/site-packages/airflow/example_dags/example_dag_decorator.py took 0.183 seconds
[2026-08-12T04:33:04.973+0000] {processor.py:186} INFO - Started process (PID=97) to work on /home/airflow/.local/lib/python3.12/site-packages/airflow/example_dags/example_dag_decorator.py
[2026-08-12T04:33:04.976+0000] {processor.py:914} INFO - Processing file /home/airflow/.local/lib/python3.12/site-packages/airflow/example_dags/example_dag_decorator.py for tasks to queue
[2026-08-12T04:33:04.980+0000] {logging_mixin.py:190} INFO - [2026-08-12T04:33:04.980+0000] {dagbag.py:587} INFO - Filling up the DagBag from /home/airflow/.local/lib/python3.12/site-packages/airflow/example_dags/example_dag_decorator.py
[2026-08-12T04:33:04.996+0000] {processor.py:925} INFO - DAG(s) 'example_dag_decorator' retrieved from /home/airflow/.local/lib/python3.12/site-packages/airflow/example_dags/example_dag_decorator.py
[2026-08-12T04:33:05.143+0000] {logging_mixin.py:190} INFO - [2026-08-12T04:33:05.143+0000] {dag.py:3211} INFO - Sync 1 DAGs
[2026-08-12T04:33:05.160+0000] {logging_mixin.py:190} INFO - [2026-08-12T04:33:05.160+0000] {dag.py:4138} INFO - Setting next_dagrun for example_dag_decorator to None, run_after=None
[2026-08-12T04:33:05.189+0000] {processor.py:208} INFO - Processing /home/airflow/.local/lib/python3.12/site-packages/airflow/example_dags/example_dag_decorator.py took 0.226 seconds
[2026-08-12T04:33:35.713+0000] {processor.py:186} INFO - Started process (PID=159) to work on /home/airflow/.local/lib/python3.12/site-packages/airflow/example_dags/example_dag_decorator.py
[2026-08-12T04:33:35.715+0000] {processor.py:914} INFO - Processing file /home/airflow/.local/lib/python3.12/site-packages/airflow/example_dags/example_dag_decorator.py for tasks to queue
[2026-08-12T04:33:35.718+0000] {logging_mixin.py:190} INFO - [2026-08-12T04:33:35.718+0000] {dagbag.py:587} INFO - Filling up the DagBag from /home/airflow/.local/lib/python3.12/site-packages/airflow/example_dags/example_dag_decorator.py
[2026-08-12T04:33:35.735+0000] {processor.py:925} INFO - DAG(s) 'example_dag_decorator' retrieved from /home/airflow/.local/lib/python3.12/site-packages/airflow/example_dags/example_dag_decorator.py
[2026-08-12T04:33:35.854+0000] {logging_mixin.py:190} INFO - [2026-08-12T04:33:35.854+0000] {dag.py:3211} INFO - Sync 1 DAGs
[2026-08-12T04:33:35.869+0000] {logging_mixin.py:190} INFO - [2026-08-12T04:33:35.868+0000] {dag.py:4138} INFO - Setting next_dagrun for example_dag_decorator to None, run_after=None
[2026-08-12T04:33:35.897+0000] {processor.py:208} INFO - Processing /home/airflow/.local/lib/python3.12/site-packages/airflow/example_dags/example_dag_decorator.py took 0.190 seconds
[2026-08-12T04:34:06.177+0000] {processor.py:186} INFO - Started process (PID=221) to work on /home/airflow/.local/lib/python3.12/site-packages/airflow/example_dags/example_dag_decorator.py
[2026-08-12T04:34:06.179+0000] {processor.py:914} INFO - Processing file /home/airflow/.local/lib/python3.12/site-packages/airflow/example_dags/example_dag_decorator.py for tasks to queue
[2026-08-12T04:34:06.183+0000] {logging_mixin.py:190} INFO - [2026-08-12T04:34:06.182+0000] {dagbag.py:587} INFO - Filling up the DagBag from /home/airflow/.local/lib/python3.12/site-packages/airflow/example_dags/example_dag_decorator.py
[2026-08-12T04:34:06.199+0000] {processor.py:925} INFO - DAG(s) 'example_dag_decorator' retrieved from /home/airflow/.local/lib/python3.12/site-packages/airflow/example_dags/example_dag_decorator.py
[2026-08-12T04:34:06.306+0000] {logging_mixin.py:190} INFO - [2026-08-12T04:34:06.305+0000] {dag.py:3211} INFO - Sync 1 DAGs
[2026-08-12T04:34:06.318+0000] {logging_mixin.py:190} INFO - [2026-08-12T04:34:06.318+0000] {dag.py:4138} INFO - Setting next_dagrun for example_dag_decorator to None, run_after=None
[2026-08-12T04:34:06.342+0000] {processor.py:208} INFO - Processing /home/airflow/.local/lib/python3.12/site-packages/airflow/example_dags/example_dag_decorator.py took 0.171 seconds
[2026-08-12T04:34:36.730+0000] {processor.py:186} INFO - Started process (PID=283) to work on /home/airflow/.local/lib/python3.12/site-packages/airflow/example_dags/example_dag_decorator.py
[2026-08-12T04:34:36.731+0000] {processor.py:914} INFO - Processing file /home/airflow/.local/lib/python3.12/site-packages/airflow/example_dags/example_dag_decorator.py for tasks to queue
[2026-08-12T04:34:36.735+0000] {logging_mixin.py:190} INFO - [2026-08-12T04:34:36.735+0000] {dagbag.py:587} INFO - Filling up the DagBag from /home/airflow/.local/lib/python3.12/site-packages/airflow/example_dags/example_dag_decorator.py
[2026-08-12T04:34:36.748+0000] {processor.py:925} INFO - DAG(s) 'example_dag_decorator' retrieved from /home/airflow/.local/lib/python3.12/site-packages/airflow/example_dags/example_dag_decorator.py
[2026-08-12T04:34:36.869+0000] {logging_mixin.py:190} INFO - [2026-08-12T04:34:36.869+0000] {dag.py:3211} INFO - Sync 1 DAGs
[2026-08-12T04:34:36.887+0000] {logging_mixin.py:190} INFO - [2026-08-12T04:34:36.886+0000] {dag.py:4138} INFO - Setting next_dagrun for example_dag_decorator to None, run_after=None
[2026-08-12T04:34:36.916+0000] {processor.py:208} INFO - Processing /home/airflow/.local/lib/python3.12/site-packages/airflow/example_dags/example_dag_decorator.py took 0.191 seconds
[2026-08-12T04:35:07.053+0000] {processor.py:186} INFO - Started process (PID=345) to work on /home/airflow/.local/lib/python3.12/site-packages/airflow/example_dags/example_dag_decorator.py
[2026-08-12T04:35:07.056+0000] {processor.py:914} INFO - Processing file /home/airflow/.local/lib/python3.12/site-packages/airflow/example_dags/example_dag_decorator.py for tasks to queue
[2026-08-12T04:35:07.059+0000] {logging_mixin.py:190} INFO - [2026-08-12T04:35:07.059+0000] {dagbag.py:587} INFO - Filling up the DagBag from /home/airflow/.local/lib/python3.12/site-packages/airflow/example_dags/example_dag_decorator.py
[2026-08-12T04:35:07.074+0000] {processor.py:925} INFO - DAG(s) 'example_dag_decorator' retrieved from /home/airflow/.local/lib/python3.12/site-packages/airflow/example_dags/example_dag_decorator.py
[2026-08-12T04:35:07.216+0000] {logging_mixin.py:190} INFO - [2026-08-12T04:35:07.216+0000] {dag.py:3211} INFO - Sync 1 DAGs
[2026-08-12T04:35:07.228+0000] {logging_mixin.py:190} INFO - [2026-08-12T04:35:07.228+0000] {dag.py:4138} INFO - Setting next_dagrun for example_dag_decorator to None, run_after=None
[2026-08-12T04:35:07.252+0000] {processor.py:208} INFO - Processing /home/airflow/.local/lib/python3.12/site-packages/airflow/example_dags/example_dag_decorator.py took 0.205 seconds
[2026-08-12T04:35:37.433+0000] {processor.py:186} INFO - Started process (PID=407) to work on /home/airflow/.local/lib/python3.12/site-packages/airflow/example_dags/example_dag_decorator.py
[2026-08-12T04:35:37.434+0000] {processor.py:914} INFO - Processing file /home/airflow/.local/lib/python3.12/site-packages/airflow/example_dags/example_dag_decorator.py for tasks to queue
[2026-08-12T04:35:37.438+0000] {logging_mixin.py:190} INFO - [2026-08-12T04:35:37.438+0000] {dagbag.py:587} INFO - Filling up the DagBag from /home/airflow/.local/lib/python3.12/site-packages/airflow/example_dags/example_dag_decorator.py
[2026-08-12T04:35:37.453+0000] {processor.py:925} INFO - DAG(s) 'example_dag_decorator' retrieved from /home/airflow/.local/lib/python3.12/site-packages/airflow/example_dags/example_dag_decorator.py
[2026-08-12T04:35:37.569+0000] {logging_mixin.py:190} INFO - [2026-08-12T04:35:37.569+0000] {dag.py:3211} INFO - Sync 1 DAGs
[2026-08-12T04:35:37.581+0000] {logging_mixin.py:190} INFO - [2026-08-12T04:35:37.581+0000] {dag.py:4138} INFO - Setting next_dagrun for example_dag_decorator to None, run_after=None
[2026-08-12T04:35:37.601+0000] {processor.py:208} INFO - Processing /home/airflow/.local/lib/python3.12/site-packages/airflow/example_dags/example_dag_decorator.py took 0.174 seconds
[2026-08-12T04:36:07.809+0000] {processor.py:186} INFO - Started process (PID=469) to work on /home/airflow/.local/lib/python3.12/site-packages/airflow/example_dags/example_dag_decorator.py
[2026-08-12T04:36:07.811+0000] {processor.py:914} INFO - Processing file /home/airflow/.local/lib/python3.12/site-packages/airflow/example_dags/example_dag_decorator.py for tasks to queue
[2026-08-12T04:36:07.815+0000] {logging_mixin.py:190} INFO - [2026-08-12T04:36:07.815+0000] {dagbag.py:587} INFO - Filling up the DagBag from /home/airflow/.local/lib/python3.12/site-packages/airflow/example_dags/example_dag_decorator.py
[2026-08-12T04:36:07.833+0000] {processor.py:925} INFO - DAG(s) 'example_dag_decorator' retrieved from /home/airflow/.local/lib/python3.12/site-packages/airflow/example_dags/example_dag_decorator.py
[2026-08-12T04:36:08.068+0000] {logging_mixin.py:190} INFO - [2026-08-12T04:36:08.068+0000] {dag.py:3211} INFO - Sync 1 DAGs
[2026-08-12T04:36:08.086+0000] {logging_mixin.py:190} INFO - [2026-08-12T04:36:08.086+0000] {dag.py:4138} INFO - Setting next_dagrun for example_dag_decorator to None, run_after=None
[2026-08-12T04:36:08.115+0000] {processor.py:208} INFO - Processing /home/airflow/.local/lib/python3.12/site-packages/airflow/example_dags/example_dag_decorator.py took 0.313 seconds
[2026-08-12T04:36:38.447+0000] {processor.py:186} INFO - Started process (PID=531) to work on /home/airflow/.local/lib/python3.12/site-packages/airflow/example_dags/example_dag_decorator.py
[2026-08-12T04:36:38.449+0000] {processor.py:914} INFO - Processing file /home/airflow/.local/lib/python3.12/site-packages/airflow/example_dags/example_dag_decorator.py for tasks to queue
[2026-08-12T04:36:38.456+0000] {logging_mixin.py:190} INFO - [2026-08-12T04:36:38.454+0000] {dagbag.py:587} INFO - Filling up the DagBag from /home/airflow/.local/lib/python3.12/site-packages/airflow/example_dags/example_dag_decorator.py
[2026-08-12T04:36:38.477+0000] {processor.py:925} INFO - DAG(s) 'example_dag_decorator' retrieved from /home/airflow/.local/lib/python3.12/site-packages/airflow/example_dags/example_dag_decorator.py
[2026-08-12T04:36:38.616+0000] {logging_mixin.py:190} INFO - [2026-08-12T04:36:38.616+0000] {dag.py:3211} INFO - Sync 1 DAGs
[2026-08-12T04:36:38.630+0000] {logging_mixin.py:190} INFO - [2026-08-12T04:36:38.630+0000] {dag.py:4138} INFO - Setting next_dagrun for example_dag_decorator to None, run_after=None
[2026-08-12T04:36:38.660+0000] {processor.py:208} INFO - Processing /home/airflow/.local/lib/python3.12/site-packages/airflow/example_dags/example_dag_decorator.py took 0.223 seconds
[2026-08-12T04:37:08.767+0000] {processor.py:186} INFO - Started process (PID=593) to work on /home/airflow/.local/lib/python3.12/site-packages/airflow/example_dags/example_dag_decorator.py
[2026-08-12T04:37:08.769+0000] {processor.py:914} INFO - Processing file /home/airflow/.local/lib/python3.12/site-packages/airflow/example_dags/example_dag_decorator.py for tasks to queue
[2026-08-12T04:37:08.774+0000] {logging_mixin.py:190} INFO - [2026-08-12T04:37:08.773+0000] {dagbag.py:587} INFO - Filling up the DagBag from /home/airflow/.local/lib/python3.12/site-packages/airflow/example_dags/example_dag_decorator.py
[2026-08-12T04:37:08.788+0000] {processor.py:925} INFO - DAG(s) 'example_dag_decorator' retrieved from /home/airflow/.local/lib/python3.12/site-packages/airflow/example_dags/example_dag_decorator.py
[2026-08-12T04:37:08.913+0000] {logging_mixin.py:190} INFO - [2026-08-12T04:37:08.912+0000] {dag.py:3211} INFO - Sync 1 DAGs
[2026-08-12T04:37:08.932+0000] {logging_mixin.py:190} INFO - [2026-08-12T04:37:08.932+0000] {dag.py:4138} INFO - Setting next_dagrun for example_dag_decorator to None, run_after=None
[2026-08-12T04:37:08.969+0000] {processor.py:208} INFO - Processing /home/airflow/.local/lib/python3.12/site-packages/airflow/example_dags/example_dag_decorator.py took 0.210 seconds
[2026-08-12T04:37:39.597+0000] {processor.py:186} INFO - Started process (PID=655) to work on /home/airflow/.local/lib/python3.12/site-packages/airflow/example_dags/example_dag_decorator.py
[2026-08-12T04:37:39.599+0000] {processor.py:914} INFO - Processing file /home/airflow/.local/lib/python3.12/site-packages/airflow/example_dags/example_dag_decorator.py for tasks to queue
[2026-08-12T04:37:39.603+0000] {logging_mixin.py:190} INFO - [2026-08-12T04:37:39.602+0000] {dagbag.py:587} INFO - Filling up the DagBag from /home/airflow/.local/lib/python3.12/site-packages/airflow/example_dags/example_dag_decorator.py
[2026-08-12T04:37:39.619+0000] {processor.py:925} INFO - DAG(s) 'example_dag_decorator' retrieved from /home/airflow/.local/lib/python3.12/site-packages/airflow/example_dags/example_dag_decorator.py
[2026-08-12T04:37:39.743+0000] {logging_mixin.py:190} INFO - [2026-08-12T04:37:39.743+0000] {dag.py:3211} INFO - Sync 1 DAGs
[2026-08-12T04:37:39.757+0000] {logging_mixin.py:190} INFO - [2026-08-12T04:37:39.756+0000] {dag.py:4138} INFO - Setting next_dagrun for example_dag_decorator to None, run_after=None
[2026-08-12T04:37:39.780+0000] {processor.py:208} INFO - Processing /home/airflow/.local/lib/python3.12/site-packages/airflow/example_dags/example_dag_decorator.py took 0.191 seconds
[2026-08-12T04:38:09.911+0000] {processor.py:186} INFO - Started process (PID=718) to work on /home/airflow/.local/lib/python3.12/site-packages/airflow/example_dags/example_dag_decorator.py
[2026-08-12T04:38:09.912+0000] {processor.py:914} INFO - Processing file /home/airflow/.local/lib/python3.12/site-packages/airflow/example_dags/example_dag_decorator.py for tasks to queue
[2026-08-12T04:38:09.915+0000] {logging_mixin.py:190} INFO - [2026-08-12T04:38:09.915+0000] {dagbag.py:587} INFO - Filling up the DagBag from /home/airflow/.local/lib/python3.12/site-packages/airflow/example_dags/example_dag_decorator.py
[2026-08-12T04:38:09.926+0000] {processor.py:925} INFO - DAG(s) 'example_dag_decorator' retrieved from /home/airflow/.local/lib/python3.12/site-packages/airflow/example_dags/example_dag_decorator.py
[2026-08-12T04:38:10.046+0000] {logging_mixin.py:190} INFO - [2026-08-12T04:38:10.046+0000] {dag.py:3211} INFO - Sync 1 DAGs
[2026-08-12T04:38:10.060+0000] {logging_mixin.py:190} INFO - [2026-08-12T04:38:10.060+0000] {dag.py:4138} INFO - Setting next_dagrun for example_dag_decorator to None, run_after=None
[2026-08-12T04:38:10.100+0000] {processor.py:208} INFO - Processing /home/airflow/.local/lib/python3.12/site-packages/airflow/example_dags/example_dag_decorator.py took 0.194 seconds
[2026-08-12T04:38:40.205+0000] {processor.py:186} INFO - Started process (PID=780) to work on /home/airflow/.local/lib/python3.12/site-packages/airflow/example_dags/example_dag_decorator.py
[2026-08-12T04:38:40.207+0000] {processor.py:914} INFO - Processing file /home/airflow/.local/lib/python3.12/site-packages/airflow/example_dags/example_dag_decorator.py for tasks to queue
[2026-08-12T04:38:40.211+0000] {logging_mixin.py:190} INFO - [2026-08-12T04:38:40.211+0000] {dagbag.py:587} INFO - Filling up the DagBag from /home/airflow/.local/lib/python3.12/site-packages/airflow/example_dags/example_dag_decorator.py
[2026-08-12T04:38:40.228+0000] {processor.py:925} INFO - DAG(s) 'example_dag_decorator' retrieved from /home/airflow/.local/lib/python3.12/site-packages/airflow/example_dags/example_dag_decorator.py
[2026-08-12T04:38:40.333+0000] {logging_mixin.py:190} INFO - [2026-08-12T04:38:40.332+0000] {dag.py:3211} INFO - Sync 1 DAGs
[2026-08-12T04:38:40.347+0000] {logging_mixin.py:190} INFO - [2026-08-12T04:38:40.347+0000] {dag.py:4138} INFO - Setting next_dagrun for example_dag_decorator to None, run_after=None
[2026-08-12T04:38:40.384+0000] {processor.py:208} INFO - Processing /home/airflow/.local/lib/python3.12/site-packages/airflow/example_dags/example_dag_decorator.py took 0.188 seconds
[2026-08-12T04:39:10.841+0000] {processor.py:186} INFO - Started process (PID=841) to work on /home/airflow/.local/lib/python3.12/site-packages/airflow/example_dags/example_dag_decorator.py
[2026-08-12T04:39:10.843+0000] {processor.py:914} INFO - Processing file /home/airflow/.local/lib/python3.12/site-packages/airflow/example_dags/example_dag_decorator.py for tasks to queue
[2026-08-12T04:39:10.849+0000] {logging_mixin.py:190} INFO - [2026-08-12T04:39:10.848+0000] {dagbag.py:587} INFO - Filling up the DagBag from /home/airflow/.local/lib/python3.12/site-packages/airflow/example_dags/example_dag_decorator.py
[2026-08-12T04:39:10.864+0000] {processor.py:925} INFO - DAG(s) 'example_dag_decorator' retrieved from /home/airflow/.local/lib/python3.12/site-packages/airflow/example_dags/example_dag_decorator.py
[2026-08-12T04:39:10.971+0000] {logging_mixin.py:190} INFO - [2026-08-12T04:39:10.971+0000] {dag.py:3211} INFO - Sync 1 DAGs
[2026-08-12T04:39:10.982+0000] {logging_mixin.py:190} INFO - [2026-08-12T04:39:10.982+0000] {dag.py:4138} INFO - Setting next_dagrun for example_dag_decorator to None, run_after=None
[2026-08-12T04:39:11.005+0000] {processor.py:208} INFO - Processing /home/airflow/.local/lib/python3.12/site-packages/airflow/example_dags/example_dag_decorator.py took 0.173 seconds
[2026-08-12T04:39:41.552+0000] {processor.py:186} INFO - Started process (PID=903) to work on /home/airflow/.local/lib/python3.12/site-packages/airflow/example_dags/example_dag_decorator.py
[2026-08-12T04:39:41.554+0000] {processor.py:914} INFO - Processing file /home/airflow/.local/lib/python3.12/site-packages/airflow/example_dags/example_dag_decorator.py for tasks to queue
[2026-08-12T04:39:41.558+0000] {logging_mixin.py:190} INFO - [2026-08-12T04:39:41.557+0000] {dagbag.py:587} INFO - Filling up the DagBag from /home/airflow/.local/lib/python3.12/site-packages/airflow/example_dags/example_dag_decorator.py
[2026-08-12T04:39:41.571+0000] {processor.py:925} INFO - DAG(s) 'example_dag_decorator' retrieved from /home/airflow/.local/lib/python3.12/site-packages/airflow/example_dags/example_dag_decorator.py
[2026-08-12T04:39:41.700+0000] {logging_mixin.py:190} INFO - [2026-08-12T04:39:41.700+0000] {dag.py:3211} INFO - Sync 1 DAGs
[2026-08-12T04:39:41.714+0000] {logging_mixin.py:190} INFO - [2026-08-12T04:39:41.713+0000] {dag.py:4138} INFO - Setting next_dagrun for example_dag_decorator to None, run_after=None
[2026-08-12T04:39:41.734+0000] {processor.py:208} INFO - Processing /home/airflow/.local/lib/python3.12/site-packages/airflow/example_dags/example_dag_decorator.py took 0.188 seconds
[2026-08-12T04:40:12.052+0000] {processor.py:186} INFO - Started process (PID=965) to work on /home/airflow/.local/lib/python3.12/site-packages/airflow/example_dags/example_dag_decorator.py
[2026-08-12T04:40:12.053+0000] {processor.py:914} INFO - Processing file /home/airflow/.local/lib/python3.12/site-packages/airflow/example_dags/example_dag_decorator.py for tasks to queue
[2026-08-12T04:40:12.057+0000] {logging_mixin.py:190} INFO - [2026-08-12T04:40:12.056+0000] {dagbag.py:587} INFO - Filling up the DagBag from /home/airflow/.local/lib/python3.12/site-packages/airflow/example_dags/example_dag_decorator.py
[2026-08-12T04:40:12.069+0000] {processor.py:925} INFO - DAG(s) 'example_dag_decorator' retrieved from /home/airflow/.local/lib/python3.12/site-packages/airflow/example_dags/example_dag_decorator.py
[2026-08-12T04:40:12.163+0000] {logging_mixin.py:190} INFO - [2026-08-12T04:40:12.163+0000] {dag.py:3211} INFO - Sync 1 DAGs
[2026-08-12T04:40:12.173+0000] {logging_mixin.py:190} INFO - [2026-08-12T04:40:12.173+0000] {dag.py:4138} INFO - Setting next_dagrun for example_dag_decorator to None, run_after=None
[2026-08-12T04:40:12.192+0000] {processor.py:208} INFO - Processing /home/airflow/.local/lib/python3.12/site-packages/airflow/example_dags/example_dag_decorator.py took 0.148 seconds
[2026-08-12T04:40:42.573+0000] {processor.py:186} INFO - Started process (PID=1027) to work on /home/airflow/.local/lib/python3.12/site-packages/airflow/example_dags/example_dag_decorator.py
[2026-08-12T04:40:42.575+0000] {processor.py:914} INFO - Processing file /home/airflow/.local/lib/python3.12/site-packages/airflow/example_dags/example_dag_decorator.py for tasks to queue
[2026-08-12T04:40:42.580+0000] {logging_mixin.py:190} INFO - [2026-08-12T04:40:42.579+0000] {dagbag.py:587} INFO - Filling up the DagBag from /home/airflow/.local/lib/python3.12/site-packages/airflow/example_dags/example_dag_decorator.py
[2026-08-12T04:40:42.594+0000] {processor.py:925} INFO - DAG(s) 'example_dag_decorator' retrieved from /home/airflow/.local/lib/python3.12/site-packages/airflow/example_dags/example_dag_decorator.py
[2026-08-12T04:40:42.707+0000] {logging_mixin.py:190} INFO - [2026-08-12T04:40:42.707+0000] {dag.py:3211} INFO - Sync 1 DAGs
[2026-08-12T04:40:42.723+0000] {logging_mixin.py:190} INFO - [2026-08-12T04:40:42.722+0000] {dag.py:4138} INFO - Setting next_dagrun for example_dag_decorator to None, run_after=None
[2026-08-12T04:40:42.749+0000] {processor.py:208} INFO - Processing /home/airflow/.local/lib/python3.12/site-packages/airflow/example_dags/example_dag_decorator.py took 0.185 seconds
[2026-08-12T04:41:12.838+0000] {processor.py:186} INFO - Started process (PID=1089) to work on /home/airflow/.local/lib/python3.12/site-packages/airflow/example_dags/example_dag_decorator.py
[2026-08-12T04:41:12.840+0000] {processor.py:914} INFO - Processing file /home/airflow/.local/lib/python3.12/site-packages/airflow/example_dags/example_dag_decorator.py for tasks to queue
[2026-08-12T04:41:12.843+0000] {logging_mixin.py:190} INFO - [2026-08-12T04:41:12.843+0000] {dagbag.py:587} INFO - Filling up the DagBag from /home/airflow/.local/lib/python3.12/site-packages/airflow/example_dags/example_dag_decorator.py
[2026-08-12T04:41:12.858+0000] {processor.py:925} INFO - DAG(s) 'example_dag_decorator' retrieved from /home/airflow/.local/lib/python3.12/site-packages/airflow/example_dags/example_dag_decorator.py
[2026-08-12T04:41:12.960+0000] {logging_mixin.py:190} INFO - [2026-08-12T04:41:12.960+0000] {dag.py:3211} INFO - Sync 1 DAGs
[2026-08-12T04:41:12.972+0000] {logging_mixin.py:190} INFO - [2026-08-12T04:41:12.971+0000] {dag.py:4138} INFO - Setting next_dagrun for example_dag_decorator to None, run_after=None
[2026-08-12T04:41:12.993+0000] {processor.py:208} INFO - Processing /home/airflow/.local/lib/python3.12/site-packages/airflow/example_dags/example_dag_decorator.py took 0.162 seconds
[2026-08-12T04:41:43.710+0000] {processor.py:186} INFO - Started process (PID=1151) to work on /home/airflow/.local/lib/python3.12/site-packages/airflow/example_dags/example_dag_decorator.py
[2026-08-12T04:41:43.712+0000] {processor.py:914} INFO - Processing file /home/airflow/.local/lib/python3.12/site-packages/airflow/example_dags/example_dag_decorator.py for tasks to queue
[2026-08-12T04:41:43.715+0000] {logging_mixin.py:190} INFO - [2026-08-12T04:41:43.714+0000] {dagbag.py:587} INFO - Filling up the DagBag from /home/airflow/.local/lib/python3.12/site-packages/airflow/example_dags/example_dag_decorator.py
[2026-08-12T04:41:43.727+0000] {processor.py:925} INFO - DAG(s) 'example_dag_decorator' retrieved from /home/airflow/.local/lib/python3.12/site-packages/airflow/example_dags/example_dag_decorator.py
[2026-08-12T04:41:43.850+0000] {logging_mixin.py:190} INFO - [2026-08-12T04:41:43.850+0000] {dag.py:3211} INFO - Sync 1 DAGs
[2026-08-12T04:41:43.863+0000] {logging_mixin.py:190} INFO - [2026-08-12T04:41:43.863+0000] {dag.py:4138} INFO - Setting next_dagrun for example_dag_decorator to None, run_after=None
[2026-08-12T04:41:43.890+0000] {processor.py:208} INFO - Processing /home/airflow/.local/lib/python3.12/site-packages/airflow/example_dags/example_dag_decorator.py took 0.186 seconds
[2026-08-12T04:42:14.091+0000] {processor.py:186} INFO - Started process (PID=1213) to work on /home/airflow/.local/lib/python3.12/site-packages/airflow/example_dags/example_dag_decorator.py
[2026-08-12T04:42:14.093+0000] {processor.py:914} INFO - Processing file /home/airflow/.local/lib/python3.12/site-packages/airflow/example_dags/example_dag_decorator.py for tasks to queue
[2026-08-12T04:42:14.097+0000] {logging_mixin.py:190} INFO - [2026-08-12T04:42:14.096+0000] {dagbag.py:587} INFO - Filling up the DagBag from /home/airflow/.local/lib/python3.12/site-packages/airflow/example_dags/example_dag_decorator.py
[2026-08-12T04:42:14.115+0000] {processor.py:925} INFO - DAG(s) 'example_dag_decorator' retrieved from /home/airflow/.local/lib/python3.12/site-packages/airflow/example_dags/example_dag_decorator.py
[2026-08-12T04:42:14.238+0000] {logging_mixin.py:190} INFO - [2026-08-12T04:42:14.237+0000] {dag.py:3211} INFO - Sync 1 DAGs
[2026-08-12T04:42:14.252+0000] {logging_mixin.py:190} INFO - [2026-08-12T04:42:14.252+0000] {dag.py:4138} INFO - Setting next_dagrun for example_dag_decorator to None, run_after=None
[2026-08-12T04:42:14.282+0000] {processor.py:208} INFO - Processing /home/airflow/.local/lib/python3.12/site-packages/airflow/example_dags/example_dag_decorator.py took 0.200 seconds
[2026-08-12T04:42:44.577+0000] {processor.py:186} INFO - Started process (PID=1276) to work on /home/airflow/.local/lib/python3.12/site-packages/airflow/example_dags/example_dag_decorator.py
[2026-08-12T04:42:44.578+0000] {processor.py:914} INFO - Processing file /home/airflow/.local/lib/python3.12/site-packages/airflow/example_dags/example_dag_decorator.py for tasks to queue
[2026-08-12T04:42:44.581+0000] {logging_mixin.py:190} INFO - [2026-08-12T04:42:44.581+0000] {dagbag.py:587} INFO - Filling up the DagBag from /home/airflow/.local/lib/python3.12/site-packages/airflow/example_dags/example_dag_decorator.py
[2026-08-12T04:42:44.594+0000] {processor.py:925} INFO - DAG(s) 'example_dag_decorator' retrieved from /home/airflow/.local/lib/python3.12/site-packages/airflow/example_dags/example_dag_decorator.py
[2026-08-12T04:42:44.723+0000] {logging_mixin.py:190} INFO - [2026-08-12T04:42:44.722+0000] {dag.py:3211} INFO - Sync 1 DAGs
[2026-08-12T04:42:44.737+0000] {logging_mixin.py:190} INFO - [2026-08-12T04:42:44.737+0000] {dag.py:4138} INFO - Setting next_dagrun for example_dag_decorator to None, run_after=None
[2026-08-12T04:42:44.759+0000] {processor.py:208} INFO - Processing /home/airflow/.local/lib/python3.12/site-packages/airflow/example_dags/example_dag_decorator.py took 0.188 seconds
[2026-08-12T04:43:14.936+0000] {processor.py:186} INFO - Started process (PID=1338) to work on /home/airflow/.local/lib/python3.12/site-packages/airflow/example_dags/example_dag_decorator.py
[2026-08-12T04:43:14.938+0000] {processor.py:914} INFO - Processing file /home/airflow/.local/lib/python3.12/site-packages/airflow/example_dags/example_dag_decorator.py for tasks to queue
[2026-08-12T04:43:14.942+0000] {logging_mixin.py:190} INFO - [2026-08-12T04:43:14.941+0000] {dagbag.py:587} INFO - Filling up the DagBag from /home/airflow/.local/lib/python3.12/site-packages/airflow/example_dags/example_dag_decorator.py
[2026-08-12T04:43:14.958+0000] {processor.py:925} INFO - DAG(s) 'example_dag_decorator' retrieved from /home/airflow/.local/lib/python3.12/site-packages/airflow/example_dags/example_dag_decorator.py
[2026-08-12T04:43:15.061+0000] {logging_mixin.py:190} INFO - [2026-08-12T04:43:15.061+0000] {dag.py:3211} INFO - Sync 1 DAGs
[2026-08-12T04:43:15.072+0000] {logging_mixin.py:190} INFO - [2026-08-12T04:43:15.072+0000] {dag.py:4138} INFO - Setting next_dagrun for example_dag_decorator to None, run_after=None
[2026-08-12T04:43:15.092+0000] {processor.py:208} INFO - Processing /home/airflow/.local/lib/python3.12/site-packages/airflow/example_dags/example_dag_decorator.py took 0.164 seconds
[2026-08-12T04:43:45.341+0000] {processor.py:186} INFO - Started process (PID=1400) to work on /home/airflow/.local/lib/python3.12/site-packages/airflow/example_dags/example_dag_decorator.py
[2026-08-12T04:43:45.343+0000] {processor.py:914} INFO - Processing file /home/airflow/.local/lib/python3.12/site-packages/airflow/example_dags/example_dag_decorator.py for tasks to queue
[2026-08-12T04:43:45.347+0000] {logging_mixin.py:190} INFO - [2026-08-12T04:43:45.347+0000] {dagbag.py:587} INFO - Filling up the DagBag from /home/airflow/.local/lib/python3.12/site-packages/airflow/example_dags/example_dag_decorator.py
[2026-08-12T04:43:45.360+0000] {processor.py:925} INFO - DAG(s) 'example_dag_decorator' retrieved from /home/airflow/.local/lib/python3.12/site-packages/airflow/example_dags/example_dag_decorator.py
[2026-08-12T04:43:45.476+0000] {logging_mixin.py:190} INFO - [2026-08-12T04:43:45.475+0000] {dag.py:3211} INFO - Sync 1 DAGs
[2026-08-12T04:43:45.495+0000] {logging_mixin.py:190} INFO - [2026-08-12T04:43:45.494+0000] {dag.py:4138} INFO - Setting next_dagrun for example_dag_decorator to None, run_after=None
[2026-08-12T04:43:45.519+0000] {processor.py:208} INFO - Processing /home/airflow/.local/lib/python3.12/site-packages/airflow/example_dags/example_dag_decorator.py took 0.183 seconds
[2026-08-12T04:44:16.008+0000] {processor.py:186} INFO - Started process (PID=1461) to work on /home/airflow/.local/lib/python3.12/site-packages/airflow/example_dags/example_dag_decorator.py
[2026-08-12T04:44:16.010+0000] {processor.py:914} INFO - Processing file /home/airflow/.local/lib/python3.12/site-packages/airflow/example_dags/example_dag_decorator.py for tasks to queue
[2026-08-12T04:44:16.013+0000] {logging_mixin.py:190} INFO - [2026-08-12T04:44:16.012+0000] {dagbag.py:587} INFO - Filling up the DagBag from /home/airflow/.local/lib/python3.12/site-packages/airflow/example_dags/example_dag_decorator.py
[2026-08-12T04:44:16.026+0000] {processor.py:925} INFO - DAG(s) 'example_dag_decorator' retrieved from /home/airflow/.local/lib/python3.12/site-packages/airflow/example_dags/example_dag_decorator.py
[2026-08-12T04:44:16.050+0000] {logging_mixin.py:190} INFO - [2026-08-12T04:44:16.050+0000] {dag.py:3211} INFO - Sync 1 DAGs
[2026-08-12T04:44:16.065+0000] {logging_mixin.py:190} INFO - [2026-08-12T04:44:16.065+0000] {dag.py:4138} INFO - Setting next_dagrun for example_dag_decorator to None, run_after=None
[2026-08-12T04:44:16.084+0000] {processor.py:208} INFO - Processing /home/airflow/.local/lib/python3.12/site-packages/airflow/example_dags/example_dag_decorator.py took 0.084 seconds
[2026-08-12T04:44:46.318+0000] {processor.py:186} INFO - Started process (PID=1524) to work on /home/airflow/.local/lib/python3.12/site-packages/airflow/example_dags/example_dag_decorator.py
[2026-08-12T04:44:46.320+0000] {processor.py:914} INFO - Processing file /home/airflow/.local/lib/python3.12/site-packages/airflow/example_dags/example_dag_decorator.py for tasks to queue
[2026-08-12T04:44:46.323+0000] {logging_mixin.py:190} INFO - [2026-08-12T04:44:46.322+0000] {dagbag.py:587} INFO - Filling up the DagBag from /home/airflow/.local/lib/python3.12/site-packages/airflow/example_dags/example_dag_decorator.py
[2026-08-12T04:44:46.337+0000] {processor.py:925} INFO - DAG(s) 'example_dag_decorator' retrieved from /home/airflow/.local/lib/python3.12/site-packages/airflow/example_dags/example_dag_decorator.py
[2026-08-12T04:44:46.449+0000] {logging_mixin.py:190} INFO - [2026-08-12T04:44:46.449+0000] {dag.py:3211} INFO - Sync 1 DAGs
[2026-08-12T04:44:46.462+0000] {logging_mixin.py:190} INFO - [2026-08-12T04:44:46.461+0000] {dag.py:4138} INFO - Setting next_dagrun for example_dag_decorator to None, run_after=None
[2026-08-12T04:44:46.484+0000] {processor.py:208} INFO - Processing /home/airflow/.local/lib/python3.12/site-packages/airflow/example_dags/example_dag_decorator.py took 0.172 seconds
[2026-08-12T04:45:16.795+0000] {processor.py:186} INFO - Started process (PID=1586) to work on /home/airflow/.local/lib/python3.12/site-packages/airflow/example_dags/example_dag_decorator.py
[2026-08-12T04:45:16.797+0000] {processor.py:914} INFO - Processing file /home/airflow/.local/lib/python3.12/site-packages/airflow/example_dags/example_dag_decorator.py for tasks to queue
[2026-08-12T04:45:16.802+0000] {logging_mixin.py:190} INFO - [2026-08-12T04:45:16.802+0000] {dagbag.py:587} INFO - Filling up the DagBag from /home/airflow/.local/lib/python3.12/site-packages/airflow/example_dags/example_dag_decorator.py
[2026-08-12T04:45:16.816+0000] {processor.py:925} INFO - DAG(s) 'example_dag_decorator' retrieved from /home/airflow/.local/lib/python3.12/site-packages/airflow/example_dags/example_dag_decorator.py
[2026-08-12T04:45:16.918+0000] {logging_mixin.py:190} INFO - [2026-08-12T04:45:16.918+0000] {dag.py:3211} INFO - Sync 1 DAGs
[2026-08-12T04:45:16.934+0000] {logging_mixin.py:190} INFO - [2026-08-12T04:45:16.933+0000] {dag.py:4138} INFO - Setting next_dagrun for example_dag_decorator to None, run_after=None
[2026-08-12T04:45:16.955+0000] {processor.py:208} INFO - Processing /home/airflow/.local/lib/python3.12/site-packages/airflow/example_dags/example_dag_decorator.py took 0.166 seconds
[2026-08-12T04:45:47.501+0000] {processor.py:186} INFO - Started process (PID=1648) to work on /home/airflow/.local/lib/python3.12/site-packages/airflow/example_dags/example_dag_decorator.py
[2026-08-12T04:45:47.502+0000] {processor.py:914} INFO - Processing file /home/airflow/.local/lib/python3.12/site-packages/airflow/example_dags/example_dag_decorator.py for tasks to queue
[2026-08-12T04:45:47.505+0000] {logging_mixin.py:190} INFO - [2026-08-12T04:45:47.505+0000] {dagbag.py:587} INFO - Filling up the DagBag from /home/airflow/.local/lib/python3.12/site-packages/airflow/example_dags/example_dag_decorator.py
[2026-08-12T04:45:47.519+0000] {processor.py:925} INFO - DAG(s) 'example_dag_decorator' retrieved from /home/airflow/.local/lib/python3.12/site-packages/airflow/example_dags/example_dag_decorator.py
[2026-08-12T04:45:47.648+0000] {logging_mixin.py:190} INFO - [2026-08-12T04:45:47.647+0000] {dag.py:3211} INFO - Sync 1 DAGs
[2026-08-12T04:45:47.662+0000] {logging_mixin.py:190} INFO - [2026-08-12T04:45:47.662+0000] {dag.py:4138} INFO - Setting next_dagrun for example_dag_decorator to None, run_after=None
[2026-08-12T04:45:47.714+0000] {processor.py:208} INFO - Processing /home/airflow/.local/lib/python3.12/site-packages/airflow/example_dags/example_dag_decorator.py took 0.220 seconds
[2026-08-12T04:46:18.160+0000] {processor.py:186} INFO - Started process (PID=1710) to work on /home/airflow/.local/lib/python3.12/site-packages/airflow/example_dags/example_dag_decorator.py
[2026-08-12T04:46:18.162+0000] {processor.py:914} INFO - Processing file /home/airflow/.local/lib/python3.12/site-packages/airflow/example_dags/example_dag_decorator.py for tasks to queue
[2026-08-12T04:46:18.167+0000] {logging_mixin.py:190} INFO - [2026-08-12T04:46:18.167+0000] {dagbag.py:587} INFO - Filling up the DagBag from /home/airflow/.local/lib/python3.12/site-packages/airflow/example_dags/example_dag_decorator.py
[2026-08-12T04:46:18.190+0000] {processor.py:925} INFO - DAG(s) 'example_dag_decorator' retrieved from /home/airflow/.local/lib/python3.12/site-packages/airflow/example_dags/example_dag_decorator.py
[2026-08-12T04:46:18.338+0000] {logging_mixin.py:190} INFO - [2026-08-12T04:46:18.338+0000] {dag.py:3211} INFO - Sync 1 DAGs
[2026-08-12T04:46:18.363+0000] {logging_mixin.py:190} INFO - [2026-08-12T04:46:18.363+0000] {dag.py:4138} INFO - Setting next_dagrun for example_dag_decorator to None, run_after=None
[2026-08-12T04:46:18.401+0000] {processor.py:208} INFO - Processing /home/airflow/.local/lib/python3.12/site-packages/airflow/example_dags/example_dag_decorator.py took 0.254 seconds
[2026-08-12T04:46:48.680+0000] {processor.py:186} INFO - Started process (PID=1772) to work on /home/airflow/.local/lib/python3.12/site-packages/airflow/example_dags/example_dag_decorator.py
[2026-08-12T04:46:48.682+0000] {processor.py:914} INFO - Processing file /home/airflow/.local/lib/python3.12/site-packages/airflow/example_dags/example_dag_decorator.py for tasks to queue
[2026-08-12T04:46:48.686+0000] {logging_mixin.py:190} INFO - [2026-08-12T04:46:48.685+0000] {dagbag.py:587} INFO - Filling up the DagBag from /home/airflow/.local/lib/python3.12/site-packages/airflow/example_dags/example_dag_decorator.py
[2026-08-12T04:46:48.701+0000] {processor.py:925} INFO - DAG(s) 'example_dag_decorator' retrieved from /home/airflow/.local/lib/python3.12/site-packages/airflow/example_dags/example_dag_decorator.py
[2026-08-12T04:46:48.817+0000] {logging_mixin.py:190} INFO - [2026-08-12T04:46:48.816+0000] {dag.py:3211} INFO - Sync 1 DAGs
[2026-08-12T04:46:48.829+0000] {logging_mixin.py:190} INFO - [2026-08-12T04:46:48.828+0000] {dag.py:4138} INFO - Setting next_dagrun for example_dag_decorator to None, run_after=None
[2026-08-12T04:46:48.849+0000] {processor.py:208} INFO - Processing /home/airflow/.local/lib/python3.12/site-packages/airflow/example_dags/example_dag_decorator.py took 0.175 seconds
[2026-08-12T04:47:19.261+0000] {processor.py:186} INFO - Started process (PID=1834) to work on /home/airflow/.local/lib/python3.12/site-packages/airflow/example_dags/example_dag_decorator.py
[2026-08-12T04:47:19.262+0000] {processor.py:914} INFO - Processing file /home/airflow/.local/lib/python3.12/site-packages/airflow/example_dags/example_dag_decorator.py for tasks to queue
[2026-08-12T04:47:19.266+0000] {logging_mixin.py:190} INFO - [2026-08-12T04:47:19.266+0000] {dagbag.py:587} INFO - Filling up the DagBag from /home/airflow/.local/lib/python3.12/site-packages/airflow/example_dags/example_dag_decorator.py
[2026-08-12T04:47:19.284+0000] {processor.py:925} INFO - DAG(s) 'example_dag_decorator' retrieved from /home/airflow/.local/lib/python3.12/site-packages/airflow/example_dags/example_dag_decorator.py
[2026-08-12T04:47:19.411+0000] {logging_mixin.py:190} INFO - [2026-08-12T04:47:19.411+0000] {dag.py:3211} INFO - Sync 1 DAGs
[2026-08-12T04:47:19.425+0000] {logging_mixin.py:190} INFO - [2026-08-12T04:47:19.425+0000] {dag.py:4138} INFO - Setting next_dagrun for example_dag_decorator to None, run_after=None
[2026-08-12T04:47:19.449+0000] {processor.py:208} INFO - Processing /home/airflow/.local/lib/python3.12/site-packages/airflow/example_dags/example_dag_decorator.py took 0.195 seconds
[2026-08-12T04:47:50.156+0000] {processor.py:186} INFO - Started process (PID=1896) to work on /home/airflow/.local/lib/python3.12/site-packages/airflow/example_dags/example_dag_decorator.py
[2026-08-12T04:47:50.158+0000] {processor.py:914} INFO - Processing file /home/airflow/.local/lib/python3.12/site-packages/airflow/example_dags/example_dag_decorator.py for tasks to queue
[2026-08-12T04:47:50.161+0000] {logging_mixin.py:190} INFO - [2026-08-12T04:47:50.161+0000] {dagbag.py:587} INFO - Filling up the DagBag from /home/airflow/.local/lib/python3.12/site-packages/airflow/example_dags/example_dag_decorator.py
[2026-08-12T04:47:50.174+0000] {processor.py:925} INFO - DAG(s) 'example_dag_decorator' retrieved from /home/airflow/.local/lib/python3.12/site-packages/airflow/example_dags/example_dag_decorator.py
[2026-08-12T04:47:50.278+0000] {logging_mixin.py:190} INFO - [2026-08-12T04:47:50.278+0000] {dag.py:3211} INFO - Sync 1 DAGs
[2026-08-12T04:47:50.292+0000] {logging_mixin.py:190} INFO - [2026-08-12T04:47:50.292+0000] {dag.py:4138} INFO - Setting next_dagrun for example_dag_decorator to None, run_after=None
[2026-08-12T04:47:50.317+0000] {processor.py:208} INFO - Processing /home/airflow/.local/lib/python3.12/site-packages/airflow/example_dags/example_dag_decorator.py took 0.167 seconds
[2026-08-12T04:48:21.527+0000] {processor.py:186} INFO - Started process (PID=1959) to work on /home/airflow/.local/lib/python3.12/site-packages/airflow/example_dags/example_dag_decorator.py
[2026-08-12T04:48:21.531+0000] {processor.py:914} INFO - Processing file /home/airflow/.local/lib/python3.12/site-packages/airflow/example_dags/example_dag_decorator.py for tasks to queue
[2026-08-12T04:48:21.545+0000] {logging_mixin.py:190} INFO - [2026-08-12T04:48:21.543+0000] {dagbag.py:587} INFO - Filling up the DagBag from /home/airflow/.local/lib/python3.12/site-packages/airflow/example_dags/example_dag_decorator.py
[2026-08-12T04:48:21.572+0000] {processor.py:925} INFO - DAG(s) 'example_dag_decorator' retrieved from /home/airflow/.local/lib/python3.12/site-packages/airflow/example_dags/example_dag_decorator.py
[2026-08-12T04:48:21.848+0000] {logging_mixin.py:190} INFO - [2026-08-12T04:48:21.847+0000] {dag.py:3211} INFO - Sync 1 DAGs
[2026-08-12T04:48:21.870+0000] {logging_mixin.py:190} INFO - [2026-08-12T04:48:21.869+0000] {dag.py:4138} INFO - Setting next_dagrun for example_dag_decorator to None, run_after=None
[2026-08-12T04:48:21.907+0000] {processor.py:208} INFO - Processing /home/airflow/.local/lib/python3.12/site-packages/airflow/example_dags/example_dag_decorator.py took 0.396 seconds
[2026-08-12T04:48:52.696+0000] {processor.py:186} INFO - Started process (PID=2022) to work on /home/airflow/.local/lib/python3.12/site-packages/airflow/example_dags/example_dag_decorator.py
[2026-08-12T04:48:52.697+0000] {processor.py:914} INFO - Processing file /home/airflow/.local/lib/python3.12/site-packages/airflow/example_dags/example_dag_decorator.py for tasks to queue
[2026-08-12T04:48:52.700+0000] {logging_mixin.py:190} INFO - [2026-08-12T04:48:52.700+0000] {dagbag.py:587} INFO - Filling up the DagBag from /home/airflow/.local/lib/python3.12/site-packages/airflow/example_dags/example_dag_decorator.py
[2026-08-12T04:48:52.711+0000] {processor.py:925} INFO - DAG(s) 'example_dag_decorator' retrieved from /home/airflow/.local/lib/python3.12/site-packages/airflow/example_dags/example_dag_decorator.py
[2026-08-12T04:48:52.824+0000] {logging_mixin.py:190} INFO - [2026-08-12T04:48:52.824+0000] {dag.py:3211} INFO - Sync 1 DAGs
[2026-08-12T04:48:52.843+0000] {logging_mixin.py:190} INFO - [2026-08-12T04:48:52.842+0000] {dag.py:4138} INFO - Setting next_dagrun for example_dag_decorator to None, run_after=None
[2026-08-12T04:48:52.866+0000] {processor.py:208} INFO - Processing /home/airflow/.local/lib/python3.12/site-packages/airflow/example_dags/example_dag_decorator.py took 0.176 seconds
[2026-08-12T04:49:23.159+0000] {processor.py:186} INFO - Started process (PID=2085) to work on /home/airflow/.local/lib/python3.12/site-packages/airflow/example_dags/example_dag_decorator.py
[2026-08-12T04:49:23.160+0000] {processor.py:914} INFO - Processing file /home/airflow/.local/lib/python3.12/site-packages/airflow/example_dags/example_dag_decorator.py for tasks to queue
[2026-08-12T04:49:23.163+0000] {logging_mixin.py:190} INFO - [2026-08-12T04:49:23.163+0000] {dagbag.py:587} INFO - Filling up the DagBag from /home/airflow/.local/lib/python3.12/site-packages/airflow/example_dags/example_dag_decorator.py
[2026-08-12T04:49:23.175+0000] {processor.py:925} INFO - DAG(s) 'example_dag_decorator' retrieved from /home/airflow/.local/lib/python3.12/site-packages/airflow/example_dags/example_dag_decorator.py
[2026-08-12T04:49:23.291+0000] {logging_mixin.py:190} INFO - [2026-08-12T04:49:23.290+0000] {dag.py:3211} INFO - Sync 1 DAGs
[2026-08-12T04:49:23.306+0000] {logging_mixin.py:190} INFO - [2026-08-12T04:49:23.306+0000] {dag.py:4138} INFO - Setting next_dagrun for example_dag_decorator to None, run_after=None
[2026-08-12T04:49:23.339+0000] {processor.py:208} INFO - Processing /home/airflow/.local/lib/python3.12/site-packages/airflow/example_dags/example_dag_decorator.py took 0.187 seconds
[2026-08-12T04:49:54.159+0000] {processor.py:186} INFO - Started process (PID=2149) to work on /home/airflow/.local/lib/python3.12/site-packages/airflow/example_dags/example_dag_decorator.py
[2026-08-12T04:49:54.161+0000] {processor.py:914} INFO - Processing file /home/airflow/.local/lib/python3.12/site-packages/airflow/example_dags/example_dag_decorator.py for tasks to queue
[2026-08-12T04:49:54.165+0000] {logging_mixin.py:190} INFO - [2026-08-12T04:49:54.165+0000] {dagbag.py:587} INFO - Filling up the DagBag from /home/airflow/.local/lib/python3.12/site-packages/airflow/example_dags/example_dag_decorator.py
[2026-08-12T04:49:54.177+0000] {processor.py:925} INFO - DAG(s) 'example_dag_decorator' retrieved from /home/airflow/.local/lib/python3.12/site-packages/airflow/example_dags/example_dag_decorator.py
[2026-08-12T04:49:54.298+0000] {logging_mixin.py:190} INFO - [2026-08-12T04:49:54.298+0000] {dag.py:3211} INFO - Sync 1 DAGs
[2026-08-12T04:49:54.314+0000] {logging_mixin.py:190} INFO - [2026-08-12T04:49:54.314+0000] {dag.py:4138} INFO - Setting next_dagrun for example_dag_decorator to None, run_after=None
[2026-08-12T04:49:54.337+0000] {processor.py:208} INFO - Processing /home/airflow/.local/lib/python3.12/site-packages/airflow/example_dags/example_dag_decorator.py took 0.183 seconds
[2026-08-12T04:50:24.826+0000] {processor.py:186} INFO - Started process (PID=2213) to work on /home/airflow/.local/lib/python3.12/site-packages/airflow/example_dags/example_dag_decorator.py
[2026-08-12T04:50:24.828+0000] {processor.py:914} INFO - Processing file /home/airflow/.local/lib/python3.12/site-packages/airflow/example_dags/example_dag_decorator.py for tasks to queue
[2026-08-12T04:50:24.831+0000] {logging_mixin.py:190} INFO - [2026-08-12T04:50:24.831+0000] {dagbag.py:587} INFO - Filling up the DagBag from /home/airflow/.local/lib/python3.12/site-packages/airflow/example_dags/example_dag_decorator.py
[2026-08-12T04:50:24.844+0000] {processor.py:925} INFO - DAG(s) 'example_dag_decorator' retrieved from /home/airflow/.local/lib/python3.12/site-packages/airflow/example_dags/example_dag_decorator.py
[2026-08-12T04:50:24.940+0000] {logging_mixin.py:190} INFO - [2026-08-12T04:50:24.940+0000] {dag.py:3211} INFO - Sync 1 DAGs
[2026-08-12T04:50:24.953+0000] {logging_mixin.py:190} INFO - [2026-08-12T04:50:24.952+0000] {dag.py:4138} INFO - Setting next_dagrun for example_dag_decorator to None, run_after=None
[2026-08-12T04:50:24.973+0000] {processor.py:208} INFO - Processing /home/airflow/.local/lib/python3.12/site-packages/airflow/example_dags/example_dag_decorator.py took 0.153 seconds
[2026-08-12T04:50:55.726+0000] {processor.py:186} INFO - Started process (PID=2276) to work on /home/airflow/.local/lib/python3.12/site-packages/airflow/example_dags/example_dag_decorator.py
[2026-08-12T04:50:55.727+0000] {processor.py:914} INFO - Processing file /home/airflow/.local/lib/python3.12/site-packages/airflow/example_dags/example_dag_decorator.py for tasks to queue
[2026-08-12T04:50:55.731+0000] {logging_mixin.py:190} INFO - [2026-08-12T04:50:55.731+0000] {dagbag.py:587} INFO - Filling up the DagBag from /home/airflow/.local/lib/python3.12/site-packages/airflow/example_dags/example_dag_decorator.py
[2026-08-12T04:50:55.745+0000] {processor.py:925} INFO - DAG(s) 'example_dag_decorator' retrieved from /home/airflow/.local/lib/python3.12/site-packages/airflow/example_dags/example_dag_decorator.py
[2026-08-12T04:50:55.860+0000] {logging_mixin.py:190} INFO - [2026-08-12T04:50:55.860+0000] {dag.py:3211} INFO - Sync 1 DAGs
[2026-08-12T04:50:55.873+0000] {logging_mixin.py:190} INFO - [2026-08-12T04:50:55.873+0000] {dag.py:4138} INFO - Setting next_dagrun for example_dag_decorator to None, run_after=None
[2026-08-12T04:50:55.898+0000] {processor.py:208} INFO - Processing /home/airflow/.local/lib/python3.12/site-packages/airflow/example_dags/example_dag_decorator.py took 0.178 seconds
[2026-08-12T04:51:26.347+0000] {processor.py:186} INFO - Started process (PID=2339) to work on /home/airflow/.local/lib/python3.12/site-packages/airflow/example_dags/example_dag_decorator.py
[2026-08-12T04:51:26.349+0000] {processor.py:914} INFO - Processing file /home/airflow/.local/lib/python3.12/site-packages/airflow/example_dags/example_dag_decorator.py for tasks to queue
[2026-08-12T04:51:26.352+0000] {logging_mixin.py:190} INFO - [2026-08-12T04:51:26.352+0000] {dagbag.py:587} INFO - Filling up the DagBag from /home/airflow/.local/lib/python3.12/site-packages/airflow/example_dags/example_dag_decorator.py
[2026-08-12T04:51:26.365+0000] {processor.py:925} INFO - DAG(s) 'example_dag_decorator' retrieved from /home/airflow/.local/lib/python3.12/site-packages/airflow/example_dags/example_dag_decorator.py
[2026-08-12T04:51:26.474+0000] {logging_mixin.py:190} INFO - [2026-08-12T04:51:26.474+0000] {dag.py:3211} INFO - Sync 1 DAGs
[2026-08-12T04:51:26.488+0000] {logging_mixin.py:190} INFO - [2026-08-12T04:51:26.488+0000] {dag.py:4138} INFO - Setting next_dagrun for example_dag_decorator to None, run_after=None
[2026-08-12T04:51:26.516+0000] {processor.py:208} INFO - Processing /home/airflow/.local/lib/python3.12/site-packages/airflow/example_dags/example_dag_decorator.py took 0.175 seconds
[2026-08-12T04:51:57.227+0000] {processor.py:186} INFO - Started process (PID=2402) to work on /home/airflow/.local/lib/python3.12/site-packages/airflow/example_dags/example_dag_decorator.py
[2026-08-12T04:51:57.229+0000] {processor.py:914} INFO - Processing file /home/airflow/.local/lib/python3.12/site-packages/airflow/example_dags/example_dag_decorator.py for tasks to queue
[2026-08-12T04:51:57.233+0000] {logging_mixin.py:190} INFO - [2026-08-12T04:51:57.233+0000] {dagbag.py:587} INFO - Filling up the DagBag from /home/airflow/.local/lib/python3.12/site-packages/airflow/example_dags/example_dag_decorator.py
[2026-08-12T04:51:57.248+0000] {processor.py:925} INFO - DAG(s) 'example_dag_decorator' retrieved from /home/airflow/.local/lib/python3.12/site-packages/airflow/example_dags/example_dag_decorator.py
[2026-08-12T04:51:57.363+0000] {logging_mixin.py:190} INFO - [2026-08-12T04:51:57.362+0000] {dag.py:3211} INFO - Sync 1 DAGs
[2026-08-12T04:51:57.379+0000] {logging_mixin.py:190} INFO - [2026-08-12T04:51:57.379+0000] {dag.py:4138} INFO - Setting next_dagrun for example_dag_decorator to None, run_after=None
[2026-08-12T04:51:57.406+0000] {processor.py:208} INFO - Processing /home/airflow/.local/lib/python3.12/site-packages/airflow/example_dags/example_dag_decorator.py took 0.187 seconds
[2026-08-12T04:52:27.523+0000] {processor.py:186} INFO - Started process (PID=2465) to work on /home/airflow/.local/lib/python3.12/site-packages/airflow/example_dags/example_dag_decorator.py
[2026-08-12T04:52:27.524+0000] {processor.py:914} INFO - Processing file /home/airflow/.local/lib/python3.12/site-packages/airflow/example_dags/example_dag_decorator.py for tasks to queue
[2026-08-12T04:52:27.528+0000] {logging_mixin.py:190} INFO - [2026-08-12T04:52:27.527+0000] {dagbag.py:587} INFO - Filling up the DagBag from /home/airflow/.local/lib/python3.12/site-packages/airflow/example_dags/example_dag_decorator.py
[2026-08-12T04:52:27.541+0000] {processor.py:925} INFO - DAG(s) 'example_dag_decorator' retrieved from /home/airflow/.local/lib/python3.12/site-packages/airflow/example_dags/example_dag_decorator.py
[2026-08-12T04:52:27.659+0000] {logging_mixin.py:190} INFO - [2026-08-12T04:52:27.659+0000] {dag.py:3211} INFO - Sync 1 DAGs
[2026-08-12T04:52:27.673+0000] {logging_mixin.py:190} INFO - [2026-08-12T04:52:27.672+0000] {dag.py:4138} INFO - Setting next_dagrun for example_dag_decorator to None, run_after=None
[2026-08-12T04:52:27.699+0000] {processor.py:208} INFO - Processing /home/airflow/.local/lib/python3.12/site-packages/airflow/example_dags/example_dag_decorator.py took 0.182 seconds
[2026-08-12T04:52:58.473+0000] {processor.py:186} INFO - Started process (PID=2528) to work on /home/airflow/.local/lib/python3.12/site-packages/airflow/example_dags/example_dag_decorator.py
[2026-08-12T04:52:58.475+0000] {processor.py:914} INFO - Processing file /home/airflow/.local/lib/python3.12/site-packages/airflow/example_dags/example_dag_decorator.py for tasks to queue
[2026-08-12T04:52:58.478+0000] {logging_mixin.py:190} INFO - [2026-08-12T04:52:58.478+0000] {dagbag.py:587} INFO - Filling up the DagBag from /home/airflow/.local/lib/python3.12/site-packages/airflow/example_dags/example_dag_decorator.py
[2026-08-12T04:52:58.491+0000] {processor.py:925} INFO - DAG(s) 'example_dag_decorator' retrieved from /home/airflow/.local/lib/python3.12/site-packages/airflow/example_dags/example_dag_decorator.py
[2026-08-12T04:52:58.656+0000] {logging_mixin.py:190} INFO - [2026-08-12T04:52:58.655+0000] {dag.py:3211} INFO - Sync 1 DAGs
[2026-08-12T04:52:58.680+0000] {logging_mixin.py:190} INFO - [2026-08-12T04:52:58.679+0000] {dag.py:4138} INFO - Setting next_dagrun for example_dag_decorator to None, run_after=None
[2026-08-12T04:52:58.708+0000] {processor.py:208} INFO - Processing /home/airflow/.local/lib/python3.12/site-packages/airflow/example_dags/example_dag_decorator.py took 0.240 seconds
[2026-08-12T04:53:29.300+0000] {processor.py:186} INFO - Started process (PID=2591) to work on /home/airflow/.local/lib/python3.12/site-packages/airflow/example_dags/example_dag_decorator.py
[2026-08-12T04:53:29.302+0000] {processor.py:914} INFO - Processing file /home/airflow/.local/lib/python3.12/site-packages/airflow/example_dags/example_dag_decorator.py for tasks to queue
[2026-08-12T04:53:29.305+0000] {logging_mixin.py:190} INFO - [2026-08-12T04:53:29.305+0000] {dagbag.py:587} INFO - Filling up the DagBag from /home/airflow/.local/lib/python3.12/site-packages/airflow/example_dags/example_dag_decorator.py
[2026-08-12T04:53:29.317+0000] {processor.py:925} INFO - DAG(s) 'example_dag_decorator' retrieved from /home/airflow/.local/lib/python3.12/site-packages/airflow/example_dags/example_dag_decorator.py
[2026-08-12T04:53:29.439+0000] {logging_mixin.py:190} INFO - [2026-08-12T04:53:29.438+0000] {dag.py:3211} INFO - Sync 1 DAGs
[2026-08-12T04:53:29.458+0000] {logging_mixin.py:190} INFO - [2026-08-12T04:53:29.457+0000] {dag.py:4138} INFO - Setting next_dagrun for example_dag_decorator to None, run_after=None
[2026-08-12T04:53:29.486+0000] {processor.py:208} INFO - Processing /home/airflow/.local/lib/python3.12/site-packages/airflow/example_dags/example_dag_decorator.py took 0.191 seconds
[2026-08-12T04:54:00.274+0000] {processor.py:186} INFO - Started process (PID=2654) to work on /home/airflow/.local/lib/python3.12/site-packages/airflow/example_dags/example_dag_decorator.py
[2026-08-12T04:54:00.276+0000] {processor.py:914} INFO - Processing file /home/airflow/.local/lib/python3.12/site-packages/airflow/example_dags/example_dag_decorator.py for tasks to queue
[2026-08-12T04:54:00.279+0000] {logging_mixin.py:190} INFO - [2026-08-12T04:54:00.279+0000] {dagbag.py:587} INFO - Filling up the DagBag from /home/airflow/.local/lib/python3.12/site-packages/airflow/example_dags/example_dag_decorator.py
[2026-08-12T04:54:00.290+0000] {processor.py:925} INFO - DAG(s) 'example_dag_decorator' retrieved from /home/airflow/.local/lib/python3.12/site-packages/airflow/example_dags/example_dag_decorator.py
[2026-08-12T04:54:00.397+0000] {logging_mixin.py:190} INFO - [2026-08-12T04:54:00.397+0000] {dag.py:3211} INFO - Sync 1 DAGs
[2026-08-12T04:54:00.412+0000] {logging_mixin.py:190} INFO - [2026-08-12T04:54:00.412+0000] {dag.py:4138} INFO - Setting next_dagrun for example_dag_decorator to None, run_after=None
[2026-08-12T04:54:00.624+0000] {processor.py:208} INFO - Processing /home/airflow/.local/lib/python3.12/site-packages/airflow/example_dags/example_dag_decorator.py took 0.355 seconds
[2026-08-12T04:54:30.956+0000] {processor.py:186} INFO - Started process (PID=2717) to work on /home/airflow/.local/lib/python3.12/site-packages/airflow/example_dags/example_dag_decorator.py
[2026-08-12T04:54:30.958+0000] {processor.py:914} INFO - Processing file /home/airflow/.local/lib/python3.12/site-packages/airflow/example_dags/example_dag_decorator.py for tasks to queue
[2026-08-12T04:54:30.962+0000] {logging_mixin.py:190} INFO - [2026-08-12T04:54:30.961+0000] {dagbag.py:587} INFO - Filling up the DagBag from /home/airflow/.local/lib/python3.12/site-packages/airflow/example_dags/example_dag_decorator.py
[2026-08-12T04:54:30.974+0000] {processor.py:925} INFO - DAG(s) 'example_dag_decorator' retrieved from /home/airflow/.local/lib/python3.12/site-packages/airflow/example_dags/example_dag_decorator.py
[2026-08-12T04:54:31.083+0000] {logging_mixin.py:190} INFO - [2026-08-12T04:54:31.082+0000] {dag.py:3211} INFO - Sync 1 DAGs
[2026-08-12T04:54:31.096+0000] {logging_mixin.py:190} INFO - [2026-08-12T04:54:31.096+0000] {dag.py:4138} INFO - Setting next_dagrun for example_dag_decorator to None, run_after=None
[2026-08-12T04:54:31.117+0000] {processor.py:208} INFO - Processing /home/airflow/.local/lib/python3.12/site-packages/airflow/example_dags/example_dag_decorator.py took 0.169 seconds
[2026-08-12T04:55:01.643+0000] {processor.py:186} INFO - Started process (PID=2780) to work on /home/airflow/.local/lib/python3.12/site-packages/airflow/example_dags/example_dag_decorator.py
[2026-08-12T04:55:01.645+0000] {processor.py:914} INFO - Processing file /home/airflow/.local/lib/python3.12/site-packages/airflow/example_dags/example_dag_decorator.py for tasks to queue
[2026-08-12T04:55:01.648+0000] {logging_mixin.py:190} INFO - [2026-08-12T04:55:01.648+0000] {dagbag.py:587} INFO - Filling up the DagBag from /home/airflow/.local/lib/python3.12/site-packages/airflow/example_dags/example_dag_decorator.py
[2026-08-12T04:55:01.660+0000] {processor.py:925} INFO - DAG(s) 'example_dag_decorator' retrieved from /home/airflow/.local/lib/python3.12/site-packages/airflow/example_dags/example_dag_decorator.py
[2026-08-12T04:55:01.767+0000] {logging_mixin.py:190} INFO - [2026-08-12T04:55:01.767+0000] {dag.py:3211} INFO - Sync 1 DAGs
[2026-08-12T04:55:01.780+0000] {logging_mixin.py:190} INFO - [2026-08-12T04:55:01.779+0000] {dag.py:4138} INFO - Setting next_dagrun for example_dag_decorator to None, run_after=None
[2026-08-12T04:55:01.801+0000] {processor.py:208} INFO - Processing /home/airflow/.local/lib/python3.12/site-packages/airflow/example_dags/example_dag_decorator.py took 0.163 seconds
[2026-08-12T04:55:32.371+0000] {processor.py:186} INFO - Started process (PID=2843) to work on /home/airflow/.local/lib/python3.12/site-packages/airflow/example_dags/example_dag_decorator.py
[2026-08-12T04:55:32.372+0000] {processor.py:914} INFO - Processing file /home/airflow/.local/lib/python3.12/site-packages/airflow/example_dags/example_dag_decorator.py for tasks to queue
[2026-08-12T04:55:32.376+0000] {logging_mixin.py:190} INFO - [2026-08-12T04:55:32.376+0000] {dagbag.py:587} INFO - Filling up the DagBag from /home/airflow/.local/lib/python3.12/site-packages/airflow/example_dags/example_dag_decorator.py
[2026-08-12T04:55:32.393+0000] {processor.py:925} INFO - DAG(s) 'example_dag_decorator' retrieved from /home/airflow/.local/lib/python3.12/site-packages/airflow/example_dags/example_dag_decorator.py
[2026-08-12T04:55:32.732+0000] {logging_mixin.py:190} INFO - [2026-08-12T04:55:32.732+0000] {dag.py:3211} INFO - Sync 1 DAGs
[2026-08-12T04:55:32.742+0000] {logging_mixin.py:190} INFO - [2026-08-12T04:55:32.742+0000] {dag.py:4138} INFO - Setting next_dagrun for example_dag_decorator to None, run_after=None
[2026-08-12T04:55:32.762+0000] {processor.py:208} INFO - Processing /home/airflow/.local/lib/python3.12/site-packages/airflow/example_dags/example_dag_decorator.py took 0.398 seconds
[2026-08-12T04:56:02.915+0000] {processor.py:186} INFO - Started process (PID=2912) to work on /home/airflow/.local/lib/python3.12/site-packages/airflow/example_dags/example_dag_decorator.py
[2026-08-12T04:56:02.917+0000] {processor.py:914} INFO - Processing file /home/airflow/.local/lib/python3.12/site-packages/airflow/example_dags/example_dag_decorator.py for tasks to queue
[2026-08-12T04:56:02.922+0000] {logging_mixin.py:190} INFO - [2026-08-12T04:56:02.922+0000] {dagbag.py:587} INFO - Filling up the DagBag from /home/airflow/.local/lib/python3.12/site-packages/airflow/example_dags/example_dag_decorator.py
[2026-08-12T04:56:02.937+0000] {processor.py:925} INFO - DAG(s) 'example_dag_decorator' retrieved from /home/airflow/.local/lib/python3.12/site-packages/airflow/example_dags/example_dag_decorator.py
[2026-08-12T04:56:03.241+0000] {logging_mixin.py:190} INFO - [2026-08-12T04:56:03.241+0000] {dag.py:3211} INFO - Sync 1 DAGs
[2026-08-12T04:56:03.253+0000] {logging_mixin.py:190} INFO - [2026-08-12T04:56:03.253+0000] {dag.py:4138} INFO - Setting next_dagrun for example_dag_decorator to None, run_after=None
[2026-08-12T04:56:03.275+0000] {processor.py:208} INFO - Processing /home/airflow/.local/lib/python3.12/site-packages/airflow/example_dags/example_dag_decorator.py took 0.367 seconds
[2026-08-12T04:56:33.582+0000] {processor.py:186} INFO - Started process (PID=2975) to work on /home/airflow/.local/lib/python3.12/site-packages/airflow/example_dags/example_dag_decorator.py
[2026-08-12T04:56:33.584+0000] {processor.py:914} INFO - Processing file /home/airflow/.local/lib/python3.12/site-packages/airflow/example_dags/example_dag_decorator.py for tasks to queue
[2026-08-12T04:56:33.589+0000] {logging_mixin.py:190} INFO - [2026-08-12T04:56:33.588+0000] {dagbag.py:587} INFO - Filling up the DagBag from /home/airflow/.local/lib/python3.12/site-packages/airflow/example_dags/example_dag_decorator.py
[2026-08-12T04:56:33.602+0000] {processor.py:925} INFO - DAG(s) 'example_dag_decorator' retrieved from /home/airflow/.local/lib/python3.12/site-packages/airflow/example_dags/example_dag_decorator.py
[2026-08-12T04:56:33.707+0000] {logging_mixin.py:190} INFO - [2026-08-12T04:56:33.707+0000] {dag.py:3211} INFO - Sync 1 DAGs
[2026-08-12T04:56:33.931+0000] {logging_mixin.py:190} INFO - [2026-08-12T04:56:33.931+0000] {dag.py:4138} INFO - Setting next_dagrun for example_dag_decorator to None, run_after=None
[2026-08-12T04:56:33.952+0000] {processor.py:208} INFO - Processing /home/airflow/.local/lib/python3.12/site-packages/airflow/example_dags/example_dag_decorator.py took 0.377 seconds
[2026-08-12T04:57:04.042+0000] {processor.py:186} INFO - Started process (PID=3040) to work on /home/airflow/.local/lib/python3.12/site-packages/airflow/example_dags/example_dag_decorator.py
[2026-08-12T04:57:04.045+0000] {processor.py:914} INFO - Processing file /home/airflow/.local/lib/python3.12/site-packages/airflow/example_dags/example_dag_decorator.py for tasks to queue
[2026-08-12T04:57:04.050+0000] {logging_mixin.py:190} INFO - [2026-08-12T04:57:04.049+0000] {dagbag.py:587} INFO - Filling up the DagBag from /home/airflow/.local/lib/python3.12/site-packages/airflow/example_dags/example_dag_decorator.py
[2026-08-12T04:57:04.074+0000] {processor.py:925} INFO - DAG(s) 'example_dag_decorator' retrieved from /home/airflow/.local/lib/python3.12/site-packages/airflow/example_dags/example_dag_decorator.py
[2026-08-12T04:57:04.184+0000] {logging_mixin.py:190} INFO - [2026-08-12T04:57:04.184+0000] {dag.py:3211} INFO - Sync 1 DAGs
[2026-08-12T04:57:04.197+0000] {logging_mixin.py:190} INFO - [2026-08-12T04:57:04.197+0000] {dag.py:4138} INFO - Setting next_dagrun for example_dag_decorator to None, run_after=None
[2026-08-12T04:57:04.368+0000] {processor.py:208} INFO - Processing /home/airflow/.local/lib/python3.12/site-packages/airflow/example_dags/example_dag_decorator.py took 0.334 seconds
[2026-08-12T04:57:34.942+0000] {processor.py:186} INFO - Started process (PID=3102) to work on /home/airflow/.local/lib/python3.12/site-packages/airflow/example_dags/example_dag_decorator.py
[2026-08-12T04:57:34.944+0000] {processor.py:914} INFO - Processing file /home/airflow/.local/lib/python3.12/site-packages/airflow/example_dags/example_dag_decorator.py for tasks to queue
[2026-08-12T04:57:34.948+0000] {logging_mixin.py:190} INFO - [2026-08-12T04:57:34.947+0000] {dagbag.py:587} INFO - Filling up the DagBag from /home/airflow/.local/lib/python3.12/site-packages/airflow/example_dags/example_dag_decorator.py
[2026-08-12T04:57:34.961+0000] {processor.py:925} INFO - DAG(s) 'example_dag_decorator' retrieved from /home/airflow/.local/lib/python3.12/site-packages/airflow/example_dags/example_dag_decorator.py
[2026-08-12T04:57:35.258+0000] {logging_mixin.py:190} INFO - [2026-08-12T04:57:35.258+0000] {dag.py:3211} INFO - Sync 1 DAGs
[2026-08-12T04:57:35.271+0000] {logging_mixin.py:190} INFO - [2026-08-12T04:57:35.271+0000] {dag.py:4138} INFO - Setting next_dagrun for example_dag_decorator to None, run_after=None
[2026-08-12T04:57:35.290+0000] {processor.py:208} INFO - Processing /home/airflow/.local/lib/python3.12/site-packages/airflow/example_dags/example_dag_decorator.py took 0.355 seconds
[2026-08-12T04:58:05.567+0000] {processor.py:186} INFO - Started process (PID=3165) to work on /home/airflow/.local/lib/python3.12/site-packages/airflow/example_dags/example_dag_decorator.py
[2026-08-12T04:58:05.569+0000] {processor.py:914} INFO - Processing file /home/airflow/.local/lib/python3.12/site-packages/airflow/example_dags/example_dag_decorator.py for tasks to queue
[2026-08-12T04:58:05.571+0000] {logging_mixin.py:190} INFO - [2026-08-12T04:58:05.571+0000] {dagbag.py:587} INFO - Filling up the DagBag from /home/airflow/.local/lib/python3.12/site-packages/airflow/example_dags/example_dag_decorator.py
[2026-08-12T04:58:05.583+0000] {processor.py:925} INFO - DAG(s) 'example_dag_decorator' retrieved from /home/airflow/.local/lib/python3.12/site-packages/airflow/example_dags/example_dag_decorator.py
[2026-08-12T04:58:05.858+0000] {logging_mixin.py:190} INFO - [2026-08-12T04:58:05.857+0000] {dag.py:3211} INFO - Sync 1 DAGs
[2026-08-12T04:58:05.873+0000] {logging_mixin.py:190} INFO - [2026-08-12T04:58:05.872+0000] {dag.py:4138} INFO - Setting next_dagrun for example_dag_decorator to None, run_after=None
[2026-08-12T04:58:05.914+0000] {processor.py:208} INFO - Processing /home/airflow/.local/lib/python3.12/site-packages/airflow/example_dags/example_dag_decorator.py took 0.352 seconds
[2026-08-12T04:58:36.098+0000] {processor.py:186} INFO - Started process (PID=3227) to work on /home/airflow/.local/lib/python3.12/site-packages/airflow/example_dags/example_dag_decorator.py
[2026-08-12T04:58:36.100+0000] {processor.py:914} INFO - Processing file /home/airflow/.local/lib/python3.12/site-packages/airflow/example_dags/example_dag_decorator.py for tasks to queue
[2026-08-12T04:58:36.104+0000] {logging_mixin.py:190} INFO - [2026-08-12T04:58:36.103+0000] {dagbag.py:587} INFO - Filling up the DagBag from /home/airflow/.local/lib/python3.12/site-packages/airflow/example_dags/example_dag_decorator.py
[2026-08-12T04:58:36.118+0000] {processor.py:925} INFO - DAG(s) 'example_dag_decorator' retrieved from /home/airflow/.local/lib/python3.12/site-packages/airflow/example_dags/example_dag_decorator.py
[2026-08-12T04:58:36.375+0000] {logging_mixin.py:190} INFO - [2026-08-12T04:58:36.374+0000] {dag.py:3211} INFO - Sync 1 DAGs
[2026-08-12T04:58:36.388+0000] {logging_mixin.py:190} INFO - [2026-08-12T04:58:36.388+0000] {dag.py:4138} INFO - Setting next_dagrun for example_dag_decorator to None, run_after=None
[2026-08-12T04:58:36.408+0000] {processor.py:208} INFO - Processing /home/airflow/.local/lib/python3.12/site-packages/airflow/example_dags/example_dag_decorator.py took 0.317 seconds
[2026-08-12T04:59:06.811+0000] {processor.py:186} INFO - Started process (PID=3290) to work on /home/airflow/.local/lib/python3.12/site-packages/airflow/example_dags/example_dag_decorator.py
[2026-08-12T04:59:06.814+0000] {processor.py:914} INFO - Processing file /home/airflow/.local/lib/python3.12/site-packages/airflow/example_dags/example_dag_decorator.py for tasks to queue
[2026-08-12T04:59:06.818+0000] {logging_mixin.py:190} INFO - [2026-08-12T04:59:06.817+0000] {dagbag.py:587} INFO - Filling up the DagBag from /home/airflow/.local/lib/python3.12/site-packages/airflow/example_dags/example_dag_decorator.py
[2026-08-12T04:59:06.830+0000] {processor.py:925} INFO - DAG(s) 'example_dag_decorator' retrieved from /home/airflow/.local/lib/python3.12/site-packages/airflow/example_dags/example_dag_decorator.py
[2026-08-12T04:59:07.107+0000] {logging_mixin.py:190} INFO - [2026-08-12T04:59:07.107+0000] {dag.py:3211} INFO - Sync 1 DAGs
[2026-08-12T04:59:07.120+0000] {logging_mixin.py:190} INFO - [2026-08-12T04:59:07.119+0000] {dag.py:4138} INFO - Setting next_dagrun for example_dag_decorator to None, run_after=None
[2026-08-12T04:59:07.139+0000] {processor.py:208} INFO - Processing /home/airflow/.local/lib/python3.12/site-packages/airflow/example_dags/example_dag_decorator.py took 0.333 seconds
[2026-08-12T04:59:37.373+0000] {processor.py:186} INFO - Started process (PID=3353) to work on /home/airflow/.local/lib/python3.12/site-packages/airflow/example_dags/example_dag_decorator.py
[2026-08-12T04:59:37.374+0000] {processor.py:914} INFO - Processing file /home/airflow/.local/lib/python3.12/site-packages/airflow/example_dags/example_dag_decorator.py for tasks to queue
[2026-08-12T04:59:37.379+0000] {logging_mixin.py:190} INFO - [2026-08-12T04:59:37.378+0000] {dagbag.py:587} INFO - Filling up the DagBag from /home/airflow/.local/lib/python3.12/site-packages/airflow/example_dags/example_dag_decorator.py
[2026-08-12T04:59:37.390+0000] {processor.py:925} INFO - DAG(s) 'example_dag_decorator' retrieved from /home/airflow/.local/lib/python3.12/site-packages/airflow/example_dags/example_dag_decorator.py
[2026-08-12T04:59:37.673+0000] {logging_mixin.py:190} INFO - [2026-08-12T04:59:37.673+0000] {dag.py:3211} INFO - Sync 1 DAGs
[2026-08-12T04:59:37.683+0000] {logging_mixin.py:190} INFO - [2026-08-12T04:59:37.683+0000] {dag.py:4138} INFO - Setting next_dagrun for example_dag_decorator to None, run_after=None
[2026-08-12T04:59:37.720+0000] {processor.py:208} INFO - Processing /home/airflow/.local/lib/python3.12/site-packages/airflow/example_dags/example_dag_decorator.py took 0.353 seconds
[2026-08-12T05:00:08.138+0000] {processor.py:186} INFO - Started process (PID=3416) to work on /home/airflow/.local/lib/python3.12/site-packages/airflow/example_dags/example_dag_decorator.py
[2026-08-12T05:00:08.140+0000] {processor.py:914} INFO - Processing file /home/airflow/.local/lib/python3.12/site-packages/airflow/example_dags/example_dag_decorator.py for tasks to queue
[2026-08-12T05:00:08.144+0000] {logging_mixin.py:190} INFO - [2026-08-12T05:00:08.144+0000] {dagbag.py:587} INFO - Filling up the DagBag from /home/airflow/.local/lib/python3.12/site-packages/airflow/example_dags/example_dag_decorator.py
[2026-08-12T05:00:08.157+0000] {processor.py:925} INFO - DAG(s) 'example_dag_decorator' retrieved from /home/airflow/.local/lib/python3.12/site-packages/airflow/example_dags/example_dag_decorator.py
[2026-08-12T05:00:08.257+0000] {logging_mixin.py:190} INFO - [2026-08-12T05:00:08.257+0000] {dag.py:3211} INFO - Sync 1 DAGs
[2026-08-12T05:00:08.269+0000] {logging_mixin.py:190} INFO - [2026-08-12T05:00:08.269+0000] {dag.py:4138} INFO - Setting next_dagrun for example_dag_decorator to None, run_after=None
[2026-08-12T05:00:08.290+0000] {processor.py:208} INFO - Processing /home/airflow/.local/lib/python3.12/site-packages/airflow/example_dags/example_dag_decorator.py took 0.160 seconds
[2026-08-12T05:00:38.576+0000] {processor.py:186} INFO - Started process (PID=3479) to work on /home/airflow/.local/lib/python3.12/site-packages/airflow/example_dags/example_dag_decorator.py
[2026-08-12T05:00:38.578+0000] {processor.py:914} INFO - Processing file /home/airflow/.local/lib/python3.12/site-packages/airflow/example_dags/example_dag_decorator.py for tasks to queue
[2026-08-12T05:00:38.581+0000] {logging_mixin.py:190} INFO - [2026-08-12T05:00:38.581+0000] {dagbag.py:587} INFO - Filling up the DagBag from /home/airflow/.local/lib/python3.12/site-packages/airflow/example_dags/example_dag_decorator.py
[2026-08-12T05:00:38.593+0000] {processor.py:925} INFO - DAG(s) 'example_dag_decorator' retrieved from /home/airflow/.local/lib/python3.12/site-packages/airflow/example_dags/example_dag_decorator.py
[2026-08-12T05:00:38.694+0000] {logging_mixin.py:190} INFO - [2026-08-12T05:00:38.694+0000] {dag.py:3211} INFO - Sync 1 DAGs
[2026-08-12T05:00:38.709+0000] {logging_mixin.py:190} INFO - [2026-08-12T05:00:38.708+0000] {dag.py:4138} INFO - Setting next_dagrun for example_dag_decorator to None, run_after=None
[2026-08-12T05:00:38.740+0000] {processor.py:208} INFO - Processing /home/airflow/.local/lib/python3.12/site-packages/airflow/example_dags/example_dag_decorator.py took 0.169 seconds
[2026-08-12T05:01:09.286+0000] {processor.py:186} INFO - Started process (PID=3542) to work on /home/airflow/.local/lib/python3.12/site-packages/airflow/example_dags/example_dag_decorator.py
[2026-08-12T05:01:09.288+0000] {processor.py:914} INFO - Processing file /home/airflow/.local/lib/python3.12/site-packages/airflow/example_dags/example_dag_decorator.py for tasks to queue
[2026-08-12T05:01:09.291+0000] {logging_mixin.py:190} INFO - [2026-08-12T05:01:09.291+0000] {dagbag.py:587} INFO - Filling up the DagBag from /home/airflow/.local/lib/python3.12/site-packages/airflow/example_dags/example_dag_decorator.py
[2026-08-12T05:01:09.303+0000] {processor.py:925} INFO - DAG(s) 'example_dag_decorator' retrieved from /home/airflow/.local/lib/python3.12/site-packages/airflow/example_dags/example_dag_decorator.py
[2026-08-12T05:01:09.328+0000] {logging_mixin.py:190} INFO - [2026-08-12T05:01:09.327+0000] {dag.py:3211} INFO - Sync 1 DAGs
[2026-08-12T05:01:09.342+0000] {logging_mixin.py:190} INFO - [2026-08-12T05:01:09.342+0000] {dag.py:4138} INFO - Setting next_dagrun for example_dag_decorator to None, run_after=None
[2026-08-12T05:01:09.361+0000] {processor.py:208} INFO - Processing /home/airflow/.local/lib/python3.12/site-packages/airflow/example_dags/example_dag_decorator.py took 0.080 seconds
[2026-08-12T05:01:39.798+0000] {processor.py:186} INFO - Started process (PID=3605) to work on /home/airflow/.local/lib/python3.12/site-packages/airflow/example_dags/example_dag_decorator.py
[2026-08-12T05:01:39.800+0000] {processor.py:914} INFO - Processing file /home/airflow/.local/lib/python3.12/site-packages/airflow/example_dags/example_dag_decorator.py for tasks to queue
[2026-08-12T05:01:39.803+0000] {logging_mixin.py:190} INFO - [2026-08-12T05:01:39.803+0000] {dagbag.py:587} INFO - Filling up the DagBag from /home/airflow/.local/lib/python3.12/site-packages/airflow/example_dags/example_dag_decorator.py
[2026-08-12T05:01:39.814+0000] {processor.py:925} INFO - DAG(s) 'example_dag_decorator' retrieved from /home/airflow/.local/lib/python3.12/site-packages/airflow/example_dags/example_dag_decorator.py
[2026-08-12T05:01:39.908+0000] {logging_mixin.py:190} INFO - [2026-08-12T05:01:39.908+0000] {dag.py:3211} INFO - Sync 1 DAGs
[2026-08-12T05:01:39.920+0000] {logging_mixin.py:190} INFO - [2026-08-12T05:01:39.919+0000] {dag.py:4138} INFO - Setting next_dagrun for example_dag_decorator to None, run_after=None
[2026-08-12T05:01:39.944+0000] {processor.py:208} INFO - Processing /home/airflow/.local/lib/python3.12/site-packages/airflow/example_dags/example_dag_decorator.py took 0.152 seconds
[2026-08-12T05:02:10.578+0000] {processor.py:186} INFO - Started process (PID=3668) to work on /home/airflow/.local/lib/python3.12/site-packages/airflow/example_dags/example_dag_decorator.py
[2026-08-12T05:02:10.579+0000] {processor.py:914} INFO - Processing file /home/airflow/.local/lib/python3.12/site-packages/airflow/example_dags/example_dag_decorator.py for tasks to queue
[2026-08-12T05:02:10.582+0000] {logging_mixin.py:190} INFO - [2026-08-12T05:02:10.582+0000] {dagbag.py:587} INFO - Filling up the DagBag from /home/airflow/.local/lib/python3.12/site-packages/airflow/example_dags/example_dag_decorator.py
[2026-08-12T05:02:10.592+0000] {processor.py:925} INFO - DAG(s) 'example_dag_decorator' retrieved from /home/airflow/.local/lib/python3.12/site-packages/airflow/example_dags/example_dag_decorator.py
[2026-08-12T05:02:10.674+0000] {logging_mixin.py:190} INFO - [2026-08-12T05:02:10.674+0000] {dag.py:3211} INFO - Sync 1 DAGs
[2026-08-12T05:02:10.685+0000] {logging_mixin.py:190} INFO - [2026-08-12T05:02:10.684+0000] {dag.py:4138} INFO - Setting next_dagrun for example_dag_decorator to None, run_after=None
[2026-08-12T05:02:10.702+0000] {processor.py:208} INFO - Processing /home/airflow/.local/lib/python3.12/site-packages/airflow/example_dags/example_dag_decorator.py took 0.129 seconds
[2026-08-12T05:02:41.079+0000] {processor.py:186} INFO - Started process (PID=3731) to work on /home/airflow/.local/lib/python3.12/site-packages/airflow/example_dags/example_dag_decorator.py
[2026-08-12T05:02:41.082+0000] {processor.py:914} INFO - Processing file /home/airflow/.local/lib/python3.12/site-packages/airflow/example_dags/example_dag_decorator.py for tasks to queue
[2026-08-12T05:02:41.087+0000] {logging_mixin.py:190} INFO - [2026-08-12T05:02:41.087+0000] {dagbag.py:587} INFO - Filling up the DagBag from /home/airflow/.local/lib/python3.12/site-packages/airflow/example_dags/example_dag_decorator.py
[2026-08-12T05:02:41.106+0000] {processor.py:925} INFO - DAG(s) 'example_dag_decorator' retrieved from /home/airflow/.local/lib/python3.12/site-packages/airflow/example_dags/example_dag_decorator.py
[2026-08-12T05:02:41.221+0000] {logging_mixin.py:190} INFO - [2026-08-12T05:02:41.220+0000] {dag.py:3211} INFO - Sync 1 DAGs
[2026-08-12T05:02:41.234+0000] {logging_mixin.py:190} INFO - [2026-08-12T05:02:41.234+0000] {dag.py:4138} INFO - Setting next_dagrun for example_dag_decorator to None, run_after=None
[2026-08-12T05:02:41.258+0000] {processor.py:208} INFO - Processing /home/airflow/.local/lib/python3.12/site-packages/airflow/example_dags/example_dag_decorator.py took 0.188 seconds
[2026-08-12T05:03:11.494+0000] {processor.py:186} INFO - Started process (PID=3794) to work on /home/airflow/.local/lib/python3.12/site-packages/airflow/example_dags/example_dag_decorator.py
[2026-08-12T05:03:11.496+0000] {processor.py:914} INFO - Processing file /home/airflow/.local/lib/python3.12/site-packages/airflow/example_dags/example_dag_decorator.py for tasks to queue
[2026-08-12T05:03:11.499+0000] {logging_mixin.py:190} INFO - [2026-08-12T05:03:11.499+0000] {dagbag.py:587} INFO - Filling up the DagBag from /home/airflow/.local/lib/python3.12/site-packages/airflow/example_dags/example_dag_decorator.py
[2026-08-12T05:03:11.511+0000] {processor.py:925} INFO - DAG(s) 'example_dag_decorator' retrieved from /home/airflow/.local/lib/python3.12/site-packages/airflow/example_dags/example_dag_decorator.py
[2026-08-12T05:03:11.630+0000] {logging_mixin.py:190} INFO - [2026-08-12T05:03:11.630+0000] {dag.py:3211} INFO - Sync 1 DAGs
[2026-08-12T05:03:11.641+0000] {logging_mixin.py:190} INFO - [2026-08-12T05:03:11.641+0000] {dag.py:4138} INFO - Setting next_dagrun for example_dag_decorator to None, run_after=None
[2026-08-12T05:03:11.662+0000] {processor.py:208} INFO - Processing /home/airflow/.local/lib/python3.12/site-packages/airflow/example_dags/example_dag_decorator.py took 0.174 seconds
[2026-08-12T05:03:41.897+0000] {processor.py:186} INFO - Started process (PID=3857) to work on /home/airflow/.local/lib/python3.12/site-packages/airflow/example_dags/example_dag_decorator.py
[2026-08-12T05:03:41.898+0000] {processor.py:914} INFO - Processing file /home/airflow/.local/lib/python3.12/site-packages/airflow/example_dags/example_dag_decorator.py for tasks to queue
[2026-08-12T05:03:41.901+0000] {logging_mixin.py:190} INFO - [2026-08-12T05:03:41.901+0000] {dagbag.py:587} INFO - Filling up the DagBag from /home/airflow/.local/lib/python3.12/site-packages/airflow/example_dags/example_dag_decorator.py
[2026-08-12T05:03:41.913+0000] {processor.py:925} INFO - DAG(s) 'example_dag_decorator' retrieved from /home/airflow/.local/lib/python3.12/site-packages/airflow/example_dags/example_dag_decorator.py
[2026-08-12T05:03:41.994+0000] {logging_mixin.py:190} INFO - [2026-08-12T05:03:41.993+0000] {dag.py:3211} INFO - Sync 1 DAGs
[2026-08-12T05:03:42.004+0000] {logging_mixin.py:190} INFO - [2026-08-12T05:03:42.004+0000] {dag.py:4138} INFO - Setting next_dagrun for example_dag_decorator to None, run_after=None
[2026-08-12T05:03:42.021+0000] {processor.py:208} INFO - Processing /home/airflow/.local/lib/python3.12/site-packages/airflow/example_dags/example_dag_decorator.py took 0.130 seconds
[2026-08-12T05:04:12.294+0000] {processor.py:186} INFO - Started process (PID=3921) to work on /home/airflow/.local/lib/python3.12/site-packages/airflow/example_dags/example_dag_decorator.py
[2026-08-12T05:04:12.296+0000] {processor.py:914} INFO - Processing file /home/airflow/.local/lib/python3.12/site-packages/airflow/example_dags/example_dag_decorator.py for tasks to queue
[2026-08-12T05:04:12.299+0000] {logging_mixin.py:190} INFO - [2026-08-12T05:04:12.299+0000] {dagbag.py:587} INFO - Filling up the DagBag from /home/airflow/.local/lib/python3.12/site-packages/airflow/example_dags/example_dag_decorator.py
[2026-08-12T05:04:12.312+0000] {processor.py:925} INFO - DAG(s) 'example_dag_decorator' retrieved from /home/airflow/.local/lib/python3.12/site-packages/airflow/example_dags/example_dag_decorator.py
[2026-08-12T05:04:12.412+0000] {logging_mixin.py:190} INFO - [2026-08-12T05:04:12.412+0000] {dag.py:3211} INFO - Sync 1 DAGs
[2026-08-12T05:04:12.425+0000] {logging_mixin.py:190} INFO - [2026-08-12T05:04:12.424+0000] {dag.py:4138} INFO - Setting next_dagrun for example_dag_decorator to None, run_after=None
[2026-08-12T05:04:12.443+0000] {processor.py:208} INFO - Processing /home/airflow/.local/lib/python3.12/site-packages/airflow/example_dags/example_dag_decorator.py took 0.155 seconds
[2026-08-12T05:04:42.603+0000] {processor.py:186} INFO - Started process (PID=3984) to work on /home/airflow/.local/lib/python3.12/site-packages/airflow/example_dags/example_dag_decorator.py
[2026-08-12T05:04:42.605+0000] {processor.py:914} INFO - Processing file /home/airflow/.local/lib/python3.12/site-packages/airflow/example_dags/example_dag_decorator.py for tasks to queue
[2026-08-12T05:04:42.608+0000] {logging_mixin.py:190} INFO - [2026-08-12T05:04:42.607+0000] {dagbag.py:587} INFO - Filling up the DagBag from /home/airflow/.local/lib/python3.12/site-packages/airflow/example_dags/example_dag_decorator.py
[2026-08-12T05:04:42.619+0000] {processor.py:925} INFO - DAG(s) 'example_dag_decorator' retrieved from /home/airflow/.local/lib/python3.12/site-packages/airflow/example_dags/example_dag_decorator.py
[2026-08-12T05:04:42.707+0000] {logging_mixin.py:190} INFO - [2026-08-12T05:04:42.707+0000] {dag.py:3211} INFO - Sync 1 DAGs
[2026-08-12T05:04:42.719+0000] {logging_mixin.py:190} INFO - [2026-08-12T05:04:42.719+0000] {dag.py:4138} INFO - Setting next_dagrun for example_dag_decorator to None, run_after=None
[2026-08-12T05:04:42.739+0000] {processor.py:208} INFO - Processing /home/airflow/.local/lib/python3.12/site-packages/airflow/example_dags/example_dag_decorator.py took 0.141 seconds
[2026-08-12T05:05:13.130+0000] {processor.py:186} INFO - Started process (PID=4047) to work on /home/airflow/.local/lib/python3.12/site-packages/airflow/example_dags/example_dag_decorator.py
[2026-08-12T05:05:13.131+0000] {processor.py:914} INFO - Processing file /home/airflow/.local/lib/python3.12/site-packages/airflow/example_dags/example_dag_decorator.py for tasks to queue
[2026-08-12T05:05:13.135+0000] {logging_mixin.py:190} INFO - [2026-08-12T05:05:13.135+0000] {dagbag.py:587} INFO - Filling up the DagBag from /home/airflow/.local/lib/python3.12/site-packages/airflow/example_dags/example_dag_decorator.py
[2026-08-12T05:05:13.147+0000] {processor.py:925} INFO - DAG(s) 'example_dag_decorator' retrieved from /home/airflow/.local/lib/python3.12/site-packages/airflow/example_dags/example_dag_decorator.py
[2026-08-12T05:05:13.170+0000] {logging_mixin.py:190} INFO - [2026-08-12T05:05:13.170+0000] {dag.py:3211} INFO - Sync 1 DAGs
[2026-08-12T05:05:13.184+0000] {logging_mixin.py:190} INFO - [2026-08-12T05:05:13.183+0000] {dag.py:4138} INFO - Setting next_dagrun for example_dag_decorator to None, run_after=None
[2026-08-12T05:05:13.204+0000] {processor.py:208} INFO - Processing /home/airflow/.local/lib/python3.12/site-packages/airflow/example_dags/example_dag_decorator.py took 0.080 seconds
[2026-08-12T05:05:43.608+0000] {processor.py:186} INFO - Started process (PID=4110) to work on /home/airflow/.local/lib/python3.12/site-packages/airflow/example_dags/example_dag_decorator.py
[2026-08-12T05:05:43.609+0000] {processor.py:914} INFO - Processing file /home/airflow/.local/lib/python3.12/site-packages/airflow/example_dags/example_dag_decorator.py for tasks to queue
[2026-08-12T05:05:43.613+0000] {logging_mixin.py:190} INFO - [2026-08-12T05:05:43.613+0000] {dagbag.py:587} INFO - Filling up the DagBag from /home/airflow/.local/lib/python3.12/site-packages/airflow/example_dags/example_dag_decorator.py
[2026-08-12T05:05:43.625+0000] {processor.py:925} INFO - DAG(s) 'example_dag_decorator' retrieved from /home/airflow/.local/lib/python3.12/site-packages/airflow/example_dags/example_dag_decorator.py
[2026-08-12T05:05:43.727+0000] {logging_mixin.py:190} INFO - [2026-08-12T05:05:43.727+0000] {dag.py:3211} INFO - Sync 1 DAGs
[2026-08-12T05:05:43.738+0000] {logging_mixin.py:190} INFO - [2026-08-12T05:05:43.737+0000] {dag.py:4138} INFO - Setting next_dagrun for example_dag_decorator to None, run_after=None
[2026-08-12T05:05:43.756+0000] {processor.py:208} INFO - Processing /home/airflow/.local/lib/python3.12/site-packages/airflow/example_dags/example_dag_decorator.py took 0.155 seconds
[2026-08-12T05:06:14.139+0000] {processor.py:186} INFO - Started process (PID=4173) to work on /home/airflow/.local/lib/python3.12/site-packages/airflow/example_dags/example_dag_decorator.py
[2026-08-12T05:06:14.140+0000] {processor.py:914} INFO - Processing file /home/airflow/.local/lib/python3.12/site-packages/airflow/example_dags/example_dag_decorator.py for tasks to queue
[2026-08-12T05:06:14.143+0000] {logging_mixin.py:190} INFO - [2026-08-12T05:06:14.143+0000] {dagbag.py:587} INFO - Filling up the DagBag from /home/airflow/.local/lib/python3.12/site-packages/airflow/example_dags/example_dag_decorator.py
[2026-08-12T05:06:14.154+0000] {processor.py:925} INFO - DAG(s) 'example_dag_decorator' retrieved from /home/airflow/.local/lib/python3.12/site-packages/airflow/example_dags/example_dag_decorator.py
[2026-08-12T05:06:14.248+0000] {logging_mixin.py:190} INFO - [2026-08-12T05:06:14.248+0000] {dag.py:3211} INFO - Sync 1 DAGs
[2026-08-12T05:06:14.261+0000] {logging_mixin.py:190} INFO - [2026-08-12T05:06:14.261+0000] {dag.py:4138} INFO - Setting next_dagrun for example_dag_decorator to None, run_after=None
[2026-08-12T05:06:14.279+0000] {processor.py:208} INFO - Processing /home/airflow/.local/lib/python3.12/site-packages/airflow/example_dags/example_dag_decorator.py took 0.145 seconds
[2026-08-12T05:06:44.509+0000] {processor.py:186} INFO - Started process (PID=4236) to work on /home/airflow/.local/lib/python3.12/site-packages/airflow/example_dags/example_dag_decorator.py
[2026-08-12T05:06:44.511+0000] {processor.py:914} INFO - Processing file /home/airflow/.local/lib/python3.12/site-packages/airflow/example_dags/example_dag_decorator.py for tasks to queue
[2026-08-12T05:06:44.514+0000] {logging_mixin.py:190} INFO - [2026-08-12T05:06:44.513+0000] {dagbag.py:587} INFO - Filling up the DagBag from /home/airflow/.local/lib/python3.12/site-packages/airflow/example_dags/example_dag_decorator.py
[2026-08-12T05:06:44.525+0000] {processor.py:925} INFO - DAG(s) 'example_dag_decorator' retrieved from /home/airflow/.local/lib/python3.12/site-packages/airflow/example_dags/example_dag_decorator.py
[2026-08-12T05:06:44.549+0000] {logging_mixin.py:190} INFO - [2026-08-12T05:06:44.548+0000] {dag.py:3211} INFO - Sync 1 DAGs
[2026-08-12T05:06:44.562+0000] {logging_mixin.py:190} INFO - [2026-08-12T05:06:44.561+0000] {dag.py:4138} INFO - Setting next_dagrun for example_dag_decorator to None, run_after=None
[2026-08-12T05:06:44.587+0000] {processor.py:208} INFO - Processing /home/airflow/.local/lib/python3.12/site-packages/airflow/example_dags/example_dag_decorator.py took 0.083 seconds
[2026-08-12T05:07:15.721+0000] {processor.py:186} INFO - Started process (PID=4299) to work on /home/airflow/.local/lib/python3.12/site-packages/airflow/example_dags/example_dag_decorator.py
[2026-08-12T05:07:15.723+0000] {processor.py:914} INFO - Processing file /home/airflow/.local/lib/python3.12/site-packages/airflow/example_dags/example_dag_decorator.py for tasks to queue
[2026-08-12T05:07:15.727+0000] {logging_mixin.py:190} INFO - [2026-08-12T05:07:15.726+0000] {dagbag.py:587} INFO - Filling up the DagBag from /home/airflow/.local/lib/python3.12/site-packages/airflow/example_dags/example_dag_decorator.py
[2026-08-12T05:07:15.738+0000] {processor.py:925} INFO - DAG(s) 'example_dag_decorator' retrieved from /home/airflow/.local/lib/python3.12/site-packages/airflow/example_dags/example_dag_decorator.py
[2026-08-12T05:07:15.778+0000] {logging_mixin.py:190} INFO - [2026-08-12T05:07:15.777+0000] {dag.py:3211} INFO - Sync 1 DAGs
[2026-08-12T05:07:15.798+0000] {logging_mixin.py:190} INFO - [2026-08-12T05:07:15.797+0000] {dag.py:4138} INFO - Setting next_dagrun for example_dag_decorator to None, run_after=None
[2026-08-12T05:07:15.827+0000] {processor.py:208} INFO - Processing /home/airflow/.local/lib/python3.12/site-packages/airflow/example_dags/example_dag_decorator.py took 0.114 seconds
[2026-08-12T05:07:45.982+0000] {processor.py:186} INFO - Started process (PID=4362) to work on /home/airflow/.local/lib/python3.12/site-packages/airflow/example_dags/example_dag_decorator.py
[2026-08-12T05:07:45.983+0000] {processor.py:914} INFO - Processing file /home/airflow/.local/lib/python3.12/site-packages/airflow/example_dags/example_dag_decorator.py for tasks to queue
[2026-08-12T05:07:45.987+0000] {logging_mixin.py:190} INFO - [2026-08-12T05:07:45.986+0000] {dagbag.py:587} INFO - Filling up the DagBag from /home/airflow/.local/lib/python3.12/site-packages/airflow/example_dags/example_dag_decorator.py
[2026-08-12T05:07:46.001+0000] {processor.py:925} INFO - DAG(s) 'example_dag_decorator' retrieved from /home/airflow/.local/lib/python3.12/site-packages/airflow/example_dags/example_dag_decorator.py
[2026-08-12T05:07:46.032+0000] {logging_mixin.py:190} INFO - [2026-08-12T05:07:46.032+0000] {dag.py:3211} INFO - Sync 1 DAGs
[2026-08-12T05:07:46.058+0000] {logging_mixin.py:190} INFO - [2026-08-12T05:07:46.058+0000] {dag.py:4138} INFO - Setting next_dagrun for example_dag_decorator to None, run_after=None
[2026-08-12T05:07:46.095+0000] {processor.py:208} INFO - Processing /home/airflow/.local/lib/python3.12/site-packages/airflow/example_dags/example_dag_decorator.py took 0.119 seconds
[2026-08-12T05:08:17.063+0000] {processor.py:186} INFO - Started process (PID=4425) to work on /home/airflow/.local/lib/python3.12/site-packages/airflow/example_dags/example_dag_decorator.py
[2026-08-12T05:08:17.065+0000] {processor.py:914} INFO - Processing file /home/airflow/.local/lib/python3.12/site-packages/airflow/example_dags/example_dag_decorator.py for tasks to queue
[2026-08-12T05:08:17.069+0000] {logging_mixin.py:190} INFO - [2026-08-12T05:08:17.068+0000] {dagbag.py:587} INFO - Filling up the DagBag from /home/airflow/.local/lib/python3.12/site-packages/airflow/example_dags/example_dag_decorator.py
[2026-08-12T05:08:17.080+0000] {processor.py:925} INFO - DAG(s) 'example_dag_decorator' retrieved from /home/airflow/.local/lib/python3.12/site-packages/airflow/example_dags/example_dag_decorator.py
[2026-08-12T05:08:17.177+0000] {logging_mixin.py:190} INFO - [2026-08-12T05:08:17.176+0000] {dag.py:3211} INFO - Sync 1 DAGs
[2026-08-12T05:08:17.188+0000] {logging_mixin.py:190} INFO - [2026-08-12T05:08:17.187+0000] {dag.py:4138} INFO - Setting next_dagrun for example_dag_decorator to None, run_after=None
[2026-08-12T05:08:17.211+0000] {processor.py:208} INFO - Processing /home/airflow/.local/lib/python3.12/site-packages/airflow/example_dags/example_dag_decorator.py took 0.153 seconds
[2026-08-12T05:08:47.636+0000] {processor.py:186} INFO - Started process (PID=4488) to work on /home/airflow/.local/lib/python3.12/site-packages/airflow/example_dags/example_dag_decorator.py
[2026-08-12T05:08:47.637+0000] {processor.py:914} INFO - Processing file /home/airflow/.local/lib/python3.12/site-packages/airflow/example_dags/example_dag_decorator.py for tasks to queue
[2026-08-12T05:08:47.641+0000] {logging_mixin.py:190} INFO - [2026-08-12T05:08:47.640+0000] {dagbag.py:587} INFO - Filling up the DagBag from /home/airflow/.local/lib/python3.12/site-packages/airflow/example_dags/example_dag_decorator.py
[2026-08-12T05:08:47.651+0000] {processor.py:925} INFO - DAG(s) 'example_dag_decorator' retrieved from /home/airflow/.local/lib/python3.12/site-packages/airflow/example_dags/example_dag_decorator.py
[2026-08-12T05:08:47.762+0000] {logging_mixin.py:190} INFO - [2026-08-12T05:08:47.762+0000] {dag.py:3211} INFO - Sync 1 DAGs
[2026-08-12T05:08:47.775+0000] {logging_mixin.py:190} INFO - [2026-08-12T05:08:47.774+0000] {dag.py:4138} INFO - Setting next_dagrun for example_dag_decorator to None, run_after=None
[2026-08-12T05:08:47.796+0000] {processor.py:208} INFO - Processing /home/airflow/.local/lib/python3.12/site-packages/airflow/example_dags/example_dag_decorator.py took 0.168 seconds
[2026-08-12T05:09:17.906+0000] {processor.py:186} INFO - Started process (PID=4552) to work on /home/airflow/.local/lib/python3.12/site-packages/airflow/example_dags/example_dag_decorator.py
[2026-08-12T05:09:17.908+0000] {processor.py:914} INFO - Processing file /home/airflow/.local/lib/python3.12/site-packages/airflow/example_dags/example_dag_decorator.py for tasks to queue
[2026-08-12T05:09:17.911+0000] {logging_mixin.py:190} INFO - [2026-08-12T05:09:17.910+0000] {dagbag.py:587} INFO - Filling up the DagBag from /home/airflow/.local/lib/python3.12/site-packages/airflow/example_dags/example_dag_decorator.py
[2026-08-12T05:09:17.924+0000] {processor.py:925} INFO - DAG(s) 'example_dag_decorator' retrieved from /home/airflow/.local/lib/python3.12/site-packages/airflow/example_dags/example_dag_decorator.py
[2026-08-12T05:09:18.025+0000] {logging_mixin.py:190} INFO - [2026-08-12T05:09:18.024+0000] {dag.py:3211} INFO - Sync 1 DAGs
[2026-08-12T05:09:18.037+0000] {logging_mixin.py:190} INFO - [2026-08-12T05:09:18.036+0000] {dag.py:4138} INFO - Setting next_dagrun for example_dag_decorator to None, run_after=None
[2026-08-12T05:09:18.059+0000] {processor.py:208} INFO - Processing /home/airflow/.local/lib/python3.12/site-packages/airflow/example_dags/example_dag_decorator.py took 0.159 seconds
[2026-08-12T05:09:48.760+0000] {processor.py:186} INFO - Started process (PID=4614) to work on /home/airflow/.local/lib/python3.12/site-packages/airflow/example_dags/example_dag_decorator.py
[2026-08-12T05:09:48.761+0000] {processor.py:914} INFO - Processing file /home/airflow/.local/lib/python3.12/site-packages/airflow/example_dags/example_dag_decorator.py for tasks to queue
[2026-08-12T05:09:48.767+0000] {logging_mixin.py:190} INFO - [2026-08-12T05:09:48.766+0000] {dagbag.py:587} INFO - Filling up the DagBag from /home/airflow/.local/lib/python3.12/site-packages/airflow/example_dags/example_dag_decorator.py
[2026-08-12T05:09:48.779+0000] {processor.py:925} INFO - DAG(s) 'example_dag_decorator' retrieved from /home/airflow/.local/lib/python3.12/site-packages/airflow/example_dags/example_dag_decorator.py
[2026-08-12T05:09:48.901+0000] {logging_mixin.py:190} INFO - [2026-08-12T05:09:48.901+0000] {dag.py:3211} INFO - Sync 1 DAGs
[2026-08-12T05:09:48.914+0000] {logging_mixin.py:190} INFO - [2026-08-12T05:09:48.913+0000] {dag.py:4138} INFO - Setting next_dagrun for example_dag_decorator to None, run_after=None
[2026-08-12T05:09:48.935+0000] {processor.py:208} INFO - Processing /home/airflow/.local/lib/python3.12/site-packages/airflow/example_dags/example_dag_decorator.py took 0.181 seconds
[2026-08-12T05:10:19.479+0000] {processor.py:186} INFO - Started process (PID=4677) to work on /home/airflow/.local/lib/python3.12/site-packages/airflow/example_dags/example_dag_decorator.py
[2026-08-12T05:10:19.480+0000] {processor.py:914} INFO - Processing file /home/airflow/.local/lib/python3.12/site-packages/airflow/example_dags/example_dag_decorator.py for tasks to queue
[2026-08-12T05:10:19.485+0000] {logging_mixin.py:190} INFO - [2026-08-12T05:10:19.485+0000] {dagbag.py:587} INFO - Filling up the DagBag from /home/airflow/.local/lib/python3.12/site-packages/airflow/example_dags/example_dag_decorator.py
[2026-08-12T05:10:19.500+0000] {processor.py:925} INFO - DAG(s) 'example_dag_decorator' retrieved from /home/airflow/.local/lib/python3.12/site-packages/airflow/example_dags/example_dag_decorator.py
[2026-08-12T05:10:19.610+0000] {logging_mixin.py:190} INFO - [2026-08-12T05:10:19.610+0000] {dag.py:3211} INFO - Sync 1 DAGs
[2026-08-12T05:10:19.623+0000] {logging_mixin.py:190} INFO - [2026-08-12T05:10:19.623+0000] {dag.py:4138} INFO - Setting next_dagrun for example_dag_decorator to None, run_after=None
[2026-08-12T05:10:19.646+0000] {processor.py:208} INFO - Processing /home/airflow/.local/lib/python3.12/site-packages/airflow/example_dags/example_dag_decorator.py took 0.176 seconds
[2026-08-12T05:10:49.850+0000] {processor.py:186} INFO - Started process (PID=4740) to work on /home/airflow/.local/lib/python3.12/site-packages/airflow/example_dags/example_dag_decorator.py
[2026-08-12T05:10:49.852+0000] {processor.py:914} INFO - Processing file /home/airflow/.local/lib/python3.12/site-packages/airflow/example_dags/example_dag_decorator.py for tasks to queue
[2026-08-12T05:10:49.855+0000] {logging_mixin.py:190} INFO - [2026-08-12T05:10:49.855+0000] {dagbag.py:587} INFO - Filling up the DagBag from /home/airflow/.local/lib/python3.12/site-packages/airflow/example_dags/example_dag_decorator.py
[2026-08-12T05:10:49.870+0000] {processor.py:925} INFO - DAG(s) 'example_dag_decorator' retrieved from /home/airflow/.local/lib/python3.12/site-packages/airflow/example_dags/example_dag_decorator.py
[2026-08-12T05:10:49.975+0000] {logging_mixin.py:190} INFO - [2026-08-12T05:10:49.975+0000] {dag.py:3211} INFO - Sync 1 DAGs
[2026-08-12T05:10:49.988+0000] {logging_mixin.py:190} INFO - [2026-08-12T05:10:49.988+0000] {dag.py:4138} INFO - Setting next_dagrun for example_dag_decorator to None, run_after=None
[2026-08-12T05:10:50.009+0000] {processor.py:208} INFO - Processing /home/airflow/.local/lib/python3.12/site-packages/airflow/example_dags/example_dag_decorator.py took 0.165 seconds
[2026-08-12T05:11:20.260+0000] {processor.py:186} INFO - Started process (PID=4803) to work on /home/airflow/.local/lib/python3.12/site-packages/airflow/example_dags/example_dag_decorator.py
[2026-08-12T05:11:20.261+0000] {processor.py:914} INFO - Processing file /home/airflow/.local/lib/python3.12/site-packages/airflow/example_dags/example_dag_decorator.py for tasks to queue
[2026-08-12T05:11:20.265+0000] {logging_mixin.py:190} INFO - [2026-08-12T05:11:20.264+0000] {dagbag.py:587} INFO - Filling up the DagBag from /home/airflow/.local/lib/python3.12/site-packages/airflow/example_dags/example_dag_decorator.py
[2026-08-12T05:11:20.277+0000] {processor.py:925} INFO - DAG(s) 'example_dag_decorator' retrieved from /home/airflow/.local/lib/python3.12/site-packages/airflow/example_dags/example_dag_decorator.py
[2026-08-12T05:11:20.376+0000] {logging_mixin.py:190} INFO - [2026-08-12T05:11:20.376+0000] {dag.py:3211} INFO - Sync 1 DAGs
[2026-08-12T05:11:20.392+0000] {logging_mixin.py:190} INFO - [2026-08-12T05:11:20.392+0000] {dag.py:4138} INFO - Setting next_dagrun for example_dag_decorator to None, run_after=None
[2026-08-12T05:11:20.413+0000] {processor.py:208} INFO - Processing /home/airflow/.local/lib/python3.12/site-packages/airflow/example_dags/example_dag_decorator.py took 0.158 seconds
[2026-08-12T05:11:50.853+0000] {processor.py:186} INFO - Started process (PID=4866) to work on /home/airflow/.local/lib/python3.12/site-packages/airflow/example_dags/example_dag_decorator.py
[2026-08-12T05:11:50.854+0000] {processor.py:914} INFO - Processing file /home/airflow/.local/lib/python3.12/site-packages/airflow/example_dags/example_dag_decorator.py for tasks to queue
[2026-08-12T05:11:50.859+0000] {logging_mixin.py:190} INFO - [2026-08-12T05:11:50.858+0000] {dagbag.py:587} INFO - Filling up the DagBag from /home/airflow/.local/lib/python3.12/site-packages/airflow/example_dags/example_dag_decorator.py
[2026-08-12T05:11:50.873+0000] {processor.py:925} INFO - DAG(s) 'example_dag_decorator' retrieved from /home/airflow/.local/lib/python3.12/site-packages/airflow/example_dags/example_dag_decorator.py
[2026-08-12T05:11:50.977+0000] {logging_mixin.py:190} INFO - [2026-08-12T05:11:50.977+0000] {dag.py:3211} INFO - Sync 1 DAGs
[2026-08-12T05:11:50.997+0000] {logging_mixin.py:190} INFO - [2026-08-12T05:11:50.996+0000] {dag.py:4138} INFO - Setting next_dagrun for example_dag_decorator to None, run_after=None
[2026-08-12T05:11:51.024+0000] {processor.py:208} INFO - Processing /home/airflow/.local/lib/python3.12/site-packages/airflow/example_dags/example_dag_decorator.py took 0.181 seconds
[2026-08-12T05:12:21.539+0000] {processor.py:186} INFO - Started process (PID=4929) to work on /home/airflow/.local/lib/python3.12/site-packages/airflow/example_dags/example_dag_decorator.py
[2026-08-12T05:12:21.540+0000] {processor.py:914} INFO - Processing file /home/airflow/.local/lib/python3.12/site-packages/airflow/example_dags/example_dag_decorator.py for tasks to queue
[2026-08-12T05:12:21.544+0000] {logging_mixin.py:190} INFO - [2026-08-12T05:12:21.544+0000] {dagbag.py:587} INFO - Filling up the DagBag from /home/airflow/.local/lib/python3.12/site-packages/airflow/example_dags/example_dag_decorator.py
[2026-08-12T05:12:21.558+0000] {processor.py:925} INFO - DAG(s) 'example_dag_decorator' retrieved from /home/airflow/.local/lib/python3.12/site-packages/airflow/example_dags/example_dag_decorator.py
[2026-08-12T05:12:21.649+0000] {logging_mixin.py:190} INFO - [2026-08-12T05:12:21.648+0000] {dag.py:3211} INFO - Sync 1 DAGs
[2026-08-12T05:12:21.660+0000] {logging_mixin.py:190} INFO - [2026-08-12T05:12:21.660+0000] {dag.py:4138} INFO - Setting next_dagrun for example_dag_decorator to None, run_after=None
[2026-08-12T05:12:21.678+0000] {processor.py:208} INFO - Processing /home/airflow/.local/lib/python3.12/site-packages/airflow/example_dags/example_dag_decorator.py took 0.147 seconds
[2026-08-12T05:12:52.084+0000] {processor.py:186} INFO - Started process (PID=4992) to work on /home/airflow/.local/lib/python3.12/site-packages/airflow/example_dags/example_dag_decorator.py
[2026-08-12T05:12:52.086+0000] {processor.py:914} INFO - Processing file /home/airflow/.local/lib/python3.12/site-packages/airflow/example_dags/example_dag_decorator.py for tasks to queue
[2026-08-12T05:12:52.089+0000] {logging_mixin.py:190} INFO - [2026-08-12T05:12:52.089+0000] {dagbag.py:587} INFO - Filling up the DagBag from /home/airflow/.local/lib/python3.12/site-packages/airflow/example_dags/example_dag_decorator.py
[2026-08-12T05:12:52.104+0000] {processor.py:925} INFO - DAG(s) 'example_dag_decorator' retrieved from /home/airflow/.local/lib/python3.12/site-packages/airflow/example_dags/example_dag_decorator.py
[2026-08-12T05:12:52.246+0000] {logging_mixin.py:190} INFO - [2026-08-12T05:12:52.245+0000] {dag.py:3211} INFO - Sync 1 DAGs
[2026-08-12T05:12:52.263+0000] {logging_mixin.py:190} INFO - [2026-08-12T05:12:52.263+0000] {dag.py:4138} INFO - Setting next_dagrun for example_dag_decorator to None, run_after=None
[2026-08-12T05:12:52.283+0000] {processor.py:208} INFO - Processing /home/airflow/.local/lib/python3.12/site-packages/airflow/example_dags/example_dag_decorator.py took 0.205 seconds
[2026-08-12T05:13:22.532+0000] {processor.py:186} INFO - Started process (PID=5055) to work on /home/airflow/.local/lib/python3.12/site-packages/airflow/example_dags/example_dag_decorator.py
[2026-08-12T05:13:22.534+0000] {processor.py:914} INFO - Processing file /home/airflow/.local/lib/python3.12/site-packages/airflow/example_dags/example_dag_decorator.py for tasks to queue
[2026-08-12T05:13:22.537+0000] {logging_mixin.py:190} INFO - [2026-08-12T05:13:22.536+0000] {dagbag.py:587} INFO - Filling up the DagBag from /home/airflow/.local/lib/python3.12/site-packages/airflow/example_dags/example_dag_decorator.py
[2026-08-12T05:13:22.548+0000] {processor.py:925} INFO - DAG(s) 'example_dag_decorator' retrieved from /home/airflow/.local/lib/python3.12/site-packages/airflow/example_dags/example_dag_decorator.py
[2026-08-12T05:13:22.640+0000] {logging_mixin.py:190} INFO - [2026-08-12T05:13:22.640+0000] {dag.py:3211} INFO - Sync 1 DAGs
[2026-08-12T05:13:22.651+0000] {logging_mixin.py:190} INFO - [2026-08-12T05:13:22.651+0000] {dag.py:4138} INFO - Setting next_dagrun for example_dag_decorator to None, run_after=None
[2026-08-12T05:13:22.669+0000] {processor.py:208} INFO - Processing /home/airflow/.local/lib/python3.12/site-packages/airflow/example_dags/example_dag_decorator.py took 0.143 seconds
[2026-08-12T05:13:53.129+0000] {processor.py:186} INFO - Started process (PID=5118) to work on /home/airflow/.local/lib/python3.12/site-packages/airflow/example_dags/example_dag_decorator.py
[2026-08-12T05:13:53.131+0000] {processor.py:914} INFO - Processing file /home/airflow/.local/lib/python3.12/site-packages/airflow/example_dags/example_dag_decorator.py for tasks to queue
[2026-08-12T05:13:53.135+0000] {logging_mixin.py:190} INFO - [2026-08-12T05:13:53.134+0000] {dagbag.py:587} INFO - Filling up the DagBag from /home/airflow/.local/lib/python3.12/site-packages/airflow/example_dags/example_dag_decorator.py
[2026-08-12T05:13:53.148+0000] {processor.py:925} INFO - DAG(s) 'example_dag_decorator' retrieved from /home/airflow/.local/lib/python3.12/site-packages/airflow/example_dags/example_dag_decorator.py
[2026-08-12T05:13:53.241+0000] {logging_mixin.py:190} INFO - [2026-08-12T05:13:53.241+0000] {dag.py:3211} INFO - Sync 1 DAGs
[2026-08-12T05:13:53.256+0000] {logging_mixin.py:190} INFO - [2026-08-12T05:13:53.255+0000] {dag.py:4138} INFO - Setting next_dagrun for example_dag_decorator to None, run_after=None
[2026-08-12T05:13:53.276+0000] {processor.py:208} INFO - Processing /home/airflow/.local/lib/python3.12/site-packages/airflow/example_dags/example_dag_decorator.py took 0.152 seconds
[2026-08-12T05:14:23.514+0000] {processor.py:186} INFO - Started process (PID=5181) to work on /home/airflow/.local/lib/python3.12/site-packages/airflow/example_dags/example_dag_decorator.py
[2026-08-12T05:14:23.515+0000] {processor.py:914} INFO - Processing file /home/airflow/.local/lib/python3.12/site-packages/airflow/example_dags/example_dag_decorator.py for tasks to queue
[2026-08-12T05:14:23.519+0000] {logging_mixin.py:190} INFO - [2026-08-12T05:14:23.519+0000] {dagbag.py:587} INFO - Filling up the DagBag from /home/airflow/.local/lib/python3.12/site-packages/airflow/example_dags/example_dag_decorator.py
[2026-08-12T05:14:23.532+0000] {processor.py:925} INFO - DAG(s) 'example_dag_decorator' retrieved from /home/airflow/.local/lib/python3.12/site-packages/airflow/example_dags/example_dag_decorator.py
[2026-08-12T05:14:23.637+0000] {logging_mixin.py:190} INFO - [2026-08-12T05:14:23.636+0000] {dag.py:3211} INFO - Sync 1 DAGs
[2026-08-12T05:14:23.650+0000] {logging_mixin.py:190} INFO - [2026-08-12T05:14:23.649+0000] {dag.py:4138} INFO - Setting next_dagrun for example_dag_decorator to None, run_after=None
[2026-08-12T05:14:23.672+0000] {processor.py:208} INFO - Processing /home/airflow/.local/lib/python3.12/site-packages/airflow/example_dags/example_dag_decorator.py took 0.165 seconds
[2026-08-12T05:14:54.137+0000] {processor.py:186} INFO - Started process (PID=5244) to work on /home/airflow/.local/lib/python3.12/site-packages/airflow/example_dags/example_dag_decorator.py
[2026-08-12T05:14:54.139+0000] {processor.py:914} INFO - Processing file /home/airflow/.local/lib/python3.12/site-packages/airflow/example_dags/example_dag_decorator.py for tasks to queue
[2026-08-12T05:14:54.145+0000] {logging_mixin.py:190} INFO - [2026-08-12T05:14:54.145+0000] {dagbag.py:587} INFO - Filling up the DagBag from /home/airflow/.local/lib/python3.12/site-packages/airflow/example_dags/example_dag_decorator.py
[2026-08-12T05:14:54.168+0000] {processor.py:925} INFO - DAG(s) 'example_dag_decorator' retrieved from /home/airflow/.local/lib/python3.12/site-packages/airflow/example_dags/example_dag_decorator.py
[2026-08-12T05:14:54.294+0000] {logging_mixin.py:190} INFO - [2026-08-12T05:14:54.293+0000] {dag.py:3211} INFO - Sync 1 DAGs
[2026-08-12T05:14:54.305+0000] {logging_mixin.py:190} INFO - [2026-08-12T05:14:54.304+0000] {dag.py:4138} INFO - Setting next_dagrun for example_dag_decorator to None, run_after=None
[2026-08-12T05:14:54.323+0000] {processor.py:208} INFO - Processing /home/airflow/.local/lib/python3.12/site-packages/airflow/example_dags/example_dag_decorator.py took 0.195 seconds
[2026-08-12T05:15:24.772+0000] {processor.py:186} INFO - Started process (PID=5307) to work on /home/airflow/.local/lib/python3.12/site-packages/airflow/example_dags/example_dag_decorator.py
[2026-08-12T05:15:24.775+0000] {processor.py:914} INFO - Processing file /home/airflow/.local/lib/python3.12/site-packages/airflow/example_dags/example_dag_decorator.py for tasks to queue
[2026-08-12T05:15:24.779+0000] {logging_mixin.py:190} INFO - [2026-08-12T05:15:24.779+0000] {dagbag.py:587} INFO - Filling up the DagBag from /home/airflow/.local/lib/python3.12/site-packages/airflow/example_dags/example_dag_decorator.py
[2026-08-12T05:15:24.792+0000] {processor.py:925} INFO - DAG(s) 'example_dag_decorator' retrieved from /home/airflow/.local/lib/python3.12/site-packages/airflow/example_dags/example_dag_decorator.py
[2026-08-12T05:15:24.903+0000] {logging_mixin.py:190} INFO - [2026-08-12T05:15:24.903+0000] {dag.py:3211} INFO - Sync 1 DAGs
[2026-08-12T05:15:24.913+0000] {logging_mixin.py:190} INFO - [2026-08-12T05:15:24.913+0000] {dag.py:4138} INFO - Setting next_dagrun for example_dag_decorator to None, run_after=None
[2026-08-12T05:15:24.934+0000] {processor.py:208} INFO - Processing /home/airflow/.local/lib/python3.12/site-packages/airflow/example_dags/example_dag_decorator.py took 0.169 seconds
[2026-08-12T05:15:55.438+0000] {processor.py:186} INFO - Started process (PID=5370) to work on /home/airflow/.local/lib/python3.12/site-packages/airflow/example_dags/example_dag_decorator.py
[2026-08-12T05:15:55.440+0000] {processor.py:914} INFO - Processing file /home/airflow/.local/lib/python3.12/site-packages/airflow/example_dags/example_dag_decorator.py for tasks to queue
[2026-08-12T05:15:55.444+0000] {logging_mixin.py:190} INFO - [2026-08-12T05:15:55.443+0000] {dagbag.py:587} INFO - Filling up the DagBag from /home/airflow/.local/lib/python3.12/site-packages/airflow/example_dags/example_dag_decorator.py
[2026-08-12T05:15:55.456+0000] {processor.py:925} INFO - DAG(s) 'example_dag_decorator' retrieved from /home/airflow/.local/lib/python3.12/site-packages/airflow/example_dags/example_dag_decorator.py
[2026-08-12T05:15:55.556+0000] {logging_mixin.py:190} INFO - [2026-08-12T05:15:55.555+0000] {dag.py:3211} INFO - Sync 1 DAGs
[2026-08-12T05:15:55.567+0000] {logging_mixin.py:190} INFO - [2026-08-12T05:15:55.567+0000] {dag.py:4138} INFO - Setting next_dagrun for example_dag_decorator to None, run_after=None
[2026-08-12T05:15:55.587+0000] {processor.py:208} INFO - Processing /home/airflow/.local/lib/python3.12/site-packages/airflow/example_dags/example_dag_decorator.py took 0.155 seconds
[2026-08-12T05:16:25.989+0000] {processor.py:186} INFO - Started process (PID=5433) to work on /home/airflow/.local/lib/python3.12/site-packages/airflow/example_dags/example_dag_decorator.py
[2026-08-12T05:16:25.990+0000] {processor.py:914} INFO - Processing file /home/airflow/.local/lib/python3.12/site-packages/airflow/example_dags/example_dag_decorator.py for tasks to queue
[2026-08-12T05:16:25.994+0000] {logging_mixin.py:190} INFO - [2026-08-12T05:16:25.993+0000] {dagbag.py:587} INFO - Filling up the DagBag from /home/airflow/.local/lib/python3.12/site-packages/airflow/example_dags/example_dag_decorator.py
[2026-08-12T05:16:26.004+0000] {processor.py:925} INFO - DAG(s) 'example_dag_decorator' retrieved from /home/airflow/.local/lib/python3.12/site-packages/airflow/example_dags/example_dag_decorator.py
[2026-08-12T05:16:26.091+0000] {logging_mixin.py:190} INFO - [2026-08-12T05:16:26.090+0000] {dag.py:3211} INFO - Sync 1 DAGs
[2026-08-12T05:16:26.103+0000] {logging_mixin.py:190} INFO - [2026-08-12T05:16:26.103+0000] {dag.py:4138} INFO - Setting next_dagrun for example_dag_decorator to None, run_after=None
[2026-08-12T05:16:26.121+0000] {processor.py:208} INFO - Processing /home/airflow/.local/lib/python3.12/site-packages/airflow/example_dags/example_dag_decorator.py took 0.138 seconds
[2026-08-12T05:16:56.493+0000] {processor.py:186} INFO - Started process (PID=5496) to work on /home/airflow/.local/lib/python3.12/site-packages/airflow/example_dags/example_dag_decorator.py
[2026-08-12T05:16:56.495+0000] {processor.py:914} INFO - Processing file /home/airflow/.local/lib/python3.12/site-packages/airflow/example_dags/example_dag_decorator.py for tasks to queue
[2026-08-12T05:16:56.499+0000] {logging_mixin.py:190} INFO - [2026-08-12T05:16:56.498+0000] {dagbag.py:587} INFO - Filling up the DagBag from /home/airflow/.local/lib/python3.12/site-packages/airflow/example_dags/example_dag_decorator.py
[2026-08-12T05:16:56.513+0000] {processor.py:925} INFO - DAG(s) 'example_dag_decorator' retrieved from /home/airflow/.local/lib/python3.12/site-packages/airflow/example_dags/example_dag_decorator.py
[2026-08-12T05:16:56.634+0000] {logging_mixin.py:190} INFO - [2026-08-12T05:16:56.634+0000] {dag.py:3211} INFO - Sync 1 DAGs
[2026-08-12T05:16:56.648+0000] {logging_mixin.py:190} INFO - [2026-08-12T05:16:56.648+0000] {dag.py:4138} INFO - Setting next_dagrun for example_dag_decorator to None, run_after=None
[2026-08-12T05:16:56.674+0000] {processor.py:208} INFO - Processing /home/airflow/.local/lib/python3.12/site-packages/airflow/example_dags/example_dag_decorator.py took 0.189 seconds
[2026-08-12T05:17:27.057+0000] {processor.py:186} INFO - Started process (PID=5559) to work on /home/airflow/.local/lib/python3.12/site-packages/airflow/example_dags/example_dag_decorator.py
[2026-08-12T05:17:27.059+0000] {processor.py:914} INFO - Processing file /home/airflow/.local/lib/python3.12/site-packages/airflow/example_dags/example_dag_decorator.py for tasks to queue
[2026-08-12T05:17:27.063+0000] {logging_mixin.py:190} INFO - [2026-08-12T05:17:27.062+0000] {dagbag.py:587} INFO - Filling up the DagBag from /home/airflow/.local/lib/python3.12/site-packages/airflow/example_dags/example_dag_decorator.py
[2026-08-12T05:17:27.076+0000] {processor.py:925} INFO - DAG(s) 'example_dag_decorator' retrieved from /home/airflow/.local/lib/python3.12/site-packages/airflow/example_dags/example_dag_decorator.py
[2026-08-12T05:17:27.166+0000] {logging_mixin.py:190} INFO - [2026-08-12T05:17:27.166+0000] {dag.py:3211} INFO - Sync 1 DAGs
[2026-08-12T05:17:27.178+0000] {logging_mixin.py:190} INFO - [2026-08-12T05:17:27.178+0000] {dag.py:4138} INFO - Setting next_dagrun for example_dag_decorator to None, run_after=None
[2026-08-12T05:17:27.200+0000] {processor.py:208} INFO - Processing /home/airflow/.local/lib/python3.12/site-packages/airflow/example_dags/example_dag_decorator.py took 0.149 seconds
[2026-08-12T05:17:58.000+0000] {processor.py:186} INFO - Started process (PID=5622) to work on /home/airflow/.local/lib/python3.12/site-packages/airflow/example_dags/example_dag_decorator.py
[2026-08-12T05:17:58.002+0000] {processor.py:914} INFO - Processing file /home/airflow/.local/lib/python3.12/site-packages/airflow/example_dags/example_dag_decorator.py for tasks to queue
[2026-08-12T05:17:58.005+0000] {logging_mixin.py:190} INFO - [2026-08-12T05:17:58.004+0000] {dagbag.py:587} INFO - Filling up the DagBag from /home/airflow/.local/lib/python3.12/site-packages/airflow/example_dags/example_dag_decorator.py
[2026-08-12T05:17:58.017+0000] {processor.py:925} INFO - DAG(s) 'example_dag_decorator' retrieved from /home/airflow/.local/lib/python3.12/site-packages/airflow/example_dags/example_dag_decorator.py
[2026-08-12T05:17:58.123+0000] {logging_mixin.py:190} INFO - [2026-08-12T05:17:58.123+0000] {dag.py:3211} INFO - Sync 1 DAGs
[2026-08-12T05:17:58.134+0000] {logging_mixin.py:190} INFO - [2026-08-12T05:17:58.134+0000] {dag.py:4138} INFO - Setting next_dagrun for example_dag_decorator to None, run_after=None
[2026-08-12T05:17:58.158+0000] {processor.py:208} INFO - Processing /home/airflow/.local/lib/python3.12/site-packages/airflow/example_dags/example_dag_decorator.py took 0.164 seconds
[2026-08-12T05:18:28.892+0000] {processor.py:186} INFO - Started process (PID=5685) to work on /home/airflow/.local/lib/python3.12/site-packages/airflow/example_dags/example_dag_decorator.py
[2026-08-12T05:18:28.894+0000] {processor.py:914} INFO - Processing file /home/airflow/.local/lib/python3.12/site-packages/airflow/example_dags/example_dag_decorator.py for tasks to queue
[2026-08-12T05:18:28.898+0000] {logging_mixin.py:190} INFO - [2026-08-12T05:18:28.898+0000] {dagbag.py:587} INFO - Filling up the DagBag from /home/airflow/.local/lib/python3.12/site-packages/airflow/example_dags/example_dag_decorator.py
[2026-08-12T05:18:28.912+0000] {processor.py:925} INFO - DAG(s) 'example_dag_decorator' retrieved from /home/airflow/.local/lib/python3.12/site-packages/airflow/example_dags/example_dag_decorator.py
[2026-08-12T05:18:29.025+0000] {logging_mixin.py:190} INFO - [2026-08-12T05:18:29.024+0000] {dag.py:3211} INFO - Sync 1 DAGs
[2026-08-12T05:18:29.041+0000] {logging_mixin.py:190} INFO - [2026-08-12T05:18:29.040+0000] {dag.py:4138} INFO - Setting next_dagrun for example_dag_decorator to None, run_after=None
[2026-08-12T05:18:29.064+0000] {processor.py:208} INFO - Processing /home/airflow/.local/lib/python3.12/site-packages/airflow/example_dags/example_dag_decorator.py took 0.178 seconds
[2026-08-12T05:19:08.263+0000] {processor.py:186} INFO - Started process (PID=5755) to work on /home/airflow/.local/lib/python3.12/site-packages/airflow/example_dags/example_dag_decorator.py
[2026-08-12T05:19:08.297+0000] {processor.py:914} INFO - Processing file /home/airflow/.local/lib/python3.12/site-packages/airflow/example_dags/example_dag_decorator.py for tasks to queue
[2026-08-12T05:19:08.415+0000] {logging_mixin.py:190} INFO - [2026-08-12T05:19:08.414+0000] {dagbag.py:587} INFO - Filling up the DagBag from /home/airflow/.local/lib/python3.12/site-packages/airflow/example_dags/example_dag_decorator.py
[2026-08-12T05:19:08.561+0000] {processor.py:925} INFO - DAG(s) 'example_dag_decorator' retrieved from /home/airflow/.local/lib/python3.12/site-packages/airflow/example_dags/example_dag_decorator.py
[2026-08-12T05:19:09.126+0000] {logging_mixin.py:190} INFO - [2026-08-12T05:19:09.125+0000] {dag.py:3211} INFO - Sync 1 DAGs
[2026-08-12T05:19:09.199+0000] {logging_mixin.py:190} INFO - [2026-08-12T05:19:09.198+0000] {dag.py:4138} INFO - Setting next_dagrun for example_dag_decorator to None, run_after=None
[2026-08-12T05:19:09.307+0000] {processor.py:208} INFO - Processing /home/airflow/.local/lib/python3.12/site-packages/airflow/example_dags/example_dag_decorator.py took 1.085 seconds
[2026-08-12T05:19:39.678+0000] {processor.py:186} INFO - Started process (PID=5818) to work on /home/airflow/.local/lib/python3.12/site-packages/airflow/example_dags/example_dag_decorator.py
[2026-08-12T05:19:39.681+0000] {processor.py:914} INFO - Processing file /home/airflow/.local/lib/python3.12/site-packages/airflow/example_dags/example_dag_decorator.py for tasks to queue
[2026-08-12T05:19:39.694+0000] {logging_mixin.py:190} INFO - [2026-08-12T05:19:39.693+0000] {dagbag.py:587} INFO - Filling up the DagBag from /home/airflow/.local/lib/python3.12/site-packages/airflow/example_dags/example_dag_decorator.py
[2026-08-12T05:19:39.726+0000] {processor.py:925} INFO - DAG(s) 'example_dag_decorator' retrieved from /home/airflow/.local/lib/python3.12/site-packages/airflow/example_dags/example_dag_decorator.py
[2026-08-12T05:19:40.536+0000] {logging_mixin.py:190} INFO - [2026-08-12T05:19:40.535+0000] {dag.py:3211} INFO - Sync 1 DAGs
[2026-08-12T05:19:40.603+0000] {logging_mixin.py:190} INFO - [2026-08-12T05:19:40.602+0000] {dag.py:4138} INFO - Setting next_dagrun for example_dag_decorator to None, run_after=None
[2026-08-12T05:19:40.703+0000] {processor.py:208} INFO - Processing /home/airflow/.local/lib/python3.12/site-packages/airflow/example_dags/example_dag_decorator.py took 1.049 seconds
[2026-08-12T05:20:11.287+0000] {processor.py:186} INFO - Started process (PID=5881) to work on /home/airflow/.local/lib/python3.12/site-packages/airflow/example_dags/example_dag_decorator.py
[2026-08-12T05:20:11.373+0000] {processor.py:914} INFO - Processing file /home/airflow/.local/lib/python3.12/site-packages/airflow/example_dags/example_dag_decorator.py for tasks to queue
[2026-08-12T05:20:11.406+0000] {logging_mixin.py:190} INFO - [2026-08-12T05:20:11.405+0000] {dagbag.py:587} INFO - Filling up the DagBag from /home/airflow/.local/lib/python3.12/site-packages/airflow/example_dags/example_dag_decorator.py
[2026-08-12T05:20:11.507+0000] {processor.py:925} INFO - DAG(s) 'example_dag_decorator' retrieved from /home/airflow/.local/lib/python3.12/site-packages/airflow/example_dags/example_dag_decorator.py
[2026-08-12T05:20:12.056+0000] {logging_mixin.py:190} INFO - [2026-08-12T05:20:12.055+0000] {dag.py:3211} INFO - Sync 1 DAGs
[2026-08-12T05:20:12.096+0000] {logging_mixin.py:190} INFO - [2026-08-12T05:20:12.096+0000] {dag.py:4138} INFO - Setting next_dagrun for example_dag_decorator to None, run_after=None
[2026-08-12T05:20:12.157+0000] {processor.py:208} INFO - Processing /home/airflow/.local/lib/python3.12/site-packages/airflow/example_dags/example_dag_decorator.py took 0.912 seconds
[2026-08-12T05:20:43.198+0000] {processor.py:186} INFO - Started process (PID=5945) to work on /home/airflow/.local/lib/python3.12/site-packages/airflow/example_dags/example_dag_decorator.py
[2026-08-12T05:20:43.231+0000] {processor.py:914} INFO - Processing file /home/airflow/.local/lib/python3.12/site-packages/airflow/example_dags/example_dag_decorator.py for tasks to queue
[2026-08-12T05:20:43.299+0000] {logging_mixin.py:190} INFO - [2026-08-12T05:20:43.298+0000] {dagbag.py:587} INFO - Filling up the DagBag from /home/airflow/.local/lib/python3.12/site-packages/airflow/example_dags/example_dag_decorator.py
[2026-08-12T05:20:43.454+0000] {processor.py:925} INFO - DAG(s) 'example_dag_decorator' retrieved from /home/airflow/.local/lib/python3.12/site-packages/airflow/example_dags/example_dag_decorator.py
[2026-08-12T05:20:44.079+0000] {logging_mixin.py:190} INFO - [2026-08-12T05:20:44.078+0000] {dag.py:3211} INFO - Sync 1 DAGs
[2026-08-12T05:20:44.144+0000] {logging_mixin.py:190} INFO - [2026-08-12T05:20:44.144+0000] {dag.py:4138} INFO - Setting next_dagrun for example_dag_decorator to None, run_after=None
[2026-08-12T05:20:44.278+0000] {processor.py:208} INFO - Processing /home/airflow/.local/lib/python3.12/site-packages/airflow/example_dags/example_dag_decorator.py took 1.116 seconds
[2026-08-12T05:21:14.458+0000] {processor.py:186} INFO - Started process (PID=6009) to work on /home/airflow/.local/lib/python3.12/site-packages/airflow/example_dags/example_dag_decorator.py
[2026-08-12T05:21:14.460+0000] {processor.py:914} INFO - Processing file /home/airflow/.local/lib/python3.12/site-packages/airflow/example_dags/example_dag_decorator.py for tasks to queue
[2026-08-12T05:21:14.464+0000] {logging_mixin.py:190} INFO - [2026-08-12T05:21:14.463+0000] {dagbag.py:587} INFO - Filling up the DagBag from /home/airflow/.local/lib/python3.12/site-packages/airflow/example_dags/example_dag_decorator.py
[2026-08-12T05:21:14.478+0000] {processor.py:925} INFO - DAG(s) 'example_dag_decorator' retrieved from /home/airflow/.local/lib/python3.12/site-packages/airflow/example_dags/example_dag_decorator.py
[2026-08-12T05:21:14.576+0000] {logging_mixin.py:190} INFO - [2026-08-12T05:21:14.575+0000] {dag.py:3211} INFO - Sync 1 DAGs
[2026-08-12T05:21:14.587+0000] {logging_mixin.py:190} INFO - [2026-08-12T05:21:14.587+0000] {dag.py:4138} INFO - Setting next_dagrun for example_dag_decorator to None, run_after=None
[2026-08-12T05:21:14.608+0000] {processor.py:208} INFO - Processing /home/airflow/.local/lib/python3.12/site-packages/airflow/example_dags/example_dag_decorator.py took 0.158 seconds
[2026-08-12T05:21:44.926+0000] {processor.py:186} INFO - Started process (PID=6075) to work on /home/airflow/.local/lib/python3.12/site-packages/airflow/example_dags/example_dag_decorator.py
[2026-08-12T05:21:44.928+0000] {processor.py:914} INFO - Processing file /home/airflow/.local/lib/python3.12/site-packages/airflow/example_dags/example_dag_decorator.py for tasks to queue
[2026-08-12T05:21:44.932+0000] {logging_mixin.py:190} INFO - [2026-08-12T05:21:44.931+0000] {dagbag.py:587} INFO - Filling up the DagBag from /home/airflow/.local/lib/python3.12/site-packages/airflow/example_dags/example_dag_decorator.py
[2026-08-12T05:21:44.947+0000] {processor.py:925} INFO - DAG(s) 'example_dag_decorator' retrieved from /home/airflow/.local/lib/python3.12/site-packages/airflow/example_dags/example_dag_decorator.py
[2026-08-12T05:21:45.080+0000] {logging_mixin.py:190} INFO - [2026-08-12T05:21:45.079+0000] {dag.py:3211} INFO - Sync 1 DAGs
[2026-08-12T05:21:45.096+0000] {logging_mixin.py:190} INFO - [2026-08-12T05:21:45.095+0000] {dag.py:4138} INFO - Setting next_dagrun for example_dag_decorator to None, run_after=None
[2026-08-12T05:21:45.134+0000] {processor.py:208} INFO - Processing /home/airflow/.local/lib/python3.12/site-packages/airflow/example_dags/example_dag_decorator.py took 0.216 seconds
[2026-08-12T05:22:15.240+0000] {processor.py:186} INFO - Started process (PID=6138) to work on /home/airflow/.local/lib/python3.12/site-packages/airflow/example_dags/example_dag_decorator.py
[2026-08-12T05:22:15.242+0000] {processor.py:914} INFO - Processing file /home/airflow/.local/lib/python3.12/site-packages/airflow/example_dags/example_dag_decorator.py for tasks to queue
[2026-08-12T05:22:15.245+0000] {logging_mixin.py:190} INFO - [2026-08-12T05:22:15.245+0000] {dagbag.py:587} INFO - Filling up the DagBag from /home/airflow/.local/lib/python3.12/site-packages/airflow/example_dags/example_dag_decorator.py
[2026-08-12T05:22:15.259+0000] {processor.py:925} INFO - DAG(s) 'example_dag_decorator' retrieved from /home/airflow/.local/lib/python3.12/site-packages/airflow/example_dags/example_dag_decorator.py
[2026-08-12T05:22:15.419+0000] {logging_mixin.py:190} INFO - [2026-08-12T05:22:15.419+0000] {dag.py:3211} INFO - Sync 1 DAGs
[2026-08-12T05:22:15.437+0000] {logging_mixin.py:190} INFO - [2026-08-12T05:22:15.437+0000] {dag.py:4138} INFO - Setting next_dagrun for example_dag_decorator to None, run_after=None
[2026-08-12T05:22:15.524+0000] {processor.py:208} INFO - Processing /home/airflow/.local/lib/python3.12/site-packages/airflow/example_dags/example_dag_decorator.py took 0.290 seconds
[2026-08-12T05:22:46.498+0000] {processor.py:186} INFO - Started process (PID=6201) to work on /home/airflow/.local/lib/python3.12/site-packages/airflow/example_dags/example_dag_decorator.py
[2026-08-12T05:22:46.499+0000] {processor.py:914} INFO - Processing file /home/airflow/.local/lib/python3.12/site-packages/airflow/example_dags/example_dag_decorator.py for tasks to queue
[2026-08-12T05:22:46.503+0000] {logging_mixin.py:190} INFO - [2026-08-12T05:22:46.503+0000] {dagbag.py:587} INFO - Filling up the DagBag from /home/airflow/.local/lib/python3.12/site-packages/airflow/example_dags/example_dag_decorator.py
[2026-08-12T05:22:46.526+0000] {processor.py:925} INFO - DAG(s) 'example_dag_decorator' retrieved from /home/airflow/.local/lib/python3.12/site-packages/airflow/example_dags/example_dag_decorator.py
[2026-08-12T05:22:46.673+0000] {logging_mixin.py:190} INFO - [2026-08-12T05:22:46.673+0000] {dag.py:3211} INFO - Sync 1 DAGs
[2026-08-12T05:22:46.685+0000] {logging_mixin.py:190} INFO - [2026-08-12T05:22:46.684+0000] {dag.py:4138} INFO - Setting next_dagrun for example_dag_decorator to None, run_after=None
[2026-08-12T05:22:46.717+0000] {processor.py:208} INFO - Processing /home/airflow/.local/lib/python3.12/site-packages/airflow/example_dags/example_dag_decorator.py took 0.225 seconds
[2026-08-12T05:23:17.044+0000] {processor.py:186} INFO - Started process (PID=6266) to work on /home/airflow/.local/lib/python3.12/site-packages/airflow/example_dags/example_dag_decorator.py
[2026-08-12T05:23:17.046+0000] {processor.py:914} INFO - Processing file /home/airflow/.local/lib/python3.12/site-packages/airflow/example_dags/example_dag_decorator.py for tasks to queue
[2026-08-12T05:23:17.050+0000] {logging_mixin.py:190} INFO - [2026-08-12T05:23:17.049+0000] {dagbag.py:587} INFO - Filling up the DagBag from /home/airflow/.local/lib/python3.12/site-packages/airflow/example_dags/example_dag_decorator.py
[2026-08-12T05:23:17.062+0000] {processor.py:925} INFO - DAG(s) 'example_dag_decorator' retrieved from /home/airflow/.local/lib/python3.12/site-packages/airflow/example_dags/example_dag_decorator.py
[2026-08-12T05:23:17.182+0000] {logging_mixin.py:190} INFO - [2026-08-12T05:23:17.182+0000] {dag.py:3211} INFO - Sync 1 DAGs
[2026-08-12T05:23:17.196+0000] {logging_mixin.py:190} INFO - [2026-08-12T05:23:17.196+0000] {dag.py:4138} INFO - Setting next_dagrun for example_dag_decorator to None, run_after=None
[2026-08-12T05:23:17.233+0000] {processor.py:208} INFO - Processing /home/airflow/.local/lib/python3.12/site-packages/airflow/example_dags/example_dag_decorator.py took 0.194 seconds
[2026-08-12T05:23:47.326+0000] {processor.py:186} INFO - Started process (PID=6329) to work on /home/airflow/.local/lib/python3.12/site-packages/airflow/example_dags/example_dag_decorator.py
[2026-08-12T05:23:47.328+0000] {processor.py:914} INFO - Processing file /home/airflow/.local/lib/python3.12/site-packages/airflow/example_dags/example_dag_decorator.py for tasks to queue
[2026-08-12T05:23:47.333+0000] {logging_mixin.py:190} INFO - [2026-08-12T05:23:47.333+0000] {dagbag.py:587} INFO - Filling up the DagBag from /home/airflow/.local/lib/python3.12/site-packages/airflow/example_dags/example_dag_decorator.py
[2026-08-12T05:23:47.353+0000] {processor.py:925} INFO - DAG(s) 'example_dag_decorator' retrieved from /home/airflow/.local/lib/python3.12/site-packages/airflow/example_dags/example_dag_decorator.py
[2026-08-12T05:23:47.497+0000] {logging_mixin.py:190} INFO - [2026-08-12T05:23:47.497+0000] {dag.py:3211} INFO - Sync 1 DAGs
[2026-08-12T05:23:47.514+0000] {logging_mixin.py:190} INFO - [2026-08-12T05:23:47.513+0000] {dag.py:4138} INFO - Setting next_dagrun for example_dag_decorator to None, run_after=None
[2026-08-12T05:23:47.546+0000] {processor.py:208} INFO - Processing /home/airflow/.local/lib/python3.12/site-packages/airflow/example_dags/example_dag_decorator.py took 0.228 seconds
[2026-08-12T05:24:18.319+0000] {processor.py:186} INFO - Started process (PID=6393) to work on /home/airflow/.local/lib/python3.12/site-packages/airflow/example_dags/example_dag_decorator.py
[2026-08-12T05:24:18.320+0000] {processor.py:914} INFO - Processing file /home/airflow/.local/lib/python3.12/site-packages/airflow/example_dags/example_dag_decorator.py for tasks to queue
[2026-08-12T05:24:18.323+0000] {logging_mixin.py:190} INFO - [2026-08-12T05:24:18.323+0000] {dagbag.py:587} INFO - Filling up the DagBag from /home/airflow/.local/lib/python3.12/site-packages/airflow/example_dags/example_dag_decorator.py
[2026-08-12T05:24:18.336+0000] {processor.py:925} INFO - DAG(s) 'example_dag_decorator' retrieved from /home/airflow/.local/lib/python3.12/site-packages/airflow/example_dags/example_dag_decorator.py
[2026-08-12T05:24:18.426+0000] {logging_mixin.py:190} INFO - [2026-08-12T05:24:18.426+0000] {dag.py:3211} INFO - Sync 1 DAGs
[2026-08-12T05:24:18.438+0000] {logging_mixin.py:190} INFO - [2026-08-12T05:24:18.438+0000] {dag.py:4138} INFO - Setting next_dagrun for example_dag_decorator to None, run_after=None
[2026-08-12T05:24:18.459+0000] {processor.py:208} INFO - Processing /home/airflow/.local/lib/python3.12/site-packages/airflow/example_dags/example_dag_decorator.py took 0.152 seconds
[2026-08-12T05:24:49.338+0000] {processor.py:186} INFO - Started process (PID=6456) to work on /home/airflow/.local/lib/python3.12/site-packages/airflow/example_dags/example_dag_decorator.py
[2026-08-12T05:24:49.340+0000] {processor.py:914} INFO - Processing file /home/airflow/.local/lib/python3.12/site-packages/airflow/example_dags/example_dag_decorator.py for tasks to queue
[2026-08-12T05:24:49.343+0000] {logging_mixin.py:190} INFO - [2026-08-12T05:24:49.343+0000] {dagbag.py:587} INFO - Filling up the DagBag from /home/airflow/.local/lib/python3.12/site-packages/airflow/example_dags/example_dag_decorator.py
[2026-08-12T05:24:49.355+0000] {processor.py:925} INFO - DAG(s) 'example_dag_decorator' retrieved from /home/airflow/.local/lib/python3.12/site-packages/airflow/example_dags/example_dag_decorator.py
[2026-08-12T05:24:49.475+0000] {logging_mixin.py:190} INFO - [2026-08-12T05:24:49.475+0000] {dag.py:3211} INFO - Sync 1 DAGs
[2026-08-12T05:24:49.487+0000] {logging_mixin.py:190} INFO - [2026-08-12T05:24:49.487+0000] {dag.py:4138} INFO - Setting next_dagrun for example_dag_decorator to None, run_after=None
[2026-08-12T05:24:49.529+0000] {processor.py:208} INFO - Processing /home/airflow/.local/lib/python3.12/site-packages/airflow/example_dags/example_dag_decorator.py took 0.199 seconds
[2026-08-12T05:25:19.594+0000] {processor.py:186} INFO - Started process (PID=6519) to work on /home/airflow/.local/lib/python3.12/site-packages/airflow/example_dags/example_dag_decorator.py
[2026-08-12T05:25:19.596+0000] {processor.py:914} INFO - Processing file /home/airflow/.local/lib/python3.12/site-packages/airflow/example_dags/example_dag_decorator.py for tasks to queue
[2026-08-12T05:25:19.599+0000] {logging_mixin.py:190} INFO - [2026-08-12T05:25:19.599+0000] {dagbag.py:587} INFO - Filling up the DagBag from /home/airflow/.local/lib/python3.12/site-packages/airflow/example_dags/example_dag_decorator.py
[2026-08-12T05:25:19.611+0000] {processor.py:925} INFO - DAG(s) 'example_dag_decorator' retrieved from /home/airflow/.local/lib/python3.12/site-packages/airflow/example_dags/example_dag_decorator.py
[2026-08-12T05:25:19.716+0000] {logging_mixin.py:190} INFO - [2026-08-12T05:25:19.716+0000] {dag.py:3211} INFO - Sync 1 DAGs
[2026-08-12T05:25:19.736+0000] {logging_mixin.py:190} INFO - [2026-08-12T05:25:19.736+0000] {dag.py:4138} INFO - Setting next_dagrun for example_dag_decorator to None, run_after=None
[2026-08-12T05:25:19.759+0000] {processor.py:208} INFO - Processing /home/airflow/.local/lib/python3.12/site-packages/airflow/example_dags/example_dag_decorator.py took 0.170 seconds
