[2026-08-12T04:30:44.422+0000] {processor.py:186} INFO - Started process (PID=68) to work on /home/airflow/.local/lib/python3.12/site-packages/airflow/example_dags/example_kubernetes_executor.py
[2026-08-12T04:30:44.425+0000] {processor.py:914} INFO - Processing file /home/airflow/.local/lib/python3.12/site-packages/airflow/example_dags/example_kubernetes_executor.py for tasks to queue
[2026-08-12T04:30:44.431+0000] {logging_mixin.py:190} INFO - [2026-08-12T04:30:44.430+0000] {dagbag.py:587} INFO - Filling up the DagBag from /home/airflow/.local/lib/python3.12/site-packages/airflow/example_dags/example_kubernetes_executor.py
[2026-08-12T04:30:44.464+0000] {processor.py:925} INFO - DAG(s) 'example_kubernetes_executor' retrieved from /home/airflow/.local/lib/python3.12/site-packages/airflow/example_dags/example_kubernetes_executor.py
[2026-08-12T04:30:44.717+0000] {logging_mixin.py:190} INFO - [2026-08-12T04:30:44.716+0000] {override.py:1858} INFO - Created Permission View: can edit on DAG:example_kubernetes_executor
[2026-08-12T04:30:44.733+0000] {logging_mixin.py:190} INFO - [2026-08-12T04:30:44.733+0000] {override.py:1858} INFO - Created Permission View: can delete on DAG:example_kubernetes_executor
[2026-08-12T04:30:44.745+0000] {logging_mixin.py:190} INFO - [2026-08-12T04:30:44.745+0000] {override.py:1858} INFO - Created Permission View: can read on DAG:example_kubernetes_executor
[2026-08-12T04:30:44.747+0000] {logging_mixin.py:190} INFO - [2026-08-12T04:30:44.747+0000] {dag.py:3211} INFO - Sync 1 DAGs
[2026-08-12T04:30:44.772+0000] {logging_mixin.py:190} INFO - [2026-08-12T04:30:44.772+0000] {dag.py:3234} INFO - Creating ORM DAG for example_kubernetes_executor
[2026-08-12T04:30:44.775+0000] {logging_mixin.py:190} INFO - [2026-08-12T04:30:44.774+0000] {dag.py:4138} INFO - Setting next_dagrun for example_kubernetes_executor to None, run_after=None
[2026-08-12T04:30:44.802+0000] {processor.py:208} INFO - Processing /home/airflow/.local/lib/python3.12/site-packages/airflow/example_dags/example_kubernetes_executor.py took 0.392 seconds
[2026-08-12T04:31:15.602+0000] {processor.py:186} INFO - Started process (PID=130) to work on /home/airflow/.local/lib/python3.12/site-packages/airflow/example_dags/example_kubernetes_executor.py
[2026-08-12T04:31:15.604+0000] {processor.py:914} INFO - Processing file /home/airflow/.local/lib/python3.12/site-packages/airflow/example_dags/example_kubernetes_executor.py for tasks to queue
[2026-08-12T04:31:15.609+0000] {logging_mixin.py:190} INFO - [2026-08-12T04:31:15.608+0000] {dagbag.py:587} INFO - Filling up the DagBag from /home/airflow/.local/lib/python3.12/site-packages/airflow/example_dags/example_kubernetes_executor.py
[2026-08-12T04:31:15.634+0000] {processor.py:925} INFO - DAG(s) 'example_kubernetes_executor' retrieved from /home/airflow/.local/lib/python3.12/site-packages/airflow/example_dags/example_kubernetes_executor.py
[2026-08-12T04:31:15.692+0000] {logging_mixin.py:190} INFO - [2026-08-12T04:31:15.692+0000] {dag.py:3211} INFO - Sync 1 DAGs
[2026-08-12T04:31:15.716+0000] {logging_mixin.py:190} INFO - [2026-08-12T04:31:15.715+0000] {dag.py:4138} INFO - Setting next_dagrun for example_kubernetes_executor to None, run_after=None
[2026-08-12T04:31:15.759+0000] {processor.py:208} INFO - Processing /home/airflow/.local/lib/python3.12/site-packages/airflow/example_dags/example_kubernetes_executor.py took 0.166 seconds
[2026-08-12T04:31:46.753+0000] {processor.py:186} INFO - Started process (PID=192) to work on /home/airflow/.local/lib/python3.12/site-packages/airflow/example_dags/example_kubernetes_executor.py
[2026-08-12T04:31:46.755+0000] {processor.py:914} INFO - Processing file /home/airflow/.local/lib/python3.12/site-packages/airflow/example_dags/example_kubernetes_executor.py for tasks to queue
[2026-08-12T04:31:46.759+0000] {logging_mixin.py:190} INFO - [2026-08-12T04:31:46.759+0000] {dagbag.py:587} INFO - Filling up the DagBag from /home/airflow/.local/lib/python3.12/site-packages/airflow/example_dags/example_kubernetes_executor.py
[2026-08-12T04:31:46.776+0000] {processor.py:925} INFO - DAG(s) 'example_kubernetes_executor' retrieved from /home/airflow/.local/lib/python3.12/site-packages/airflow/example_dags/example_kubernetes_executor.py
[2026-08-12T04:31:46.825+0000] {logging_mixin.py:190} INFO - [2026-08-12T04:31:46.825+0000] {dag.py:3211} INFO - Sync 1 DAGs
[2026-08-12T04:31:46.840+0000] {logging_mixin.py:190} INFO - [2026-08-12T04:31:46.840+0000] {dag.py:4138} INFO - Setting next_dagrun for example_kubernetes_executor to None, run_after=None
[2026-08-12T04:31:46.861+0000] {processor.py:208} INFO - Processing /home/airflow/.local/lib/python3.12/site-packages/airflow/example_dags/example_kubernetes_executor.py took 0.117 seconds
[2026-08-12T04:32:59.397+0000] {processor.py:186} INFO - Started process (PID=58) to work on /home/airflow/.local/lib/python3.12/site-packages/airflow/example_dags/example_kubernetes_executor.py
[2026-08-12T04:32:59.399+0000] {processor.py:914} INFO - Processing file /home/airflow/.local/lib/python3.12/site-packages/airflow/example_dags/example_kubernetes_executor.py for tasks to queue
[2026-08-12T04:32:59.404+0000] {logging_mixin.py:190} INFO - [2026-08-12T04:32:59.403+0000] {dagbag.py:587} INFO - Filling up the DagBag from /home/airflow/.local/lib/python3.12/site-packages/airflow/example_dags/example_kubernetes_executor.py
[2026-08-12T04:32:59.432+0000] {processor.py:925} INFO - DAG(s) 'example_kubernetes_executor' retrieved from /home/airflow/.local/lib/python3.12/site-packages/airflow/example_dags/example_kubernetes_executor.py
[2026-08-12T04:32:59.499+0000] {logging_mixin.py:190} INFO - [2026-08-12T04:32:59.499+0000] {dag.py:3211} INFO - Sync 1 DAGs
[2026-08-12T04:32:59.520+0000] {logging_mixin.py:190} INFO - [2026-08-12T04:32:59.520+0000] {dag.py:4138} INFO - Setting next_dagrun for example_kubernetes_executor to None, run_after=None
[2026-08-12T04:32:59.548+0000] {processor.py:208} INFO - Processing /home/airflow/.local/lib/python3.12/site-packages/airflow/example_dags/example_kubernetes_executor.py took 0.160 seconds
[2026-08-12T04:33:29.678+0000] {processor.py:186} INFO - Started process (PID=121) to work on /home/airflow/.local/lib/python3.12/site-packages/airflow/example_dags/example_kubernetes_executor.py
[2026-08-12T04:33:29.680+0000] {processor.py:914} INFO - Processing file /home/airflow/.local/lib/python3.12/site-packages/airflow/example_dags/example_kubernetes_executor.py for tasks to queue
[2026-08-12T04:33:29.683+0000] {logging_mixin.py:190} INFO - [2026-08-12T04:33:29.683+0000] {dagbag.py:587} INFO - Filling up the DagBag from /home/airflow/.local/lib/python3.12/site-packages/airflow/example_dags/example_kubernetes_executor.py
[2026-08-12T04:33:29.699+0000] {processor.py:925} INFO - DAG(s) 'example_kubernetes_executor' retrieved from /home/airflow/.local/lib/python3.12/site-packages/airflow/example_dags/example_kubernetes_executor.py
[2026-08-12T04:33:29.731+0000] {logging_mixin.py:190} INFO - [2026-08-12T04:33:29.731+0000] {dag.py:3211} INFO - Sync 1 DAGs
[2026-08-12T04:33:29.744+0000] {logging_mixin.py:190} INFO - [2026-08-12T04:33:29.744+0000] {dag.py:4138} INFO - Setting next_dagrun for example_kubernetes_executor to None, run_after=None
[2026-08-12T04:33:29.762+0000] {processor.py:208} INFO - Processing /home/airflow/.local/lib/python3.12/site-packages/airflow/example_dags/example_kubernetes_executor.py took 0.090 seconds
[2026-08-12T04:33:59.977+0000] {processor.py:186} INFO - Started process (PID=183) to work on /home/airflow/.local/lib/python3.12/site-packages/airflow/example_dags/example_kubernetes_executor.py
[2026-08-12T04:33:59.980+0000] {processor.py:914} INFO - Processing file /home/airflow/.local/lib/python3.12/site-packages/airflow/example_dags/example_kubernetes_executor.py for tasks to queue
[2026-08-12T04:33:59.984+0000] {logging_mixin.py:190} INFO - [2026-08-12T04:33:59.983+0000] {dagbag.py:587} INFO - Filling up the DagBag from /home/airflow/.local/lib/python3.12/site-packages/airflow/example_dags/example_kubernetes_executor.py
[2026-08-12T04:34:00.009+0000] {processor.py:925} INFO - DAG(s) 'example_kubernetes_executor' retrieved from /home/airflow/.local/lib/python3.12/site-packages/airflow/example_dags/example_kubernetes_executor.py
[2026-08-12T04:34:00.057+0000] {logging_mixin.py:190} INFO - [2026-08-12T04:34:00.056+0000] {dag.py:3211} INFO - Sync 1 DAGs
[2026-08-12T04:34:00.076+0000] {logging_mixin.py:190} INFO - [2026-08-12T04:34:00.076+0000] {dag.py:4138} INFO - Setting next_dagrun for example_kubernetes_executor to None, run_after=None
[2026-08-12T04:34:00.105+0000] {processor.py:208} INFO - Processing /home/airflow/.local/lib/python3.12/site-packages/airflow/example_dags/example_kubernetes_executor.py took 0.136 seconds
[2026-08-12T04:34:30.478+0000] {processor.py:186} INFO - Started process (PID=251) to work on /home/airflow/.local/lib/python3.12/site-packages/airflow/example_dags/example_kubernetes_executor.py
[2026-08-12T04:34:30.480+0000] {processor.py:914} INFO - Processing file /home/airflow/.local/lib/python3.12/site-packages/airflow/example_dags/example_kubernetes_executor.py for tasks to queue
[2026-08-12T04:34:30.483+0000] {logging_mixin.py:190} INFO - [2026-08-12T04:34:30.483+0000] {dagbag.py:587} INFO - Filling up the DagBag from /home/airflow/.local/lib/python3.12/site-packages/airflow/example_dags/example_kubernetes_executor.py
[2026-08-12T04:34:30.498+0000] {processor.py:925} INFO - DAG(s) 'example_kubernetes_executor' retrieved from /home/airflow/.local/lib/python3.12/site-packages/airflow/example_dags/example_kubernetes_executor.py
[2026-08-12T04:34:30.552+0000] {logging_mixin.py:190} INFO - [2026-08-12T04:34:30.552+0000] {dag.py:3211} INFO - Sync 1 DAGs
[2026-08-12T04:34:30.571+0000] {logging_mixin.py:190} INFO - [2026-08-12T04:34:30.571+0000] {dag.py:4138} INFO - Setting next_dagrun for example_kubernetes_executor to None, run_after=None
[2026-08-12T04:34:30.591+0000] {processor.py:208} INFO - Processing /home/airflow/.local/lib/python3.12/site-packages/airflow/example_dags/example_kubernetes_executor.py took 0.119 seconds
[2026-08-12T04:35:00.693+0000] {processor.py:186} INFO - Started process (PID=313) to work on /home/airflow/.local/lib/python3.12/site-packages/airflow/example_dags/example_kubernetes_executor.py
[2026-08-12T04:35:00.694+0000] {processor.py:914} INFO - Processing file /home/airflow/.local/lib/python3.12/site-packages/airflow/example_dags/example_kubernetes_executor.py for tasks to queue
[2026-08-12T04:35:00.697+0000] {logging_mixin.py:190} INFO - [2026-08-12T04:35:00.697+0000] {dagbag.py:587} INFO - Filling up the DagBag from /home/airflow/.local/lib/python3.12/site-packages/airflow/example_dags/example_kubernetes_executor.py
[2026-08-12T04:35:00.710+0000] {processor.py:925} INFO - DAG(s) 'example_kubernetes_executor' retrieved from /home/airflow/.local/lib/python3.12/site-packages/airflow/example_dags/example_kubernetes_executor.py
[2026-08-12T04:35:00.745+0000] {logging_mixin.py:190} INFO - [2026-08-12T04:35:00.744+0000] {dag.py:3211} INFO - Sync 1 DAGs
[2026-08-12T04:35:00.772+0000] {logging_mixin.py:190} INFO - [2026-08-12T04:35:00.772+0000] {dag.py:4138} INFO - Setting next_dagrun for example_kubernetes_executor to None, run_after=None
[2026-08-12T04:35:00.794+0000] {processor.py:208} INFO - Processing /home/airflow/.local/lib/python3.12/site-packages/airflow/example_dags/example_kubernetes_executor.py took 0.107 seconds
[2026-08-12T04:35:31.110+0000] {processor.py:186} INFO - Started process (PID=375) to work on /home/airflow/.local/lib/python3.12/site-packages/airflow/example_dags/example_kubernetes_executor.py
[2026-08-12T04:35:31.112+0000] {processor.py:914} INFO - Processing file /home/airflow/.local/lib/python3.12/site-packages/airflow/example_dags/example_kubernetes_executor.py for tasks to queue
[2026-08-12T04:35:31.115+0000] {logging_mixin.py:190} INFO - [2026-08-12T04:35:31.115+0000] {dagbag.py:587} INFO - Filling up the DagBag from /home/airflow/.local/lib/python3.12/site-packages/airflow/example_dags/example_kubernetes_executor.py
[2026-08-12T04:35:31.130+0000] {processor.py:925} INFO - DAG(s) 'example_kubernetes_executor' retrieved from /home/airflow/.local/lib/python3.12/site-packages/airflow/example_dags/example_kubernetes_executor.py
[2026-08-12T04:35:31.167+0000] {logging_mixin.py:190} INFO - [2026-08-12T04:35:31.167+0000] {dag.py:3211} INFO - Sync 1 DAGs
[2026-08-12T04:35:31.201+0000] {logging_mixin.py:190} INFO - [2026-08-12T04:35:31.201+0000] {dag.py:4138} INFO - Setting next_dagrun for example_kubernetes_executor to None, run_after=None
[2026-08-12T04:35:31.227+0000] {processor.py:208} INFO - Processing /home/airflow/.local/lib/python3.12/site-packages/airflow/example_dags/example_kubernetes_executor.py took 0.125 seconds
[2026-08-12T04:36:01.524+0000] {processor.py:186} INFO - Started process (PID=437) to work on /home/airflow/.local/lib/python3.12/site-packages/airflow/example_dags/example_kubernetes_executor.py
[2026-08-12T04:36:01.526+0000] {processor.py:914} INFO - Processing file /home/airflow/.local/lib/python3.12/site-packages/airflow/example_dags/example_kubernetes_executor.py for tasks to queue
[2026-08-12T04:36:01.530+0000] {logging_mixin.py:190} INFO - [2026-08-12T04:36:01.530+0000] {dagbag.py:587} INFO - Filling up the DagBag from /home/airflow/.local/lib/python3.12/site-packages/airflow/example_dags/example_kubernetes_executor.py
[2026-08-12T04:36:01.545+0000] {processor.py:925} INFO - DAG(s) 'example_kubernetes_executor' retrieved from /home/airflow/.local/lib/python3.12/site-packages/airflow/example_dags/example_kubernetes_executor.py
[2026-08-12T04:36:01.584+0000] {logging_mixin.py:190} INFO - [2026-08-12T04:36:01.584+0000] {dag.py:3211} INFO - Sync 1 DAGs
[2026-08-12T04:36:01.598+0000] {logging_mixin.py:190} INFO - [2026-08-12T04:36:01.598+0000] {dag.py:4138} INFO - Setting next_dagrun for example_kubernetes_executor to None, run_after=None
[2026-08-12T04:36:01.618+0000] {processor.py:208} INFO - Processing /home/airflow/.local/lib/python3.12/site-packages/airflow/example_dags/example_kubernetes_executor.py took 0.100 seconds
[2026-08-12T04:36:31.797+0000] {processor.py:186} INFO - Started process (PID=499) to work on /home/airflow/.local/lib/python3.12/site-packages/airflow/example_dags/example_kubernetes_executor.py
[2026-08-12T04:36:31.799+0000] {processor.py:914} INFO - Processing file /home/airflow/.local/lib/python3.12/site-packages/airflow/example_dags/example_kubernetes_executor.py for tasks to queue
[2026-08-12T04:36:31.801+0000] {logging_mixin.py:190} INFO - [2026-08-12T04:36:31.801+0000] {dagbag.py:587} INFO - Filling up the DagBag from /home/airflow/.local/lib/python3.12/site-packages/airflow/example_dags/example_kubernetes_executor.py
[2026-08-12T04:36:31.813+0000] {processor.py:925} INFO - DAG(s) 'example_kubernetes_executor' retrieved from /home/airflow/.local/lib/python3.12/site-packages/airflow/example_dags/example_kubernetes_executor.py
[2026-08-12T04:36:31.848+0000] {logging_mixin.py:190} INFO - [2026-08-12T04:36:31.847+0000] {dag.py:3211} INFO - Sync 1 DAGs
[2026-08-12T04:36:31.860+0000] {logging_mixin.py:190} INFO - [2026-08-12T04:36:31.860+0000] {dag.py:4138} INFO - Setting next_dagrun for example_kubernetes_executor to None, run_after=None
[2026-08-12T04:36:31.879+0000] {processor.py:208} INFO - Processing /home/airflow/.local/lib/python3.12/site-packages/airflow/example_dags/example_kubernetes_executor.py took 0.087 seconds
[2026-08-12T04:37:02.169+0000] {processor.py:186} INFO - Started process (PID=561) to work on /home/airflow/.local/lib/python3.12/site-packages/airflow/example_dags/example_kubernetes_executor.py
[2026-08-12T04:37:02.170+0000] {processor.py:914} INFO - Processing file /home/airflow/.local/lib/python3.12/site-packages/airflow/example_dags/example_kubernetes_executor.py for tasks to queue
[2026-08-12T04:37:02.173+0000] {logging_mixin.py:190} INFO - [2026-08-12T04:37:02.173+0000] {dagbag.py:587} INFO - Filling up the DagBag from /home/airflow/.local/lib/python3.12/site-packages/airflow/example_dags/example_kubernetes_executor.py
[2026-08-12T04:37:02.185+0000] {processor.py:925} INFO - DAG(s) 'example_kubernetes_executor' retrieved from /home/airflow/.local/lib/python3.12/site-packages/airflow/example_dags/example_kubernetes_executor.py
[2026-08-12T04:37:02.219+0000] {logging_mixin.py:190} INFO - [2026-08-12T04:37:02.219+0000] {dag.py:3211} INFO - Sync 1 DAGs
[2026-08-12T04:37:02.233+0000] {logging_mixin.py:190} INFO - [2026-08-12T04:37:02.233+0000] {dag.py:4138} INFO - Setting next_dagrun for example_kubernetes_executor to None, run_after=None
[2026-08-12T04:37:02.252+0000] {processor.py:208} INFO - Processing /home/airflow/.local/lib/python3.12/site-packages/airflow/example_dags/example_kubernetes_executor.py took 0.089 seconds
[2026-08-12T04:37:32.980+0000] {processor.py:186} INFO - Started process (PID=623) to work on /home/airflow/.local/lib/python3.12/site-packages/airflow/example_dags/example_kubernetes_executor.py
[2026-08-12T04:37:32.982+0000] {processor.py:914} INFO - Processing file /home/airflow/.local/lib/python3.12/site-packages/airflow/example_dags/example_kubernetes_executor.py for tasks to queue
[2026-08-12T04:37:32.985+0000] {logging_mixin.py:190} INFO - [2026-08-12T04:37:32.985+0000] {dagbag.py:587} INFO - Filling up the DagBag from /home/airflow/.local/lib/python3.12/site-packages/airflow/example_dags/example_kubernetes_executor.py
[2026-08-12T04:37:32.999+0000] {processor.py:925} INFO - DAG(s) 'example_kubernetes_executor' retrieved from /home/airflow/.local/lib/python3.12/site-packages/airflow/example_dags/example_kubernetes_executor.py
[2026-08-12T04:37:33.036+0000] {logging_mixin.py:190} INFO - [2026-08-12T04:37:33.036+0000] {dag.py:3211} INFO - Sync 1 DAGs
[2026-08-12T04:37:33.051+0000] {logging_mixin.py:190} INFO - [2026-08-12T04:37:33.051+0000] {dag.py:4138} INFO - Setting next_dagrun for example_kubernetes_executor to None, run_after=None
[2026-08-12T04:37:33.072+0000] {processor.py:208} INFO - Processing /home/airflow/.local/lib/python3.12/site-packages/airflow/example_dags/example_kubernetes_executor.py took 0.099 seconds
[2026-08-12T04:38:03.684+0000] {processor.py:186} INFO - Started process (PID=685) to work on /home/airflow/.local/lib/python3.12/site-packages/airflow/example_dags/example_kubernetes_executor.py
[2026-08-12T04:38:03.686+0000] {processor.py:914} INFO - Processing file /home/airflow/.local/lib/python3.12/site-packages/airflow/example_dags/example_kubernetes_executor.py for tasks to queue
[2026-08-12T04:38:03.689+0000] {logging_mixin.py:190} INFO - [2026-08-12T04:38:03.688+0000] {dagbag.py:587} INFO - Filling up the DagBag from /home/airflow/.local/lib/python3.12/site-packages/airflow/example_dags/example_kubernetes_executor.py
[2026-08-12T04:38:03.702+0000] {processor.py:925} INFO - DAG(s) 'example_kubernetes_executor' retrieved from /home/airflow/.local/lib/python3.12/site-packages/airflow/example_dags/example_kubernetes_executor.py
[2026-08-12T04:38:03.735+0000] {logging_mixin.py:190} INFO - [2026-08-12T04:38:03.734+0000] {dag.py:3211} INFO - Sync 1 DAGs
[2026-08-12T04:38:03.749+0000] {logging_mixin.py:190} INFO - [2026-08-12T04:38:03.749+0000] {dag.py:4138} INFO - Setting next_dagrun for example_kubernetes_executor to None, run_after=None
[2026-08-12T04:38:03.768+0000] {processor.py:208} INFO - Processing /home/airflow/.local/lib/python3.12/site-packages/airflow/example_dags/example_kubernetes_executor.py took 0.089 seconds
[2026-08-12T04:38:34.745+0000] {processor.py:186} INFO - Started process (PID=747) to work on /home/airflow/.local/lib/python3.12/site-packages/airflow/example_dags/example_kubernetes_executor.py
[2026-08-12T04:38:34.747+0000] {processor.py:914} INFO - Processing file /home/airflow/.local/lib/python3.12/site-packages/airflow/example_dags/example_kubernetes_executor.py for tasks to queue
[2026-08-12T04:38:34.750+0000] {logging_mixin.py:190} INFO - [2026-08-12T04:38:34.750+0000] {dagbag.py:587} INFO - Filling up the DagBag from /home/airflow/.local/lib/python3.12/site-packages/airflow/example_dags/example_kubernetes_executor.py
[2026-08-12T04:38:34.765+0000] {processor.py:925} INFO - DAG(s) 'example_kubernetes_executor' retrieved from /home/airflow/.local/lib/python3.12/site-packages/airflow/example_dags/example_kubernetes_executor.py
[2026-08-12T04:38:34.812+0000] {logging_mixin.py:190} INFO - [2026-08-12T04:38:34.812+0000] {dag.py:3211} INFO - Sync 1 DAGs
[2026-08-12T04:38:34.828+0000] {logging_mixin.py:190} INFO - [2026-08-12T04:38:34.828+0000] {dag.py:4138} INFO - Setting next_dagrun for example_kubernetes_executor to None, run_after=None
[2026-08-12T04:38:34.857+0000] {processor.py:208} INFO - Processing /home/airflow/.local/lib/python3.12/site-packages/airflow/example_dags/example_kubernetes_executor.py took 0.117 seconds
[2026-08-12T04:39:05.262+0000] {processor.py:186} INFO - Started process (PID=809) to work on /home/airflow/.local/lib/python3.12/site-packages/airflow/example_dags/example_kubernetes_executor.py
[2026-08-12T04:39:05.264+0000] {processor.py:914} INFO - Processing file /home/airflow/.local/lib/python3.12/site-packages/airflow/example_dags/example_kubernetes_executor.py for tasks to queue
[2026-08-12T04:39:05.267+0000] {logging_mixin.py:190} INFO - [2026-08-12T04:39:05.267+0000] {dagbag.py:587} INFO - Filling up the DagBag from /home/airflow/.local/lib/python3.12/site-packages/airflow/example_dags/example_kubernetes_executor.py
[2026-08-12T04:39:05.280+0000] {processor.py:925} INFO - DAG(s) 'example_kubernetes_executor' retrieved from /home/airflow/.local/lib/python3.12/site-packages/airflow/example_dags/example_kubernetes_executor.py
[2026-08-12T04:39:05.319+0000] {logging_mixin.py:190} INFO - [2026-08-12T04:39:05.318+0000] {dag.py:3211} INFO - Sync 1 DAGs
[2026-08-12T04:39:05.334+0000] {logging_mixin.py:190} INFO - [2026-08-12T04:39:05.333+0000] {dag.py:4138} INFO - Setting next_dagrun for example_kubernetes_executor to None, run_after=None
[2026-08-12T04:39:05.358+0000] {processor.py:208} INFO - Processing /home/airflow/.local/lib/python3.12/site-packages/airflow/example_dags/example_kubernetes_executor.py took 0.102 seconds
[2026-08-12T04:39:36.057+0000] {processor.py:186} INFO - Started process (PID=871) to work on /home/airflow/.local/lib/python3.12/site-packages/airflow/example_dags/example_kubernetes_executor.py
[2026-08-12T04:39:36.059+0000] {processor.py:914} INFO - Processing file /home/airflow/.local/lib/python3.12/site-packages/airflow/example_dags/example_kubernetes_executor.py for tasks to queue
[2026-08-12T04:39:36.065+0000] {logging_mixin.py:190} INFO - [2026-08-12T04:39:36.064+0000] {dagbag.py:587} INFO - Filling up the DagBag from /home/airflow/.local/lib/python3.12/site-packages/airflow/example_dags/example_kubernetes_executor.py
[2026-08-12T04:39:36.088+0000] {processor.py:925} INFO - DAG(s) 'example_kubernetes_executor' retrieved from /home/airflow/.local/lib/python3.12/site-packages/airflow/example_dags/example_kubernetes_executor.py
[2026-08-12T04:39:36.134+0000] {logging_mixin.py:190} INFO - [2026-08-12T04:39:36.133+0000] {dag.py:3211} INFO - Sync 1 DAGs
[2026-08-12T04:39:36.150+0000] {logging_mixin.py:190} INFO - [2026-08-12T04:39:36.150+0000] {dag.py:4138} INFO - Setting next_dagrun for example_kubernetes_executor to None, run_after=None
[2026-08-12T04:39:36.173+0000] {processor.py:208} INFO - Processing /home/airflow/.local/lib/python3.12/site-packages/airflow/example_dags/example_kubernetes_executor.py took 0.125 seconds
[2026-08-12T04:40:06.391+0000] {processor.py:186} INFO - Started process (PID=933) to work on /home/airflow/.local/lib/python3.12/site-packages/airflow/example_dags/example_kubernetes_executor.py
[2026-08-12T04:40:06.393+0000] {processor.py:914} INFO - Processing file /home/airflow/.local/lib/python3.12/site-packages/airflow/example_dags/example_kubernetes_executor.py for tasks to queue
[2026-08-12T04:40:06.396+0000] {logging_mixin.py:190} INFO - [2026-08-12T04:40:06.396+0000] {dagbag.py:587} INFO - Filling up the DagBag from /home/airflow/.local/lib/python3.12/site-packages/airflow/example_dags/example_kubernetes_executor.py
[2026-08-12T04:40:06.414+0000] {processor.py:925} INFO - DAG(s) 'example_kubernetes_executor' retrieved from /home/airflow/.local/lib/python3.12/site-packages/airflow/example_dags/example_kubernetes_executor.py
[2026-08-12T04:40:06.452+0000] {logging_mixin.py:190} INFO - [2026-08-12T04:40:06.452+0000] {dag.py:3211} INFO - Sync 1 DAGs
[2026-08-12T04:40:06.468+0000] {logging_mixin.py:190} INFO - [2026-08-12T04:40:06.467+0000] {dag.py:4138} INFO - Setting next_dagrun for example_kubernetes_executor to None, run_after=None
[2026-08-12T04:40:06.489+0000] {processor.py:208} INFO - Processing /home/airflow/.local/lib/python3.12/site-packages/airflow/example_dags/example_kubernetes_executor.py took 0.104 seconds
[2026-08-12T04:40:37.101+0000] {processor.py:186} INFO - Started process (PID=995) to work on /home/airflow/.local/lib/python3.12/site-packages/airflow/example_dags/example_kubernetes_executor.py
[2026-08-12T04:40:37.103+0000] {processor.py:914} INFO - Processing file /home/airflow/.local/lib/python3.12/site-packages/airflow/example_dags/example_kubernetes_executor.py for tasks to queue
[2026-08-12T04:40:37.106+0000] {logging_mixin.py:190} INFO - [2026-08-12T04:40:37.106+0000] {dagbag.py:587} INFO - Filling up the DagBag from /home/airflow/.local/lib/python3.12/site-packages/airflow/example_dags/example_kubernetes_executor.py
[2026-08-12T04:40:37.122+0000] {processor.py:925} INFO - DAG(s) 'example_kubernetes_executor' retrieved from /home/airflow/.local/lib/python3.12/site-packages/airflow/example_dags/example_kubernetes_executor.py
[2026-08-12T04:40:37.156+0000] {logging_mixin.py:190} INFO - [2026-08-12T04:40:37.156+0000] {dag.py:3211} INFO - Sync 1 DAGs
[2026-08-12T04:40:37.173+0000] {logging_mixin.py:190} INFO - [2026-08-12T04:40:37.173+0000] {dag.py:4138} INFO - Setting next_dagrun for example_kubernetes_executor to None, run_after=None
[2026-08-12T04:40:37.202+0000] {processor.py:208} INFO - Processing /home/airflow/.local/lib/python3.12/site-packages/airflow/example_dags/example_kubernetes_executor.py took 0.107 seconds
[2026-08-12T04:41:07.552+0000] {processor.py:186} INFO - Started process (PID=1057) to work on /home/airflow/.local/lib/python3.12/site-packages/airflow/example_dags/example_kubernetes_executor.py
[2026-08-12T04:41:07.554+0000] {processor.py:914} INFO - Processing file /home/airflow/.local/lib/python3.12/site-packages/airflow/example_dags/example_kubernetes_executor.py for tasks to queue
[2026-08-12T04:41:07.557+0000] {logging_mixin.py:190} INFO - [2026-08-12T04:41:07.557+0000] {dagbag.py:587} INFO - Filling up the DagBag from /home/airflow/.local/lib/python3.12/site-packages/airflow/example_dags/example_kubernetes_executor.py
[2026-08-12T04:41:07.569+0000] {processor.py:925} INFO - DAG(s) 'example_kubernetes_executor' retrieved from /home/airflow/.local/lib/python3.12/site-packages/airflow/example_dags/example_kubernetes_executor.py
[2026-08-12T04:41:07.604+0000] {logging_mixin.py:190} INFO - [2026-08-12T04:41:07.604+0000] {dag.py:3211} INFO - Sync 1 DAGs
[2026-08-12T04:41:07.617+0000] {logging_mixin.py:190} INFO - [2026-08-12T04:41:07.616+0000] {dag.py:4138} INFO - Setting next_dagrun for example_kubernetes_executor to None, run_after=None
[2026-08-12T04:41:07.633+0000] {processor.py:208} INFO - Processing /home/airflow/.local/lib/python3.12/site-packages/airflow/example_dags/example_kubernetes_executor.py took 0.086 seconds
[2026-08-12T04:41:37.976+0000] {processor.py:186} INFO - Started process (PID=1119) to work on /home/airflow/.local/lib/python3.12/site-packages/airflow/example_dags/example_kubernetes_executor.py
[2026-08-12T04:41:37.978+0000] {processor.py:914} INFO - Processing file /home/airflow/.local/lib/python3.12/site-packages/airflow/example_dags/example_kubernetes_executor.py for tasks to queue
[2026-08-12T04:41:37.981+0000] {logging_mixin.py:190} INFO - [2026-08-12T04:41:37.981+0000] {dagbag.py:587} INFO - Filling up the DagBag from /home/airflow/.local/lib/python3.12/site-packages/airflow/example_dags/example_kubernetes_executor.py
[2026-08-12T04:41:38.000+0000] {processor.py:925} INFO - DAG(s) 'example_kubernetes_executor' retrieved from /home/airflow/.local/lib/python3.12/site-packages/airflow/example_dags/example_kubernetes_executor.py
[2026-08-12T04:41:38.052+0000] {logging_mixin.py:190} INFO - [2026-08-12T04:41:38.052+0000] {dag.py:3211} INFO - Sync 1 DAGs
[2026-08-12T04:41:38.081+0000] {logging_mixin.py:190} INFO - [2026-08-12T04:41:38.081+0000] {dag.py:4138} INFO - Setting next_dagrun for example_kubernetes_executor to None, run_after=None
[2026-08-12T04:41:38.169+0000] {processor.py:208} INFO - Processing /home/airflow/.local/lib/python3.12/site-packages/airflow/example_dags/example_kubernetes_executor.py took 0.201 seconds
[2026-08-12T04:42:08.658+0000] {processor.py:186} INFO - Started process (PID=1181) to work on /home/airflow/.local/lib/python3.12/site-packages/airflow/example_dags/example_kubernetes_executor.py
[2026-08-12T04:42:08.662+0000] {processor.py:914} INFO - Processing file /home/airflow/.local/lib/python3.12/site-packages/airflow/example_dags/example_kubernetes_executor.py for tasks to queue
[2026-08-12T04:42:08.666+0000] {logging_mixin.py:190} INFO - [2026-08-12T04:42:08.666+0000] {dagbag.py:587} INFO - Filling up the DagBag from /home/airflow/.local/lib/python3.12/site-packages/airflow/example_dags/example_kubernetes_executor.py
[2026-08-12T04:42:08.692+0000] {processor.py:925} INFO - DAG(s) 'example_kubernetes_executor' retrieved from /home/airflow/.local/lib/python3.12/site-packages/airflow/example_dags/example_kubernetes_executor.py
[2026-08-12T04:42:08.743+0000] {logging_mixin.py:190} INFO - [2026-08-12T04:42:08.743+0000] {dag.py:3211} INFO - Sync 1 DAGs
[2026-08-12T04:42:08.767+0000] {logging_mixin.py:190} INFO - [2026-08-12T04:42:08.767+0000] {dag.py:4138} INFO - Setting next_dagrun for example_kubernetes_executor to None, run_after=None
[2026-08-12T04:42:08.793+0000] {processor.py:208} INFO - Processing /home/airflow/.local/lib/python3.12/site-packages/airflow/example_dags/example_kubernetes_executor.py took 0.144 seconds
[2026-08-12T04:42:39.094+0000] {processor.py:186} INFO - Started process (PID=1243) to work on /home/airflow/.local/lib/python3.12/site-packages/airflow/example_dags/example_kubernetes_executor.py
[2026-08-12T04:42:39.096+0000] {processor.py:914} INFO - Processing file /home/airflow/.local/lib/python3.12/site-packages/airflow/example_dags/example_kubernetes_executor.py for tasks to queue
[2026-08-12T04:42:39.100+0000] {logging_mixin.py:190} INFO - [2026-08-12T04:42:39.100+0000] {dagbag.py:587} INFO - Filling up the DagBag from /home/airflow/.local/lib/python3.12/site-packages/airflow/example_dags/example_kubernetes_executor.py
[2026-08-12T04:42:39.115+0000] {processor.py:925} INFO - DAG(s) 'example_kubernetes_executor' retrieved from /home/airflow/.local/lib/python3.12/site-packages/airflow/example_dags/example_kubernetes_executor.py
[2026-08-12T04:42:39.166+0000] {logging_mixin.py:190} INFO - [2026-08-12T04:42:39.165+0000] {dag.py:3211} INFO - Sync 1 DAGs
[2026-08-12T04:42:39.183+0000] {logging_mixin.py:190} INFO - [2026-08-12T04:42:39.182+0000] {dag.py:4138} INFO - Setting next_dagrun for example_kubernetes_executor to None, run_after=None
[2026-08-12T04:42:39.205+0000] {processor.py:208} INFO - Processing /home/airflow/.local/lib/python3.12/site-packages/airflow/example_dags/example_kubernetes_executor.py took 0.119 seconds
[2026-08-12T04:43:09.551+0000] {processor.py:186} INFO - Started process (PID=1305) to work on /home/airflow/.local/lib/python3.12/site-packages/airflow/example_dags/example_kubernetes_executor.py
[2026-08-12T04:43:09.553+0000] {processor.py:914} INFO - Processing file /home/airflow/.local/lib/python3.12/site-packages/airflow/example_dags/example_kubernetes_executor.py for tasks to queue
[2026-08-12T04:43:09.557+0000] {logging_mixin.py:190} INFO - [2026-08-12T04:43:09.557+0000] {dagbag.py:587} INFO - Filling up the DagBag from /home/airflow/.local/lib/python3.12/site-packages/airflow/example_dags/example_kubernetes_executor.py
[2026-08-12T04:43:09.573+0000] {processor.py:925} INFO - DAG(s) 'example_kubernetes_executor' retrieved from /home/airflow/.local/lib/python3.12/site-packages/airflow/example_dags/example_kubernetes_executor.py
[2026-08-12T04:43:09.609+0000] {logging_mixin.py:190} INFO - [2026-08-12T04:43:09.609+0000] {dag.py:3211} INFO - Sync 1 DAGs
[2026-08-12T04:43:09.624+0000] {logging_mixin.py:190} INFO - [2026-08-12T04:43:09.624+0000] {dag.py:4138} INFO - Setting next_dagrun for example_kubernetes_executor to None, run_after=None
[2026-08-12T04:43:09.642+0000] {processor.py:208} INFO - Processing /home/airflow/.local/lib/python3.12/site-packages/airflow/example_dags/example_kubernetes_executor.py took 0.098 seconds
[2026-08-12T04:43:39.881+0000] {processor.py:186} INFO - Started process (PID=1367) to work on /home/airflow/.local/lib/python3.12/site-packages/airflow/example_dags/example_kubernetes_executor.py
[2026-08-12T04:43:39.883+0000] {processor.py:914} INFO - Processing file /home/airflow/.local/lib/python3.12/site-packages/airflow/example_dags/example_kubernetes_executor.py for tasks to queue
[2026-08-12T04:43:39.887+0000] {logging_mixin.py:190} INFO - [2026-08-12T04:43:39.887+0000] {dagbag.py:587} INFO - Filling up the DagBag from /home/airflow/.local/lib/python3.12/site-packages/airflow/example_dags/example_kubernetes_executor.py
[2026-08-12T04:43:39.913+0000] {processor.py:925} INFO - DAG(s) 'example_kubernetes_executor' retrieved from /home/airflow/.local/lib/python3.12/site-packages/airflow/example_dags/example_kubernetes_executor.py
[2026-08-12T04:43:39.961+0000] {logging_mixin.py:190} INFO - [2026-08-12T04:43:39.961+0000] {dag.py:3211} INFO - Sync 1 DAGs
[2026-08-12T04:43:39.976+0000] {logging_mixin.py:190} INFO - [2026-08-12T04:43:39.976+0000] {dag.py:4138} INFO - Setting next_dagrun for example_kubernetes_executor to None, run_after=None
[2026-08-12T04:43:40.000+0000] {processor.py:208} INFO - Processing /home/airflow/.local/lib/python3.12/site-packages/airflow/example_dags/example_kubernetes_executor.py took 0.128 seconds
[2026-08-12T04:44:10.387+0000] {processor.py:186} INFO - Started process (PID=1429) to work on /home/airflow/.local/lib/python3.12/site-packages/airflow/example_dags/example_kubernetes_executor.py
[2026-08-12T04:44:10.389+0000] {processor.py:914} INFO - Processing file /home/airflow/.local/lib/python3.12/site-packages/airflow/example_dags/example_kubernetes_executor.py for tasks to queue
[2026-08-12T04:44:10.392+0000] {logging_mixin.py:190} INFO - [2026-08-12T04:44:10.392+0000] {dagbag.py:587} INFO - Filling up the DagBag from /home/airflow/.local/lib/python3.12/site-packages/airflow/example_dags/example_kubernetes_executor.py
[2026-08-12T04:44:10.407+0000] {processor.py:925} INFO - DAG(s) 'example_kubernetes_executor' retrieved from /home/airflow/.local/lib/python3.12/site-packages/airflow/example_dags/example_kubernetes_executor.py
[2026-08-12T04:44:10.462+0000] {logging_mixin.py:190} INFO - [2026-08-12T04:44:10.462+0000] {dag.py:3211} INFO - Sync 1 DAGs
[2026-08-12T04:44:10.477+0000] {logging_mixin.py:190} INFO - [2026-08-12T04:44:10.477+0000] {dag.py:4138} INFO - Setting next_dagrun for example_kubernetes_executor to None, run_after=None
[2026-08-12T04:44:10.502+0000] {processor.py:208} INFO - Processing /home/airflow/.local/lib/python3.12/site-packages/airflow/example_dags/example_kubernetes_executor.py took 0.121 seconds
[2026-08-12T04:44:40.956+0000] {processor.py:186} INFO - Started process (PID=1492) to work on /home/airflow/.local/lib/python3.12/site-packages/airflow/example_dags/example_kubernetes_executor.py
[2026-08-12T04:44:40.957+0000] {processor.py:914} INFO - Processing file /home/airflow/.local/lib/python3.12/site-packages/airflow/example_dags/example_kubernetes_executor.py for tasks to queue
[2026-08-12T04:44:40.960+0000] {logging_mixin.py:190} INFO - [2026-08-12T04:44:40.960+0000] {dagbag.py:587} INFO - Filling up the DagBag from /home/airflow/.local/lib/python3.12/site-packages/airflow/example_dags/example_kubernetes_executor.py
[2026-08-12T04:44:40.974+0000] {processor.py:925} INFO - DAG(s) 'example_kubernetes_executor' retrieved from /home/airflow/.local/lib/python3.12/site-packages/airflow/example_dags/example_kubernetes_executor.py
[2026-08-12T04:44:41.009+0000] {logging_mixin.py:190} INFO - [2026-08-12T04:44:41.009+0000] {dag.py:3211} INFO - Sync 1 DAGs
[2026-08-12T04:44:41.025+0000] {logging_mixin.py:190} INFO - [2026-08-12T04:44:41.024+0000] {dag.py:4138} INFO - Setting next_dagrun for example_kubernetes_executor to None, run_after=None
[2026-08-12T04:44:41.062+0000] {processor.py:208} INFO - Processing /home/airflow/.local/lib/python3.12/site-packages/airflow/example_dags/example_kubernetes_executor.py took 0.113 seconds
[2026-08-12T04:45:11.317+0000] {processor.py:186} INFO - Started process (PID=1554) to work on /home/airflow/.local/lib/python3.12/site-packages/airflow/example_dags/example_kubernetes_executor.py
[2026-08-12T04:45:11.318+0000] {processor.py:914} INFO - Processing file /home/airflow/.local/lib/python3.12/site-packages/airflow/example_dags/example_kubernetes_executor.py for tasks to queue
[2026-08-12T04:45:11.322+0000] {logging_mixin.py:190} INFO - [2026-08-12T04:45:11.321+0000] {dagbag.py:587} INFO - Filling up the DagBag from /home/airflow/.local/lib/python3.12/site-packages/airflow/example_dags/example_kubernetes_executor.py
[2026-08-12T04:45:11.338+0000] {processor.py:925} INFO - DAG(s) 'example_kubernetes_executor' retrieved from /home/airflow/.local/lib/python3.12/site-packages/airflow/example_dags/example_kubernetes_executor.py
[2026-08-12T04:45:11.376+0000] {logging_mixin.py:190} INFO - [2026-08-12T04:45:11.375+0000] {dag.py:3211} INFO - Sync 1 DAGs
[2026-08-12T04:45:11.411+0000] {logging_mixin.py:190} INFO - [2026-08-12T04:45:11.411+0000] {dag.py:4138} INFO - Setting next_dagrun for example_kubernetes_executor to None, run_after=None
[2026-08-12T04:45:11.494+0000] {processor.py:208} INFO - Processing /home/airflow/.local/lib/python3.12/site-packages/airflow/example_dags/example_kubernetes_executor.py took 0.184 seconds
[2026-08-12T04:45:41.896+0000] {processor.py:186} INFO - Started process (PID=1616) to work on /home/airflow/.local/lib/python3.12/site-packages/airflow/example_dags/example_kubernetes_executor.py
[2026-08-12T04:45:41.899+0000] {processor.py:914} INFO - Processing file /home/airflow/.local/lib/python3.12/site-packages/airflow/example_dags/example_kubernetes_executor.py for tasks to queue
[2026-08-12T04:45:41.902+0000] {logging_mixin.py:190} INFO - [2026-08-12T04:45:41.902+0000] {dagbag.py:587} INFO - Filling up the DagBag from /home/airflow/.local/lib/python3.12/site-packages/airflow/example_dags/example_kubernetes_executor.py
[2026-08-12T04:45:41.928+0000] {processor.py:925} INFO - DAG(s) 'example_kubernetes_executor' retrieved from /home/airflow/.local/lib/python3.12/site-packages/airflow/example_dags/example_kubernetes_executor.py
[2026-08-12T04:45:41.962+0000] {logging_mixin.py:190} INFO - [2026-08-12T04:45:41.962+0000] {dag.py:3211} INFO - Sync 1 DAGs
[2026-08-12T04:45:41.982+0000] {logging_mixin.py:190} INFO - [2026-08-12T04:45:41.982+0000] {dag.py:4138} INFO - Setting next_dagrun for example_kubernetes_executor to None, run_after=None
[2026-08-12T04:45:42.022+0000] {processor.py:208} INFO - Processing /home/airflow/.local/lib/python3.12/site-packages/airflow/example_dags/example_kubernetes_executor.py took 0.133 seconds
[2026-08-12T04:46:12.551+0000] {processor.py:186} INFO - Started process (PID=1678) to work on /home/airflow/.local/lib/python3.12/site-packages/airflow/example_dags/example_kubernetes_executor.py
[2026-08-12T04:46:12.554+0000] {processor.py:914} INFO - Processing file /home/airflow/.local/lib/python3.12/site-packages/airflow/example_dags/example_kubernetes_executor.py for tasks to queue
[2026-08-12T04:46:12.559+0000] {logging_mixin.py:190} INFO - [2026-08-12T04:46:12.558+0000] {dagbag.py:587} INFO - Filling up the DagBag from /home/airflow/.local/lib/python3.12/site-packages/airflow/example_dags/example_kubernetes_executor.py
[2026-08-12T04:46:12.584+0000] {processor.py:925} INFO - DAG(s) 'example_kubernetes_executor' retrieved from /home/airflow/.local/lib/python3.12/site-packages/airflow/example_dags/example_kubernetes_executor.py
[2026-08-12T04:46:12.643+0000] {logging_mixin.py:190} INFO - [2026-08-12T04:46:12.642+0000] {dag.py:3211} INFO - Sync 1 DAGs
[2026-08-12T04:46:12.668+0000] {logging_mixin.py:190} INFO - [2026-08-12T04:46:12.668+0000] {dag.py:4138} INFO - Setting next_dagrun for example_kubernetes_executor to None, run_after=None
[2026-08-12T04:46:12.709+0000] {processor.py:208} INFO - Processing /home/airflow/.local/lib/python3.12/site-packages/airflow/example_dags/example_kubernetes_executor.py took 0.169 seconds
[2026-08-12T04:46:43.204+0000] {processor.py:186} INFO - Started process (PID=1740) to work on /home/airflow/.local/lib/python3.12/site-packages/airflow/example_dags/example_kubernetes_executor.py
[2026-08-12T04:46:43.206+0000] {processor.py:914} INFO - Processing file /home/airflow/.local/lib/python3.12/site-packages/airflow/example_dags/example_kubernetes_executor.py for tasks to queue
[2026-08-12T04:46:43.208+0000] {logging_mixin.py:190} INFO - [2026-08-12T04:46:43.208+0000] {dagbag.py:587} INFO - Filling up the DagBag from /home/airflow/.local/lib/python3.12/site-packages/airflow/example_dags/example_kubernetes_executor.py
[2026-08-12T04:46:43.221+0000] {processor.py:925} INFO - DAG(s) 'example_kubernetes_executor' retrieved from /home/airflow/.local/lib/python3.12/site-packages/airflow/example_dags/example_kubernetes_executor.py
[2026-08-12T04:46:43.254+0000] {logging_mixin.py:190} INFO - [2026-08-12T04:46:43.253+0000] {dag.py:3211} INFO - Sync 1 DAGs
[2026-08-12T04:46:43.267+0000] {logging_mixin.py:190} INFO - [2026-08-12T04:46:43.267+0000] {dag.py:4138} INFO - Setting next_dagrun for example_kubernetes_executor to None, run_after=None
[2026-08-12T04:46:43.285+0000] {processor.py:208} INFO - Processing /home/airflow/.local/lib/python3.12/site-packages/airflow/example_dags/example_kubernetes_executor.py took 0.086 seconds
[2026-08-12T04:47:13.663+0000] {processor.py:186} INFO - Started process (PID=1802) to work on /home/airflow/.local/lib/python3.12/site-packages/airflow/example_dags/example_kubernetes_executor.py
[2026-08-12T04:47:13.665+0000] {processor.py:914} INFO - Processing file /home/airflow/.local/lib/python3.12/site-packages/airflow/example_dags/example_kubernetes_executor.py for tasks to queue
[2026-08-12T04:47:13.670+0000] {logging_mixin.py:190} INFO - [2026-08-12T04:47:13.669+0000] {dagbag.py:587} INFO - Filling up the DagBag from /home/airflow/.local/lib/python3.12/site-packages/airflow/example_dags/example_kubernetes_executor.py
[2026-08-12T04:47:13.693+0000] {processor.py:925} INFO - DAG(s) 'example_kubernetes_executor' retrieved from /home/airflow/.local/lib/python3.12/site-packages/airflow/example_dags/example_kubernetes_executor.py
[2026-08-12T04:47:13.732+0000] {logging_mixin.py:190} INFO - [2026-08-12T04:47:13.731+0000] {dag.py:3211} INFO - Sync 1 DAGs
[2026-08-12T04:47:13.754+0000] {logging_mixin.py:190} INFO - [2026-08-12T04:47:13.754+0000] {dag.py:4138} INFO - Setting next_dagrun for example_kubernetes_executor to None, run_after=None
[2026-08-12T04:47:13.777+0000] {processor.py:208} INFO - Processing /home/airflow/.local/lib/python3.12/site-packages/airflow/example_dags/example_kubernetes_executor.py took 0.122 seconds
[2026-08-12T04:47:44.584+0000] {processor.py:186} INFO - Started process (PID=1864) to work on /home/airflow/.local/lib/python3.12/site-packages/airflow/example_dags/example_kubernetes_executor.py
[2026-08-12T04:47:44.586+0000] {processor.py:914} INFO - Processing file /home/airflow/.local/lib/python3.12/site-packages/airflow/example_dags/example_kubernetes_executor.py for tasks to queue
[2026-08-12T04:47:44.589+0000] {logging_mixin.py:190} INFO - [2026-08-12T04:47:44.589+0000] {dagbag.py:587} INFO - Filling up the DagBag from /home/airflow/.local/lib/python3.12/site-packages/airflow/example_dags/example_kubernetes_executor.py
[2026-08-12T04:47:44.602+0000] {processor.py:925} INFO - DAG(s) 'example_kubernetes_executor' retrieved from /home/airflow/.local/lib/python3.12/site-packages/airflow/example_dags/example_kubernetes_executor.py
[2026-08-12T04:47:44.637+0000] {logging_mixin.py:190} INFO - [2026-08-12T04:47:44.636+0000] {dag.py:3211} INFO - Sync 1 DAGs
[2026-08-12T04:47:44.651+0000] {logging_mixin.py:190} INFO - [2026-08-12T04:47:44.650+0000] {dag.py:4138} INFO - Setting next_dagrun for example_kubernetes_executor to None, run_after=None
[2026-08-12T04:47:44.670+0000] {processor.py:208} INFO - Processing /home/airflow/.local/lib/python3.12/site-packages/airflow/example_dags/example_kubernetes_executor.py took 0.091 seconds
[2026-08-12T04:48:14.751+0000] {processor.py:186} INFO - Started process (PID=1927) to work on /home/airflow/.local/lib/python3.12/site-packages/airflow/example_dags/example_kubernetes_executor.py
[2026-08-12T04:48:14.753+0000] {processor.py:914} INFO - Processing file /home/airflow/.local/lib/python3.12/site-packages/airflow/example_dags/example_kubernetes_executor.py for tasks to queue
[2026-08-12T04:48:14.755+0000] {logging_mixin.py:190} INFO - [2026-08-12T04:48:14.755+0000] {dagbag.py:587} INFO - Filling up the DagBag from /home/airflow/.local/lib/python3.12/site-packages/airflow/example_dags/example_kubernetes_executor.py
[2026-08-12T04:48:14.768+0000] {processor.py:925} INFO - DAG(s) 'example_kubernetes_executor' retrieved from /home/airflow/.local/lib/python3.12/site-packages/airflow/example_dags/example_kubernetes_executor.py
[2026-08-12T04:48:14.803+0000] {logging_mixin.py:190} INFO - [2026-08-12T04:48:14.802+0000] {dag.py:3211} INFO - Sync 1 DAGs
[2026-08-12T04:48:14.819+0000] {logging_mixin.py:190} INFO - [2026-08-12T04:48:14.819+0000] {dag.py:4138} INFO - Setting next_dagrun for example_kubernetes_executor to None, run_after=None
[2026-08-12T04:48:14.839+0000] {processor.py:208} INFO - Processing /home/airflow/.local/lib/python3.12/site-packages/airflow/example_dags/example_kubernetes_executor.py took 0.092 seconds
[2026-08-12T04:48:45.093+0000] {processor.py:186} INFO - Started process (PID=1990) to work on /home/airflow/.local/lib/python3.12/site-packages/airflow/example_dags/example_kubernetes_executor.py
[2026-08-12T04:48:45.094+0000] {processor.py:914} INFO - Processing file /home/airflow/.local/lib/python3.12/site-packages/airflow/example_dags/example_kubernetes_executor.py for tasks to queue
[2026-08-12T04:48:45.097+0000] {logging_mixin.py:190} INFO - [2026-08-12T04:48:45.097+0000] {dagbag.py:587} INFO - Filling up the DagBag from /home/airflow/.local/lib/python3.12/site-packages/airflow/example_dags/example_kubernetes_executor.py
[2026-08-12T04:48:45.110+0000] {processor.py:925} INFO - DAG(s) 'example_kubernetes_executor' retrieved from /home/airflow/.local/lib/python3.12/site-packages/airflow/example_dags/example_kubernetes_executor.py
[2026-08-12T04:48:45.151+0000] {logging_mixin.py:190} INFO - [2026-08-12T04:48:45.151+0000] {dag.py:3211} INFO - Sync 1 DAGs
[2026-08-12T04:48:45.164+0000] {logging_mixin.py:190} INFO - [2026-08-12T04:48:45.164+0000] {dag.py:4138} INFO - Setting next_dagrun for example_kubernetes_executor to None, run_after=None
[2026-08-12T04:48:45.185+0000] {processor.py:208} INFO - Processing /home/airflow/.local/lib/python3.12/site-packages/airflow/example_dags/example_kubernetes_executor.py took 0.098 seconds
[2026-08-12T04:49:16.105+0000] {processor.py:186} INFO - Started process (PID=2053) to work on /home/airflow/.local/lib/python3.12/site-packages/airflow/example_dags/example_kubernetes_executor.py
[2026-08-12T04:49:16.107+0000] {processor.py:914} INFO - Processing file /home/airflow/.local/lib/python3.12/site-packages/airflow/example_dags/example_kubernetes_executor.py for tasks to queue
[2026-08-12T04:49:16.111+0000] {logging_mixin.py:190} INFO - [2026-08-12T04:49:16.111+0000] {dagbag.py:587} INFO - Filling up the DagBag from /home/airflow/.local/lib/python3.12/site-packages/airflow/example_dags/example_kubernetes_executor.py
[2026-08-12T04:49:16.128+0000] {processor.py:925} INFO - DAG(s) 'example_kubernetes_executor' retrieved from /home/airflow/.local/lib/python3.12/site-packages/airflow/example_dags/example_kubernetes_executor.py
[2026-08-12T04:49:16.174+0000] {logging_mixin.py:190} INFO - [2026-08-12T04:49:16.174+0000] {dag.py:3211} INFO - Sync 1 DAGs
[2026-08-12T04:49:16.189+0000] {logging_mixin.py:190} INFO - [2026-08-12T04:49:16.189+0000] {dag.py:4138} INFO - Setting next_dagrun for example_kubernetes_executor to None, run_after=None
[2026-08-12T04:49:16.213+0000] {processor.py:208} INFO - Processing /home/airflow/.local/lib/python3.12/site-packages/airflow/example_dags/example_kubernetes_executor.py took 0.115 seconds
[2026-08-12T04:49:46.705+0000] {processor.py:186} INFO - Started process (PID=2116) to work on /home/airflow/.local/lib/python3.12/site-packages/airflow/example_dags/example_kubernetes_executor.py
[2026-08-12T04:49:46.706+0000] {processor.py:914} INFO - Processing file /home/airflow/.local/lib/python3.12/site-packages/airflow/example_dags/example_kubernetes_executor.py for tasks to queue
[2026-08-12T04:49:46.709+0000] {logging_mixin.py:190} INFO - [2026-08-12T04:49:46.709+0000] {dagbag.py:587} INFO - Filling up the DagBag from /home/airflow/.local/lib/python3.12/site-packages/airflow/example_dags/example_kubernetes_executor.py
[2026-08-12T04:49:46.721+0000] {processor.py:925} INFO - DAG(s) 'example_kubernetes_executor' retrieved from /home/airflow/.local/lib/python3.12/site-packages/airflow/example_dags/example_kubernetes_executor.py
[2026-08-12T04:49:46.756+0000] {logging_mixin.py:190} INFO - [2026-08-12T04:49:46.756+0000] {dag.py:3211} INFO - Sync 1 DAGs
[2026-08-12T04:49:46.770+0000] {logging_mixin.py:190} INFO - [2026-08-12T04:49:46.769+0000] {dag.py:4138} INFO - Setting next_dagrun for example_kubernetes_executor to None, run_after=None
[2026-08-12T04:49:46.789+0000] {processor.py:208} INFO - Processing /home/airflow/.local/lib/python3.12/site-packages/airflow/example_dags/example_kubernetes_executor.py took 0.089 seconds
[2026-08-12T04:50:17.398+0000] {processor.py:186} INFO - Started process (PID=2180) to work on /home/airflow/.local/lib/python3.12/site-packages/airflow/example_dags/example_kubernetes_executor.py
[2026-08-12T04:50:17.400+0000] {processor.py:914} INFO - Processing file /home/airflow/.local/lib/python3.12/site-packages/airflow/example_dags/example_kubernetes_executor.py for tasks to queue
[2026-08-12T04:50:17.403+0000] {logging_mixin.py:190} INFO - [2026-08-12T04:50:17.403+0000] {dagbag.py:587} INFO - Filling up the DagBag from /home/airflow/.local/lib/python3.12/site-packages/airflow/example_dags/example_kubernetes_executor.py
[2026-08-12T04:50:17.417+0000] {processor.py:925} INFO - DAG(s) 'example_kubernetes_executor' retrieved from /home/airflow/.local/lib/python3.12/site-packages/airflow/example_dags/example_kubernetes_executor.py
[2026-08-12T04:50:17.462+0000] {logging_mixin.py:190} INFO - [2026-08-12T04:50:17.462+0000] {dag.py:3211} INFO - Sync 1 DAGs
[2026-08-12T04:50:17.479+0000] {logging_mixin.py:190} INFO - [2026-08-12T04:50:17.479+0000] {dag.py:4138} INFO - Setting next_dagrun for example_kubernetes_executor to None, run_after=None
[2026-08-12T04:50:17.505+0000] {processor.py:208} INFO - Processing /home/airflow/.local/lib/python3.12/site-packages/airflow/example_dags/example_kubernetes_executor.py took 0.112 seconds
[2026-08-12T04:50:48.070+0000] {processor.py:186} INFO - Started process (PID=2243) to work on /home/airflow/.local/lib/python3.12/site-packages/airflow/example_dags/example_kubernetes_executor.py
[2026-08-12T04:50:48.072+0000] {processor.py:914} INFO - Processing file /home/airflow/.local/lib/python3.12/site-packages/airflow/example_dags/example_kubernetes_executor.py for tasks to queue
[2026-08-12T04:50:48.075+0000] {logging_mixin.py:190} INFO - [2026-08-12T04:50:48.075+0000] {dagbag.py:587} INFO - Filling up the DagBag from /home/airflow/.local/lib/python3.12/site-packages/airflow/example_dags/example_kubernetes_executor.py
[2026-08-12T04:50:48.094+0000] {processor.py:925} INFO - DAG(s) 'example_kubernetes_executor' retrieved from /home/airflow/.local/lib/python3.12/site-packages/airflow/example_dags/example_kubernetes_executor.py
[2026-08-12T04:50:48.137+0000] {logging_mixin.py:190} INFO - [2026-08-12T04:50:48.137+0000] {dag.py:3211} INFO - Sync 1 DAGs
[2026-08-12T04:50:48.151+0000] {logging_mixin.py:190} INFO - [2026-08-12T04:50:48.151+0000] {dag.py:4138} INFO - Setting next_dagrun for example_kubernetes_executor to None, run_after=None
[2026-08-12T04:50:48.175+0000] {processor.py:208} INFO - Processing /home/airflow/.local/lib/python3.12/site-packages/airflow/example_dags/example_kubernetes_executor.py took 0.112 seconds
[2026-08-12T04:51:18.776+0000] {processor.py:186} INFO - Started process (PID=2306) to work on /home/airflow/.local/lib/python3.12/site-packages/airflow/example_dags/example_kubernetes_executor.py
[2026-08-12T04:51:18.778+0000] {processor.py:914} INFO - Processing file /home/airflow/.local/lib/python3.12/site-packages/airflow/example_dags/example_kubernetes_executor.py for tasks to queue
[2026-08-12T04:51:18.781+0000] {logging_mixin.py:190} INFO - [2026-08-12T04:51:18.780+0000] {dagbag.py:587} INFO - Filling up the DagBag from /home/airflow/.local/lib/python3.12/site-packages/airflow/example_dags/example_kubernetes_executor.py
[2026-08-12T04:51:18.794+0000] {processor.py:925} INFO - DAG(s) 'example_kubernetes_executor' retrieved from /home/airflow/.local/lib/python3.12/site-packages/airflow/example_dags/example_kubernetes_executor.py
[2026-08-12T04:51:18.831+0000] {logging_mixin.py:190} INFO - [2026-08-12T04:51:18.831+0000] {dag.py:3211} INFO - Sync 1 DAGs
[2026-08-12T04:51:18.848+0000] {logging_mixin.py:190} INFO - [2026-08-12T04:51:18.847+0000] {dag.py:4138} INFO - Setting next_dagrun for example_kubernetes_executor to None, run_after=None
[2026-08-12T04:51:18.874+0000] {processor.py:208} INFO - Processing /home/airflow/.local/lib/python3.12/site-packages/airflow/example_dags/example_kubernetes_executor.py took 0.103 seconds
[2026-08-12T04:51:49.625+0000] {processor.py:186} INFO - Started process (PID=2370) to work on /home/airflow/.local/lib/python3.12/site-packages/airflow/example_dags/example_kubernetes_executor.py
[2026-08-12T04:51:49.627+0000] {processor.py:914} INFO - Processing file /home/airflow/.local/lib/python3.12/site-packages/airflow/example_dags/example_kubernetes_executor.py for tasks to queue
[2026-08-12T04:51:49.631+0000] {logging_mixin.py:190} INFO - [2026-08-12T04:51:49.630+0000] {dagbag.py:587} INFO - Filling up the DagBag from /home/airflow/.local/lib/python3.12/site-packages/airflow/example_dags/example_kubernetes_executor.py
[2026-08-12T04:51:49.647+0000] {processor.py:925} INFO - DAG(s) 'example_kubernetes_executor' retrieved from /home/airflow/.local/lib/python3.12/site-packages/airflow/example_dags/example_kubernetes_executor.py
[2026-08-12T04:51:49.683+0000] {logging_mixin.py:190} INFO - [2026-08-12T04:51:49.682+0000] {dag.py:3211} INFO - Sync 1 DAGs
[2026-08-12T04:51:49.698+0000] {logging_mixin.py:190} INFO - [2026-08-12T04:51:49.697+0000] {dag.py:4138} INFO - Setting next_dagrun for example_kubernetes_executor to None, run_after=None
[2026-08-12T04:51:49.717+0000] {processor.py:208} INFO - Processing /home/airflow/.local/lib/python3.12/site-packages/airflow/example_dags/example_kubernetes_executor.py took 0.099 seconds
[2026-08-12T04:52:20.543+0000] {processor.py:186} INFO - Started process (PID=2433) to work on /home/airflow/.local/lib/python3.12/site-packages/airflow/example_dags/example_kubernetes_executor.py
[2026-08-12T04:52:20.544+0000] {processor.py:914} INFO - Processing file /home/airflow/.local/lib/python3.12/site-packages/airflow/example_dags/example_kubernetes_executor.py for tasks to queue
[2026-08-12T04:52:20.548+0000] {logging_mixin.py:190} INFO - [2026-08-12T04:52:20.547+0000] {dagbag.py:587} INFO - Filling up the DagBag from /home/airflow/.local/lib/python3.12/site-packages/airflow/example_dags/example_kubernetes_executor.py
[2026-08-12T04:52:20.561+0000] {processor.py:925} INFO - DAG(s) 'example_kubernetes_executor' retrieved from /home/airflow/.local/lib/python3.12/site-packages/airflow/example_dags/example_kubernetes_executor.py
[2026-08-12T04:52:20.598+0000] {logging_mixin.py:190} INFO - [2026-08-12T04:52:20.598+0000] {dag.py:3211} INFO - Sync 1 DAGs
[2026-08-12T04:52:20.612+0000] {logging_mixin.py:190} INFO - [2026-08-12T04:52:20.612+0000] {dag.py:4138} INFO - Setting next_dagrun for example_kubernetes_executor to None, run_after=None
[2026-08-12T04:52:20.632+0000] {processor.py:208} INFO - Processing /home/airflow/.local/lib/python3.12/site-packages/airflow/example_dags/example_kubernetes_executor.py took 0.096 seconds
[2026-08-12T04:52:50.892+0000] {processor.py:186} INFO - Started process (PID=2496) to work on /home/airflow/.local/lib/python3.12/site-packages/airflow/example_dags/example_kubernetes_executor.py
[2026-08-12T04:52:50.894+0000] {processor.py:914} INFO - Processing file /home/airflow/.local/lib/python3.12/site-packages/airflow/example_dags/example_kubernetes_executor.py for tasks to queue
[2026-08-12T04:52:50.899+0000] {logging_mixin.py:190} INFO - [2026-08-12T04:52:50.898+0000] {dagbag.py:587} INFO - Filling up the DagBag from /home/airflow/.local/lib/python3.12/site-packages/airflow/example_dags/example_kubernetes_executor.py
[2026-08-12T04:52:50.915+0000] {processor.py:925} INFO - DAG(s) 'example_kubernetes_executor' retrieved from /home/airflow/.local/lib/python3.12/site-packages/airflow/example_dags/example_kubernetes_executor.py
[2026-08-12T04:52:50.955+0000] {logging_mixin.py:190} INFO - [2026-08-12T04:52:50.954+0000] {dag.py:3211} INFO - Sync 1 DAGs
[2026-08-12T04:52:50.972+0000] {logging_mixin.py:190} INFO - [2026-08-12T04:52:50.972+0000] {dag.py:4138} INFO - Setting next_dagrun for example_kubernetes_executor to None, run_after=None
[2026-08-12T04:52:50.997+0000] {processor.py:208} INFO - Processing /home/airflow/.local/lib/python3.12/site-packages/airflow/example_dags/example_kubernetes_executor.py took 0.113 seconds
[2026-08-12T04:53:21.912+0000] {processor.py:186} INFO - Started process (PID=2559) to work on /home/airflow/.local/lib/python3.12/site-packages/airflow/example_dags/example_kubernetes_executor.py
[2026-08-12T04:53:21.914+0000] {processor.py:914} INFO - Processing file /home/airflow/.local/lib/python3.12/site-packages/airflow/example_dags/example_kubernetes_executor.py for tasks to queue
[2026-08-12T04:53:21.917+0000] {logging_mixin.py:190} INFO - [2026-08-12T04:53:21.917+0000] {dagbag.py:587} INFO - Filling up the DagBag from /home/airflow/.local/lib/python3.12/site-packages/airflow/example_dags/example_kubernetes_executor.py
[2026-08-12T04:53:21.936+0000] {processor.py:925} INFO - DAG(s) 'example_kubernetes_executor' retrieved from /home/airflow/.local/lib/python3.12/site-packages/airflow/example_dags/example_kubernetes_executor.py
[2026-08-12T04:53:21.976+0000] {logging_mixin.py:190} INFO - [2026-08-12T04:53:21.976+0000] {dag.py:3211} INFO - Sync 1 DAGs
[2026-08-12T04:53:21.993+0000] {logging_mixin.py:190} INFO - [2026-08-12T04:53:21.993+0000] {dag.py:4138} INFO - Setting next_dagrun for example_kubernetes_executor to None, run_after=None
[2026-08-12T04:53:22.012+0000] {processor.py:208} INFO - Processing /home/airflow/.local/lib/python3.12/site-packages/airflow/example_dags/example_kubernetes_executor.py took 0.106 seconds
[2026-08-12T04:53:52.664+0000] {processor.py:186} INFO - Started process (PID=2622) to work on /home/airflow/.local/lib/python3.12/site-packages/airflow/example_dags/example_kubernetes_executor.py
[2026-08-12T04:53:52.666+0000] {processor.py:914} INFO - Processing file /home/airflow/.local/lib/python3.12/site-packages/airflow/example_dags/example_kubernetes_executor.py for tasks to queue
[2026-08-12T04:53:52.670+0000] {logging_mixin.py:190} INFO - [2026-08-12T04:53:52.669+0000] {dagbag.py:587} INFO - Filling up the DagBag from /home/airflow/.local/lib/python3.12/site-packages/airflow/example_dags/example_kubernetes_executor.py
[2026-08-12T04:53:52.683+0000] {processor.py:925} INFO - DAG(s) 'example_kubernetes_executor' retrieved from /home/airflow/.local/lib/python3.12/site-packages/airflow/example_dags/example_kubernetes_executor.py
[2026-08-12T04:53:52.726+0000] {logging_mixin.py:190} INFO - [2026-08-12T04:53:52.726+0000] {dag.py:3211} INFO - Sync 1 DAGs
[2026-08-12T04:53:52.742+0000] {logging_mixin.py:190} INFO - [2026-08-12T04:53:52.741+0000] {dag.py:4138} INFO - Setting next_dagrun for example_kubernetes_executor to None, run_after=None
[2026-08-12T04:53:52.762+0000] {processor.py:208} INFO - Processing /home/airflow/.local/lib/python3.12/site-packages/airflow/example_dags/example_kubernetes_executor.py took 0.105 seconds
[2026-08-12T04:54:23.515+0000] {processor.py:186} INFO - Started process (PID=2685) to work on /home/airflow/.local/lib/python3.12/site-packages/airflow/example_dags/example_kubernetes_executor.py
[2026-08-12T04:54:23.517+0000] {processor.py:914} INFO - Processing file /home/airflow/.local/lib/python3.12/site-packages/airflow/example_dags/example_kubernetes_executor.py for tasks to queue
[2026-08-12T04:54:23.520+0000] {logging_mixin.py:190} INFO - [2026-08-12T04:54:23.520+0000] {dagbag.py:587} INFO - Filling up the DagBag from /home/airflow/.local/lib/python3.12/site-packages/airflow/example_dags/example_kubernetes_executor.py
[2026-08-12T04:54:23.535+0000] {processor.py:925} INFO - DAG(s) 'example_kubernetes_executor' retrieved from /home/airflow/.local/lib/python3.12/site-packages/airflow/example_dags/example_kubernetes_executor.py
[2026-08-12T04:54:23.575+0000] {logging_mixin.py:190} INFO - [2026-08-12T04:54:23.574+0000] {dag.py:3211} INFO - Sync 1 DAGs
[2026-08-12T04:54:23.595+0000] {logging_mixin.py:190} INFO - [2026-08-12T04:54:23.595+0000] {dag.py:4138} INFO - Setting next_dagrun for example_kubernetes_executor to None, run_after=None
[2026-08-12T04:54:23.615+0000] {processor.py:208} INFO - Processing /home/airflow/.local/lib/python3.12/site-packages/airflow/example_dags/example_kubernetes_executor.py took 0.105 seconds
[2026-08-12T04:54:54.089+0000] {processor.py:186} INFO - Started process (PID=2748) to work on /home/airflow/.local/lib/python3.12/site-packages/airflow/example_dags/example_kubernetes_executor.py
[2026-08-12T04:54:54.091+0000] {processor.py:914} INFO - Processing file /home/airflow/.local/lib/python3.12/site-packages/airflow/example_dags/example_kubernetes_executor.py for tasks to queue
[2026-08-12T04:54:54.094+0000] {logging_mixin.py:190} INFO - [2026-08-12T04:54:54.094+0000] {dagbag.py:587} INFO - Filling up the DagBag from /home/airflow/.local/lib/python3.12/site-packages/airflow/example_dags/example_kubernetes_executor.py
[2026-08-12T04:54:54.112+0000] {processor.py:925} INFO - DAG(s) 'example_kubernetes_executor' retrieved from /home/airflow/.local/lib/python3.12/site-packages/airflow/example_dags/example_kubernetes_executor.py
[2026-08-12T04:54:54.146+0000] {logging_mixin.py:190} INFO - [2026-08-12T04:54:54.145+0000] {dag.py:3211} INFO - Sync 1 DAGs
[2026-08-12T04:54:54.161+0000] {logging_mixin.py:190} INFO - [2026-08-12T04:54:54.160+0000] {dag.py:4138} INFO - Setting next_dagrun for example_kubernetes_executor to None, run_after=None
[2026-08-12T04:54:54.179+0000] {processor.py:208} INFO - Processing /home/airflow/.local/lib/python3.12/site-packages/airflow/example_dags/example_kubernetes_executor.py took 0.095 seconds
[2026-08-12T04:55:24.773+0000] {processor.py:186} INFO - Started process (PID=2811) to work on /home/airflow/.local/lib/python3.12/site-packages/airflow/example_dags/example_kubernetes_executor.py
[2026-08-12T04:55:24.775+0000] {processor.py:914} INFO - Processing file /home/airflow/.local/lib/python3.12/site-packages/airflow/example_dags/example_kubernetes_executor.py for tasks to queue
[2026-08-12T04:55:24.778+0000] {logging_mixin.py:190} INFO - [2026-08-12T04:55:24.778+0000] {dagbag.py:587} INFO - Filling up the DagBag from /home/airflow/.local/lib/python3.12/site-packages/airflow/example_dags/example_kubernetes_executor.py
[2026-08-12T04:55:24.798+0000] {processor.py:925} INFO - DAG(s) 'example_kubernetes_executor' retrieved from /home/airflow/.local/lib/python3.12/site-packages/airflow/example_dags/example_kubernetes_executor.py
[2026-08-12T04:55:24.833+0000] {logging_mixin.py:190} INFO - [2026-08-12T04:55:24.832+0000] {dag.py:3211} INFO - Sync 1 DAGs
[2026-08-12T04:55:24.846+0000] {logging_mixin.py:190} INFO - [2026-08-12T04:55:24.846+0000] {dag.py:4138} INFO - Setting next_dagrun for example_kubernetes_executor to None, run_after=None
[2026-08-12T04:55:24.866+0000] {processor.py:208} INFO - Processing /home/airflow/.local/lib/python3.12/site-packages/airflow/example_dags/example_kubernetes_executor.py took 0.100 seconds
[2026-08-12T04:55:55.577+0000] {processor.py:186} INFO - Started process (PID=2874) to work on /home/airflow/.local/lib/python3.12/site-packages/airflow/example_dags/example_kubernetes_executor.py
[2026-08-12T04:55:55.579+0000] {processor.py:914} INFO - Processing file /home/airflow/.local/lib/python3.12/site-packages/airflow/example_dags/example_kubernetes_executor.py for tasks to queue
[2026-08-12T04:55:55.582+0000] {logging_mixin.py:190} INFO - [2026-08-12T04:55:55.582+0000] {dagbag.py:587} INFO - Filling up the DagBag from /home/airflow/.local/lib/python3.12/site-packages/airflow/example_dags/example_kubernetes_executor.py
[2026-08-12T04:55:55.596+0000] {processor.py:925} INFO - DAG(s) 'example_kubernetes_executor' retrieved from /home/airflow/.local/lib/python3.12/site-packages/airflow/example_dags/example_kubernetes_executor.py
[2026-08-12T04:55:55.637+0000] {logging_mixin.py:190} INFO - [2026-08-12T04:55:55.637+0000] {dag.py:3211} INFO - Sync 1 DAGs
[2026-08-12T04:55:55.652+0000] {logging_mixin.py:190} INFO - [2026-08-12T04:55:55.651+0000] {dag.py:4138} INFO - Setting next_dagrun for example_kubernetes_executor to None, run_after=None
[2026-08-12T04:55:55.672+0000] {processor.py:208} INFO - Processing /home/airflow/.local/lib/python3.12/site-packages/airflow/example_dags/example_kubernetes_executor.py took 0.100 seconds
[2026-08-12T04:56:26.159+0000] {processor.py:186} INFO - Started process (PID=2937) to work on /home/airflow/.local/lib/python3.12/site-packages/airflow/example_dags/example_kubernetes_executor.py
[2026-08-12T04:56:26.161+0000] {processor.py:914} INFO - Processing file /home/airflow/.local/lib/python3.12/site-packages/airflow/example_dags/example_kubernetes_executor.py for tasks to queue
[2026-08-12T04:56:26.164+0000] {logging_mixin.py:190} INFO - [2026-08-12T04:56:26.164+0000] {dagbag.py:587} INFO - Filling up the DagBag from /home/airflow/.local/lib/python3.12/site-packages/airflow/example_dags/example_kubernetes_executor.py
[2026-08-12T04:56:26.180+0000] {processor.py:925} INFO - DAG(s) 'example_kubernetes_executor' retrieved from /home/airflow/.local/lib/python3.12/site-packages/airflow/example_dags/example_kubernetes_executor.py
[2026-08-12T04:56:26.213+0000] {logging_mixin.py:190} INFO - [2026-08-12T04:56:26.213+0000] {dag.py:3211} INFO - Sync 1 DAGs
[2026-08-12T04:56:26.228+0000] {logging_mixin.py:190} INFO - [2026-08-12T04:56:26.228+0000] {dag.py:4138} INFO - Setting next_dagrun for example_kubernetes_executor to None, run_after=None
[2026-08-12T04:56:26.248+0000] {processor.py:208} INFO - Processing /home/airflow/.local/lib/python3.12/site-packages/airflow/example_dags/example_kubernetes_executor.py took 0.094 seconds
[2026-08-12T04:56:57.132+0000] {processor.py:186} INFO - Started process (PID=3000) to work on /home/airflow/.local/lib/python3.12/site-packages/airflow/example_dags/example_kubernetes_executor.py
[2026-08-12T04:56:57.133+0000] {processor.py:914} INFO - Processing file /home/airflow/.local/lib/python3.12/site-packages/airflow/example_dags/example_kubernetes_executor.py for tasks to queue
[2026-08-12T04:56:57.137+0000] {logging_mixin.py:190} INFO - [2026-08-12T04:56:57.136+0000] {dagbag.py:587} INFO - Filling up the DagBag from /home/airflow/.local/lib/python3.12/site-packages/airflow/example_dags/example_kubernetes_executor.py
[2026-08-12T04:56:57.152+0000] {processor.py:925} INFO - DAG(s) 'example_kubernetes_executor' retrieved from /home/airflow/.local/lib/python3.12/site-packages/airflow/example_dags/example_kubernetes_executor.py
[2026-08-12T04:56:57.190+0000] {logging_mixin.py:190} INFO - [2026-08-12T04:56:57.190+0000] {dag.py:3211} INFO - Sync 1 DAGs
[2026-08-12T04:56:57.206+0000] {logging_mixin.py:190} INFO - [2026-08-12T04:56:57.206+0000] {dag.py:4138} INFO - Setting next_dagrun for example_kubernetes_executor to None, run_after=None
[2026-08-12T04:56:57.230+0000] {processor.py:208} INFO - Processing /home/airflow/.local/lib/python3.12/site-packages/airflow/example_dags/example_kubernetes_executor.py took 0.103 seconds
[2026-08-12T04:57:27.797+0000] {processor.py:186} INFO - Started process (PID=3063) to work on /home/airflow/.local/lib/python3.12/site-packages/airflow/example_dags/example_kubernetes_executor.py
[2026-08-12T04:57:27.799+0000] {processor.py:914} INFO - Processing file /home/airflow/.local/lib/python3.12/site-packages/airflow/example_dags/example_kubernetes_executor.py for tasks to queue
[2026-08-12T04:57:27.802+0000] {logging_mixin.py:190} INFO - [2026-08-12T04:57:27.802+0000] {dagbag.py:587} INFO - Filling up the DagBag from /home/airflow/.local/lib/python3.12/site-packages/airflow/example_dags/example_kubernetes_executor.py
[2026-08-12T04:57:27.820+0000] {processor.py:925} INFO - DAG(s) 'example_kubernetes_executor' retrieved from /home/airflow/.local/lib/python3.12/site-packages/airflow/example_dags/example_kubernetes_executor.py
[2026-08-12T04:57:27.855+0000] {logging_mixin.py:190} INFO - [2026-08-12T04:57:27.855+0000] {dag.py:3211} INFO - Sync 1 DAGs
[2026-08-12T04:57:27.870+0000] {logging_mixin.py:190} INFO - [2026-08-12T04:57:27.870+0000] {dag.py:4138} INFO - Setting next_dagrun for example_kubernetes_executor to None, run_after=None
[2026-08-12T04:57:27.890+0000] {processor.py:208} INFO - Processing /home/airflow/.local/lib/python3.12/site-packages/airflow/example_dags/example_kubernetes_executor.py took 0.100 seconds
[2026-08-12T04:57:58.551+0000] {processor.py:186} INFO - Started process (PID=3126) to work on /home/airflow/.local/lib/python3.12/site-packages/airflow/example_dags/example_kubernetes_executor.py
[2026-08-12T04:57:58.553+0000] {processor.py:914} INFO - Processing file /home/airflow/.local/lib/python3.12/site-packages/airflow/example_dags/example_kubernetes_executor.py for tasks to queue
[2026-08-12T04:57:58.556+0000] {logging_mixin.py:190} INFO - [2026-08-12T04:57:58.555+0000] {dagbag.py:587} INFO - Filling up the DagBag from /home/airflow/.local/lib/python3.12/site-packages/airflow/example_dags/example_kubernetes_executor.py
[2026-08-12T04:57:58.576+0000] {processor.py:925} INFO - DAG(s) 'example_kubernetes_executor' retrieved from /home/airflow/.local/lib/python3.12/site-packages/airflow/example_dags/example_kubernetes_executor.py
[2026-08-12T04:57:58.616+0000] {logging_mixin.py:190} INFO - [2026-08-12T04:57:58.616+0000] {dag.py:3211} INFO - Sync 1 DAGs
[2026-08-12T04:57:58.636+0000] {logging_mixin.py:190} INFO - [2026-08-12T04:57:58.636+0000] {dag.py:4138} INFO - Setting next_dagrun for example_kubernetes_executor to None, run_after=None
[2026-08-12T04:57:58.661+0000] {processor.py:208} INFO - Processing /home/airflow/.local/lib/python3.12/site-packages/airflow/example_dags/example_kubernetes_executor.py took 0.116 seconds
[2026-08-12T04:58:29.133+0000] {processor.py:186} INFO - Started process (PID=3189) to work on /home/airflow/.local/lib/python3.12/site-packages/airflow/example_dags/example_kubernetes_executor.py
[2026-08-12T04:58:29.135+0000] {processor.py:914} INFO - Processing file /home/airflow/.local/lib/python3.12/site-packages/airflow/example_dags/example_kubernetes_executor.py for tasks to queue
[2026-08-12T04:58:29.138+0000] {logging_mixin.py:190} INFO - [2026-08-12T04:58:29.138+0000] {dagbag.py:587} INFO - Filling up the DagBag from /home/airflow/.local/lib/python3.12/site-packages/airflow/example_dags/example_kubernetes_executor.py
[2026-08-12T04:58:29.160+0000] {processor.py:925} INFO - DAG(s) 'example_kubernetes_executor' retrieved from /home/airflow/.local/lib/python3.12/site-packages/airflow/example_dags/example_kubernetes_executor.py
[2026-08-12T04:58:29.202+0000] {logging_mixin.py:190} INFO - [2026-08-12T04:58:29.201+0000] {dag.py:3211} INFO - Sync 1 DAGs
[2026-08-12T04:58:29.216+0000] {logging_mixin.py:190} INFO - [2026-08-12T04:58:29.216+0000] {dag.py:4138} INFO - Setting next_dagrun for example_kubernetes_executor to None, run_after=None
[2026-08-12T04:58:29.240+0000] {processor.py:208} INFO - Processing /home/airflow/.local/lib/python3.12/site-packages/airflow/example_dags/example_kubernetes_executor.py took 0.117 seconds
[2026-08-12T04:58:59.707+0000] {processor.py:186} INFO - Started process (PID=3252) to work on /home/airflow/.local/lib/python3.12/site-packages/airflow/example_dags/example_kubernetes_executor.py
[2026-08-12T04:58:59.709+0000] {processor.py:914} INFO - Processing file /home/airflow/.local/lib/python3.12/site-packages/airflow/example_dags/example_kubernetes_executor.py for tasks to queue
[2026-08-12T04:58:59.714+0000] {logging_mixin.py:190} INFO - [2026-08-12T04:58:59.714+0000] {dagbag.py:587} INFO - Filling up the DagBag from /home/airflow/.local/lib/python3.12/site-packages/airflow/example_dags/example_kubernetes_executor.py
[2026-08-12T04:58:59.732+0000] {processor.py:925} INFO - DAG(s) 'example_kubernetes_executor' retrieved from /home/airflow/.local/lib/python3.12/site-packages/airflow/example_dags/example_kubernetes_executor.py
[2026-08-12T04:58:59.935+0000] {logging_mixin.py:190} INFO - [2026-08-12T04:58:59.935+0000] {dag.py:3211} INFO - Sync 1 DAGs
[2026-08-12T04:58:59.947+0000] {logging_mixin.py:190} INFO - [2026-08-12T04:58:59.947+0000] {dag.py:4138} INFO - Setting next_dagrun for example_kubernetes_executor to None, run_after=None
[2026-08-12T04:58:59.967+0000] {processor.py:208} INFO - Processing /home/airflow/.local/lib/python3.12/site-packages/airflow/example_dags/example_kubernetes_executor.py took 0.268 seconds
[2026-08-12T04:59:30.517+0000] {processor.py:186} INFO - Started process (PID=3315) to work on /home/airflow/.local/lib/python3.12/site-packages/airflow/example_dags/example_kubernetes_executor.py
[2026-08-12T04:59:30.518+0000] {processor.py:914} INFO - Processing file /home/airflow/.local/lib/python3.12/site-packages/airflow/example_dags/example_kubernetes_executor.py for tasks to queue
[2026-08-12T04:59:30.522+0000] {logging_mixin.py:190} INFO - [2026-08-12T04:59:30.522+0000] {dagbag.py:587} INFO - Filling up the DagBag from /home/airflow/.local/lib/python3.12/site-packages/airflow/example_dags/example_kubernetes_executor.py
[2026-08-12T04:59:30.536+0000] {processor.py:925} INFO - DAG(s) 'example_kubernetes_executor' retrieved from /home/airflow/.local/lib/python3.12/site-packages/airflow/example_dags/example_kubernetes_executor.py
[2026-08-12T04:59:30.748+0000] {logging_mixin.py:190} INFO - [2026-08-12T04:59:30.748+0000] {dag.py:3211} INFO - Sync 1 DAGs
[2026-08-12T04:59:30.764+0000] {logging_mixin.py:190} INFO - [2026-08-12T04:59:30.764+0000] {dag.py:4138} INFO - Setting next_dagrun for example_kubernetes_executor to None, run_after=None
[2026-08-12T04:59:30.785+0000] {processor.py:208} INFO - Processing /home/airflow/.local/lib/python3.12/site-packages/airflow/example_dags/example_kubernetes_executor.py took 0.276 seconds
[2026-08-12T05:00:00.832+0000] {processor.py:186} INFO - Started process (PID=3378) to work on /home/airflow/.local/lib/python3.12/site-packages/airflow/example_dags/example_kubernetes_executor.py
[2026-08-12T05:00:00.834+0000] {processor.py:914} INFO - Processing file /home/airflow/.local/lib/python3.12/site-packages/airflow/example_dags/example_kubernetes_executor.py for tasks to queue
[2026-08-12T05:00:00.836+0000] {logging_mixin.py:190} INFO - [2026-08-12T05:00:00.836+0000] {dagbag.py:587} INFO - Filling up the DagBag from /home/airflow/.local/lib/python3.12/site-packages/airflow/example_dags/example_kubernetes_executor.py
[2026-08-12T05:00:00.848+0000] {processor.py:925} INFO - DAG(s) 'example_kubernetes_executor' retrieved from /home/airflow/.local/lib/python3.12/site-packages/airflow/example_dags/example_kubernetes_executor.py
[2026-08-12T05:00:00.888+0000] {logging_mixin.py:190} INFO - [2026-08-12T05:00:00.888+0000] {dag.py:3211} INFO - Sync 1 DAGs
[2026-08-12T05:00:00.905+0000] {logging_mixin.py:190} INFO - [2026-08-12T05:00:00.905+0000] {dag.py:4138} INFO - Setting next_dagrun for example_kubernetes_executor to None, run_after=None
[2026-08-12T05:00:00.925+0000] {processor.py:208} INFO - Processing /home/airflow/.local/lib/python3.12/site-packages/airflow/example_dags/example_kubernetes_executor.py took 0.098 seconds
[2026-08-12T05:00:31.398+0000] {processor.py:186} INFO - Started process (PID=3441) to work on /home/airflow/.local/lib/python3.12/site-packages/airflow/example_dags/example_kubernetes_executor.py
[2026-08-12T05:00:31.400+0000] {processor.py:914} INFO - Processing file /home/airflow/.local/lib/python3.12/site-packages/airflow/example_dags/example_kubernetes_executor.py for tasks to queue
[2026-08-12T05:00:31.404+0000] {logging_mixin.py:190} INFO - [2026-08-12T05:00:31.403+0000] {dagbag.py:587} INFO - Filling up the DagBag from /home/airflow/.local/lib/python3.12/site-packages/airflow/example_dags/example_kubernetes_executor.py
[2026-08-12T05:00:31.423+0000] {processor.py:925} INFO - DAG(s) 'example_kubernetes_executor' retrieved from /home/airflow/.local/lib/python3.12/site-packages/airflow/example_dags/example_kubernetes_executor.py
[2026-08-12T05:00:31.465+0000] {logging_mixin.py:190} INFO - [2026-08-12T05:00:31.465+0000] {dag.py:3211} INFO - Sync 1 DAGs
[2026-08-12T05:00:31.481+0000] {logging_mixin.py:190} INFO - [2026-08-12T05:00:31.481+0000] {dag.py:4138} INFO - Setting next_dagrun for example_kubernetes_executor to None, run_after=None
[2026-08-12T05:00:31.503+0000] {processor.py:208} INFO - Processing /home/airflow/.local/lib/python3.12/site-packages/airflow/example_dags/example_kubernetes_executor.py took 0.110 seconds
[2026-08-12T05:01:01.707+0000] {processor.py:186} INFO - Started process (PID=3504) to work on /home/airflow/.local/lib/python3.12/site-packages/airflow/example_dags/example_kubernetes_executor.py
[2026-08-12T05:01:01.709+0000] {processor.py:914} INFO - Processing file /home/airflow/.local/lib/python3.12/site-packages/airflow/example_dags/example_kubernetes_executor.py for tasks to queue
[2026-08-12T05:01:01.712+0000] {logging_mixin.py:190} INFO - [2026-08-12T05:01:01.712+0000] {dagbag.py:587} INFO - Filling up the DagBag from /home/airflow/.local/lib/python3.12/site-packages/airflow/example_dags/example_kubernetes_executor.py
[2026-08-12T05:01:01.727+0000] {processor.py:925} INFO - DAG(s) 'example_kubernetes_executor' retrieved from /home/airflow/.local/lib/python3.12/site-packages/airflow/example_dags/example_kubernetes_executor.py
[2026-08-12T05:01:01.764+0000] {logging_mixin.py:190} INFO - [2026-08-12T05:01:01.764+0000] {dag.py:3211} INFO - Sync 1 DAGs
[2026-08-12T05:01:01.779+0000] {logging_mixin.py:190} INFO - [2026-08-12T05:01:01.779+0000] {dag.py:4138} INFO - Setting next_dagrun for example_kubernetes_executor to None, run_after=None
[2026-08-12T05:01:01.797+0000] {processor.py:208} INFO - Processing /home/airflow/.local/lib/python3.12/site-packages/airflow/example_dags/example_kubernetes_executor.py took 0.096 seconds
[2026-08-12T05:01:32.173+0000] {processor.py:186} INFO - Started process (PID=3567) to work on /home/airflow/.local/lib/python3.12/site-packages/airflow/example_dags/example_kubernetes_executor.py
[2026-08-12T05:01:32.175+0000] {processor.py:914} INFO - Processing file /home/airflow/.local/lib/python3.12/site-packages/airflow/example_dags/example_kubernetes_executor.py for tasks to queue
[2026-08-12T05:01:32.178+0000] {logging_mixin.py:190} INFO - [2026-08-12T05:01:32.178+0000] {dagbag.py:587} INFO - Filling up the DagBag from /home/airflow/.local/lib/python3.12/site-packages/airflow/example_dags/example_kubernetes_executor.py
[2026-08-12T05:01:32.196+0000] {processor.py:925} INFO - DAG(s) 'example_kubernetes_executor' retrieved from /home/airflow/.local/lib/python3.12/site-packages/airflow/example_dags/example_kubernetes_executor.py
[2026-08-12T05:01:32.234+0000] {logging_mixin.py:190} INFO - [2026-08-12T05:01:32.234+0000] {dag.py:3211} INFO - Sync 1 DAGs
[2026-08-12T05:01:32.249+0000] {logging_mixin.py:190} INFO - [2026-08-12T05:01:32.249+0000] {dag.py:4138} INFO - Setting next_dagrun for example_kubernetes_executor to None, run_after=None
[2026-08-12T05:01:32.278+0000] {processor.py:208} INFO - Processing /home/airflow/.local/lib/python3.12/site-packages/airflow/example_dags/example_kubernetes_executor.py took 0.112 seconds
[2026-08-12T05:02:02.842+0000] {processor.py:186} INFO - Started process (PID=3630) to work on /home/airflow/.local/lib/python3.12/site-packages/airflow/example_dags/example_kubernetes_executor.py
[2026-08-12T05:02:02.843+0000] {processor.py:914} INFO - Processing file /home/airflow/.local/lib/python3.12/site-packages/airflow/example_dags/example_kubernetes_executor.py for tasks to queue
[2026-08-12T05:02:02.847+0000] {logging_mixin.py:190} INFO - [2026-08-12T05:02:02.847+0000] {dagbag.py:587} INFO - Filling up the DagBag from /home/airflow/.local/lib/python3.12/site-packages/airflow/example_dags/example_kubernetes_executor.py
[2026-08-12T05:02:02.865+0000] {processor.py:925} INFO - DAG(s) 'example_kubernetes_executor' retrieved from /home/airflow/.local/lib/python3.12/site-packages/airflow/example_dags/example_kubernetes_executor.py
[2026-08-12T05:02:02.909+0000] {logging_mixin.py:190} INFO - [2026-08-12T05:02:02.908+0000] {dag.py:3211} INFO - Sync 1 DAGs
[2026-08-12T05:02:02.929+0000] {logging_mixin.py:190} INFO - [2026-08-12T05:02:02.929+0000] {dag.py:4138} INFO - Setting next_dagrun for example_kubernetes_executor to None, run_after=None
[2026-08-12T05:02:02.958+0000] {processor.py:208} INFO - Processing /home/airflow/.local/lib/python3.12/site-packages/airflow/example_dags/example_kubernetes_executor.py took 0.123 seconds
[2026-08-12T05:02:33.578+0000] {processor.py:186} INFO - Started process (PID=3693) to work on /home/airflow/.local/lib/python3.12/site-packages/airflow/example_dags/example_kubernetes_executor.py
[2026-08-12T05:02:33.580+0000] {processor.py:914} INFO - Processing file /home/airflow/.local/lib/python3.12/site-packages/airflow/example_dags/example_kubernetes_executor.py for tasks to queue
[2026-08-12T05:02:33.585+0000] {logging_mixin.py:190} INFO - [2026-08-12T05:02:33.584+0000] {dagbag.py:587} INFO - Filling up the DagBag from /home/airflow/.local/lib/python3.12/site-packages/airflow/example_dags/example_kubernetes_executor.py
[2026-08-12T05:02:33.609+0000] {processor.py:925} INFO - DAG(s) 'example_kubernetes_executor' retrieved from /home/airflow/.local/lib/python3.12/site-packages/airflow/example_dags/example_kubernetes_executor.py
[2026-08-12T05:02:33.651+0000] {logging_mixin.py:190} INFO - [2026-08-12T05:02:33.651+0000] {dag.py:3211} INFO - Sync 1 DAGs
[2026-08-12T05:02:33.666+0000] {logging_mixin.py:190} INFO - [2026-08-12T05:02:33.666+0000] {dag.py:4138} INFO - Setting next_dagrun for example_kubernetes_executor to None, run_after=None
[2026-08-12T05:02:33.686+0000] {processor.py:208} INFO - Processing /home/airflow/.local/lib/python3.12/site-packages/airflow/example_dags/example_kubernetes_executor.py took 0.114 seconds
[2026-08-12T05:03:04.175+0000] {processor.py:186} INFO - Started process (PID=3762) to work on /home/airflow/.local/lib/python3.12/site-packages/airflow/example_dags/example_kubernetes_executor.py
[2026-08-12T05:03:04.176+0000] {processor.py:914} INFO - Processing file /home/airflow/.local/lib/python3.12/site-packages/airflow/example_dags/example_kubernetes_executor.py for tasks to queue
[2026-08-12T05:03:04.180+0000] {logging_mixin.py:190} INFO - [2026-08-12T05:03:04.180+0000] {dagbag.py:587} INFO - Filling up the DagBag from /home/airflow/.local/lib/python3.12/site-packages/airflow/example_dags/example_kubernetes_executor.py
[2026-08-12T05:03:04.199+0000] {processor.py:925} INFO - DAG(s) 'example_kubernetes_executor' retrieved from /home/airflow/.local/lib/python3.12/site-packages/airflow/example_dags/example_kubernetes_executor.py
[2026-08-12T05:03:04.251+0000] {logging_mixin.py:190} INFO - [2026-08-12T05:03:04.250+0000] {dag.py:3211} INFO - Sync 1 DAGs
[2026-08-12T05:03:04.271+0000] {logging_mixin.py:190} INFO - [2026-08-12T05:03:04.271+0000] {dag.py:4138} INFO - Setting next_dagrun for example_kubernetes_executor to None, run_after=None
[2026-08-12T05:03:04.296+0000] {processor.py:208} INFO - Processing /home/airflow/.local/lib/python3.12/site-packages/airflow/example_dags/example_kubernetes_executor.py took 0.129 seconds
[2026-08-12T05:03:34.508+0000] {processor.py:186} INFO - Started process (PID=3825) to work on /home/airflow/.local/lib/python3.12/site-packages/airflow/example_dags/example_kubernetes_executor.py
[2026-08-12T05:03:34.510+0000] {processor.py:914} INFO - Processing file /home/airflow/.local/lib/python3.12/site-packages/airflow/example_dags/example_kubernetes_executor.py for tasks to queue
[2026-08-12T05:03:34.513+0000] {logging_mixin.py:190} INFO - [2026-08-12T05:03:34.513+0000] {dagbag.py:587} INFO - Filling up the DagBag from /home/airflow/.local/lib/python3.12/site-packages/airflow/example_dags/example_kubernetes_executor.py
[2026-08-12T05:03:34.528+0000] {processor.py:925} INFO - DAG(s) 'example_kubernetes_executor' retrieved from /home/airflow/.local/lib/python3.12/site-packages/airflow/example_dags/example_kubernetes_executor.py
[2026-08-12T05:03:34.563+0000] {logging_mixin.py:190} INFO - [2026-08-12T05:03:34.563+0000] {dag.py:3211} INFO - Sync 1 DAGs
[2026-08-12T05:03:34.577+0000] {logging_mixin.py:190} INFO - [2026-08-12T05:03:34.577+0000] {dag.py:4138} INFO - Setting next_dagrun for example_kubernetes_executor to None, run_after=None
[2026-08-12T05:03:34.597+0000] {processor.py:208} INFO - Processing /home/airflow/.local/lib/python3.12/site-packages/airflow/example_dags/example_kubernetes_executor.py took 0.094 seconds
[2026-08-12T05:04:04.919+0000] {processor.py:186} INFO - Started process (PID=3889) to work on /home/airflow/.local/lib/python3.12/site-packages/airflow/example_dags/example_kubernetes_executor.py
[2026-08-12T05:04:04.920+0000] {processor.py:914} INFO - Processing file /home/airflow/.local/lib/python3.12/site-packages/airflow/example_dags/example_kubernetes_executor.py for tasks to queue
[2026-08-12T05:04:04.923+0000] {logging_mixin.py:190} INFO - [2026-08-12T05:04:04.923+0000] {dagbag.py:587} INFO - Filling up the DagBag from /home/airflow/.local/lib/python3.12/site-packages/airflow/example_dags/example_kubernetes_executor.py
[2026-08-12T05:04:04.939+0000] {processor.py:925} INFO - DAG(s) 'example_kubernetes_executor' retrieved from /home/airflow/.local/lib/python3.12/site-packages/airflow/example_dags/example_kubernetes_executor.py
[2026-08-12T05:04:04.976+0000] {logging_mixin.py:190} INFO - [2026-08-12T05:04:04.976+0000] {dag.py:3211} INFO - Sync 1 DAGs
[2026-08-12T05:04:04.995+0000] {logging_mixin.py:190} INFO - [2026-08-12T05:04:04.994+0000] {dag.py:4138} INFO - Setting next_dagrun for example_kubernetes_executor to None, run_after=None
[2026-08-12T05:04:05.014+0000] {processor.py:208} INFO - Processing /home/airflow/.local/lib/python3.12/site-packages/airflow/example_dags/example_kubernetes_executor.py took 0.101 seconds
[2026-08-12T05:04:35.344+0000] {processor.py:186} INFO - Started process (PID=3952) to work on /home/airflow/.local/lib/python3.12/site-packages/airflow/example_dags/example_kubernetes_executor.py
[2026-08-12T05:04:35.346+0000] {processor.py:914} INFO - Processing file /home/airflow/.local/lib/python3.12/site-packages/airflow/example_dags/example_kubernetes_executor.py for tasks to queue
[2026-08-12T05:04:35.349+0000] {logging_mixin.py:190} INFO - [2026-08-12T05:04:35.349+0000] {dagbag.py:587} INFO - Filling up the DagBag from /home/airflow/.local/lib/python3.12/site-packages/airflow/example_dags/example_kubernetes_executor.py
[2026-08-12T05:04:35.363+0000] {processor.py:925} INFO - DAG(s) 'example_kubernetes_executor' retrieved from /home/airflow/.local/lib/python3.12/site-packages/airflow/example_dags/example_kubernetes_executor.py
[2026-08-12T05:04:35.397+0000] {logging_mixin.py:190} INFO - [2026-08-12T05:04:35.397+0000] {dag.py:3211} INFO - Sync 1 DAGs
[2026-08-12T05:04:35.412+0000] {logging_mixin.py:190} INFO - [2026-08-12T05:04:35.411+0000] {dag.py:4138} INFO - Setting next_dagrun for example_kubernetes_executor to None, run_after=None
[2026-08-12T05:04:35.435+0000] {processor.py:208} INFO - Processing /home/airflow/.local/lib/python3.12/site-packages/airflow/example_dags/example_kubernetes_executor.py took 0.097 seconds
[2026-08-12T05:05:05.749+0000] {processor.py:186} INFO - Started process (PID=4015) to work on /home/airflow/.local/lib/python3.12/site-packages/airflow/example_dags/example_kubernetes_executor.py
[2026-08-12T05:05:05.750+0000] {processor.py:914} INFO - Processing file /home/airflow/.local/lib/python3.12/site-packages/airflow/example_dags/example_kubernetes_executor.py for tasks to queue
[2026-08-12T05:05:05.753+0000] {logging_mixin.py:190} INFO - [2026-08-12T05:05:05.753+0000] {dagbag.py:587} INFO - Filling up the DagBag from /home/airflow/.local/lib/python3.12/site-packages/airflow/example_dags/example_kubernetes_executor.py
[2026-08-12T05:05:05.767+0000] {processor.py:925} INFO - DAG(s) 'example_kubernetes_executor' retrieved from /home/airflow/.local/lib/python3.12/site-packages/airflow/example_dags/example_kubernetes_executor.py
[2026-08-12T05:05:05.805+0000] {logging_mixin.py:190} INFO - [2026-08-12T05:05:05.805+0000] {dag.py:3211} INFO - Sync 1 DAGs
[2026-08-12T05:05:05.820+0000] {logging_mixin.py:190} INFO - [2026-08-12T05:05:05.820+0000] {dag.py:4138} INFO - Setting next_dagrun for example_kubernetes_executor to None, run_after=None
[2026-08-12T05:05:05.839+0000] {processor.py:208} INFO - Processing /home/airflow/.local/lib/python3.12/site-packages/airflow/example_dags/example_kubernetes_executor.py took 0.096 seconds
[2026-08-12T05:05:36.110+0000] {processor.py:186} INFO - Started process (PID=4078) to work on /home/airflow/.local/lib/python3.12/site-packages/airflow/example_dags/example_kubernetes_executor.py
[2026-08-12T05:05:36.112+0000] {processor.py:914} INFO - Processing file /home/airflow/.local/lib/python3.12/site-packages/airflow/example_dags/example_kubernetes_executor.py for tasks to queue
[2026-08-12T05:05:36.115+0000] {logging_mixin.py:190} INFO - [2026-08-12T05:05:36.114+0000] {dagbag.py:587} INFO - Filling up the DagBag from /home/airflow/.local/lib/python3.12/site-packages/airflow/example_dags/example_kubernetes_executor.py
[2026-08-12T05:05:36.129+0000] {processor.py:925} INFO - DAG(s) 'example_kubernetes_executor' retrieved from /home/airflow/.local/lib/python3.12/site-packages/airflow/example_dags/example_kubernetes_executor.py
[2026-08-12T05:05:36.165+0000] {logging_mixin.py:190} INFO - [2026-08-12T05:05:36.165+0000] {dag.py:3211} INFO - Sync 1 DAGs
[2026-08-12T05:05:36.179+0000] {logging_mixin.py:190} INFO - [2026-08-12T05:05:36.179+0000] {dag.py:4138} INFO - Setting next_dagrun for example_kubernetes_executor to None, run_after=None
[2026-08-12T05:05:36.203+0000] {processor.py:208} INFO - Processing /home/airflow/.local/lib/python3.12/site-packages/airflow/example_dags/example_kubernetes_executor.py took 0.099 seconds
[2026-08-12T05:06:06.550+0000] {processor.py:186} INFO - Started process (PID=4141) to work on /home/airflow/.local/lib/python3.12/site-packages/airflow/example_dags/example_kubernetes_executor.py
[2026-08-12T05:06:06.552+0000] {processor.py:914} INFO - Processing file /home/airflow/.local/lib/python3.12/site-packages/airflow/example_dags/example_kubernetes_executor.py for tasks to queue
[2026-08-12T05:06:06.556+0000] {logging_mixin.py:190} INFO - [2026-08-12T05:06:06.555+0000] {dagbag.py:587} INFO - Filling up the DagBag from /home/airflow/.local/lib/python3.12/site-packages/airflow/example_dags/example_kubernetes_executor.py
[2026-08-12T05:06:06.569+0000] {processor.py:925} INFO - DAG(s) 'example_kubernetes_executor' retrieved from /home/airflow/.local/lib/python3.12/site-packages/airflow/example_dags/example_kubernetes_executor.py
[2026-08-12T05:06:06.603+0000] {logging_mixin.py:190} INFO - [2026-08-12T05:06:06.603+0000] {dag.py:3211} INFO - Sync 1 DAGs
[2026-08-12T05:06:06.616+0000] {logging_mixin.py:190} INFO - [2026-08-12T05:06:06.616+0000] {dag.py:4138} INFO - Setting next_dagrun for example_kubernetes_executor to None, run_after=None
[2026-08-12T05:06:06.636+0000] {processor.py:208} INFO - Processing /home/airflow/.local/lib/python3.12/site-packages/airflow/example_dags/example_kubernetes_executor.py took 0.092 seconds
[2026-08-12T05:06:37.199+0000] {processor.py:186} INFO - Started process (PID=4204) to work on /home/airflow/.local/lib/python3.12/site-packages/airflow/example_dags/example_kubernetes_executor.py
[2026-08-12T05:06:37.201+0000] {processor.py:914} INFO - Processing file /home/airflow/.local/lib/python3.12/site-packages/airflow/example_dags/example_kubernetes_executor.py for tasks to queue
[2026-08-12T05:06:37.204+0000] {logging_mixin.py:190} INFO - [2026-08-12T05:06:37.204+0000] {dagbag.py:587} INFO - Filling up the DagBag from /home/airflow/.local/lib/python3.12/site-packages/airflow/example_dags/example_kubernetes_executor.py
[2026-08-12T05:06:37.218+0000] {processor.py:925} INFO - DAG(s) 'example_kubernetes_executor' retrieved from /home/airflow/.local/lib/python3.12/site-packages/airflow/example_dags/example_kubernetes_executor.py
[2026-08-12T05:06:37.258+0000] {logging_mixin.py:190} INFO - [2026-08-12T05:06:37.257+0000] {dag.py:3211} INFO - Sync 1 DAGs
[2026-08-12T05:06:37.272+0000] {logging_mixin.py:190} INFO - [2026-08-12T05:06:37.272+0000] {dag.py:4138} INFO - Setting next_dagrun for example_kubernetes_executor to None, run_after=None
[2026-08-12T05:06:37.293+0000] {processor.py:208} INFO - Processing /home/airflow/.local/lib/python3.12/site-packages/airflow/example_dags/example_kubernetes_executor.py took 0.099 seconds
[2026-08-12T05:07:07.684+0000] {processor.py:186} INFO - Started process (PID=4267) to work on /home/airflow/.local/lib/python3.12/site-packages/airflow/example_dags/example_kubernetes_executor.py
[2026-08-12T05:07:07.685+0000] {processor.py:914} INFO - Processing file /home/airflow/.local/lib/python3.12/site-packages/airflow/example_dags/example_kubernetes_executor.py for tasks to queue
[2026-08-12T05:07:07.688+0000] {logging_mixin.py:190} INFO - [2026-08-12T05:07:07.688+0000] {dagbag.py:587} INFO - Filling up the DagBag from /home/airflow/.local/lib/python3.12/site-packages/airflow/example_dags/example_kubernetes_executor.py
[2026-08-12T05:07:07.701+0000] {processor.py:925} INFO - DAG(s) 'example_kubernetes_executor' retrieved from /home/airflow/.local/lib/python3.12/site-packages/airflow/example_dags/example_kubernetes_executor.py
[2026-08-12T05:07:07.742+0000] {logging_mixin.py:190} INFO - [2026-08-12T05:07:07.741+0000] {dag.py:3211} INFO - Sync 1 DAGs
[2026-08-12T05:07:07.760+0000] {logging_mixin.py:190} INFO - [2026-08-12T05:07:07.760+0000] {dag.py:4138} INFO - Setting next_dagrun for example_kubernetes_executor to None, run_after=None
[2026-08-12T05:07:07.781+0000] {processor.py:208} INFO - Processing /home/airflow/.local/lib/python3.12/site-packages/airflow/example_dags/example_kubernetes_executor.py took 0.103 seconds
[2026-08-12T05:07:37.867+0000] {processor.py:186} INFO - Started process (PID=4330) to work on /home/airflow/.local/lib/python3.12/site-packages/airflow/example_dags/example_kubernetes_executor.py
[2026-08-12T05:07:37.869+0000] {processor.py:914} INFO - Processing file /home/airflow/.local/lib/python3.12/site-packages/airflow/example_dags/example_kubernetes_executor.py for tasks to queue
[2026-08-12T05:07:37.873+0000] {logging_mixin.py:190} INFO - [2026-08-12T05:07:37.873+0000] {dagbag.py:587} INFO - Filling up the DagBag from /home/airflow/.local/lib/python3.12/site-packages/airflow/example_dags/example_kubernetes_executor.py
[2026-08-12T05:07:37.887+0000] {processor.py:925} INFO - DAG(s) 'example_kubernetes_executor' retrieved from /home/airflow/.local/lib/python3.12/site-packages/airflow/example_dags/example_kubernetes_executor.py
[2026-08-12T05:07:37.938+0000] {logging_mixin.py:190} INFO - [2026-08-12T05:07:37.937+0000] {dag.py:3211} INFO - Sync 1 DAGs
[2026-08-12T05:07:37.953+0000] {logging_mixin.py:190} INFO - [2026-08-12T05:07:37.953+0000] {dag.py:4138} INFO - Setting next_dagrun for example_kubernetes_executor to None, run_after=None
[2026-08-12T05:07:37.986+0000] {processor.py:208} INFO - Processing /home/airflow/.local/lib/python3.12/site-packages/airflow/example_dags/example_kubernetes_executor.py took 0.125 seconds
[2026-08-12T05:08:08.481+0000] {processor.py:186} INFO - Started process (PID=4393) to work on /home/airflow/.local/lib/python3.12/site-packages/airflow/example_dags/example_kubernetes_executor.py
[2026-08-12T05:08:08.482+0000] {processor.py:914} INFO - Processing file /home/airflow/.local/lib/python3.12/site-packages/airflow/example_dags/example_kubernetes_executor.py for tasks to queue
[2026-08-12T05:08:08.486+0000] {logging_mixin.py:190} INFO - [2026-08-12T05:08:08.485+0000] {dagbag.py:587} INFO - Filling up the DagBag from /home/airflow/.local/lib/python3.12/site-packages/airflow/example_dags/example_kubernetes_executor.py
[2026-08-12T05:08:08.502+0000] {processor.py:925} INFO - DAG(s) 'example_kubernetes_executor' retrieved from /home/airflow/.local/lib/python3.12/site-packages/airflow/example_dags/example_kubernetes_executor.py
[2026-08-12T05:08:08.545+0000] {logging_mixin.py:190} INFO - [2026-08-12T05:08:08.545+0000] {dag.py:3211} INFO - Sync 1 DAGs
[2026-08-12T05:08:08.563+0000] {logging_mixin.py:190} INFO - [2026-08-12T05:08:08.563+0000] {dag.py:4138} INFO - Setting next_dagrun for example_kubernetes_executor to None, run_after=None
[2026-08-12T05:08:08.586+0000] {processor.py:208} INFO - Processing /home/airflow/.local/lib/python3.12/site-packages/airflow/example_dags/example_kubernetes_executor.py took 0.111 seconds
[2026-08-12T05:08:39.260+0000] {processor.py:186} INFO - Started process (PID=4456) to work on /home/airflow/.local/lib/python3.12/site-packages/airflow/example_dags/example_kubernetes_executor.py
[2026-08-12T05:08:39.261+0000] {processor.py:914} INFO - Processing file /home/airflow/.local/lib/python3.12/site-packages/airflow/example_dags/example_kubernetes_executor.py for tasks to queue
[2026-08-12T05:08:39.265+0000] {logging_mixin.py:190} INFO - [2026-08-12T05:08:39.264+0000] {dagbag.py:587} INFO - Filling up the DagBag from /home/airflow/.local/lib/python3.12/site-packages/airflow/example_dags/example_kubernetes_executor.py
[2026-08-12T05:08:39.284+0000] {processor.py:925} INFO - DAG(s) 'example_kubernetes_executor' retrieved from /home/airflow/.local/lib/python3.12/site-packages/airflow/example_dags/example_kubernetes_executor.py
[2026-08-12T05:08:39.324+0000] {logging_mixin.py:190} INFO - [2026-08-12T05:08:39.324+0000] {dag.py:3211} INFO - Sync 1 DAGs
[2026-08-12T05:08:39.340+0000] {logging_mixin.py:190} INFO - [2026-08-12T05:08:39.340+0000] {dag.py:4138} INFO - Setting next_dagrun for example_kubernetes_executor to None, run_after=None
[2026-08-12T05:08:39.361+0000] {processor.py:208} INFO - Processing /home/airflow/.local/lib/python3.12/site-packages/airflow/example_dags/example_kubernetes_executor.py took 0.109 seconds
[2026-08-12T05:09:09.501+0000] {processor.py:186} INFO - Started process (PID=4519) to work on /home/airflow/.local/lib/python3.12/site-packages/airflow/example_dags/example_kubernetes_executor.py
[2026-08-12T05:09:09.503+0000] {processor.py:914} INFO - Processing file /home/airflow/.local/lib/python3.12/site-packages/airflow/example_dags/example_kubernetes_executor.py for tasks to queue
[2026-08-12T05:09:09.506+0000] {logging_mixin.py:190} INFO - [2026-08-12T05:09:09.506+0000] {dagbag.py:587} INFO - Filling up the DagBag from /home/airflow/.local/lib/python3.12/site-packages/airflow/example_dags/example_kubernetes_executor.py
[2026-08-12T05:09:09.522+0000] {processor.py:925} INFO - DAG(s) 'example_kubernetes_executor' retrieved from /home/airflow/.local/lib/python3.12/site-packages/airflow/example_dags/example_kubernetes_executor.py
[2026-08-12T05:09:09.559+0000] {logging_mixin.py:190} INFO - [2026-08-12T05:09:09.559+0000] {dag.py:3211} INFO - Sync 1 DAGs
[2026-08-12T05:09:09.574+0000] {logging_mixin.py:190} INFO - [2026-08-12T05:09:09.573+0000] {dag.py:4138} INFO - Setting next_dagrun for example_kubernetes_executor to None, run_after=None
[2026-08-12T05:09:09.594+0000] {processor.py:208} INFO - Processing /home/airflow/.local/lib/python3.12/site-packages/airflow/example_dags/example_kubernetes_executor.py took 0.100 seconds
[2026-08-12T05:09:40.119+0000] {processor.py:186} INFO - Started process (PID=4582) to work on /home/airflow/.local/lib/python3.12/site-packages/airflow/example_dags/example_kubernetes_executor.py
[2026-08-12T05:09:40.121+0000] {processor.py:914} INFO - Processing file /home/airflow/.local/lib/python3.12/site-packages/airflow/example_dags/example_kubernetes_executor.py for tasks to queue
[2026-08-12T05:09:40.126+0000] {logging_mixin.py:190} INFO - [2026-08-12T05:09:40.125+0000] {dagbag.py:587} INFO - Filling up the DagBag from /home/airflow/.local/lib/python3.12/site-packages/airflow/example_dags/example_kubernetes_executor.py
[2026-08-12T05:09:40.144+0000] {processor.py:925} INFO - DAG(s) 'example_kubernetes_executor' retrieved from /home/airflow/.local/lib/python3.12/site-packages/airflow/example_dags/example_kubernetes_executor.py
[2026-08-12T05:09:40.198+0000] {logging_mixin.py:190} INFO - [2026-08-12T05:09:40.198+0000] {dag.py:3211} INFO - Sync 1 DAGs
[2026-08-12T05:09:40.221+0000] {logging_mixin.py:190} INFO - [2026-08-12T05:09:40.221+0000] {dag.py:4138} INFO - Setting next_dagrun for example_kubernetes_executor to None, run_after=None
[2026-08-12T05:09:40.246+0000] {processor.py:208} INFO - Processing /home/airflow/.local/lib/python3.12/site-packages/airflow/example_dags/example_kubernetes_executor.py took 0.135 seconds
[2026-08-12T05:10:10.703+0000] {processor.py:186} INFO - Started process (PID=4645) to work on /home/airflow/.local/lib/python3.12/site-packages/airflow/example_dags/example_kubernetes_executor.py
[2026-08-12T05:10:10.705+0000] {processor.py:914} INFO - Processing file /home/airflow/.local/lib/python3.12/site-packages/airflow/example_dags/example_kubernetes_executor.py for tasks to queue
[2026-08-12T05:10:10.710+0000] {logging_mixin.py:190} INFO - [2026-08-12T05:10:10.709+0000] {dagbag.py:587} INFO - Filling up the DagBag from /home/airflow/.local/lib/python3.12/site-packages/airflow/example_dags/example_kubernetes_executor.py
[2026-08-12T05:10:10.732+0000] {processor.py:925} INFO - DAG(s) 'example_kubernetes_executor' retrieved from /home/airflow/.local/lib/python3.12/site-packages/airflow/example_dags/example_kubernetes_executor.py
[2026-08-12T05:10:10.771+0000] {logging_mixin.py:190} INFO - [2026-08-12T05:10:10.770+0000] {dag.py:3211} INFO - Sync 1 DAGs
[2026-08-12T05:10:10.789+0000] {logging_mixin.py:190} INFO - [2026-08-12T05:10:10.788+0000] {dag.py:4138} INFO - Setting next_dagrun for example_kubernetes_executor to None, run_after=None
[2026-08-12T05:10:10.812+0000] {processor.py:208} INFO - Processing /home/airflow/.local/lib/python3.12/site-packages/airflow/example_dags/example_kubernetes_executor.py took 0.116 seconds
[2026-08-12T05:10:41.466+0000] {processor.py:186} INFO - Started process (PID=4708) to work on /home/airflow/.local/lib/python3.12/site-packages/airflow/example_dags/example_kubernetes_executor.py
[2026-08-12T05:10:41.468+0000] {processor.py:914} INFO - Processing file /home/airflow/.local/lib/python3.12/site-packages/airflow/example_dags/example_kubernetes_executor.py for tasks to queue
[2026-08-12T05:10:41.472+0000] {logging_mixin.py:190} INFO - [2026-08-12T05:10:41.471+0000] {dagbag.py:587} INFO - Filling up the DagBag from /home/airflow/.local/lib/python3.12/site-packages/airflow/example_dags/example_kubernetes_executor.py
[2026-08-12T05:10:41.490+0000] {processor.py:925} INFO - DAG(s) 'example_kubernetes_executor' retrieved from /home/airflow/.local/lib/python3.12/site-packages/airflow/example_dags/example_kubernetes_executor.py
[2026-08-12T05:10:41.530+0000] {logging_mixin.py:190} INFO - [2026-08-12T05:10:41.530+0000] {dag.py:3211} INFO - Sync 1 DAGs
[2026-08-12T05:10:41.547+0000] {logging_mixin.py:190} INFO - [2026-08-12T05:10:41.547+0000] {dag.py:4138} INFO - Setting next_dagrun for example_kubernetes_executor to None, run_after=None
[2026-08-12T05:10:41.570+0000] {processor.py:208} INFO - Processing /home/airflow/.local/lib/python3.12/site-packages/airflow/example_dags/example_kubernetes_executor.py took 0.110 seconds
[2026-08-12T05:11:11.782+0000] {processor.py:186} INFO - Started process (PID=4771) to work on /home/airflow/.local/lib/python3.12/site-packages/airflow/example_dags/example_kubernetes_executor.py
[2026-08-12T05:11:11.784+0000] {processor.py:914} INFO - Processing file /home/airflow/.local/lib/python3.12/site-packages/airflow/example_dags/example_kubernetes_executor.py for tasks to queue
[2026-08-12T05:11:11.789+0000] {logging_mixin.py:190} INFO - [2026-08-12T05:11:11.789+0000] {dagbag.py:587} INFO - Filling up the DagBag from /home/airflow/.local/lib/python3.12/site-packages/airflow/example_dags/example_kubernetes_executor.py
[2026-08-12T05:11:11.811+0000] {processor.py:925} INFO - DAG(s) 'example_kubernetes_executor' retrieved from /home/airflow/.local/lib/python3.12/site-packages/airflow/example_dags/example_kubernetes_executor.py
[2026-08-12T05:11:11.850+0000] {logging_mixin.py:190} INFO - [2026-08-12T05:11:11.849+0000] {dag.py:3211} INFO - Sync 1 DAGs
[2026-08-12T05:11:11.864+0000] {logging_mixin.py:190} INFO - [2026-08-12T05:11:11.863+0000] {dag.py:4138} INFO - Setting next_dagrun for example_kubernetes_executor to None, run_after=None
[2026-08-12T05:11:11.883+0000] {processor.py:208} INFO - Processing /home/airflow/.local/lib/python3.12/site-packages/airflow/example_dags/example_kubernetes_executor.py took 0.107 seconds
[2026-08-12T05:11:42.351+0000] {processor.py:186} INFO - Started process (PID=4834) to work on /home/airflow/.local/lib/python3.12/site-packages/airflow/example_dags/example_kubernetes_executor.py
[2026-08-12T05:11:42.353+0000] {processor.py:914} INFO - Processing file /home/airflow/.local/lib/python3.12/site-packages/airflow/example_dags/example_kubernetes_executor.py for tasks to queue
[2026-08-12T05:11:42.357+0000] {logging_mixin.py:190} INFO - [2026-08-12T05:11:42.356+0000] {dagbag.py:587} INFO - Filling up the DagBag from /home/airflow/.local/lib/python3.12/site-packages/airflow/example_dags/example_kubernetes_executor.py
[2026-08-12T05:11:42.375+0000] {processor.py:925} INFO - DAG(s) 'example_kubernetes_executor' retrieved from /home/airflow/.local/lib/python3.12/site-packages/airflow/example_dags/example_kubernetes_executor.py
[2026-08-12T05:11:42.415+0000] {logging_mixin.py:190} INFO - [2026-08-12T05:11:42.415+0000] {dag.py:3211} INFO - Sync 1 DAGs
[2026-08-12T05:11:42.430+0000] {logging_mixin.py:190} INFO - [2026-08-12T05:11:42.430+0000] {dag.py:4138} INFO - Setting next_dagrun for example_kubernetes_executor to None, run_after=None
[2026-08-12T05:11:42.453+0000] {processor.py:208} INFO - Processing /home/airflow/.local/lib/python3.12/site-packages/airflow/example_dags/example_kubernetes_executor.py took 0.110 seconds
[2026-08-12T05:12:12.867+0000] {processor.py:186} INFO - Started process (PID=4897) to work on /home/airflow/.local/lib/python3.12/site-packages/airflow/example_dags/example_kubernetes_executor.py
[2026-08-12T05:12:12.869+0000] {processor.py:914} INFO - Processing file /home/airflow/.local/lib/python3.12/site-packages/airflow/example_dags/example_kubernetes_executor.py for tasks to queue
[2026-08-12T05:12:12.872+0000] {logging_mixin.py:190} INFO - [2026-08-12T05:12:12.871+0000] {dagbag.py:587} INFO - Filling up the DagBag from /home/airflow/.local/lib/python3.12/site-packages/airflow/example_dags/example_kubernetes_executor.py
[2026-08-12T05:12:12.886+0000] {processor.py:925} INFO - DAG(s) 'example_kubernetes_executor' retrieved from /home/airflow/.local/lib/python3.12/site-packages/airflow/example_dags/example_kubernetes_executor.py
[2026-08-12T05:12:12.922+0000] {logging_mixin.py:190} INFO - [2026-08-12T05:12:12.922+0000] {dag.py:3211} INFO - Sync 1 DAGs
[2026-08-12T05:12:12.936+0000] {logging_mixin.py:190} INFO - [2026-08-12T05:12:12.936+0000] {dag.py:4138} INFO - Setting next_dagrun for example_kubernetes_executor to None, run_after=None
[2026-08-12T05:12:12.956+0000] {processor.py:208} INFO - Processing /home/airflow/.local/lib/python3.12/site-packages/airflow/example_dags/example_kubernetes_executor.py took 0.094 seconds
[2026-08-12T05:12:43.799+0000] {processor.py:186} INFO - Started process (PID=4960) to work on /home/airflow/.local/lib/python3.12/site-packages/airflow/example_dags/example_kubernetes_executor.py
[2026-08-12T05:12:43.800+0000] {processor.py:914} INFO - Processing file /home/airflow/.local/lib/python3.12/site-packages/airflow/example_dags/example_kubernetes_executor.py for tasks to queue
[2026-08-12T05:12:43.805+0000] {logging_mixin.py:190} INFO - [2026-08-12T05:12:43.804+0000] {dagbag.py:587} INFO - Filling up the DagBag from /home/airflow/.local/lib/python3.12/site-packages/airflow/example_dags/example_kubernetes_executor.py
[2026-08-12T05:12:43.825+0000] {processor.py:925} INFO - DAG(s) 'example_kubernetes_executor' retrieved from /home/airflow/.local/lib/python3.12/site-packages/airflow/example_dags/example_kubernetes_executor.py
[2026-08-12T05:12:43.875+0000] {logging_mixin.py:190} INFO - [2026-08-12T05:12:43.875+0000] {dag.py:3211} INFO - Sync 1 DAGs
[2026-08-12T05:12:43.893+0000] {logging_mixin.py:190} INFO - [2026-08-12T05:12:43.892+0000] {dag.py:4138} INFO - Setting next_dagrun for example_kubernetes_executor to None, run_after=None
[2026-08-12T05:12:43.913+0000] {processor.py:208} INFO - Processing /home/airflow/.local/lib/python3.12/site-packages/airflow/example_dags/example_kubernetes_executor.py took 0.122 seconds
[2026-08-12T05:13:14.120+0000] {processor.py:186} INFO - Started process (PID=5023) to work on /home/airflow/.local/lib/python3.12/site-packages/airflow/example_dags/example_kubernetes_executor.py
[2026-08-12T05:13:14.121+0000] {processor.py:914} INFO - Processing file /home/airflow/.local/lib/python3.12/site-packages/airflow/example_dags/example_kubernetes_executor.py for tasks to queue
[2026-08-12T05:13:14.125+0000] {logging_mixin.py:190} INFO - [2026-08-12T05:13:14.124+0000] {dagbag.py:587} INFO - Filling up the DagBag from /home/airflow/.local/lib/python3.12/site-packages/airflow/example_dags/example_kubernetes_executor.py
[2026-08-12T05:13:14.139+0000] {processor.py:925} INFO - DAG(s) 'example_kubernetes_executor' retrieved from /home/airflow/.local/lib/python3.12/site-packages/airflow/example_dags/example_kubernetes_executor.py
[2026-08-12T05:13:14.178+0000] {logging_mixin.py:190} INFO - [2026-08-12T05:13:14.178+0000] {dag.py:3211} INFO - Sync 1 DAGs
[2026-08-12T05:13:14.194+0000] {logging_mixin.py:190} INFO - [2026-08-12T05:13:14.194+0000] {dag.py:4138} INFO - Setting next_dagrun for example_kubernetes_executor to None, run_after=None
[2026-08-12T05:13:14.214+0000] {processor.py:208} INFO - Processing /home/airflow/.local/lib/python3.12/site-packages/airflow/example_dags/example_kubernetes_executor.py took 0.100 seconds
[2026-08-12T05:13:44.633+0000] {processor.py:186} INFO - Started process (PID=5086) to work on /home/airflow/.local/lib/python3.12/site-packages/airflow/example_dags/example_kubernetes_executor.py
[2026-08-12T05:13:44.635+0000] {processor.py:914} INFO - Processing file /home/airflow/.local/lib/python3.12/site-packages/airflow/example_dags/example_kubernetes_executor.py for tasks to queue
[2026-08-12T05:13:44.640+0000] {logging_mixin.py:190} INFO - [2026-08-12T05:13:44.640+0000] {dagbag.py:587} INFO - Filling up the DagBag from /home/airflow/.local/lib/python3.12/site-packages/airflow/example_dags/example_kubernetes_executor.py
[2026-08-12T05:13:44.660+0000] {processor.py:925} INFO - DAG(s) 'example_kubernetes_executor' retrieved from /home/airflow/.local/lib/python3.12/site-packages/airflow/example_dags/example_kubernetes_executor.py
[2026-08-12T05:13:44.699+0000] {logging_mixin.py:190} INFO - [2026-08-12T05:13:44.698+0000] {dag.py:3211} INFO - Sync 1 DAGs
[2026-08-12T05:13:44.712+0000] {logging_mixin.py:190} INFO - [2026-08-12T05:13:44.712+0000] {dag.py:4138} INFO - Setting next_dagrun for example_kubernetes_executor to None, run_after=None
[2026-08-12T05:13:44.735+0000] {processor.py:208} INFO - Processing /home/airflow/.local/lib/python3.12/site-packages/airflow/example_dags/example_kubernetes_executor.py took 0.111 seconds
[2026-08-12T05:14:15.137+0000] {processor.py:186} INFO - Started process (PID=5149) to work on /home/airflow/.local/lib/python3.12/site-packages/airflow/example_dags/example_kubernetes_executor.py
[2026-08-12T05:14:15.139+0000] {processor.py:914} INFO - Processing file /home/airflow/.local/lib/python3.12/site-packages/airflow/example_dags/example_kubernetes_executor.py for tasks to queue
[2026-08-12T05:14:15.142+0000] {logging_mixin.py:190} INFO - [2026-08-12T05:14:15.142+0000] {dagbag.py:587} INFO - Filling up the DagBag from /home/airflow/.local/lib/python3.12/site-packages/airflow/example_dags/example_kubernetes_executor.py
[2026-08-12T05:14:15.155+0000] {processor.py:925} INFO - DAG(s) 'example_kubernetes_executor' retrieved from /home/airflow/.local/lib/python3.12/site-packages/airflow/example_dags/example_kubernetes_executor.py
[2026-08-12T05:14:15.189+0000] {logging_mixin.py:190} INFO - [2026-08-12T05:14:15.189+0000] {dag.py:3211} INFO - Sync 1 DAGs
[2026-08-12T05:14:15.202+0000] {logging_mixin.py:190} INFO - [2026-08-12T05:14:15.202+0000] {dag.py:4138} INFO - Setting next_dagrun for example_kubernetes_executor to None, run_after=None
[2026-08-12T05:14:15.221+0000] {processor.py:208} INFO - Processing /home/airflow/.local/lib/python3.12/site-packages/airflow/example_dags/example_kubernetes_executor.py took 0.089 seconds
[2026-08-12T05:14:45.662+0000] {processor.py:186} INFO - Started process (PID=5212) to work on /home/airflow/.local/lib/python3.12/site-packages/airflow/example_dags/example_kubernetes_executor.py
[2026-08-12T05:14:45.663+0000] {processor.py:914} INFO - Processing file /home/airflow/.local/lib/python3.12/site-packages/airflow/example_dags/example_kubernetes_executor.py for tasks to queue
[2026-08-12T05:14:45.666+0000] {logging_mixin.py:190} INFO - [2026-08-12T05:14:45.666+0000] {dagbag.py:587} INFO - Filling up the DagBag from /home/airflow/.local/lib/python3.12/site-packages/airflow/example_dags/example_kubernetes_executor.py
[2026-08-12T05:14:45.680+0000] {processor.py:925} INFO - DAG(s) 'example_kubernetes_executor' retrieved from /home/airflow/.local/lib/python3.12/site-packages/airflow/example_dags/example_kubernetes_executor.py
[2026-08-12T05:14:45.722+0000] {logging_mixin.py:190} INFO - [2026-08-12T05:14:45.721+0000] {dag.py:3211} INFO - Sync 1 DAGs
[2026-08-12T05:14:45.738+0000] {logging_mixin.py:190} INFO - [2026-08-12T05:14:45.737+0000] {dag.py:4138} INFO - Setting next_dagrun for example_kubernetes_executor to None, run_after=None
[2026-08-12T05:14:45.757+0000] {processor.py:208} INFO - Processing /home/airflow/.local/lib/python3.12/site-packages/airflow/example_dags/example_kubernetes_executor.py took 0.101 seconds
[2026-08-12T05:15:16.435+0000] {processor.py:186} INFO - Started process (PID=5275) to work on /home/airflow/.local/lib/python3.12/site-packages/airflow/example_dags/example_kubernetes_executor.py
[2026-08-12T05:15:16.437+0000] {processor.py:914} INFO - Processing file /home/airflow/.local/lib/python3.12/site-packages/airflow/example_dags/example_kubernetes_executor.py for tasks to queue
[2026-08-12T05:15:16.441+0000] {logging_mixin.py:190} INFO - [2026-08-12T05:15:16.440+0000] {dagbag.py:587} INFO - Filling up the DagBag from /home/airflow/.local/lib/python3.12/site-packages/airflow/example_dags/example_kubernetes_executor.py
[2026-08-12T05:15:16.464+0000] {processor.py:925} INFO - DAG(s) 'example_kubernetes_executor' retrieved from /home/airflow/.local/lib/python3.12/site-packages/airflow/example_dags/example_kubernetes_executor.py
[2026-08-12T05:15:16.509+0000] {logging_mixin.py:190} INFO - [2026-08-12T05:15:16.508+0000] {dag.py:3211} INFO - Sync 1 DAGs
[2026-08-12T05:15:16.522+0000] {logging_mixin.py:190} INFO - [2026-08-12T05:15:16.522+0000] {dag.py:4138} INFO - Setting next_dagrun for example_kubernetes_executor to None, run_after=None
[2026-08-12T05:15:16.542+0000] {processor.py:208} INFO - Processing /home/airflow/.local/lib/python3.12/site-packages/airflow/example_dags/example_kubernetes_executor.py took 0.116 seconds
[2026-08-12T05:15:46.831+0000] {processor.py:186} INFO - Started process (PID=5338) to work on /home/airflow/.local/lib/python3.12/site-packages/airflow/example_dags/example_kubernetes_executor.py
[2026-08-12T05:15:46.833+0000] {processor.py:914} INFO - Processing file /home/airflow/.local/lib/python3.12/site-packages/airflow/example_dags/example_kubernetes_executor.py for tasks to queue
[2026-08-12T05:15:46.836+0000] {logging_mixin.py:190} INFO - [2026-08-12T05:15:46.835+0000] {dagbag.py:587} INFO - Filling up the DagBag from /home/airflow/.local/lib/python3.12/site-packages/airflow/example_dags/example_kubernetes_executor.py
[2026-08-12T05:15:46.856+0000] {processor.py:925} INFO - DAG(s) 'example_kubernetes_executor' retrieved from /home/airflow/.local/lib/python3.12/site-packages/airflow/example_dags/example_kubernetes_executor.py
[2026-08-12T05:15:46.905+0000] {logging_mixin.py:190} INFO - [2026-08-12T05:15:46.905+0000] {dag.py:3211} INFO - Sync 1 DAGs
[2026-08-12T05:15:46.924+0000] {logging_mixin.py:190} INFO - [2026-08-12T05:15:46.924+0000] {dag.py:4138} INFO - Setting next_dagrun for example_kubernetes_executor to None, run_after=None
[2026-08-12T05:15:46.949+0000] {processor.py:208} INFO - Processing /home/airflow/.local/lib/python3.12/site-packages/airflow/example_dags/example_kubernetes_executor.py took 0.124 seconds
[2026-08-12T05:16:17.566+0000] {processor.py:186} INFO - Started process (PID=5401) to work on /home/airflow/.local/lib/python3.12/site-packages/airflow/example_dags/example_kubernetes_executor.py
[2026-08-12T05:16:17.567+0000] {processor.py:914} INFO - Processing file /home/airflow/.local/lib/python3.12/site-packages/airflow/example_dags/example_kubernetes_executor.py for tasks to queue
[2026-08-12T05:16:17.570+0000] {logging_mixin.py:190} INFO - [2026-08-12T05:16:17.570+0000] {dagbag.py:587} INFO - Filling up the DagBag from /home/airflow/.local/lib/python3.12/site-packages/airflow/example_dags/example_kubernetes_executor.py
[2026-08-12T05:16:17.586+0000] {processor.py:925} INFO - DAG(s) 'example_kubernetes_executor' retrieved from /home/airflow/.local/lib/python3.12/site-packages/airflow/example_dags/example_kubernetes_executor.py
[2026-08-12T05:16:17.623+0000] {logging_mixin.py:190} INFO - [2026-08-12T05:16:17.623+0000] {dag.py:3211} INFO - Sync 1 DAGs
[2026-08-12T05:16:17.641+0000] {logging_mixin.py:190} INFO - [2026-08-12T05:16:17.641+0000] {dag.py:4138} INFO - Setting next_dagrun for example_kubernetes_executor to None, run_after=None
[2026-08-12T05:16:17.661+0000] {processor.py:208} INFO - Processing /home/airflow/.local/lib/python3.12/site-packages/airflow/example_dags/example_kubernetes_executor.py took 0.101 seconds
[2026-08-12T05:16:48.100+0000] {processor.py:186} INFO - Started process (PID=5464) to work on /home/airflow/.local/lib/python3.12/site-packages/airflow/example_dags/example_kubernetes_executor.py
[2026-08-12T05:16:48.102+0000] {processor.py:914} INFO - Processing file /home/airflow/.local/lib/python3.12/site-packages/airflow/example_dags/example_kubernetes_executor.py for tasks to queue
[2026-08-12T05:16:48.105+0000] {logging_mixin.py:190} INFO - [2026-08-12T05:16:48.104+0000] {dagbag.py:587} INFO - Filling up the DagBag from /home/airflow/.local/lib/python3.12/site-packages/airflow/example_dags/example_kubernetes_executor.py
[2026-08-12T05:16:48.119+0000] {processor.py:925} INFO - DAG(s) 'example_kubernetes_executor' retrieved from /home/airflow/.local/lib/python3.12/site-packages/airflow/example_dags/example_kubernetes_executor.py
[2026-08-12T05:16:48.154+0000] {logging_mixin.py:190} INFO - [2026-08-12T05:16:48.154+0000] {dag.py:3211} INFO - Sync 1 DAGs
[2026-08-12T05:16:48.169+0000] {logging_mixin.py:190} INFO - [2026-08-12T05:16:48.168+0000] {dag.py:4138} INFO - Setting next_dagrun for example_kubernetes_executor to None, run_after=None
[2026-08-12T05:16:48.189+0000] {processor.py:208} INFO - Processing /home/airflow/.local/lib/python3.12/site-packages/airflow/example_dags/example_kubernetes_executor.py took 0.095 seconds
[2026-08-12T05:17:18.506+0000] {processor.py:186} INFO - Started process (PID=5527) to work on /home/airflow/.local/lib/python3.12/site-packages/airflow/example_dags/example_kubernetes_executor.py
[2026-08-12T05:17:18.507+0000] {processor.py:914} INFO - Processing file /home/airflow/.local/lib/python3.12/site-packages/airflow/example_dags/example_kubernetes_executor.py for tasks to queue
[2026-08-12T05:17:18.511+0000] {logging_mixin.py:190} INFO - [2026-08-12T05:17:18.511+0000] {dagbag.py:587} INFO - Filling up the DagBag from /home/airflow/.local/lib/python3.12/site-packages/airflow/example_dags/example_kubernetes_executor.py
[2026-08-12T05:17:18.530+0000] {processor.py:925} INFO - DAG(s) 'example_kubernetes_executor' retrieved from /home/airflow/.local/lib/python3.12/site-packages/airflow/example_dags/example_kubernetes_executor.py
[2026-08-12T05:17:18.571+0000] {logging_mixin.py:190} INFO - [2026-08-12T05:17:18.570+0000] {dag.py:3211} INFO - Sync 1 DAGs
[2026-08-12T05:17:18.589+0000] {logging_mixin.py:190} INFO - [2026-08-12T05:17:18.589+0000] {dag.py:4138} INFO - Setting next_dagrun for example_kubernetes_executor to None, run_after=None
[2026-08-12T05:17:18.610+0000] {processor.py:208} INFO - Processing /home/airflow/.local/lib/python3.12/site-packages/airflow/example_dags/example_kubernetes_executor.py took 0.111 seconds
[2026-08-12T05:17:49.277+0000] {processor.py:186} INFO - Started process (PID=5590) to work on /home/airflow/.local/lib/python3.12/site-packages/airflow/example_dags/example_kubernetes_executor.py
[2026-08-12T05:17:49.279+0000] {processor.py:914} INFO - Processing file /home/airflow/.local/lib/python3.12/site-packages/airflow/example_dags/example_kubernetes_executor.py for tasks to queue
[2026-08-12T05:17:49.284+0000] {logging_mixin.py:190} INFO - [2026-08-12T05:17:49.284+0000] {dagbag.py:587} INFO - Filling up the DagBag from /home/airflow/.local/lib/python3.12/site-packages/airflow/example_dags/example_kubernetes_executor.py
[2026-08-12T05:17:49.306+0000] {processor.py:925} INFO - DAG(s) 'example_kubernetes_executor' retrieved from /home/airflow/.local/lib/python3.12/site-packages/airflow/example_dags/example_kubernetes_executor.py
[2026-08-12T05:17:49.373+0000] {logging_mixin.py:190} INFO - [2026-08-12T05:17:49.372+0000] {dag.py:3211} INFO - Sync 1 DAGs
[2026-08-12T05:17:49.410+0000] {logging_mixin.py:190} INFO - [2026-08-12T05:17:49.410+0000] {dag.py:4138} INFO - Setting next_dagrun for example_kubernetes_executor to None, run_after=None
[2026-08-12T05:17:49.468+0000] {processor.py:208} INFO - Processing /home/airflow/.local/lib/python3.12/site-packages/airflow/example_dags/example_kubernetes_executor.py took 0.197 seconds
[2026-08-12T05:18:20.396+0000] {processor.py:186} INFO - Started process (PID=5653) to work on /home/airflow/.local/lib/python3.12/site-packages/airflow/example_dags/example_kubernetes_executor.py
[2026-08-12T05:18:20.397+0000] {processor.py:914} INFO - Processing file /home/airflow/.local/lib/python3.12/site-packages/airflow/example_dags/example_kubernetes_executor.py for tasks to queue
[2026-08-12T05:18:20.400+0000] {logging_mixin.py:190} INFO - [2026-08-12T05:18:20.399+0000] {dagbag.py:587} INFO - Filling up the DagBag from /home/airflow/.local/lib/python3.12/site-packages/airflow/example_dags/example_kubernetes_executor.py
[2026-08-12T05:18:20.412+0000] {processor.py:925} INFO - DAG(s) 'example_kubernetes_executor' retrieved from /home/airflow/.local/lib/python3.12/site-packages/airflow/example_dags/example_kubernetes_executor.py
[2026-08-12T05:18:20.446+0000] {logging_mixin.py:190} INFO - [2026-08-12T05:18:20.446+0000] {dag.py:3211} INFO - Sync 1 DAGs
[2026-08-12T05:18:20.460+0000] {logging_mixin.py:190} INFO - [2026-08-12T05:18:20.460+0000] {dag.py:4138} INFO - Setting next_dagrun for example_kubernetes_executor to None, run_after=None
[2026-08-12T05:18:20.477+0000] {processor.py:208} INFO - Processing /home/airflow/.local/lib/python3.12/site-packages/airflow/example_dags/example_kubernetes_executor.py took 0.087 seconds
[2026-08-12T05:18:51.354+0000] {processor.py:186} INFO - Started process (PID=5716) to work on /home/airflow/.local/lib/python3.12/site-packages/airflow/example_dags/example_kubernetes_executor.py
[2026-08-12T05:18:51.356+0000] {processor.py:914} INFO - Processing file /home/airflow/.local/lib/python3.12/site-packages/airflow/example_dags/example_kubernetes_executor.py for tasks to queue
[2026-08-12T05:18:51.361+0000] {logging_mixin.py:190} INFO - [2026-08-12T05:18:51.360+0000] {dagbag.py:587} INFO - Filling up the DagBag from /home/airflow/.local/lib/python3.12/site-packages/airflow/example_dags/example_kubernetes_executor.py
[2026-08-12T05:18:51.380+0000] {processor.py:925} INFO - DAG(s) 'example_kubernetes_executor' retrieved from /home/airflow/.local/lib/python3.12/site-packages/airflow/example_dags/example_kubernetes_executor.py
[2026-08-12T05:18:51.428+0000] {logging_mixin.py:190} INFO - [2026-08-12T05:18:51.428+0000] {dag.py:3211} INFO - Sync 1 DAGs
[2026-08-12T05:18:51.451+0000] {logging_mixin.py:190} INFO - [2026-08-12T05:18:51.450+0000] {dag.py:4138} INFO - Setting next_dagrun for example_kubernetes_executor to None, run_after=None
[2026-08-12T05:18:51.478+0000] {processor.py:208} INFO - Processing /home/airflow/.local/lib/python3.12/site-packages/airflow/example_dags/example_kubernetes_executor.py took 0.133 seconds
[2026-08-12T05:19:22.201+0000] {processor.py:186} INFO - Started process (PID=5780) to work on /home/airflow/.local/lib/python3.12/site-packages/airflow/example_dags/example_kubernetes_executor.py
[2026-08-12T05:19:22.204+0000] {processor.py:914} INFO - Processing file /home/airflow/.local/lib/python3.12/site-packages/airflow/example_dags/example_kubernetes_executor.py for tasks to queue
[2026-08-12T05:19:22.213+0000] {logging_mixin.py:190} INFO - [2026-08-12T05:19:22.212+0000] {dagbag.py:587} INFO - Filling up the DagBag from /home/airflow/.local/lib/python3.12/site-packages/airflow/example_dags/example_kubernetes_executor.py
[2026-08-12T05:19:22.257+0000] {processor.py:925} INFO - DAG(s) 'example_kubernetes_executor' retrieved from /home/airflow/.local/lib/python3.12/site-packages/airflow/example_dags/example_kubernetes_executor.py
[2026-08-12T05:19:22.361+0000] {logging_mixin.py:190} INFO - [2026-08-12T05:19:22.361+0000] {dag.py:3211} INFO - Sync 1 DAGs
[2026-08-12T05:19:22.397+0000] {logging_mixin.py:190} INFO - [2026-08-12T05:19:22.397+0000] {dag.py:4138} INFO - Setting next_dagrun for example_kubernetes_executor to None, run_after=None
[2026-08-12T05:19:22.449+0000] {processor.py:208} INFO - Processing /home/airflow/.local/lib/python3.12/site-packages/airflow/example_dags/example_kubernetes_executor.py took 0.268 seconds
[2026-08-12T05:19:53.342+0000] {processor.py:186} INFO - Started process (PID=5843) to work on /home/airflow/.local/lib/python3.12/site-packages/airflow/example_dags/example_kubernetes_executor.py
[2026-08-12T05:19:53.366+0000] {processor.py:914} INFO - Processing file /home/airflow/.local/lib/python3.12/site-packages/airflow/example_dags/example_kubernetes_executor.py for tasks to queue
[2026-08-12T05:19:53.374+0000] {logging_mixin.py:190} INFO - [2026-08-12T05:19:53.374+0000] {dagbag.py:587} INFO - Filling up the DagBag from /home/airflow/.local/lib/python3.12/site-packages/airflow/example_dags/example_kubernetes_executor.py
[2026-08-12T05:19:53.420+0000] {processor.py:925} INFO - DAG(s) 'example_kubernetes_executor' retrieved from /home/airflow/.local/lib/python3.12/site-packages/airflow/example_dags/example_kubernetes_executor.py
[2026-08-12T05:19:53.526+0000] {logging_mixin.py:190} INFO - [2026-08-12T05:19:53.526+0000] {dag.py:3211} INFO - Sync 1 DAGs
[2026-08-12T05:19:53.560+0000] {logging_mixin.py:190} INFO - [2026-08-12T05:19:53.560+0000] {dag.py:4138} INFO - Setting next_dagrun for example_kubernetes_executor to None, run_after=None
[2026-08-12T05:19:53.620+0000] {processor.py:208} INFO - Processing /home/airflow/.local/lib/python3.12/site-packages/airflow/example_dags/example_kubernetes_executor.py took 0.307 seconds
[2026-08-12T05:20:24.317+0000] {processor.py:186} INFO - Started process (PID=5906) to work on /home/airflow/.local/lib/python3.12/site-packages/airflow/example_dags/example_kubernetes_executor.py
[2026-08-12T05:20:24.491+0000] {processor.py:914} INFO - Processing file /home/airflow/.local/lib/python3.12/site-packages/airflow/example_dags/example_kubernetes_executor.py for tasks to queue
[2026-08-12T05:20:24.537+0000] {logging_mixin.py:190} INFO - [2026-08-12T05:20:24.535+0000] {dagbag.py:587} INFO - Filling up the DagBag from /home/airflow/.local/lib/python3.12/site-packages/airflow/example_dags/example_kubernetes_executor.py
[2026-08-12T05:20:24.643+0000] {processor.py:925} INFO - DAG(s) 'example_kubernetes_executor' retrieved from /home/airflow/.local/lib/python3.12/site-packages/airflow/example_dags/example_kubernetes_executor.py
[2026-08-12T05:20:24.886+0000] {logging_mixin.py:190} INFO - [2026-08-12T05:20:24.885+0000] {dag.py:3211} INFO - Sync 1 DAGs
[2026-08-12T05:20:25.008+0000] {logging_mixin.py:190} INFO - [2026-08-12T05:20:25.007+0000] {dag.py:4138} INFO - Setting next_dagrun for example_kubernetes_executor to None, run_after=None
[2026-08-12T05:20:25.119+0000] {processor.py:208} INFO - Processing /home/airflow/.local/lib/python3.12/site-packages/airflow/example_dags/example_kubernetes_executor.py took 0.826 seconds
[2026-08-12T05:20:55.628+0000] {processor.py:186} INFO - Started process (PID=5970) to work on /home/airflow/.local/lib/python3.12/site-packages/airflow/example_dags/example_kubernetes_executor.py
[2026-08-12T05:20:55.630+0000] {processor.py:914} INFO - Processing file /home/airflow/.local/lib/python3.12/site-packages/airflow/example_dags/example_kubernetes_executor.py for tasks to queue
[2026-08-12T05:20:55.635+0000] {logging_mixin.py:190} INFO - [2026-08-12T05:20:55.635+0000] {dagbag.py:587} INFO - Filling up the DagBag from /home/airflow/.local/lib/python3.12/site-packages/airflow/example_dags/example_kubernetes_executor.py
[2026-08-12T05:20:55.660+0000] {processor.py:925} INFO - DAG(s) 'example_kubernetes_executor' retrieved from /home/airflow/.local/lib/python3.12/site-packages/airflow/example_dags/example_kubernetes_executor.py
[2026-08-12T05:20:55.736+0000] {logging_mixin.py:190} INFO - [2026-08-12T05:20:55.735+0000] {dag.py:3211} INFO - Sync 1 DAGs
[2026-08-12T05:20:55.771+0000] {logging_mixin.py:190} INFO - [2026-08-12T05:20:55.770+0000] {dag.py:4138} INFO - Setting next_dagrun for example_kubernetes_executor to None, run_after=None
[2026-08-12T05:20:55.806+0000] {processor.py:208} INFO - Processing /home/airflow/.local/lib/python3.12/site-packages/airflow/example_dags/example_kubernetes_executor.py took 0.191 seconds
[2026-08-12T05:21:26.190+0000] {processor.py:186} INFO - Started process (PID=6032) to work on /home/airflow/.local/lib/python3.12/site-packages/airflow/example_dags/example_kubernetes_executor.py
[2026-08-12T05:21:26.191+0000] {processor.py:914} INFO - Processing file /home/airflow/.local/lib/python3.12/site-packages/airflow/example_dags/example_kubernetes_executor.py for tasks to queue
[2026-08-12T05:21:26.194+0000] {logging_mixin.py:190} INFO - [2026-08-12T05:21:26.194+0000] {dagbag.py:587} INFO - Filling up the DagBag from /home/airflow/.local/lib/python3.12/site-packages/airflow/example_dags/example_kubernetes_executor.py
[2026-08-12T05:21:26.208+0000] {processor.py:925} INFO - DAG(s) 'example_kubernetes_executor' retrieved from /home/airflow/.local/lib/python3.12/site-packages/airflow/example_dags/example_kubernetes_executor.py
[2026-08-12T05:21:26.243+0000] {logging_mixin.py:190} INFO - [2026-08-12T05:21:26.243+0000] {dag.py:3211} INFO - Sync 1 DAGs
[2026-08-12T05:21:26.258+0000] {logging_mixin.py:190} INFO - [2026-08-12T05:21:26.258+0000] {dag.py:4138} INFO - Setting next_dagrun for example_kubernetes_executor to None, run_after=None
[2026-08-12T05:21:26.288+0000] {processor.py:208} INFO - Processing /home/airflow/.local/lib/python3.12/site-packages/airflow/example_dags/example_kubernetes_executor.py took 0.106 seconds
[2026-08-12T05:21:56.781+0000] {processor.py:186} INFO - Started process (PID=6098) to work on /home/airflow/.local/lib/python3.12/site-packages/airflow/example_dags/example_kubernetes_executor.py
[2026-08-12T05:21:56.783+0000] {processor.py:914} INFO - Processing file /home/airflow/.local/lib/python3.12/site-packages/airflow/example_dags/example_kubernetes_executor.py for tasks to queue
[2026-08-12T05:21:56.789+0000] {logging_mixin.py:190} INFO - [2026-08-12T05:21:56.788+0000] {dagbag.py:587} INFO - Filling up the DagBag from /home/airflow/.local/lib/python3.12/site-packages/airflow/example_dags/example_kubernetes_executor.py
[2026-08-12T05:21:56.808+0000] {processor.py:925} INFO - DAG(s) 'example_kubernetes_executor' retrieved from /home/airflow/.local/lib/python3.12/site-packages/airflow/example_dags/example_kubernetes_executor.py
[2026-08-12T05:21:56.852+0000] {logging_mixin.py:190} INFO - [2026-08-12T05:21:56.851+0000] {dag.py:3211} INFO - Sync 1 DAGs
[2026-08-12T05:21:56.866+0000] {logging_mixin.py:190} INFO - [2026-08-12T05:21:56.866+0000] {dag.py:4138} INFO - Setting next_dagrun for example_kubernetes_executor to None, run_after=None
[2026-08-12T05:21:56.887+0000] {processor.py:208} INFO - Processing /home/airflow/.local/lib/python3.12/site-packages/airflow/example_dags/example_kubernetes_executor.py took 0.114 seconds
[2026-08-12T05:22:27.282+0000] {processor.py:186} INFO - Started process (PID=6162) to work on /home/airflow/.local/lib/python3.12/site-packages/airflow/example_dags/example_kubernetes_executor.py
[2026-08-12T05:22:27.284+0000] {processor.py:914} INFO - Processing file /home/airflow/.local/lib/python3.12/site-packages/airflow/example_dags/example_kubernetes_executor.py for tasks to queue
[2026-08-12T05:22:27.288+0000] {logging_mixin.py:190} INFO - [2026-08-12T05:22:27.288+0000] {dagbag.py:587} INFO - Filling up the DagBag from /home/airflow/.local/lib/python3.12/site-packages/airflow/example_dags/example_kubernetes_executor.py
[2026-08-12T05:22:27.305+0000] {processor.py:925} INFO - DAG(s) 'example_kubernetes_executor' retrieved from /home/airflow/.local/lib/python3.12/site-packages/airflow/example_dags/example_kubernetes_executor.py
[2026-08-12T05:22:27.347+0000] {logging_mixin.py:190} INFO - [2026-08-12T05:22:27.346+0000] {dag.py:3211} INFO - Sync 1 DAGs
[2026-08-12T05:22:27.362+0000] {logging_mixin.py:190} INFO - [2026-08-12T05:22:27.362+0000] {dag.py:4138} INFO - Setting next_dagrun for example_kubernetes_executor to None, run_after=None
[2026-08-12T05:22:27.384+0000] {processor.py:208} INFO - Processing /home/airflow/.local/lib/python3.12/site-packages/airflow/example_dags/example_kubernetes_executor.py took 0.108 seconds
[2026-08-12T05:22:57.951+0000] {processor.py:186} INFO - Started process (PID=6226) to work on /home/airflow/.local/lib/python3.12/site-packages/airflow/example_dags/example_kubernetes_executor.py
[2026-08-12T05:22:57.953+0000] {processor.py:914} INFO - Processing file /home/airflow/.local/lib/python3.12/site-packages/airflow/example_dags/example_kubernetes_executor.py for tasks to queue
[2026-08-12T05:22:57.955+0000] {logging_mixin.py:190} INFO - [2026-08-12T05:22:57.955+0000] {dagbag.py:587} INFO - Filling up the DagBag from /home/airflow/.local/lib/python3.12/site-packages/airflow/example_dags/example_kubernetes_executor.py
[2026-08-12T05:22:57.967+0000] {processor.py:925} INFO - DAG(s) 'example_kubernetes_executor' retrieved from /home/airflow/.local/lib/python3.12/site-packages/airflow/example_dags/example_kubernetes_executor.py
[2026-08-12T05:22:58.000+0000] {logging_mixin.py:190} INFO - [2026-08-12T05:22:57.999+0000] {dag.py:3211} INFO - Sync 1 DAGs
[2026-08-12T05:22:58.011+0000] {logging_mixin.py:190} INFO - [2026-08-12T05:22:58.011+0000] {dag.py:4138} INFO - Setting next_dagrun for example_kubernetes_executor to None, run_after=None
[2026-08-12T05:22:58.029+0000] {processor.py:208} INFO - Processing /home/airflow/.local/lib/python3.12/site-packages/airflow/example_dags/example_kubernetes_executor.py took 0.083 seconds
[2026-08-12T05:23:28.217+0000] {processor.py:186} INFO - Started process (PID=6290) to work on /home/airflow/.local/lib/python3.12/site-packages/airflow/example_dags/example_kubernetes_executor.py
[2026-08-12T05:23:28.219+0000] {processor.py:914} INFO - Processing file /home/airflow/.local/lib/python3.12/site-packages/airflow/example_dags/example_kubernetes_executor.py for tasks to queue
[2026-08-12T05:23:28.222+0000] {logging_mixin.py:190} INFO - [2026-08-12T05:23:28.222+0000] {dagbag.py:587} INFO - Filling up the DagBag from /home/airflow/.local/lib/python3.12/site-packages/airflow/example_dags/example_kubernetes_executor.py
[2026-08-12T05:23:28.236+0000] {processor.py:925} INFO - DAG(s) 'example_kubernetes_executor' retrieved from /home/airflow/.local/lib/python3.12/site-packages/airflow/example_dags/example_kubernetes_executor.py
[2026-08-12T05:23:28.283+0000] {logging_mixin.py:190} INFO - [2026-08-12T05:23:28.283+0000] {dag.py:3211} INFO - Sync 1 DAGs
[2026-08-12T05:23:28.302+0000] {logging_mixin.py:190} INFO - [2026-08-12T05:23:28.302+0000] {dag.py:4138} INFO - Setting next_dagrun for example_kubernetes_executor to None, run_after=None
[2026-08-12T05:23:28.323+0000] {processor.py:208} INFO - Processing /home/airflow/.local/lib/python3.12/site-packages/airflow/example_dags/example_kubernetes_executor.py took 0.114 seconds
[2026-08-12T05:23:58.413+0000] {processor.py:186} INFO - Started process (PID=6353) to work on /home/airflow/.local/lib/python3.12/site-packages/airflow/example_dags/example_kubernetes_executor.py
[2026-08-12T05:23:58.415+0000] {processor.py:914} INFO - Processing file /home/airflow/.local/lib/python3.12/site-packages/airflow/example_dags/example_kubernetes_executor.py for tasks to queue
[2026-08-12T05:23:58.417+0000] {logging_mixin.py:190} INFO - [2026-08-12T05:23:58.417+0000] {dagbag.py:587} INFO - Filling up the DagBag from /home/airflow/.local/lib/python3.12/site-packages/airflow/example_dags/example_kubernetes_executor.py
[2026-08-12T05:23:58.429+0000] {processor.py:925} INFO - DAG(s) 'example_kubernetes_executor' retrieved from /home/airflow/.local/lib/python3.12/site-packages/airflow/example_dags/example_kubernetes_executor.py
[2026-08-12T05:23:58.462+0000] {logging_mixin.py:190} INFO - [2026-08-12T05:23:58.462+0000] {dag.py:3211} INFO - Sync 1 DAGs
[2026-08-12T05:23:58.475+0000] {logging_mixin.py:190} INFO - [2026-08-12T05:23:58.475+0000] {dag.py:4138} INFO - Setting next_dagrun for example_kubernetes_executor to None, run_after=None
[2026-08-12T05:23:58.492+0000] {processor.py:208} INFO - Processing /home/airflow/.local/lib/python3.12/site-packages/airflow/example_dags/example_kubernetes_executor.py took 0.085 seconds
[2026-08-12T05:24:29.058+0000] {processor.py:186} INFO - Started process (PID=6416) to work on /home/airflow/.local/lib/python3.12/site-packages/airflow/example_dags/example_kubernetes_executor.py
[2026-08-12T05:24:29.060+0000] {processor.py:914} INFO - Processing file /home/airflow/.local/lib/python3.12/site-packages/airflow/example_dags/example_kubernetes_executor.py for tasks to queue
[2026-08-12T05:24:29.063+0000] {logging_mixin.py:190} INFO - [2026-08-12T05:24:29.063+0000] {dagbag.py:587} INFO - Filling up the DagBag from /home/airflow/.local/lib/python3.12/site-packages/airflow/example_dags/example_kubernetes_executor.py
[2026-08-12T05:24:29.077+0000] {processor.py:925} INFO - DAG(s) 'example_kubernetes_executor' retrieved from /home/airflow/.local/lib/python3.12/site-packages/airflow/example_dags/example_kubernetes_executor.py
[2026-08-12T05:24:29.114+0000] {logging_mixin.py:190} INFO - [2026-08-12T05:24:29.114+0000] {dag.py:3211} INFO - Sync 1 DAGs
[2026-08-12T05:24:29.129+0000] {logging_mixin.py:190} INFO - [2026-08-12T05:24:29.129+0000] {dag.py:4138} INFO - Setting next_dagrun for example_kubernetes_executor to None, run_after=None
[2026-08-12T05:24:29.150+0000] {processor.py:208} INFO - Processing /home/airflow/.local/lib/python3.12/site-packages/airflow/example_dags/example_kubernetes_executor.py took 0.099 seconds
[2026-08-12T05:24:59.363+0000] {processor.py:186} INFO - Started process (PID=6480) to work on /home/airflow/.local/lib/python3.12/site-packages/airflow/example_dags/example_kubernetes_executor.py
[2026-08-12T05:24:59.365+0000] {processor.py:914} INFO - Processing file /home/airflow/.local/lib/python3.12/site-packages/airflow/example_dags/example_kubernetes_executor.py for tasks to queue
[2026-08-12T05:24:59.367+0000] {logging_mixin.py:190} INFO - [2026-08-12T05:24:59.367+0000] {dagbag.py:587} INFO - Filling up the DagBag from /home/airflow/.local/lib/python3.12/site-packages/airflow/example_dags/example_kubernetes_executor.py
[2026-08-12T05:24:59.379+0000] {processor.py:925} INFO - DAG(s) 'example_kubernetes_executor' retrieved from /home/airflow/.local/lib/python3.12/site-packages/airflow/example_dags/example_kubernetes_executor.py
[2026-08-12T05:24:59.412+0000] {logging_mixin.py:190} INFO - [2026-08-12T05:24:59.412+0000] {dag.py:3211} INFO - Sync 1 DAGs
[2026-08-12T05:24:59.432+0000] {logging_mixin.py:190} INFO - [2026-08-12T05:24:59.432+0000] {dag.py:4138} INFO - Setting next_dagrun for example_kubernetes_executor to None, run_after=None
[2026-08-12T05:24:59.455+0000] {processor.py:208} INFO - Processing /home/airflow/.local/lib/python3.12/site-packages/airflow/example_dags/example_kubernetes_executor.py took 0.097 seconds
[2026-08-12T05:25:30.004+0000] {processor.py:186} INFO - Started process (PID=6543) to work on /home/airflow/.local/lib/python3.12/site-packages/airflow/example_dags/example_kubernetes_executor.py
[2026-08-12T05:25:30.006+0000] {processor.py:914} INFO - Processing file /home/airflow/.local/lib/python3.12/site-packages/airflow/example_dags/example_kubernetes_executor.py for tasks to queue
[2026-08-12T05:25:30.009+0000] {logging_mixin.py:190} INFO - [2026-08-12T05:25:30.008+0000] {dagbag.py:587} INFO - Filling up the DagBag from /home/airflow/.local/lib/python3.12/site-packages/airflow/example_dags/example_kubernetes_executor.py
[2026-08-12T05:25:30.022+0000] {processor.py:925} INFO - DAG(s) 'example_kubernetes_executor' retrieved from /home/airflow/.local/lib/python3.12/site-packages/airflow/example_dags/example_kubernetes_executor.py
[2026-08-12T05:25:30.060+0000] {logging_mixin.py:190} INFO - [2026-08-12T05:25:30.060+0000] {dag.py:3211} INFO - Sync 1 DAGs
[2026-08-12T05:25:30.075+0000] {logging_mixin.py:190} INFO - [2026-08-12T05:25:30.075+0000] {dag.py:4138} INFO - Setting next_dagrun for example_kubernetes_executor to None, run_after=None
[2026-08-12T05:25:30.098+0000] {processor.py:208} INFO - Processing /home/airflow/.local/lib/python3.12/site-packages/airflow/example_dags/example_kubernetes_executor.py took 0.100 seconds
