[2026-08-12T04:30:48.719+0000] {processor.py:186} INFO - Started process (PID=84) to work on /home/airflow/.local/lib/python3.12/site-packages/airflow/example_dags/example_short_circuit_decorator.py
[2026-08-12T04:30:48.721+0000] {processor.py:914} INFO - Processing file /home/airflow/.local/lib/python3.12/site-packages/airflow/example_dags/example_short_circuit_decorator.py for tasks to queue
[2026-08-12T04:30:48.727+0000] {logging_mixin.py:190} INFO - [2026-08-12T04:30:48.727+0000] {dagbag.py:587} INFO - Filling up the DagBag from /home/airflow/.local/lib/python3.12/site-packages/airflow/example_dags/example_short_circuit_decorator.py
[2026-08-12T04:30:48.758+0000] {processor.py:925} INFO - DAG(s) 'example_short_circuit_decorator' retrieved from /home/airflow/.local/lib/python3.12/site-packages/airflow/example_dags/example_short_circuit_decorator.py
[2026-08-12T04:30:48.911+0000] {logging_mixin.py:190} INFO - [2026-08-12T04:30:48.910+0000] {override.py:1858} INFO - Created Permission View: can edit on DAG:example_short_circuit_decorator
[2026-08-12T04:30:48.925+0000] {logging_mixin.py:190} INFO - [2026-08-12T04:30:48.925+0000] {override.py:1858} INFO - Created Permission View: can delete on DAG:example_short_circuit_decorator
[2026-08-12T04:30:48.935+0000] {logging_mixin.py:190} INFO - [2026-08-12T04:30:48.935+0000] {override.py:1858} INFO - Created Permission View: can read on DAG:example_short_circuit_decorator
[2026-08-12T04:30:48.937+0000] {logging_mixin.py:190} INFO - [2026-08-12T04:30:48.936+0000] {dag.py:3211} INFO - Sync 1 DAGs
[2026-08-12T04:30:48.951+0000] {logging_mixin.py:190} INFO - [2026-08-12T04:30:48.951+0000] {dag.py:3234} INFO - Creating ORM DAG for example_short_circuit_decorator
[2026-08-12T04:30:48.963+0000] {logging_mixin.py:190} INFO - [2026-08-12T04:30:48.963+0000] {dag.py:4138} INFO - Setting next_dagrun for example_short_circuit_decorator to 2026-08-11 00:00:00+00:00, run_after=2026-08-12 00:00:00+00:00
[2026-08-12T04:30:48.983+0000] {processor.py:208} INFO - Processing /home/airflow/.local/lib/python3.12/site-packages/airflow/example_dags/example_short_circuit_decorator.py took 0.274 seconds
[2026-08-12T04:31:19.870+0000] {processor.py:186} INFO - Started process (PID=146) to work on /home/airflow/.local/lib/python3.12/site-packages/airflow/example_dags/example_short_circuit_decorator.py
[2026-08-12T04:31:19.871+0000] {processor.py:914} INFO - Processing file /home/airflow/.local/lib/python3.12/site-packages/airflow/example_dags/example_short_circuit_decorator.py for tasks to queue
[2026-08-12T04:31:19.875+0000] {logging_mixin.py:190} INFO - [2026-08-12T04:31:19.875+0000] {dagbag.py:587} INFO - Filling up the DagBag from /home/airflow/.local/lib/python3.12/site-packages/airflow/example_dags/example_short_circuit_decorator.py
[2026-08-12T04:31:19.887+0000] {processor.py:925} INFO - DAG(s) 'example_short_circuit_decorator' retrieved from /home/airflow/.local/lib/python3.12/site-packages/airflow/example_dags/example_short_circuit_decorator.py
[2026-08-12T04:31:19.916+0000] {logging_mixin.py:190} INFO - [2026-08-12T04:31:19.915+0000] {dag.py:3211} INFO - Sync 1 DAGs
[2026-08-12T04:31:19.942+0000] {logging_mixin.py:190} INFO - [2026-08-12T04:31:19.941+0000] {dag.py:4138} INFO - Setting next_dagrun for example_short_circuit_decorator to 2026-08-11 00:00:00+00:00, run_after=2026-08-12 00:00:00+00:00
[2026-08-12T04:31:19.963+0000] {processor.py:208} INFO - Processing /home/airflow/.local/lib/python3.12/site-packages/airflow/example_dags/example_short_circuit_decorator.py took 0.099 seconds
[2026-08-12T04:31:50.043+0000] {processor.py:186} INFO - Started process (PID=208) to work on /home/airflow/.local/lib/python3.12/site-packages/airflow/example_dags/example_short_circuit_decorator.py
[2026-08-12T04:31:50.044+0000] {processor.py:914} INFO - Processing file /home/airflow/.local/lib/python3.12/site-packages/airflow/example_dags/example_short_circuit_decorator.py for tasks to queue
[2026-08-12T04:31:50.048+0000] {logging_mixin.py:190} INFO - [2026-08-12T04:31:50.047+0000] {dagbag.py:587} INFO - Filling up the DagBag from /home/airflow/.local/lib/python3.12/site-packages/airflow/example_dags/example_short_circuit_decorator.py
[2026-08-12T04:31:50.058+0000] {processor.py:925} INFO - DAG(s) 'example_short_circuit_decorator' retrieved from /home/airflow/.local/lib/python3.12/site-packages/airflow/example_dags/example_short_circuit_decorator.py
[2026-08-12T04:31:50.081+0000] {logging_mixin.py:190} INFO - [2026-08-12T04:31:50.081+0000] {dag.py:3211} INFO - Sync 1 DAGs
[2026-08-12T04:31:50.105+0000] {logging_mixin.py:190} INFO - [2026-08-12T04:31:50.105+0000] {dag.py:4138} INFO - Setting next_dagrun for example_short_circuit_decorator to 2026-08-11 00:00:00+00:00, run_after=2026-08-12 00:00:00+00:00
[2026-08-12T04:31:50.139+0000] {processor.py:208} INFO - Processing /home/airflow/.local/lib/python3.12/site-packages/airflow/example_dags/example_short_circuit_decorator.py took 0.102 seconds
[2026-08-12T04:33:02.750+0000] {processor.py:186} INFO - Started process (PID=81) to work on /home/airflow/.local/lib/python3.12/site-packages/airflow/example_dags/example_short_circuit_decorator.py
[2026-08-12T04:33:02.754+0000] {processor.py:914} INFO - Processing file /home/airflow/.local/lib/python3.12/site-packages/airflow/example_dags/example_short_circuit_decorator.py for tasks to queue
[2026-08-12T04:33:02.762+0000] {logging_mixin.py:190} INFO - [2026-08-12T04:33:02.762+0000] {dagbag.py:587} INFO - Filling up the DagBag from /home/airflow/.local/lib/python3.12/site-packages/airflow/example_dags/example_short_circuit_decorator.py
[2026-08-12T04:33:02.796+0000] {processor.py:925} INFO - DAG(s) 'example_short_circuit_decorator' retrieved from /home/airflow/.local/lib/python3.12/site-packages/airflow/example_dags/example_short_circuit_decorator.py
[2026-08-12T04:33:02.894+0000] {logging_mixin.py:190} INFO - [2026-08-12T04:33:02.893+0000] {dag.py:3211} INFO - Sync 1 DAGs
[2026-08-12T04:33:02.982+0000] {logging_mixin.py:190} INFO - [2026-08-12T04:33:02.981+0000] {dag.py:4138} INFO - Setting next_dagrun for example_short_circuit_decorator to 2026-08-11 00:00:00+00:00, run_after=2026-08-12 00:00:00+00:00
[2026-08-12T04:33:03.033+0000] {processor.py:208} INFO - Processing /home/airflow/.local/lib/python3.12/site-packages/airflow/example_dags/example_short_circuit_decorator.py took 0.299 seconds
[2026-08-12T04:33:33.185+0000] {processor.py:186} INFO - Started process (PID=143) to work on /home/airflow/.local/lib/python3.12/site-packages/airflow/example_dags/example_short_circuit_decorator.py
[2026-08-12T04:33:33.187+0000] {processor.py:914} INFO - Processing file /home/airflow/.local/lib/python3.12/site-packages/airflow/example_dags/example_short_circuit_decorator.py for tasks to queue
[2026-08-12T04:33:33.193+0000] {logging_mixin.py:190} INFO - [2026-08-12T04:33:33.192+0000] {dagbag.py:587} INFO - Filling up the DagBag from /home/airflow/.local/lib/python3.12/site-packages/airflow/example_dags/example_short_circuit_decorator.py
[2026-08-12T04:33:33.210+0000] {processor.py:925} INFO - DAG(s) 'example_short_circuit_decorator' retrieved from /home/airflow/.local/lib/python3.12/site-packages/airflow/example_dags/example_short_circuit_decorator.py
[2026-08-12T04:33:33.239+0000] {logging_mixin.py:190} INFO - [2026-08-12T04:33:33.238+0000] {dag.py:3211} INFO - Sync 1 DAGs
[2026-08-12T04:33:33.266+0000] {logging_mixin.py:190} INFO - [2026-08-12T04:33:33.266+0000] {dag.py:4138} INFO - Setting next_dagrun for example_short_circuit_decorator to 2026-08-11 00:00:00+00:00, run_after=2026-08-12 00:00:00+00:00
[2026-08-12T04:33:33.286+0000] {processor.py:208} INFO - Processing /home/airflow/.local/lib/python3.12/site-packages/airflow/example_dags/example_short_circuit_decorator.py took 0.108 seconds
[2026-08-12T04:34:03.419+0000] {processor.py:186} INFO - Started process (PID=205) to work on /home/airflow/.local/lib/python3.12/site-packages/airflow/example_dags/example_short_circuit_decorator.py
[2026-08-12T04:34:03.422+0000] {processor.py:914} INFO - Processing file /home/airflow/.local/lib/python3.12/site-packages/airflow/example_dags/example_short_circuit_decorator.py for tasks to queue
[2026-08-12T04:34:03.426+0000] {logging_mixin.py:190} INFO - [2026-08-12T04:34:03.426+0000] {dagbag.py:587} INFO - Filling up the DagBag from /home/airflow/.local/lib/python3.12/site-packages/airflow/example_dags/example_short_circuit_decorator.py
[2026-08-12T04:34:03.436+0000] {processor.py:925} INFO - DAG(s) 'example_short_circuit_decorator' retrieved from /home/airflow/.local/lib/python3.12/site-packages/airflow/example_dags/example_short_circuit_decorator.py
[2026-08-12T04:34:03.459+0000] {logging_mixin.py:190} INFO - [2026-08-12T04:34:03.458+0000] {dag.py:3211} INFO - Sync 1 DAGs
[2026-08-12T04:34:03.482+0000] {logging_mixin.py:190} INFO - [2026-08-12T04:34:03.482+0000] {dag.py:4138} INFO - Setting next_dagrun for example_short_circuit_decorator to 2026-08-11 00:00:00+00:00, run_after=2026-08-12 00:00:00+00:00
[2026-08-12T04:34:03.507+0000] {processor.py:208} INFO - Processing /home/airflow/.local/lib/python3.12/site-packages/airflow/example_dags/example_short_circuit_decorator.py took 0.094 seconds
[2026-08-12T04:34:33.557+0000] {processor.py:186} INFO - Started process (PID=267) to work on /home/airflow/.local/lib/python3.12/site-packages/airflow/example_dags/example_short_circuit_decorator.py
[2026-08-12T04:34:33.558+0000] {processor.py:914} INFO - Processing file /home/airflow/.local/lib/python3.12/site-packages/airflow/example_dags/example_short_circuit_decorator.py for tasks to queue
[2026-08-12T04:34:33.561+0000] {logging_mixin.py:190} INFO - [2026-08-12T04:34:33.561+0000] {dagbag.py:587} INFO - Filling up the DagBag from /home/airflow/.local/lib/python3.12/site-packages/airflow/example_dags/example_short_circuit_decorator.py
[2026-08-12T04:34:33.573+0000] {processor.py:925} INFO - DAG(s) 'example_short_circuit_decorator' retrieved from /home/airflow/.local/lib/python3.12/site-packages/airflow/example_dags/example_short_circuit_decorator.py
[2026-08-12T04:34:33.598+0000] {logging_mixin.py:190} INFO - [2026-08-12T04:34:33.597+0000] {dag.py:3211} INFO - Sync 1 DAGs
[2026-08-12T04:34:33.623+0000] {logging_mixin.py:190} INFO - [2026-08-12T04:34:33.623+0000] {dag.py:4138} INFO - Setting next_dagrun for example_short_circuit_decorator to 2026-08-11 00:00:00+00:00, run_after=2026-08-12 00:00:00+00:00
[2026-08-12T04:34:33.645+0000] {processor.py:208} INFO - Processing /home/airflow/.local/lib/python3.12/site-packages/airflow/example_dags/example_short_circuit_decorator.py took 0.094 seconds
[2026-08-12T04:35:03.692+0000] {processor.py:186} INFO - Started process (PID=328) to work on /home/airflow/.local/lib/python3.12/site-packages/airflow/example_dags/example_short_circuit_decorator.py
[2026-08-12T04:35:03.694+0000] {processor.py:914} INFO - Processing file /home/airflow/.local/lib/python3.12/site-packages/airflow/example_dags/example_short_circuit_decorator.py for tasks to queue
[2026-08-12T04:35:03.699+0000] {logging_mixin.py:190} INFO - [2026-08-12T04:35:03.699+0000] {dagbag.py:587} INFO - Filling up the DagBag from /home/airflow/.local/lib/python3.12/site-packages/airflow/example_dags/example_short_circuit_decorator.py
[2026-08-12T04:35:03.714+0000] {processor.py:925} INFO - DAG(s) 'example_short_circuit_decorator' retrieved from /home/airflow/.local/lib/python3.12/site-packages/airflow/example_dags/example_short_circuit_decorator.py
[2026-08-12T04:35:03.744+0000] {logging_mixin.py:190} INFO - [2026-08-12T04:35:03.744+0000] {dag.py:3211} INFO - Sync 1 DAGs
[2026-08-12T04:35:03.769+0000] {logging_mixin.py:190} INFO - [2026-08-12T04:35:03.769+0000] {dag.py:4138} INFO - Setting next_dagrun for example_short_circuit_decorator to 2026-08-11 00:00:00+00:00, run_after=2026-08-12 00:00:00+00:00
[2026-08-12T04:35:03.792+0000] {processor.py:208} INFO - Processing /home/airflow/.local/lib/python3.12/site-packages/airflow/example_dags/example_short_circuit_decorator.py took 0.108 seconds
[2026-08-12T04:35:34.257+0000] {processor.py:186} INFO - Started process (PID=391) to work on /home/airflow/.local/lib/python3.12/site-packages/airflow/example_dags/example_short_circuit_decorator.py
[2026-08-12T04:35:34.259+0000] {processor.py:914} INFO - Processing file /home/airflow/.local/lib/python3.12/site-packages/airflow/example_dags/example_short_circuit_decorator.py for tasks to queue
[2026-08-12T04:35:34.263+0000] {logging_mixin.py:190} INFO - [2026-08-12T04:35:34.263+0000] {dagbag.py:587} INFO - Filling up the DagBag from /home/airflow/.local/lib/python3.12/site-packages/airflow/example_dags/example_short_circuit_decorator.py
[2026-08-12T04:35:34.280+0000] {processor.py:925} INFO - DAG(s) 'example_short_circuit_decorator' retrieved from /home/airflow/.local/lib/python3.12/site-packages/airflow/example_dags/example_short_circuit_decorator.py
[2026-08-12T04:35:34.311+0000] {logging_mixin.py:190} INFO - [2026-08-12T04:35:34.310+0000] {dag.py:3211} INFO - Sync 1 DAGs
[2026-08-12T04:35:34.344+0000] {logging_mixin.py:190} INFO - [2026-08-12T04:35:34.344+0000] {dag.py:4138} INFO - Setting next_dagrun for example_short_circuit_decorator to 2026-08-11 00:00:00+00:00, run_after=2026-08-12 00:00:00+00:00
[2026-08-12T04:35:34.369+0000] {processor.py:208} INFO - Processing /home/airflow/.local/lib/python3.12/site-packages/airflow/example_dags/example_short_circuit_decorator.py took 0.119 seconds
[2026-08-12T04:36:04.645+0000] {processor.py:186} INFO - Started process (PID=453) to work on /home/airflow/.local/lib/python3.12/site-packages/airflow/example_dags/example_short_circuit_decorator.py
[2026-08-12T04:36:04.647+0000] {processor.py:914} INFO - Processing file /home/airflow/.local/lib/python3.12/site-packages/airflow/example_dags/example_short_circuit_decorator.py for tasks to queue
[2026-08-12T04:36:04.650+0000] {logging_mixin.py:190} INFO - [2026-08-12T04:36:04.650+0000] {dagbag.py:587} INFO - Filling up the DagBag from /home/airflow/.local/lib/python3.12/site-packages/airflow/example_dags/example_short_circuit_decorator.py
[2026-08-12T04:36:04.667+0000] {processor.py:925} INFO - DAG(s) 'example_short_circuit_decorator' retrieved from /home/airflow/.local/lib/python3.12/site-packages/airflow/example_dags/example_short_circuit_decorator.py
[2026-08-12T04:36:04.697+0000] {logging_mixin.py:190} INFO - [2026-08-12T04:36:04.697+0000] {dag.py:3211} INFO - Sync 1 DAGs
[2026-08-12T04:36:04.727+0000] {logging_mixin.py:190} INFO - [2026-08-12T04:36:04.727+0000] {dag.py:4138} INFO - Setting next_dagrun for example_short_circuit_decorator to 2026-08-11 00:00:00+00:00, run_after=2026-08-12 00:00:00+00:00
[2026-08-12T04:36:04.750+0000] {processor.py:208} INFO - Processing /home/airflow/.local/lib/python3.12/site-packages/airflow/example_dags/example_short_circuit_decorator.py took 0.114 seconds
[2026-08-12T04:36:35.028+0000] {processor.py:186} INFO - Started process (PID=515) to work on /home/airflow/.local/lib/python3.12/site-packages/airflow/example_dags/example_short_circuit_decorator.py
[2026-08-12T04:36:35.030+0000] {processor.py:914} INFO - Processing file /home/airflow/.local/lib/python3.12/site-packages/airflow/example_dags/example_short_circuit_decorator.py for tasks to queue
[2026-08-12T04:36:35.033+0000] {logging_mixin.py:190} INFO - [2026-08-12T04:36:35.033+0000] {dagbag.py:587} INFO - Filling up the DagBag from /home/airflow/.local/lib/python3.12/site-packages/airflow/example_dags/example_short_circuit_decorator.py
[2026-08-12T04:36:35.044+0000] {processor.py:925} INFO - DAG(s) 'example_short_circuit_decorator' retrieved from /home/airflow/.local/lib/python3.12/site-packages/airflow/example_dags/example_short_circuit_decorator.py
[2026-08-12T04:36:35.063+0000] {logging_mixin.py:190} INFO - [2026-08-12T04:36:35.063+0000] {dag.py:3211} INFO - Sync 1 DAGs
[2026-08-12T04:36:35.082+0000] {logging_mixin.py:190} INFO - [2026-08-12T04:36:35.082+0000] {dag.py:4138} INFO - Setting next_dagrun for example_short_circuit_decorator to 2026-08-11 00:00:00+00:00, run_after=2026-08-12 00:00:00+00:00
[2026-08-12T04:36:35.102+0000] {processor.py:208} INFO - Processing /home/airflow/.local/lib/python3.12/site-packages/airflow/example_dags/example_short_circuit_decorator.py took 0.080 seconds
[2026-08-12T04:37:05.461+0000] {processor.py:186} INFO - Started process (PID=577) to work on /home/airflow/.local/lib/python3.12/site-packages/airflow/example_dags/example_short_circuit_decorator.py
[2026-08-12T04:37:05.463+0000] {processor.py:914} INFO - Processing file /home/airflow/.local/lib/python3.12/site-packages/airflow/example_dags/example_short_circuit_decorator.py for tasks to queue
[2026-08-12T04:37:05.467+0000] {logging_mixin.py:190} INFO - [2026-08-12T04:37:05.466+0000] {dagbag.py:587} INFO - Filling up the DagBag from /home/airflow/.local/lib/python3.12/site-packages/airflow/example_dags/example_short_circuit_decorator.py
[2026-08-12T04:37:05.483+0000] {processor.py:925} INFO - DAG(s) 'example_short_circuit_decorator' retrieved from /home/airflow/.local/lib/python3.12/site-packages/airflow/example_dags/example_short_circuit_decorator.py
[2026-08-12T04:37:05.508+0000] {logging_mixin.py:190} INFO - [2026-08-12T04:37:05.508+0000] {dag.py:3211} INFO - Sync 1 DAGs
[2026-08-12T04:37:05.531+0000] {logging_mixin.py:190} INFO - [2026-08-12T04:37:05.531+0000] {dag.py:4138} INFO - Setting next_dagrun for example_short_circuit_decorator to 2026-08-11 00:00:00+00:00, run_after=2026-08-12 00:00:00+00:00
[2026-08-12T04:37:05.551+0000] {processor.py:208} INFO - Processing /home/airflow/.local/lib/python3.12/site-packages/airflow/example_dags/example_short_circuit_decorator.py took 0.098 seconds
[2026-08-12T04:37:36.010+0000] {processor.py:186} INFO - Started process (PID=639) to work on /home/airflow/.local/lib/python3.12/site-packages/airflow/example_dags/example_short_circuit_decorator.py
[2026-08-12T04:37:36.012+0000] {processor.py:914} INFO - Processing file /home/airflow/.local/lib/python3.12/site-packages/airflow/example_dags/example_short_circuit_decorator.py for tasks to queue
[2026-08-12T04:37:36.015+0000] {logging_mixin.py:190} INFO - [2026-08-12T04:37:36.015+0000] {dagbag.py:587} INFO - Filling up the DagBag from /home/airflow/.local/lib/python3.12/site-packages/airflow/example_dags/example_short_circuit_decorator.py
[2026-08-12T04:37:36.026+0000] {processor.py:925} INFO - DAG(s) 'example_short_circuit_decorator' retrieved from /home/airflow/.local/lib/python3.12/site-packages/airflow/example_dags/example_short_circuit_decorator.py
[2026-08-12T04:37:36.049+0000] {logging_mixin.py:190} INFO - [2026-08-12T04:37:36.049+0000] {dag.py:3211} INFO - Sync 1 DAGs
[2026-08-12T04:37:36.069+0000] {logging_mixin.py:190} INFO - [2026-08-12T04:37:36.069+0000] {dag.py:4138} INFO - Setting next_dagrun for example_short_circuit_decorator to 2026-08-11 00:00:00+00:00, run_after=2026-08-12 00:00:00+00:00
[2026-08-12T04:37:36.087+0000] {processor.py:208} INFO - Processing /home/airflow/.local/lib/python3.12/site-packages/airflow/example_dags/example_short_circuit_decorator.py took 0.083 seconds
[2026-08-12T04:38:06.691+0000] {processor.py:186} INFO - Started process (PID=701) to work on /home/airflow/.local/lib/python3.12/site-packages/airflow/example_dags/example_short_circuit_decorator.py
[2026-08-12T04:38:06.693+0000] {processor.py:914} INFO - Processing file /home/airflow/.local/lib/python3.12/site-packages/airflow/example_dags/example_short_circuit_decorator.py for tasks to queue
[2026-08-12T04:38:06.696+0000] {logging_mixin.py:190} INFO - [2026-08-12T04:38:06.696+0000] {dagbag.py:587} INFO - Filling up the DagBag from /home/airflow/.local/lib/python3.12/site-packages/airflow/example_dags/example_short_circuit_decorator.py
[2026-08-12T04:38:06.707+0000] {processor.py:925} INFO - DAG(s) 'example_short_circuit_decorator' retrieved from /home/airflow/.local/lib/python3.12/site-packages/airflow/example_dags/example_short_circuit_decorator.py
[2026-08-12T04:38:06.728+0000] {logging_mixin.py:190} INFO - [2026-08-12T04:38:06.728+0000] {dag.py:3211} INFO - Sync 1 DAGs
[2026-08-12T04:38:06.749+0000] {logging_mixin.py:190} INFO - [2026-08-12T04:38:06.749+0000] {dag.py:4138} INFO - Setting next_dagrun for example_short_circuit_decorator to 2026-08-11 00:00:00+00:00, run_after=2026-08-12 00:00:00+00:00
[2026-08-12T04:38:06.768+0000] {processor.py:208} INFO - Processing /home/airflow/.local/lib/python3.12/site-packages/airflow/example_dags/example_short_circuit_decorator.py took 0.082 seconds
[2026-08-12T04:38:36.910+0000] {processor.py:186} INFO - Started process (PID=763) to work on /home/airflow/.local/lib/python3.12/site-packages/airflow/example_dags/example_short_circuit_decorator.py
[2026-08-12T04:38:36.912+0000] {processor.py:914} INFO - Processing file /home/airflow/.local/lib/python3.12/site-packages/airflow/example_dags/example_short_circuit_decorator.py for tasks to queue
[2026-08-12T04:38:36.915+0000] {logging_mixin.py:190} INFO - [2026-08-12T04:38:36.915+0000] {dagbag.py:587} INFO - Filling up the DagBag from /home/airflow/.local/lib/python3.12/site-packages/airflow/example_dags/example_short_circuit_decorator.py
[2026-08-12T04:38:36.927+0000] {processor.py:925} INFO - DAG(s) 'example_short_circuit_decorator' retrieved from /home/airflow/.local/lib/python3.12/site-packages/airflow/example_dags/example_short_circuit_decorator.py
[2026-08-12T04:38:36.951+0000] {logging_mixin.py:190} INFO - [2026-08-12T04:38:36.950+0000] {dag.py:3211} INFO - Sync 1 DAGs
[2026-08-12T04:38:36.973+0000] {logging_mixin.py:190} INFO - [2026-08-12T04:38:36.973+0000] {dag.py:4138} INFO - Setting next_dagrun for example_short_circuit_decorator to 2026-08-11 00:00:00+00:00, run_after=2026-08-12 00:00:00+00:00
[2026-08-12T04:38:36.991+0000] {processor.py:208} INFO - Processing /home/airflow/.local/lib/python3.12/site-packages/airflow/example_dags/example_short_circuit_decorator.py took 0.089 seconds
[2026-08-12T04:39:07.403+0000] {processor.py:186} INFO - Started process (PID=825) to work on /home/airflow/.local/lib/python3.12/site-packages/airflow/example_dags/example_short_circuit_decorator.py
[2026-08-12T04:39:07.405+0000] {processor.py:914} INFO - Processing file /home/airflow/.local/lib/python3.12/site-packages/airflow/example_dags/example_short_circuit_decorator.py for tasks to queue
[2026-08-12T04:39:07.408+0000] {logging_mixin.py:190} INFO - [2026-08-12T04:39:07.407+0000] {dagbag.py:587} INFO - Filling up the DagBag from /home/airflow/.local/lib/python3.12/site-packages/airflow/example_dags/example_short_circuit_decorator.py
[2026-08-12T04:39:07.417+0000] {processor.py:925} INFO - DAG(s) 'example_short_circuit_decorator' retrieved from /home/airflow/.local/lib/python3.12/site-packages/airflow/example_dags/example_short_circuit_decorator.py
[2026-08-12T04:39:07.438+0000] {logging_mixin.py:190} INFO - [2026-08-12T04:39:07.438+0000] {dag.py:3211} INFO - Sync 1 DAGs
[2026-08-12T04:39:07.460+0000] {logging_mixin.py:190} INFO - [2026-08-12T04:39:07.460+0000] {dag.py:4138} INFO - Setting next_dagrun for example_short_circuit_decorator to 2026-08-11 00:00:00+00:00, run_after=2026-08-12 00:00:00+00:00
[2026-08-12T04:39:07.481+0000] {processor.py:208} INFO - Processing /home/airflow/.local/lib/python3.12/site-packages/airflow/example_dags/example_short_circuit_decorator.py took 0.085 seconds
[2026-08-12T04:39:38.345+0000] {processor.py:186} INFO - Started process (PID=887) to work on /home/airflow/.local/lib/python3.12/site-packages/airflow/example_dags/example_short_circuit_decorator.py
[2026-08-12T04:39:38.347+0000] {processor.py:914} INFO - Processing file /home/airflow/.local/lib/python3.12/site-packages/airflow/example_dags/example_short_circuit_decorator.py for tasks to queue
[2026-08-12T04:39:38.350+0000] {logging_mixin.py:190} INFO - [2026-08-12T04:39:38.350+0000] {dagbag.py:587} INFO - Filling up the DagBag from /home/airflow/.local/lib/python3.12/site-packages/airflow/example_dags/example_short_circuit_decorator.py
[2026-08-12T04:39:38.362+0000] {processor.py:925} INFO - DAG(s) 'example_short_circuit_decorator' retrieved from /home/airflow/.local/lib/python3.12/site-packages/airflow/example_dags/example_short_circuit_decorator.py
[2026-08-12T04:39:38.382+0000] {logging_mixin.py:190} INFO - [2026-08-12T04:39:38.382+0000] {dag.py:3211} INFO - Sync 1 DAGs
[2026-08-12T04:39:38.402+0000] {logging_mixin.py:190} INFO - [2026-08-12T04:39:38.402+0000] {dag.py:4138} INFO - Setting next_dagrun for example_short_circuit_decorator to 2026-08-11 00:00:00+00:00, run_after=2026-08-12 00:00:00+00:00
[2026-08-12T04:39:38.422+0000] {processor.py:208} INFO - Processing /home/airflow/.local/lib/python3.12/site-packages/airflow/example_dags/example_short_circuit_decorator.py took 0.082 seconds
[2026-08-12T04:40:08.880+0000] {processor.py:186} INFO - Started process (PID=949) to work on /home/airflow/.local/lib/python3.12/site-packages/airflow/example_dags/example_short_circuit_decorator.py
[2026-08-12T04:40:08.881+0000] {processor.py:914} INFO - Processing file /home/airflow/.local/lib/python3.12/site-packages/airflow/example_dags/example_short_circuit_decorator.py for tasks to queue
[2026-08-12T04:40:08.884+0000] {logging_mixin.py:190} INFO - [2026-08-12T04:40:08.884+0000] {dagbag.py:587} INFO - Filling up the DagBag from /home/airflow/.local/lib/python3.12/site-packages/airflow/example_dags/example_short_circuit_decorator.py
[2026-08-12T04:40:08.896+0000] {processor.py:925} INFO - DAG(s) 'example_short_circuit_decorator' retrieved from /home/airflow/.local/lib/python3.12/site-packages/airflow/example_dags/example_short_circuit_decorator.py
[2026-08-12T04:40:08.921+0000] {logging_mixin.py:190} INFO - [2026-08-12T04:40:08.921+0000] {dag.py:3211} INFO - Sync 1 DAGs
[2026-08-12T04:40:08.946+0000] {logging_mixin.py:190} INFO - [2026-08-12T04:40:08.945+0000] {dag.py:4138} INFO - Setting next_dagrun for example_short_circuit_decorator to 2026-08-11 00:00:00+00:00, run_after=2026-08-12 00:00:00+00:00
[2026-08-12T04:40:08.966+0000] {processor.py:208} INFO - Processing /home/airflow/.local/lib/python3.12/site-packages/airflow/example_dags/example_short_circuit_decorator.py took 0.091 seconds
[2026-08-12T04:40:39.326+0000] {processor.py:186} INFO - Started process (PID=1011) to work on /home/airflow/.local/lib/python3.12/site-packages/airflow/example_dags/example_short_circuit_decorator.py
[2026-08-12T04:40:39.328+0000] {processor.py:914} INFO - Processing file /home/airflow/.local/lib/python3.12/site-packages/airflow/example_dags/example_short_circuit_decorator.py for tasks to queue
[2026-08-12T04:40:39.332+0000] {logging_mixin.py:190} INFO - [2026-08-12T04:40:39.331+0000] {dagbag.py:587} INFO - Filling up the DagBag from /home/airflow/.local/lib/python3.12/site-packages/airflow/example_dags/example_short_circuit_decorator.py
[2026-08-12T04:40:39.343+0000] {processor.py:925} INFO - DAG(s) 'example_short_circuit_decorator' retrieved from /home/airflow/.local/lib/python3.12/site-packages/airflow/example_dags/example_short_circuit_decorator.py
[2026-08-12T04:40:39.368+0000] {logging_mixin.py:190} INFO - [2026-08-12T04:40:39.368+0000] {dag.py:3211} INFO - Sync 1 DAGs
[2026-08-12T04:40:39.392+0000] {logging_mixin.py:190} INFO - [2026-08-12T04:40:39.392+0000] {dag.py:4138} INFO - Setting next_dagrun for example_short_circuit_decorator to 2026-08-11 00:00:00+00:00, run_after=2026-08-12 00:00:00+00:00
[2026-08-12T04:40:39.410+0000] {processor.py:208} INFO - Processing /home/airflow/.local/lib/python3.12/site-packages/airflow/example_dags/example_short_circuit_decorator.py took 0.090 seconds
[2026-08-12T04:41:09.720+0000] {processor.py:186} INFO - Started process (PID=1073) to work on /home/airflow/.local/lib/python3.12/site-packages/airflow/example_dags/example_short_circuit_decorator.py
[2026-08-12T04:41:09.722+0000] {processor.py:914} INFO - Processing file /home/airflow/.local/lib/python3.12/site-packages/airflow/example_dags/example_short_circuit_decorator.py for tasks to queue
[2026-08-12T04:41:09.727+0000] {logging_mixin.py:190} INFO - [2026-08-12T04:41:09.726+0000] {dagbag.py:587} INFO - Filling up the DagBag from /home/airflow/.local/lib/python3.12/site-packages/airflow/example_dags/example_short_circuit_decorator.py
[2026-08-12T04:41:09.743+0000] {processor.py:925} INFO - DAG(s) 'example_short_circuit_decorator' retrieved from /home/airflow/.local/lib/python3.12/site-packages/airflow/example_dags/example_short_circuit_decorator.py
[2026-08-12T04:41:09.780+0000] {logging_mixin.py:190} INFO - [2026-08-12T04:41:09.780+0000] {dag.py:3211} INFO - Sync 1 DAGs
[2026-08-12T04:41:09.801+0000] {logging_mixin.py:190} INFO - [2026-08-12T04:41:09.801+0000] {dag.py:4138} INFO - Setting next_dagrun for example_short_circuit_decorator to 2026-08-11 00:00:00+00:00, run_after=2026-08-12 00:00:00+00:00
[2026-08-12T04:41:09.821+0000] {processor.py:208} INFO - Processing /home/airflow/.local/lib/python3.12/site-packages/airflow/example_dags/example_short_circuit_decorator.py took 0.108 seconds
[2026-08-12T04:41:40.415+0000] {processor.py:186} INFO - Started process (PID=1135) to work on /home/airflow/.local/lib/python3.12/site-packages/airflow/example_dags/example_short_circuit_decorator.py
[2026-08-12T04:41:40.417+0000] {processor.py:914} INFO - Processing file /home/airflow/.local/lib/python3.12/site-packages/airflow/example_dags/example_short_circuit_decorator.py for tasks to queue
[2026-08-12T04:41:40.421+0000] {logging_mixin.py:190} INFO - [2026-08-12T04:41:40.420+0000] {dagbag.py:587} INFO - Filling up the DagBag from /home/airflow/.local/lib/python3.12/site-packages/airflow/example_dags/example_short_circuit_decorator.py
[2026-08-12T04:41:40.433+0000] {processor.py:925} INFO - DAG(s) 'example_short_circuit_decorator' retrieved from /home/airflow/.local/lib/python3.12/site-packages/airflow/example_dags/example_short_circuit_decorator.py
[2026-08-12T04:41:40.460+0000] {logging_mixin.py:190} INFO - [2026-08-12T04:41:40.460+0000] {dag.py:3211} INFO - Sync 1 DAGs
[2026-08-12T04:41:40.484+0000] {logging_mixin.py:190} INFO - [2026-08-12T04:41:40.484+0000] {dag.py:4138} INFO - Setting next_dagrun for example_short_circuit_decorator to 2026-08-11 00:00:00+00:00, run_after=2026-08-12 00:00:00+00:00
[2026-08-12T04:41:40.506+0000] {processor.py:208} INFO - Processing /home/airflow/.local/lib/python3.12/site-packages/airflow/example_dags/example_short_circuit_decorator.py took 0.097 seconds
[2026-08-12T04:42:10.991+0000] {processor.py:186} INFO - Started process (PID=1197) to work on /home/airflow/.local/lib/python3.12/site-packages/airflow/example_dags/example_short_circuit_decorator.py
[2026-08-12T04:42:10.993+0000] {processor.py:914} INFO - Processing file /home/airflow/.local/lib/python3.12/site-packages/airflow/example_dags/example_short_circuit_decorator.py for tasks to queue
[2026-08-12T04:42:10.996+0000] {logging_mixin.py:190} INFO - [2026-08-12T04:42:10.996+0000] {dagbag.py:587} INFO - Filling up the DagBag from /home/airflow/.local/lib/python3.12/site-packages/airflow/example_dags/example_short_circuit_decorator.py
[2026-08-12T04:42:11.007+0000] {processor.py:925} INFO - DAG(s) 'example_short_circuit_decorator' retrieved from /home/airflow/.local/lib/python3.12/site-packages/airflow/example_dags/example_short_circuit_decorator.py
[2026-08-12T04:42:11.028+0000] {logging_mixin.py:190} INFO - [2026-08-12T04:42:11.028+0000] {dag.py:3211} INFO - Sync 1 DAGs
[2026-08-12T04:42:11.052+0000] {logging_mixin.py:190} INFO - [2026-08-12T04:42:11.052+0000] {dag.py:4138} INFO - Setting next_dagrun for example_short_circuit_decorator to 2026-08-11 00:00:00+00:00, run_after=2026-08-12 00:00:00+00:00
[2026-08-12T04:42:11.075+0000] {processor.py:208} INFO - Processing /home/airflow/.local/lib/python3.12/site-packages/airflow/example_dags/example_short_circuit_decorator.py took 0.089 seconds
[2026-08-12T04:42:41.324+0000] {processor.py:186} INFO - Started process (PID=1259) to work on /home/airflow/.local/lib/python3.12/site-packages/airflow/example_dags/example_short_circuit_decorator.py
[2026-08-12T04:42:41.326+0000] {processor.py:914} INFO - Processing file /home/airflow/.local/lib/python3.12/site-packages/airflow/example_dags/example_short_circuit_decorator.py for tasks to queue
[2026-08-12T04:42:41.330+0000] {logging_mixin.py:190} INFO - [2026-08-12T04:42:41.329+0000] {dagbag.py:587} INFO - Filling up the DagBag from /home/airflow/.local/lib/python3.12/site-packages/airflow/example_dags/example_short_circuit_decorator.py
[2026-08-12T04:42:41.342+0000] {processor.py:925} INFO - DAG(s) 'example_short_circuit_decorator' retrieved from /home/airflow/.local/lib/python3.12/site-packages/airflow/example_dags/example_short_circuit_decorator.py
[2026-08-12T04:42:41.366+0000] {logging_mixin.py:190} INFO - [2026-08-12T04:42:41.366+0000] {dag.py:3211} INFO - Sync 1 DAGs
[2026-08-12T04:42:41.392+0000] {logging_mixin.py:190} INFO - [2026-08-12T04:42:41.392+0000] {dag.py:4138} INFO - Setting next_dagrun for example_short_circuit_decorator to 2026-08-11 00:00:00+00:00, run_after=2026-08-12 00:00:00+00:00
[2026-08-12T04:42:41.420+0000] {processor.py:208} INFO - Processing /home/airflow/.local/lib/python3.12/site-packages/airflow/example_dags/example_short_circuit_decorator.py took 0.101 seconds
[2026-08-12T04:43:11.690+0000] {processor.py:186} INFO - Started process (PID=1321) to work on /home/airflow/.local/lib/python3.12/site-packages/airflow/example_dags/example_short_circuit_decorator.py
[2026-08-12T04:43:11.691+0000] {processor.py:914} INFO - Processing file /home/airflow/.local/lib/python3.12/site-packages/airflow/example_dags/example_short_circuit_decorator.py for tasks to queue
[2026-08-12T04:43:11.695+0000] {logging_mixin.py:190} INFO - [2026-08-12T04:43:11.694+0000] {dagbag.py:587} INFO - Filling up the DagBag from /home/airflow/.local/lib/python3.12/site-packages/airflow/example_dags/example_short_circuit_decorator.py
[2026-08-12T04:43:11.705+0000] {processor.py:925} INFO - DAG(s) 'example_short_circuit_decorator' retrieved from /home/airflow/.local/lib/python3.12/site-packages/airflow/example_dags/example_short_circuit_decorator.py
[2026-08-12T04:43:11.730+0000] {logging_mixin.py:190} INFO - [2026-08-12T04:43:11.730+0000] {dag.py:3211} INFO - Sync 1 DAGs
[2026-08-12T04:43:11.752+0000] {logging_mixin.py:190} INFO - [2026-08-12T04:43:11.752+0000] {dag.py:4138} INFO - Setting next_dagrun for example_short_circuit_decorator to 2026-08-11 00:00:00+00:00, run_after=2026-08-12 00:00:00+00:00
[2026-08-12T04:43:11.771+0000] {processor.py:208} INFO - Processing /home/airflow/.local/lib/python3.12/site-packages/airflow/example_dags/example_short_circuit_decorator.py took 0.087 seconds
[2026-08-12T04:43:42.061+0000] {processor.py:186} INFO - Started process (PID=1383) to work on /home/airflow/.local/lib/python3.12/site-packages/airflow/example_dags/example_short_circuit_decorator.py
[2026-08-12T04:43:42.063+0000] {processor.py:914} INFO - Processing file /home/airflow/.local/lib/python3.12/site-packages/airflow/example_dags/example_short_circuit_decorator.py for tasks to queue
[2026-08-12T04:43:42.066+0000] {logging_mixin.py:190} INFO - [2026-08-12T04:43:42.066+0000] {dagbag.py:587} INFO - Filling up the DagBag from /home/airflow/.local/lib/python3.12/site-packages/airflow/example_dags/example_short_circuit_decorator.py
[2026-08-12T04:43:42.080+0000] {processor.py:925} INFO - DAG(s) 'example_short_circuit_decorator' retrieved from /home/airflow/.local/lib/python3.12/site-packages/airflow/example_dags/example_short_circuit_decorator.py
[2026-08-12T04:43:42.106+0000] {logging_mixin.py:190} INFO - [2026-08-12T04:43:42.105+0000] {dag.py:3211} INFO - Sync 1 DAGs
[2026-08-12T04:43:42.128+0000] {logging_mixin.py:190} INFO - [2026-08-12T04:43:42.127+0000] {dag.py:4138} INFO - Setting next_dagrun for example_short_circuit_decorator to 2026-08-11 00:00:00+00:00, run_after=2026-08-12 00:00:00+00:00
[2026-08-12T04:43:42.146+0000] {processor.py:208} INFO - Processing /home/airflow/.local/lib/python3.12/site-packages/airflow/example_dags/example_short_circuit_decorator.py took 0.092 seconds
[2026-08-12T04:44:12.841+0000] {processor.py:186} INFO - Started process (PID=1445) to work on /home/airflow/.local/lib/python3.12/site-packages/airflow/example_dags/example_short_circuit_decorator.py
[2026-08-12T04:44:12.843+0000] {processor.py:914} INFO - Processing file /home/airflow/.local/lib/python3.12/site-packages/airflow/example_dags/example_short_circuit_decorator.py for tasks to queue
[2026-08-12T04:44:12.847+0000] {logging_mixin.py:190} INFO - [2026-08-12T04:44:12.847+0000] {dagbag.py:587} INFO - Filling up the DagBag from /home/airflow/.local/lib/python3.12/site-packages/airflow/example_dags/example_short_circuit_decorator.py
[2026-08-12T04:44:12.866+0000] {processor.py:925} INFO - DAG(s) 'example_short_circuit_decorator' retrieved from /home/airflow/.local/lib/python3.12/site-packages/airflow/example_dags/example_short_circuit_decorator.py
[2026-08-12T04:44:12.895+0000] {logging_mixin.py:190} INFO - [2026-08-12T04:44:12.895+0000] {dag.py:3211} INFO - Sync 1 DAGs
[2026-08-12T04:44:12.927+0000] {logging_mixin.py:190} INFO - [2026-08-12T04:44:12.927+0000] {dag.py:4138} INFO - Setting next_dagrun for example_short_circuit_decorator to 2026-08-11 00:00:00+00:00, run_after=2026-08-12 00:00:00+00:00
[2026-08-12T04:44:12.970+0000] {processor.py:208} INFO - Processing /home/airflow/.local/lib/python3.12/site-packages/airflow/example_dags/example_short_circuit_decorator.py took 0.138 seconds
[2026-08-12T04:44:43.271+0000] {processor.py:186} INFO - Started process (PID=1508) to work on /home/airflow/.local/lib/python3.12/site-packages/airflow/example_dags/example_short_circuit_decorator.py
[2026-08-12T04:44:43.273+0000] {processor.py:914} INFO - Processing file /home/airflow/.local/lib/python3.12/site-packages/airflow/example_dags/example_short_circuit_decorator.py for tasks to queue
[2026-08-12T04:44:43.277+0000] {logging_mixin.py:190} INFO - [2026-08-12T04:44:43.277+0000] {dagbag.py:587} INFO - Filling up the DagBag from /home/airflow/.local/lib/python3.12/site-packages/airflow/example_dags/example_short_circuit_decorator.py
[2026-08-12T04:44:43.293+0000] {processor.py:925} INFO - DAG(s) 'example_short_circuit_decorator' retrieved from /home/airflow/.local/lib/python3.12/site-packages/airflow/example_dags/example_short_circuit_decorator.py
[2026-08-12T04:44:43.317+0000] {logging_mixin.py:190} INFO - [2026-08-12T04:44:43.317+0000] {dag.py:3211} INFO - Sync 1 DAGs
[2026-08-12T04:44:43.346+0000] {logging_mixin.py:190} INFO - [2026-08-12T04:44:43.346+0000] {dag.py:4138} INFO - Setting next_dagrun for example_short_circuit_decorator to 2026-08-11 00:00:00+00:00, run_after=2026-08-12 00:00:00+00:00
[2026-08-12T04:44:43.367+0000] {processor.py:208} INFO - Processing /home/airflow/.local/lib/python3.12/site-packages/airflow/example_dags/example_short_circuit_decorator.py took 0.102 seconds
[2026-08-12T04:45:13.527+0000] {processor.py:186} INFO - Started process (PID=1570) to work on /home/airflow/.local/lib/python3.12/site-packages/airflow/example_dags/example_short_circuit_decorator.py
[2026-08-12T04:45:13.529+0000] {processor.py:914} INFO - Processing file /home/airflow/.local/lib/python3.12/site-packages/airflow/example_dags/example_short_circuit_decorator.py for tasks to queue
[2026-08-12T04:45:13.534+0000] {logging_mixin.py:190} INFO - [2026-08-12T04:45:13.533+0000] {dagbag.py:587} INFO - Filling up the DagBag from /home/airflow/.local/lib/python3.12/site-packages/airflow/example_dags/example_short_circuit_decorator.py
[2026-08-12T04:45:13.547+0000] {processor.py:925} INFO - DAG(s) 'example_short_circuit_decorator' retrieved from /home/airflow/.local/lib/python3.12/site-packages/airflow/example_dags/example_short_circuit_decorator.py
[2026-08-12T04:45:13.569+0000] {logging_mixin.py:190} INFO - [2026-08-12T04:45:13.568+0000] {dag.py:3211} INFO - Sync 1 DAGs
[2026-08-12T04:45:13.604+0000] {logging_mixin.py:190} INFO - [2026-08-12T04:45:13.604+0000] {dag.py:4138} INFO - Setting next_dagrun for example_short_circuit_decorator to 2026-08-11 00:00:00+00:00, run_after=2026-08-12 00:00:00+00:00
[2026-08-12T04:45:13.628+0000] {processor.py:208} INFO - Processing /home/airflow/.local/lib/python3.12/site-packages/airflow/example_dags/example_short_circuit_decorator.py took 0.108 seconds
[2026-08-12T04:45:44.172+0000] {processor.py:186} INFO - Started process (PID=1632) to work on /home/airflow/.local/lib/python3.12/site-packages/airflow/example_dags/example_short_circuit_decorator.py
[2026-08-12T04:45:44.173+0000] {processor.py:914} INFO - Processing file /home/airflow/.local/lib/python3.12/site-packages/airflow/example_dags/example_short_circuit_decorator.py for tasks to queue
[2026-08-12T04:45:44.176+0000] {logging_mixin.py:190} INFO - [2026-08-12T04:45:44.176+0000] {dagbag.py:587} INFO - Filling up the DagBag from /home/airflow/.local/lib/python3.12/site-packages/airflow/example_dags/example_short_circuit_decorator.py
[2026-08-12T04:45:44.187+0000] {processor.py:925} INFO - DAG(s) 'example_short_circuit_decorator' retrieved from /home/airflow/.local/lib/python3.12/site-packages/airflow/example_dags/example_short_circuit_decorator.py
[2026-08-12T04:45:44.207+0000] {logging_mixin.py:190} INFO - [2026-08-12T04:45:44.207+0000] {dag.py:3211} INFO - Sync 1 DAGs
[2026-08-12T04:45:44.229+0000] {logging_mixin.py:190} INFO - [2026-08-12T04:45:44.229+0000] {dag.py:4138} INFO - Setting next_dagrun for example_short_circuit_decorator to 2026-08-11 00:00:00+00:00, run_after=2026-08-12 00:00:00+00:00
[2026-08-12T04:45:44.250+0000] {processor.py:208} INFO - Processing /home/airflow/.local/lib/python3.12/site-packages/airflow/example_dags/example_short_circuit_decorator.py took 0.084 seconds
[2026-08-12T04:46:14.856+0000] {processor.py:186} INFO - Started process (PID=1694) to work on /home/airflow/.local/lib/python3.12/site-packages/airflow/example_dags/example_short_circuit_decorator.py
[2026-08-12T04:46:14.858+0000] {processor.py:914} INFO - Processing file /home/airflow/.local/lib/python3.12/site-packages/airflow/example_dags/example_short_circuit_decorator.py for tasks to queue
[2026-08-12T04:46:14.862+0000] {logging_mixin.py:190} INFO - [2026-08-12T04:46:14.862+0000] {dagbag.py:587} INFO - Filling up the DagBag from /home/airflow/.local/lib/python3.12/site-packages/airflow/example_dags/example_short_circuit_decorator.py
[2026-08-12T04:46:14.874+0000] {processor.py:925} INFO - DAG(s) 'example_short_circuit_decorator' retrieved from /home/airflow/.local/lib/python3.12/site-packages/airflow/example_dags/example_short_circuit_decorator.py
[2026-08-12T04:46:14.897+0000] {logging_mixin.py:190} INFO - [2026-08-12T04:46:14.897+0000] {dag.py:3211} INFO - Sync 1 DAGs
[2026-08-12T04:46:14.932+0000] {logging_mixin.py:190} INFO - [2026-08-12T04:46:14.931+0000] {dag.py:4138} INFO - Setting next_dagrun for example_short_circuit_decorator to 2026-08-11 00:00:00+00:00, run_after=2026-08-12 00:00:00+00:00
[2026-08-12T04:46:14.953+0000] {processor.py:208} INFO - Processing /home/airflow/.local/lib/python3.12/site-packages/airflow/example_dags/example_short_circuit_decorator.py took 0.105 seconds
[2026-08-12T04:46:45.420+0000] {processor.py:186} INFO - Started process (PID=1756) to work on /home/airflow/.local/lib/python3.12/site-packages/airflow/example_dags/example_short_circuit_decorator.py
[2026-08-12T04:46:45.421+0000] {processor.py:914} INFO - Processing file /home/airflow/.local/lib/python3.12/site-packages/airflow/example_dags/example_short_circuit_decorator.py for tasks to queue
[2026-08-12T04:46:45.424+0000] {logging_mixin.py:190} INFO - [2026-08-12T04:46:45.424+0000] {dagbag.py:587} INFO - Filling up the DagBag from /home/airflow/.local/lib/python3.12/site-packages/airflow/example_dags/example_short_circuit_decorator.py
[2026-08-12T04:46:45.436+0000] {processor.py:925} INFO - DAG(s) 'example_short_circuit_decorator' retrieved from /home/airflow/.local/lib/python3.12/site-packages/airflow/example_dags/example_short_circuit_decorator.py
[2026-08-12T04:46:45.460+0000] {logging_mixin.py:190} INFO - [2026-08-12T04:46:45.459+0000] {dag.py:3211} INFO - Sync 1 DAGs
[2026-08-12T04:46:45.482+0000] {logging_mixin.py:190} INFO - [2026-08-12T04:46:45.482+0000] {dag.py:4138} INFO - Setting next_dagrun for example_short_circuit_decorator to 2026-08-11 00:00:00+00:00, run_after=2026-08-12 00:00:00+00:00
[2026-08-12T04:46:45.500+0000] {processor.py:208} INFO - Processing /home/airflow/.local/lib/python3.12/site-packages/airflow/example_dags/example_short_circuit_decorator.py took 0.086 seconds
[2026-08-12T04:47:16.004+0000] {processor.py:186} INFO - Started process (PID=1818) to work on /home/airflow/.local/lib/python3.12/site-packages/airflow/example_dags/example_short_circuit_decorator.py
[2026-08-12T04:47:16.006+0000] {processor.py:914} INFO - Processing file /home/airflow/.local/lib/python3.12/site-packages/airflow/example_dags/example_short_circuit_decorator.py for tasks to queue
[2026-08-12T04:47:16.008+0000] {logging_mixin.py:190} INFO - [2026-08-12T04:47:16.008+0000] {dagbag.py:587} INFO - Filling up the DagBag from /home/airflow/.local/lib/python3.12/site-packages/airflow/example_dags/example_short_circuit_decorator.py
[2026-08-12T04:47:16.018+0000] {processor.py:925} INFO - DAG(s) 'example_short_circuit_decorator' retrieved from /home/airflow/.local/lib/python3.12/site-packages/airflow/example_dags/example_short_circuit_decorator.py
[2026-08-12T04:47:16.041+0000] {logging_mixin.py:190} INFO - [2026-08-12T04:47:16.041+0000] {dag.py:3211} INFO - Sync 1 DAGs
[2026-08-12T04:47:16.062+0000] {logging_mixin.py:190} INFO - [2026-08-12T04:47:16.062+0000] {dag.py:4138} INFO - Setting next_dagrun for example_short_circuit_decorator to 2026-08-11 00:00:00+00:00, run_after=2026-08-12 00:00:00+00:00
[2026-08-12T04:47:16.082+0000] {processor.py:208} INFO - Processing /home/airflow/.local/lib/python3.12/site-packages/airflow/example_dags/example_short_circuit_decorator.py took 0.083 seconds
[2026-08-12T04:47:46.998+0000] {processor.py:186} INFO - Started process (PID=1880) to work on /home/airflow/.local/lib/python3.12/site-packages/airflow/example_dags/example_short_circuit_decorator.py
[2026-08-12T04:47:47.000+0000] {processor.py:914} INFO - Processing file /home/airflow/.local/lib/python3.12/site-packages/airflow/example_dags/example_short_circuit_decorator.py for tasks to queue
[2026-08-12T04:47:47.004+0000] {logging_mixin.py:190} INFO - [2026-08-12T04:47:47.004+0000] {dagbag.py:587} INFO - Filling up the DagBag from /home/airflow/.local/lib/python3.12/site-packages/airflow/example_dags/example_short_circuit_decorator.py
[2026-08-12T04:47:47.017+0000] {processor.py:925} INFO - DAG(s) 'example_short_circuit_decorator' retrieved from /home/airflow/.local/lib/python3.12/site-packages/airflow/example_dags/example_short_circuit_decorator.py
[2026-08-12T04:47:47.048+0000] {logging_mixin.py:190} INFO - [2026-08-12T04:47:47.047+0000] {dag.py:3211} INFO - Sync 1 DAGs
[2026-08-12T04:47:47.071+0000] {logging_mixin.py:190} INFO - [2026-08-12T04:47:47.071+0000] {dag.py:4138} INFO - Setting next_dagrun for example_short_circuit_decorator to 2026-08-11 00:00:00+00:00, run_after=2026-08-12 00:00:00+00:00
[2026-08-12T04:47:47.092+0000] {processor.py:208} INFO - Processing /home/airflow/.local/lib/python3.12/site-packages/airflow/example_dags/example_short_circuit_decorator.py took 0.103 seconds
[2026-08-12T04:48:17.258+0000] {processor.py:186} INFO - Started process (PID=1943) to work on /home/airflow/.local/lib/python3.12/site-packages/airflow/example_dags/example_short_circuit_decorator.py
[2026-08-12T04:48:17.260+0000] {processor.py:914} INFO - Processing file /home/airflow/.local/lib/python3.12/site-packages/airflow/example_dags/example_short_circuit_decorator.py for tasks to queue
[2026-08-12T04:48:17.263+0000] {logging_mixin.py:190} INFO - [2026-08-12T04:48:17.262+0000] {dagbag.py:587} INFO - Filling up the DagBag from /home/airflow/.local/lib/python3.12/site-packages/airflow/example_dags/example_short_circuit_decorator.py
[2026-08-12T04:48:17.272+0000] {processor.py:925} INFO - DAG(s) 'example_short_circuit_decorator' retrieved from /home/airflow/.local/lib/python3.12/site-packages/airflow/example_dags/example_short_circuit_decorator.py
[2026-08-12T04:48:17.291+0000] {logging_mixin.py:190} INFO - [2026-08-12T04:48:17.291+0000] {dag.py:3211} INFO - Sync 1 DAGs
[2026-08-12T04:48:17.313+0000] {logging_mixin.py:190} INFO - [2026-08-12T04:48:17.313+0000] {dag.py:4138} INFO - Setting next_dagrun for example_short_circuit_decorator to 2026-08-11 00:00:00+00:00, run_after=2026-08-12 00:00:00+00:00
[2026-08-12T04:48:17.331+0000] {processor.py:208} INFO - Processing /home/airflow/.local/lib/python3.12/site-packages/airflow/example_dags/example_short_circuit_decorator.py took 0.078 seconds
[2026-08-12T04:48:47.420+0000] {processor.py:186} INFO - Started process (PID=2006) to work on /home/airflow/.local/lib/python3.12/site-packages/airflow/example_dags/example_short_circuit_decorator.py
[2026-08-12T04:48:47.422+0000] {processor.py:914} INFO - Processing file /home/airflow/.local/lib/python3.12/site-packages/airflow/example_dags/example_short_circuit_decorator.py for tasks to queue
[2026-08-12T04:48:47.425+0000] {logging_mixin.py:190} INFO - [2026-08-12T04:48:47.424+0000] {dagbag.py:587} INFO - Filling up the DagBag from /home/airflow/.local/lib/python3.12/site-packages/airflow/example_dags/example_short_circuit_decorator.py
[2026-08-12T04:48:47.435+0000] {processor.py:925} INFO - DAG(s) 'example_short_circuit_decorator' retrieved from /home/airflow/.local/lib/python3.12/site-packages/airflow/example_dags/example_short_circuit_decorator.py
[2026-08-12T04:48:47.458+0000] {logging_mixin.py:190} INFO - [2026-08-12T04:48:47.457+0000] {dag.py:3211} INFO - Sync 1 DAGs
[2026-08-12T04:48:47.478+0000] {logging_mixin.py:190} INFO - [2026-08-12T04:48:47.478+0000] {dag.py:4138} INFO - Setting next_dagrun for example_short_circuit_decorator to 2026-08-11 00:00:00+00:00, run_after=2026-08-12 00:00:00+00:00
[2026-08-12T04:48:47.498+0000] {processor.py:208} INFO - Processing /home/airflow/.local/lib/python3.12/site-packages/airflow/example_dags/example_short_circuit_decorator.py took 0.083 seconds
[2026-08-12T04:49:17.751+0000] {processor.py:186} INFO - Started process (PID=2069) to work on /home/airflow/.local/lib/python3.12/site-packages/airflow/example_dags/example_short_circuit_decorator.py
[2026-08-12T04:49:17.752+0000] {processor.py:914} INFO - Processing file /home/airflow/.local/lib/python3.12/site-packages/airflow/example_dags/example_short_circuit_decorator.py for tasks to queue
[2026-08-12T04:49:17.755+0000] {logging_mixin.py:190} INFO - [2026-08-12T04:49:17.755+0000] {dagbag.py:587} INFO - Filling up the DagBag from /home/airflow/.local/lib/python3.12/site-packages/airflow/example_dags/example_short_circuit_decorator.py
[2026-08-12T04:49:17.765+0000] {processor.py:925} INFO - DAG(s) 'example_short_circuit_decorator' retrieved from /home/airflow/.local/lib/python3.12/site-packages/airflow/example_dags/example_short_circuit_decorator.py
[2026-08-12T04:49:17.791+0000] {logging_mixin.py:190} INFO - [2026-08-12T04:49:17.791+0000] {dag.py:3211} INFO - Sync 1 DAGs
[2026-08-12T04:49:17.815+0000] {logging_mixin.py:190} INFO - [2026-08-12T04:49:17.815+0000] {dag.py:4138} INFO - Setting next_dagrun for example_short_circuit_decorator to 2026-08-11 00:00:00+00:00, run_after=2026-08-12 00:00:00+00:00
[2026-08-12T04:49:17.835+0000] {processor.py:208} INFO - Processing /home/airflow/.local/lib/python3.12/site-packages/airflow/example_dags/example_short_circuit_decorator.py took 0.090 seconds
[2026-08-12T04:49:48.282+0000] {processor.py:186} INFO - Started process (PID=2132) to work on /home/airflow/.local/lib/python3.12/site-packages/airflow/example_dags/example_short_circuit_decorator.py
[2026-08-12T04:49:48.284+0000] {processor.py:914} INFO - Processing file /home/airflow/.local/lib/python3.12/site-packages/airflow/example_dags/example_short_circuit_decorator.py for tasks to queue
[2026-08-12T04:49:48.288+0000] {logging_mixin.py:190} INFO - [2026-08-12T04:49:48.287+0000] {dagbag.py:587} INFO - Filling up the DagBag from /home/airflow/.local/lib/python3.12/site-packages/airflow/example_dags/example_short_circuit_decorator.py
[2026-08-12T04:49:48.300+0000] {processor.py:925} INFO - DAG(s) 'example_short_circuit_decorator' retrieved from /home/airflow/.local/lib/python3.12/site-packages/airflow/example_dags/example_short_circuit_decorator.py
[2026-08-12T04:49:48.328+0000] {logging_mixin.py:190} INFO - [2026-08-12T04:49:48.327+0000] {dag.py:3211} INFO - Sync 1 DAGs
[2026-08-12T04:49:48.358+0000] {logging_mixin.py:190} INFO - [2026-08-12T04:49:48.358+0000] {dag.py:4138} INFO - Setting next_dagrun for example_short_circuit_decorator to 2026-08-11 00:00:00+00:00, run_after=2026-08-12 00:00:00+00:00
[2026-08-12T04:49:48.382+0000] {processor.py:208} INFO - Processing /home/airflow/.local/lib/python3.12/site-packages/airflow/example_dags/example_short_circuit_decorator.py took 0.110 seconds
[2026-08-12T04:50:18.694+0000] {processor.py:186} INFO - Started process (PID=2196) to work on /home/airflow/.local/lib/python3.12/site-packages/airflow/example_dags/example_short_circuit_decorator.py
[2026-08-12T04:50:18.696+0000] {processor.py:914} INFO - Processing file /home/airflow/.local/lib/python3.12/site-packages/airflow/example_dags/example_short_circuit_decorator.py for tasks to queue
[2026-08-12T04:50:18.699+0000] {logging_mixin.py:190} INFO - [2026-08-12T04:50:18.698+0000] {dagbag.py:587} INFO - Filling up the DagBag from /home/airflow/.local/lib/python3.12/site-packages/airflow/example_dags/example_short_circuit_decorator.py
[2026-08-12T04:50:18.711+0000] {processor.py:925} INFO - DAG(s) 'example_short_circuit_decorator' retrieved from /home/airflow/.local/lib/python3.12/site-packages/airflow/example_dags/example_short_circuit_decorator.py
[2026-08-12T04:50:18.738+0000] {logging_mixin.py:190} INFO - [2026-08-12T04:50:18.737+0000] {dag.py:3211} INFO - Sync 1 DAGs
[2026-08-12T04:50:18.765+0000] {logging_mixin.py:190} INFO - [2026-08-12T04:50:18.764+0000] {dag.py:4138} INFO - Setting next_dagrun for example_short_circuit_decorator to 2026-08-11 00:00:00+00:00, run_after=2026-08-12 00:00:00+00:00
[2026-08-12T04:50:18.786+0000] {processor.py:208} INFO - Processing /home/airflow/.local/lib/python3.12/site-packages/airflow/example_dags/example_short_circuit_decorator.py took 0.099 seconds
[2026-08-12T04:50:49.456+0000] {processor.py:186} INFO - Started process (PID=2260) to work on /home/airflow/.local/lib/python3.12/site-packages/airflow/example_dags/example_short_circuit_decorator.py
[2026-08-12T04:50:49.457+0000] {processor.py:914} INFO - Processing file /home/airflow/.local/lib/python3.12/site-packages/airflow/example_dags/example_short_circuit_decorator.py for tasks to queue
[2026-08-12T04:50:49.460+0000] {logging_mixin.py:190} INFO - [2026-08-12T04:50:49.460+0000] {dagbag.py:587} INFO - Filling up the DagBag from /home/airflow/.local/lib/python3.12/site-packages/airflow/example_dags/example_short_circuit_decorator.py
[2026-08-12T04:50:49.471+0000] {processor.py:925} INFO - DAG(s) 'example_short_circuit_decorator' retrieved from /home/airflow/.local/lib/python3.12/site-packages/airflow/example_dags/example_short_circuit_decorator.py
[2026-08-12T04:50:49.495+0000] {logging_mixin.py:190} INFO - [2026-08-12T04:50:49.495+0000] {dag.py:3211} INFO - Sync 1 DAGs
[2026-08-12T04:50:49.522+0000] {logging_mixin.py:190} INFO - [2026-08-12T04:50:49.522+0000] {dag.py:4138} INFO - Setting next_dagrun for example_short_circuit_decorator to 2026-08-11 00:00:00+00:00, run_after=2026-08-12 00:00:00+00:00
[2026-08-12T04:50:49.543+0000] {processor.py:208} INFO - Processing /home/airflow/.local/lib/python3.12/site-packages/airflow/example_dags/example_short_circuit_decorator.py took 0.092 seconds
[2026-08-12T04:51:20.093+0000] {processor.py:186} INFO - Started process (PID=2323) to work on /home/airflow/.local/lib/python3.12/site-packages/airflow/example_dags/example_short_circuit_decorator.py
[2026-08-12T04:51:20.095+0000] {processor.py:914} INFO - Processing file /home/airflow/.local/lib/python3.12/site-packages/airflow/example_dags/example_short_circuit_decorator.py for tasks to queue
[2026-08-12T04:51:20.098+0000] {logging_mixin.py:190} INFO - [2026-08-12T04:51:20.097+0000] {dagbag.py:587} INFO - Filling up the DagBag from /home/airflow/.local/lib/python3.12/site-packages/airflow/example_dags/example_short_circuit_decorator.py
[2026-08-12T04:51:20.110+0000] {processor.py:925} INFO - DAG(s) 'example_short_circuit_decorator' retrieved from /home/airflow/.local/lib/python3.12/site-packages/airflow/example_dags/example_short_circuit_decorator.py
[2026-08-12T04:51:20.133+0000] {logging_mixin.py:190} INFO - [2026-08-12T04:51:20.132+0000] {dag.py:3211} INFO - Sync 1 DAGs
[2026-08-12T04:51:20.155+0000] {logging_mixin.py:190} INFO - [2026-08-12T04:51:20.155+0000] {dag.py:4138} INFO - Setting next_dagrun for example_short_circuit_decorator to 2026-08-11 00:00:00+00:00, run_after=2026-08-12 00:00:00+00:00
[2026-08-12T04:51:20.174+0000] {processor.py:208} INFO - Processing /home/airflow/.local/lib/python3.12/site-packages/airflow/example_dags/example_short_circuit_decorator.py took 0.088 seconds
[2026-08-12T04:51:50.812+0000] {processor.py:186} INFO - Started process (PID=2386) to work on /home/airflow/.local/lib/python3.12/site-packages/airflow/example_dags/example_short_circuit_decorator.py
[2026-08-12T04:51:50.814+0000] {processor.py:914} INFO - Processing file /home/airflow/.local/lib/python3.12/site-packages/airflow/example_dags/example_short_circuit_decorator.py for tasks to queue
[2026-08-12T04:51:50.817+0000] {logging_mixin.py:190} INFO - [2026-08-12T04:51:50.817+0000] {dagbag.py:587} INFO - Filling up the DagBag from /home/airflow/.local/lib/python3.12/site-packages/airflow/example_dags/example_short_circuit_decorator.py
[2026-08-12T04:51:50.830+0000] {processor.py:925} INFO - DAG(s) 'example_short_circuit_decorator' retrieved from /home/airflow/.local/lib/python3.12/site-packages/airflow/example_dags/example_short_circuit_decorator.py
[2026-08-12T04:51:50.854+0000] {logging_mixin.py:190} INFO - [2026-08-12T04:51:50.853+0000] {dag.py:3211} INFO - Sync 1 DAGs
[2026-08-12T04:51:50.878+0000] {logging_mixin.py:190} INFO - [2026-08-12T04:51:50.878+0000] {dag.py:4138} INFO - Setting next_dagrun for example_short_circuit_decorator to 2026-08-11 00:00:00+00:00, run_after=2026-08-12 00:00:00+00:00
[2026-08-12T04:51:50.899+0000] {processor.py:208} INFO - Processing /home/airflow/.local/lib/python3.12/site-packages/airflow/example_dags/example_short_circuit_decorator.py took 0.093 seconds
[2026-08-12T04:52:22.240+0000] {processor.py:186} INFO - Started process (PID=2449) to work on /home/airflow/.local/lib/python3.12/site-packages/airflow/example_dags/example_short_circuit_decorator.py
[2026-08-12T04:52:22.242+0000] {processor.py:914} INFO - Processing file /home/airflow/.local/lib/python3.12/site-packages/airflow/example_dags/example_short_circuit_decorator.py for tasks to queue
[2026-08-12T04:52:22.245+0000] {logging_mixin.py:190} INFO - [2026-08-12T04:52:22.244+0000] {dagbag.py:587} INFO - Filling up the DagBag from /home/airflow/.local/lib/python3.12/site-packages/airflow/example_dags/example_short_circuit_decorator.py
[2026-08-12T04:52:22.256+0000] {processor.py:925} INFO - DAG(s) 'example_short_circuit_decorator' retrieved from /home/airflow/.local/lib/python3.12/site-packages/airflow/example_dags/example_short_circuit_decorator.py
[2026-08-12T04:52:22.282+0000] {logging_mixin.py:190} INFO - [2026-08-12T04:52:22.282+0000] {dag.py:3211} INFO - Sync 1 DAGs
[2026-08-12T04:52:22.311+0000] {logging_mixin.py:190} INFO - [2026-08-12T04:52:22.310+0000] {dag.py:4138} INFO - Setting next_dagrun for example_short_circuit_decorator to 2026-08-11 00:00:00+00:00, run_after=2026-08-12 00:00:00+00:00
[2026-08-12T04:52:22.335+0000] {processor.py:208} INFO - Processing /home/airflow/.local/lib/python3.12/site-packages/airflow/example_dags/example_short_circuit_decorator.py took 0.103 seconds
[2026-08-12T04:52:53.172+0000] {processor.py:186} INFO - Started process (PID=2512) to work on /home/airflow/.local/lib/python3.12/site-packages/airflow/example_dags/example_short_circuit_decorator.py
[2026-08-12T04:52:53.174+0000] {processor.py:914} INFO - Processing file /home/airflow/.local/lib/python3.12/site-packages/airflow/example_dags/example_short_circuit_decorator.py for tasks to queue
[2026-08-12T04:52:53.177+0000] {logging_mixin.py:190} INFO - [2026-08-12T04:52:53.177+0000] {dagbag.py:587} INFO - Filling up the DagBag from /home/airflow/.local/lib/python3.12/site-packages/airflow/example_dags/example_short_circuit_decorator.py
[2026-08-12T04:52:53.188+0000] {processor.py:925} INFO - DAG(s) 'example_short_circuit_decorator' retrieved from /home/airflow/.local/lib/python3.12/site-packages/airflow/example_dags/example_short_circuit_decorator.py
[2026-08-12T04:52:53.213+0000] {logging_mixin.py:190} INFO - [2026-08-12T04:52:53.212+0000] {dag.py:3211} INFO - Sync 1 DAGs
[2026-08-12T04:52:53.240+0000] {logging_mixin.py:190} INFO - [2026-08-12T04:52:53.240+0000] {dag.py:4138} INFO - Setting next_dagrun for example_short_circuit_decorator to 2026-08-11 00:00:00+00:00, run_after=2026-08-12 00:00:00+00:00
[2026-08-12T04:52:53.261+0000] {processor.py:208} INFO - Processing /home/airflow/.local/lib/python3.12/site-packages/airflow/example_dags/example_short_circuit_decorator.py took 0.096 seconds
[2026-08-12T04:53:24.169+0000] {processor.py:186} INFO - Started process (PID=2575) to work on /home/airflow/.local/lib/python3.12/site-packages/airflow/example_dags/example_short_circuit_decorator.py
[2026-08-12T04:53:24.171+0000] {processor.py:914} INFO - Processing file /home/airflow/.local/lib/python3.12/site-packages/airflow/example_dags/example_short_circuit_decorator.py for tasks to queue
[2026-08-12T04:53:24.174+0000] {logging_mixin.py:190} INFO - [2026-08-12T04:53:24.174+0000] {dagbag.py:587} INFO - Filling up the DagBag from /home/airflow/.local/lib/python3.12/site-packages/airflow/example_dags/example_short_circuit_decorator.py
[2026-08-12T04:53:24.185+0000] {processor.py:925} INFO - DAG(s) 'example_short_circuit_decorator' retrieved from /home/airflow/.local/lib/python3.12/site-packages/airflow/example_dags/example_short_circuit_decorator.py
[2026-08-12T04:53:24.209+0000] {logging_mixin.py:190} INFO - [2026-08-12T04:53:24.208+0000] {dag.py:3211} INFO - Sync 1 DAGs
[2026-08-12T04:53:24.238+0000] {logging_mixin.py:190} INFO - [2026-08-12T04:53:24.237+0000] {dag.py:4138} INFO - Setting next_dagrun for example_short_circuit_decorator to 2026-08-11 00:00:00+00:00, run_after=2026-08-12 00:00:00+00:00
[2026-08-12T04:53:24.258+0000] {processor.py:208} INFO - Processing /home/airflow/.local/lib/python3.12/site-packages/airflow/example_dags/example_short_circuit_decorator.py took 0.095 seconds
[2026-08-12T04:53:54.931+0000] {processor.py:186} INFO - Started process (PID=2638) to work on /home/airflow/.local/lib/python3.12/site-packages/airflow/example_dags/example_short_circuit_decorator.py
[2026-08-12T04:53:54.932+0000] {processor.py:914} INFO - Processing file /home/airflow/.local/lib/python3.12/site-packages/airflow/example_dags/example_short_circuit_decorator.py for tasks to queue
[2026-08-12T04:53:54.935+0000] {logging_mixin.py:190} INFO - [2026-08-12T04:53:54.935+0000] {dagbag.py:587} INFO - Filling up the DagBag from /home/airflow/.local/lib/python3.12/site-packages/airflow/example_dags/example_short_circuit_decorator.py
[2026-08-12T04:53:54.946+0000] {processor.py:925} INFO - DAG(s) 'example_short_circuit_decorator' retrieved from /home/airflow/.local/lib/python3.12/site-packages/airflow/example_dags/example_short_circuit_decorator.py
[2026-08-12T04:53:54.973+0000] {logging_mixin.py:190} INFO - [2026-08-12T04:53:54.973+0000] {dag.py:3211} INFO - Sync 1 DAGs
[2026-08-12T04:53:54.998+0000] {logging_mixin.py:190} INFO - [2026-08-12T04:53:54.997+0000] {dag.py:4138} INFO - Setting next_dagrun for example_short_circuit_decorator to 2026-08-11 00:00:00+00:00, run_after=2026-08-12 00:00:00+00:00
[2026-08-12T04:53:55.019+0000] {processor.py:208} INFO - Processing /home/airflow/.local/lib/python3.12/site-packages/airflow/example_dags/example_short_circuit_decorator.py took 0.094 seconds
[2026-08-12T04:54:25.783+0000] {processor.py:186} INFO - Started process (PID=2701) to work on /home/airflow/.local/lib/python3.12/site-packages/airflow/example_dags/example_short_circuit_decorator.py
[2026-08-12T04:54:25.785+0000] {processor.py:914} INFO - Processing file /home/airflow/.local/lib/python3.12/site-packages/airflow/example_dags/example_short_circuit_decorator.py for tasks to queue
[2026-08-12T04:54:25.789+0000] {logging_mixin.py:190} INFO - [2026-08-12T04:54:25.788+0000] {dagbag.py:587} INFO - Filling up the DagBag from /home/airflow/.local/lib/python3.12/site-packages/airflow/example_dags/example_short_circuit_decorator.py
[2026-08-12T04:54:25.803+0000] {processor.py:925} INFO - DAG(s) 'example_short_circuit_decorator' retrieved from /home/airflow/.local/lib/python3.12/site-packages/airflow/example_dags/example_short_circuit_decorator.py
[2026-08-12T04:54:25.831+0000] {logging_mixin.py:190} INFO - [2026-08-12T04:54:25.831+0000] {dag.py:3211} INFO - Sync 1 DAGs
[2026-08-12T04:54:25.859+0000] {logging_mixin.py:190} INFO - [2026-08-12T04:54:25.859+0000] {dag.py:4138} INFO - Setting next_dagrun for example_short_circuit_decorator to 2026-08-11 00:00:00+00:00, run_after=2026-08-12 00:00:00+00:00
[2026-08-12T04:54:25.883+0000] {processor.py:208} INFO - Processing /home/airflow/.local/lib/python3.12/site-packages/airflow/example_dags/example_short_circuit_decorator.py took 0.108 seconds
[2026-08-12T04:54:56.367+0000] {processor.py:186} INFO - Started process (PID=2764) to work on /home/airflow/.local/lib/python3.12/site-packages/airflow/example_dags/example_short_circuit_decorator.py
[2026-08-12T04:54:56.369+0000] {processor.py:914} INFO - Processing file /home/airflow/.local/lib/python3.12/site-packages/airflow/example_dags/example_short_circuit_decorator.py for tasks to queue
[2026-08-12T04:54:56.372+0000] {logging_mixin.py:190} INFO - [2026-08-12T04:54:56.372+0000] {dagbag.py:587} INFO - Filling up the DagBag from /home/airflow/.local/lib/python3.12/site-packages/airflow/example_dags/example_short_circuit_decorator.py
[2026-08-12T04:54:56.383+0000] {processor.py:925} INFO - DAG(s) 'example_short_circuit_decorator' retrieved from /home/airflow/.local/lib/python3.12/site-packages/airflow/example_dags/example_short_circuit_decorator.py
[2026-08-12T04:54:56.412+0000] {logging_mixin.py:190} INFO - [2026-08-12T04:54:56.411+0000] {dag.py:3211} INFO - Sync 1 DAGs
[2026-08-12T04:54:56.451+0000] {logging_mixin.py:190} INFO - [2026-08-12T04:54:56.451+0000] {dag.py:4138} INFO - Setting next_dagrun for example_short_circuit_decorator to 2026-08-11 00:00:00+00:00, run_after=2026-08-12 00:00:00+00:00
[2026-08-12T04:54:56.478+0000] {processor.py:208} INFO - Processing /home/airflow/.local/lib/python3.12/site-packages/airflow/example_dags/example_short_circuit_decorator.py took 0.118 seconds
[2026-08-12T04:55:27.208+0000] {processor.py:186} INFO - Started process (PID=2827) to work on /home/airflow/.local/lib/python3.12/site-packages/airflow/example_dags/example_short_circuit_decorator.py
[2026-08-12T04:55:27.209+0000] {processor.py:914} INFO - Processing file /home/airflow/.local/lib/python3.12/site-packages/airflow/example_dags/example_short_circuit_decorator.py for tasks to queue
[2026-08-12T04:55:27.212+0000] {logging_mixin.py:190} INFO - [2026-08-12T04:55:27.212+0000] {dagbag.py:587} INFO - Filling up the DagBag from /home/airflow/.local/lib/python3.12/site-packages/airflow/example_dags/example_short_circuit_decorator.py
[2026-08-12T04:55:27.223+0000] {processor.py:925} INFO - DAG(s) 'example_short_circuit_decorator' retrieved from /home/airflow/.local/lib/python3.12/site-packages/airflow/example_dags/example_short_circuit_decorator.py
[2026-08-12T04:55:27.244+0000] {logging_mixin.py:190} INFO - [2026-08-12T04:55:27.244+0000] {dag.py:3211} INFO - Sync 1 DAGs
[2026-08-12T04:55:27.265+0000] {logging_mixin.py:190} INFO - [2026-08-12T04:55:27.265+0000] {dag.py:4138} INFO - Setting next_dagrun for example_short_circuit_decorator to 2026-08-11 00:00:00+00:00, run_after=2026-08-12 00:00:00+00:00
[2026-08-12T04:55:27.284+0000] {processor.py:208} INFO - Processing /home/airflow/.local/lib/python3.12/site-packages/airflow/example_dags/example_short_circuit_decorator.py took 0.083 seconds
[2026-08-12T04:55:57.824+0000] {processor.py:186} INFO - Started process (PID=2890) to work on /home/airflow/.local/lib/python3.12/site-packages/airflow/example_dags/example_short_circuit_decorator.py
[2026-08-12T04:55:57.825+0000] {processor.py:914} INFO - Processing file /home/airflow/.local/lib/python3.12/site-packages/airflow/example_dags/example_short_circuit_decorator.py for tasks to queue
[2026-08-12T04:55:57.829+0000] {logging_mixin.py:190} INFO - [2026-08-12T04:55:57.828+0000] {dagbag.py:587} INFO - Filling up the DagBag from /home/airflow/.local/lib/python3.12/site-packages/airflow/example_dags/example_short_circuit_decorator.py
[2026-08-12T04:55:57.842+0000] {processor.py:925} INFO - DAG(s) 'example_short_circuit_decorator' retrieved from /home/airflow/.local/lib/python3.12/site-packages/airflow/example_dags/example_short_circuit_decorator.py
[2026-08-12T04:55:57.867+0000] {logging_mixin.py:190} INFO - [2026-08-12T04:55:57.867+0000] {dag.py:3211} INFO - Sync 1 DAGs
[2026-08-12T04:55:57.894+0000] {logging_mixin.py:190} INFO - [2026-08-12T04:55:57.894+0000] {dag.py:4138} INFO - Setting next_dagrun for example_short_circuit_decorator to 2026-08-11 00:00:00+00:00, run_after=2026-08-12 00:00:00+00:00
[2026-08-12T04:55:57.914+0000] {processor.py:208} INFO - Processing /home/airflow/.local/lib/python3.12/site-packages/airflow/example_dags/example_short_circuit_decorator.py took 0.096 seconds
[2026-08-12T04:56:28.433+0000] {processor.py:186} INFO - Started process (PID=2953) to work on /home/airflow/.local/lib/python3.12/site-packages/airflow/example_dags/example_short_circuit_decorator.py
[2026-08-12T04:56:28.435+0000] {processor.py:914} INFO - Processing file /home/airflow/.local/lib/python3.12/site-packages/airflow/example_dags/example_short_circuit_decorator.py for tasks to queue
[2026-08-12T04:56:28.439+0000] {logging_mixin.py:190} INFO - [2026-08-12T04:56:28.438+0000] {dagbag.py:587} INFO - Filling up the DagBag from /home/airflow/.local/lib/python3.12/site-packages/airflow/example_dags/example_short_circuit_decorator.py
[2026-08-12T04:56:28.455+0000] {processor.py:925} INFO - DAG(s) 'example_short_circuit_decorator' retrieved from /home/airflow/.local/lib/python3.12/site-packages/airflow/example_dags/example_short_circuit_decorator.py
[2026-08-12T04:56:28.487+0000] {logging_mixin.py:190} INFO - [2026-08-12T04:56:28.487+0000] {dag.py:3211} INFO - Sync 1 DAGs
[2026-08-12T04:56:28.513+0000] {logging_mixin.py:190} INFO - [2026-08-12T04:56:28.513+0000] {dag.py:4138} INFO - Setting next_dagrun for example_short_circuit_decorator to 2026-08-11 00:00:00+00:00, run_after=2026-08-12 00:00:00+00:00
[2026-08-12T04:56:28.533+0000] {processor.py:208} INFO - Processing /home/airflow/.local/lib/python3.12/site-packages/airflow/example_dags/example_short_circuit_decorator.py took 0.107 seconds
[2026-08-12T04:56:58.723+0000] {processor.py:186} INFO - Started process (PID=3016) to work on /home/airflow/.local/lib/python3.12/site-packages/airflow/example_dags/example_short_circuit_decorator.py
[2026-08-12T04:56:58.726+0000] {processor.py:914} INFO - Processing file /home/airflow/.local/lib/python3.12/site-packages/airflow/example_dags/example_short_circuit_decorator.py for tasks to queue
[2026-08-12T04:56:58.731+0000] {logging_mixin.py:190} INFO - [2026-08-12T04:56:58.730+0000] {dagbag.py:587} INFO - Filling up the DagBag from /home/airflow/.local/lib/python3.12/site-packages/airflow/example_dags/example_short_circuit_decorator.py
[2026-08-12T04:56:58.751+0000] {processor.py:925} INFO - DAG(s) 'example_short_circuit_decorator' retrieved from /home/airflow/.local/lib/python3.12/site-packages/airflow/example_dags/example_short_circuit_decorator.py
[2026-08-12T04:56:58.782+0000] {logging_mixin.py:190} INFO - [2026-08-12T04:56:58.782+0000] {dag.py:3211} INFO - Sync 1 DAGs
[2026-08-12T04:56:58.807+0000] {logging_mixin.py:190} INFO - [2026-08-12T04:56:58.806+0000] {dag.py:4138} INFO - Setting next_dagrun for example_short_circuit_decorator to 2026-08-11 00:00:00+00:00, run_after=2026-08-12 00:00:00+00:00
[2026-08-12T04:56:58.827+0000] {processor.py:208} INFO - Processing /home/airflow/.local/lib/python3.12/site-packages/airflow/example_dags/example_short_circuit_decorator.py took 0.118 seconds
[2026-08-12T04:57:29.017+0000] {processor.py:186} INFO - Started process (PID=3079) to work on /home/airflow/.local/lib/python3.12/site-packages/airflow/example_dags/example_short_circuit_decorator.py
[2026-08-12T04:57:29.019+0000] {processor.py:914} INFO - Processing file /home/airflow/.local/lib/python3.12/site-packages/airflow/example_dags/example_short_circuit_decorator.py for tasks to queue
[2026-08-12T04:57:29.022+0000] {logging_mixin.py:190} INFO - [2026-08-12T04:57:29.021+0000] {dagbag.py:587} INFO - Filling up the DagBag from /home/airflow/.local/lib/python3.12/site-packages/airflow/example_dags/example_short_circuit_decorator.py
[2026-08-12T04:57:29.031+0000] {processor.py:925} INFO - DAG(s) 'example_short_circuit_decorator' retrieved from /home/airflow/.local/lib/python3.12/site-packages/airflow/example_dags/example_short_circuit_decorator.py
[2026-08-12T04:57:29.055+0000] {logging_mixin.py:190} INFO - [2026-08-12T04:57:29.055+0000] {dag.py:3211} INFO - Sync 1 DAGs
[2026-08-12T04:57:29.080+0000] {logging_mixin.py:190} INFO - [2026-08-12T04:57:29.080+0000] {dag.py:4138} INFO - Setting next_dagrun for example_short_circuit_decorator to 2026-08-11 00:00:00+00:00, run_after=2026-08-12 00:00:00+00:00
[2026-08-12T04:57:29.107+0000] {processor.py:208} INFO - Processing /home/airflow/.local/lib/python3.12/site-packages/airflow/example_dags/example_short_circuit_decorator.py took 0.096 seconds
[2026-08-12T04:57:59.870+0000] {processor.py:186} INFO - Started process (PID=3141) to work on /home/airflow/.local/lib/python3.12/site-packages/airflow/example_dags/example_short_circuit_decorator.py
[2026-08-12T04:57:59.872+0000] {processor.py:914} INFO - Processing file /home/airflow/.local/lib/python3.12/site-packages/airflow/example_dags/example_short_circuit_decorator.py for tasks to queue
[2026-08-12T04:57:59.876+0000] {logging_mixin.py:190} INFO - [2026-08-12T04:57:59.876+0000] {dagbag.py:587} INFO - Filling up the DagBag from /home/airflow/.local/lib/python3.12/site-packages/airflow/example_dags/example_short_circuit_decorator.py
[2026-08-12T04:57:59.892+0000] {processor.py:925} INFO - DAG(s) 'example_short_circuit_decorator' retrieved from /home/airflow/.local/lib/python3.12/site-packages/airflow/example_dags/example_short_circuit_decorator.py
[2026-08-12T04:57:59.922+0000] {logging_mixin.py:190} INFO - [2026-08-12T04:57:59.922+0000] {dag.py:3211} INFO - Sync 1 DAGs
[2026-08-12T04:57:59.948+0000] {logging_mixin.py:190} INFO - [2026-08-12T04:57:59.948+0000] {dag.py:4138} INFO - Setting next_dagrun for example_short_circuit_decorator to 2026-08-11 00:00:00+00:00, run_after=2026-08-12 00:00:00+00:00
[2026-08-12T04:57:59.975+0000] {processor.py:208} INFO - Processing /home/airflow/.local/lib/python3.12/site-packages/airflow/example_dags/example_short_circuit_decorator.py took 0.113 seconds
[2026-08-12T04:58:30.349+0000] {processor.py:186} INFO - Started process (PID=3204) to work on /home/airflow/.local/lib/python3.12/site-packages/airflow/example_dags/example_short_circuit_decorator.py
[2026-08-12T04:58:30.351+0000] {processor.py:914} INFO - Processing file /home/airflow/.local/lib/python3.12/site-packages/airflow/example_dags/example_short_circuit_decorator.py for tasks to queue
[2026-08-12T04:58:30.354+0000] {logging_mixin.py:190} INFO - [2026-08-12T04:58:30.354+0000] {dagbag.py:587} INFO - Filling up the DagBag from /home/airflow/.local/lib/python3.12/site-packages/airflow/example_dags/example_short_circuit_decorator.py
[2026-08-12T04:58:30.369+0000] {processor.py:925} INFO - DAG(s) 'example_short_circuit_decorator' retrieved from /home/airflow/.local/lib/python3.12/site-packages/airflow/example_dags/example_short_circuit_decorator.py
[2026-08-12T04:58:30.397+0000] {logging_mixin.py:190} INFO - [2026-08-12T04:58:30.396+0000] {dag.py:3211} INFO - Sync 1 DAGs
[2026-08-12T04:58:30.422+0000] {logging_mixin.py:190} INFO - [2026-08-12T04:58:30.422+0000] {dag.py:4138} INFO - Setting next_dagrun for example_short_circuit_decorator to 2026-08-11 00:00:00+00:00, run_after=2026-08-12 00:00:00+00:00
[2026-08-12T04:58:30.449+0000] {processor.py:208} INFO - Processing /home/airflow/.local/lib/python3.12/site-packages/airflow/example_dags/example_short_circuit_decorator.py took 0.107 seconds
[2026-08-12T04:59:02.421+0000] {processor.py:186} INFO - Started process (PID=3268) to work on /home/airflow/.local/lib/python3.12/site-packages/airflow/example_dags/example_short_circuit_decorator.py
[2026-08-12T04:59:02.422+0000] {processor.py:914} INFO - Processing file /home/airflow/.local/lib/python3.12/site-packages/airflow/example_dags/example_short_circuit_decorator.py for tasks to queue
[2026-08-12T04:59:02.426+0000] {logging_mixin.py:190} INFO - [2026-08-12T04:59:02.425+0000] {dagbag.py:587} INFO - Filling up the DagBag from /home/airflow/.local/lib/python3.12/site-packages/airflow/example_dags/example_short_circuit_decorator.py
[2026-08-12T04:59:02.435+0000] {processor.py:925} INFO - DAG(s) 'example_short_circuit_decorator' retrieved from /home/airflow/.local/lib/python3.12/site-packages/airflow/example_dags/example_short_circuit_decorator.py
[2026-08-12T04:59:02.623+0000] {logging_mixin.py:190} INFO - [2026-08-12T04:59:02.622+0000] {dag.py:3211} INFO - Sync 1 DAGs
[2026-08-12T04:59:02.641+0000] {logging_mixin.py:190} INFO - [2026-08-12T04:59:02.641+0000] {dag.py:4138} INFO - Setting next_dagrun for example_short_circuit_decorator to 2026-08-11 00:00:00+00:00, run_after=2026-08-12 00:00:00+00:00
[2026-08-12T04:59:02.687+0000] {processor.py:208} INFO - Processing /home/airflow/.local/lib/python3.12/site-packages/airflow/example_dags/example_short_circuit_decorator.py took 0.272 seconds
[2026-08-12T04:59:33.546+0000] {processor.py:186} INFO - Started process (PID=3337) to work on /home/airflow/.local/lib/python3.12/site-packages/airflow/example_dags/example_short_circuit_decorator.py
[2026-08-12T04:59:33.547+0000] {processor.py:914} INFO - Processing file /home/airflow/.local/lib/python3.12/site-packages/airflow/example_dags/example_short_circuit_decorator.py for tasks to queue
[2026-08-12T04:59:33.550+0000] {logging_mixin.py:190} INFO - [2026-08-12T04:59:33.550+0000] {dagbag.py:587} INFO - Filling up the DagBag from /home/airflow/.local/lib/python3.12/site-packages/airflow/example_dags/example_short_circuit_decorator.py
[2026-08-12T04:59:33.561+0000] {processor.py:925} INFO - DAG(s) 'example_short_circuit_decorator' retrieved from /home/airflow/.local/lib/python3.12/site-packages/airflow/example_dags/example_short_circuit_decorator.py
[2026-08-12T04:59:33.584+0000] {logging_mixin.py:190} INFO - [2026-08-12T04:59:33.584+0000] {dag.py:3211} INFO - Sync 1 DAGs
[2026-08-12T04:59:33.788+0000] {logging_mixin.py:190} INFO - [2026-08-12T04:59:33.787+0000] {dag.py:4138} INFO - Setting next_dagrun for example_short_circuit_decorator to 2026-08-11 00:00:00+00:00, run_after=2026-08-12 00:00:00+00:00
[2026-08-12T04:59:33.805+0000] {processor.py:208} INFO - Processing /home/airflow/.local/lib/python3.12/site-packages/airflow/example_dags/example_short_circuit_decorator.py took 0.265 seconds
[2026-08-12T05:00:04.032+0000] {processor.py:186} INFO - Started process (PID=3400) to work on /home/airflow/.local/lib/python3.12/site-packages/airflow/example_dags/example_short_circuit_decorator.py
[2026-08-12T05:00:04.034+0000] {processor.py:914} INFO - Processing file /home/airflow/.local/lib/python3.12/site-packages/airflow/example_dags/example_short_circuit_decorator.py for tasks to queue
[2026-08-12T05:00:04.037+0000] {logging_mixin.py:190} INFO - [2026-08-12T05:00:04.037+0000] {dagbag.py:587} INFO - Filling up the DagBag from /home/airflow/.local/lib/python3.12/site-packages/airflow/example_dags/example_short_circuit_decorator.py
[2026-08-12T05:00:04.048+0000] {processor.py:925} INFO - DAG(s) 'example_short_circuit_decorator' retrieved from /home/airflow/.local/lib/python3.12/site-packages/airflow/example_dags/example_short_circuit_decorator.py
[2026-08-12T05:00:04.073+0000] {logging_mixin.py:190} INFO - [2026-08-12T05:00:04.073+0000] {dag.py:3211} INFO - Sync 1 DAGs
[2026-08-12T05:00:04.102+0000] {logging_mixin.py:190} INFO - [2026-08-12T05:00:04.102+0000] {dag.py:4138} INFO - Setting next_dagrun for example_short_circuit_decorator to 2026-08-11 00:00:00+00:00, run_after=2026-08-12 00:00:00+00:00
[2026-08-12T05:00:04.126+0000] {processor.py:208} INFO - Processing /home/airflow/.local/lib/python3.12/site-packages/airflow/example_dags/example_short_circuit_decorator.py took 0.100 seconds
[2026-08-12T05:00:34.607+0000] {processor.py:186} INFO - Started process (PID=3463) to work on /home/airflow/.local/lib/python3.12/site-packages/airflow/example_dags/example_short_circuit_decorator.py
[2026-08-12T05:00:34.608+0000] {processor.py:914} INFO - Processing file /home/airflow/.local/lib/python3.12/site-packages/airflow/example_dags/example_short_circuit_decorator.py for tasks to queue
[2026-08-12T05:00:34.611+0000] {logging_mixin.py:190} INFO - [2026-08-12T05:00:34.611+0000] {dagbag.py:587} INFO - Filling up the DagBag from /home/airflow/.local/lib/python3.12/site-packages/airflow/example_dags/example_short_circuit_decorator.py
[2026-08-12T05:00:34.620+0000] {processor.py:925} INFO - DAG(s) 'example_short_circuit_decorator' retrieved from /home/airflow/.local/lib/python3.12/site-packages/airflow/example_dags/example_short_circuit_decorator.py
[2026-08-12T05:00:34.641+0000] {logging_mixin.py:190} INFO - [2026-08-12T05:00:34.640+0000] {dag.py:3211} INFO - Sync 1 DAGs
[2026-08-12T05:00:34.660+0000] {logging_mixin.py:190} INFO - [2026-08-12T05:00:34.660+0000] {dag.py:4138} INFO - Setting next_dagrun for example_short_circuit_decorator to 2026-08-11 00:00:00+00:00, run_after=2026-08-12 00:00:00+00:00
[2026-08-12T05:00:34.681+0000] {processor.py:208} INFO - Processing /home/airflow/.local/lib/python3.12/site-packages/airflow/example_dags/example_short_circuit_decorator.py took 0.080 seconds
[2026-08-12T05:01:05.062+0000] {processor.py:186} INFO - Started process (PID=3526) to work on /home/airflow/.local/lib/python3.12/site-packages/airflow/example_dags/example_short_circuit_decorator.py
[2026-08-12T05:01:05.064+0000] {processor.py:914} INFO - Processing file /home/airflow/.local/lib/python3.12/site-packages/airflow/example_dags/example_short_circuit_decorator.py for tasks to queue
[2026-08-12T05:01:05.066+0000] {logging_mixin.py:190} INFO - [2026-08-12T05:01:05.066+0000] {dagbag.py:587} INFO - Filling up the DagBag from /home/airflow/.local/lib/python3.12/site-packages/airflow/example_dags/example_short_circuit_decorator.py
[2026-08-12T05:01:05.078+0000] {processor.py:925} INFO - DAG(s) 'example_short_circuit_decorator' retrieved from /home/airflow/.local/lib/python3.12/site-packages/airflow/example_dags/example_short_circuit_decorator.py
[2026-08-12T05:01:05.102+0000] {logging_mixin.py:190} INFO - [2026-08-12T05:01:05.102+0000] {dag.py:3211} INFO - Sync 1 DAGs
[2026-08-12T05:01:05.125+0000] {logging_mixin.py:190} INFO - [2026-08-12T05:01:05.125+0000] {dag.py:4138} INFO - Setting next_dagrun for example_short_circuit_decorator to 2026-08-11 00:00:00+00:00, run_after=2026-08-12 00:00:00+00:00
[2026-08-12T05:01:05.148+0000] {processor.py:208} INFO - Processing /home/airflow/.local/lib/python3.12/site-packages/airflow/example_dags/example_short_circuit_decorator.py took 0.093 seconds
[2026-08-12T05:01:35.574+0000] {processor.py:186} INFO - Started process (PID=3589) to work on /home/airflow/.local/lib/python3.12/site-packages/airflow/example_dags/example_short_circuit_decorator.py
[2026-08-12T05:01:35.576+0000] {processor.py:914} INFO - Processing file /home/airflow/.local/lib/python3.12/site-packages/airflow/example_dags/example_short_circuit_decorator.py for tasks to queue
[2026-08-12T05:01:35.579+0000] {logging_mixin.py:190} INFO - [2026-08-12T05:01:35.579+0000] {dagbag.py:587} INFO - Filling up the DagBag from /home/airflow/.local/lib/python3.12/site-packages/airflow/example_dags/example_short_circuit_decorator.py
[2026-08-12T05:01:35.591+0000] {processor.py:925} INFO - DAG(s) 'example_short_circuit_decorator' retrieved from /home/airflow/.local/lib/python3.12/site-packages/airflow/example_dags/example_short_circuit_decorator.py
[2026-08-12T05:01:35.615+0000] {logging_mixin.py:190} INFO - [2026-08-12T05:01:35.615+0000] {dag.py:3211} INFO - Sync 1 DAGs
[2026-08-12T05:01:35.641+0000] {logging_mixin.py:190} INFO - [2026-08-12T05:01:35.641+0000] {dag.py:4138} INFO - Setting next_dagrun for example_short_circuit_decorator to 2026-08-11 00:00:00+00:00, run_after=2026-08-12 00:00:00+00:00
[2026-08-12T05:01:35.672+0000] {processor.py:208} INFO - Processing /home/airflow/.local/lib/python3.12/site-packages/airflow/example_dags/example_short_circuit_decorator.py took 0.104 seconds
[2026-08-12T05:02:06.384+0000] {processor.py:186} INFO - Started process (PID=3652) to work on /home/airflow/.local/lib/python3.12/site-packages/airflow/example_dags/example_short_circuit_decorator.py
[2026-08-12T05:02:06.386+0000] {processor.py:914} INFO - Processing file /home/airflow/.local/lib/python3.12/site-packages/airflow/example_dags/example_short_circuit_decorator.py for tasks to queue
[2026-08-12T05:02:06.390+0000] {logging_mixin.py:190} INFO - [2026-08-12T05:02:06.389+0000] {dagbag.py:587} INFO - Filling up the DagBag from /home/airflow/.local/lib/python3.12/site-packages/airflow/example_dags/example_short_circuit_decorator.py
[2026-08-12T05:02:06.402+0000] {processor.py:925} INFO - DAG(s) 'example_short_circuit_decorator' retrieved from /home/airflow/.local/lib/python3.12/site-packages/airflow/example_dags/example_short_circuit_decorator.py
[2026-08-12T05:02:06.429+0000] {logging_mixin.py:190} INFO - [2026-08-12T05:02:06.429+0000] {dag.py:3211} INFO - Sync 1 DAGs
[2026-08-12T05:02:06.457+0000] {logging_mixin.py:190} INFO - [2026-08-12T05:02:06.456+0000] {dag.py:4138} INFO - Setting next_dagrun for example_short_circuit_decorator to 2026-08-11 00:00:00+00:00, run_after=2026-08-12 00:00:00+00:00
[2026-08-12T05:02:06.477+0000] {processor.py:208} INFO - Processing /home/airflow/.local/lib/python3.12/site-packages/airflow/example_dags/example_short_circuit_decorator.py took 0.102 seconds
[2026-08-12T05:02:36.793+0000] {processor.py:186} INFO - Started process (PID=3715) to work on /home/airflow/.local/lib/python3.12/site-packages/airflow/example_dags/example_short_circuit_decorator.py
[2026-08-12T05:02:36.794+0000] {processor.py:914} INFO - Processing file /home/airflow/.local/lib/python3.12/site-packages/airflow/example_dags/example_short_circuit_decorator.py for tasks to queue
[2026-08-12T05:02:36.798+0000] {logging_mixin.py:190} INFO - [2026-08-12T05:02:36.797+0000] {dagbag.py:587} INFO - Filling up the DagBag from /home/airflow/.local/lib/python3.12/site-packages/airflow/example_dags/example_short_circuit_decorator.py
[2026-08-12T05:02:36.809+0000] {processor.py:925} INFO - DAG(s) 'example_short_circuit_decorator' retrieved from /home/airflow/.local/lib/python3.12/site-packages/airflow/example_dags/example_short_circuit_decorator.py
[2026-08-12T05:02:36.830+0000] {logging_mixin.py:190} INFO - [2026-08-12T05:02:36.830+0000] {dag.py:3211} INFO - Sync 1 DAGs
[2026-08-12T05:02:36.852+0000] {logging_mixin.py:190} INFO - [2026-08-12T05:02:36.852+0000] {dag.py:4138} INFO - Setting next_dagrun for example_short_circuit_decorator to 2026-08-11 00:00:00+00:00, run_after=2026-08-12 00:00:00+00:00
[2026-08-12T05:02:36.873+0000] {processor.py:208} INFO - Processing /home/airflow/.local/lib/python3.12/site-packages/airflow/example_dags/example_short_circuit_decorator.py took 0.086 seconds
[2026-08-12T05:03:07.357+0000] {processor.py:186} INFO - Started process (PID=3778) to work on /home/airflow/.local/lib/python3.12/site-packages/airflow/example_dags/example_short_circuit_decorator.py
[2026-08-12T05:03:07.359+0000] {processor.py:914} INFO - Processing file /home/airflow/.local/lib/python3.12/site-packages/airflow/example_dags/example_short_circuit_decorator.py for tasks to queue
[2026-08-12T05:03:07.364+0000] {logging_mixin.py:190} INFO - [2026-08-12T05:03:07.363+0000] {dagbag.py:587} INFO - Filling up the DagBag from /home/airflow/.local/lib/python3.12/site-packages/airflow/example_dags/example_short_circuit_decorator.py
[2026-08-12T05:03:07.378+0000] {processor.py:925} INFO - DAG(s) 'example_short_circuit_decorator' retrieved from /home/airflow/.local/lib/python3.12/site-packages/airflow/example_dags/example_short_circuit_decorator.py
[2026-08-12T05:03:07.404+0000] {logging_mixin.py:190} INFO - [2026-08-12T05:03:07.404+0000] {dag.py:3211} INFO - Sync 1 DAGs
[2026-08-12T05:03:07.426+0000] {logging_mixin.py:190} INFO - [2026-08-12T05:03:07.426+0000] {dag.py:4138} INFO - Setting next_dagrun for example_short_circuit_decorator to 2026-08-11 00:00:00+00:00, run_after=2026-08-12 00:00:00+00:00
[2026-08-12T05:03:07.447+0000] {processor.py:208} INFO - Processing /home/airflow/.local/lib/python3.12/site-packages/airflow/example_dags/example_short_circuit_decorator.py took 0.097 seconds
[2026-08-12T05:03:37.685+0000] {processor.py:186} INFO - Started process (PID=3841) to work on /home/airflow/.local/lib/python3.12/site-packages/airflow/example_dags/example_short_circuit_decorator.py
[2026-08-12T05:03:37.686+0000] {processor.py:914} INFO - Processing file /home/airflow/.local/lib/python3.12/site-packages/airflow/example_dags/example_short_circuit_decorator.py for tasks to queue
[2026-08-12T05:03:37.688+0000] {logging_mixin.py:190} INFO - [2026-08-12T05:03:37.688+0000] {dagbag.py:587} INFO - Filling up the DagBag from /home/airflow/.local/lib/python3.12/site-packages/airflow/example_dags/example_short_circuit_decorator.py
[2026-08-12T05:03:37.697+0000] {processor.py:925} INFO - DAG(s) 'example_short_circuit_decorator' retrieved from /home/airflow/.local/lib/python3.12/site-packages/airflow/example_dags/example_short_circuit_decorator.py
[2026-08-12T05:03:37.718+0000] {logging_mixin.py:190} INFO - [2026-08-12T05:03:37.718+0000] {dag.py:3211} INFO - Sync 1 DAGs
[2026-08-12T05:03:37.738+0000] {logging_mixin.py:190} INFO - [2026-08-12T05:03:37.738+0000] {dag.py:4138} INFO - Setting next_dagrun for example_short_circuit_decorator to 2026-08-11 00:00:00+00:00, run_after=2026-08-12 00:00:00+00:00
[2026-08-12T05:03:37.755+0000] {processor.py:208} INFO - Processing /home/airflow/.local/lib/python3.12/site-packages/airflow/example_dags/example_short_circuit_decorator.py took 0.076 seconds
[2026-08-12T05:04:08.189+0000] {processor.py:186} INFO - Started process (PID=3905) to work on /home/airflow/.local/lib/python3.12/site-packages/airflow/example_dags/example_short_circuit_decorator.py
[2026-08-12T05:04:08.191+0000] {processor.py:914} INFO - Processing file /home/airflow/.local/lib/python3.12/site-packages/airflow/example_dags/example_short_circuit_decorator.py for tasks to queue
[2026-08-12T05:04:08.194+0000] {logging_mixin.py:190} INFO - [2026-08-12T05:04:08.194+0000] {dagbag.py:587} INFO - Filling up the DagBag from /home/airflow/.local/lib/python3.12/site-packages/airflow/example_dags/example_short_circuit_decorator.py
[2026-08-12T05:04:08.206+0000] {processor.py:925} INFO - DAG(s) 'example_short_circuit_decorator' retrieved from /home/airflow/.local/lib/python3.12/site-packages/airflow/example_dags/example_short_circuit_decorator.py
[2026-08-12T05:04:08.231+0000] {logging_mixin.py:190} INFO - [2026-08-12T05:04:08.230+0000] {dag.py:3211} INFO - Sync 1 DAGs
[2026-08-12T05:04:08.256+0000] {logging_mixin.py:190} INFO - [2026-08-12T05:04:08.256+0000] {dag.py:4138} INFO - Setting next_dagrun for example_short_circuit_decorator to 2026-08-11 00:00:00+00:00, run_after=2026-08-12 00:00:00+00:00
[2026-08-12T05:04:08.278+0000] {processor.py:208} INFO - Processing /home/airflow/.local/lib/python3.12/site-packages/airflow/example_dags/example_short_circuit_decorator.py took 0.095 seconds
[2026-08-12T05:04:38.469+0000] {processor.py:186} INFO - Started process (PID=3968) to work on /home/airflow/.local/lib/python3.12/site-packages/airflow/example_dags/example_short_circuit_decorator.py
[2026-08-12T05:04:38.471+0000] {processor.py:914} INFO - Processing file /home/airflow/.local/lib/python3.12/site-packages/airflow/example_dags/example_short_circuit_decorator.py for tasks to queue
[2026-08-12T05:04:38.474+0000] {logging_mixin.py:190} INFO - [2026-08-12T05:04:38.474+0000] {dagbag.py:587} INFO - Filling up the DagBag from /home/airflow/.local/lib/python3.12/site-packages/airflow/example_dags/example_short_circuit_decorator.py
[2026-08-12T05:04:38.488+0000] {processor.py:925} INFO - DAG(s) 'example_short_circuit_decorator' retrieved from /home/airflow/.local/lib/python3.12/site-packages/airflow/example_dags/example_short_circuit_decorator.py
[2026-08-12T05:04:38.516+0000] {logging_mixin.py:190} INFO - [2026-08-12T05:04:38.516+0000] {dag.py:3211} INFO - Sync 1 DAGs
[2026-08-12T05:04:38.540+0000] {logging_mixin.py:190} INFO - [2026-08-12T05:04:38.540+0000] {dag.py:4138} INFO - Setting next_dagrun for example_short_circuit_decorator to 2026-08-11 00:00:00+00:00, run_after=2026-08-12 00:00:00+00:00
[2026-08-12T05:04:38.561+0000] {processor.py:208} INFO - Processing /home/airflow/.local/lib/python3.12/site-packages/airflow/example_dags/example_short_circuit_decorator.py took 0.099 seconds
[2026-08-12T05:05:08.904+0000] {processor.py:186} INFO - Started process (PID=4031) to work on /home/airflow/.local/lib/python3.12/site-packages/airflow/example_dags/example_short_circuit_decorator.py
[2026-08-12T05:05:08.907+0000] {processor.py:914} INFO - Processing file /home/airflow/.local/lib/python3.12/site-packages/airflow/example_dags/example_short_circuit_decorator.py for tasks to queue
[2026-08-12T05:05:08.910+0000] {logging_mixin.py:190} INFO - [2026-08-12T05:05:08.910+0000] {dagbag.py:587} INFO - Filling up the DagBag from /home/airflow/.local/lib/python3.12/site-packages/airflow/example_dags/example_short_circuit_decorator.py
[2026-08-12T05:05:08.923+0000] {processor.py:925} INFO - DAG(s) 'example_short_circuit_decorator' retrieved from /home/airflow/.local/lib/python3.12/site-packages/airflow/example_dags/example_short_circuit_decorator.py
[2026-08-12T05:05:08.954+0000] {logging_mixin.py:190} INFO - [2026-08-12T05:05:08.954+0000] {dag.py:3211} INFO - Sync 1 DAGs
[2026-08-12T05:05:08.979+0000] {logging_mixin.py:190} INFO - [2026-08-12T05:05:08.979+0000] {dag.py:4138} INFO - Setting next_dagrun for example_short_circuit_decorator to 2026-08-11 00:00:00+00:00, run_after=2026-08-12 00:00:00+00:00
[2026-08-12T05:05:09.011+0000] {processor.py:208} INFO - Processing /home/airflow/.local/lib/python3.12/site-packages/airflow/example_dags/example_short_circuit_decorator.py took 0.113 seconds
[2026-08-12T05:05:39.412+0000] {processor.py:186} INFO - Started process (PID=4094) to work on /home/airflow/.local/lib/python3.12/site-packages/airflow/example_dags/example_short_circuit_decorator.py
[2026-08-12T05:05:39.413+0000] {processor.py:914} INFO - Processing file /home/airflow/.local/lib/python3.12/site-packages/airflow/example_dags/example_short_circuit_decorator.py for tasks to queue
[2026-08-12T05:05:39.416+0000] {logging_mixin.py:190} INFO - [2026-08-12T05:05:39.416+0000] {dagbag.py:587} INFO - Filling up the DagBag from /home/airflow/.local/lib/python3.12/site-packages/airflow/example_dags/example_short_circuit_decorator.py
[2026-08-12T05:05:39.427+0000] {processor.py:925} INFO - DAG(s) 'example_short_circuit_decorator' retrieved from /home/airflow/.local/lib/python3.12/site-packages/airflow/example_dags/example_short_circuit_decorator.py
[2026-08-12T05:05:39.453+0000] {logging_mixin.py:190} INFO - [2026-08-12T05:05:39.453+0000] {dag.py:3211} INFO - Sync 1 DAGs
[2026-08-12T05:05:39.478+0000] {logging_mixin.py:190} INFO - [2026-08-12T05:05:39.478+0000] {dag.py:4138} INFO - Setting next_dagrun for example_short_circuit_decorator to 2026-08-11 00:00:00+00:00, run_after=2026-08-12 00:00:00+00:00
[2026-08-12T05:05:39.499+0000] {processor.py:208} INFO - Processing /home/airflow/.local/lib/python3.12/site-packages/airflow/example_dags/example_short_circuit_decorator.py took 0.094 seconds
[2026-08-12T05:06:09.828+0000] {processor.py:186} INFO - Started process (PID=4157) to work on /home/airflow/.local/lib/python3.12/site-packages/airflow/example_dags/example_short_circuit_decorator.py
[2026-08-12T05:06:09.829+0000] {processor.py:914} INFO - Processing file /home/airflow/.local/lib/python3.12/site-packages/airflow/example_dags/example_short_circuit_decorator.py for tasks to queue
[2026-08-12T05:06:09.832+0000] {logging_mixin.py:190} INFO - [2026-08-12T05:06:09.832+0000] {dagbag.py:587} INFO - Filling up the DagBag from /home/airflow/.local/lib/python3.12/site-packages/airflow/example_dags/example_short_circuit_decorator.py
[2026-08-12T05:06:09.843+0000] {processor.py:925} INFO - DAG(s) 'example_short_circuit_decorator' retrieved from /home/airflow/.local/lib/python3.12/site-packages/airflow/example_dags/example_short_circuit_decorator.py
[2026-08-12T05:06:09.865+0000] {logging_mixin.py:190} INFO - [2026-08-12T05:06:09.865+0000] {dag.py:3211} INFO - Sync 1 DAGs
[2026-08-12T05:06:09.887+0000] {logging_mixin.py:190} INFO - [2026-08-12T05:06:09.887+0000] {dag.py:4138} INFO - Setting next_dagrun for example_short_circuit_decorator to 2026-08-11 00:00:00+00:00, run_after=2026-08-12 00:00:00+00:00
[2026-08-12T05:06:09.906+0000] {processor.py:208} INFO - Processing /home/airflow/.local/lib/python3.12/site-packages/airflow/example_dags/example_short_circuit_decorator.py took 0.084 seconds
[2026-08-12T05:06:40.399+0000] {processor.py:186} INFO - Started process (PID=4220) to work on /home/airflow/.local/lib/python3.12/site-packages/airflow/example_dags/example_short_circuit_decorator.py
[2026-08-12T05:06:40.401+0000] {processor.py:914} INFO - Processing file /home/airflow/.local/lib/python3.12/site-packages/airflow/example_dags/example_short_circuit_decorator.py for tasks to queue
[2026-08-12T05:06:40.404+0000] {logging_mixin.py:190} INFO - [2026-08-12T05:06:40.403+0000] {dagbag.py:587} INFO - Filling up the DagBag from /home/airflow/.local/lib/python3.12/site-packages/airflow/example_dags/example_short_circuit_decorator.py
[2026-08-12T05:06:40.413+0000] {processor.py:925} INFO - DAG(s) 'example_short_circuit_decorator' retrieved from /home/airflow/.local/lib/python3.12/site-packages/airflow/example_dags/example_short_circuit_decorator.py
[2026-08-12T05:06:40.437+0000] {logging_mixin.py:190} INFO - [2026-08-12T05:06:40.436+0000] {dag.py:3211} INFO - Sync 1 DAGs
[2026-08-12T05:06:40.461+0000] {logging_mixin.py:190} INFO - [2026-08-12T05:06:40.460+0000] {dag.py:4138} INFO - Setting next_dagrun for example_short_circuit_decorator to 2026-08-11 00:00:00+00:00, run_after=2026-08-12 00:00:00+00:00
[2026-08-12T05:06:40.485+0000] {processor.py:208} INFO - Processing /home/airflow/.local/lib/python3.12/site-packages/airflow/example_dags/example_short_circuit_decorator.py took 0.091 seconds
[2026-08-12T05:07:11.262+0000] {processor.py:186} INFO - Started process (PID=4283) to work on /home/airflow/.local/lib/python3.12/site-packages/airflow/example_dags/example_short_circuit_decorator.py
[2026-08-12T05:07:11.263+0000] {processor.py:914} INFO - Processing file /home/airflow/.local/lib/python3.12/site-packages/airflow/example_dags/example_short_circuit_decorator.py for tasks to queue
[2026-08-12T05:07:11.267+0000] {logging_mixin.py:190} INFO - [2026-08-12T05:07:11.267+0000] {dagbag.py:587} INFO - Filling up the DagBag from /home/airflow/.local/lib/python3.12/site-packages/airflow/example_dags/example_short_circuit_decorator.py
[2026-08-12T05:07:11.278+0000] {processor.py:925} INFO - DAG(s) 'example_short_circuit_decorator' retrieved from /home/airflow/.local/lib/python3.12/site-packages/airflow/example_dags/example_short_circuit_decorator.py
[2026-08-12T05:07:11.303+0000] {logging_mixin.py:190} INFO - [2026-08-12T05:07:11.303+0000] {dag.py:3211} INFO - Sync 1 DAGs
[2026-08-12T05:07:11.331+0000] {logging_mixin.py:190} INFO - [2026-08-12T05:07:11.330+0000] {dag.py:4138} INFO - Setting next_dagrun for example_short_circuit_decorator to 2026-08-11 00:00:00+00:00, run_after=2026-08-12 00:00:00+00:00
[2026-08-12T05:07:11.354+0000] {processor.py:208} INFO - Processing /home/airflow/.local/lib/python3.12/site-packages/airflow/example_dags/example_short_circuit_decorator.py took 0.098 seconds
[2026-08-12T05:07:41.594+0000] {processor.py:186} INFO - Started process (PID=4346) to work on /home/airflow/.local/lib/python3.12/site-packages/airflow/example_dags/example_short_circuit_decorator.py
[2026-08-12T05:07:41.596+0000] {processor.py:914} INFO - Processing file /home/airflow/.local/lib/python3.12/site-packages/airflow/example_dags/example_short_circuit_decorator.py for tasks to queue
[2026-08-12T05:07:41.600+0000] {logging_mixin.py:190} INFO - [2026-08-12T05:07:41.600+0000] {dagbag.py:587} INFO - Filling up the DagBag from /home/airflow/.local/lib/python3.12/site-packages/airflow/example_dags/example_short_circuit_decorator.py
[2026-08-12T05:07:41.613+0000] {processor.py:925} INFO - DAG(s) 'example_short_circuit_decorator' retrieved from /home/airflow/.local/lib/python3.12/site-packages/airflow/example_dags/example_short_circuit_decorator.py
[2026-08-12T05:07:41.640+0000] {logging_mixin.py:190} INFO - [2026-08-12T05:07:41.640+0000] {dag.py:3211} INFO - Sync 1 DAGs
[2026-08-12T05:07:41.667+0000] {logging_mixin.py:190} INFO - [2026-08-12T05:07:41.667+0000] {dag.py:4138} INFO - Setting next_dagrun for example_short_circuit_decorator to 2026-08-11 00:00:00+00:00, run_after=2026-08-12 00:00:00+00:00
[2026-08-12T05:07:41.689+0000] {processor.py:208} INFO - Processing /home/airflow/.local/lib/python3.12/site-packages/airflow/example_dags/example_short_circuit_decorator.py took 0.103 seconds
[2026-08-12T05:08:12.716+0000] {processor.py:186} INFO - Started process (PID=4409) to work on /home/airflow/.local/lib/python3.12/site-packages/airflow/example_dags/example_short_circuit_decorator.py
[2026-08-12T05:08:12.718+0000] {processor.py:914} INFO - Processing file /home/airflow/.local/lib/python3.12/site-packages/airflow/example_dags/example_short_circuit_decorator.py for tasks to queue
[2026-08-12T05:08:12.723+0000] {logging_mixin.py:190} INFO - [2026-08-12T05:08:12.722+0000] {dagbag.py:587} INFO - Filling up the DagBag from /home/airflow/.local/lib/python3.12/site-packages/airflow/example_dags/example_short_circuit_decorator.py
[2026-08-12T05:08:12.736+0000] {processor.py:925} INFO - DAG(s) 'example_short_circuit_decorator' retrieved from /home/airflow/.local/lib/python3.12/site-packages/airflow/example_dags/example_short_circuit_decorator.py
[2026-08-12T05:08:12.774+0000] {logging_mixin.py:190} INFO - [2026-08-12T05:08:12.774+0000] {dag.py:3211} INFO - Sync 1 DAGs
[2026-08-12T05:08:12.810+0000] {logging_mixin.py:190} INFO - [2026-08-12T05:08:12.810+0000] {dag.py:4138} INFO - Setting next_dagrun for example_short_circuit_decorator to 2026-08-11 00:00:00+00:00, run_after=2026-08-12 00:00:00+00:00
[2026-08-12T05:08:12.835+0000] {processor.py:208} INFO - Processing /home/airflow/.local/lib/python3.12/site-packages/airflow/example_dags/example_short_circuit_decorator.py took 0.126 seconds
[2026-08-12T05:08:43.390+0000] {processor.py:186} INFO - Started process (PID=4472) to work on /home/airflow/.local/lib/python3.12/site-packages/airflow/example_dags/example_short_circuit_decorator.py
[2026-08-12T05:08:43.391+0000] {processor.py:914} INFO - Processing file /home/airflow/.local/lib/python3.12/site-packages/airflow/example_dags/example_short_circuit_decorator.py for tasks to queue
[2026-08-12T05:08:43.395+0000] {logging_mixin.py:190} INFO - [2026-08-12T05:08:43.395+0000] {dagbag.py:587} INFO - Filling up the DagBag from /home/airflow/.local/lib/python3.12/site-packages/airflow/example_dags/example_short_circuit_decorator.py
[2026-08-12T05:08:43.406+0000] {processor.py:925} INFO - DAG(s) 'example_short_circuit_decorator' retrieved from /home/airflow/.local/lib/python3.12/site-packages/airflow/example_dags/example_short_circuit_decorator.py
[2026-08-12T05:08:43.431+0000] {logging_mixin.py:190} INFO - [2026-08-12T05:08:43.431+0000] {dag.py:3211} INFO - Sync 1 DAGs
[2026-08-12T05:08:43.455+0000] {logging_mixin.py:190} INFO - [2026-08-12T05:08:43.455+0000] {dag.py:4138} INFO - Setting next_dagrun for example_short_circuit_decorator to 2026-08-11 00:00:00+00:00, run_after=2026-08-12 00:00:00+00:00
[2026-08-12T05:08:43.476+0000] {processor.py:208} INFO - Processing /home/airflow/.local/lib/python3.12/site-packages/airflow/example_dags/example_short_circuit_decorator.py took 0.092 seconds
[2026-08-12T05:09:13.728+0000] {processor.py:186} INFO - Started process (PID=4535) to work on /home/airflow/.local/lib/python3.12/site-packages/airflow/example_dags/example_short_circuit_decorator.py
[2026-08-12T05:09:13.729+0000] {processor.py:914} INFO - Processing file /home/airflow/.local/lib/python3.12/site-packages/airflow/example_dags/example_short_circuit_decorator.py for tasks to queue
[2026-08-12T05:09:13.732+0000] {logging_mixin.py:190} INFO - [2026-08-12T05:09:13.732+0000] {dagbag.py:587} INFO - Filling up the DagBag from /home/airflow/.local/lib/python3.12/site-packages/airflow/example_dags/example_short_circuit_decorator.py
[2026-08-12T05:09:13.744+0000] {processor.py:925} INFO - DAG(s) 'example_short_circuit_decorator' retrieved from /home/airflow/.local/lib/python3.12/site-packages/airflow/example_dags/example_short_circuit_decorator.py
[2026-08-12T05:09:13.766+0000] {logging_mixin.py:190} INFO - [2026-08-12T05:09:13.766+0000] {dag.py:3211} INFO - Sync 1 DAGs
[2026-08-12T05:09:13.791+0000] {logging_mixin.py:190} INFO - [2026-08-12T05:09:13.791+0000] {dag.py:4138} INFO - Setting next_dagrun for example_short_circuit_decorator to 2026-08-11 00:00:00+00:00, run_after=2026-08-12 00:00:00+00:00
[2026-08-12T05:09:13.812+0000] {processor.py:208} INFO - Processing /home/airflow/.local/lib/python3.12/site-packages/airflow/example_dags/example_short_circuit_decorator.py took 0.090 seconds
[2026-08-12T05:09:44.413+0000] {processor.py:186} INFO - Started process (PID=4598) to work on /home/airflow/.local/lib/python3.12/site-packages/airflow/example_dags/example_short_circuit_decorator.py
[2026-08-12T05:09:44.415+0000] {processor.py:914} INFO - Processing file /home/airflow/.local/lib/python3.12/site-packages/airflow/example_dags/example_short_circuit_decorator.py for tasks to queue
[2026-08-12T05:09:44.419+0000] {logging_mixin.py:190} INFO - [2026-08-12T05:09:44.419+0000] {dagbag.py:587} INFO - Filling up the DagBag from /home/airflow/.local/lib/python3.12/site-packages/airflow/example_dags/example_short_circuit_decorator.py
[2026-08-12T05:09:44.433+0000] {processor.py:925} INFO - DAG(s) 'example_short_circuit_decorator' retrieved from /home/airflow/.local/lib/python3.12/site-packages/airflow/example_dags/example_short_circuit_decorator.py
[2026-08-12T05:09:44.461+0000] {logging_mixin.py:190} INFO - [2026-08-12T05:09:44.461+0000] {dag.py:3211} INFO - Sync 1 DAGs
[2026-08-12T05:09:44.486+0000] {logging_mixin.py:190} INFO - [2026-08-12T05:09:44.486+0000] {dag.py:4138} INFO - Setting next_dagrun for example_short_circuit_decorator to 2026-08-11 00:00:00+00:00, run_after=2026-08-12 00:00:00+00:00
[2026-08-12T05:09:44.513+0000] {processor.py:208} INFO - Processing /home/airflow/.local/lib/python3.12/site-packages/airflow/example_dags/example_short_circuit_decorator.py took 0.106 seconds
[2026-08-12T05:10:15.155+0000] {processor.py:186} INFO - Started process (PID=4661) to work on /home/airflow/.local/lib/python3.12/site-packages/airflow/example_dags/example_short_circuit_decorator.py
[2026-08-12T05:10:15.157+0000] {processor.py:914} INFO - Processing file /home/airflow/.local/lib/python3.12/site-packages/airflow/example_dags/example_short_circuit_decorator.py for tasks to queue
[2026-08-12T05:10:15.162+0000] {logging_mixin.py:190} INFO - [2026-08-12T05:10:15.161+0000] {dagbag.py:587} INFO - Filling up the DagBag from /home/airflow/.local/lib/python3.12/site-packages/airflow/example_dags/example_short_circuit_decorator.py
[2026-08-12T05:10:15.175+0000] {processor.py:925} INFO - DAG(s) 'example_short_circuit_decorator' retrieved from /home/airflow/.local/lib/python3.12/site-packages/airflow/example_dags/example_short_circuit_decorator.py
[2026-08-12T05:10:15.204+0000] {logging_mixin.py:190} INFO - [2026-08-12T05:10:15.203+0000] {dag.py:3211} INFO - Sync 1 DAGs
[2026-08-12T05:10:15.230+0000] {logging_mixin.py:190} INFO - [2026-08-12T05:10:15.230+0000] {dag.py:4138} INFO - Setting next_dagrun for example_short_circuit_decorator to 2026-08-11 00:00:00+00:00, run_after=2026-08-12 00:00:00+00:00
[2026-08-12T05:10:15.258+0000] {processor.py:208} INFO - Processing /home/airflow/.local/lib/python3.12/site-packages/airflow/example_dags/example_short_circuit_decorator.py took 0.111 seconds
[2026-08-12T05:10:45.640+0000] {processor.py:186} INFO - Started process (PID=4724) to work on /home/airflow/.local/lib/python3.12/site-packages/airflow/example_dags/example_short_circuit_decorator.py
[2026-08-12T05:10:45.641+0000] {processor.py:914} INFO - Processing file /home/airflow/.local/lib/python3.12/site-packages/airflow/example_dags/example_short_circuit_decorator.py for tasks to queue
[2026-08-12T05:10:45.645+0000] {logging_mixin.py:190} INFO - [2026-08-12T05:10:45.645+0000] {dagbag.py:587} INFO - Filling up the DagBag from /home/airflow/.local/lib/python3.12/site-packages/airflow/example_dags/example_short_circuit_decorator.py
[2026-08-12T05:10:45.656+0000] {processor.py:925} INFO - DAG(s) 'example_short_circuit_decorator' retrieved from /home/airflow/.local/lib/python3.12/site-packages/airflow/example_dags/example_short_circuit_decorator.py
[2026-08-12T05:10:45.678+0000] {logging_mixin.py:190} INFO - [2026-08-12T05:10:45.678+0000] {dag.py:3211} INFO - Sync 1 DAGs
[2026-08-12T05:10:45.704+0000] {logging_mixin.py:190} INFO - [2026-08-12T05:10:45.704+0000] {dag.py:4138} INFO - Setting next_dagrun for example_short_circuit_decorator to 2026-08-11 00:00:00+00:00, run_after=2026-08-12 00:00:00+00:00
[2026-08-12T05:10:45.724+0000] {processor.py:208} INFO - Processing /home/airflow/.local/lib/python3.12/site-packages/airflow/example_dags/example_short_circuit_decorator.py took 0.090 seconds
[2026-08-12T05:11:16.008+0000] {processor.py:186} INFO - Started process (PID=4787) to work on /home/airflow/.local/lib/python3.12/site-packages/airflow/example_dags/example_short_circuit_decorator.py
[2026-08-12T05:11:16.009+0000] {processor.py:914} INFO - Processing file /home/airflow/.local/lib/python3.12/site-packages/airflow/example_dags/example_short_circuit_decorator.py for tasks to queue
[2026-08-12T05:11:16.012+0000] {logging_mixin.py:190} INFO - [2026-08-12T05:11:16.012+0000] {dagbag.py:587} INFO - Filling up the DagBag from /home/airflow/.local/lib/python3.12/site-packages/airflow/example_dags/example_short_circuit_decorator.py
[2026-08-12T05:11:16.022+0000] {processor.py:925} INFO - DAG(s) 'example_short_circuit_decorator' retrieved from /home/airflow/.local/lib/python3.12/site-packages/airflow/example_dags/example_short_circuit_decorator.py
[2026-08-12T05:11:16.043+0000] {logging_mixin.py:190} INFO - [2026-08-12T05:11:16.043+0000] {dag.py:3211} INFO - Sync 1 DAGs
[2026-08-12T05:11:16.065+0000] {logging_mixin.py:190} INFO - [2026-08-12T05:11:16.065+0000] {dag.py:4138} INFO - Setting next_dagrun for example_short_circuit_decorator to 2026-08-11 00:00:00+00:00, run_after=2026-08-12 00:00:00+00:00
[2026-08-12T05:11:16.084+0000] {processor.py:208} INFO - Processing /home/airflow/.local/lib/python3.12/site-packages/airflow/example_dags/example_short_circuit_decorator.py took 0.082 seconds
[2026-08-12T05:11:46.561+0000] {processor.py:186} INFO - Started process (PID=4850) to work on /home/airflow/.local/lib/python3.12/site-packages/airflow/example_dags/example_short_circuit_decorator.py
[2026-08-12T05:11:46.563+0000] {processor.py:914} INFO - Processing file /home/airflow/.local/lib/python3.12/site-packages/airflow/example_dags/example_short_circuit_decorator.py for tasks to queue
[2026-08-12T05:11:46.567+0000] {logging_mixin.py:190} INFO - [2026-08-12T05:11:46.566+0000] {dagbag.py:587} INFO - Filling up the DagBag from /home/airflow/.local/lib/python3.12/site-packages/airflow/example_dags/example_short_circuit_decorator.py
[2026-08-12T05:11:46.578+0000] {processor.py:925} INFO - DAG(s) 'example_short_circuit_decorator' retrieved from /home/airflow/.local/lib/python3.12/site-packages/airflow/example_dags/example_short_circuit_decorator.py
[2026-08-12T05:11:46.600+0000] {logging_mixin.py:190} INFO - [2026-08-12T05:11:46.600+0000] {dag.py:3211} INFO - Sync 1 DAGs
[2026-08-12T05:11:46.626+0000] {logging_mixin.py:190} INFO - [2026-08-12T05:11:46.626+0000] {dag.py:4138} INFO - Setting next_dagrun for example_short_circuit_decorator to 2026-08-11 00:00:00+00:00, run_after=2026-08-12 00:00:00+00:00
[2026-08-12T05:11:46.662+0000] {processor.py:208} INFO - Processing /home/airflow/.local/lib/python3.12/site-packages/airflow/example_dags/example_short_circuit_decorator.py took 0.107 seconds
[2026-08-12T05:12:17.367+0000] {processor.py:186} INFO - Started process (PID=4913) to work on /home/airflow/.local/lib/python3.12/site-packages/airflow/example_dags/example_short_circuit_decorator.py
[2026-08-12T05:12:17.369+0000] {processor.py:914} INFO - Processing file /home/airflow/.local/lib/python3.12/site-packages/airflow/example_dags/example_short_circuit_decorator.py for tasks to queue
[2026-08-12T05:12:17.373+0000] {logging_mixin.py:190} INFO - [2026-08-12T05:12:17.372+0000] {dagbag.py:587} INFO - Filling up the DagBag from /home/airflow/.local/lib/python3.12/site-packages/airflow/example_dags/example_short_circuit_decorator.py
[2026-08-12T05:12:17.384+0000] {processor.py:925} INFO - DAG(s) 'example_short_circuit_decorator' retrieved from /home/airflow/.local/lib/python3.12/site-packages/airflow/example_dags/example_short_circuit_decorator.py
[2026-08-12T05:12:17.414+0000] {logging_mixin.py:190} INFO - [2026-08-12T05:12:17.414+0000] {dag.py:3211} INFO - Sync 1 DAGs
[2026-08-12T05:12:17.438+0000] {logging_mixin.py:190} INFO - [2026-08-12T05:12:17.438+0000] {dag.py:4138} INFO - Setting next_dagrun for example_short_circuit_decorator to 2026-08-11 00:00:00+00:00, run_after=2026-08-12 00:00:00+00:00
[2026-08-12T05:12:17.459+0000] {processor.py:208} INFO - Processing /home/airflow/.local/lib/python3.12/site-packages/airflow/example_dags/example_short_circuit_decorator.py took 0.099 seconds
[2026-08-12T05:12:47.891+0000] {processor.py:186} INFO - Started process (PID=4976) to work on /home/airflow/.local/lib/python3.12/site-packages/airflow/example_dags/example_short_circuit_decorator.py
[2026-08-12T05:12:47.893+0000] {processor.py:914} INFO - Processing file /home/airflow/.local/lib/python3.12/site-packages/airflow/example_dags/example_short_circuit_decorator.py for tasks to queue
[2026-08-12T05:12:47.896+0000] {logging_mixin.py:190} INFO - [2026-08-12T05:12:47.896+0000] {dagbag.py:587} INFO - Filling up the DagBag from /home/airflow/.local/lib/python3.12/site-packages/airflow/example_dags/example_short_circuit_decorator.py
[2026-08-12T05:12:47.907+0000] {processor.py:925} INFO - DAG(s) 'example_short_circuit_decorator' retrieved from /home/airflow/.local/lib/python3.12/site-packages/airflow/example_dags/example_short_circuit_decorator.py
[2026-08-12T05:12:47.929+0000] {logging_mixin.py:190} INFO - [2026-08-12T05:12:47.928+0000] {dag.py:3211} INFO - Sync 1 DAGs
[2026-08-12T05:12:47.951+0000] {logging_mixin.py:190} INFO - [2026-08-12T05:12:47.951+0000] {dag.py:4138} INFO - Setting next_dagrun for example_short_circuit_decorator to 2026-08-11 00:00:00+00:00, run_after=2026-08-12 00:00:00+00:00
[2026-08-12T05:12:47.969+0000] {processor.py:208} INFO - Processing /home/airflow/.local/lib/python3.12/site-packages/airflow/example_dags/example_short_circuit_decorator.py took 0.085 seconds
[2026-08-12T05:13:18.308+0000] {processor.py:186} INFO - Started process (PID=5039) to work on /home/airflow/.local/lib/python3.12/site-packages/airflow/example_dags/example_short_circuit_decorator.py
[2026-08-12T05:13:18.310+0000] {processor.py:914} INFO - Processing file /home/airflow/.local/lib/python3.12/site-packages/airflow/example_dags/example_short_circuit_decorator.py for tasks to queue
[2026-08-12T05:13:18.313+0000] {logging_mixin.py:190} INFO - [2026-08-12T05:13:18.313+0000] {dagbag.py:587} INFO - Filling up the DagBag from /home/airflow/.local/lib/python3.12/site-packages/airflow/example_dags/example_short_circuit_decorator.py
[2026-08-12T05:13:18.327+0000] {processor.py:925} INFO - DAG(s) 'example_short_circuit_decorator' retrieved from /home/airflow/.local/lib/python3.12/site-packages/airflow/example_dags/example_short_circuit_decorator.py
[2026-08-12T05:13:18.359+0000] {logging_mixin.py:190} INFO - [2026-08-12T05:13:18.359+0000] {dag.py:3211} INFO - Sync 1 DAGs
[2026-08-12T05:13:18.383+0000] {logging_mixin.py:190} INFO - [2026-08-12T05:13:18.383+0000] {dag.py:4138} INFO - Setting next_dagrun for example_short_circuit_decorator to 2026-08-11 00:00:00+00:00, run_after=2026-08-12 00:00:00+00:00
[2026-08-12T05:13:18.410+0000] {processor.py:208} INFO - Processing /home/airflow/.local/lib/python3.12/site-packages/airflow/example_dags/example_short_circuit_decorator.py took 0.110 seconds
[2026-08-12T05:13:48.799+0000] {processor.py:186} INFO - Started process (PID=5102) to work on /home/airflow/.local/lib/python3.12/site-packages/airflow/example_dags/example_short_circuit_decorator.py
[2026-08-12T05:13:48.800+0000] {processor.py:914} INFO - Processing file /home/airflow/.local/lib/python3.12/site-packages/airflow/example_dags/example_short_circuit_decorator.py for tasks to queue
[2026-08-12T05:13:48.803+0000] {logging_mixin.py:190} INFO - [2026-08-12T05:13:48.803+0000] {dagbag.py:587} INFO - Filling up the DagBag from /home/airflow/.local/lib/python3.12/site-packages/airflow/example_dags/example_short_circuit_decorator.py
[2026-08-12T05:13:48.814+0000] {processor.py:925} INFO - DAG(s) 'example_short_circuit_decorator' retrieved from /home/airflow/.local/lib/python3.12/site-packages/airflow/example_dags/example_short_circuit_decorator.py
[2026-08-12T05:13:48.836+0000] {logging_mixin.py:190} INFO - [2026-08-12T05:13:48.836+0000] {dag.py:3211} INFO - Sync 1 DAGs
[2026-08-12T05:13:48.857+0000] {logging_mixin.py:190} INFO - [2026-08-12T05:13:48.857+0000] {dag.py:4138} INFO - Setting next_dagrun for example_short_circuit_decorator to 2026-08-11 00:00:00+00:00, run_after=2026-08-12 00:00:00+00:00
[2026-08-12T05:13:48.876+0000] {processor.py:208} INFO - Processing /home/airflow/.local/lib/python3.12/site-packages/airflow/example_dags/example_short_circuit_decorator.py took 0.084 seconds
[2026-08-12T05:14:19.404+0000] {processor.py:186} INFO - Started process (PID=5165) to work on /home/airflow/.local/lib/python3.12/site-packages/airflow/example_dags/example_short_circuit_decorator.py
[2026-08-12T05:14:19.406+0000] {processor.py:914} INFO - Processing file /home/airflow/.local/lib/python3.12/site-packages/airflow/example_dags/example_short_circuit_decorator.py for tasks to queue
[2026-08-12T05:14:19.410+0000] {logging_mixin.py:190} INFO - [2026-08-12T05:14:19.409+0000] {dagbag.py:587} INFO - Filling up the DagBag from /home/airflow/.local/lib/python3.12/site-packages/airflow/example_dags/example_short_circuit_decorator.py
[2026-08-12T05:14:19.428+0000] {processor.py:925} INFO - DAG(s) 'example_short_circuit_decorator' retrieved from /home/airflow/.local/lib/python3.12/site-packages/airflow/example_dags/example_short_circuit_decorator.py
[2026-08-12T05:14:19.452+0000] {logging_mixin.py:190} INFO - [2026-08-12T05:14:19.452+0000] {dag.py:3211} INFO - Sync 1 DAGs
[2026-08-12T05:14:19.476+0000] {logging_mixin.py:190} INFO - [2026-08-12T05:14:19.476+0000] {dag.py:4138} INFO - Setting next_dagrun for example_short_circuit_decorator to 2026-08-11 00:00:00+00:00, run_after=2026-08-12 00:00:00+00:00
[2026-08-12T05:14:19.494+0000] {processor.py:208} INFO - Processing /home/airflow/.local/lib/python3.12/site-packages/airflow/example_dags/example_short_circuit_decorator.py took 0.101 seconds
[2026-08-12T05:14:49.794+0000] {processor.py:186} INFO - Started process (PID=5228) to work on /home/airflow/.local/lib/python3.12/site-packages/airflow/example_dags/example_short_circuit_decorator.py
[2026-08-12T05:14:49.796+0000] {processor.py:914} INFO - Processing file /home/airflow/.local/lib/python3.12/site-packages/airflow/example_dags/example_short_circuit_decorator.py for tasks to queue
[2026-08-12T05:14:49.798+0000] {logging_mixin.py:190} INFO - [2026-08-12T05:14:49.798+0000] {dagbag.py:587} INFO - Filling up the DagBag from /home/airflow/.local/lib/python3.12/site-packages/airflow/example_dags/example_short_circuit_decorator.py
[2026-08-12T05:14:49.808+0000] {processor.py:925} INFO - DAG(s) 'example_short_circuit_decorator' retrieved from /home/airflow/.local/lib/python3.12/site-packages/airflow/example_dags/example_short_circuit_decorator.py
[2026-08-12T05:14:49.831+0000] {logging_mixin.py:190} INFO - [2026-08-12T05:14:49.831+0000] {dag.py:3211} INFO - Sync 1 DAGs
[2026-08-12T05:14:49.859+0000] {logging_mixin.py:190} INFO - [2026-08-12T05:14:49.858+0000] {dag.py:4138} INFO - Setting next_dagrun for example_short_circuit_decorator to 2026-08-11 00:00:00+00:00, run_after=2026-08-12 00:00:00+00:00
[2026-08-12T05:14:49.881+0000] {processor.py:208} INFO - Processing /home/airflow/.local/lib/python3.12/site-packages/airflow/example_dags/example_short_circuit_decorator.py took 0.093 seconds
[2026-08-12T05:15:20.680+0000] {processor.py:186} INFO - Started process (PID=5291) to work on /home/airflow/.local/lib/python3.12/site-packages/airflow/example_dags/example_short_circuit_decorator.py
[2026-08-12T05:15:20.682+0000] {processor.py:914} INFO - Processing file /home/airflow/.local/lib/python3.12/site-packages/airflow/example_dags/example_short_circuit_decorator.py for tasks to queue
[2026-08-12T05:15:20.685+0000] {logging_mixin.py:190} INFO - [2026-08-12T05:15:20.684+0000] {dagbag.py:587} INFO - Filling up the DagBag from /home/airflow/.local/lib/python3.12/site-packages/airflow/example_dags/example_short_circuit_decorator.py
[2026-08-12T05:15:20.695+0000] {processor.py:925} INFO - DAG(s) 'example_short_circuit_decorator' retrieved from /home/airflow/.local/lib/python3.12/site-packages/airflow/example_dags/example_short_circuit_decorator.py
[2026-08-12T05:15:20.717+0000] {logging_mixin.py:190} INFO - [2026-08-12T05:15:20.716+0000] {dag.py:3211} INFO - Sync 1 DAGs
[2026-08-12T05:15:20.741+0000] {logging_mixin.py:190} INFO - [2026-08-12T05:15:20.740+0000] {dag.py:4138} INFO - Setting next_dagrun for example_short_circuit_decorator to 2026-08-11 00:00:00+00:00, run_after=2026-08-12 00:00:00+00:00
[2026-08-12T05:15:20.760+0000] {processor.py:208} INFO - Processing /home/airflow/.local/lib/python3.12/site-packages/airflow/example_dags/example_short_circuit_decorator.py took 0.086 seconds
[2026-08-12T05:15:51.239+0000] {processor.py:186} INFO - Started process (PID=5354) to work on /home/airflow/.local/lib/python3.12/site-packages/airflow/example_dags/example_short_circuit_decorator.py
[2026-08-12T05:15:51.241+0000] {processor.py:914} INFO - Processing file /home/airflow/.local/lib/python3.12/site-packages/airflow/example_dags/example_short_circuit_decorator.py for tasks to queue
[2026-08-12T05:15:51.247+0000] {logging_mixin.py:190} INFO - [2026-08-12T05:15:51.246+0000] {dagbag.py:587} INFO - Filling up the DagBag from /home/airflow/.local/lib/python3.12/site-packages/airflow/example_dags/example_short_circuit_decorator.py
[2026-08-12T05:15:51.263+0000] {processor.py:925} INFO - DAG(s) 'example_short_circuit_decorator' retrieved from /home/airflow/.local/lib/python3.12/site-packages/airflow/example_dags/example_short_circuit_decorator.py
[2026-08-12T05:15:51.303+0000] {logging_mixin.py:190} INFO - [2026-08-12T05:15:51.302+0000] {dag.py:3211} INFO - Sync 1 DAGs
[2026-08-12T05:15:51.339+0000] {logging_mixin.py:190} INFO - [2026-08-12T05:15:51.338+0000] {dag.py:4138} INFO - Setting next_dagrun for example_short_circuit_decorator to 2026-08-11 00:00:00+00:00, run_after=2026-08-12 00:00:00+00:00
[2026-08-12T05:15:51.365+0000] {processor.py:208} INFO - Processing /home/airflow/.local/lib/python3.12/site-packages/airflow/example_dags/example_short_circuit_decorator.py took 0.135 seconds
[2026-08-12T05:16:21.811+0000] {processor.py:186} INFO - Started process (PID=5417) to work on /home/airflow/.local/lib/python3.12/site-packages/airflow/example_dags/example_short_circuit_decorator.py
[2026-08-12T05:16:21.813+0000] {processor.py:914} INFO - Processing file /home/airflow/.local/lib/python3.12/site-packages/airflow/example_dags/example_short_circuit_decorator.py for tasks to queue
[2026-08-12T05:16:21.817+0000] {logging_mixin.py:190} INFO - [2026-08-12T05:16:21.816+0000] {dagbag.py:587} INFO - Filling up the DagBag from /home/airflow/.local/lib/python3.12/site-packages/airflow/example_dags/example_short_circuit_decorator.py
[2026-08-12T05:16:21.829+0000] {processor.py:925} INFO - DAG(s) 'example_short_circuit_decorator' retrieved from /home/airflow/.local/lib/python3.12/site-packages/airflow/example_dags/example_short_circuit_decorator.py
[2026-08-12T05:16:21.855+0000] {logging_mixin.py:190} INFO - [2026-08-12T05:16:21.855+0000] {dag.py:3211} INFO - Sync 1 DAGs
[2026-08-12T05:16:21.877+0000] {logging_mixin.py:190} INFO - [2026-08-12T05:16:21.877+0000] {dag.py:4138} INFO - Setting next_dagrun for example_short_circuit_decorator to 2026-08-11 00:00:00+00:00, run_after=2026-08-12 00:00:00+00:00
[2026-08-12T05:16:21.897+0000] {processor.py:208} INFO - Processing /home/airflow/.local/lib/python3.12/site-packages/airflow/example_dags/example_short_circuit_decorator.py took 0.091 seconds
[2026-08-12T05:16:52.249+0000] {processor.py:186} INFO - Started process (PID=5480) to work on /home/airflow/.local/lib/python3.12/site-packages/airflow/example_dags/example_short_circuit_decorator.py
[2026-08-12T05:16:52.251+0000] {processor.py:914} INFO - Processing file /home/airflow/.local/lib/python3.12/site-packages/airflow/example_dags/example_short_circuit_decorator.py for tasks to queue
[2026-08-12T05:16:52.254+0000] {logging_mixin.py:190} INFO - [2026-08-12T05:16:52.253+0000] {dagbag.py:587} INFO - Filling up the DagBag from /home/airflow/.local/lib/python3.12/site-packages/airflow/example_dags/example_short_circuit_decorator.py
[2026-08-12T05:16:52.263+0000] {processor.py:925} INFO - DAG(s) 'example_short_circuit_decorator' retrieved from /home/airflow/.local/lib/python3.12/site-packages/airflow/example_dags/example_short_circuit_decorator.py
[2026-08-12T05:16:52.289+0000] {logging_mixin.py:190} INFO - [2026-08-12T05:16:52.288+0000] {dag.py:3211} INFO - Sync 1 DAGs
[2026-08-12T05:16:52.316+0000] {logging_mixin.py:190} INFO - [2026-08-12T05:16:52.316+0000] {dag.py:4138} INFO - Setting next_dagrun for example_short_circuit_decorator to 2026-08-11 00:00:00+00:00, run_after=2026-08-12 00:00:00+00:00
[2026-08-12T05:16:52.338+0000] {processor.py:208} INFO - Processing /home/airflow/.local/lib/python3.12/site-packages/airflow/example_dags/example_short_circuit_decorator.py took 0.095 seconds
[2026-08-12T05:17:22.899+0000] {processor.py:186} INFO - Started process (PID=5543) to work on /home/airflow/.local/lib/python3.12/site-packages/airflow/example_dags/example_short_circuit_decorator.py
[2026-08-12T05:17:22.901+0000] {processor.py:914} INFO - Processing file /home/airflow/.local/lib/python3.12/site-packages/airflow/example_dags/example_short_circuit_decorator.py for tasks to queue
[2026-08-12T05:17:22.903+0000] {logging_mixin.py:190} INFO - [2026-08-12T05:17:22.903+0000] {dagbag.py:587} INFO - Filling up the DagBag from /home/airflow/.local/lib/python3.12/site-packages/airflow/example_dags/example_short_circuit_decorator.py
[2026-08-12T05:17:22.914+0000] {processor.py:925} INFO - DAG(s) 'example_short_circuit_decorator' retrieved from /home/airflow/.local/lib/python3.12/site-packages/airflow/example_dags/example_short_circuit_decorator.py
[2026-08-12T05:17:22.938+0000] {logging_mixin.py:190} INFO - [2026-08-12T05:17:22.938+0000] {dag.py:3211} INFO - Sync 1 DAGs
[2026-08-12T05:17:22.961+0000] {logging_mixin.py:190} INFO - [2026-08-12T05:17:22.961+0000] {dag.py:4138} INFO - Setting next_dagrun for example_short_circuit_decorator to 2026-08-11 00:00:00+00:00, run_after=2026-08-12 00:00:00+00:00
[2026-08-12T05:17:22.980+0000] {processor.py:208} INFO - Processing /home/airflow/.local/lib/python3.12/site-packages/airflow/example_dags/example_short_circuit_decorator.py took 0.087 seconds
[2026-08-12T05:17:53.661+0000] {processor.py:186} INFO - Started process (PID=5606) to work on /home/airflow/.local/lib/python3.12/site-packages/airflow/example_dags/example_short_circuit_decorator.py
[2026-08-12T05:17:53.662+0000] {processor.py:914} INFO - Processing file /home/airflow/.local/lib/python3.12/site-packages/airflow/example_dags/example_short_circuit_decorator.py for tasks to queue
[2026-08-12T05:17:53.666+0000] {logging_mixin.py:190} INFO - [2026-08-12T05:17:53.665+0000] {dagbag.py:587} INFO - Filling up the DagBag from /home/airflow/.local/lib/python3.12/site-packages/airflow/example_dags/example_short_circuit_decorator.py
[2026-08-12T05:17:53.682+0000] {processor.py:925} INFO - DAG(s) 'example_short_circuit_decorator' retrieved from /home/airflow/.local/lib/python3.12/site-packages/airflow/example_dags/example_short_circuit_decorator.py
[2026-08-12T05:17:53.711+0000] {logging_mixin.py:190} INFO - [2026-08-12T05:17:53.711+0000] {dag.py:3211} INFO - Sync 1 DAGs
[2026-08-12T05:17:53.734+0000] {logging_mixin.py:190} INFO - [2026-08-12T05:17:53.734+0000] {dag.py:4138} INFO - Setting next_dagrun for example_short_circuit_decorator to 2026-08-11 00:00:00+00:00, run_after=2026-08-12 00:00:00+00:00
[2026-08-12T05:17:53.758+0000] {processor.py:208} INFO - Processing /home/airflow/.local/lib/python3.12/site-packages/airflow/example_dags/example_short_circuit_decorator.py took 0.105 seconds
[2026-08-12T05:18:24.704+0000] {processor.py:186} INFO - Started process (PID=5669) to work on /home/airflow/.local/lib/python3.12/site-packages/airflow/example_dags/example_short_circuit_decorator.py
[2026-08-12T05:18:24.705+0000] {processor.py:914} INFO - Processing file /home/airflow/.local/lib/python3.12/site-packages/airflow/example_dags/example_short_circuit_decorator.py for tasks to queue
[2026-08-12T05:18:24.709+0000] {logging_mixin.py:190} INFO - [2026-08-12T05:18:24.708+0000] {dagbag.py:587} INFO - Filling up the DagBag from /home/airflow/.local/lib/python3.12/site-packages/airflow/example_dags/example_short_circuit_decorator.py
[2026-08-12T05:18:24.723+0000] {processor.py:925} INFO - DAG(s) 'example_short_circuit_decorator' retrieved from /home/airflow/.local/lib/python3.12/site-packages/airflow/example_dags/example_short_circuit_decorator.py
[2026-08-12T05:18:24.748+0000] {logging_mixin.py:190} INFO - [2026-08-12T05:18:24.748+0000] {dag.py:3211} INFO - Sync 1 DAGs
[2026-08-12T05:18:24.777+0000] {logging_mixin.py:190} INFO - [2026-08-12T05:18:24.777+0000] {dag.py:4138} INFO - Setting next_dagrun for example_short_circuit_decorator to 2026-08-11 00:00:00+00:00, run_after=2026-08-12 00:00:00+00:00
[2026-08-12T05:18:24.801+0000] {processor.py:208} INFO - Processing /home/airflow/.local/lib/python3.12/site-packages/airflow/example_dags/example_short_circuit_decorator.py took 0.106 seconds
[2026-08-12T05:18:57.024+0000] {processor.py:186} INFO - Started process (PID=5732) to work on /home/airflow/.local/lib/python3.12/site-packages/airflow/example_dags/example_short_circuit_decorator.py
[2026-08-12T05:18:57.032+0000] {processor.py:914} INFO - Processing file /home/airflow/.local/lib/python3.12/site-packages/airflow/example_dags/example_short_circuit_decorator.py for tasks to queue
[2026-08-12T05:18:57.046+0000] {logging_mixin.py:190} INFO - [2026-08-12T05:18:57.045+0000] {dagbag.py:587} INFO - Filling up the DagBag from /home/airflow/.local/lib/python3.12/site-packages/airflow/example_dags/example_short_circuit_decorator.py
[2026-08-12T05:18:57.104+0000] {processor.py:925} INFO - DAG(s) 'example_short_circuit_decorator' retrieved from /home/airflow/.local/lib/python3.12/site-packages/airflow/example_dags/example_short_circuit_decorator.py
[2026-08-12T05:18:57.195+0000] {logging_mixin.py:190} INFO - [2026-08-12T05:18:57.195+0000] {dag.py:3211} INFO - Sync 1 DAGs
[2026-08-12T05:18:57.300+0000] {logging_mixin.py:190} INFO - [2026-08-12T05:18:57.299+0000] {dag.py:4138} INFO - Setting next_dagrun for example_short_circuit_decorator to 2026-08-11 00:00:00+00:00, run_after=2026-08-12 00:00:00+00:00
[2026-08-12T05:18:57.377+0000] {processor.py:208} INFO - Processing /home/airflow/.local/lib/python3.12/site-packages/airflow/example_dags/example_short_circuit_decorator.py took 0.371 seconds
[2026-08-12T05:19:28.512+0000] {processor.py:186} INFO - Started process (PID=5796) to work on /home/airflow/.local/lib/python3.12/site-packages/airflow/example_dags/example_short_circuit_decorator.py
[2026-08-12T05:19:28.517+0000] {processor.py:914} INFO - Processing file /home/airflow/.local/lib/python3.12/site-packages/airflow/example_dags/example_short_circuit_decorator.py for tasks to queue
[2026-08-12T05:19:28.524+0000] {logging_mixin.py:190} INFO - [2026-08-12T05:19:28.523+0000] {dagbag.py:587} INFO - Filling up the DagBag from /home/airflow/.local/lib/python3.12/site-packages/airflow/example_dags/example_short_circuit_decorator.py
[2026-08-12T05:19:28.556+0000] {processor.py:925} INFO - DAG(s) 'example_short_circuit_decorator' retrieved from /home/airflow/.local/lib/python3.12/site-packages/airflow/example_dags/example_short_circuit_decorator.py
[2026-08-12T05:19:28.651+0000] {logging_mixin.py:190} INFO - [2026-08-12T05:19:28.651+0000] {dag.py:3211} INFO - Sync 1 DAGs
[2026-08-12T05:19:28.762+0000] {logging_mixin.py:190} INFO - [2026-08-12T05:19:28.761+0000] {dag.py:4138} INFO - Setting next_dagrun for example_short_circuit_decorator to 2026-08-11 00:00:00+00:00, run_after=2026-08-12 00:00:00+00:00
[2026-08-12T05:19:28.869+0000] {processor.py:208} INFO - Processing /home/airflow/.local/lib/python3.12/site-packages/airflow/example_dags/example_short_circuit_decorator.py took 0.380 seconds
[2026-08-12T05:20:01.559+0000] {processor.py:186} INFO - Started process (PID=5859) to work on /home/airflow/.local/lib/python3.12/site-packages/airflow/example_dags/example_short_circuit_decorator.py
[2026-08-12T05:20:01.566+0000] {processor.py:914} INFO - Processing file /home/airflow/.local/lib/python3.12/site-packages/airflow/example_dags/example_short_circuit_decorator.py for tasks to queue
[2026-08-12T05:20:01.583+0000] {logging_mixin.py:190} INFO - [2026-08-12T05:20:01.582+0000] {dagbag.py:587} INFO - Filling up the DagBag from /home/airflow/.local/lib/python3.12/site-packages/airflow/example_dags/example_short_circuit_decorator.py
[2026-08-12T05:20:01.627+0000] {processor.py:925} INFO - DAG(s) 'example_short_circuit_decorator' retrieved from /home/airflow/.local/lib/python3.12/site-packages/airflow/example_dags/example_short_circuit_decorator.py
[2026-08-12T05:20:01.733+0000] {logging_mixin.py:190} INFO - [2026-08-12T05:20:01.724+0000] {dag.py:3211} INFO - Sync 1 DAGs
[2026-08-12T05:20:01.853+0000] {logging_mixin.py:190} INFO - [2026-08-12T05:20:01.853+0000] {dag.py:4138} INFO - Setting next_dagrun for example_short_circuit_decorator to 2026-08-11 00:00:00+00:00, run_after=2026-08-12 00:00:00+00:00
[2026-08-12T05:20:02.037+0000] {processor.py:208} INFO - Processing /home/airflow/.local/lib/python3.12/site-packages/airflow/example_dags/example_short_circuit_decorator.py took 0.499 seconds
[2026-08-12T05:20:33.531+0000] {processor.py:186} INFO - Started process (PID=5922) to work on /home/airflow/.local/lib/python3.12/site-packages/airflow/example_dags/example_short_circuit_decorator.py
[2026-08-12T05:20:33.542+0000] {processor.py:914} INFO - Processing file /home/airflow/.local/lib/python3.12/site-packages/airflow/example_dags/example_short_circuit_decorator.py for tasks to queue
[2026-08-12T05:20:33.631+0000] {logging_mixin.py:190} INFO - [2026-08-12T05:20:33.584+0000] {dagbag.py:587} INFO - Filling up the DagBag from /home/airflow/.local/lib/python3.12/site-packages/airflow/example_dags/example_short_circuit_decorator.py
[2026-08-12T05:20:33.764+0000] {processor.py:925} INFO - DAG(s) 'example_short_circuit_decorator' retrieved from /home/airflow/.local/lib/python3.12/site-packages/airflow/example_dags/example_short_circuit_decorator.py
[2026-08-12T05:20:33.906+0000] {logging_mixin.py:190} INFO - [2026-08-12T05:20:33.906+0000] {dag.py:3211} INFO - Sync 1 DAGs
[2026-08-12T05:20:34.066+0000] {logging_mixin.py:190} INFO - [2026-08-12T05:20:34.065+0000] {dag.py:4138} INFO - Setting next_dagrun for example_short_circuit_decorator to 2026-08-11 00:00:00+00:00, run_after=2026-08-12 00:00:00+00:00
[2026-08-12T05:20:34.205+0000] {processor.py:208} INFO - Processing /home/airflow/.local/lib/python3.12/site-packages/airflow/example_dags/example_short_circuit_decorator.py took 0.702 seconds
[2026-08-12T05:21:04.728+0000] {processor.py:186} INFO - Started process (PID=5986) to work on /home/airflow/.local/lib/python3.12/site-packages/airflow/example_dags/example_short_circuit_decorator.py
[2026-08-12T05:21:04.730+0000] {processor.py:914} INFO - Processing file /home/airflow/.local/lib/python3.12/site-packages/airflow/example_dags/example_short_circuit_decorator.py for tasks to queue
[2026-08-12T05:21:04.736+0000] {logging_mixin.py:190} INFO - [2026-08-12T05:21:04.736+0000] {dagbag.py:587} INFO - Filling up the DagBag from /home/airflow/.local/lib/python3.12/site-packages/airflow/example_dags/example_short_circuit_decorator.py
[2026-08-12T05:21:04.751+0000] {processor.py:925} INFO - DAG(s) 'example_short_circuit_decorator' retrieved from /home/airflow/.local/lib/python3.12/site-packages/airflow/example_dags/example_short_circuit_decorator.py
[2026-08-12T05:21:04.794+0000] {logging_mixin.py:190} INFO - [2026-08-12T05:21:04.794+0000] {dag.py:3211} INFO - Sync 1 DAGs
[2026-08-12T05:21:04.835+0000] {logging_mixin.py:190} INFO - [2026-08-12T05:21:04.835+0000] {dag.py:4138} INFO - Setting next_dagrun for example_short_circuit_decorator to 2026-08-11 00:00:00+00:00, run_after=2026-08-12 00:00:00+00:00
[2026-08-12T05:21:04.870+0000] {processor.py:208} INFO - Processing /home/airflow/.local/lib/python3.12/site-packages/airflow/example_dags/example_short_circuit_decorator.py took 0.153 seconds
[2026-08-12T05:21:35.524+0000] {processor.py:186} INFO - Started process (PID=6050) to work on /home/airflow/.local/lib/python3.12/site-packages/airflow/example_dags/example_short_circuit_decorator.py
[2026-08-12T05:21:35.527+0000] {processor.py:914} INFO - Processing file /home/airflow/.local/lib/python3.12/site-packages/airflow/example_dags/example_short_circuit_decorator.py for tasks to queue
[2026-08-12T05:21:35.534+0000] {logging_mixin.py:190} INFO - [2026-08-12T05:21:35.533+0000] {dagbag.py:587} INFO - Filling up the DagBag from /home/airflow/.local/lib/python3.12/site-packages/airflow/example_dags/example_short_circuit_decorator.py
[2026-08-12T05:21:35.551+0000] {processor.py:925} INFO - DAG(s) 'example_short_circuit_decorator' retrieved from /home/airflow/.local/lib/python3.12/site-packages/airflow/example_dags/example_short_circuit_decorator.py
[2026-08-12T05:21:35.584+0000] {logging_mixin.py:190} INFO - [2026-08-12T05:21:35.584+0000] {dag.py:3211} INFO - Sync 1 DAGs
[2026-08-12T05:21:35.613+0000] {logging_mixin.py:190} INFO - [2026-08-12T05:21:35.613+0000] {dag.py:4138} INFO - Setting next_dagrun for example_short_circuit_decorator to 2026-08-11 00:00:00+00:00, run_after=2026-08-12 00:00:00+00:00
[2026-08-12T05:21:35.640+0000] {processor.py:208} INFO - Processing /home/airflow/.local/lib/python3.12/site-packages/airflow/example_dags/example_short_circuit_decorator.py took 0.126 seconds
[2026-08-12T05:22:06.072+0000] {processor.py:186} INFO - Started process (PID=6115) to work on /home/airflow/.local/lib/python3.12/site-packages/airflow/example_dags/example_short_circuit_decorator.py
[2026-08-12T05:22:06.074+0000] {processor.py:914} INFO - Processing file /home/airflow/.local/lib/python3.12/site-packages/airflow/example_dags/example_short_circuit_decorator.py for tasks to queue
[2026-08-12T05:22:06.078+0000] {logging_mixin.py:190} INFO - [2026-08-12T05:22:06.077+0000] {dagbag.py:587} INFO - Filling up the DagBag from /home/airflow/.local/lib/python3.12/site-packages/airflow/example_dags/example_short_circuit_decorator.py
[2026-08-12T05:22:06.090+0000] {processor.py:925} INFO - DAG(s) 'example_short_circuit_decorator' retrieved from /home/airflow/.local/lib/python3.12/site-packages/airflow/example_dags/example_short_circuit_decorator.py
[2026-08-12T05:22:06.121+0000] {logging_mixin.py:190} INFO - [2026-08-12T05:22:06.120+0000] {dag.py:3211} INFO - Sync 1 DAGs
[2026-08-12T05:22:06.151+0000] {logging_mixin.py:190} INFO - [2026-08-12T05:22:06.151+0000] {dag.py:4138} INFO - Setting next_dagrun for example_short_circuit_decorator to 2026-08-11 00:00:00+00:00, run_after=2026-08-12 00:00:00+00:00
[2026-08-12T05:22:06.178+0000] {processor.py:208} INFO - Processing /home/airflow/.local/lib/python3.12/site-packages/airflow/example_dags/example_short_circuit_decorator.py took 0.112 seconds
[2026-08-12T05:22:36.395+0000] {processor.py:186} INFO - Started process (PID=6178) to work on /home/airflow/.local/lib/python3.12/site-packages/airflow/example_dags/example_short_circuit_decorator.py
[2026-08-12T05:22:36.396+0000] {processor.py:914} INFO - Processing file /home/airflow/.local/lib/python3.12/site-packages/airflow/example_dags/example_short_circuit_decorator.py for tasks to queue
[2026-08-12T05:22:36.400+0000] {logging_mixin.py:190} INFO - [2026-08-12T05:22:36.400+0000] {dagbag.py:587} INFO - Filling up the DagBag from /home/airflow/.local/lib/python3.12/site-packages/airflow/example_dags/example_short_circuit_decorator.py
[2026-08-12T05:22:36.413+0000] {processor.py:925} INFO - DAG(s) 'example_short_circuit_decorator' retrieved from /home/airflow/.local/lib/python3.12/site-packages/airflow/example_dags/example_short_circuit_decorator.py
[2026-08-12T05:22:36.460+0000] {logging_mixin.py:190} INFO - [2026-08-12T05:22:36.460+0000] {dag.py:3211} INFO - Sync 1 DAGs
[2026-08-12T05:22:36.506+0000] {logging_mixin.py:190} INFO - [2026-08-12T05:22:36.506+0000] {dag.py:4138} INFO - Setting next_dagrun for example_short_circuit_decorator to 2026-08-11 00:00:00+00:00, run_after=2026-08-12 00:00:00+00:00
[2026-08-12T05:22:36.558+0000] {processor.py:208} INFO - Processing /home/airflow/.local/lib/python3.12/site-packages/airflow/example_dags/example_short_circuit_decorator.py took 0.169 seconds
[2026-08-12T05:23:07.024+0000] {processor.py:186} INFO - Started process (PID=6242) to work on /home/airflow/.local/lib/python3.12/site-packages/airflow/example_dags/example_short_circuit_decorator.py
[2026-08-12T05:23:07.026+0000] {processor.py:914} INFO - Processing file /home/airflow/.local/lib/python3.12/site-packages/airflow/example_dags/example_short_circuit_decorator.py for tasks to queue
[2026-08-12T05:23:07.031+0000] {logging_mixin.py:190} INFO - [2026-08-12T05:23:07.030+0000] {dagbag.py:587} INFO - Filling up the DagBag from /home/airflow/.local/lib/python3.12/site-packages/airflow/example_dags/example_short_circuit_decorator.py
[2026-08-12T05:23:07.042+0000] {processor.py:925} INFO - DAG(s) 'example_short_circuit_decorator' retrieved from /home/airflow/.local/lib/python3.12/site-packages/airflow/example_dags/example_short_circuit_decorator.py
[2026-08-12T05:23:07.070+0000] {logging_mixin.py:190} INFO - [2026-08-12T05:23:07.070+0000] {dag.py:3211} INFO - Sync 1 DAGs
[2026-08-12T05:23:07.098+0000] {logging_mixin.py:190} INFO - [2026-08-12T05:23:07.098+0000] {dag.py:4138} INFO - Setting next_dagrun for example_short_circuit_decorator to 2026-08-11 00:00:00+00:00, run_after=2026-08-12 00:00:00+00:00
[2026-08-12T05:23:07.128+0000] {processor.py:208} INFO - Processing /home/airflow/.local/lib/python3.12/site-packages/airflow/example_dags/example_short_circuit_decorator.py took 0.112 seconds
[2026-08-12T05:23:37.212+0000] {processor.py:186} INFO - Started process (PID=6312) to work on /home/airflow/.local/lib/python3.12/site-packages/airflow/example_dags/example_short_circuit_decorator.py
[2026-08-12T05:23:37.214+0000] {processor.py:914} INFO - Processing file /home/airflow/.local/lib/python3.12/site-packages/airflow/example_dags/example_short_circuit_decorator.py for tasks to queue
[2026-08-12T05:23:37.219+0000] {logging_mixin.py:190} INFO - [2026-08-12T05:23:37.218+0000] {dagbag.py:587} INFO - Filling up the DagBag from /home/airflow/.local/lib/python3.12/site-packages/airflow/example_dags/example_short_circuit_decorator.py
[2026-08-12T05:23:37.232+0000] {processor.py:925} INFO - DAG(s) 'example_short_circuit_decorator' retrieved from /home/airflow/.local/lib/python3.12/site-packages/airflow/example_dags/example_short_circuit_decorator.py
[2026-08-12T05:23:37.259+0000] {logging_mixin.py:190} INFO - [2026-08-12T05:23:37.258+0000] {dag.py:3211} INFO - Sync 1 DAGs
[2026-08-12T05:23:37.289+0000] {logging_mixin.py:190} INFO - [2026-08-12T05:23:37.289+0000] {dag.py:4138} INFO - Setting next_dagrun for example_short_circuit_decorator to 2026-08-11 00:00:00+00:00, run_after=2026-08-12 00:00:00+00:00
[2026-08-12T05:23:37.314+0000] {processor.py:208} INFO - Processing /home/airflow/.local/lib/python3.12/site-packages/airflow/example_dags/example_short_circuit_decorator.py took 0.107 seconds
[2026-08-12T05:24:07.373+0000] {processor.py:186} INFO - Started process (PID=6375) to work on /home/airflow/.local/lib/python3.12/site-packages/airflow/example_dags/example_short_circuit_decorator.py
[2026-08-12T05:24:07.374+0000] {processor.py:914} INFO - Processing file /home/airflow/.local/lib/python3.12/site-packages/airflow/example_dags/example_short_circuit_decorator.py for tasks to queue
[2026-08-12T05:24:07.378+0000] {logging_mixin.py:190} INFO - [2026-08-12T05:24:07.377+0000] {dagbag.py:587} INFO - Filling up the DagBag from /home/airflow/.local/lib/python3.12/site-packages/airflow/example_dags/example_short_circuit_decorator.py
[2026-08-12T05:24:07.388+0000] {processor.py:925} INFO - DAG(s) 'example_short_circuit_decorator' retrieved from /home/airflow/.local/lib/python3.12/site-packages/airflow/example_dags/example_short_circuit_decorator.py
[2026-08-12T05:24:07.419+0000] {logging_mixin.py:190} INFO - [2026-08-12T05:24:07.419+0000] {dag.py:3211} INFO - Sync 1 DAGs
[2026-08-12T05:24:07.446+0000] {logging_mixin.py:190} INFO - [2026-08-12T05:24:07.446+0000] {dag.py:4138} INFO - Setting next_dagrun for example_short_circuit_decorator to 2026-08-11 00:00:00+00:00, run_after=2026-08-12 00:00:00+00:00
[2026-08-12T05:24:07.467+0000] {processor.py:208} INFO - Processing /home/airflow/.local/lib/python3.12/site-packages/airflow/example_dags/example_short_circuit_decorator.py took 0.099 seconds
[2026-08-12T05:24:38.218+0000] {processor.py:186} INFO - Started process (PID=6438) to work on /home/airflow/.local/lib/python3.12/site-packages/airflow/example_dags/example_short_circuit_decorator.py
[2026-08-12T05:24:38.220+0000] {processor.py:914} INFO - Processing file /home/airflow/.local/lib/python3.12/site-packages/airflow/example_dags/example_short_circuit_decorator.py for tasks to queue
[2026-08-12T05:24:38.223+0000] {logging_mixin.py:190} INFO - [2026-08-12T05:24:38.223+0000] {dagbag.py:587} INFO - Filling up the DagBag from /home/airflow/.local/lib/python3.12/site-packages/airflow/example_dags/example_short_circuit_decorator.py
[2026-08-12T05:24:38.234+0000] {processor.py:925} INFO - DAG(s) 'example_short_circuit_decorator' retrieved from /home/airflow/.local/lib/python3.12/site-packages/airflow/example_dags/example_short_circuit_decorator.py
[2026-08-12T05:24:38.267+0000] {logging_mixin.py:190} INFO - [2026-08-12T05:24:38.267+0000] {dag.py:3211} INFO - Sync 1 DAGs
[2026-08-12T05:24:38.294+0000] {logging_mixin.py:190} INFO - [2026-08-12T05:24:38.294+0000] {dag.py:4138} INFO - Setting next_dagrun for example_short_circuit_decorator to 2026-08-11 00:00:00+00:00, run_after=2026-08-12 00:00:00+00:00
[2026-08-12T05:24:38.332+0000] {processor.py:208} INFO - Processing /home/airflow/.local/lib/python3.12/site-packages/airflow/example_dags/example_short_circuit_decorator.py took 0.120 seconds
[2026-08-12T05:25:08.634+0000] {processor.py:186} INFO - Started process (PID=6503) to work on /home/airflow/.local/lib/python3.12/site-packages/airflow/example_dags/example_short_circuit_decorator.py
[2026-08-12T05:25:08.635+0000] {processor.py:914} INFO - Processing file /home/airflow/.local/lib/python3.12/site-packages/airflow/example_dags/example_short_circuit_decorator.py for tasks to queue
[2026-08-12T05:25:08.640+0000] {logging_mixin.py:190} INFO - [2026-08-12T05:25:08.639+0000] {dagbag.py:587} INFO - Filling up the DagBag from /home/airflow/.local/lib/python3.12/site-packages/airflow/example_dags/example_short_circuit_decorator.py
[2026-08-12T05:25:08.650+0000] {processor.py:925} INFO - DAG(s) 'example_short_circuit_decorator' retrieved from /home/airflow/.local/lib/python3.12/site-packages/airflow/example_dags/example_short_circuit_decorator.py
[2026-08-12T05:25:08.674+0000] {logging_mixin.py:190} INFO - [2026-08-12T05:25:08.674+0000] {dag.py:3211} INFO - Sync 1 DAGs
[2026-08-12T05:25:08.702+0000] {logging_mixin.py:190} INFO - [2026-08-12T05:25:08.702+0000] {dag.py:4138} INFO - Setting next_dagrun for example_short_circuit_decorator to 2026-08-11 00:00:00+00:00, run_after=2026-08-12 00:00:00+00:00
[2026-08-12T05:25:08.744+0000] {processor.py:208} INFO - Processing /home/airflow/.local/lib/python3.12/site-packages/airflow/example_dags/example_short_circuit_decorator.py took 0.115 seconds
[2026-08-12T05:25:39.444+0000] {processor.py:186} INFO - Started process (PID=6566) to work on /home/airflow/.local/lib/python3.12/site-packages/airflow/example_dags/example_short_circuit_decorator.py
[2026-08-12T05:25:39.446+0000] {processor.py:914} INFO - Processing file /home/airflow/.local/lib/python3.12/site-packages/airflow/example_dags/example_short_circuit_decorator.py for tasks to queue
[2026-08-12T05:25:39.450+0000] {logging_mixin.py:190} INFO - [2026-08-12T05:25:39.449+0000] {dagbag.py:587} INFO - Filling up the DagBag from /home/airflow/.local/lib/python3.12/site-packages/airflow/example_dags/example_short_circuit_decorator.py
[2026-08-12T05:25:39.463+0000] {processor.py:925} INFO - DAG(s) 'example_short_circuit_decorator' retrieved from /home/airflow/.local/lib/python3.12/site-packages/airflow/example_dags/example_short_circuit_decorator.py
[2026-08-12T05:25:39.490+0000] {logging_mixin.py:190} INFO - [2026-08-12T05:25:39.490+0000] {dag.py:3211} INFO - Sync 1 DAGs
[2026-08-12T05:25:39.514+0000] {logging_mixin.py:190} INFO - [2026-08-12T05:25:39.514+0000] {dag.py:4138} INFO - Setting next_dagrun for example_short_circuit_decorator to 2026-08-11 00:00:00+00:00, run_after=2026-08-12 00:00:00+00:00
[2026-08-12T05:25:39.550+0000] {processor.py:208} INFO - Processing /home/airflow/.local/lib/python3.12/site-packages/airflow/example_dags/example_short_circuit_decorator.py took 0.112 seconds
