[2026-08-12T04:30:44.858+0000] {processor.py:186} INFO - Started process (PID=70) to work on /home/airflow/.local/lib/python3.12/site-packages/airflow/example_dags/example_setup_teardown_taskflow.py
[2026-08-12T04:30:44.860+0000] {processor.py:914} INFO - Processing file /home/airflow/.local/lib/python3.12/site-packages/airflow/example_dags/example_setup_teardown_taskflow.py for tasks to queue
[2026-08-12T04:30:44.865+0000] {logging_mixin.py:190} INFO - [2026-08-12T04:30:44.865+0000] {dagbag.py:587} INFO - Filling up the DagBag from /home/airflow/.local/lib/python3.12/site-packages/airflow/example_dags/example_setup_teardown_taskflow.py
[2026-08-12T04:30:44.887+0000] {processor.py:925} INFO - DAG(s) 'example_setup_teardown_taskflow' retrieved from /home/airflow/.local/lib/python3.12/site-packages/airflow/example_dags/example_setup_teardown_taskflow.py
[2026-08-12T04:30:45.106+0000] {logging_mixin.py:190} INFO - [2026-08-12T04:30:45.105+0000] {override.py:1858} INFO - Created Permission View: can edit on DAG:example_setup_teardown_taskflow
[2026-08-12T04:30:45.138+0000] {logging_mixin.py:190} INFO - [2026-08-12T04:30:45.137+0000] {override.py:1858} INFO - Created Permission View: can delete on DAG:example_setup_teardown_taskflow
[2026-08-12T04:30:45.151+0000] {logging_mixin.py:190} INFO - [2026-08-12T04:30:45.150+0000] {override.py:1858} INFO - Created Permission View: can read on DAG:example_setup_teardown_taskflow
[2026-08-12T04:30:45.153+0000] {logging_mixin.py:190} INFO - [2026-08-12T04:30:45.153+0000] {dag.py:3211} INFO - Sync 1 DAGs
[2026-08-12T04:30:45.175+0000] {logging_mixin.py:190} INFO - [2026-08-12T04:30:45.174+0000] {dag.py:3234} INFO - Creating ORM DAG for example_setup_teardown_taskflow
[2026-08-12T04:30:45.197+0000] {logging_mixin.py:190} INFO - [2026-08-12T04:30:45.196+0000] {dag.py:4138} INFO - Setting next_dagrun for example_setup_teardown_taskflow to 2026-08-11 00:00:00+00:00, run_after=2026-08-12 00:00:00+00:00
[2026-08-12T04:30:45.241+0000] {processor.py:208} INFO - Processing /home/airflow/.local/lib/python3.12/site-packages/airflow/example_dags/example_setup_teardown_taskflow.py took 0.393 seconds
[2026-08-12T04:31:15.768+0000] {processor.py:186} INFO - Started process (PID=132) to work on /home/airflow/.local/lib/python3.12/site-packages/airflow/example_dags/example_setup_teardown_taskflow.py
[2026-08-12T04:31:15.771+0000] {processor.py:914} INFO - Processing file /home/airflow/.local/lib/python3.12/site-packages/airflow/example_dags/example_setup_teardown_taskflow.py for tasks to queue
[2026-08-12T04:31:15.776+0000] {logging_mixin.py:190} INFO - [2026-08-12T04:31:15.775+0000] {dagbag.py:587} INFO - Filling up the DagBag from /home/airflow/.local/lib/python3.12/site-packages/airflow/example_dags/example_setup_teardown_taskflow.py
[2026-08-12T04:31:15.792+0000] {processor.py:925} INFO - DAG(s) 'example_setup_teardown_taskflow' retrieved from /home/airflow/.local/lib/python3.12/site-packages/airflow/example_dags/example_setup_teardown_taskflow.py
[2026-08-12T04:31:15.819+0000] {logging_mixin.py:190} INFO - [2026-08-12T04:31:15.819+0000] {dag.py:3211} INFO - Sync 1 DAGs
[2026-08-12T04:31:15.846+0000] {logging_mixin.py:190} INFO - [2026-08-12T04:31:15.846+0000] {dag.py:4138} INFO - Setting next_dagrun for example_setup_teardown_taskflow to 2026-08-11 00:00:00+00:00, run_after=2026-08-12 00:00:00+00:00
[2026-08-12T04:31:15.868+0000] {processor.py:208} INFO - Processing /home/airflow/.local/lib/python3.12/site-packages/airflow/example_dags/example_setup_teardown_taskflow.py took 0.109 seconds
[2026-08-12T04:31:46.875+0000] {processor.py:186} INFO - Started process (PID=194) to work on /home/airflow/.local/lib/python3.12/site-packages/airflow/example_dags/example_setup_teardown_taskflow.py
[2026-08-12T04:31:46.877+0000] {processor.py:914} INFO - Processing file /home/airflow/.local/lib/python3.12/site-packages/airflow/example_dags/example_setup_teardown_taskflow.py for tasks to queue
[2026-08-12T04:31:46.881+0000] {logging_mixin.py:190} INFO - [2026-08-12T04:31:46.880+0000] {dagbag.py:587} INFO - Filling up the DagBag from /home/airflow/.local/lib/python3.12/site-packages/airflow/example_dags/example_setup_teardown_taskflow.py
[2026-08-12T04:31:46.894+0000] {processor.py:925} INFO - DAG(s) 'example_setup_teardown_taskflow' retrieved from /home/airflow/.local/lib/python3.12/site-packages/airflow/example_dags/example_setup_teardown_taskflow.py
[2026-08-12T04:31:46.917+0000] {logging_mixin.py:190} INFO - [2026-08-12T04:31:46.917+0000] {dag.py:3211} INFO - Sync 1 DAGs
[2026-08-12T04:31:46.940+0000] {logging_mixin.py:190} INFO - [2026-08-12T04:31:46.940+0000] {dag.py:4138} INFO - Setting next_dagrun for example_setup_teardown_taskflow to 2026-08-11 00:00:00+00:00, run_after=2026-08-12 00:00:00+00:00
[2026-08-12T04:31:46.966+0000] {processor.py:208} INFO - Processing /home/airflow/.local/lib/python3.12/site-packages/airflow/example_dags/example_setup_teardown_taskflow.py took 0.099 seconds
[2026-08-12T04:32:59.607+0000] {processor.py:186} INFO - Started process (PID=60) to work on /home/airflow/.local/lib/python3.12/site-packages/airflow/example_dags/example_setup_teardown_taskflow.py
[2026-08-12T04:32:59.610+0000] {processor.py:914} INFO - Processing file /home/airflow/.local/lib/python3.12/site-packages/airflow/example_dags/example_setup_teardown_taskflow.py for tasks to queue
[2026-08-12T04:32:59.616+0000] {logging_mixin.py:190} INFO - [2026-08-12T04:32:59.615+0000] {dagbag.py:587} INFO - Filling up the DagBag from /home/airflow/.local/lib/python3.12/site-packages/airflow/example_dags/example_setup_teardown_taskflow.py
[2026-08-12T04:32:59.642+0000] {processor.py:925} INFO - DAG(s) 'example_setup_teardown_taskflow' retrieved from /home/airflow/.local/lib/python3.12/site-packages/airflow/example_dags/example_setup_teardown_taskflow.py
[2026-08-12T04:32:59.690+0000] {logging_mixin.py:190} INFO - [2026-08-12T04:32:59.689+0000] {dag.py:3211} INFO - Sync 1 DAGs
[2026-08-12T04:32:59.750+0000] {logging_mixin.py:190} INFO - [2026-08-12T04:32:59.750+0000] {dag.py:4138} INFO - Setting next_dagrun for example_setup_teardown_taskflow to 2026-08-11 00:00:00+00:00, run_after=2026-08-12 00:00:00+00:00
[2026-08-12T04:32:59.801+0000] {processor.py:208} INFO - Processing /home/airflow/.local/lib/python3.12/site-packages/airflow/example_dags/example_setup_teardown_taskflow.py took 0.205 seconds
[2026-08-12T04:33:30.690+0000] {processor.py:186} INFO - Started process (PID=129) to work on /home/airflow/.local/lib/python3.12/site-packages/airflow/example_dags/example_setup_teardown_taskflow.py
[2026-08-12T04:33:30.692+0000] {processor.py:914} INFO - Processing file /home/airflow/.local/lib/python3.12/site-packages/airflow/example_dags/example_setup_teardown_taskflow.py for tasks to queue
[2026-08-12T04:33:30.695+0000] {logging_mixin.py:190} INFO - [2026-08-12T04:33:30.695+0000] {dagbag.py:587} INFO - Filling up the DagBag from /home/airflow/.local/lib/python3.12/site-packages/airflow/example_dags/example_setup_teardown_taskflow.py
[2026-08-12T04:33:30.708+0000] {processor.py:925} INFO - DAG(s) 'example_setup_teardown_taskflow' retrieved from /home/airflow/.local/lib/python3.12/site-packages/airflow/example_dags/example_setup_teardown_taskflow.py
[2026-08-12T04:33:30.731+0000] {logging_mixin.py:190} INFO - [2026-08-12T04:33:30.731+0000] {dag.py:3211} INFO - Sync 1 DAGs
[2026-08-12T04:33:30.754+0000] {logging_mixin.py:190} INFO - [2026-08-12T04:33:30.754+0000] {dag.py:4138} INFO - Setting next_dagrun for example_setup_teardown_taskflow to 2026-08-11 00:00:00+00:00, run_after=2026-08-12 00:00:00+00:00
[2026-08-12T04:33:30.780+0000] {processor.py:208} INFO - Processing /home/airflow/.local/lib/python3.12/site-packages/airflow/example_dags/example_setup_teardown_taskflow.py took 0.095 seconds
[2026-08-12T04:34:00.952+0000] {processor.py:186} INFO - Started process (PID=191) to work on /home/airflow/.local/lib/python3.12/site-packages/airflow/example_dags/example_setup_teardown_taskflow.py
[2026-08-12T04:34:00.954+0000] {processor.py:914} INFO - Processing file /home/airflow/.local/lib/python3.12/site-packages/airflow/example_dags/example_setup_teardown_taskflow.py for tasks to queue
[2026-08-12T04:34:00.958+0000] {logging_mixin.py:190} INFO - [2026-08-12T04:34:00.958+0000] {dagbag.py:587} INFO - Filling up the DagBag from /home/airflow/.local/lib/python3.12/site-packages/airflow/example_dags/example_setup_teardown_taskflow.py
[2026-08-12T04:34:00.969+0000] {processor.py:925} INFO - DAG(s) 'example_setup_teardown_taskflow' retrieved from /home/airflow/.local/lib/python3.12/site-packages/airflow/example_dags/example_setup_teardown_taskflow.py
[2026-08-12T04:34:01.001+0000] {logging_mixin.py:190} INFO - [2026-08-12T04:34:01.000+0000] {dag.py:3211} INFO - Sync 1 DAGs
[2026-08-12T04:34:01.039+0000] {logging_mixin.py:190} INFO - [2026-08-12T04:34:01.039+0000] {dag.py:4138} INFO - Setting next_dagrun for example_setup_teardown_taskflow to 2026-08-11 00:00:00+00:00, run_after=2026-08-12 00:00:00+00:00
[2026-08-12T04:34:01.069+0000] {processor.py:208} INFO - Processing /home/airflow/.local/lib/python3.12/site-packages/airflow/example_dags/example_setup_teardown_taskflow.py took 0.122 seconds
[2026-08-12T04:34:31.493+0000] {processor.py:186} INFO - Started process (PID=253) to work on /home/airflow/.local/lib/python3.12/site-packages/airflow/example_dags/example_setup_teardown_taskflow.py
[2026-08-12T04:34:31.494+0000] {processor.py:914} INFO - Processing file /home/airflow/.local/lib/python3.12/site-packages/airflow/example_dags/example_setup_teardown_taskflow.py for tasks to queue
[2026-08-12T04:34:31.497+0000] {logging_mixin.py:190} INFO - [2026-08-12T04:34:31.497+0000] {dagbag.py:587} INFO - Filling up the DagBag from /home/airflow/.local/lib/python3.12/site-packages/airflow/example_dags/example_setup_teardown_taskflow.py
[2026-08-12T04:34:31.507+0000] {processor.py:925} INFO - DAG(s) 'example_setup_teardown_taskflow' retrieved from /home/airflow/.local/lib/python3.12/site-packages/airflow/example_dags/example_setup_teardown_taskflow.py
[2026-08-12T04:34:31.526+0000] {logging_mixin.py:190} INFO - [2026-08-12T04:34:31.526+0000] {dag.py:3211} INFO - Sync 1 DAGs
[2026-08-12T04:34:31.547+0000] {logging_mixin.py:190} INFO - [2026-08-12T04:34:31.547+0000] {dag.py:4138} INFO - Setting next_dagrun for example_setup_teardown_taskflow to 2026-08-11 00:00:00+00:00, run_after=2026-08-12 00:00:00+00:00
[2026-08-12T04:34:31.579+0000] {processor.py:208} INFO - Processing /home/airflow/.local/lib/python3.12/site-packages/airflow/example_dags/example_setup_teardown_taskflow.py took 0.091 seconds
[2026-08-12T04:35:01.709+0000] {processor.py:186} INFO - Started process (PID=315) to work on /home/airflow/.local/lib/python3.12/site-packages/airflow/example_dags/example_setup_teardown_taskflow.py
[2026-08-12T04:35:01.711+0000] {processor.py:914} INFO - Processing file /home/airflow/.local/lib/python3.12/site-packages/airflow/example_dags/example_setup_teardown_taskflow.py for tasks to queue
[2026-08-12T04:35:01.714+0000] {logging_mixin.py:190} INFO - [2026-08-12T04:35:01.714+0000] {dagbag.py:587} INFO - Filling up the DagBag from /home/airflow/.local/lib/python3.12/site-packages/airflow/example_dags/example_setup_teardown_taskflow.py
[2026-08-12T04:35:01.726+0000] {processor.py:925} INFO - DAG(s) 'example_setup_teardown_taskflow' retrieved from /home/airflow/.local/lib/python3.12/site-packages/airflow/example_dags/example_setup_teardown_taskflow.py
[2026-08-12T04:35:01.748+0000] {logging_mixin.py:190} INFO - [2026-08-12T04:35:01.748+0000] {dag.py:3211} INFO - Sync 1 DAGs
[2026-08-12T04:35:01.770+0000] {logging_mixin.py:190} INFO - [2026-08-12T04:35:01.769+0000] {dag.py:4138} INFO - Setting next_dagrun for example_setup_teardown_taskflow to 2026-08-11 00:00:00+00:00, run_after=2026-08-12 00:00:00+00:00
[2026-08-12T04:35:01.790+0000] {processor.py:208} INFO - Processing /home/airflow/.local/lib/python3.12/site-packages/airflow/example_dags/example_setup_teardown_taskflow.py took 0.087 seconds
[2026-08-12T04:35:32.128+0000] {processor.py:186} INFO - Started process (PID=377) to work on /home/airflow/.local/lib/python3.12/site-packages/airflow/example_dags/example_setup_teardown_taskflow.py
[2026-08-12T04:35:32.130+0000] {processor.py:914} INFO - Processing file /home/airflow/.local/lib/python3.12/site-packages/airflow/example_dags/example_setup_teardown_taskflow.py for tasks to queue
[2026-08-12T04:35:32.134+0000] {logging_mixin.py:190} INFO - [2026-08-12T04:35:32.133+0000] {dagbag.py:587} INFO - Filling up the DagBag from /home/airflow/.local/lib/python3.12/site-packages/airflow/example_dags/example_setup_teardown_taskflow.py
[2026-08-12T04:35:32.146+0000] {processor.py:925} INFO - DAG(s) 'example_setup_teardown_taskflow' retrieved from /home/airflow/.local/lib/python3.12/site-packages/airflow/example_dags/example_setup_teardown_taskflow.py
[2026-08-12T04:35:32.170+0000] {logging_mixin.py:190} INFO - [2026-08-12T04:35:32.170+0000] {dag.py:3211} INFO - Sync 1 DAGs
[2026-08-12T04:35:32.197+0000] {logging_mixin.py:190} INFO - [2026-08-12T04:35:32.197+0000] {dag.py:4138} INFO - Setting next_dagrun for example_setup_teardown_taskflow to 2026-08-11 00:00:00+00:00, run_after=2026-08-12 00:00:00+00:00
[2026-08-12T04:35:32.219+0000] {processor.py:208} INFO - Processing /home/airflow/.local/lib/python3.12/site-packages/airflow/example_dags/example_setup_teardown_taskflow.py took 0.098 seconds
[2026-08-12T04:36:02.538+0000] {processor.py:186} INFO - Started process (PID=439) to work on /home/airflow/.local/lib/python3.12/site-packages/airflow/example_dags/example_setup_teardown_taskflow.py
[2026-08-12T04:36:02.540+0000] {processor.py:914} INFO - Processing file /home/airflow/.local/lib/python3.12/site-packages/airflow/example_dags/example_setup_teardown_taskflow.py for tasks to queue
[2026-08-12T04:36:02.544+0000] {logging_mixin.py:190} INFO - [2026-08-12T04:36:02.543+0000] {dagbag.py:587} INFO - Filling up the DagBag from /home/airflow/.local/lib/python3.12/site-packages/airflow/example_dags/example_setup_teardown_taskflow.py
[2026-08-12T04:36:02.557+0000] {processor.py:925} INFO - DAG(s) 'example_setup_teardown_taskflow' retrieved from /home/airflow/.local/lib/python3.12/site-packages/airflow/example_dags/example_setup_teardown_taskflow.py
[2026-08-12T04:36:02.581+0000] {logging_mixin.py:190} INFO - [2026-08-12T04:36:02.581+0000] {dag.py:3211} INFO - Sync 1 DAGs
[2026-08-12T04:36:02.607+0000] {logging_mixin.py:190} INFO - [2026-08-12T04:36:02.606+0000] {dag.py:4138} INFO - Setting next_dagrun for example_setup_teardown_taskflow to 2026-08-11 00:00:00+00:00, run_after=2026-08-12 00:00:00+00:00
[2026-08-12T04:36:02.629+0000] {processor.py:208} INFO - Processing /home/airflow/.local/lib/python3.12/site-packages/airflow/example_dags/example_setup_teardown_taskflow.py took 0.097 seconds
[2026-08-12T04:36:32.819+0000] {processor.py:186} INFO - Started process (PID=501) to work on /home/airflow/.local/lib/python3.12/site-packages/airflow/example_dags/example_setup_teardown_taskflow.py
[2026-08-12T04:36:32.821+0000] {processor.py:914} INFO - Processing file /home/airflow/.local/lib/python3.12/site-packages/airflow/example_dags/example_setup_teardown_taskflow.py for tasks to queue
[2026-08-12T04:36:32.826+0000] {logging_mixin.py:190} INFO - [2026-08-12T04:36:32.825+0000] {dagbag.py:587} INFO - Filling up the DagBag from /home/airflow/.local/lib/python3.12/site-packages/airflow/example_dags/example_setup_teardown_taskflow.py
[2026-08-12T04:36:32.843+0000] {processor.py:925} INFO - DAG(s) 'example_setup_teardown_taskflow' retrieved from /home/airflow/.local/lib/python3.12/site-packages/airflow/example_dags/example_setup_teardown_taskflow.py
[2026-08-12T04:36:32.872+0000] {logging_mixin.py:190} INFO - [2026-08-12T04:36:32.871+0000] {dag.py:3211} INFO - Sync 1 DAGs
[2026-08-12T04:36:32.898+0000] {logging_mixin.py:190} INFO - [2026-08-12T04:36:32.898+0000] {dag.py:4138} INFO - Setting next_dagrun for example_setup_teardown_taskflow to 2026-08-11 00:00:00+00:00, run_after=2026-08-12 00:00:00+00:00
[2026-08-12T04:36:32.920+0000] {processor.py:208} INFO - Processing /home/airflow/.local/lib/python3.12/site-packages/airflow/example_dags/example_setup_teardown_taskflow.py took 0.109 seconds
[2026-08-12T04:37:03.192+0000] {processor.py:186} INFO - Started process (PID=563) to work on /home/airflow/.local/lib/python3.12/site-packages/airflow/example_dags/example_setup_teardown_taskflow.py
[2026-08-12T04:37:03.196+0000] {processor.py:914} INFO - Processing file /home/airflow/.local/lib/python3.12/site-packages/airflow/example_dags/example_setup_teardown_taskflow.py for tasks to queue
[2026-08-12T04:37:03.200+0000] {logging_mixin.py:190} INFO - [2026-08-12T04:37:03.199+0000] {dagbag.py:587} INFO - Filling up the DagBag from /home/airflow/.local/lib/python3.12/site-packages/airflow/example_dags/example_setup_teardown_taskflow.py
[2026-08-12T04:37:03.215+0000] {processor.py:925} INFO - DAG(s) 'example_setup_teardown_taskflow' retrieved from /home/airflow/.local/lib/python3.12/site-packages/airflow/example_dags/example_setup_teardown_taskflow.py
[2026-08-12T04:37:03.244+0000] {logging_mixin.py:190} INFO - [2026-08-12T04:37:03.243+0000] {dag.py:3211} INFO - Sync 1 DAGs
[2026-08-12T04:37:03.271+0000] {logging_mixin.py:190} INFO - [2026-08-12T04:37:03.271+0000] {dag.py:4138} INFO - Setting next_dagrun for example_setup_teardown_taskflow to 2026-08-11 00:00:00+00:00, run_after=2026-08-12 00:00:00+00:00
[2026-08-12T04:37:03.320+0000] {processor.py:208} INFO - Processing /home/airflow/.local/lib/python3.12/site-packages/airflow/example_dags/example_setup_teardown_taskflow.py took 0.135 seconds
[2026-08-12T04:37:34.007+0000] {processor.py:186} INFO - Started process (PID=625) to work on /home/airflow/.local/lib/python3.12/site-packages/airflow/example_dags/example_setup_teardown_taskflow.py
[2026-08-12T04:37:34.010+0000] {processor.py:914} INFO - Processing file /home/airflow/.local/lib/python3.12/site-packages/airflow/example_dags/example_setup_teardown_taskflow.py for tasks to queue
[2026-08-12T04:37:34.015+0000] {logging_mixin.py:190} INFO - [2026-08-12T04:37:34.014+0000] {dagbag.py:587} INFO - Filling up the DagBag from /home/airflow/.local/lib/python3.12/site-packages/airflow/example_dags/example_setup_teardown_taskflow.py
[2026-08-12T04:37:34.034+0000] {processor.py:925} INFO - DAG(s) 'example_setup_teardown_taskflow' retrieved from /home/airflow/.local/lib/python3.12/site-packages/airflow/example_dags/example_setup_teardown_taskflow.py
[2026-08-12T04:37:34.065+0000] {logging_mixin.py:190} INFO - [2026-08-12T04:37:34.065+0000] {dag.py:3211} INFO - Sync 1 DAGs
[2026-08-12T04:37:34.101+0000] {logging_mixin.py:190} INFO - [2026-08-12T04:37:34.100+0000] {dag.py:4138} INFO - Setting next_dagrun for example_setup_teardown_taskflow to 2026-08-11 00:00:00+00:00, run_after=2026-08-12 00:00:00+00:00
[2026-08-12T04:37:34.128+0000] {processor.py:208} INFO - Processing /home/airflow/.local/lib/python3.12/site-packages/airflow/example_dags/example_setup_teardown_taskflow.py took 0.131 seconds
[2026-08-12T04:38:04.699+0000] {processor.py:186} INFO - Started process (PID=687) to work on /home/airflow/.local/lib/python3.12/site-packages/airflow/example_dags/example_setup_teardown_taskflow.py
[2026-08-12T04:38:04.701+0000] {processor.py:914} INFO - Processing file /home/airflow/.local/lib/python3.12/site-packages/airflow/example_dags/example_setup_teardown_taskflow.py for tasks to queue
[2026-08-12T04:38:04.703+0000] {logging_mixin.py:190} INFO - [2026-08-12T04:38:04.703+0000] {dagbag.py:587} INFO - Filling up the DagBag from /home/airflow/.local/lib/python3.12/site-packages/airflow/example_dags/example_setup_teardown_taskflow.py
[2026-08-12T04:38:04.716+0000] {processor.py:925} INFO - DAG(s) 'example_setup_teardown_taskflow' retrieved from /home/airflow/.local/lib/python3.12/site-packages/airflow/example_dags/example_setup_teardown_taskflow.py
[2026-08-12T04:38:04.739+0000] {logging_mixin.py:190} INFO - [2026-08-12T04:38:04.739+0000] {dag.py:3211} INFO - Sync 1 DAGs
[2026-08-12T04:38:04.763+0000] {logging_mixin.py:190} INFO - [2026-08-12T04:38:04.763+0000] {dag.py:4138} INFO - Setting next_dagrun for example_setup_teardown_taskflow to 2026-08-11 00:00:00+00:00, run_after=2026-08-12 00:00:00+00:00
[2026-08-12T04:38:04.788+0000] {processor.py:208} INFO - Processing /home/airflow/.local/lib/python3.12/site-packages/airflow/example_dags/example_setup_teardown_taskflow.py took 0.094 seconds
[2026-08-12T04:38:34.899+0000] {processor.py:186} INFO - Started process (PID=749) to work on /home/airflow/.local/lib/python3.12/site-packages/airflow/example_dags/example_setup_teardown_taskflow.py
[2026-08-12T04:38:34.900+0000] {processor.py:914} INFO - Processing file /home/airflow/.local/lib/python3.12/site-packages/airflow/example_dags/example_setup_teardown_taskflow.py for tasks to queue
[2026-08-12T04:38:34.903+0000] {logging_mixin.py:190} INFO - [2026-08-12T04:38:34.903+0000] {dagbag.py:587} INFO - Filling up the DagBag from /home/airflow/.local/lib/python3.12/site-packages/airflow/example_dags/example_setup_teardown_taskflow.py
[2026-08-12T04:38:34.913+0000] {processor.py:925} INFO - DAG(s) 'example_setup_teardown_taskflow' retrieved from /home/airflow/.local/lib/python3.12/site-packages/airflow/example_dags/example_setup_teardown_taskflow.py
[2026-08-12T04:38:34.936+0000] {logging_mixin.py:190} INFO - [2026-08-12T04:38:34.936+0000] {dag.py:3211} INFO - Sync 1 DAGs
[2026-08-12T04:38:34.958+0000] {logging_mixin.py:190} INFO - [2026-08-12T04:38:34.958+0000] {dag.py:4138} INFO - Setting next_dagrun for example_setup_teardown_taskflow to 2026-08-11 00:00:00+00:00, run_after=2026-08-12 00:00:00+00:00
[2026-08-12T04:38:34.982+0000] {processor.py:208} INFO - Processing /home/airflow/.local/lib/python3.12/site-packages/airflow/example_dags/example_setup_teardown_taskflow.py took 0.088 seconds
[2026-08-12T04:39:05.376+0000] {processor.py:186} INFO - Started process (PID=811) to work on /home/airflow/.local/lib/python3.12/site-packages/airflow/example_dags/example_setup_teardown_taskflow.py
[2026-08-12T04:39:05.377+0000] {processor.py:914} INFO - Processing file /home/airflow/.local/lib/python3.12/site-packages/airflow/example_dags/example_setup_teardown_taskflow.py for tasks to queue
[2026-08-12T04:39:05.381+0000] {logging_mixin.py:190} INFO - [2026-08-12T04:39:05.380+0000] {dagbag.py:587} INFO - Filling up the DagBag from /home/airflow/.local/lib/python3.12/site-packages/airflow/example_dags/example_setup_teardown_taskflow.py
[2026-08-12T04:39:05.394+0000] {processor.py:925} INFO - DAG(s) 'example_setup_teardown_taskflow' retrieved from /home/airflow/.local/lib/python3.12/site-packages/airflow/example_dags/example_setup_teardown_taskflow.py
[2026-08-12T04:39:05.417+0000] {logging_mixin.py:190} INFO - [2026-08-12T04:39:05.417+0000] {dag.py:3211} INFO - Sync 1 DAGs
[2026-08-12T04:39:05.441+0000] {logging_mixin.py:190} INFO - [2026-08-12T04:39:05.441+0000] {dag.py:4138} INFO - Setting next_dagrun for example_setup_teardown_taskflow to 2026-08-11 00:00:00+00:00, run_after=2026-08-12 00:00:00+00:00
[2026-08-12T04:39:05.464+0000] {processor.py:208} INFO - Processing /home/airflow/.local/lib/python3.12/site-packages/airflow/example_dags/example_setup_teardown_taskflow.py took 0.094 seconds
[2026-08-12T04:39:36.218+0000] {processor.py:186} INFO - Started process (PID=873) to work on /home/airflow/.local/lib/python3.12/site-packages/airflow/example_dags/example_setup_teardown_taskflow.py
[2026-08-12T04:39:36.220+0000] {processor.py:914} INFO - Processing file /home/airflow/.local/lib/python3.12/site-packages/airflow/example_dags/example_setup_teardown_taskflow.py for tasks to queue
[2026-08-12T04:39:36.223+0000] {logging_mixin.py:190} INFO - [2026-08-12T04:39:36.222+0000] {dagbag.py:587} INFO - Filling up the DagBag from /home/airflow/.local/lib/python3.12/site-packages/airflow/example_dags/example_setup_teardown_taskflow.py
[2026-08-12T04:39:36.233+0000] {processor.py:925} INFO - DAG(s) 'example_setup_teardown_taskflow' retrieved from /home/airflow/.local/lib/python3.12/site-packages/airflow/example_dags/example_setup_teardown_taskflow.py
[2026-08-12T04:39:36.256+0000] {logging_mixin.py:190} INFO - [2026-08-12T04:39:36.256+0000] {dag.py:3211} INFO - Sync 1 DAGs
[2026-08-12T04:39:36.283+0000] {logging_mixin.py:190} INFO - [2026-08-12T04:39:36.282+0000] {dag.py:4138} INFO - Setting next_dagrun for example_setup_teardown_taskflow to 2026-08-11 00:00:00+00:00, run_after=2026-08-12 00:00:00+00:00
[2026-08-12T04:39:36.313+0000] {processor.py:208} INFO - Processing /home/airflow/.local/lib/python3.12/site-packages/airflow/example_dags/example_setup_teardown_taskflow.py took 0.101 seconds
[2026-08-12T04:40:06.501+0000] {processor.py:186} INFO - Started process (PID=935) to work on /home/airflow/.local/lib/python3.12/site-packages/airflow/example_dags/example_setup_teardown_taskflow.py
[2026-08-12T04:40:06.503+0000] {processor.py:914} INFO - Processing file /home/airflow/.local/lib/python3.12/site-packages/airflow/example_dags/example_setup_teardown_taskflow.py for tasks to queue
[2026-08-12T04:40:06.506+0000] {logging_mixin.py:190} INFO - [2026-08-12T04:40:06.506+0000] {dagbag.py:587} INFO - Filling up the DagBag from /home/airflow/.local/lib/python3.12/site-packages/airflow/example_dags/example_setup_teardown_taskflow.py
[2026-08-12T04:40:06.518+0000] {processor.py:925} INFO - DAG(s) 'example_setup_teardown_taskflow' retrieved from /home/airflow/.local/lib/python3.12/site-packages/airflow/example_dags/example_setup_teardown_taskflow.py
[2026-08-12T04:40:06.539+0000] {logging_mixin.py:190} INFO - [2026-08-12T04:40:06.539+0000] {dag.py:3211} INFO - Sync 1 DAGs
[2026-08-12T04:40:06.562+0000] {logging_mixin.py:190} INFO - [2026-08-12T04:40:06.562+0000] {dag.py:4138} INFO - Setting next_dagrun for example_setup_teardown_taskflow to 2026-08-11 00:00:00+00:00, run_after=2026-08-12 00:00:00+00:00
[2026-08-12T04:40:06.581+0000] {processor.py:208} INFO - Processing /home/airflow/.local/lib/python3.12/site-packages/airflow/example_dags/example_setup_teardown_taskflow.py took 0.086 seconds
[2026-08-12T04:40:37.253+0000] {processor.py:186} INFO - Started process (PID=997) to work on /home/airflow/.local/lib/python3.12/site-packages/airflow/example_dags/example_setup_teardown_taskflow.py
[2026-08-12T04:40:37.254+0000] {processor.py:914} INFO - Processing file /home/airflow/.local/lib/python3.12/site-packages/airflow/example_dags/example_setup_teardown_taskflow.py for tasks to queue
[2026-08-12T04:40:37.258+0000] {logging_mixin.py:190} INFO - [2026-08-12T04:40:37.257+0000] {dagbag.py:587} INFO - Filling up the DagBag from /home/airflow/.local/lib/python3.12/site-packages/airflow/example_dags/example_setup_teardown_taskflow.py
[2026-08-12T04:40:37.274+0000] {processor.py:925} INFO - DAG(s) 'example_setup_teardown_taskflow' retrieved from /home/airflow/.local/lib/python3.12/site-packages/airflow/example_dags/example_setup_teardown_taskflow.py
[2026-08-12T04:40:37.303+0000] {logging_mixin.py:190} INFO - [2026-08-12T04:40:37.303+0000] {dag.py:3211} INFO - Sync 1 DAGs
[2026-08-12T04:40:37.333+0000] {logging_mixin.py:190} INFO - [2026-08-12T04:40:37.333+0000] {dag.py:4138} INFO - Setting next_dagrun for example_setup_teardown_taskflow to 2026-08-11 00:00:00+00:00, run_after=2026-08-12 00:00:00+00:00
[2026-08-12T04:40:37.354+0000] {processor.py:208} INFO - Processing /home/airflow/.local/lib/python3.12/site-packages/airflow/example_dags/example_setup_teardown_taskflow.py took 0.108 seconds
[2026-08-12T04:41:07.673+0000] {processor.py:186} INFO - Started process (PID=1059) to work on /home/airflow/.local/lib/python3.12/site-packages/airflow/example_dags/example_setup_teardown_taskflow.py
[2026-08-12T04:41:07.675+0000] {processor.py:914} INFO - Processing file /home/airflow/.local/lib/python3.12/site-packages/airflow/example_dags/example_setup_teardown_taskflow.py for tasks to queue
[2026-08-12T04:41:07.679+0000] {logging_mixin.py:190} INFO - [2026-08-12T04:41:07.678+0000] {dagbag.py:587} INFO - Filling up the DagBag from /home/airflow/.local/lib/python3.12/site-packages/airflow/example_dags/example_setup_teardown_taskflow.py
[2026-08-12T04:41:07.704+0000] {processor.py:925} INFO - DAG(s) 'example_setup_teardown_taskflow' retrieved from /home/airflow/.local/lib/python3.12/site-packages/airflow/example_dags/example_setup_teardown_taskflow.py
[2026-08-12T04:41:07.746+0000] {logging_mixin.py:190} INFO - [2026-08-12T04:41:07.745+0000] {dag.py:3211} INFO - Sync 1 DAGs
[2026-08-12T04:41:07.784+0000] {logging_mixin.py:190} INFO - [2026-08-12T04:41:07.784+0000] {dag.py:4138} INFO - Setting next_dagrun for example_setup_teardown_taskflow to 2026-08-11 00:00:00+00:00, run_after=2026-08-12 00:00:00+00:00
[2026-08-12T04:41:07.812+0000] {processor.py:208} INFO - Processing /home/airflow/.local/lib/python3.12/site-packages/airflow/example_dags/example_setup_teardown_taskflow.py took 0.146 seconds
[2026-08-12T04:41:38.426+0000] {processor.py:186} INFO - Started process (PID=1121) to work on /home/airflow/.local/lib/python3.12/site-packages/airflow/example_dags/example_setup_teardown_taskflow.py
[2026-08-12T04:41:38.427+0000] {processor.py:914} INFO - Processing file /home/airflow/.local/lib/python3.12/site-packages/airflow/example_dags/example_setup_teardown_taskflow.py for tasks to queue
[2026-08-12T04:41:38.430+0000] {logging_mixin.py:190} INFO - [2026-08-12T04:41:38.430+0000] {dagbag.py:587} INFO - Filling up the DagBag from /home/airflow/.local/lib/python3.12/site-packages/airflow/example_dags/example_setup_teardown_taskflow.py
[2026-08-12T04:41:38.442+0000] {processor.py:925} INFO - DAG(s) 'example_setup_teardown_taskflow' retrieved from /home/airflow/.local/lib/python3.12/site-packages/airflow/example_dags/example_setup_teardown_taskflow.py
[2026-08-12T04:41:38.467+0000] {logging_mixin.py:190} INFO - [2026-08-12T04:41:38.466+0000] {dag.py:3211} INFO - Sync 1 DAGs
[2026-08-12T04:41:38.498+0000] {logging_mixin.py:190} INFO - [2026-08-12T04:41:38.498+0000] {dag.py:4138} INFO - Setting next_dagrun for example_setup_teardown_taskflow to 2026-08-11 00:00:00+00:00, run_after=2026-08-12 00:00:00+00:00
[2026-08-12T04:41:38.519+0000] {processor.py:208} INFO - Processing /home/airflow/.local/lib/python3.12/site-packages/airflow/example_dags/example_setup_teardown_taskflow.py took 0.099 seconds
[2026-08-12T04:42:08.834+0000] {processor.py:186} INFO - Started process (PID=1183) to work on /home/airflow/.local/lib/python3.12/site-packages/airflow/example_dags/example_setup_teardown_taskflow.py
[2026-08-12T04:42:08.835+0000] {processor.py:914} INFO - Processing file /home/airflow/.local/lib/python3.12/site-packages/airflow/example_dags/example_setup_teardown_taskflow.py for tasks to queue
[2026-08-12T04:42:08.838+0000] {logging_mixin.py:190} INFO - [2026-08-12T04:42:08.838+0000] {dagbag.py:587} INFO - Filling up the DagBag from /home/airflow/.local/lib/python3.12/site-packages/airflow/example_dags/example_setup_teardown_taskflow.py
[2026-08-12T04:42:08.850+0000] {processor.py:925} INFO - DAG(s) 'example_setup_teardown_taskflow' retrieved from /home/airflow/.local/lib/python3.12/site-packages/airflow/example_dags/example_setup_teardown_taskflow.py
[2026-08-12T04:42:08.909+0000] {logging_mixin.py:190} INFO - [2026-08-12T04:42:08.899+0000] {dag.py:3211} INFO - Sync 1 DAGs
[2026-08-12T04:42:08.973+0000] {logging_mixin.py:190} INFO - [2026-08-12T04:42:08.973+0000] {dag.py:4138} INFO - Setting next_dagrun for example_setup_teardown_taskflow to 2026-08-11 00:00:00+00:00, run_after=2026-08-12 00:00:00+00:00
[2026-08-12T04:42:08.996+0000] {processor.py:208} INFO - Processing /home/airflow/.local/lib/python3.12/site-packages/airflow/example_dags/example_setup_teardown_taskflow.py took 0.169 seconds
[2026-08-12T04:42:39.221+0000] {processor.py:186} INFO - Started process (PID=1245) to work on /home/airflow/.local/lib/python3.12/site-packages/airflow/example_dags/example_setup_teardown_taskflow.py
[2026-08-12T04:42:39.223+0000] {processor.py:914} INFO - Processing file /home/airflow/.local/lib/python3.12/site-packages/airflow/example_dags/example_setup_teardown_taskflow.py for tasks to queue
[2026-08-12T04:42:39.227+0000] {logging_mixin.py:190} INFO - [2026-08-12T04:42:39.227+0000] {dagbag.py:587} INFO - Filling up the DagBag from /home/airflow/.local/lib/python3.12/site-packages/airflow/example_dags/example_setup_teardown_taskflow.py
[2026-08-12T04:42:39.241+0000] {processor.py:925} INFO - DAG(s) 'example_setup_teardown_taskflow' retrieved from /home/airflow/.local/lib/python3.12/site-packages/airflow/example_dags/example_setup_teardown_taskflow.py
[2026-08-12T04:42:39.265+0000] {logging_mixin.py:190} INFO - [2026-08-12T04:42:39.264+0000] {dag.py:3211} INFO - Sync 1 DAGs
[2026-08-12T04:42:39.293+0000] {logging_mixin.py:190} INFO - [2026-08-12T04:42:39.293+0000] {dag.py:4138} INFO - Setting next_dagrun for example_setup_teardown_taskflow to 2026-08-11 00:00:00+00:00, run_after=2026-08-12 00:00:00+00:00
[2026-08-12T04:42:39.322+0000] {processor.py:208} INFO - Processing /home/airflow/.local/lib/python3.12/site-packages/airflow/example_dags/example_setup_teardown_taskflow.py took 0.109 seconds
[2026-08-12T04:43:09.682+0000] {processor.py:186} INFO - Started process (PID=1307) to work on /home/airflow/.local/lib/python3.12/site-packages/airflow/example_dags/example_setup_teardown_taskflow.py
[2026-08-12T04:43:09.683+0000] {processor.py:914} INFO - Processing file /home/airflow/.local/lib/python3.12/site-packages/airflow/example_dags/example_setup_teardown_taskflow.py for tasks to queue
[2026-08-12T04:43:09.686+0000] {logging_mixin.py:190} INFO - [2026-08-12T04:43:09.686+0000] {dagbag.py:587} INFO - Filling up the DagBag from /home/airflow/.local/lib/python3.12/site-packages/airflow/example_dags/example_setup_teardown_taskflow.py
[2026-08-12T04:43:09.696+0000] {processor.py:925} INFO - DAG(s) 'example_setup_teardown_taskflow' retrieved from /home/airflow/.local/lib/python3.12/site-packages/airflow/example_dags/example_setup_teardown_taskflow.py
[2026-08-12T04:43:09.719+0000] {logging_mixin.py:190} INFO - [2026-08-12T04:43:09.718+0000] {dag.py:3211} INFO - Sync 1 DAGs
[2026-08-12T04:43:09.740+0000] {logging_mixin.py:190} INFO - [2026-08-12T04:43:09.740+0000] {dag.py:4138} INFO - Setting next_dagrun for example_setup_teardown_taskflow to 2026-08-11 00:00:00+00:00, run_after=2026-08-12 00:00:00+00:00
[2026-08-12T04:43:09.762+0000] {processor.py:208} INFO - Processing /home/airflow/.local/lib/python3.12/site-packages/airflow/example_dags/example_setup_teardown_taskflow.py took 0.085 seconds
[2026-08-12T04:43:40.040+0000] {processor.py:186} INFO - Started process (PID=1369) to work on /home/airflow/.local/lib/python3.12/site-packages/airflow/example_dags/example_setup_teardown_taskflow.py
[2026-08-12T04:43:40.041+0000] {processor.py:914} INFO - Processing file /home/airflow/.local/lib/python3.12/site-packages/airflow/example_dags/example_setup_teardown_taskflow.py for tasks to queue
[2026-08-12T04:43:40.044+0000] {logging_mixin.py:190} INFO - [2026-08-12T04:43:40.044+0000] {dagbag.py:587} INFO - Filling up the DagBag from /home/airflow/.local/lib/python3.12/site-packages/airflow/example_dags/example_setup_teardown_taskflow.py
[2026-08-12T04:43:40.056+0000] {processor.py:925} INFO - DAG(s) 'example_setup_teardown_taskflow' retrieved from /home/airflow/.local/lib/python3.12/site-packages/airflow/example_dags/example_setup_teardown_taskflow.py
[2026-08-12T04:43:40.078+0000] {logging_mixin.py:190} INFO - [2026-08-12T04:43:40.078+0000] {dag.py:3211} INFO - Sync 1 DAGs
[2026-08-12T04:43:40.108+0000] {logging_mixin.py:190} INFO - [2026-08-12T04:43:40.108+0000] {dag.py:4138} INFO - Setting next_dagrun for example_setup_teardown_taskflow to 2026-08-11 00:00:00+00:00, run_after=2026-08-12 00:00:00+00:00
[2026-08-12T04:43:40.132+0000] {processor.py:208} INFO - Processing /home/airflow/.local/lib/python3.12/site-packages/airflow/example_dags/example_setup_teardown_taskflow.py took 0.097 seconds
[2026-08-12T04:44:10.563+0000] {processor.py:186} INFO - Started process (PID=1431) to work on /home/airflow/.local/lib/python3.12/site-packages/airflow/example_dags/example_setup_teardown_taskflow.py
[2026-08-12T04:44:10.564+0000] {processor.py:914} INFO - Processing file /home/airflow/.local/lib/python3.12/site-packages/airflow/example_dags/example_setup_teardown_taskflow.py for tasks to queue
[2026-08-12T04:44:10.568+0000] {logging_mixin.py:190} INFO - [2026-08-12T04:44:10.568+0000] {dagbag.py:587} INFO - Filling up the DagBag from /home/airflow/.local/lib/python3.12/site-packages/airflow/example_dags/example_setup_teardown_taskflow.py
[2026-08-12T04:44:10.582+0000] {processor.py:925} INFO - DAG(s) 'example_setup_teardown_taskflow' retrieved from /home/airflow/.local/lib/python3.12/site-packages/airflow/example_dags/example_setup_teardown_taskflow.py
[2026-08-12T04:44:10.611+0000] {logging_mixin.py:190} INFO - [2026-08-12T04:44:10.611+0000] {dag.py:3211} INFO - Sync 1 DAGs
[2026-08-12T04:44:10.645+0000] {logging_mixin.py:190} INFO - [2026-08-12T04:44:10.645+0000] {dag.py:4138} INFO - Setting next_dagrun for example_setup_teardown_taskflow to 2026-08-11 00:00:00+00:00, run_after=2026-08-12 00:00:00+00:00
[2026-08-12T04:44:10.671+0000] {processor.py:208} INFO - Processing /home/airflow/.local/lib/python3.12/site-packages/airflow/example_dags/example_setup_teardown_taskflow.py took 0.116 seconds
[2026-08-12T04:44:41.097+0000] {processor.py:186} INFO - Started process (PID=1494) to work on /home/airflow/.local/lib/python3.12/site-packages/airflow/example_dags/example_setup_teardown_taskflow.py
[2026-08-12T04:44:41.099+0000] {processor.py:914} INFO - Processing file /home/airflow/.local/lib/python3.12/site-packages/airflow/example_dags/example_setup_teardown_taskflow.py for tasks to queue
[2026-08-12T04:44:41.104+0000] {logging_mixin.py:190} INFO - [2026-08-12T04:44:41.103+0000] {dagbag.py:587} INFO - Filling up the DagBag from /home/airflow/.local/lib/python3.12/site-packages/airflow/example_dags/example_setup_teardown_taskflow.py
[2026-08-12T04:44:41.117+0000] {processor.py:925} INFO - DAG(s) 'example_setup_teardown_taskflow' retrieved from /home/airflow/.local/lib/python3.12/site-packages/airflow/example_dags/example_setup_teardown_taskflow.py
[2026-08-12T04:44:41.145+0000] {logging_mixin.py:190} INFO - [2026-08-12T04:44:41.144+0000] {dag.py:3211} INFO - Sync 1 DAGs
[2026-08-12T04:44:41.173+0000] {logging_mixin.py:190} INFO - [2026-08-12T04:44:41.173+0000] {dag.py:4138} INFO - Setting next_dagrun for example_setup_teardown_taskflow to 2026-08-11 00:00:00+00:00, run_after=2026-08-12 00:00:00+00:00
[2026-08-12T04:44:41.199+0000] {processor.py:208} INFO - Processing /home/airflow/.local/lib/python3.12/site-packages/airflow/example_dags/example_setup_teardown_taskflow.py took 0.108 seconds
[2026-08-12T04:45:11.504+0000] {processor.py:186} INFO - Started process (PID=1556) to work on /home/airflow/.local/lib/python3.12/site-packages/airflow/example_dags/example_setup_teardown_taskflow.py
[2026-08-12T04:45:11.506+0000] {processor.py:914} INFO - Processing file /home/airflow/.local/lib/python3.12/site-packages/airflow/example_dags/example_setup_teardown_taskflow.py for tasks to queue
[2026-08-12T04:45:11.510+0000] {logging_mixin.py:190} INFO - [2026-08-12T04:45:11.510+0000] {dagbag.py:587} INFO - Filling up the DagBag from /home/airflow/.local/lib/python3.12/site-packages/airflow/example_dags/example_setup_teardown_taskflow.py
[2026-08-12T04:45:11.527+0000] {processor.py:925} INFO - DAG(s) 'example_setup_teardown_taskflow' retrieved from /home/airflow/.local/lib/python3.12/site-packages/airflow/example_dags/example_setup_teardown_taskflow.py
[2026-08-12T04:45:11.550+0000] {logging_mixin.py:190} INFO - [2026-08-12T04:45:11.550+0000] {dag.py:3211} INFO - Sync 1 DAGs
[2026-08-12T04:45:11.572+0000] {logging_mixin.py:190} INFO - [2026-08-12T04:45:11.572+0000] {dag.py:4138} INFO - Setting next_dagrun for example_setup_teardown_taskflow to 2026-08-11 00:00:00+00:00, run_after=2026-08-12 00:00:00+00:00
[2026-08-12T04:45:11.595+0000] {processor.py:208} INFO - Processing /home/airflow/.local/lib/python3.12/site-packages/airflow/example_dags/example_setup_teardown_taskflow.py took 0.097 seconds
[2026-08-12T04:45:42.086+0000] {processor.py:186} INFO - Started process (PID=1618) to work on /home/airflow/.local/lib/python3.12/site-packages/airflow/example_dags/example_setup_teardown_taskflow.py
[2026-08-12T04:45:42.088+0000] {processor.py:914} INFO - Processing file /home/airflow/.local/lib/python3.12/site-packages/airflow/example_dags/example_setup_teardown_taskflow.py for tasks to queue
[2026-08-12T04:45:42.091+0000] {logging_mixin.py:190} INFO - [2026-08-12T04:45:42.091+0000] {dagbag.py:587} INFO - Filling up the DagBag from /home/airflow/.local/lib/python3.12/site-packages/airflow/example_dags/example_setup_teardown_taskflow.py
[2026-08-12T04:45:42.104+0000] {processor.py:925} INFO - DAG(s) 'example_setup_teardown_taskflow' retrieved from /home/airflow/.local/lib/python3.12/site-packages/airflow/example_dags/example_setup_teardown_taskflow.py
[2026-08-12T04:45:42.130+0000] {logging_mixin.py:190} INFO - [2026-08-12T04:45:42.130+0000] {dag.py:3211} INFO - Sync 1 DAGs
[2026-08-12T04:45:42.161+0000] {logging_mixin.py:190} INFO - [2026-08-12T04:45:42.161+0000] {dag.py:4138} INFO - Setting next_dagrun for example_setup_teardown_taskflow to 2026-08-11 00:00:00+00:00, run_after=2026-08-12 00:00:00+00:00
[2026-08-12T04:45:42.185+0000] {processor.py:208} INFO - Processing /home/airflow/.local/lib/python3.12/site-packages/airflow/example_dags/example_setup_teardown_taskflow.py took 0.106 seconds
[2026-08-12T04:46:12.749+0000] {processor.py:186} INFO - Started process (PID=1680) to work on /home/airflow/.local/lib/python3.12/site-packages/airflow/example_dags/example_setup_teardown_taskflow.py
[2026-08-12T04:46:12.751+0000] {processor.py:914} INFO - Processing file /home/airflow/.local/lib/python3.12/site-packages/airflow/example_dags/example_setup_teardown_taskflow.py for tasks to queue
[2026-08-12T04:46:12.755+0000] {logging_mixin.py:190} INFO - [2026-08-12T04:46:12.754+0000] {dagbag.py:587} INFO - Filling up the DagBag from /home/airflow/.local/lib/python3.12/site-packages/airflow/example_dags/example_setup_teardown_taskflow.py
[2026-08-12T04:46:12.765+0000] {processor.py:925} INFO - DAG(s) 'example_setup_teardown_taskflow' retrieved from /home/airflow/.local/lib/python3.12/site-packages/airflow/example_dags/example_setup_teardown_taskflow.py
[2026-08-12T04:46:12.789+0000] {logging_mixin.py:190} INFO - [2026-08-12T04:46:12.789+0000] {dag.py:3211} INFO - Sync 1 DAGs
[2026-08-12T04:46:12.815+0000] {logging_mixin.py:190} INFO - [2026-08-12T04:46:12.815+0000] {dag.py:4138} INFO - Setting next_dagrun for example_setup_teardown_taskflow to 2026-08-11 00:00:00+00:00, run_after=2026-08-12 00:00:00+00:00
[2026-08-12T04:46:12.842+0000] {processor.py:208} INFO - Processing /home/airflow/.local/lib/python3.12/site-packages/airflow/example_dags/example_setup_teardown_taskflow.py took 0.099 seconds
[2026-08-12T04:46:43.325+0000] {processor.py:186} INFO - Started process (PID=1742) to work on /home/airflow/.local/lib/python3.12/site-packages/airflow/example_dags/example_setup_teardown_taskflow.py
[2026-08-12T04:46:43.327+0000] {processor.py:914} INFO - Processing file /home/airflow/.local/lib/python3.12/site-packages/airflow/example_dags/example_setup_teardown_taskflow.py for tasks to queue
[2026-08-12T04:46:43.331+0000] {logging_mixin.py:190} INFO - [2026-08-12T04:46:43.330+0000] {dagbag.py:587} INFO - Filling up the DagBag from /home/airflow/.local/lib/python3.12/site-packages/airflow/example_dags/example_setup_teardown_taskflow.py
[2026-08-12T04:46:43.343+0000] {processor.py:925} INFO - DAG(s) 'example_setup_teardown_taskflow' retrieved from /home/airflow/.local/lib/python3.12/site-packages/airflow/example_dags/example_setup_teardown_taskflow.py
[2026-08-12T04:46:43.365+0000] {logging_mixin.py:190} INFO - [2026-08-12T04:46:43.364+0000] {dag.py:3211} INFO - Sync 1 DAGs
[2026-08-12T04:46:43.391+0000] {logging_mixin.py:190} INFO - [2026-08-12T04:46:43.391+0000] {dag.py:4138} INFO - Setting next_dagrun for example_setup_teardown_taskflow to 2026-08-11 00:00:00+00:00, run_after=2026-08-12 00:00:00+00:00
[2026-08-12T04:46:43.412+0000] {processor.py:208} INFO - Processing /home/airflow/.local/lib/python3.12/site-packages/airflow/example_dags/example_setup_teardown_taskflow.py took 0.093 seconds
[2026-08-12T04:47:13.812+0000] {processor.py:186} INFO - Started process (PID=1804) to work on /home/airflow/.local/lib/python3.12/site-packages/airflow/example_dags/example_setup_teardown_taskflow.py
[2026-08-12T04:47:13.814+0000] {processor.py:914} INFO - Processing file /home/airflow/.local/lib/python3.12/site-packages/airflow/example_dags/example_setup_teardown_taskflow.py for tasks to queue
[2026-08-12T04:47:13.818+0000] {logging_mixin.py:190} INFO - [2026-08-12T04:47:13.817+0000] {dagbag.py:587} INFO - Filling up the DagBag from /home/airflow/.local/lib/python3.12/site-packages/airflow/example_dags/example_setup_teardown_taskflow.py
[2026-08-12T04:47:13.831+0000] {processor.py:925} INFO - DAG(s) 'example_setup_teardown_taskflow' retrieved from /home/airflow/.local/lib/python3.12/site-packages/airflow/example_dags/example_setup_teardown_taskflow.py
[2026-08-12T04:47:13.852+0000] {logging_mixin.py:190} INFO - [2026-08-12T04:47:13.852+0000] {dag.py:3211} INFO - Sync 1 DAGs
[2026-08-12T04:47:13.875+0000] {logging_mixin.py:190} INFO - [2026-08-12T04:47:13.875+0000] {dag.py:4138} INFO - Setting next_dagrun for example_setup_teardown_taskflow to 2026-08-11 00:00:00+00:00, run_after=2026-08-12 00:00:00+00:00
[2026-08-12T04:47:13.896+0000] {processor.py:208} INFO - Processing /home/airflow/.local/lib/python3.12/site-packages/airflow/example_dags/example_setup_teardown_taskflow.py took 0.090 seconds
[2026-08-12T04:47:44.708+0000] {processor.py:186} INFO - Started process (PID=1866) to work on /home/airflow/.local/lib/python3.12/site-packages/airflow/example_dags/example_setup_teardown_taskflow.py
[2026-08-12T04:47:44.709+0000] {processor.py:914} INFO - Processing file /home/airflow/.local/lib/python3.12/site-packages/airflow/example_dags/example_setup_teardown_taskflow.py for tasks to queue
[2026-08-12T04:47:44.712+0000] {logging_mixin.py:190} INFO - [2026-08-12T04:47:44.712+0000] {dagbag.py:587} INFO - Filling up the DagBag from /home/airflow/.local/lib/python3.12/site-packages/airflow/example_dags/example_setup_teardown_taskflow.py
[2026-08-12T04:47:44.725+0000] {processor.py:925} INFO - DAG(s) 'example_setup_teardown_taskflow' retrieved from /home/airflow/.local/lib/python3.12/site-packages/airflow/example_dags/example_setup_teardown_taskflow.py
[2026-08-12T04:47:44.748+0000] {logging_mixin.py:190} INFO - [2026-08-12T04:47:44.748+0000] {dag.py:3211} INFO - Sync 1 DAGs
[2026-08-12T04:47:44.778+0000] {logging_mixin.py:190} INFO - [2026-08-12T04:47:44.778+0000] {dag.py:4138} INFO - Setting next_dagrun for example_setup_teardown_taskflow to 2026-08-11 00:00:00+00:00, run_after=2026-08-12 00:00:00+00:00
[2026-08-12T04:47:44.807+0000] {processor.py:208} INFO - Processing /home/airflow/.local/lib/python3.12/site-packages/airflow/example_dags/example_setup_teardown_taskflow.py took 0.104 seconds
[2026-08-12T04:48:14.884+0000] {processor.py:186} INFO - Started process (PID=1929) to work on /home/airflow/.local/lib/python3.12/site-packages/airflow/example_dags/example_setup_teardown_taskflow.py
[2026-08-12T04:48:14.886+0000] {processor.py:914} INFO - Processing file /home/airflow/.local/lib/python3.12/site-packages/airflow/example_dags/example_setup_teardown_taskflow.py for tasks to queue
[2026-08-12T04:48:14.889+0000] {logging_mixin.py:190} INFO - [2026-08-12T04:48:14.889+0000] {dagbag.py:587} INFO - Filling up the DagBag from /home/airflow/.local/lib/python3.12/site-packages/airflow/example_dags/example_setup_teardown_taskflow.py
[2026-08-12T04:48:14.901+0000] {processor.py:925} INFO - DAG(s) 'example_setup_teardown_taskflow' retrieved from /home/airflow/.local/lib/python3.12/site-packages/airflow/example_dags/example_setup_teardown_taskflow.py
[2026-08-12T04:48:14.924+0000] {logging_mixin.py:190} INFO - [2026-08-12T04:48:14.924+0000] {dag.py:3211} INFO - Sync 1 DAGs
[2026-08-12T04:48:14.947+0000] {logging_mixin.py:190} INFO - [2026-08-12T04:48:14.947+0000] {dag.py:4138} INFO - Setting next_dagrun for example_setup_teardown_taskflow to 2026-08-11 00:00:00+00:00, run_after=2026-08-12 00:00:00+00:00
[2026-08-12T04:48:14.968+0000] {processor.py:208} INFO - Processing /home/airflow/.local/lib/python3.12/site-packages/airflow/example_dags/example_setup_teardown_taskflow.py took 0.090 seconds
[2026-08-12T04:48:45.230+0000] {processor.py:186} INFO - Started process (PID=1992) to work on /home/airflow/.local/lib/python3.12/site-packages/airflow/example_dags/example_setup_teardown_taskflow.py
[2026-08-12T04:48:45.231+0000] {processor.py:914} INFO - Processing file /home/airflow/.local/lib/python3.12/site-packages/airflow/example_dags/example_setup_teardown_taskflow.py for tasks to queue
[2026-08-12T04:48:45.234+0000] {logging_mixin.py:190} INFO - [2026-08-12T04:48:45.234+0000] {dagbag.py:587} INFO - Filling up the DagBag from /home/airflow/.local/lib/python3.12/site-packages/airflow/example_dags/example_setup_teardown_taskflow.py
[2026-08-12T04:48:45.247+0000] {processor.py:925} INFO - DAG(s) 'example_setup_teardown_taskflow' retrieved from /home/airflow/.local/lib/python3.12/site-packages/airflow/example_dags/example_setup_teardown_taskflow.py
[2026-08-12T04:48:45.269+0000] {logging_mixin.py:190} INFO - [2026-08-12T04:48:45.269+0000] {dag.py:3211} INFO - Sync 1 DAGs
[2026-08-12T04:48:45.290+0000] {logging_mixin.py:190} INFO - [2026-08-12T04:48:45.290+0000] {dag.py:4138} INFO - Setting next_dagrun for example_setup_teardown_taskflow to 2026-08-11 00:00:00+00:00, run_after=2026-08-12 00:00:00+00:00
[2026-08-12T04:48:45.311+0000] {processor.py:208} INFO - Processing /home/airflow/.local/lib/python3.12/site-packages/airflow/example_dags/example_setup_teardown_taskflow.py took 0.088 seconds
[2026-08-12T04:49:16.257+0000] {processor.py:186} INFO - Started process (PID=2055) to work on /home/airflow/.local/lib/python3.12/site-packages/airflow/example_dags/example_setup_teardown_taskflow.py
[2026-08-12T04:49:16.258+0000] {processor.py:914} INFO - Processing file /home/airflow/.local/lib/python3.12/site-packages/airflow/example_dags/example_setup_teardown_taskflow.py for tasks to queue
[2026-08-12T04:49:16.261+0000] {logging_mixin.py:190} INFO - [2026-08-12T04:49:16.261+0000] {dagbag.py:587} INFO - Filling up the DagBag from /home/airflow/.local/lib/python3.12/site-packages/airflow/example_dags/example_setup_teardown_taskflow.py
[2026-08-12T04:49:16.272+0000] {processor.py:925} INFO - DAG(s) 'example_setup_teardown_taskflow' retrieved from /home/airflow/.local/lib/python3.12/site-packages/airflow/example_dags/example_setup_teardown_taskflow.py
[2026-08-12T04:49:16.301+0000] {logging_mixin.py:190} INFO - [2026-08-12T04:49:16.301+0000] {dag.py:3211} INFO - Sync 1 DAGs
[2026-08-12T04:49:16.332+0000] {logging_mixin.py:190} INFO - [2026-08-12T04:49:16.332+0000] {dag.py:4138} INFO - Setting next_dagrun for example_setup_teardown_taskflow to 2026-08-11 00:00:00+00:00, run_after=2026-08-12 00:00:00+00:00
[2026-08-12T04:49:16.359+0000] {processor.py:208} INFO - Processing /home/airflow/.local/lib/python3.12/site-packages/airflow/example_dags/example_setup_teardown_taskflow.py took 0.109 seconds
[2026-08-12T04:49:46.834+0000] {processor.py:186} INFO - Started process (PID=2118) to work on /home/airflow/.local/lib/python3.12/site-packages/airflow/example_dags/example_setup_teardown_taskflow.py
[2026-08-12T04:49:46.835+0000] {processor.py:914} INFO - Processing file /home/airflow/.local/lib/python3.12/site-packages/airflow/example_dags/example_setup_teardown_taskflow.py for tasks to queue
[2026-08-12T04:49:46.840+0000] {logging_mixin.py:190} INFO - [2026-08-12T04:49:46.839+0000] {dagbag.py:587} INFO - Filling up the DagBag from /home/airflow/.local/lib/python3.12/site-packages/airflow/example_dags/example_setup_teardown_taskflow.py
[2026-08-12T04:49:46.851+0000] {processor.py:925} INFO - DAG(s) 'example_setup_teardown_taskflow' retrieved from /home/airflow/.local/lib/python3.12/site-packages/airflow/example_dags/example_setup_teardown_taskflow.py
[2026-08-12T04:49:46.876+0000] {logging_mixin.py:190} INFO - [2026-08-12T04:49:46.876+0000] {dag.py:3211} INFO - Sync 1 DAGs
[2026-08-12T04:49:46.900+0000] {logging_mixin.py:190} INFO - [2026-08-12T04:49:46.900+0000] {dag.py:4138} INFO - Setting next_dagrun for example_setup_teardown_taskflow to 2026-08-11 00:00:00+00:00, run_after=2026-08-12 00:00:00+00:00
[2026-08-12T04:49:46.923+0000] {processor.py:208} INFO - Processing /home/airflow/.local/lib/python3.12/site-packages/airflow/example_dags/example_setup_teardown_taskflow.py took 0.095 seconds
[2026-08-12T04:50:17.552+0000] {processor.py:186} INFO - Started process (PID=2182) to work on /home/airflow/.local/lib/python3.12/site-packages/airflow/example_dags/example_setup_teardown_taskflow.py
[2026-08-12T04:50:17.554+0000] {processor.py:914} INFO - Processing file /home/airflow/.local/lib/python3.12/site-packages/airflow/example_dags/example_setup_teardown_taskflow.py for tasks to queue
[2026-08-12T04:50:17.556+0000] {logging_mixin.py:190} INFO - [2026-08-12T04:50:17.556+0000] {dagbag.py:587} INFO - Filling up the DagBag from /home/airflow/.local/lib/python3.12/site-packages/airflow/example_dags/example_setup_teardown_taskflow.py
[2026-08-12T04:50:17.569+0000] {processor.py:925} INFO - DAG(s) 'example_setup_teardown_taskflow' retrieved from /home/airflow/.local/lib/python3.12/site-packages/airflow/example_dags/example_setup_teardown_taskflow.py
[2026-08-12T04:50:17.591+0000] {logging_mixin.py:190} INFO - [2026-08-12T04:50:17.591+0000] {dag.py:3211} INFO - Sync 1 DAGs
[2026-08-12T04:50:17.615+0000] {logging_mixin.py:190} INFO - [2026-08-12T04:50:17.615+0000] {dag.py:4138} INFO - Setting next_dagrun for example_setup_teardown_taskflow to 2026-08-11 00:00:00+00:00, run_after=2026-08-12 00:00:00+00:00
[2026-08-12T04:50:17.638+0000] {processor.py:208} INFO - Processing /home/airflow/.local/lib/python3.12/site-packages/airflow/example_dags/example_setup_teardown_taskflow.py took 0.091 seconds
[2026-08-12T04:50:48.219+0000] {processor.py:186} INFO - Started process (PID=2245) to work on /home/airflow/.local/lib/python3.12/site-packages/airflow/example_dags/example_setup_teardown_taskflow.py
[2026-08-12T04:50:48.220+0000] {processor.py:914} INFO - Processing file /home/airflow/.local/lib/python3.12/site-packages/airflow/example_dags/example_setup_teardown_taskflow.py for tasks to queue
[2026-08-12T04:50:48.224+0000] {logging_mixin.py:190} INFO - [2026-08-12T04:50:48.223+0000] {dagbag.py:587} INFO - Filling up the DagBag from /home/airflow/.local/lib/python3.12/site-packages/airflow/example_dags/example_setup_teardown_taskflow.py
[2026-08-12T04:50:48.237+0000] {processor.py:925} INFO - DAG(s) 'example_setup_teardown_taskflow' retrieved from /home/airflow/.local/lib/python3.12/site-packages/airflow/example_dags/example_setup_teardown_taskflow.py
[2026-08-12T04:50:48.264+0000] {logging_mixin.py:190} INFO - [2026-08-12T04:50:48.264+0000] {dag.py:3211} INFO - Sync 1 DAGs
[2026-08-12T04:50:48.290+0000] {logging_mixin.py:190} INFO - [2026-08-12T04:50:48.290+0000] {dag.py:4138} INFO - Setting next_dagrun for example_setup_teardown_taskflow to 2026-08-11 00:00:00+00:00, run_after=2026-08-12 00:00:00+00:00
[2026-08-12T04:50:48.318+0000] {processor.py:208} INFO - Processing /home/airflow/.local/lib/python3.12/site-packages/airflow/example_dags/example_setup_teardown_taskflow.py took 0.106 seconds
[2026-08-12T04:51:18.937+0000] {processor.py:186} INFO - Started process (PID=2308) to work on /home/airflow/.local/lib/python3.12/site-packages/airflow/example_dags/example_setup_teardown_taskflow.py
[2026-08-12T04:51:18.939+0000] {processor.py:914} INFO - Processing file /home/airflow/.local/lib/python3.12/site-packages/airflow/example_dags/example_setup_teardown_taskflow.py for tasks to queue
[2026-08-12T04:51:18.943+0000] {logging_mixin.py:190} INFO - [2026-08-12T04:51:18.943+0000] {dagbag.py:587} INFO - Filling up the DagBag from /home/airflow/.local/lib/python3.12/site-packages/airflow/example_dags/example_setup_teardown_taskflow.py
[2026-08-12T04:51:18.968+0000] {processor.py:925} INFO - DAG(s) 'example_setup_teardown_taskflow' retrieved from /home/airflow/.local/lib/python3.12/site-packages/airflow/example_dags/example_setup_teardown_taskflow.py
[2026-08-12T04:51:18.999+0000] {logging_mixin.py:190} INFO - [2026-08-12T04:51:18.999+0000] {dag.py:3211} INFO - Sync 1 DAGs
[2026-08-12T04:51:19.031+0000] {logging_mixin.py:190} INFO - [2026-08-12T04:51:19.031+0000] {dag.py:4138} INFO - Setting next_dagrun for example_setup_teardown_taskflow to 2026-08-11 00:00:00+00:00, run_after=2026-08-12 00:00:00+00:00
[2026-08-12T04:51:19.054+0000] {processor.py:208} INFO - Processing /home/airflow/.local/lib/python3.12/site-packages/airflow/example_dags/example_setup_teardown_taskflow.py took 0.128 seconds
[2026-08-12T04:51:49.754+0000] {processor.py:186} INFO - Started process (PID=2372) to work on /home/airflow/.local/lib/python3.12/site-packages/airflow/example_dags/example_setup_teardown_taskflow.py
[2026-08-12T04:51:49.755+0000] {processor.py:914} INFO - Processing file /home/airflow/.local/lib/python3.12/site-packages/airflow/example_dags/example_setup_teardown_taskflow.py for tasks to queue
[2026-08-12T04:51:49.759+0000] {logging_mixin.py:190} INFO - [2026-08-12T04:51:49.758+0000] {dagbag.py:587} INFO - Filling up the DagBag from /home/airflow/.local/lib/python3.12/site-packages/airflow/example_dags/example_setup_teardown_taskflow.py
[2026-08-12T04:51:49.771+0000] {processor.py:925} INFO - DAG(s) 'example_setup_teardown_taskflow' retrieved from /home/airflow/.local/lib/python3.12/site-packages/airflow/example_dags/example_setup_teardown_taskflow.py
[2026-08-12T04:51:49.792+0000] {logging_mixin.py:190} INFO - [2026-08-12T04:51:49.792+0000] {dag.py:3211} INFO - Sync 1 DAGs
[2026-08-12T04:51:49.814+0000] {logging_mixin.py:190} INFO - [2026-08-12T04:51:49.814+0000] {dag.py:4138} INFO - Setting next_dagrun for example_setup_teardown_taskflow to 2026-08-11 00:00:00+00:00, run_after=2026-08-12 00:00:00+00:00
[2026-08-12T04:51:49.861+0000] {processor.py:208} INFO - Processing /home/airflow/.local/lib/python3.12/site-packages/airflow/example_dags/example_setup_teardown_taskflow.py took 0.114 seconds
[2026-08-12T04:52:20.679+0000] {processor.py:186} INFO - Started process (PID=2435) to work on /home/airflow/.local/lib/python3.12/site-packages/airflow/example_dags/example_setup_teardown_taskflow.py
[2026-08-12T04:52:20.680+0000] {processor.py:914} INFO - Processing file /home/airflow/.local/lib/python3.12/site-packages/airflow/example_dags/example_setup_teardown_taskflow.py for tasks to queue
[2026-08-12T04:52:20.684+0000] {logging_mixin.py:190} INFO - [2026-08-12T04:52:20.683+0000] {dagbag.py:587} INFO - Filling up the DagBag from /home/airflow/.local/lib/python3.12/site-packages/airflow/example_dags/example_setup_teardown_taskflow.py
[2026-08-12T04:52:20.696+0000] {processor.py:925} INFO - DAG(s) 'example_setup_teardown_taskflow' retrieved from /home/airflow/.local/lib/python3.12/site-packages/airflow/example_dags/example_setup_teardown_taskflow.py
[2026-08-12T04:52:20.716+0000] {logging_mixin.py:190} INFO - [2026-08-12T04:52:20.716+0000] {dag.py:3211} INFO - Sync 1 DAGs
[2026-08-12T04:52:20.739+0000] {logging_mixin.py:190} INFO - [2026-08-12T04:52:20.739+0000] {dag.py:4138} INFO - Setting next_dagrun for example_setup_teardown_taskflow to 2026-08-11 00:00:00+00:00, run_after=2026-08-12 00:00:00+00:00
[2026-08-12T04:52:20.757+0000] {processor.py:208} INFO - Processing /home/airflow/.local/lib/python3.12/site-packages/airflow/example_dags/example_setup_teardown_taskflow.py took 0.086 seconds
[2026-08-12T04:52:51.041+0000] {processor.py:186} INFO - Started process (PID=2498) to work on /home/airflow/.local/lib/python3.12/site-packages/airflow/example_dags/example_setup_teardown_taskflow.py
[2026-08-12T04:52:51.042+0000] {processor.py:914} INFO - Processing file /home/airflow/.local/lib/python3.12/site-packages/airflow/example_dags/example_setup_teardown_taskflow.py for tasks to queue
[2026-08-12T04:52:51.045+0000] {logging_mixin.py:190} INFO - [2026-08-12T04:52:51.045+0000] {dagbag.py:587} INFO - Filling up the DagBag from /home/airflow/.local/lib/python3.12/site-packages/airflow/example_dags/example_setup_teardown_taskflow.py
[2026-08-12T04:52:51.055+0000] {processor.py:925} INFO - DAG(s) 'example_setup_teardown_taskflow' retrieved from /home/airflow/.local/lib/python3.12/site-packages/airflow/example_dags/example_setup_teardown_taskflow.py
[2026-08-12T04:52:51.078+0000] {logging_mixin.py:190} INFO - [2026-08-12T04:52:51.078+0000] {dag.py:3211} INFO - Sync 1 DAGs
[2026-08-12T04:52:51.102+0000] {logging_mixin.py:190} INFO - [2026-08-12T04:52:51.102+0000] {dag.py:4138} INFO - Setting next_dagrun for example_setup_teardown_taskflow to 2026-08-11 00:00:00+00:00, run_after=2026-08-12 00:00:00+00:00
[2026-08-12T04:52:51.132+0000] {processor.py:208} INFO - Processing /home/airflow/.local/lib/python3.12/site-packages/airflow/example_dags/example_setup_teardown_taskflow.py took 0.096 seconds
[2026-08-12T04:53:22.045+0000] {processor.py:186} INFO - Started process (PID=2561) to work on /home/airflow/.local/lib/python3.12/site-packages/airflow/example_dags/example_setup_teardown_taskflow.py
[2026-08-12T04:53:22.046+0000] {processor.py:914} INFO - Processing file /home/airflow/.local/lib/python3.12/site-packages/airflow/example_dags/example_setup_teardown_taskflow.py for tasks to queue
[2026-08-12T04:53:22.049+0000] {logging_mixin.py:190} INFO - [2026-08-12T04:53:22.049+0000] {dagbag.py:587} INFO - Filling up the DagBag from /home/airflow/.local/lib/python3.12/site-packages/airflow/example_dags/example_setup_teardown_taskflow.py
[2026-08-12T04:53:22.062+0000] {processor.py:925} INFO - DAG(s) 'example_setup_teardown_taskflow' retrieved from /home/airflow/.local/lib/python3.12/site-packages/airflow/example_dags/example_setup_teardown_taskflow.py
[2026-08-12T04:53:22.081+0000] {logging_mixin.py:190} INFO - [2026-08-12T04:53:22.081+0000] {dag.py:3211} INFO - Sync 1 DAGs
[2026-08-12T04:53:22.102+0000] {logging_mixin.py:190} INFO - [2026-08-12T04:53:22.102+0000] {dag.py:4138} INFO - Setting next_dagrun for example_setup_teardown_taskflow to 2026-08-11 00:00:00+00:00, run_after=2026-08-12 00:00:00+00:00
[2026-08-12T04:53:22.123+0000] {processor.py:208} INFO - Processing /home/airflow/.local/lib/python3.12/site-packages/airflow/example_dags/example_setup_teardown_taskflow.py took 0.084 seconds
[2026-08-12T04:53:52.804+0000] {processor.py:186} INFO - Started process (PID=2624) to work on /home/airflow/.local/lib/python3.12/site-packages/airflow/example_dags/example_setup_teardown_taskflow.py
[2026-08-12T04:53:52.806+0000] {processor.py:914} INFO - Processing file /home/airflow/.local/lib/python3.12/site-packages/airflow/example_dags/example_setup_teardown_taskflow.py for tasks to queue
[2026-08-12T04:53:52.810+0000] {logging_mixin.py:190} INFO - [2026-08-12T04:53:52.809+0000] {dagbag.py:587} INFO - Filling up the DagBag from /home/airflow/.local/lib/python3.12/site-packages/airflow/example_dags/example_setup_teardown_taskflow.py
[2026-08-12T04:53:52.825+0000] {processor.py:925} INFO - DAG(s) 'example_setup_teardown_taskflow' retrieved from /home/airflow/.local/lib/python3.12/site-packages/airflow/example_dags/example_setup_teardown_taskflow.py
[2026-08-12T04:53:52.851+0000] {logging_mixin.py:190} INFO - [2026-08-12T04:53:52.851+0000] {dag.py:3211} INFO - Sync 1 DAGs
[2026-08-12T04:53:52.880+0000] {logging_mixin.py:190} INFO - [2026-08-12T04:53:52.880+0000] {dag.py:4138} INFO - Setting next_dagrun for example_setup_teardown_taskflow to 2026-08-11 00:00:00+00:00, run_after=2026-08-12 00:00:00+00:00
[2026-08-12T04:53:52.900+0000] {processor.py:208} INFO - Processing /home/airflow/.local/lib/python3.12/site-packages/airflow/example_dags/example_setup_teardown_taskflow.py took 0.103 seconds
[2026-08-12T04:54:23.655+0000] {processor.py:186} INFO - Started process (PID=2687) to work on /home/airflow/.local/lib/python3.12/site-packages/airflow/example_dags/example_setup_teardown_taskflow.py
[2026-08-12T04:54:23.657+0000] {processor.py:914} INFO - Processing file /home/airflow/.local/lib/python3.12/site-packages/airflow/example_dags/example_setup_teardown_taskflow.py for tasks to queue
[2026-08-12T04:54:23.661+0000] {logging_mixin.py:190} INFO - [2026-08-12T04:54:23.660+0000] {dagbag.py:587} INFO - Filling up the DagBag from /home/airflow/.local/lib/python3.12/site-packages/airflow/example_dags/example_setup_teardown_taskflow.py
[2026-08-12T04:54:23.678+0000] {processor.py:925} INFO - DAG(s) 'example_setup_teardown_taskflow' retrieved from /home/airflow/.local/lib/python3.12/site-packages/airflow/example_dags/example_setup_teardown_taskflow.py
[2026-08-12T04:54:23.701+0000] {logging_mixin.py:190} INFO - [2026-08-12T04:54:23.701+0000] {dag.py:3211} INFO - Sync 1 DAGs
[2026-08-12T04:54:23.729+0000] {logging_mixin.py:190} INFO - [2026-08-12T04:54:23.729+0000] {dag.py:4138} INFO - Setting next_dagrun for example_setup_teardown_taskflow to 2026-08-11 00:00:00+00:00, run_after=2026-08-12 00:00:00+00:00
[2026-08-12T04:54:23.755+0000] {processor.py:208} INFO - Processing /home/airflow/.local/lib/python3.12/site-packages/airflow/example_dags/example_setup_teardown_taskflow.py took 0.108 seconds
[2026-08-12T04:54:54.215+0000] {processor.py:186} INFO - Started process (PID=2750) to work on /home/airflow/.local/lib/python3.12/site-packages/airflow/example_dags/example_setup_teardown_taskflow.py
[2026-08-12T04:54:54.217+0000] {processor.py:914} INFO - Processing file /home/airflow/.local/lib/python3.12/site-packages/airflow/example_dags/example_setup_teardown_taskflow.py for tasks to queue
[2026-08-12T04:54:54.220+0000] {logging_mixin.py:190} INFO - [2026-08-12T04:54:54.220+0000] {dagbag.py:587} INFO - Filling up the DagBag from /home/airflow/.local/lib/python3.12/site-packages/airflow/example_dags/example_setup_teardown_taskflow.py
[2026-08-12T04:54:54.236+0000] {processor.py:925} INFO - DAG(s) 'example_setup_teardown_taskflow' retrieved from /home/airflow/.local/lib/python3.12/site-packages/airflow/example_dags/example_setup_teardown_taskflow.py
[2026-08-12T04:54:54.260+0000] {logging_mixin.py:190} INFO - [2026-08-12T04:54:54.259+0000] {dag.py:3211} INFO - Sync 1 DAGs
[2026-08-12T04:54:54.285+0000] {logging_mixin.py:190} INFO - [2026-08-12T04:54:54.285+0000] {dag.py:4138} INFO - Setting next_dagrun for example_setup_teardown_taskflow to 2026-08-11 00:00:00+00:00, run_after=2026-08-12 00:00:00+00:00
[2026-08-12T04:54:54.305+0000] {processor.py:208} INFO - Processing /home/airflow/.local/lib/python3.12/site-packages/airflow/example_dags/example_setup_teardown_taskflow.py took 0.096 seconds
[2026-08-12T04:55:24.903+0000] {processor.py:186} INFO - Started process (PID=2813) to work on /home/airflow/.local/lib/python3.12/site-packages/airflow/example_dags/example_setup_teardown_taskflow.py
[2026-08-12T04:55:24.904+0000] {processor.py:914} INFO - Processing file /home/airflow/.local/lib/python3.12/site-packages/airflow/example_dags/example_setup_teardown_taskflow.py for tasks to queue
[2026-08-12T04:55:24.907+0000] {logging_mixin.py:190} INFO - [2026-08-12T04:55:24.906+0000] {dagbag.py:587} INFO - Filling up the DagBag from /home/airflow/.local/lib/python3.12/site-packages/airflow/example_dags/example_setup_teardown_taskflow.py
[2026-08-12T04:55:24.916+0000] {processor.py:925} INFO - DAG(s) 'example_setup_teardown_taskflow' retrieved from /home/airflow/.local/lib/python3.12/site-packages/airflow/example_dags/example_setup_teardown_taskflow.py
[2026-08-12T04:55:24.935+0000] {logging_mixin.py:190} INFO - [2026-08-12T04:55:24.935+0000] {dag.py:3211} INFO - Sync 1 DAGs
[2026-08-12T04:55:24.957+0000] {logging_mixin.py:190} INFO - [2026-08-12T04:55:24.957+0000] {dag.py:4138} INFO - Setting next_dagrun for example_setup_teardown_taskflow to 2026-08-11 00:00:00+00:00, run_after=2026-08-12 00:00:00+00:00
[2026-08-12T04:55:24.975+0000] {processor.py:208} INFO - Processing /home/airflow/.local/lib/python3.12/site-packages/airflow/example_dags/example_setup_teardown_taskflow.py took 0.077 seconds
[2026-08-12T04:55:55.706+0000] {processor.py:186} INFO - Started process (PID=2876) to work on /home/airflow/.local/lib/python3.12/site-packages/airflow/example_dags/example_setup_teardown_taskflow.py
[2026-08-12T04:55:55.708+0000] {processor.py:914} INFO - Processing file /home/airflow/.local/lib/python3.12/site-packages/airflow/example_dags/example_setup_teardown_taskflow.py for tasks to queue
[2026-08-12T04:55:55.711+0000] {logging_mixin.py:190} INFO - [2026-08-12T04:55:55.711+0000] {dagbag.py:587} INFO - Filling up the DagBag from /home/airflow/.local/lib/python3.12/site-packages/airflow/example_dags/example_setup_teardown_taskflow.py
[2026-08-12T04:55:55.723+0000] {processor.py:925} INFO - DAG(s) 'example_setup_teardown_taskflow' retrieved from /home/airflow/.local/lib/python3.12/site-packages/airflow/example_dags/example_setup_teardown_taskflow.py
[2026-08-12T04:55:55.745+0000] {logging_mixin.py:190} INFO - [2026-08-12T04:55:55.745+0000] {dag.py:3211} INFO - Sync 1 DAGs
[2026-08-12T04:55:55.768+0000] {logging_mixin.py:190} INFO - [2026-08-12T04:55:55.768+0000] {dag.py:4138} INFO - Setting next_dagrun for example_setup_teardown_taskflow to 2026-08-11 00:00:00+00:00, run_after=2026-08-12 00:00:00+00:00
[2026-08-12T04:55:55.789+0000] {processor.py:208} INFO - Processing /home/airflow/.local/lib/python3.12/site-packages/airflow/example_dags/example_setup_teardown_taskflow.py took 0.090 seconds
[2026-08-12T04:56:26.282+0000] {processor.py:186} INFO - Started process (PID=2939) to work on /home/airflow/.local/lib/python3.12/site-packages/airflow/example_dags/example_setup_teardown_taskflow.py
[2026-08-12T04:56:26.283+0000] {processor.py:914} INFO - Processing file /home/airflow/.local/lib/python3.12/site-packages/airflow/example_dags/example_setup_teardown_taskflow.py for tasks to queue
[2026-08-12T04:56:26.286+0000] {logging_mixin.py:190} INFO - [2026-08-12T04:56:26.286+0000] {dagbag.py:587} INFO - Filling up the DagBag from /home/airflow/.local/lib/python3.12/site-packages/airflow/example_dags/example_setup_teardown_taskflow.py
[2026-08-12T04:56:26.300+0000] {processor.py:925} INFO - DAG(s) 'example_setup_teardown_taskflow' retrieved from /home/airflow/.local/lib/python3.12/site-packages/airflow/example_dags/example_setup_teardown_taskflow.py
[2026-08-12T04:56:26.323+0000] {logging_mixin.py:190} INFO - [2026-08-12T04:56:26.323+0000] {dag.py:3211} INFO - Sync 1 DAGs
[2026-08-12T04:56:26.355+0000] {logging_mixin.py:190} INFO - [2026-08-12T04:56:26.354+0000] {dag.py:4138} INFO - Setting next_dagrun for example_setup_teardown_taskflow to 2026-08-11 00:00:00+00:00, run_after=2026-08-12 00:00:00+00:00
[2026-08-12T04:56:26.381+0000] {processor.py:208} INFO - Processing /home/airflow/.local/lib/python3.12/site-packages/airflow/example_dags/example_setup_teardown_taskflow.py took 0.105 seconds
[2026-08-12T04:56:57.270+0000] {processor.py:186} INFO - Started process (PID=3002) to work on /home/airflow/.local/lib/python3.12/site-packages/airflow/example_dags/example_setup_teardown_taskflow.py
[2026-08-12T04:56:57.271+0000] {processor.py:914} INFO - Processing file /home/airflow/.local/lib/python3.12/site-packages/airflow/example_dags/example_setup_teardown_taskflow.py for tasks to queue
[2026-08-12T04:56:57.274+0000] {logging_mixin.py:190} INFO - [2026-08-12T04:56:57.274+0000] {dagbag.py:587} INFO - Filling up the DagBag from /home/airflow/.local/lib/python3.12/site-packages/airflow/example_dags/example_setup_teardown_taskflow.py
[2026-08-12T04:56:57.287+0000] {processor.py:925} INFO - DAG(s) 'example_setup_teardown_taskflow' retrieved from /home/airflow/.local/lib/python3.12/site-packages/airflow/example_dags/example_setup_teardown_taskflow.py
[2026-08-12T04:56:57.312+0000] {logging_mixin.py:190} INFO - [2026-08-12T04:56:57.312+0000] {dag.py:3211} INFO - Sync 1 DAGs
[2026-08-12T04:56:57.336+0000] {logging_mixin.py:190} INFO - [2026-08-12T04:56:57.335+0000] {dag.py:4138} INFO - Setting next_dagrun for example_setup_teardown_taskflow to 2026-08-11 00:00:00+00:00, run_after=2026-08-12 00:00:00+00:00
[2026-08-12T04:56:57.358+0000] {processor.py:208} INFO - Processing /home/airflow/.local/lib/python3.12/site-packages/airflow/example_dags/example_setup_teardown_taskflow.py took 0.093 seconds
[2026-08-12T04:57:27.928+0000] {processor.py:186} INFO - Started process (PID=3065) to work on /home/airflow/.local/lib/python3.12/site-packages/airflow/example_dags/example_setup_teardown_taskflow.py
[2026-08-12T04:57:27.930+0000] {processor.py:914} INFO - Processing file /home/airflow/.local/lib/python3.12/site-packages/airflow/example_dags/example_setup_teardown_taskflow.py for tasks to queue
[2026-08-12T04:57:27.932+0000] {logging_mixin.py:190} INFO - [2026-08-12T04:57:27.932+0000] {dagbag.py:587} INFO - Filling up the DagBag from /home/airflow/.local/lib/python3.12/site-packages/airflow/example_dags/example_setup_teardown_taskflow.py
[2026-08-12T04:57:27.941+0000] {processor.py:925} INFO - DAG(s) 'example_setup_teardown_taskflow' retrieved from /home/airflow/.local/lib/python3.12/site-packages/airflow/example_dags/example_setup_teardown_taskflow.py
[2026-08-12T04:57:27.961+0000] {logging_mixin.py:190} INFO - [2026-08-12T04:57:27.961+0000] {dag.py:3211} INFO - Sync 1 DAGs
[2026-08-12T04:57:27.980+0000] {logging_mixin.py:190} INFO - [2026-08-12T04:57:27.980+0000] {dag.py:4138} INFO - Setting next_dagrun for example_setup_teardown_taskflow to 2026-08-11 00:00:00+00:00, run_after=2026-08-12 00:00:00+00:00
[2026-08-12T04:57:27.997+0000] {processor.py:208} INFO - Processing /home/airflow/.local/lib/python3.12/site-packages/airflow/example_dags/example_setup_teardown_taskflow.py took 0.075 seconds
[2026-08-12T04:57:58.725+0000] {processor.py:186} INFO - Started process (PID=3128) to work on /home/airflow/.local/lib/python3.12/site-packages/airflow/example_dags/example_setup_teardown_taskflow.py
[2026-08-12T04:57:58.727+0000] {processor.py:914} INFO - Processing file /home/airflow/.local/lib/python3.12/site-packages/airflow/example_dags/example_setup_teardown_taskflow.py for tasks to queue
[2026-08-12T04:57:58.732+0000] {logging_mixin.py:190} INFO - [2026-08-12T04:57:58.731+0000] {dagbag.py:587} INFO - Filling up the DagBag from /home/airflow/.local/lib/python3.12/site-packages/airflow/example_dags/example_setup_teardown_taskflow.py
[2026-08-12T04:57:58.760+0000] {processor.py:925} INFO - DAG(s) 'example_setup_teardown_taskflow' retrieved from /home/airflow/.local/lib/python3.12/site-packages/airflow/example_dags/example_setup_teardown_taskflow.py
[2026-08-12T04:57:58.806+0000] {logging_mixin.py:190} INFO - [2026-08-12T04:57:58.805+0000] {dag.py:3211} INFO - Sync 1 DAGs
[2026-08-12T04:57:58.855+0000] {logging_mixin.py:190} INFO - [2026-08-12T04:57:58.855+0000] {dag.py:4138} INFO - Setting next_dagrun for example_setup_teardown_taskflow to 2026-08-11 00:00:00+00:00, run_after=2026-08-12 00:00:00+00:00
[2026-08-12T04:57:58.882+0000] {processor.py:208} INFO - Processing /home/airflow/.local/lib/python3.12/site-packages/airflow/example_dags/example_setup_teardown_taskflow.py took 0.173 seconds
[2026-08-12T04:58:29.277+0000] {processor.py:186} INFO - Started process (PID=3191) to work on /home/airflow/.local/lib/python3.12/site-packages/airflow/example_dags/example_setup_teardown_taskflow.py
[2026-08-12T04:58:29.278+0000] {processor.py:914} INFO - Processing file /home/airflow/.local/lib/python3.12/site-packages/airflow/example_dags/example_setup_teardown_taskflow.py for tasks to queue
[2026-08-12T04:58:29.282+0000] {logging_mixin.py:190} INFO - [2026-08-12T04:58:29.281+0000] {dagbag.py:587} INFO - Filling up the DagBag from /home/airflow/.local/lib/python3.12/site-packages/airflow/example_dags/example_setup_teardown_taskflow.py
[2026-08-12T04:58:29.293+0000] {processor.py:925} INFO - DAG(s) 'example_setup_teardown_taskflow' retrieved from /home/airflow/.local/lib/python3.12/site-packages/airflow/example_dags/example_setup_teardown_taskflow.py
[2026-08-12T04:58:29.314+0000] {logging_mixin.py:190} INFO - [2026-08-12T04:58:29.313+0000] {dag.py:3211} INFO - Sync 1 DAGs
[2026-08-12T04:58:29.338+0000] {logging_mixin.py:190} INFO - [2026-08-12T04:58:29.338+0000] {dag.py:4138} INFO - Setting next_dagrun for example_setup_teardown_taskflow to 2026-08-11 00:00:00+00:00, run_after=2026-08-12 00:00:00+00:00
[2026-08-12T04:58:29.358+0000] {processor.py:208} INFO - Processing /home/airflow/.local/lib/python3.12/site-packages/airflow/example_dags/example_setup_teardown_taskflow.py took 0.086 seconds
[2026-08-12T04:59:00.010+0000] {processor.py:186} INFO - Started process (PID=3254) to work on /home/airflow/.local/lib/python3.12/site-packages/airflow/example_dags/example_setup_teardown_taskflow.py
[2026-08-12T04:59:00.012+0000] {processor.py:914} INFO - Processing file /home/airflow/.local/lib/python3.12/site-packages/airflow/example_dags/example_setup_teardown_taskflow.py for tasks to queue
[2026-08-12T04:59:00.018+0000] {logging_mixin.py:190} INFO - [2026-08-12T04:59:00.018+0000] {dagbag.py:587} INFO - Filling up the DagBag from /home/airflow/.local/lib/python3.12/site-packages/airflow/example_dags/example_setup_teardown_taskflow.py
[2026-08-12T04:59:00.029+0000] {processor.py:925} INFO - DAG(s) 'example_setup_teardown_taskflow' retrieved from /home/airflow/.local/lib/python3.12/site-packages/airflow/example_dags/example_setup_teardown_taskflow.py
[2026-08-12T04:59:00.051+0000] {logging_mixin.py:190} INFO - [2026-08-12T04:59:00.050+0000] {dag.py:3211} INFO - Sync 1 DAGs
[2026-08-12T04:59:00.322+0000] {logging_mixin.py:190} INFO - [2026-08-12T04:59:00.322+0000] {dag.py:4138} INFO - Setting next_dagrun for example_setup_teardown_taskflow to 2026-08-11 00:00:00+00:00, run_after=2026-08-12 00:00:00+00:00
[2026-08-12T04:59:00.353+0000] {processor.py:208} INFO - Processing /home/airflow/.local/lib/python3.12/site-packages/airflow/example_dags/example_setup_teardown_taskflow.py took 0.348 seconds
[2026-08-12T04:59:30.823+0000] {processor.py:186} INFO - Started process (PID=3317) to work on /home/airflow/.local/lib/python3.12/site-packages/airflow/example_dags/example_setup_teardown_taskflow.py
[2026-08-12T04:59:30.825+0000] {processor.py:914} INFO - Processing file /home/airflow/.local/lib/python3.12/site-packages/airflow/example_dags/example_setup_teardown_taskflow.py for tasks to queue
[2026-08-12T04:59:30.827+0000] {logging_mixin.py:190} INFO - [2026-08-12T04:59:30.827+0000] {dagbag.py:587} INFO - Filling up the DagBag from /home/airflow/.local/lib/python3.12/site-packages/airflow/example_dags/example_setup_teardown_taskflow.py
[2026-08-12T04:59:30.843+0000] {processor.py:925} INFO - DAG(s) 'example_setup_teardown_taskflow' retrieved from /home/airflow/.local/lib/python3.12/site-packages/airflow/example_dags/example_setup_teardown_taskflow.py
[2026-08-12T04:59:30.874+0000] {logging_mixin.py:190} INFO - [2026-08-12T04:59:30.873+0000] {dag.py:3211} INFO - Sync 1 DAGs
[2026-08-12T04:59:31.137+0000] {logging_mixin.py:190} INFO - [2026-08-12T04:59:31.137+0000] {dag.py:4138} INFO - Setting next_dagrun for example_setup_teardown_taskflow to 2026-08-11 00:00:00+00:00, run_after=2026-08-12 00:00:00+00:00
[2026-08-12T04:59:31.157+0000] {processor.py:208} INFO - Processing /home/airflow/.local/lib/python3.12/site-packages/airflow/example_dags/example_setup_teardown_taskflow.py took 0.339 seconds
[2026-08-12T05:00:01.987+0000] {processor.py:186} INFO - Started process (PID=3380) to work on /home/airflow/.local/lib/python3.12/site-packages/airflow/example_dags/example_setup_teardown_taskflow.py
[2026-08-12T05:00:01.988+0000] {processor.py:914} INFO - Processing file /home/airflow/.local/lib/python3.12/site-packages/airflow/example_dags/example_setup_teardown_taskflow.py for tasks to queue
[2026-08-12T05:00:01.992+0000] {logging_mixin.py:190} INFO - [2026-08-12T05:00:01.991+0000] {dagbag.py:587} INFO - Filling up the DagBag from /home/airflow/.local/lib/python3.12/site-packages/airflow/example_dags/example_setup_teardown_taskflow.py
[2026-08-12T05:00:02.002+0000] {processor.py:925} INFO - DAG(s) 'example_setup_teardown_taskflow' retrieved from /home/airflow/.local/lib/python3.12/site-packages/airflow/example_dags/example_setup_teardown_taskflow.py
[2026-08-12T05:00:02.026+0000] {logging_mixin.py:190} INFO - [2026-08-12T05:00:02.026+0000] {dag.py:3211} INFO - Sync 1 DAGs
[2026-08-12T05:00:02.050+0000] {logging_mixin.py:190} INFO - [2026-08-12T05:00:02.050+0000] {dag.py:4138} INFO - Setting next_dagrun for example_setup_teardown_taskflow to 2026-08-11 00:00:00+00:00, run_after=2026-08-12 00:00:00+00:00
[2026-08-12T05:00:02.088+0000] {processor.py:208} INFO - Processing /home/airflow/.local/lib/python3.12/site-packages/airflow/example_dags/example_setup_teardown_taskflow.py took 0.106 seconds
[2026-08-12T05:00:32.559+0000] {processor.py:186} INFO - Started process (PID=3443) to work on /home/airflow/.local/lib/python3.12/site-packages/airflow/example_dags/example_setup_teardown_taskflow.py
[2026-08-12T05:00:32.561+0000] {processor.py:914} INFO - Processing file /home/airflow/.local/lib/python3.12/site-packages/airflow/example_dags/example_setup_teardown_taskflow.py for tasks to queue
[2026-08-12T05:00:32.564+0000] {logging_mixin.py:190} INFO - [2026-08-12T05:00:32.564+0000] {dagbag.py:587} INFO - Filling up the DagBag from /home/airflow/.local/lib/python3.12/site-packages/airflow/example_dags/example_setup_teardown_taskflow.py
[2026-08-12T05:00:32.576+0000] {processor.py:925} INFO - DAG(s) 'example_setup_teardown_taskflow' retrieved from /home/airflow/.local/lib/python3.12/site-packages/airflow/example_dags/example_setup_teardown_taskflow.py
[2026-08-12T05:00:32.597+0000] {logging_mixin.py:190} INFO - [2026-08-12T05:00:32.597+0000] {dag.py:3211} INFO - Sync 1 DAGs
[2026-08-12T05:00:32.620+0000] {logging_mixin.py:190} INFO - [2026-08-12T05:00:32.619+0000] {dag.py:4138} INFO - Setting next_dagrun for example_setup_teardown_taskflow to 2026-08-11 00:00:00+00:00, run_after=2026-08-12 00:00:00+00:00
[2026-08-12T05:00:32.652+0000] {processor.py:208} INFO - Processing /home/airflow/.local/lib/python3.12/site-packages/airflow/example_dags/example_setup_teardown_taskflow.py took 0.100 seconds
[2026-08-12T05:01:02.850+0000] {processor.py:186} INFO - Started process (PID=3506) to work on /home/airflow/.local/lib/python3.12/site-packages/airflow/example_dags/example_setup_teardown_taskflow.py
[2026-08-12T05:01:02.852+0000] {processor.py:914} INFO - Processing file /home/airflow/.local/lib/python3.12/site-packages/airflow/example_dags/example_setup_teardown_taskflow.py for tasks to queue
[2026-08-12T05:01:02.855+0000] {logging_mixin.py:190} INFO - [2026-08-12T05:01:02.855+0000] {dagbag.py:587} INFO - Filling up the DagBag from /home/airflow/.local/lib/python3.12/site-packages/airflow/example_dags/example_setup_teardown_taskflow.py
[2026-08-12T05:01:02.867+0000] {processor.py:925} INFO - DAG(s) 'example_setup_teardown_taskflow' retrieved from /home/airflow/.local/lib/python3.12/site-packages/airflow/example_dags/example_setup_teardown_taskflow.py
[2026-08-12T05:01:02.891+0000] {logging_mixin.py:190} INFO - [2026-08-12T05:01:02.891+0000] {dag.py:3211} INFO - Sync 1 DAGs
[2026-08-12T05:01:02.916+0000] {logging_mixin.py:190} INFO - [2026-08-12T05:01:02.916+0000] {dag.py:4138} INFO - Setting next_dagrun for example_setup_teardown_taskflow to 2026-08-11 00:00:00+00:00, run_after=2026-08-12 00:00:00+00:00
[2026-08-12T05:01:02.939+0000] {processor.py:208} INFO - Processing /home/airflow/.local/lib/python3.12/site-packages/airflow/example_dags/example_setup_teardown_taskflow.py took 0.094 seconds
[2026-08-12T05:01:33.341+0000] {processor.py:186} INFO - Started process (PID=3569) to work on /home/airflow/.local/lib/python3.12/site-packages/airflow/example_dags/example_setup_teardown_taskflow.py
[2026-08-12T05:01:33.343+0000] {processor.py:914} INFO - Processing file /home/airflow/.local/lib/python3.12/site-packages/airflow/example_dags/example_setup_teardown_taskflow.py for tasks to queue
[2026-08-12T05:01:33.347+0000] {logging_mixin.py:190} INFO - [2026-08-12T05:01:33.346+0000] {dagbag.py:587} INFO - Filling up the DagBag from /home/airflow/.local/lib/python3.12/site-packages/airflow/example_dags/example_setup_teardown_taskflow.py
[2026-08-12T05:01:33.360+0000] {processor.py:925} INFO - DAG(s) 'example_setup_teardown_taskflow' retrieved from /home/airflow/.local/lib/python3.12/site-packages/airflow/example_dags/example_setup_teardown_taskflow.py
[2026-08-12T05:01:33.391+0000] {logging_mixin.py:190} INFO - [2026-08-12T05:01:33.391+0000] {dag.py:3211} INFO - Sync 1 DAGs
[2026-08-12T05:01:33.426+0000] {logging_mixin.py:190} INFO - [2026-08-12T05:01:33.425+0000] {dag.py:4138} INFO - Setting next_dagrun for example_setup_teardown_taskflow to 2026-08-11 00:00:00+00:00, run_after=2026-08-12 00:00:00+00:00
[2026-08-12T05:01:33.453+0000] {processor.py:208} INFO - Processing /home/airflow/.local/lib/python3.12/site-packages/airflow/example_dags/example_setup_teardown_taskflow.py took 0.118 seconds
[2026-08-12T05:02:04.049+0000] {processor.py:186} INFO - Started process (PID=3638) to work on /home/airflow/.local/lib/python3.12/site-packages/airflow/example_dags/example_setup_teardown_taskflow.py
[2026-08-12T05:02:04.053+0000] {processor.py:914} INFO - Processing file /home/airflow/.local/lib/python3.12/site-packages/airflow/example_dags/example_setup_teardown_taskflow.py for tasks to queue
[2026-08-12T05:02:04.060+0000] {logging_mixin.py:190} INFO - [2026-08-12T05:02:04.059+0000] {dagbag.py:587} INFO - Filling up the DagBag from /home/airflow/.local/lib/python3.12/site-packages/airflow/example_dags/example_setup_teardown_taskflow.py
[2026-08-12T05:02:04.081+0000] {processor.py:925} INFO - DAG(s) 'example_setup_teardown_taskflow' retrieved from /home/airflow/.local/lib/python3.12/site-packages/airflow/example_dags/example_setup_teardown_taskflow.py
[2026-08-12T05:02:04.113+0000] {logging_mixin.py:190} INFO - [2026-08-12T05:02:04.113+0000] {dag.py:3211} INFO - Sync 1 DAGs
[2026-08-12T05:02:04.150+0000] {logging_mixin.py:190} INFO - [2026-08-12T05:02:04.150+0000] {dag.py:4138} INFO - Setting next_dagrun for example_setup_teardown_taskflow to 2026-08-11 00:00:00+00:00, run_after=2026-08-12 00:00:00+00:00
[2026-08-12T05:02:04.179+0000] {processor.py:208} INFO - Processing /home/airflow/.local/lib/python3.12/site-packages/airflow/example_dags/example_setup_teardown_taskflow.py took 0.144 seconds
[2026-08-12T05:02:34.742+0000] {processor.py:186} INFO - Started process (PID=3701) to work on /home/airflow/.local/lib/python3.12/site-packages/airflow/example_dags/example_setup_teardown_taskflow.py
[2026-08-12T05:02:34.744+0000] {processor.py:914} INFO - Processing file /home/airflow/.local/lib/python3.12/site-packages/airflow/example_dags/example_setup_teardown_taskflow.py for tasks to queue
[2026-08-12T05:02:34.748+0000] {logging_mixin.py:190} INFO - [2026-08-12T05:02:34.747+0000] {dagbag.py:587} INFO - Filling up the DagBag from /home/airflow/.local/lib/python3.12/site-packages/airflow/example_dags/example_setup_teardown_taskflow.py
[2026-08-12T05:02:34.760+0000] {processor.py:925} INFO - DAG(s) 'example_setup_teardown_taskflow' retrieved from /home/airflow/.local/lib/python3.12/site-packages/airflow/example_dags/example_setup_teardown_taskflow.py
[2026-08-12T05:02:34.783+0000] {logging_mixin.py:190} INFO - [2026-08-12T05:02:34.783+0000] {dag.py:3211} INFO - Sync 1 DAGs
[2026-08-12T05:02:34.810+0000] {logging_mixin.py:190} INFO - [2026-08-12T05:02:34.810+0000] {dag.py:4138} INFO - Setting next_dagrun for example_setup_teardown_taskflow to 2026-08-11 00:00:00+00:00, run_after=2026-08-12 00:00:00+00:00
[2026-08-12T05:02:34.833+0000] {processor.py:208} INFO - Processing /home/airflow/.local/lib/python3.12/site-packages/airflow/example_dags/example_setup_teardown_taskflow.py took 0.100 seconds
[2026-08-12T05:03:05.359+0000] {processor.py:186} INFO - Started process (PID=3764) to work on /home/airflow/.local/lib/python3.12/site-packages/airflow/example_dags/example_setup_teardown_taskflow.py
[2026-08-12T05:03:05.361+0000] {processor.py:914} INFO - Processing file /home/airflow/.local/lib/python3.12/site-packages/airflow/example_dags/example_setup_teardown_taskflow.py for tasks to queue
[2026-08-12T05:03:05.366+0000] {logging_mixin.py:190} INFO - [2026-08-12T05:03:05.366+0000] {dagbag.py:587} INFO - Filling up the DagBag from /home/airflow/.local/lib/python3.12/site-packages/airflow/example_dags/example_setup_teardown_taskflow.py
[2026-08-12T05:03:05.384+0000] {processor.py:925} INFO - DAG(s) 'example_setup_teardown_taskflow' retrieved from /home/airflow/.local/lib/python3.12/site-packages/airflow/example_dags/example_setup_teardown_taskflow.py
[2026-08-12T05:03:05.418+0000] {logging_mixin.py:190} INFO - [2026-08-12T05:03:05.417+0000] {dag.py:3211} INFO - Sync 1 DAGs
[2026-08-12T05:03:05.447+0000] {logging_mixin.py:190} INFO - [2026-08-12T05:03:05.447+0000] {dag.py:4138} INFO - Setting next_dagrun for example_setup_teardown_taskflow to 2026-08-11 00:00:00+00:00, run_after=2026-08-12 00:00:00+00:00
[2026-08-12T05:03:05.470+0000] {processor.py:208} INFO - Processing /home/airflow/.local/lib/python3.12/site-packages/airflow/example_dags/example_setup_teardown_taskflow.py took 0.121 seconds
[2026-08-12T05:03:35.656+0000] {processor.py:186} INFO - Started process (PID=3827) to work on /home/airflow/.local/lib/python3.12/site-packages/airflow/example_dags/example_setup_teardown_taskflow.py
[2026-08-12T05:03:35.658+0000] {processor.py:914} INFO - Processing file /home/airflow/.local/lib/python3.12/site-packages/airflow/example_dags/example_setup_teardown_taskflow.py for tasks to queue
[2026-08-12T05:03:35.661+0000] {logging_mixin.py:190} INFO - [2026-08-12T05:03:35.660+0000] {dagbag.py:587} INFO - Filling up the DagBag from /home/airflow/.local/lib/python3.12/site-packages/airflow/example_dags/example_setup_teardown_taskflow.py
[2026-08-12T05:03:35.674+0000] {processor.py:925} INFO - DAG(s) 'example_setup_teardown_taskflow' retrieved from /home/airflow/.local/lib/python3.12/site-packages/airflow/example_dags/example_setup_teardown_taskflow.py
[2026-08-12T05:03:35.700+0000] {logging_mixin.py:190} INFO - [2026-08-12T05:03:35.700+0000] {dag.py:3211} INFO - Sync 1 DAGs
[2026-08-12T05:03:35.726+0000] {logging_mixin.py:190} INFO - [2026-08-12T05:03:35.725+0000] {dag.py:4138} INFO - Setting next_dagrun for example_setup_teardown_taskflow to 2026-08-11 00:00:00+00:00, run_after=2026-08-12 00:00:00+00:00
[2026-08-12T05:03:35.747+0000] {processor.py:208} INFO - Processing /home/airflow/.local/lib/python3.12/site-packages/airflow/example_dags/example_setup_teardown_taskflow.py took 0.098 seconds
[2026-08-12T05:04:06.073+0000] {processor.py:186} INFO - Started process (PID=3891) to work on /home/airflow/.local/lib/python3.12/site-packages/airflow/example_dags/example_setup_teardown_taskflow.py
[2026-08-12T05:04:06.075+0000] {processor.py:914} INFO - Processing file /home/airflow/.local/lib/python3.12/site-packages/airflow/example_dags/example_setup_teardown_taskflow.py for tasks to queue
[2026-08-12T05:04:06.078+0000] {logging_mixin.py:190} INFO - [2026-08-12T05:04:06.078+0000] {dagbag.py:587} INFO - Filling up the DagBag from /home/airflow/.local/lib/python3.12/site-packages/airflow/example_dags/example_setup_teardown_taskflow.py
[2026-08-12T05:04:06.093+0000] {processor.py:925} INFO - DAG(s) 'example_setup_teardown_taskflow' retrieved from /home/airflow/.local/lib/python3.12/site-packages/airflow/example_dags/example_setup_teardown_taskflow.py
[2026-08-12T05:04:06.115+0000] {logging_mixin.py:190} INFO - [2026-08-12T05:04:06.115+0000] {dag.py:3211} INFO - Sync 1 DAGs
[2026-08-12T05:04:06.139+0000] {logging_mixin.py:190} INFO - [2026-08-12T05:04:06.138+0000] {dag.py:4138} INFO - Setting next_dagrun for example_setup_teardown_taskflow to 2026-08-11 00:00:00+00:00, run_after=2026-08-12 00:00:00+00:00
[2026-08-12T05:04:06.162+0000] {processor.py:208} INFO - Processing /home/airflow/.local/lib/python3.12/site-packages/airflow/example_dags/example_setup_teardown_taskflow.py took 0.095 seconds
[2026-08-12T05:04:36.492+0000] {processor.py:186} INFO - Started process (PID=3954) to work on /home/airflow/.local/lib/python3.12/site-packages/airflow/example_dags/example_setup_teardown_taskflow.py
[2026-08-12T05:04:36.494+0000] {processor.py:914} INFO - Processing file /home/airflow/.local/lib/python3.12/site-packages/airflow/example_dags/example_setup_teardown_taskflow.py for tasks to queue
[2026-08-12T05:04:36.497+0000] {logging_mixin.py:190} INFO - [2026-08-12T05:04:36.497+0000] {dagbag.py:587} INFO - Filling up the DagBag from /home/airflow/.local/lib/python3.12/site-packages/airflow/example_dags/example_setup_teardown_taskflow.py
[2026-08-12T05:04:36.510+0000] {processor.py:925} INFO - DAG(s) 'example_setup_teardown_taskflow' retrieved from /home/airflow/.local/lib/python3.12/site-packages/airflow/example_dags/example_setup_teardown_taskflow.py
[2026-08-12T05:04:36.531+0000] {logging_mixin.py:190} INFO - [2026-08-12T05:04:36.531+0000] {dag.py:3211} INFO - Sync 1 DAGs
[2026-08-12T05:04:36.554+0000] {logging_mixin.py:190} INFO - [2026-08-12T05:04:36.554+0000] {dag.py:4138} INFO - Setting next_dagrun for example_setup_teardown_taskflow to 2026-08-11 00:00:00+00:00, run_after=2026-08-12 00:00:00+00:00
[2026-08-12T05:04:36.582+0000] {processor.py:208} INFO - Processing /home/airflow/.local/lib/python3.12/site-packages/airflow/example_dags/example_setup_teardown_taskflow.py took 0.097 seconds
[2026-08-12T05:05:06.893+0000] {processor.py:186} INFO - Started process (PID=4017) to work on /home/airflow/.local/lib/python3.12/site-packages/airflow/example_dags/example_setup_teardown_taskflow.py
[2026-08-12T05:05:06.894+0000] {processor.py:914} INFO - Processing file /home/airflow/.local/lib/python3.12/site-packages/airflow/example_dags/example_setup_teardown_taskflow.py for tasks to queue
[2026-08-12T05:05:06.898+0000] {logging_mixin.py:190} INFO - [2026-08-12T05:05:06.897+0000] {dagbag.py:587} INFO - Filling up the DagBag from /home/airflow/.local/lib/python3.12/site-packages/airflow/example_dags/example_setup_teardown_taskflow.py
[2026-08-12T05:05:06.909+0000] {processor.py:925} INFO - DAG(s) 'example_setup_teardown_taskflow' retrieved from /home/airflow/.local/lib/python3.12/site-packages/airflow/example_dags/example_setup_teardown_taskflow.py
[2026-08-12T05:05:06.930+0000] {logging_mixin.py:190} INFO - [2026-08-12T05:05:06.929+0000] {dag.py:3211} INFO - Sync 1 DAGs
[2026-08-12T05:05:06.952+0000] {logging_mixin.py:190} INFO - [2026-08-12T05:05:06.952+0000] {dag.py:4138} INFO - Setting next_dagrun for example_setup_teardown_taskflow to 2026-08-11 00:00:00+00:00, run_after=2026-08-12 00:00:00+00:00
[2026-08-12T05:05:06.976+0000] {processor.py:208} INFO - Processing /home/airflow/.local/lib/python3.12/site-packages/airflow/example_dags/example_setup_teardown_taskflow.py took 0.088 seconds
[2026-08-12T05:05:37.267+0000] {processor.py:186} INFO - Started process (PID=4080) to work on /home/airflow/.local/lib/python3.12/site-packages/airflow/example_dags/example_setup_teardown_taskflow.py
[2026-08-12T05:05:37.269+0000] {processor.py:914} INFO - Processing file /home/airflow/.local/lib/python3.12/site-packages/airflow/example_dags/example_setup_teardown_taskflow.py for tasks to queue
[2026-08-12T05:05:37.273+0000] {logging_mixin.py:190} INFO - [2026-08-12T05:05:37.273+0000] {dagbag.py:587} INFO - Filling up the DagBag from /home/airflow/.local/lib/python3.12/site-packages/airflow/example_dags/example_setup_teardown_taskflow.py
[2026-08-12T05:05:37.288+0000] {processor.py:925} INFO - DAG(s) 'example_setup_teardown_taskflow' retrieved from /home/airflow/.local/lib/python3.12/site-packages/airflow/example_dags/example_setup_teardown_taskflow.py
[2026-08-12T05:05:37.310+0000] {logging_mixin.py:190} INFO - [2026-08-12T05:05:37.310+0000] {dag.py:3211} INFO - Sync 1 DAGs
[2026-08-12T05:05:37.332+0000] {logging_mixin.py:190} INFO - [2026-08-12T05:05:37.332+0000] {dag.py:4138} INFO - Setting next_dagrun for example_setup_teardown_taskflow to 2026-08-11 00:00:00+00:00, run_after=2026-08-12 00:00:00+00:00
[2026-08-12T05:05:37.354+0000] {processor.py:208} INFO - Processing /home/airflow/.local/lib/python3.12/site-packages/airflow/example_dags/example_setup_teardown_taskflow.py took 0.095 seconds
[2026-08-12T05:06:07.695+0000] {processor.py:186} INFO - Started process (PID=4143) to work on /home/airflow/.local/lib/python3.12/site-packages/airflow/example_dags/example_setup_teardown_taskflow.py
[2026-08-12T05:06:07.697+0000] {processor.py:914} INFO - Processing file /home/airflow/.local/lib/python3.12/site-packages/airflow/example_dags/example_setup_teardown_taskflow.py for tasks to queue
[2026-08-12T05:06:07.701+0000] {logging_mixin.py:190} INFO - [2026-08-12T05:06:07.700+0000] {dagbag.py:587} INFO - Filling up the DagBag from /home/airflow/.local/lib/python3.12/site-packages/airflow/example_dags/example_setup_teardown_taskflow.py
[2026-08-12T05:06:07.715+0000] {processor.py:925} INFO - DAG(s) 'example_setup_teardown_taskflow' retrieved from /home/airflow/.local/lib/python3.12/site-packages/airflow/example_dags/example_setup_teardown_taskflow.py
[2026-08-12T05:06:07.738+0000] {logging_mixin.py:190} INFO - [2026-08-12T05:06:07.737+0000] {dag.py:3211} INFO - Sync 1 DAGs
[2026-08-12T05:06:07.763+0000] {logging_mixin.py:190} INFO - [2026-08-12T05:06:07.763+0000] {dag.py:4138} INFO - Setting next_dagrun for example_setup_teardown_taskflow to 2026-08-11 00:00:00+00:00, run_after=2026-08-12 00:00:00+00:00
[2026-08-12T05:06:07.785+0000] {processor.py:208} INFO - Processing /home/airflow/.local/lib/python3.12/site-packages/airflow/example_dags/example_setup_teardown_taskflow.py took 0.099 seconds
[2026-08-12T05:06:38.350+0000] {processor.py:186} INFO - Started process (PID=4206) to work on /home/airflow/.local/lib/python3.12/site-packages/airflow/example_dags/example_setup_teardown_taskflow.py
[2026-08-12T05:06:38.352+0000] {processor.py:914} INFO - Processing file /home/airflow/.local/lib/python3.12/site-packages/airflow/example_dags/example_setup_teardown_taskflow.py for tasks to queue
[2026-08-12T05:06:38.355+0000] {logging_mixin.py:190} INFO - [2026-08-12T05:06:38.355+0000] {dagbag.py:587} INFO - Filling up the DagBag from /home/airflow/.local/lib/python3.12/site-packages/airflow/example_dags/example_setup_teardown_taskflow.py
[2026-08-12T05:06:38.368+0000] {processor.py:925} INFO - DAG(s) 'example_setup_teardown_taskflow' retrieved from /home/airflow/.local/lib/python3.12/site-packages/airflow/example_dags/example_setup_teardown_taskflow.py
[2026-08-12T05:06:38.391+0000] {logging_mixin.py:190} INFO - [2026-08-12T05:06:38.390+0000] {dag.py:3211} INFO - Sync 1 DAGs
[2026-08-12T05:06:38.416+0000] {logging_mixin.py:190} INFO - [2026-08-12T05:06:38.416+0000] {dag.py:4138} INFO - Setting next_dagrun for example_setup_teardown_taskflow to 2026-08-11 00:00:00+00:00, run_after=2026-08-12 00:00:00+00:00
[2026-08-12T05:06:38.440+0000] {processor.py:208} INFO - Processing /home/airflow/.local/lib/python3.12/site-packages/airflow/example_dags/example_setup_teardown_taskflow.py took 0.097 seconds
[2026-08-12T05:07:08.843+0000] {processor.py:186} INFO - Started process (PID=4269) to work on /home/airflow/.local/lib/python3.12/site-packages/airflow/example_dags/example_setup_teardown_taskflow.py
[2026-08-12T05:07:08.845+0000] {processor.py:914} INFO - Processing file /home/airflow/.local/lib/python3.12/site-packages/airflow/example_dags/example_setup_teardown_taskflow.py for tasks to queue
[2026-08-12T05:07:08.850+0000] {logging_mixin.py:190} INFO - [2026-08-12T05:07:08.850+0000] {dagbag.py:587} INFO - Filling up the DagBag from /home/airflow/.local/lib/python3.12/site-packages/airflow/example_dags/example_setup_teardown_taskflow.py
[2026-08-12T05:07:08.868+0000] {processor.py:925} INFO - DAG(s) 'example_setup_teardown_taskflow' retrieved from /home/airflow/.local/lib/python3.12/site-packages/airflow/example_dags/example_setup_teardown_taskflow.py
[2026-08-12T05:07:08.894+0000] {logging_mixin.py:190} INFO - [2026-08-12T05:07:08.894+0000] {dag.py:3211} INFO - Sync 1 DAGs
[2026-08-12T05:07:08.934+0000] {logging_mixin.py:190} INFO - [2026-08-12T05:07:08.934+0000] {dag.py:4138} INFO - Setting next_dagrun for example_setup_teardown_taskflow to 2026-08-11 00:00:00+00:00, run_after=2026-08-12 00:00:00+00:00
[2026-08-12T05:07:08.961+0000] {processor.py:208} INFO - Processing /home/airflow/.local/lib/python3.12/site-packages/airflow/example_dags/example_setup_teardown_taskflow.py took 0.128 seconds
[2026-08-12T05:07:39.061+0000] {processor.py:186} INFO - Started process (PID=4332) to work on /home/airflow/.local/lib/python3.12/site-packages/airflow/example_dags/example_setup_teardown_taskflow.py
[2026-08-12T05:07:39.066+0000] {processor.py:914} INFO - Processing file /home/airflow/.local/lib/python3.12/site-packages/airflow/example_dags/example_setup_teardown_taskflow.py for tasks to queue
[2026-08-12T05:07:39.071+0000] {logging_mixin.py:190} INFO - [2026-08-12T05:07:39.071+0000] {dagbag.py:587} INFO - Filling up the DagBag from /home/airflow/.local/lib/python3.12/site-packages/airflow/example_dags/example_setup_teardown_taskflow.py
[2026-08-12T05:07:39.090+0000] {processor.py:925} INFO - DAG(s) 'example_setup_teardown_taskflow' retrieved from /home/airflow/.local/lib/python3.12/site-packages/airflow/example_dags/example_setup_teardown_taskflow.py
[2026-08-12T05:07:39.142+0000] {logging_mixin.py:190} INFO - [2026-08-12T05:07:39.142+0000] {dag.py:3211} INFO - Sync 1 DAGs
[2026-08-12T05:07:39.192+0000] {logging_mixin.py:190} INFO - [2026-08-12T05:07:39.191+0000] {dag.py:4138} INFO - Setting next_dagrun for example_setup_teardown_taskflow to 2026-08-11 00:00:00+00:00, run_after=2026-08-12 00:00:00+00:00
[2026-08-12T05:07:39.226+0000] {processor.py:208} INFO - Processing /home/airflow/.local/lib/python3.12/site-packages/airflow/example_dags/example_setup_teardown_taskflow.py took 0.176 seconds
[2026-08-12T05:08:09.638+0000] {processor.py:186} INFO - Started process (PID=4395) to work on /home/airflow/.local/lib/python3.12/site-packages/airflow/example_dags/example_setup_teardown_taskflow.py
[2026-08-12T05:08:09.640+0000] {processor.py:914} INFO - Processing file /home/airflow/.local/lib/python3.12/site-packages/airflow/example_dags/example_setup_teardown_taskflow.py for tasks to queue
[2026-08-12T05:08:09.643+0000] {logging_mixin.py:190} INFO - [2026-08-12T05:08:09.643+0000] {dagbag.py:587} INFO - Filling up the DagBag from /home/airflow/.local/lib/python3.12/site-packages/airflow/example_dags/example_setup_teardown_taskflow.py
[2026-08-12T05:08:09.653+0000] {processor.py:925} INFO - DAG(s) 'example_setup_teardown_taskflow' retrieved from /home/airflow/.local/lib/python3.12/site-packages/airflow/example_dags/example_setup_teardown_taskflow.py
[2026-08-12T05:08:09.672+0000] {logging_mixin.py:190} INFO - [2026-08-12T05:08:09.672+0000] {dag.py:3211} INFO - Sync 1 DAGs
[2026-08-12T05:08:09.696+0000] {logging_mixin.py:190} INFO - [2026-08-12T05:08:09.696+0000] {dag.py:4138} INFO - Setting next_dagrun for example_setup_teardown_taskflow to 2026-08-11 00:00:00+00:00, run_after=2026-08-12 00:00:00+00:00
[2026-08-12T05:08:09.715+0000] {processor.py:208} INFO - Processing /home/airflow/.local/lib/python3.12/site-packages/airflow/example_dags/example_setup_teardown_taskflow.py took 0.083 seconds
[2026-08-12T05:08:40.424+0000] {processor.py:186} INFO - Started process (PID=4458) to work on /home/airflow/.local/lib/python3.12/site-packages/airflow/example_dags/example_setup_teardown_taskflow.py
[2026-08-12T05:08:40.427+0000] {processor.py:914} INFO - Processing file /home/airflow/.local/lib/python3.12/site-packages/airflow/example_dags/example_setup_teardown_taskflow.py for tasks to queue
[2026-08-12T05:08:40.432+0000] {logging_mixin.py:190} INFO - [2026-08-12T05:08:40.431+0000] {dagbag.py:587} INFO - Filling up the DagBag from /home/airflow/.local/lib/python3.12/site-packages/airflow/example_dags/example_setup_teardown_taskflow.py
[2026-08-12T05:08:40.452+0000] {processor.py:925} INFO - DAG(s) 'example_setup_teardown_taskflow' retrieved from /home/airflow/.local/lib/python3.12/site-packages/airflow/example_dags/example_setup_teardown_taskflow.py
[2026-08-12T05:08:40.475+0000] {logging_mixin.py:190} INFO - [2026-08-12T05:08:40.475+0000] {dag.py:3211} INFO - Sync 1 DAGs
[2026-08-12T05:08:40.499+0000] {logging_mixin.py:190} INFO - [2026-08-12T05:08:40.499+0000] {dag.py:4138} INFO - Setting next_dagrun for example_setup_teardown_taskflow to 2026-08-11 00:00:00+00:00, run_after=2026-08-12 00:00:00+00:00
[2026-08-12T05:08:40.524+0000] {processor.py:208} INFO - Processing /home/airflow/.local/lib/python3.12/site-packages/airflow/example_dags/example_setup_teardown_taskflow.py took 0.112 seconds
[2026-08-12T05:09:10.654+0000] {processor.py:186} INFO - Started process (PID=4521) to work on /home/airflow/.local/lib/python3.12/site-packages/airflow/example_dags/example_setup_teardown_taskflow.py
[2026-08-12T05:09:10.656+0000] {processor.py:914} INFO - Processing file /home/airflow/.local/lib/python3.12/site-packages/airflow/example_dags/example_setup_teardown_taskflow.py for tasks to queue
[2026-08-12T05:09:10.660+0000] {logging_mixin.py:190} INFO - [2026-08-12T05:09:10.660+0000] {dagbag.py:587} INFO - Filling up the DagBag from /home/airflow/.local/lib/python3.12/site-packages/airflow/example_dags/example_setup_teardown_taskflow.py
[2026-08-12T05:09:10.674+0000] {processor.py:925} INFO - DAG(s) 'example_setup_teardown_taskflow' retrieved from /home/airflow/.local/lib/python3.12/site-packages/airflow/example_dags/example_setup_teardown_taskflow.py
[2026-08-12T05:09:10.694+0000] {logging_mixin.py:190} INFO - [2026-08-12T05:09:10.694+0000] {dag.py:3211} INFO - Sync 1 DAGs
[2026-08-12T05:09:10.722+0000] {logging_mixin.py:190} INFO - [2026-08-12T05:09:10.722+0000] {dag.py:4138} INFO - Setting next_dagrun for example_setup_teardown_taskflow to 2026-08-11 00:00:00+00:00, run_after=2026-08-12 00:00:00+00:00
[2026-08-12T05:09:10.744+0000] {processor.py:208} INFO - Processing /home/airflow/.local/lib/python3.12/site-packages/airflow/example_dags/example_setup_teardown_taskflow.py took 0.099 seconds
[2026-08-12T05:09:41.304+0000] {processor.py:186} INFO - Started process (PID=4584) to work on /home/airflow/.local/lib/python3.12/site-packages/airflow/example_dags/example_setup_teardown_taskflow.py
[2026-08-12T05:09:41.306+0000] {processor.py:914} INFO - Processing file /home/airflow/.local/lib/python3.12/site-packages/airflow/example_dags/example_setup_teardown_taskflow.py for tasks to queue
[2026-08-12T05:09:41.311+0000] {logging_mixin.py:190} INFO - [2026-08-12T05:09:41.310+0000] {dagbag.py:587} INFO - Filling up the DagBag from /home/airflow/.local/lib/python3.12/site-packages/airflow/example_dags/example_setup_teardown_taskflow.py
[2026-08-12T05:09:41.323+0000] {processor.py:925} INFO - DAG(s) 'example_setup_teardown_taskflow' retrieved from /home/airflow/.local/lib/python3.12/site-packages/airflow/example_dags/example_setup_teardown_taskflow.py
[2026-08-12T05:09:41.348+0000] {logging_mixin.py:190} INFO - [2026-08-12T05:09:41.347+0000] {dag.py:3211} INFO - Sync 1 DAGs
[2026-08-12T05:09:41.370+0000] {logging_mixin.py:190} INFO - [2026-08-12T05:09:41.370+0000] {dag.py:4138} INFO - Setting next_dagrun for example_setup_teardown_taskflow to 2026-08-11 00:00:00+00:00, run_after=2026-08-12 00:00:00+00:00
[2026-08-12T05:09:41.391+0000] {processor.py:208} INFO - Processing /home/airflow/.local/lib/python3.12/site-packages/airflow/example_dags/example_setup_teardown_taskflow.py took 0.096 seconds
[2026-08-12T05:10:11.873+0000] {processor.py:186} INFO - Started process (PID=4647) to work on /home/airflow/.local/lib/python3.12/site-packages/airflow/example_dags/example_setup_teardown_taskflow.py
[2026-08-12T05:10:11.875+0000] {processor.py:914} INFO - Processing file /home/airflow/.local/lib/python3.12/site-packages/airflow/example_dags/example_setup_teardown_taskflow.py for tasks to queue
[2026-08-12T05:10:11.879+0000] {logging_mixin.py:190} INFO - [2026-08-12T05:10:11.878+0000] {dagbag.py:587} INFO - Filling up the DagBag from /home/airflow/.local/lib/python3.12/site-packages/airflow/example_dags/example_setup_teardown_taskflow.py
[2026-08-12T05:10:11.891+0000] {processor.py:925} INFO - DAG(s) 'example_setup_teardown_taskflow' retrieved from /home/airflow/.local/lib/python3.12/site-packages/airflow/example_dags/example_setup_teardown_taskflow.py
[2026-08-12T05:10:11.922+0000] {logging_mixin.py:190} INFO - [2026-08-12T05:10:11.921+0000] {dag.py:3211} INFO - Sync 1 DAGs
[2026-08-12T05:10:11.951+0000] {logging_mixin.py:190} INFO - [2026-08-12T05:10:11.951+0000] {dag.py:4138} INFO - Setting next_dagrun for example_setup_teardown_taskflow to 2026-08-11 00:00:00+00:00, run_after=2026-08-12 00:00:00+00:00
[2026-08-12T05:10:11.976+0000] {processor.py:208} INFO - Processing /home/airflow/.local/lib/python3.12/site-packages/airflow/example_dags/example_setup_teardown_taskflow.py took 0.112 seconds
[2026-08-12T05:10:42.624+0000] {processor.py:186} INFO - Started process (PID=4710) to work on /home/airflow/.local/lib/python3.12/site-packages/airflow/example_dags/example_setup_teardown_taskflow.py
[2026-08-12T05:10:42.626+0000] {processor.py:914} INFO - Processing file /home/airflow/.local/lib/python3.12/site-packages/airflow/example_dags/example_setup_teardown_taskflow.py for tasks to queue
[2026-08-12T05:10:42.629+0000] {logging_mixin.py:190} INFO - [2026-08-12T05:10:42.629+0000] {dagbag.py:587} INFO - Filling up the DagBag from /home/airflow/.local/lib/python3.12/site-packages/airflow/example_dags/example_setup_teardown_taskflow.py
[2026-08-12T05:10:42.642+0000] {processor.py:925} INFO - DAG(s) 'example_setup_teardown_taskflow' retrieved from /home/airflow/.local/lib/python3.12/site-packages/airflow/example_dags/example_setup_teardown_taskflow.py
[2026-08-12T05:10:42.665+0000] {logging_mixin.py:190} INFO - [2026-08-12T05:10:42.664+0000] {dag.py:3211} INFO - Sync 1 DAGs
[2026-08-12T05:10:42.688+0000] {logging_mixin.py:190} INFO - [2026-08-12T05:10:42.687+0000] {dag.py:4138} INFO - Setting next_dagrun for example_setup_teardown_taskflow to 2026-08-11 00:00:00+00:00, run_after=2026-08-12 00:00:00+00:00
[2026-08-12T05:10:42.709+0000] {processor.py:208} INFO - Processing /home/airflow/.local/lib/python3.12/site-packages/airflow/example_dags/example_setup_teardown_taskflow.py took 0.092 seconds
[2026-08-12T05:11:12.932+0000] {processor.py:186} INFO - Started process (PID=4773) to work on /home/airflow/.local/lib/python3.12/site-packages/airflow/example_dags/example_setup_teardown_taskflow.py
[2026-08-12T05:11:12.934+0000] {processor.py:914} INFO - Processing file /home/airflow/.local/lib/python3.12/site-packages/airflow/example_dags/example_setup_teardown_taskflow.py for tasks to queue
[2026-08-12T05:11:12.936+0000] {logging_mixin.py:190} INFO - [2026-08-12T05:11:12.936+0000] {dagbag.py:587} INFO - Filling up the DagBag from /home/airflow/.local/lib/python3.12/site-packages/airflow/example_dags/example_setup_teardown_taskflow.py
[2026-08-12T05:11:12.946+0000] {processor.py:925} INFO - DAG(s) 'example_setup_teardown_taskflow' retrieved from /home/airflow/.local/lib/python3.12/site-packages/airflow/example_dags/example_setup_teardown_taskflow.py
[2026-08-12T05:11:12.968+0000] {logging_mixin.py:190} INFO - [2026-08-12T05:11:12.967+0000] {dag.py:3211} INFO - Sync 1 DAGs
[2026-08-12T05:11:12.988+0000] {logging_mixin.py:190} INFO - [2026-08-12T05:11:12.988+0000] {dag.py:4138} INFO - Setting next_dagrun for example_setup_teardown_taskflow to 2026-08-11 00:00:00+00:00, run_after=2026-08-12 00:00:00+00:00
[2026-08-12T05:11:13.009+0000] {processor.py:208} INFO - Processing /home/airflow/.local/lib/python3.12/site-packages/airflow/example_dags/example_setup_teardown_taskflow.py took 0.083 seconds
[2026-08-12T05:11:43.506+0000] {processor.py:186} INFO - Started process (PID=4836) to work on /home/airflow/.local/lib/python3.12/site-packages/airflow/example_dags/example_setup_teardown_taskflow.py
[2026-08-12T05:11:43.508+0000] {processor.py:914} INFO - Processing file /home/airflow/.local/lib/python3.12/site-packages/airflow/example_dags/example_setup_teardown_taskflow.py for tasks to queue
[2026-08-12T05:11:43.511+0000] {logging_mixin.py:190} INFO - [2026-08-12T05:11:43.511+0000] {dagbag.py:587} INFO - Filling up the DagBag from /home/airflow/.local/lib/python3.12/site-packages/airflow/example_dags/example_setup_teardown_taskflow.py
[2026-08-12T05:11:43.522+0000] {processor.py:925} INFO - DAG(s) 'example_setup_teardown_taskflow' retrieved from /home/airflow/.local/lib/python3.12/site-packages/airflow/example_dags/example_setup_teardown_taskflow.py
[2026-08-12T05:11:43.544+0000] {logging_mixin.py:190} INFO - [2026-08-12T05:11:43.544+0000] {dag.py:3211} INFO - Sync 1 DAGs
[2026-08-12T05:11:43.566+0000] {logging_mixin.py:190} INFO - [2026-08-12T05:11:43.566+0000] {dag.py:4138} INFO - Setting next_dagrun for example_setup_teardown_taskflow to 2026-08-11 00:00:00+00:00, run_after=2026-08-12 00:00:00+00:00
[2026-08-12T05:11:43.595+0000] {processor.py:208} INFO - Processing /home/airflow/.local/lib/python3.12/site-packages/airflow/example_dags/example_setup_teardown_taskflow.py took 0.094 seconds
[2026-08-12T05:12:14.018+0000] {processor.py:186} INFO - Started process (PID=4899) to work on /home/airflow/.local/lib/python3.12/site-packages/airflow/example_dags/example_setup_teardown_taskflow.py
[2026-08-12T05:12:14.020+0000] {processor.py:914} INFO - Processing file /home/airflow/.local/lib/python3.12/site-packages/airflow/example_dags/example_setup_teardown_taskflow.py for tasks to queue
[2026-08-12T05:12:14.024+0000] {logging_mixin.py:190} INFO - [2026-08-12T05:12:14.023+0000] {dagbag.py:587} INFO - Filling up the DagBag from /home/airflow/.local/lib/python3.12/site-packages/airflow/example_dags/example_setup_teardown_taskflow.py
[2026-08-12T05:12:14.037+0000] {processor.py:925} INFO - DAG(s) 'example_setup_teardown_taskflow' retrieved from /home/airflow/.local/lib/python3.12/site-packages/airflow/example_dags/example_setup_teardown_taskflow.py
[2026-08-12T05:12:14.066+0000] {logging_mixin.py:190} INFO - [2026-08-12T05:12:14.065+0000] {dag.py:3211} INFO - Sync 1 DAGs
[2026-08-12T05:12:14.099+0000] {logging_mixin.py:190} INFO - [2026-08-12T05:12:14.099+0000] {dag.py:4138} INFO - Setting next_dagrun for example_setup_teardown_taskflow to 2026-08-11 00:00:00+00:00, run_after=2026-08-12 00:00:00+00:00
[2026-08-12T05:12:14.133+0000] {processor.py:208} INFO - Processing /home/airflow/.local/lib/python3.12/site-packages/airflow/example_dags/example_setup_teardown_taskflow.py took 0.124 seconds
[2026-08-12T05:12:44.968+0000] {processor.py:186} INFO - Started process (PID=4962) to work on /home/airflow/.local/lib/python3.12/site-packages/airflow/example_dags/example_setup_teardown_taskflow.py
[2026-08-12T05:12:44.969+0000] {processor.py:914} INFO - Processing file /home/airflow/.local/lib/python3.12/site-packages/airflow/example_dags/example_setup_teardown_taskflow.py for tasks to queue
[2026-08-12T05:12:44.972+0000] {logging_mixin.py:190} INFO - [2026-08-12T05:12:44.972+0000] {dagbag.py:587} INFO - Filling up the DagBag from /home/airflow/.local/lib/python3.12/site-packages/airflow/example_dags/example_setup_teardown_taskflow.py
[2026-08-12T05:12:44.983+0000] {processor.py:925} INFO - DAG(s) 'example_setup_teardown_taskflow' retrieved from /home/airflow/.local/lib/python3.12/site-packages/airflow/example_dags/example_setup_teardown_taskflow.py
[2026-08-12T05:12:45.005+0000] {logging_mixin.py:190} INFO - [2026-08-12T05:12:45.005+0000] {dag.py:3211} INFO - Sync 1 DAGs
[2026-08-12T05:12:45.027+0000] {logging_mixin.py:190} INFO - [2026-08-12T05:12:45.027+0000] {dag.py:4138} INFO - Setting next_dagrun for example_setup_teardown_taskflow to 2026-08-11 00:00:00+00:00, run_after=2026-08-12 00:00:00+00:00
[2026-08-12T05:12:45.054+0000] {processor.py:208} INFO - Processing /home/airflow/.local/lib/python3.12/site-packages/airflow/example_dags/example_setup_teardown_taskflow.py took 0.092 seconds
[2026-08-12T05:13:15.273+0000] {processor.py:186} INFO - Started process (PID=5025) to work on /home/airflow/.local/lib/python3.12/site-packages/airflow/example_dags/example_setup_teardown_taskflow.py
[2026-08-12T05:13:15.276+0000] {processor.py:914} INFO - Processing file /home/airflow/.local/lib/python3.12/site-packages/airflow/example_dags/example_setup_teardown_taskflow.py for tasks to queue
[2026-08-12T05:13:15.280+0000] {logging_mixin.py:190} INFO - [2026-08-12T05:13:15.279+0000] {dagbag.py:587} INFO - Filling up the DagBag from /home/airflow/.local/lib/python3.12/site-packages/airflow/example_dags/example_setup_teardown_taskflow.py
[2026-08-12T05:13:15.293+0000] {processor.py:925} INFO - DAG(s) 'example_setup_teardown_taskflow' retrieved from /home/airflow/.local/lib/python3.12/site-packages/airflow/example_dags/example_setup_teardown_taskflow.py
[2026-08-12T05:13:15.321+0000] {logging_mixin.py:190} INFO - [2026-08-12T05:13:15.321+0000] {dag.py:3211} INFO - Sync 1 DAGs
[2026-08-12T05:13:15.347+0000] {logging_mixin.py:190} INFO - [2026-08-12T05:13:15.347+0000] {dag.py:4138} INFO - Setting next_dagrun for example_setup_teardown_taskflow to 2026-08-11 00:00:00+00:00, run_after=2026-08-12 00:00:00+00:00
[2026-08-12T05:13:15.373+0000] {processor.py:208} INFO - Processing /home/airflow/.local/lib/python3.12/site-packages/airflow/example_dags/example_setup_teardown_taskflow.py took 0.107 seconds
[2026-08-12T05:13:45.681+0000] {processor.py:186} INFO - Started process (PID=5088) to work on /home/airflow/.local/lib/python3.12/site-packages/airflow/example_dags/example_setup_teardown_taskflow.py
[2026-08-12T05:13:45.683+0000] {processor.py:914} INFO - Processing file /home/airflow/.local/lib/python3.12/site-packages/airflow/example_dags/example_setup_teardown_taskflow.py for tasks to queue
[2026-08-12T05:13:45.686+0000] {logging_mixin.py:190} INFO - [2026-08-12T05:13:45.686+0000] {dagbag.py:587} INFO - Filling up the DagBag from /home/airflow/.local/lib/python3.12/site-packages/airflow/example_dags/example_setup_teardown_taskflow.py
[2026-08-12T05:13:45.697+0000] {processor.py:925} INFO - DAG(s) 'example_setup_teardown_taskflow' retrieved from /home/airflow/.local/lib/python3.12/site-packages/airflow/example_dags/example_setup_teardown_taskflow.py
[2026-08-12T05:13:45.726+0000] {logging_mixin.py:190} INFO - [2026-08-12T05:13:45.726+0000] {dag.py:3211} INFO - Sync 1 DAGs
[2026-08-12T05:13:45.758+0000] {logging_mixin.py:190} INFO - [2026-08-12T05:13:45.758+0000] {dag.py:4138} INFO - Setting next_dagrun for example_setup_teardown_taskflow to 2026-08-11 00:00:00+00:00, run_after=2026-08-12 00:00:00+00:00
[2026-08-12T05:13:45.781+0000] {processor.py:208} INFO - Processing /home/airflow/.local/lib/python3.12/site-packages/airflow/example_dags/example_setup_teardown_taskflow.py took 0.106 seconds
[2026-08-12T05:14:16.285+0000] {processor.py:186} INFO - Started process (PID=5151) to work on /home/airflow/.local/lib/python3.12/site-packages/airflow/example_dags/example_setup_teardown_taskflow.py
[2026-08-12T05:14:16.287+0000] {processor.py:914} INFO - Processing file /home/airflow/.local/lib/python3.12/site-packages/airflow/example_dags/example_setup_teardown_taskflow.py for tasks to queue
[2026-08-12T05:14:16.290+0000] {logging_mixin.py:190} INFO - [2026-08-12T05:14:16.290+0000] {dagbag.py:587} INFO - Filling up the DagBag from /home/airflow/.local/lib/python3.12/site-packages/airflow/example_dags/example_setup_teardown_taskflow.py
[2026-08-12T05:14:16.300+0000] {processor.py:925} INFO - DAG(s) 'example_setup_teardown_taskflow' retrieved from /home/airflow/.local/lib/python3.12/site-packages/airflow/example_dags/example_setup_teardown_taskflow.py
[2026-08-12T05:14:16.331+0000] {logging_mixin.py:190} INFO - [2026-08-12T05:14:16.331+0000] {dag.py:3211} INFO - Sync 1 DAGs
[2026-08-12T05:14:16.357+0000] {logging_mixin.py:190} INFO - [2026-08-12T05:14:16.357+0000] {dag.py:4138} INFO - Setting next_dagrun for example_setup_teardown_taskflow to 2026-08-11 00:00:00+00:00, run_after=2026-08-12 00:00:00+00:00
[2026-08-12T05:14:16.379+0000] {processor.py:208} INFO - Processing /home/airflow/.local/lib/python3.12/site-packages/airflow/example_dags/example_setup_teardown_taskflow.py took 0.101 seconds
[2026-08-12T05:14:46.813+0000] {processor.py:186} INFO - Started process (PID=5214) to work on /home/airflow/.local/lib/python3.12/site-packages/airflow/example_dags/example_setup_teardown_taskflow.py
[2026-08-12T05:14:46.816+0000] {processor.py:914} INFO - Processing file /home/airflow/.local/lib/python3.12/site-packages/airflow/example_dags/example_setup_teardown_taskflow.py for tasks to queue
[2026-08-12T05:14:46.821+0000] {logging_mixin.py:190} INFO - [2026-08-12T05:14:46.820+0000] {dagbag.py:587} INFO - Filling up the DagBag from /home/airflow/.local/lib/python3.12/site-packages/airflow/example_dags/example_setup_teardown_taskflow.py
[2026-08-12T05:14:46.837+0000] {processor.py:925} INFO - DAG(s) 'example_setup_teardown_taskflow' retrieved from /home/airflow/.local/lib/python3.12/site-packages/airflow/example_dags/example_setup_teardown_taskflow.py
[2026-08-12T05:14:46.876+0000] {logging_mixin.py:190} INFO - [2026-08-12T05:14:46.875+0000] {dag.py:3211} INFO - Sync 1 DAGs
[2026-08-12T05:14:46.903+0000] {logging_mixin.py:190} INFO - [2026-08-12T05:14:46.903+0000] {dag.py:4138} INFO - Setting next_dagrun for example_setup_teardown_taskflow to 2026-08-11 00:00:00+00:00, run_after=2026-08-12 00:00:00+00:00
[2026-08-12T05:14:46.928+0000] {processor.py:208} INFO - Processing /home/airflow/.local/lib/python3.12/site-packages/airflow/example_dags/example_setup_teardown_taskflow.py took 0.122 seconds
[2026-08-12T05:15:17.595+0000] {processor.py:186} INFO - Started process (PID=5277) to work on /home/airflow/.local/lib/python3.12/site-packages/airflow/example_dags/example_setup_teardown_taskflow.py
[2026-08-12T05:15:17.597+0000] {processor.py:914} INFO - Processing file /home/airflow/.local/lib/python3.12/site-packages/airflow/example_dags/example_setup_teardown_taskflow.py for tasks to queue
[2026-08-12T05:15:17.601+0000] {logging_mixin.py:190} INFO - [2026-08-12T05:15:17.601+0000] {dagbag.py:587} INFO - Filling up the DagBag from /home/airflow/.local/lib/python3.12/site-packages/airflow/example_dags/example_setup_teardown_taskflow.py
[2026-08-12T05:15:17.615+0000] {processor.py:925} INFO - DAG(s) 'example_setup_teardown_taskflow' retrieved from /home/airflow/.local/lib/python3.12/site-packages/airflow/example_dags/example_setup_teardown_taskflow.py
[2026-08-12T05:15:17.643+0000] {logging_mixin.py:190} INFO - [2026-08-12T05:15:17.643+0000] {dag.py:3211} INFO - Sync 1 DAGs
[2026-08-12T05:15:17.674+0000] {logging_mixin.py:190} INFO - [2026-08-12T05:15:17.674+0000] {dag.py:4138} INFO - Setting next_dagrun for example_setup_teardown_taskflow to 2026-08-11 00:00:00+00:00, run_after=2026-08-12 00:00:00+00:00
[2026-08-12T05:15:17.704+0000] {processor.py:208} INFO - Processing /home/airflow/.local/lib/python3.12/site-packages/airflow/example_dags/example_setup_teardown_taskflow.py took 0.116 seconds
[2026-08-12T05:15:48.008+0000] {processor.py:186} INFO - Started process (PID=5340) to work on /home/airflow/.local/lib/python3.12/site-packages/airflow/example_dags/example_setup_teardown_taskflow.py
[2026-08-12T05:15:48.010+0000] {processor.py:914} INFO - Processing file /home/airflow/.local/lib/python3.12/site-packages/airflow/example_dags/example_setup_teardown_taskflow.py for tasks to queue
[2026-08-12T05:15:48.014+0000] {logging_mixin.py:190} INFO - [2026-08-12T05:15:48.014+0000] {dagbag.py:587} INFO - Filling up the DagBag from /home/airflow/.local/lib/python3.12/site-packages/airflow/example_dags/example_setup_teardown_taskflow.py
[2026-08-12T05:15:48.027+0000] {processor.py:925} INFO - DAG(s) 'example_setup_teardown_taskflow' retrieved from /home/airflow/.local/lib/python3.12/site-packages/airflow/example_dags/example_setup_teardown_taskflow.py
[2026-08-12T05:15:48.052+0000] {logging_mixin.py:190} INFO - [2026-08-12T05:15:48.052+0000] {dag.py:3211} INFO - Sync 1 DAGs
[2026-08-12T05:15:48.075+0000] {logging_mixin.py:190} INFO - [2026-08-12T05:15:48.075+0000] {dag.py:4138} INFO - Setting next_dagrun for example_setup_teardown_taskflow to 2026-08-11 00:00:00+00:00, run_after=2026-08-12 00:00:00+00:00
[2026-08-12T05:15:48.101+0000] {processor.py:208} INFO - Processing /home/airflow/.local/lib/python3.12/site-packages/airflow/example_dags/example_setup_teardown_taskflow.py took 0.102 seconds
[2026-08-12T05:16:18.713+0000] {processor.py:186} INFO - Started process (PID=5403) to work on /home/airflow/.local/lib/python3.12/site-packages/airflow/example_dags/example_setup_teardown_taskflow.py
[2026-08-12T05:16:18.715+0000] {processor.py:914} INFO - Processing file /home/airflow/.local/lib/python3.12/site-packages/airflow/example_dags/example_setup_teardown_taskflow.py for tasks to queue
[2026-08-12T05:16:18.718+0000] {logging_mixin.py:190} INFO - [2026-08-12T05:16:18.718+0000] {dagbag.py:587} INFO - Filling up the DagBag from /home/airflow/.local/lib/python3.12/site-packages/airflow/example_dags/example_setup_teardown_taskflow.py
[2026-08-12T05:16:18.731+0000] {processor.py:925} INFO - DAG(s) 'example_setup_teardown_taskflow' retrieved from /home/airflow/.local/lib/python3.12/site-packages/airflow/example_dags/example_setup_teardown_taskflow.py
[2026-08-12T05:16:18.750+0000] {logging_mixin.py:190} INFO - [2026-08-12T05:16:18.750+0000] {dag.py:3211} INFO - Sync 1 DAGs
[2026-08-12T05:16:18.773+0000] {logging_mixin.py:190} INFO - [2026-08-12T05:16:18.773+0000] {dag.py:4138} INFO - Setting next_dagrun for example_setup_teardown_taskflow to 2026-08-11 00:00:00+00:00, run_after=2026-08-12 00:00:00+00:00
[2026-08-12T05:16:18.804+0000] {processor.py:208} INFO - Processing /home/airflow/.local/lib/python3.12/site-packages/airflow/example_dags/example_setup_teardown_taskflow.py took 0.099 seconds
[2026-08-12T05:16:49.247+0000] {processor.py:186} INFO - Started process (PID=5466) to work on /home/airflow/.local/lib/python3.12/site-packages/airflow/example_dags/example_setup_teardown_taskflow.py
[2026-08-12T05:16:49.249+0000] {processor.py:914} INFO - Processing file /home/airflow/.local/lib/python3.12/site-packages/airflow/example_dags/example_setup_teardown_taskflow.py for tasks to queue
[2026-08-12T05:16:49.253+0000] {logging_mixin.py:190} INFO - [2026-08-12T05:16:49.253+0000] {dagbag.py:587} INFO - Filling up the DagBag from /home/airflow/.local/lib/python3.12/site-packages/airflow/example_dags/example_setup_teardown_taskflow.py
[2026-08-12T05:16:49.266+0000] {processor.py:925} INFO - DAG(s) 'example_setup_teardown_taskflow' retrieved from /home/airflow/.local/lib/python3.12/site-packages/airflow/example_dags/example_setup_teardown_taskflow.py
[2026-08-12T05:16:49.287+0000] {logging_mixin.py:190} INFO - [2026-08-12T05:16:49.287+0000] {dag.py:3211} INFO - Sync 1 DAGs
[2026-08-12T05:16:49.309+0000] {logging_mixin.py:190} INFO - [2026-08-12T05:16:49.308+0000] {dag.py:4138} INFO - Setting next_dagrun for example_setup_teardown_taskflow to 2026-08-11 00:00:00+00:00, run_after=2026-08-12 00:00:00+00:00
[2026-08-12T05:16:49.335+0000] {processor.py:208} INFO - Processing /home/airflow/.local/lib/python3.12/site-packages/airflow/example_dags/example_setup_teardown_taskflow.py took 0.095 seconds
[2026-08-12T05:17:19.668+0000] {processor.py:186} INFO - Started process (PID=5529) to work on /home/airflow/.local/lib/python3.12/site-packages/airflow/example_dags/example_setup_teardown_taskflow.py
[2026-08-12T05:17:19.670+0000] {processor.py:914} INFO - Processing file /home/airflow/.local/lib/python3.12/site-packages/airflow/example_dags/example_setup_teardown_taskflow.py for tasks to queue
[2026-08-12T05:17:19.673+0000] {logging_mixin.py:190} INFO - [2026-08-12T05:17:19.673+0000] {dagbag.py:587} INFO - Filling up the DagBag from /home/airflow/.local/lib/python3.12/site-packages/airflow/example_dags/example_setup_teardown_taskflow.py
[2026-08-12T05:17:19.685+0000] {processor.py:925} INFO - DAG(s) 'example_setup_teardown_taskflow' retrieved from /home/airflow/.local/lib/python3.12/site-packages/airflow/example_dags/example_setup_teardown_taskflow.py
[2026-08-12T05:17:19.710+0000] {logging_mixin.py:190} INFO - [2026-08-12T05:17:19.710+0000] {dag.py:3211} INFO - Sync 1 DAGs
[2026-08-12T05:17:19.750+0000] {logging_mixin.py:190} INFO - [2026-08-12T05:17:19.750+0000] {dag.py:4138} INFO - Setting next_dagrun for example_setup_teardown_taskflow to 2026-08-11 00:00:00+00:00, run_after=2026-08-12 00:00:00+00:00
[2026-08-12T05:17:19.798+0000] {processor.py:208} INFO - Processing /home/airflow/.local/lib/python3.12/site-packages/airflow/example_dags/example_setup_teardown_taskflow.py took 0.138 seconds
[2026-08-12T05:17:50.585+0000] {processor.py:186} INFO - Started process (PID=5592) to work on /home/airflow/.local/lib/python3.12/site-packages/airflow/example_dags/example_setup_teardown_taskflow.py
[2026-08-12T05:17:50.587+0000] {processor.py:914} INFO - Processing file /home/airflow/.local/lib/python3.12/site-packages/airflow/example_dags/example_setup_teardown_taskflow.py for tasks to queue
[2026-08-12T05:17:50.591+0000] {logging_mixin.py:190} INFO - [2026-08-12T05:17:50.590+0000] {dagbag.py:587} INFO - Filling up the DagBag from /home/airflow/.local/lib/python3.12/site-packages/airflow/example_dags/example_setup_teardown_taskflow.py
[2026-08-12T05:17:50.607+0000] {processor.py:925} INFO - DAG(s) 'example_setup_teardown_taskflow' retrieved from /home/airflow/.local/lib/python3.12/site-packages/airflow/example_dags/example_setup_teardown_taskflow.py
[2026-08-12T05:17:50.636+0000] {logging_mixin.py:190} INFO - [2026-08-12T05:17:50.636+0000] {dag.py:3211} INFO - Sync 1 DAGs
[2026-08-12T05:17:50.663+0000] {logging_mixin.py:190} INFO - [2026-08-12T05:17:50.663+0000] {dag.py:4138} INFO - Setting next_dagrun for example_setup_teardown_taskflow to 2026-08-11 00:00:00+00:00, run_after=2026-08-12 00:00:00+00:00
[2026-08-12T05:17:50.692+0000] {processor.py:208} INFO - Processing /home/airflow/.local/lib/python3.12/site-packages/airflow/example_dags/example_setup_teardown_taskflow.py took 0.117 seconds
[2026-08-12T05:18:21.544+0000] {processor.py:186} INFO - Started process (PID=5655) to work on /home/airflow/.local/lib/python3.12/site-packages/airflow/example_dags/example_setup_teardown_taskflow.py
[2026-08-12T05:18:21.546+0000] {processor.py:914} INFO - Processing file /home/airflow/.local/lib/python3.12/site-packages/airflow/example_dags/example_setup_teardown_taskflow.py for tasks to queue
[2026-08-12T05:18:21.550+0000] {logging_mixin.py:190} INFO - [2026-08-12T05:18:21.549+0000] {dagbag.py:587} INFO - Filling up the DagBag from /home/airflow/.local/lib/python3.12/site-packages/airflow/example_dags/example_setup_teardown_taskflow.py
[2026-08-12T05:18:21.571+0000] {processor.py:925} INFO - DAG(s) 'example_setup_teardown_taskflow' retrieved from /home/airflow/.local/lib/python3.12/site-packages/airflow/example_dags/example_setup_teardown_taskflow.py
[2026-08-12T05:18:21.597+0000] {logging_mixin.py:190} INFO - [2026-08-12T05:18:21.597+0000] {dag.py:3211} INFO - Sync 1 DAGs
[2026-08-12T05:18:21.625+0000] {logging_mixin.py:190} INFO - [2026-08-12T05:18:21.625+0000] {dag.py:4138} INFO - Setting next_dagrun for example_setup_teardown_taskflow to 2026-08-11 00:00:00+00:00, run_after=2026-08-12 00:00:00+00:00
[2026-08-12T05:18:21.646+0000] {processor.py:208} INFO - Processing /home/airflow/.local/lib/python3.12/site-packages/airflow/example_dags/example_setup_teardown_taskflow.py took 0.108 seconds
[2026-08-12T05:18:51.751+0000] {processor.py:186} INFO - Started process (PID=5718) to work on /home/airflow/.local/lib/python3.12/site-packages/airflow/example_dags/example_setup_teardown_taskflow.py
[2026-08-12T05:18:51.753+0000] {processor.py:914} INFO - Processing file /home/airflow/.local/lib/python3.12/site-packages/airflow/example_dags/example_setup_teardown_taskflow.py for tasks to queue
[2026-08-12T05:18:51.761+0000] {logging_mixin.py:190} INFO - [2026-08-12T05:18:51.760+0000] {dagbag.py:587} INFO - Filling up the DagBag from /home/airflow/.local/lib/python3.12/site-packages/airflow/example_dags/example_setup_teardown_taskflow.py
[2026-08-12T05:18:51.786+0000] {processor.py:925} INFO - DAG(s) 'example_setup_teardown_taskflow' retrieved from /home/airflow/.local/lib/python3.12/site-packages/airflow/example_dags/example_setup_teardown_taskflow.py
[2026-08-12T05:18:51.852+0000] {logging_mixin.py:190} INFO - [2026-08-12T05:18:51.851+0000] {dag.py:3211} INFO - Sync 1 DAGs
[2026-08-12T05:18:51.919+0000] {logging_mixin.py:190} INFO - [2026-08-12T05:18:51.919+0000] {dag.py:4138} INFO - Setting next_dagrun for example_setup_teardown_taskflow to 2026-08-11 00:00:00+00:00, run_after=2026-08-12 00:00:00+00:00
[2026-08-12T05:18:51.971+0000] {processor.py:208} INFO - Processing /home/airflow/.local/lib/python3.12/site-packages/airflow/example_dags/example_setup_teardown_taskflow.py took 0.238 seconds
[2026-08-12T05:19:22.590+0000] {processor.py:186} INFO - Started process (PID=5782) to work on /home/airflow/.local/lib/python3.12/site-packages/airflow/example_dags/example_setup_teardown_taskflow.py
[2026-08-12T05:19:22.594+0000] {processor.py:914} INFO - Processing file /home/airflow/.local/lib/python3.12/site-packages/airflow/example_dags/example_setup_teardown_taskflow.py for tasks to queue
[2026-08-12T05:19:22.610+0000] {logging_mixin.py:190} INFO - [2026-08-12T05:19:22.609+0000] {dagbag.py:587} INFO - Filling up the DagBag from /home/airflow/.local/lib/python3.12/site-packages/airflow/example_dags/example_setup_teardown_taskflow.py
[2026-08-12T05:19:22.646+0000] {processor.py:925} INFO - DAG(s) 'example_setup_teardown_taskflow' retrieved from /home/airflow/.local/lib/python3.12/site-packages/airflow/example_dags/example_setup_teardown_taskflow.py
[2026-08-12T05:19:22.755+0000] {logging_mixin.py:190} INFO - [2026-08-12T05:19:22.754+0000] {dag.py:3211} INFO - Sync 1 DAGs
[2026-08-12T05:19:22.843+0000] {logging_mixin.py:190} INFO - [2026-08-12T05:19:22.843+0000] {dag.py:4138} INFO - Setting next_dagrun for example_setup_teardown_taskflow to 2026-08-11 00:00:00+00:00, run_after=2026-08-12 00:00:00+00:00
[2026-08-12T05:19:22.922+0000] {processor.py:208} INFO - Processing /home/airflow/.local/lib/python3.12/site-packages/airflow/example_dags/example_setup_teardown_taskflow.py took 0.349 seconds
[2026-08-12T05:19:53.776+0000] {processor.py:186} INFO - Started process (PID=5845) to work on /home/airflow/.local/lib/python3.12/site-packages/airflow/example_dags/example_setup_teardown_taskflow.py
[2026-08-12T05:19:53.780+0000] {processor.py:914} INFO - Processing file /home/airflow/.local/lib/python3.12/site-packages/airflow/example_dags/example_setup_teardown_taskflow.py for tasks to queue
[2026-08-12T05:19:53.792+0000] {logging_mixin.py:190} INFO - [2026-08-12T05:19:53.791+0000] {dagbag.py:587} INFO - Filling up the DagBag from /home/airflow/.local/lib/python3.12/site-packages/airflow/example_dags/example_setup_teardown_taskflow.py
[2026-08-12T05:19:53.834+0000] {processor.py:925} INFO - DAG(s) 'example_setup_teardown_taskflow' retrieved from /home/airflow/.local/lib/python3.12/site-packages/airflow/example_dags/example_setup_teardown_taskflow.py
[2026-08-12T05:19:53.999+0000] {logging_mixin.py:190} INFO - [2026-08-12T05:19:53.998+0000] {dag.py:3211} INFO - Sync 1 DAGs
[2026-08-12T05:19:54.115+0000] {logging_mixin.py:190} INFO - [2026-08-12T05:19:54.114+0000] {dag.py:4138} INFO - Setting next_dagrun for example_setup_teardown_taskflow to 2026-08-11 00:00:00+00:00, run_after=2026-08-12 00:00:00+00:00
[2026-08-12T05:19:54.257+0000] {processor.py:208} INFO - Processing /home/airflow/.local/lib/python3.12/site-packages/airflow/example_dags/example_setup_teardown_taskflow.py took 0.500 seconds
[2026-08-12T05:20:25.124+0000] {processor.py:186} INFO - Started process (PID=5908) to work on /home/airflow/.local/lib/python3.12/site-packages/airflow/example_dags/example_setup_teardown_taskflow.py
[2026-08-12T05:20:25.148+0000] {processor.py:914} INFO - Processing file /home/airflow/.local/lib/python3.12/site-packages/airflow/example_dags/example_setup_teardown_taskflow.py for tasks to queue
[2026-08-12T05:20:25.156+0000] {logging_mixin.py:190} INFO - [2026-08-12T05:20:25.155+0000] {dagbag.py:587} INFO - Filling up the DagBag from /home/airflow/.local/lib/python3.12/site-packages/airflow/example_dags/example_setup_teardown_taskflow.py
[2026-08-12T05:20:25.236+0000] {processor.py:925} INFO - DAG(s) 'example_setup_teardown_taskflow' retrieved from /home/airflow/.local/lib/python3.12/site-packages/airflow/example_dags/example_setup_teardown_taskflow.py
[2026-08-12T05:20:25.356+0000] {logging_mixin.py:190} INFO - [2026-08-12T05:20:25.355+0000] {dag.py:3211} INFO - Sync 1 DAGs
[2026-08-12T05:20:25.575+0000] {logging_mixin.py:190} INFO - [2026-08-12T05:20:25.575+0000] {dag.py:4138} INFO - Setting next_dagrun for example_setup_teardown_taskflow to 2026-08-11 00:00:00+00:00, run_after=2026-08-12 00:00:00+00:00
[2026-08-12T05:20:25.648+0000] {processor.py:208} INFO - Processing /home/airflow/.local/lib/python3.12/site-packages/airflow/example_dags/example_setup_teardown_taskflow.py took 0.555 seconds
[2026-08-12T05:20:55.794+0000] {processor.py:186} INFO - Started process (PID=5971) to work on /home/airflow/.local/lib/python3.12/site-packages/airflow/example_dags/example_setup_teardown_taskflow.py
[2026-08-12T05:20:55.796+0000] {processor.py:914} INFO - Processing file /home/airflow/.local/lib/python3.12/site-packages/airflow/example_dags/example_setup_teardown_taskflow.py for tasks to queue
[2026-08-12T05:20:55.802+0000] {logging_mixin.py:190} INFO - [2026-08-12T05:20:55.802+0000] {dagbag.py:587} INFO - Filling up the DagBag from /home/airflow/.local/lib/python3.12/site-packages/airflow/example_dags/example_setup_teardown_taskflow.py
[2026-08-12T05:20:55.828+0000] {processor.py:925} INFO - DAG(s) 'example_setup_teardown_taskflow' retrieved from /home/airflow/.local/lib/python3.12/site-packages/airflow/example_dags/example_setup_teardown_taskflow.py
[2026-08-12T05:20:55.876+0000] {logging_mixin.py:190} INFO - [2026-08-12T05:20:55.875+0000] {dag.py:3211} INFO - Sync 1 DAGs
[2026-08-12T05:20:55.930+0000] {logging_mixin.py:190} INFO - [2026-08-12T05:20:55.930+0000] {dag.py:4138} INFO - Setting next_dagrun for example_setup_teardown_taskflow to 2026-08-11 00:00:00+00:00, run_after=2026-08-12 00:00:00+00:00
[2026-08-12T05:20:55.975+0000] {processor.py:208} INFO - Processing /home/airflow/.local/lib/python3.12/site-packages/airflow/example_dags/example_setup_teardown_taskflow.py took 0.195 seconds
[2026-08-12T05:21:26.462+0000] {processor.py:186} INFO - Started process (PID=6034) to work on /home/airflow/.local/lib/python3.12/site-packages/airflow/example_dags/example_setup_teardown_taskflow.py
[2026-08-12T05:21:26.464+0000] {processor.py:914} INFO - Processing file /home/airflow/.local/lib/python3.12/site-packages/airflow/example_dags/example_setup_teardown_taskflow.py for tasks to queue
[2026-08-12T05:21:26.467+0000] {logging_mixin.py:190} INFO - [2026-08-12T05:21:26.467+0000] {dagbag.py:587} INFO - Filling up the DagBag from /home/airflow/.local/lib/python3.12/site-packages/airflow/example_dags/example_setup_teardown_taskflow.py
[2026-08-12T05:21:26.479+0000] {processor.py:925} INFO - DAG(s) 'example_setup_teardown_taskflow' retrieved from /home/airflow/.local/lib/python3.12/site-packages/airflow/example_dags/example_setup_teardown_taskflow.py
[2026-08-12T05:21:26.505+0000] {logging_mixin.py:190} INFO - [2026-08-12T05:21:26.505+0000] {dag.py:3211} INFO - Sync 1 DAGs
[2026-08-12T05:21:26.530+0000] {logging_mixin.py:190} INFO - [2026-08-12T05:21:26.530+0000] {dag.py:4138} INFO - Setting next_dagrun for example_setup_teardown_taskflow to 2026-08-11 00:00:00+00:00, run_after=2026-08-12 00:00:00+00:00
[2026-08-12T05:21:26.553+0000] {processor.py:208} INFO - Processing /home/airflow/.local/lib/python3.12/site-packages/airflow/example_dags/example_setup_teardown_taskflow.py took 0.097 seconds
[2026-08-12T05:21:56.936+0000] {processor.py:186} INFO - Started process (PID=6100) to work on /home/airflow/.local/lib/python3.12/site-packages/airflow/example_dags/example_setup_teardown_taskflow.py
[2026-08-12T05:21:56.938+0000] {processor.py:914} INFO - Processing file /home/airflow/.local/lib/python3.12/site-packages/airflow/example_dags/example_setup_teardown_taskflow.py for tasks to queue
[2026-08-12T05:21:56.940+0000] {logging_mixin.py:190} INFO - [2026-08-12T05:21:56.940+0000] {dagbag.py:587} INFO - Filling up the DagBag from /home/airflow/.local/lib/python3.12/site-packages/airflow/example_dags/example_setup_teardown_taskflow.py
[2026-08-12T05:21:56.952+0000] {processor.py:925} INFO - DAG(s) 'example_setup_teardown_taskflow' retrieved from /home/airflow/.local/lib/python3.12/site-packages/airflow/example_dags/example_setup_teardown_taskflow.py
[2026-08-12T05:21:56.981+0000] {logging_mixin.py:190} INFO - [2026-08-12T05:21:56.980+0000] {dag.py:3211} INFO - Sync 1 DAGs
[2026-08-12T05:21:57.012+0000] {logging_mixin.py:190} INFO - [2026-08-12T05:21:57.012+0000] {dag.py:4138} INFO - Setting next_dagrun for example_setup_teardown_taskflow to 2026-08-11 00:00:00+00:00, run_after=2026-08-12 00:00:00+00:00
[2026-08-12T05:21:57.036+0000] {processor.py:208} INFO - Processing /home/airflow/.local/lib/python3.12/site-packages/airflow/example_dags/example_setup_teardown_taskflow.py took 0.105 seconds
[2026-08-12T05:22:27.426+0000] {processor.py:186} INFO - Started process (PID=6164) to work on /home/airflow/.local/lib/python3.12/site-packages/airflow/example_dags/example_setup_teardown_taskflow.py
[2026-08-12T05:22:27.427+0000] {processor.py:914} INFO - Processing file /home/airflow/.local/lib/python3.12/site-packages/airflow/example_dags/example_setup_teardown_taskflow.py for tasks to queue
[2026-08-12T05:22:27.430+0000] {logging_mixin.py:190} INFO - [2026-08-12T05:22:27.429+0000] {dagbag.py:587} INFO - Filling up the DagBag from /home/airflow/.local/lib/python3.12/site-packages/airflow/example_dags/example_setup_teardown_taskflow.py
[2026-08-12T05:22:27.442+0000] {processor.py:925} INFO - DAG(s) 'example_setup_teardown_taskflow' retrieved from /home/airflow/.local/lib/python3.12/site-packages/airflow/example_dags/example_setup_teardown_taskflow.py
[2026-08-12T05:22:27.463+0000] {logging_mixin.py:190} INFO - [2026-08-12T05:22:27.463+0000] {dag.py:3211} INFO - Sync 1 DAGs
[2026-08-12T05:22:27.485+0000] {logging_mixin.py:190} INFO - [2026-08-12T05:22:27.485+0000] {dag.py:4138} INFO - Setting next_dagrun for example_setup_teardown_taskflow to 2026-08-11 00:00:00+00:00, run_after=2026-08-12 00:00:00+00:00
[2026-08-12T05:22:27.505+0000] {processor.py:208} INFO - Processing /home/airflow/.local/lib/python3.12/site-packages/airflow/example_dags/example_setup_teardown_taskflow.py took 0.086 seconds
[2026-08-12T05:22:58.071+0000] {processor.py:186} INFO - Started process (PID=6228) to work on /home/airflow/.local/lib/python3.12/site-packages/airflow/example_dags/example_setup_teardown_taskflow.py
[2026-08-12T05:22:58.072+0000] {processor.py:914} INFO - Processing file /home/airflow/.local/lib/python3.12/site-packages/airflow/example_dags/example_setup_teardown_taskflow.py for tasks to queue
[2026-08-12T05:22:58.075+0000] {logging_mixin.py:190} INFO - [2026-08-12T05:22:58.074+0000] {dagbag.py:587} INFO - Filling up the DagBag from /home/airflow/.local/lib/python3.12/site-packages/airflow/example_dags/example_setup_teardown_taskflow.py
[2026-08-12T05:22:58.085+0000] {processor.py:925} INFO - DAG(s) 'example_setup_teardown_taskflow' retrieved from /home/airflow/.local/lib/python3.12/site-packages/airflow/example_dags/example_setup_teardown_taskflow.py
[2026-08-12T05:22:58.106+0000] {logging_mixin.py:190} INFO - [2026-08-12T05:22:58.105+0000] {dag.py:3211} INFO - Sync 1 DAGs
[2026-08-12T05:22:58.131+0000] {logging_mixin.py:190} INFO - [2026-08-12T05:22:58.131+0000] {dag.py:4138} INFO - Setting next_dagrun for example_setup_teardown_taskflow to 2026-08-11 00:00:00+00:00, run_after=2026-08-12 00:00:00+00:00
[2026-08-12T05:22:58.153+0000] {processor.py:208} INFO - Processing /home/airflow/.local/lib/python3.12/site-packages/airflow/example_dags/example_setup_teardown_taskflow.py took 0.088 seconds
[2026-08-12T05:23:28.370+0000] {processor.py:186} INFO - Started process (PID=6292) to work on /home/airflow/.local/lib/python3.12/site-packages/airflow/example_dags/example_setup_teardown_taskflow.py
[2026-08-12T05:23:28.371+0000] {processor.py:914} INFO - Processing file /home/airflow/.local/lib/python3.12/site-packages/airflow/example_dags/example_setup_teardown_taskflow.py for tasks to queue
[2026-08-12T05:23:28.374+0000] {logging_mixin.py:190} INFO - [2026-08-12T05:23:28.374+0000] {dagbag.py:587} INFO - Filling up the DagBag from /home/airflow/.local/lib/python3.12/site-packages/airflow/example_dags/example_setup_teardown_taskflow.py
[2026-08-12T05:23:28.386+0000] {processor.py:925} INFO - DAG(s) 'example_setup_teardown_taskflow' retrieved from /home/airflow/.local/lib/python3.12/site-packages/airflow/example_dags/example_setup_teardown_taskflow.py
[2026-08-12T05:23:28.410+0000] {logging_mixin.py:190} INFO - [2026-08-12T05:23:28.410+0000] {dag.py:3211} INFO - Sync 1 DAGs
[2026-08-12T05:23:28.433+0000] {logging_mixin.py:190} INFO - [2026-08-12T05:23:28.433+0000] {dag.py:4138} INFO - Setting next_dagrun for example_setup_teardown_taskflow to 2026-08-11 00:00:00+00:00, run_after=2026-08-12 00:00:00+00:00
[2026-08-12T05:23:28.455+0000] {processor.py:208} INFO - Processing /home/airflow/.local/lib/python3.12/site-packages/airflow/example_dags/example_setup_teardown_taskflow.py took 0.091 seconds
[2026-08-12T05:23:58.540+0000] {processor.py:186} INFO - Started process (PID=6355) to work on /home/airflow/.local/lib/python3.12/site-packages/airflow/example_dags/example_setup_teardown_taskflow.py
[2026-08-12T05:23:58.541+0000] {processor.py:914} INFO - Processing file /home/airflow/.local/lib/python3.12/site-packages/airflow/example_dags/example_setup_teardown_taskflow.py for tasks to queue
[2026-08-12T05:23:58.544+0000] {logging_mixin.py:190} INFO - [2026-08-12T05:23:58.544+0000] {dagbag.py:587} INFO - Filling up the DagBag from /home/airflow/.local/lib/python3.12/site-packages/airflow/example_dags/example_setup_teardown_taskflow.py
[2026-08-12T05:23:58.555+0000] {processor.py:925} INFO - DAG(s) 'example_setup_teardown_taskflow' retrieved from /home/airflow/.local/lib/python3.12/site-packages/airflow/example_dags/example_setup_teardown_taskflow.py
[2026-08-12T05:23:58.580+0000] {logging_mixin.py:190} INFO - [2026-08-12T05:23:58.580+0000] {dag.py:3211} INFO - Sync 1 DAGs
[2026-08-12T05:23:58.604+0000] {logging_mixin.py:190} INFO - [2026-08-12T05:23:58.604+0000] {dag.py:4138} INFO - Setting next_dagrun for example_setup_teardown_taskflow to 2026-08-11 00:00:00+00:00, run_after=2026-08-12 00:00:00+00:00
[2026-08-12T05:23:58.625+0000] {processor.py:208} INFO - Processing /home/airflow/.local/lib/python3.12/site-packages/airflow/example_dags/example_setup_teardown_taskflow.py took 0.092 seconds
[2026-08-12T05:24:29.192+0000] {processor.py:186} INFO - Started process (PID=6418) to work on /home/airflow/.local/lib/python3.12/site-packages/airflow/example_dags/example_setup_teardown_taskflow.py
[2026-08-12T05:24:29.194+0000] {processor.py:914} INFO - Processing file /home/airflow/.local/lib/python3.12/site-packages/airflow/example_dags/example_setup_teardown_taskflow.py for tasks to queue
[2026-08-12T05:24:29.197+0000] {logging_mixin.py:190} INFO - [2026-08-12T05:24:29.196+0000] {dagbag.py:587} INFO - Filling up the DagBag from /home/airflow/.local/lib/python3.12/site-packages/airflow/example_dags/example_setup_teardown_taskflow.py
[2026-08-12T05:24:29.208+0000] {processor.py:925} INFO - DAG(s) 'example_setup_teardown_taskflow' retrieved from /home/airflow/.local/lib/python3.12/site-packages/airflow/example_dags/example_setup_teardown_taskflow.py
[2026-08-12T05:24:29.229+0000] {logging_mixin.py:190} INFO - [2026-08-12T05:24:29.229+0000] {dag.py:3211} INFO - Sync 1 DAGs
[2026-08-12T05:24:29.251+0000] {logging_mixin.py:190} INFO - [2026-08-12T05:24:29.251+0000] {dag.py:4138} INFO - Setting next_dagrun for example_setup_teardown_taskflow to 2026-08-11 00:00:00+00:00, run_after=2026-08-12 00:00:00+00:00
[2026-08-12T05:24:29.274+0000] {processor.py:208} INFO - Processing /home/airflow/.local/lib/python3.12/site-packages/airflow/example_dags/example_setup_teardown_taskflow.py took 0.089 seconds
[2026-08-12T05:24:59.502+0000] {processor.py:186} INFO - Started process (PID=6482) to work on /home/airflow/.local/lib/python3.12/site-packages/airflow/example_dags/example_setup_teardown_taskflow.py
[2026-08-12T05:24:59.504+0000] {processor.py:914} INFO - Processing file /home/airflow/.local/lib/python3.12/site-packages/airflow/example_dags/example_setup_teardown_taskflow.py for tasks to queue
[2026-08-12T05:24:59.507+0000] {logging_mixin.py:190} INFO - [2026-08-12T05:24:59.507+0000] {dagbag.py:587} INFO - Filling up the DagBag from /home/airflow/.local/lib/python3.12/site-packages/airflow/example_dags/example_setup_teardown_taskflow.py
[2026-08-12T05:24:59.519+0000] {processor.py:925} INFO - DAG(s) 'example_setup_teardown_taskflow' retrieved from /home/airflow/.local/lib/python3.12/site-packages/airflow/example_dags/example_setup_teardown_taskflow.py
[2026-08-12T05:24:59.543+0000] {logging_mixin.py:190} INFO - [2026-08-12T05:24:59.543+0000] {dag.py:3211} INFO - Sync 1 DAGs
[2026-08-12T05:24:59.577+0000] {logging_mixin.py:190} INFO - [2026-08-12T05:24:59.577+0000] {dag.py:4138} INFO - Setting next_dagrun for example_setup_teardown_taskflow to 2026-08-11 00:00:00+00:00, run_after=2026-08-12 00:00:00+00:00
[2026-08-12T05:24:59.601+0000] {processor.py:208} INFO - Processing /home/airflow/.local/lib/python3.12/site-packages/airflow/example_dags/example_setup_teardown_taskflow.py took 0.106 seconds
[2026-08-12T05:25:30.145+0000] {processor.py:186} INFO - Started process (PID=6545) to work on /home/airflow/.local/lib/python3.12/site-packages/airflow/example_dags/example_setup_teardown_taskflow.py
[2026-08-12T05:25:30.147+0000] {processor.py:914} INFO - Processing file /home/airflow/.local/lib/python3.12/site-packages/airflow/example_dags/example_setup_teardown_taskflow.py for tasks to queue
[2026-08-12T05:25:30.150+0000] {logging_mixin.py:190} INFO - [2026-08-12T05:25:30.150+0000] {dagbag.py:587} INFO - Filling up the DagBag from /home/airflow/.local/lib/python3.12/site-packages/airflow/example_dags/example_setup_teardown_taskflow.py
[2026-08-12T05:25:30.164+0000] {processor.py:925} INFO - DAG(s) 'example_setup_teardown_taskflow' retrieved from /home/airflow/.local/lib/python3.12/site-packages/airflow/example_dags/example_setup_teardown_taskflow.py
[2026-08-12T05:25:30.189+0000] {logging_mixin.py:190} INFO - [2026-08-12T05:25:30.189+0000] {dag.py:3211} INFO - Sync 1 DAGs
[2026-08-12T05:25:30.215+0000] {logging_mixin.py:190} INFO - [2026-08-12T05:25:30.214+0000] {dag.py:4138} INFO - Setting next_dagrun for example_setup_teardown_taskflow to 2026-08-11 00:00:00+00:00, run_after=2026-08-12 00:00:00+00:00
[2026-08-12T05:25:30.241+0000] {processor.py:208} INFO - Processing /home/airflow/.local/lib/python3.12/site-packages/airflow/example_dags/example_setup_teardown_taskflow.py took 0.102 seconds
