[2026-08-12T04:30:50.703+0000] {processor.py:186} INFO - Started process (PID=93) to work on /home/airflow/.local/lib/python3.12/site-packages/airflow/example_dags/example_params_trigger_ui.py
[2026-08-12T04:30:50.706+0000] {processor.py:914} INFO - Processing file /home/airflow/.local/lib/python3.12/site-packages/airflow/example_dags/example_params_trigger_ui.py for tasks to queue
[2026-08-12T04:30:50.711+0000] {logging_mixin.py:190} INFO - [2026-08-12T04:30:50.710+0000] {dagbag.py:587} INFO - Filling up the DagBag from /home/airflow/.local/lib/python3.12/site-packages/airflow/example_dags/example_params_trigger_ui.py
[2026-08-12T04:30:50.734+0000] {processor.py:925} INFO - DAG(s) 'example_params_trigger_ui' retrieved from /home/airflow/.local/lib/python3.12/site-packages/airflow/example_dags/example_params_trigger_ui.py
[2026-08-12T04:30:50.921+0000] {logging_mixin.py:190} INFO - [2026-08-12T04:30:50.921+0000] {override.py:1858} INFO - Created Permission View: can edit on DAG:example_params_trigger_ui
[2026-08-12T04:30:50.934+0000] {logging_mixin.py:190} INFO - [2026-08-12T04:30:50.933+0000] {override.py:1858} INFO - Created Permission View: can delete on DAG:example_params_trigger_ui
[2026-08-12T04:30:50.942+0000] {logging_mixin.py:190} INFO - [2026-08-12T04:30:50.942+0000] {override.py:1858} INFO - Created Permission View: can read on DAG:example_params_trigger_ui
[2026-08-12T04:30:50.944+0000] {logging_mixin.py:190} INFO - [2026-08-12T04:30:50.944+0000] {dag.py:3211} INFO - Sync 1 DAGs
[2026-08-12T04:30:50.964+0000] {logging_mixin.py:190} INFO - [2026-08-12T04:30:50.964+0000] {dag.py:3234} INFO - Creating ORM DAG for example_params_trigger_ui
[2026-08-12T04:30:50.966+0000] {logging_mixin.py:190} INFO - [2026-08-12T04:30:50.966+0000] {dag.py:4138} INFO - Setting next_dagrun for example_params_trigger_ui to None, run_after=None
[2026-08-12T04:30:50.993+0000] {processor.py:208} INFO - Processing /home/airflow/.local/lib/python3.12/site-packages/airflow/example_dags/example_params_trigger_ui.py took 0.301 seconds
[2026-08-12T04:31:21.509+0000] {processor.py:186} INFO - Started process (PID=155) to work on /home/airflow/.local/lib/python3.12/site-packages/airflow/example_dags/example_params_trigger_ui.py
[2026-08-12T04:31:21.511+0000] {processor.py:914} INFO - Processing file /home/airflow/.local/lib/python3.12/site-packages/airflow/example_dags/example_params_trigger_ui.py for tasks to queue
[2026-08-12T04:31:21.514+0000] {logging_mixin.py:190} INFO - [2026-08-12T04:31:21.514+0000] {dagbag.py:587} INFO - Filling up the DagBag from /home/airflow/.local/lib/python3.12/site-packages/airflow/example_dags/example_params_trigger_ui.py
[2026-08-12T04:31:21.526+0000] {processor.py:925} INFO - DAG(s) 'example_params_trigger_ui' retrieved from /home/airflow/.local/lib/python3.12/site-packages/airflow/example_dags/example_params_trigger_ui.py
[2026-08-12T04:31:21.567+0000] {logging_mixin.py:190} INFO - [2026-08-12T04:31:21.567+0000] {dag.py:3211} INFO - Sync 1 DAGs
[2026-08-12T04:31:21.583+0000] {logging_mixin.py:190} INFO - [2026-08-12T04:31:21.582+0000] {dag.py:4138} INFO - Setting next_dagrun for example_params_trigger_ui to None, run_after=None
[2026-08-12T04:31:21.600+0000] {processor.py:208} INFO - Processing /home/airflow/.local/lib/python3.12/site-packages/airflow/example_dags/example_params_trigger_ui.py took 0.097 seconds
[2026-08-12T04:31:51.659+0000] {processor.py:186} INFO - Started process (PID=217) to work on /home/airflow/.local/lib/python3.12/site-packages/airflow/example_dags/example_params_trigger_ui.py
[2026-08-12T04:31:51.661+0000] {processor.py:914} INFO - Processing file /home/airflow/.local/lib/python3.12/site-packages/airflow/example_dags/example_params_trigger_ui.py for tasks to queue
[2026-08-12T04:31:51.664+0000] {logging_mixin.py:190} INFO - [2026-08-12T04:31:51.663+0000] {dagbag.py:587} INFO - Filling up the DagBag from /home/airflow/.local/lib/python3.12/site-packages/airflow/example_dags/example_params_trigger_ui.py
[2026-08-12T04:31:51.675+0000] {processor.py:925} INFO - DAG(s) 'example_params_trigger_ui' retrieved from /home/airflow/.local/lib/python3.12/site-packages/airflow/example_dags/example_params_trigger_ui.py
[2026-08-12T04:31:51.722+0000] {logging_mixin.py:190} INFO - [2026-08-12T04:31:51.721+0000] {dag.py:3211} INFO - Sync 1 DAGs
[2026-08-12T04:31:51.737+0000] {logging_mixin.py:190} INFO - [2026-08-12T04:31:51.737+0000] {dag.py:4138} INFO - Setting next_dagrun for example_params_trigger_ui to None, run_after=None
[2026-08-12T04:31:51.760+0000] {processor.py:208} INFO - Processing /home/airflow/.local/lib/python3.12/site-packages/airflow/example_dags/example_params_trigger_ui.py took 0.106 seconds
[2026-08-12T04:33:04.239+0000] {processor.py:186} INFO - Started process (PID=90) to work on /home/airflow/.local/lib/python3.12/site-packages/airflow/example_dags/example_params_trigger_ui.py
[2026-08-12T04:33:04.241+0000] {processor.py:914} INFO - Processing file /home/airflow/.local/lib/python3.12/site-packages/airflow/example_dags/example_params_trigger_ui.py for tasks to queue
[2026-08-12T04:33:04.245+0000] {logging_mixin.py:190} INFO - [2026-08-12T04:33:04.244+0000] {dagbag.py:587} INFO - Filling up the DagBag from /home/airflow/.local/lib/python3.12/site-packages/airflow/example_dags/example_params_trigger_ui.py
[2026-08-12T04:33:04.261+0000] {processor.py:925} INFO - DAG(s) 'example_params_trigger_ui' retrieved from /home/airflow/.local/lib/python3.12/site-packages/airflow/example_dags/example_params_trigger_ui.py
[2026-08-12T04:33:04.327+0000] {logging_mixin.py:190} INFO - [2026-08-12T04:33:04.326+0000] {dag.py:3211} INFO - Sync 1 DAGs
[2026-08-12T04:33:04.354+0000] {logging_mixin.py:190} INFO - [2026-08-12T04:33:04.353+0000] {dag.py:4138} INFO - Setting next_dagrun for example_params_trigger_ui to None, run_after=None
[2026-08-12T04:33:04.384+0000] {processor.py:208} INFO - Processing /home/airflow/.local/lib/python3.12/site-packages/airflow/example_dags/example_params_trigger_ui.py took 0.153 seconds
[2026-08-12T04:33:35.167+0000] {processor.py:186} INFO - Started process (PID=152) to work on /home/airflow/.local/lib/python3.12/site-packages/airflow/example_dags/example_params_trigger_ui.py
[2026-08-12T04:33:35.169+0000] {processor.py:914} INFO - Processing file /home/airflow/.local/lib/python3.12/site-packages/airflow/example_dags/example_params_trigger_ui.py for tasks to queue
[2026-08-12T04:33:35.176+0000] {logging_mixin.py:190} INFO - [2026-08-12T04:33:35.175+0000] {dagbag.py:587} INFO - Filling up the DagBag from /home/airflow/.local/lib/python3.12/site-packages/airflow/example_dags/example_params_trigger_ui.py
[2026-08-12T04:33:35.193+0000] {processor.py:925} INFO - DAG(s) 'example_params_trigger_ui' retrieved from /home/airflow/.local/lib/python3.12/site-packages/airflow/example_dags/example_params_trigger_ui.py
[2026-08-12T04:33:35.248+0000] {logging_mixin.py:190} INFO - [2026-08-12T04:33:35.248+0000] {dag.py:3211} INFO - Sync 1 DAGs
[2026-08-12T04:33:35.273+0000] {logging_mixin.py:190} INFO - [2026-08-12T04:33:35.273+0000] {dag.py:4138} INFO - Setting next_dagrun for example_params_trigger_ui to None, run_after=None
[2026-08-12T04:33:35.295+0000] {processor.py:208} INFO - Processing /home/airflow/.local/lib/python3.12/site-packages/airflow/example_dags/example_params_trigger_ui.py took 0.138 seconds
[2026-08-12T04:34:05.533+0000] {processor.py:186} INFO - Started process (PID=214) to work on /home/airflow/.local/lib/python3.12/site-packages/airflow/example_dags/example_params_trigger_ui.py
[2026-08-12T04:34:05.534+0000] {processor.py:914} INFO - Processing file /home/airflow/.local/lib/python3.12/site-packages/airflow/example_dags/example_params_trigger_ui.py for tasks to queue
[2026-08-12T04:34:05.537+0000] {logging_mixin.py:190} INFO - [2026-08-12T04:34:05.537+0000] {dagbag.py:587} INFO - Filling up the DagBag from /home/airflow/.local/lib/python3.12/site-packages/airflow/example_dags/example_params_trigger_ui.py
[2026-08-12T04:34:05.547+0000] {processor.py:925} INFO - DAG(s) 'example_params_trigger_ui' retrieved from /home/airflow/.local/lib/python3.12/site-packages/airflow/example_dags/example_params_trigger_ui.py
[2026-08-12T04:34:05.587+0000] {logging_mixin.py:190} INFO - [2026-08-12T04:34:05.587+0000] {dag.py:3211} INFO - Sync 1 DAGs
[2026-08-12T04:34:05.600+0000] {logging_mixin.py:190} INFO - [2026-08-12T04:34:05.600+0000] {dag.py:4138} INFO - Setting next_dagrun for example_params_trigger_ui to None, run_after=None
[2026-08-12T04:34:05.625+0000] {processor.py:208} INFO - Processing /home/airflow/.local/lib/python3.12/site-packages/airflow/example_dags/example_params_trigger_ui.py took 0.097 seconds
[2026-08-12T04:34:36.301+0000] {processor.py:186} INFO - Started process (PID=276) to work on /home/airflow/.local/lib/python3.12/site-packages/airflow/example_dags/example_params_trigger_ui.py
[2026-08-12T04:34:36.303+0000] {processor.py:914} INFO - Processing file /home/airflow/.local/lib/python3.12/site-packages/airflow/example_dags/example_params_trigger_ui.py for tasks to queue
[2026-08-12T04:34:36.306+0000] {logging_mixin.py:190} INFO - [2026-08-12T04:34:36.306+0000] {dagbag.py:587} INFO - Filling up the DagBag from /home/airflow/.local/lib/python3.12/site-packages/airflow/example_dags/example_params_trigger_ui.py
[2026-08-12T04:34:36.317+0000] {processor.py:925} INFO - DAG(s) 'example_params_trigger_ui' retrieved from /home/airflow/.local/lib/python3.12/site-packages/airflow/example_dags/example_params_trigger_ui.py
[2026-08-12T04:34:36.361+0000] {logging_mixin.py:190} INFO - [2026-08-12T04:34:36.361+0000] {dag.py:3211} INFO - Sync 1 DAGs
[2026-08-12T04:34:36.377+0000] {logging_mixin.py:190} INFO - [2026-08-12T04:34:36.376+0000] {dag.py:4138} INFO - Setting next_dagrun for example_params_trigger_ui to None, run_after=None
[2026-08-12T04:34:36.397+0000] {processor.py:208} INFO - Processing /home/airflow/.local/lib/python3.12/site-packages/airflow/example_dags/example_params_trigger_ui.py took 0.102 seconds
[2026-08-12T04:35:06.592+0000] {processor.py:186} INFO - Started process (PID=338) to work on /home/airflow/.local/lib/python3.12/site-packages/airflow/example_dags/example_params_trigger_ui.py
[2026-08-12T04:35:06.594+0000] {processor.py:914} INFO - Processing file /home/airflow/.local/lib/python3.12/site-packages/airflow/example_dags/example_params_trigger_ui.py for tasks to queue
[2026-08-12T04:35:06.597+0000] {logging_mixin.py:190} INFO - [2026-08-12T04:35:06.597+0000] {dagbag.py:587} INFO - Filling up the DagBag from /home/airflow/.local/lib/python3.12/site-packages/airflow/example_dags/example_params_trigger_ui.py
[2026-08-12T04:35:06.613+0000] {processor.py:925} INFO - DAG(s) 'example_params_trigger_ui' retrieved from /home/airflow/.local/lib/python3.12/site-packages/airflow/example_dags/example_params_trigger_ui.py
[2026-08-12T04:35:06.662+0000] {logging_mixin.py:190} INFO - [2026-08-12T04:35:06.661+0000] {dag.py:3211} INFO - Sync 1 DAGs
[2026-08-12T04:35:06.679+0000] {logging_mixin.py:190} INFO - [2026-08-12T04:35:06.679+0000] {dag.py:4138} INFO - Setting next_dagrun for example_params_trigger_ui to None, run_after=None
[2026-08-12T04:35:06.700+0000] {processor.py:208} INFO - Processing /home/airflow/.local/lib/python3.12/site-packages/airflow/example_dags/example_params_trigger_ui.py took 0.114 seconds
[2026-08-12T04:35:36.890+0000] {processor.py:186} INFO - Started process (PID=400) to work on /home/airflow/.local/lib/python3.12/site-packages/airflow/example_dags/example_params_trigger_ui.py
[2026-08-12T04:35:36.893+0000] {processor.py:914} INFO - Processing file /home/airflow/.local/lib/python3.12/site-packages/airflow/example_dags/example_params_trigger_ui.py for tasks to queue
[2026-08-12T04:35:36.896+0000] {logging_mixin.py:190} INFO - [2026-08-12T04:35:36.895+0000] {dagbag.py:587} INFO - Filling up the DagBag from /home/airflow/.local/lib/python3.12/site-packages/airflow/example_dags/example_params_trigger_ui.py
[2026-08-12T04:35:36.907+0000] {processor.py:925} INFO - DAG(s) 'example_params_trigger_ui' retrieved from /home/airflow/.local/lib/python3.12/site-packages/airflow/example_dags/example_params_trigger_ui.py
[2026-08-12T04:35:36.956+0000] {logging_mixin.py:190} INFO - [2026-08-12T04:35:36.956+0000] {dag.py:3211} INFO - Sync 1 DAGs
[2026-08-12T04:35:36.974+0000] {logging_mixin.py:190} INFO - [2026-08-12T04:35:36.974+0000] {dag.py:4138} INFO - Setting next_dagrun for example_params_trigger_ui to None, run_after=None
[2026-08-12T04:35:36.998+0000] {processor.py:208} INFO - Processing /home/airflow/.local/lib/python3.12/site-packages/airflow/example_dags/example_params_trigger_ui.py took 0.113 seconds
[2026-08-12T04:36:07.280+0000] {processor.py:186} INFO - Started process (PID=462) to work on /home/airflow/.local/lib/python3.12/site-packages/airflow/example_dags/example_params_trigger_ui.py
[2026-08-12T04:36:07.282+0000] {processor.py:914} INFO - Processing file /home/airflow/.local/lib/python3.12/site-packages/airflow/example_dags/example_params_trigger_ui.py for tasks to queue
[2026-08-12T04:36:07.284+0000] {logging_mixin.py:190} INFO - [2026-08-12T04:36:07.284+0000] {dagbag.py:587} INFO - Filling up the DagBag from /home/airflow/.local/lib/python3.12/site-packages/airflow/example_dags/example_params_trigger_ui.py
[2026-08-12T04:36:07.294+0000] {processor.py:925} INFO - DAG(s) 'example_params_trigger_ui' retrieved from /home/airflow/.local/lib/python3.12/site-packages/airflow/example_dags/example_params_trigger_ui.py
[2026-08-12T04:36:07.332+0000] {logging_mixin.py:190} INFO - [2026-08-12T04:36:07.331+0000] {dag.py:3211} INFO - Sync 1 DAGs
[2026-08-12T04:36:07.346+0000] {logging_mixin.py:190} INFO - [2026-08-12T04:36:07.346+0000] {dag.py:4138} INFO - Setting next_dagrun for example_params_trigger_ui to None, run_after=None
[2026-08-12T04:36:07.365+0000] {processor.py:208} INFO - Processing /home/airflow/.local/lib/python3.12/site-packages/airflow/example_dags/example_params_trigger_ui.py took 0.090 seconds
[2026-08-12T04:36:37.491+0000] {processor.py:186} INFO - Started process (PID=523) to work on /home/airflow/.local/lib/python3.12/site-packages/airflow/example_dags/example_params_trigger_ui.py
[2026-08-12T04:36:37.493+0000] {processor.py:914} INFO - Processing file /home/airflow/.local/lib/python3.12/site-packages/airflow/example_dags/example_params_trigger_ui.py for tasks to queue
[2026-08-12T04:36:37.496+0000] {logging_mixin.py:190} INFO - [2026-08-12T04:36:37.496+0000] {dagbag.py:587} INFO - Filling up the DagBag from /home/airflow/.local/lib/python3.12/site-packages/airflow/example_dags/example_params_trigger_ui.py
[2026-08-12T04:36:37.508+0000] {processor.py:925} INFO - DAG(s) 'example_params_trigger_ui' retrieved from /home/airflow/.local/lib/python3.12/site-packages/airflow/example_dags/example_params_trigger_ui.py
[2026-08-12T04:36:37.554+0000] {logging_mixin.py:190} INFO - [2026-08-12T04:36:37.553+0000] {dag.py:3211} INFO - Sync 1 DAGs
[2026-08-12T04:36:37.569+0000] {logging_mixin.py:190} INFO - [2026-08-12T04:36:37.569+0000] {dag.py:4138} INFO - Setting next_dagrun for example_params_trigger_ui to None, run_after=None
[2026-08-12T04:36:37.591+0000] {processor.py:208} INFO - Processing /home/airflow/.local/lib/python3.12/site-packages/airflow/example_dags/example_params_trigger_ui.py took 0.106 seconds
[2026-08-12T04:37:08.018+0000] {processor.py:186} INFO - Started process (PID=585) to work on /home/airflow/.local/lib/python3.12/site-packages/airflow/example_dags/example_params_trigger_ui.py
[2026-08-12T04:37:08.022+0000] {processor.py:914} INFO - Processing file /home/airflow/.local/lib/python3.12/site-packages/airflow/example_dags/example_params_trigger_ui.py for tasks to queue
[2026-08-12T04:37:08.031+0000] {logging_mixin.py:190} INFO - [2026-08-12T04:37:08.030+0000] {dagbag.py:587} INFO - Filling up the DagBag from /home/airflow/.local/lib/python3.12/site-packages/airflow/example_dags/example_params_trigger_ui.py
[2026-08-12T04:37:08.068+0000] {processor.py:925} INFO - DAG(s) 'example_params_trigger_ui' retrieved from /home/airflow/.local/lib/python3.12/site-packages/airflow/example_dags/example_params_trigger_ui.py
[2026-08-12T04:37:08.152+0000] {logging_mixin.py:190} INFO - [2026-08-12T04:37:08.151+0000] {dag.py:3211} INFO - Sync 1 DAGs
[2026-08-12T04:37:08.172+0000] {logging_mixin.py:190} INFO - [2026-08-12T04:37:08.172+0000] {dag.py:4138} INFO - Setting next_dagrun for example_params_trigger_ui to None, run_after=None
[2026-08-12T04:37:08.194+0000] {processor.py:208} INFO - Processing /home/airflow/.local/lib/python3.12/site-packages/airflow/example_dags/example_params_trigger_ui.py took 0.188 seconds
[2026-08-12T04:37:38.566+0000] {processor.py:186} INFO - Started process (PID=647) to work on /home/airflow/.local/lib/python3.12/site-packages/airflow/example_dags/example_params_trigger_ui.py
[2026-08-12T04:37:38.568+0000] {processor.py:914} INFO - Processing file /home/airflow/.local/lib/python3.12/site-packages/airflow/example_dags/example_params_trigger_ui.py for tasks to queue
[2026-08-12T04:37:38.572+0000] {logging_mixin.py:190} INFO - [2026-08-12T04:37:38.571+0000] {dagbag.py:587} INFO - Filling up the DagBag from /home/airflow/.local/lib/python3.12/site-packages/airflow/example_dags/example_params_trigger_ui.py
[2026-08-12T04:37:38.585+0000] {processor.py:925} INFO - DAG(s) 'example_params_trigger_ui' retrieved from /home/airflow/.local/lib/python3.12/site-packages/airflow/example_dags/example_params_trigger_ui.py
[2026-08-12T04:37:38.629+0000] {logging_mixin.py:190} INFO - [2026-08-12T04:37:38.629+0000] {dag.py:3211} INFO - Sync 1 DAGs
[2026-08-12T04:37:38.645+0000] {logging_mixin.py:190} INFO - [2026-08-12T04:37:38.645+0000] {dag.py:4138} INFO - Setting next_dagrun for example_params_trigger_ui to None, run_after=None
[2026-08-12T04:37:38.670+0000] {processor.py:208} INFO - Processing /home/airflow/.local/lib/python3.12/site-packages/airflow/example_dags/example_params_trigger_ui.py took 0.109 seconds
[2026-08-12T04:38:09.129+0000] {processor.py:186} INFO - Started process (PID=709) to work on /home/airflow/.local/lib/python3.12/site-packages/airflow/example_dags/example_params_trigger_ui.py
[2026-08-12T04:38:09.131+0000] {processor.py:914} INFO - Processing file /home/airflow/.local/lib/python3.12/site-packages/airflow/example_dags/example_params_trigger_ui.py for tasks to queue
[2026-08-12T04:38:09.134+0000] {logging_mixin.py:190} INFO - [2026-08-12T04:38:09.134+0000] {dagbag.py:587} INFO - Filling up the DagBag from /home/airflow/.local/lib/python3.12/site-packages/airflow/example_dags/example_params_trigger_ui.py
[2026-08-12T04:38:09.147+0000] {processor.py:925} INFO - DAG(s) 'example_params_trigger_ui' retrieved from /home/airflow/.local/lib/python3.12/site-packages/airflow/example_dags/example_params_trigger_ui.py
[2026-08-12T04:38:09.188+0000] {logging_mixin.py:190} INFO - [2026-08-12T04:38:09.187+0000] {dag.py:3211} INFO - Sync 1 DAGs
[2026-08-12T04:38:09.208+0000] {logging_mixin.py:190} INFO - [2026-08-12T04:38:09.207+0000] {dag.py:4138} INFO - Setting next_dagrun for example_params_trigger_ui to None, run_after=None
[2026-08-12T04:38:09.234+0000] {processor.py:208} INFO - Processing /home/airflow/.local/lib/python3.12/site-packages/airflow/example_dags/example_params_trigger_ui.py took 0.111 seconds
[2026-08-12T04:38:39.508+0000] {processor.py:186} INFO - Started process (PID=771) to work on /home/airflow/.local/lib/python3.12/site-packages/airflow/example_dags/example_params_trigger_ui.py
[2026-08-12T04:38:39.510+0000] {processor.py:914} INFO - Processing file /home/airflow/.local/lib/python3.12/site-packages/airflow/example_dags/example_params_trigger_ui.py for tasks to queue
[2026-08-12T04:38:39.513+0000] {logging_mixin.py:190} INFO - [2026-08-12T04:38:39.513+0000] {dagbag.py:587} INFO - Filling up the DagBag from /home/airflow/.local/lib/python3.12/site-packages/airflow/example_dags/example_params_trigger_ui.py
[2026-08-12T04:38:39.525+0000] {processor.py:925} INFO - DAG(s) 'example_params_trigger_ui' retrieved from /home/airflow/.local/lib/python3.12/site-packages/airflow/example_dags/example_params_trigger_ui.py
[2026-08-12T04:38:39.578+0000] {logging_mixin.py:190} INFO - [2026-08-12T04:38:39.578+0000] {dag.py:3211} INFO - Sync 1 DAGs
[2026-08-12T04:38:39.593+0000] {logging_mixin.py:190} INFO - [2026-08-12T04:38:39.593+0000] {dag.py:4138} INFO - Setting next_dagrun for example_params_trigger_ui to None, run_after=None
[2026-08-12T04:38:39.613+0000] {processor.py:208} INFO - Processing /home/airflow/.local/lib/python3.12/site-packages/airflow/example_dags/example_params_trigger_ui.py took 0.110 seconds
[2026-08-12T04:39:09.951+0000] {processor.py:186} INFO - Started process (PID=833) to work on /home/airflow/.local/lib/python3.12/site-packages/airflow/example_dags/example_params_trigger_ui.py
[2026-08-12T04:39:09.954+0000] {processor.py:914} INFO - Processing file /home/airflow/.local/lib/python3.12/site-packages/airflow/example_dags/example_params_trigger_ui.py for tasks to queue
[2026-08-12T04:39:09.958+0000] {logging_mixin.py:190} INFO - [2026-08-12T04:39:09.957+0000] {dagbag.py:587} INFO - Filling up the DagBag from /home/airflow/.local/lib/python3.12/site-packages/airflow/example_dags/example_params_trigger_ui.py
[2026-08-12T04:39:09.969+0000] {processor.py:925} INFO - DAG(s) 'example_params_trigger_ui' retrieved from /home/airflow/.local/lib/python3.12/site-packages/airflow/example_dags/example_params_trigger_ui.py
[2026-08-12T04:39:10.018+0000] {logging_mixin.py:190} INFO - [2026-08-12T04:39:10.018+0000] {dag.py:3211} INFO - Sync 1 DAGs
[2026-08-12T04:39:10.032+0000] {logging_mixin.py:190} INFO - [2026-08-12T04:39:10.031+0000] {dag.py:4138} INFO - Setting next_dagrun for example_params_trigger_ui to None, run_after=None
[2026-08-12T04:39:10.052+0000] {processor.py:208} INFO - Processing /home/airflow/.local/lib/python3.12/site-packages/airflow/example_dags/example_params_trigger_ui.py took 0.108 seconds
[2026-08-12T04:39:41.010+0000] {processor.py:186} INFO - Started process (PID=896) to work on /home/airflow/.local/lib/python3.12/site-packages/airflow/example_dags/example_params_trigger_ui.py
[2026-08-12T04:39:41.011+0000] {processor.py:914} INFO - Processing file /home/airflow/.local/lib/python3.12/site-packages/airflow/example_dags/example_params_trigger_ui.py for tasks to queue
[2026-08-12T04:39:41.015+0000] {logging_mixin.py:190} INFO - [2026-08-12T04:39:41.014+0000] {dagbag.py:587} INFO - Filling up the DagBag from /home/airflow/.local/lib/python3.12/site-packages/airflow/example_dags/example_params_trigger_ui.py
[2026-08-12T04:39:41.025+0000] {processor.py:925} INFO - DAG(s) 'example_params_trigger_ui' retrieved from /home/airflow/.local/lib/python3.12/site-packages/airflow/example_dags/example_params_trigger_ui.py
[2026-08-12T04:39:41.067+0000] {logging_mixin.py:190} INFO - [2026-08-12T04:39:41.067+0000] {dag.py:3211} INFO - Sync 1 DAGs
[2026-08-12T04:39:41.080+0000] {logging_mixin.py:190} INFO - [2026-08-12T04:39:41.080+0000] {dag.py:4138} INFO - Setting next_dagrun for example_params_trigger_ui to None, run_after=None
[2026-08-12T04:39:41.101+0000] {processor.py:208} INFO - Processing /home/airflow/.local/lib/python3.12/site-packages/airflow/example_dags/example_params_trigger_ui.py took 0.097 seconds
[2026-08-12T04:40:11.560+0000] {processor.py:186} INFO - Started process (PID=958) to work on /home/airflow/.local/lib/python3.12/site-packages/airflow/example_dags/example_params_trigger_ui.py
[2026-08-12T04:40:11.561+0000] {processor.py:914} INFO - Processing file /home/airflow/.local/lib/python3.12/site-packages/airflow/example_dags/example_params_trigger_ui.py for tasks to queue
[2026-08-12T04:40:11.564+0000] {logging_mixin.py:190} INFO - [2026-08-12T04:40:11.563+0000] {dagbag.py:587} INFO - Filling up the DagBag from /home/airflow/.local/lib/python3.12/site-packages/airflow/example_dags/example_params_trigger_ui.py
[2026-08-12T04:40:11.573+0000] {processor.py:925} INFO - DAG(s) 'example_params_trigger_ui' retrieved from /home/airflow/.local/lib/python3.12/site-packages/airflow/example_dags/example_params_trigger_ui.py
[2026-08-12T04:40:11.608+0000] {logging_mixin.py:190} INFO - [2026-08-12T04:40:11.607+0000] {dag.py:3211} INFO - Sync 1 DAGs
[2026-08-12T04:40:11.620+0000] {logging_mixin.py:190} INFO - [2026-08-12T04:40:11.620+0000] {dag.py:4138} INFO - Setting next_dagrun for example_params_trigger_ui to None, run_after=None
[2026-08-12T04:40:11.637+0000] {processor.py:208} INFO - Processing /home/airflow/.local/lib/python3.12/site-packages/airflow/example_dags/example_params_trigger_ui.py took 0.083 seconds
[2026-08-12T04:40:42.090+0000] {processor.py:186} INFO - Started process (PID=1020) to work on /home/airflow/.local/lib/python3.12/site-packages/airflow/example_dags/example_params_trigger_ui.py
[2026-08-12T04:40:42.092+0000] {processor.py:914} INFO - Processing file /home/airflow/.local/lib/python3.12/site-packages/airflow/example_dags/example_params_trigger_ui.py for tasks to queue
[2026-08-12T04:40:42.095+0000] {logging_mixin.py:190} INFO - [2026-08-12T04:40:42.095+0000] {dagbag.py:587} INFO - Filling up the DagBag from /home/airflow/.local/lib/python3.12/site-packages/airflow/example_dags/example_params_trigger_ui.py
[2026-08-12T04:40:42.109+0000] {processor.py:925} INFO - DAG(s) 'example_params_trigger_ui' retrieved from /home/airflow/.local/lib/python3.12/site-packages/airflow/example_dags/example_params_trigger_ui.py
[2026-08-12T04:40:42.161+0000] {logging_mixin.py:190} INFO - [2026-08-12T04:40:42.160+0000] {dag.py:3211} INFO - Sync 1 DAGs
[2026-08-12T04:40:42.175+0000] {logging_mixin.py:190} INFO - [2026-08-12T04:40:42.175+0000] {dag.py:4138} INFO - Setting next_dagrun for example_params_trigger_ui to None, run_after=None
[2026-08-12T04:40:42.200+0000] {processor.py:208} INFO - Processing /home/airflow/.local/lib/python3.12/site-packages/airflow/example_dags/example_params_trigger_ui.py took 0.116 seconds
[2026-08-12T04:41:12.320+0000] {processor.py:186} INFO - Started process (PID=1082) to work on /home/airflow/.local/lib/python3.12/site-packages/airflow/example_dags/example_params_trigger_ui.py
[2026-08-12T04:41:12.322+0000] {processor.py:914} INFO - Processing file /home/airflow/.local/lib/python3.12/site-packages/airflow/example_dags/example_params_trigger_ui.py for tasks to queue
[2026-08-12T04:41:12.326+0000] {logging_mixin.py:190} INFO - [2026-08-12T04:41:12.326+0000] {dagbag.py:587} INFO - Filling up the DagBag from /home/airflow/.local/lib/python3.12/site-packages/airflow/example_dags/example_params_trigger_ui.py
[2026-08-12T04:41:12.339+0000] {processor.py:925} INFO - DAG(s) 'example_params_trigger_ui' retrieved from /home/airflow/.local/lib/python3.12/site-packages/airflow/example_dags/example_params_trigger_ui.py
[2026-08-12T04:41:12.379+0000] {logging_mixin.py:190} INFO - [2026-08-12T04:41:12.379+0000] {dag.py:3211} INFO - Sync 1 DAGs
[2026-08-12T04:41:12.396+0000] {logging_mixin.py:190} INFO - [2026-08-12T04:41:12.396+0000] {dag.py:4138} INFO - Setting next_dagrun for example_params_trigger_ui to None, run_after=None
[2026-08-12T04:41:12.417+0000] {processor.py:208} INFO - Processing /home/airflow/.local/lib/python3.12/site-packages/airflow/example_dags/example_params_trigger_ui.py took 0.104 seconds
[2026-08-12T04:41:43.113+0000] {processor.py:186} INFO - Started process (PID=1144) to work on /home/airflow/.local/lib/python3.12/site-packages/airflow/example_dags/example_params_trigger_ui.py
[2026-08-12T04:41:43.114+0000] {processor.py:914} INFO - Processing file /home/airflow/.local/lib/python3.12/site-packages/airflow/example_dags/example_params_trigger_ui.py for tasks to queue
[2026-08-12T04:41:43.118+0000] {logging_mixin.py:190} INFO - [2026-08-12T04:41:43.117+0000] {dagbag.py:587} INFO - Filling up the DagBag from /home/airflow/.local/lib/python3.12/site-packages/airflow/example_dags/example_params_trigger_ui.py
[2026-08-12T04:41:43.135+0000] {processor.py:925} INFO - DAG(s) 'example_params_trigger_ui' retrieved from /home/airflow/.local/lib/python3.12/site-packages/airflow/example_dags/example_params_trigger_ui.py
[2026-08-12T04:41:43.202+0000] {logging_mixin.py:190} INFO - [2026-08-12T04:41:43.201+0000] {dag.py:3211} INFO - Sync 1 DAGs
[2026-08-12T04:41:43.222+0000] {logging_mixin.py:190} INFO - [2026-08-12T04:41:43.222+0000] {dag.py:4138} INFO - Setting next_dagrun for example_params_trigger_ui to None, run_after=None
[2026-08-12T04:41:43.250+0000] {processor.py:208} INFO - Processing /home/airflow/.local/lib/python3.12/site-packages/airflow/example_dags/example_params_trigger_ui.py took 0.144 seconds
[2026-08-12T04:42:13.579+0000] {processor.py:186} INFO - Started process (PID=1206) to work on /home/airflow/.local/lib/python3.12/site-packages/airflow/example_dags/example_params_trigger_ui.py
[2026-08-12T04:42:13.581+0000] {processor.py:914} INFO - Processing file /home/airflow/.local/lib/python3.12/site-packages/airflow/example_dags/example_params_trigger_ui.py for tasks to queue
[2026-08-12T04:42:13.583+0000] {logging_mixin.py:190} INFO - [2026-08-12T04:42:13.583+0000] {dagbag.py:587} INFO - Filling up the DagBag from /home/airflow/.local/lib/python3.12/site-packages/airflow/example_dags/example_params_trigger_ui.py
[2026-08-12T04:42:13.594+0000] {processor.py:925} INFO - DAG(s) 'example_params_trigger_ui' retrieved from /home/airflow/.local/lib/python3.12/site-packages/airflow/example_dags/example_params_trigger_ui.py
[2026-08-12T04:42:13.627+0000] {logging_mixin.py:190} INFO - [2026-08-12T04:42:13.627+0000] {dag.py:3211} INFO - Sync 1 DAGs
[2026-08-12T04:42:13.639+0000] {logging_mixin.py:190} INFO - [2026-08-12T04:42:13.639+0000] {dag.py:4138} INFO - Setting next_dagrun for example_params_trigger_ui to None, run_after=None
[2026-08-12T04:42:13.657+0000] {processor.py:208} INFO - Processing /home/airflow/.local/lib/python3.12/site-packages/airflow/example_dags/example_params_trigger_ui.py took 0.083 seconds
[2026-08-12T04:42:43.953+0000] {processor.py:186} INFO - Started process (PID=1268) to work on /home/airflow/.local/lib/python3.12/site-packages/airflow/example_dags/example_params_trigger_ui.py
[2026-08-12T04:42:43.955+0000] {processor.py:914} INFO - Processing file /home/airflow/.local/lib/python3.12/site-packages/airflow/example_dags/example_params_trigger_ui.py for tasks to queue
[2026-08-12T04:42:43.959+0000] {logging_mixin.py:190} INFO - [2026-08-12T04:42:43.959+0000] {dagbag.py:587} INFO - Filling up the DagBag from /home/airflow/.local/lib/python3.12/site-packages/airflow/example_dags/example_params_trigger_ui.py
[2026-08-12T04:42:43.972+0000] {processor.py:925} INFO - DAG(s) 'example_params_trigger_ui' retrieved from /home/airflow/.local/lib/python3.12/site-packages/airflow/example_dags/example_params_trigger_ui.py
[2026-08-12T04:42:44.028+0000] {logging_mixin.py:190} INFO - [2026-08-12T04:42:44.027+0000] {dag.py:3211} INFO - Sync 1 DAGs
[2026-08-12T04:42:44.043+0000] {logging_mixin.py:190} INFO - [2026-08-12T04:42:44.043+0000] {dag.py:4138} INFO - Setting next_dagrun for example_params_trigger_ui to None, run_after=None
[2026-08-12T04:42:44.065+0000] {processor.py:208} INFO - Processing /home/airflow/.local/lib/python3.12/site-packages/airflow/example_dags/example_params_trigger_ui.py took 0.118 seconds
[2026-08-12T04:43:14.309+0000] {processor.py:186} INFO - Started process (PID=1330) to work on /home/airflow/.local/lib/python3.12/site-packages/airflow/example_dags/example_params_trigger_ui.py
[2026-08-12T04:43:14.311+0000] {processor.py:914} INFO - Processing file /home/airflow/.local/lib/python3.12/site-packages/airflow/example_dags/example_params_trigger_ui.py for tasks to queue
[2026-08-12T04:43:14.314+0000] {logging_mixin.py:190} INFO - [2026-08-12T04:43:14.314+0000] {dagbag.py:587} INFO - Filling up the DagBag from /home/airflow/.local/lib/python3.12/site-packages/airflow/example_dags/example_params_trigger_ui.py
[2026-08-12T04:43:14.326+0000] {processor.py:925} INFO - DAG(s) 'example_params_trigger_ui' retrieved from /home/airflow/.local/lib/python3.12/site-packages/airflow/example_dags/example_params_trigger_ui.py
[2026-08-12T04:43:14.371+0000] {logging_mixin.py:190} INFO - [2026-08-12T04:43:14.370+0000] {dag.py:3211} INFO - Sync 1 DAGs
[2026-08-12T04:43:14.385+0000] {logging_mixin.py:190} INFO - [2026-08-12T04:43:14.385+0000] {dag.py:4138} INFO - Setting next_dagrun for example_params_trigger_ui to None, run_after=None
[2026-08-12T04:43:14.405+0000] {processor.py:208} INFO - Processing /home/airflow/.local/lib/python3.12/site-packages/airflow/example_dags/example_params_trigger_ui.py took 0.102 seconds
[2026-08-12T04:43:44.747+0000] {processor.py:186} INFO - Started process (PID=1392) to work on /home/airflow/.local/lib/python3.12/site-packages/airflow/example_dags/example_params_trigger_ui.py
[2026-08-12T04:43:44.748+0000] {processor.py:914} INFO - Processing file /home/airflow/.local/lib/python3.12/site-packages/airflow/example_dags/example_params_trigger_ui.py for tasks to queue
[2026-08-12T04:43:44.752+0000] {logging_mixin.py:190} INFO - [2026-08-12T04:43:44.751+0000] {dagbag.py:587} INFO - Filling up the DagBag from /home/airflow/.local/lib/python3.12/site-packages/airflow/example_dags/example_params_trigger_ui.py
[2026-08-12T04:43:44.768+0000] {processor.py:925} INFO - DAG(s) 'example_params_trigger_ui' retrieved from /home/airflow/.local/lib/python3.12/site-packages/airflow/example_dags/example_params_trigger_ui.py
[2026-08-12T04:43:44.828+0000] {logging_mixin.py:190} INFO - [2026-08-12T04:43:44.827+0000] {dag.py:3211} INFO - Sync 1 DAGs
[2026-08-12T04:43:44.848+0000] {logging_mixin.py:190} INFO - [2026-08-12T04:43:44.848+0000] {dag.py:4138} INFO - Setting next_dagrun for example_params_trigger_ui to None, run_after=None
[2026-08-12T04:43:44.875+0000] {processor.py:208} INFO - Processing /home/airflow/.local/lib/python3.12/site-packages/airflow/example_dags/example_params_trigger_ui.py took 0.135 seconds
[2026-08-12T04:44:15.485+0000] {processor.py:186} INFO - Started process (PID=1454) to work on /home/airflow/.local/lib/python3.12/site-packages/airflow/example_dags/example_params_trigger_ui.py
[2026-08-12T04:44:15.490+0000] {processor.py:914} INFO - Processing file /home/airflow/.local/lib/python3.12/site-packages/airflow/example_dags/example_params_trigger_ui.py for tasks to queue
[2026-08-12T04:44:15.493+0000] {logging_mixin.py:190} INFO - [2026-08-12T04:44:15.493+0000] {dagbag.py:587} INFO - Filling up the DagBag from /home/airflow/.local/lib/python3.12/site-packages/airflow/example_dags/example_params_trigger_ui.py
[2026-08-12T04:44:15.506+0000] {processor.py:925} INFO - DAG(s) 'example_params_trigger_ui' retrieved from /home/airflow/.local/lib/python3.12/site-packages/airflow/example_dags/example_params_trigger_ui.py
[2026-08-12T04:44:15.551+0000] {logging_mixin.py:190} INFO - [2026-08-12T04:44:15.551+0000] {dag.py:3211} INFO - Sync 1 DAGs
[2026-08-12T04:44:15.571+0000] {logging_mixin.py:190} INFO - [2026-08-12T04:44:15.571+0000] {dag.py:4138} INFO - Setting next_dagrun for example_params_trigger_ui to None, run_after=None
[2026-08-12T04:44:15.596+0000] {processor.py:208} INFO - Processing /home/airflow/.local/lib/python3.12/site-packages/airflow/example_dags/example_params_trigger_ui.py took 0.118 seconds
[2026-08-12T04:44:45.882+0000] {processor.py:186} INFO - Started process (PID=1517) to work on /home/airflow/.local/lib/python3.12/site-packages/airflow/example_dags/example_params_trigger_ui.py
[2026-08-12T04:44:45.884+0000] {processor.py:914} INFO - Processing file /home/airflow/.local/lib/python3.12/site-packages/airflow/example_dags/example_params_trigger_ui.py for tasks to queue
[2026-08-12T04:44:45.888+0000] {logging_mixin.py:190} INFO - [2026-08-12T04:44:45.888+0000] {dagbag.py:587} INFO - Filling up the DagBag from /home/airflow/.local/lib/python3.12/site-packages/airflow/example_dags/example_params_trigger_ui.py
[2026-08-12T04:44:45.903+0000] {processor.py:925} INFO - DAG(s) 'example_params_trigger_ui' retrieved from /home/airflow/.local/lib/python3.12/site-packages/airflow/example_dags/example_params_trigger_ui.py
[2026-08-12T04:44:45.947+0000] {logging_mixin.py:190} INFO - [2026-08-12T04:44:45.947+0000] {dag.py:3211} INFO - Sync 1 DAGs
[2026-08-12T04:44:45.961+0000] {logging_mixin.py:190} INFO - [2026-08-12T04:44:45.960+0000] {dag.py:4138} INFO - Setting next_dagrun for example_params_trigger_ui to None, run_after=None
[2026-08-12T04:44:45.981+0000] {processor.py:208} INFO - Processing /home/airflow/.local/lib/python3.12/site-packages/airflow/example_dags/example_params_trigger_ui.py took 0.106 seconds
[2026-08-12T04:45:16.330+0000] {processor.py:186} INFO - Started process (PID=1579) to work on /home/airflow/.local/lib/python3.12/site-packages/airflow/example_dags/example_params_trigger_ui.py
[2026-08-12T04:45:16.332+0000] {processor.py:914} INFO - Processing file /home/airflow/.local/lib/python3.12/site-packages/airflow/example_dags/example_params_trigger_ui.py for tasks to queue
[2026-08-12T04:45:16.335+0000] {logging_mixin.py:190} INFO - [2026-08-12T04:45:16.334+0000] {dagbag.py:587} INFO - Filling up the DagBag from /home/airflow/.local/lib/python3.12/site-packages/airflow/example_dags/example_params_trigger_ui.py
[2026-08-12T04:45:16.348+0000] {processor.py:925} INFO - DAG(s) 'example_params_trigger_ui' retrieved from /home/airflow/.local/lib/python3.12/site-packages/airflow/example_dags/example_params_trigger_ui.py
[2026-08-12T04:45:16.384+0000] {logging_mixin.py:190} INFO - [2026-08-12T04:45:16.383+0000] {dag.py:3211} INFO - Sync 1 DAGs
[2026-08-12T04:45:16.398+0000] {logging_mixin.py:190} INFO - [2026-08-12T04:45:16.398+0000] {dag.py:4138} INFO - Setting next_dagrun for example_params_trigger_ui to None, run_after=None
[2026-08-12T04:45:16.419+0000] {processor.py:208} INFO - Processing /home/airflow/.local/lib/python3.12/site-packages/airflow/example_dags/example_params_trigger_ui.py took 0.096 seconds
[2026-08-12T04:45:47.011+0000] {processor.py:186} INFO - Started process (PID=1641) to work on /home/airflow/.local/lib/python3.12/site-packages/airflow/example_dags/example_params_trigger_ui.py
[2026-08-12T04:45:47.013+0000] {processor.py:914} INFO - Processing file /home/airflow/.local/lib/python3.12/site-packages/airflow/example_dags/example_params_trigger_ui.py for tasks to queue
[2026-08-12T04:45:47.017+0000] {logging_mixin.py:190} INFO - [2026-08-12T04:45:47.016+0000] {dagbag.py:587} INFO - Filling up the DagBag from /home/airflow/.local/lib/python3.12/site-packages/airflow/example_dags/example_params_trigger_ui.py
[2026-08-12T04:45:47.030+0000] {processor.py:925} INFO - DAG(s) 'example_params_trigger_ui' retrieved from /home/airflow/.local/lib/python3.12/site-packages/airflow/example_dags/example_params_trigger_ui.py
[2026-08-12T04:45:47.075+0000] {logging_mixin.py:190} INFO - [2026-08-12T04:45:47.075+0000] {dag.py:3211} INFO - Sync 1 DAGs
[2026-08-12T04:45:47.096+0000] {logging_mixin.py:190} INFO - [2026-08-12T04:45:47.095+0000] {dag.py:4138} INFO - Setting next_dagrun for example_params_trigger_ui to None, run_after=None
[2026-08-12T04:45:47.122+0000] {processor.py:208} INFO - Processing /home/airflow/.local/lib/python3.12/site-packages/airflow/example_dags/example_params_trigger_ui.py took 0.118 seconds
[2026-08-12T04:46:17.587+0000] {processor.py:186} INFO - Started process (PID=1703) to work on /home/airflow/.local/lib/python3.12/site-packages/airflow/example_dags/example_params_trigger_ui.py
[2026-08-12T04:46:17.589+0000] {processor.py:914} INFO - Processing file /home/airflow/.local/lib/python3.12/site-packages/airflow/example_dags/example_params_trigger_ui.py for tasks to queue
[2026-08-12T04:46:17.593+0000] {logging_mixin.py:190} INFO - [2026-08-12T04:46:17.592+0000] {dagbag.py:587} INFO - Filling up the DagBag from /home/airflow/.local/lib/python3.12/site-packages/airflow/example_dags/example_params_trigger_ui.py
[2026-08-12T04:46:17.605+0000] {processor.py:925} INFO - DAG(s) 'example_params_trigger_ui' retrieved from /home/airflow/.local/lib/python3.12/site-packages/airflow/example_dags/example_params_trigger_ui.py
[2026-08-12T04:46:17.647+0000] {logging_mixin.py:190} INFO - [2026-08-12T04:46:17.646+0000] {dag.py:3211} INFO - Sync 1 DAGs
[2026-08-12T04:46:17.660+0000] {logging_mixin.py:190} INFO - [2026-08-12T04:46:17.660+0000] {dag.py:4138} INFO - Setting next_dagrun for example_params_trigger_ui to None, run_after=None
[2026-08-12T04:46:17.685+0000] {processor.py:208} INFO - Processing /home/airflow/.local/lib/python3.12/site-packages/airflow/example_dags/example_params_trigger_ui.py took 0.103 seconds
[2026-08-12T04:46:48.153+0000] {processor.py:186} INFO - Started process (PID=1765) to work on /home/airflow/.local/lib/python3.12/site-packages/airflow/example_dags/example_params_trigger_ui.py
[2026-08-12T04:46:48.155+0000] {processor.py:914} INFO - Processing file /home/airflow/.local/lib/python3.12/site-packages/airflow/example_dags/example_params_trigger_ui.py for tasks to queue
[2026-08-12T04:46:48.158+0000] {logging_mixin.py:190} INFO - [2026-08-12T04:46:48.158+0000] {dagbag.py:587} INFO - Filling up the DagBag from /home/airflow/.local/lib/python3.12/site-packages/airflow/example_dags/example_params_trigger_ui.py
[2026-08-12T04:46:48.169+0000] {processor.py:925} INFO - DAG(s) 'example_params_trigger_ui' retrieved from /home/airflow/.local/lib/python3.12/site-packages/airflow/example_dags/example_params_trigger_ui.py
[2026-08-12T04:46:48.209+0000] {logging_mixin.py:190} INFO - [2026-08-12T04:46:48.209+0000] {dag.py:3211} INFO - Sync 1 DAGs
[2026-08-12T04:46:48.225+0000] {logging_mixin.py:190} INFO - [2026-08-12T04:46:48.225+0000] {dag.py:4138} INFO - Setting next_dagrun for example_params_trigger_ui to None, run_after=None
[2026-08-12T04:46:48.251+0000] {processor.py:208} INFO - Processing /home/airflow/.local/lib/python3.12/site-packages/airflow/example_dags/example_params_trigger_ui.py took 0.103 seconds
[2026-08-12T04:47:18.741+0000] {processor.py:186} INFO - Started process (PID=1827) to work on /home/airflow/.local/lib/python3.12/site-packages/airflow/example_dags/example_params_trigger_ui.py
[2026-08-12T04:47:18.743+0000] {processor.py:914} INFO - Processing file /home/airflow/.local/lib/python3.12/site-packages/airflow/example_dags/example_params_trigger_ui.py for tasks to queue
[2026-08-12T04:47:18.746+0000] {logging_mixin.py:190} INFO - [2026-08-12T04:47:18.746+0000] {dagbag.py:587} INFO - Filling up the DagBag from /home/airflow/.local/lib/python3.12/site-packages/airflow/example_dags/example_params_trigger_ui.py
[2026-08-12T04:47:18.760+0000] {processor.py:925} INFO - DAG(s) 'example_params_trigger_ui' retrieved from /home/airflow/.local/lib/python3.12/site-packages/airflow/example_dags/example_params_trigger_ui.py
[2026-08-12T04:47:18.804+0000] {logging_mixin.py:190} INFO - [2026-08-12T04:47:18.803+0000] {dag.py:3211} INFO - Sync 1 DAGs
[2026-08-12T04:47:18.820+0000] {logging_mixin.py:190} INFO - [2026-08-12T04:47:18.820+0000] {dag.py:4138} INFO - Setting next_dagrun for example_params_trigger_ui to None, run_after=None
[2026-08-12T04:47:18.841+0000] {processor.py:208} INFO - Processing /home/airflow/.local/lib/python3.12/site-packages/airflow/example_dags/example_params_trigger_ui.py took 0.108 seconds
[2026-08-12T04:47:49.589+0000] {processor.py:186} INFO - Started process (PID=1889) to work on /home/airflow/.local/lib/python3.12/site-packages/airflow/example_dags/example_params_trigger_ui.py
[2026-08-12T04:47:49.590+0000] {processor.py:914} INFO - Processing file /home/airflow/.local/lib/python3.12/site-packages/airflow/example_dags/example_params_trigger_ui.py for tasks to queue
[2026-08-12T04:47:49.593+0000] {logging_mixin.py:190} INFO - [2026-08-12T04:47:49.593+0000] {dagbag.py:587} INFO - Filling up the DagBag from /home/airflow/.local/lib/python3.12/site-packages/airflow/example_dags/example_params_trigger_ui.py
[2026-08-12T04:47:49.603+0000] {processor.py:925} INFO - DAG(s) 'example_params_trigger_ui' retrieved from /home/airflow/.local/lib/python3.12/site-packages/airflow/example_dags/example_params_trigger_ui.py
[2026-08-12T04:47:49.639+0000] {logging_mixin.py:190} INFO - [2026-08-12T04:47:49.639+0000] {dag.py:3211} INFO - Sync 1 DAGs
[2026-08-12T04:47:49.656+0000] {logging_mixin.py:190} INFO - [2026-08-12T04:47:49.655+0000] {dag.py:4138} INFO - Setting next_dagrun for example_params_trigger_ui to None, run_after=None
[2026-08-12T04:47:49.677+0000] {processor.py:208} INFO - Processing /home/airflow/.local/lib/python3.12/site-packages/airflow/example_dags/example_params_trigger_ui.py took 0.094 seconds
[2026-08-12T04:48:20.079+0000] {processor.py:186} INFO - Started process (PID=1952) to work on /home/airflow/.local/lib/python3.12/site-packages/airflow/example_dags/example_params_trigger_ui.py
[2026-08-12T04:48:20.081+0000] {processor.py:914} INFO - Processing file /home/airflow/.local/lib/python3.12/site-packages/airflow/example_dags/example_params_trigger_ui.py for tasks to queue
[2026-08-12T04:48:20.088+0000] {logging_mixin.py:190} INFO - [2026-08-12T04:48:20.087+0000] {dagbag.py:587} INFO - Filling up the DagBag from /home/airflow/.local/lib/python3.12/site-packages/airflow/example_dags/example_params_trigger_ui.py
[2026-08-12T04:48:20.108+0000] {processor.py:925} INFO - DAG(s) 'example_params_trigger_ui' retrieved from /home/airflow/.local/lib/python3.12/site-packages/airflow/example_dags/example_params_trigger_ui.py
[2026-08-12T04:48:20.180+0000] {logging_mixin.py:190} INFO - [2026-08-12T04:48:20.179+0000] {dag.py:3211} INFO - Sync 1 DAGs
[2026-08-12T04:48:20.200+0000] {logging_mixin.py:190} INFO - [2026-08-12T04:48:20.200+0000] {dag.py:4138} INFO - Setting next_dagrun for example_params_trigger_ui to None, run_after=None
[2026-08-12T04:48:20.228+0000] {processor.py:208} INFO - Processing /home/airflow/.local/lib/python3.12/site-packages/airflow/example_dags/example_params_trigger_ui.py took 0.160 seconds
[2026-08-12T04:48:51.144+0000] {processor.py:186} INFO - Started process (PID=2015) to work on /home/airflow/.local/lib/python3.12/site-packages/airflow/example_dags/example_params_trigger_ui.py
[2026-08-12T04:48:51.145+0000] {processor.py:914} INFO - Processing file /home/airflow/.local/lib/python3.12/site-packages/airflow/example_dags/example_params_trigger_ui.py for tasks to queue
[2026-08-12T04:48:51.149+0000] {logging_mixin.py:190} INFO - [2026-08-12T04:48:51.148+0000] {dagbag.py:587} INFO - Filling up the DagBag from /home/airflow/.local/lib/python3.12/site-packages/airflow/example_dags/example_params_trigger_ui.py
[2026-08-12T04:48:51.161+0000] {processor.py:925} INFO - DAG(s) 'example_params_trigger_ui' retrieved from /home/airflow/.local/lib/python3.12/site-packages/airflow/example_dags/example_params_trigger_ui.py
[2026-08-12T04:48:51.212+0000] {logging_mixin.py:190} INFO - [2026-08-12T04:48:51.212+0000] {dag.py:3211} INFO - Sync 1 DAGs
[2026-08-12T04:48:51.227+0000] {logging_mixin.py:190} INFO - [2026-08-12T04:48:51.227+0000] {dag.py:4138} INFO - Setting next_dagrun for example_params_trigger_ui to None, run_after=None
[2026-08-12T04:48:51.248+0000] {processor.py:208} INFO - Processing /home/airflow/.local/lib/python3.12/site-packages/airflow/example_dags/example_params_trigger_ui.py took 0.110 seconds
[2026-08-12T04:49:21.449+0000] {processor.py:186} INFO - Started process (PID=2078) to work on /home/airflow/.local/lib/python3.12/site-packages/airflow/example_dags/example_params_trigger_ui.py
[2026-08-12T04:49:21.450+0000] {processor.py:914} INFO - Processing file /home/airflow/.local/lib/python3.12/site-packages/airflow/example_dags/example_params_trigger_ui.py for tasks to queue
[2026-08-12T04:49:21.454+0000] {logging_mixin.py:190} INFO - [2026-08-12T04:49:21.454+0000] {dagbag.py:587} INFO - Filling up the DagBag from /home/airflow/.local/lib/python3.12/site-packages/airflow/example_dags/example_params_trigger_ui.py
[2026-08-12T04:49:21.464+0000] {processor.py:925} INFO - DAG(s) 'example_params_trigger_ui' retrieved from /home/airflow/.local/lib/python3.12/site-packages/airflow/example_dags/example_params_trigger_ui.py
[2026-08-12T04:49:21.509+0000] {logging_mixin.py:190} INFO - [2026-08-12T04:49:21.509+0000] {dag.py:3211} INFO - Sync 1 DAGs
[2026-08-12T04:49:21.523+0000] {logging_mixin.py:190} INFO - [2026-08-12T04:49:21.522+0000] {dag.py:4138} INFO - Setting next_dagrun for example_params_trigger_ui to None, run_after=None
[2026-08-12T04:49:21.543+0000] {processor.py:208} INFO - Processing /home/airflow/.local/lib/python3.12/site-packages/airflow/example_dags/example_params_trigger_ui.py took 0.099 seconds
[2026-08-12T04:49:52.046+0000] {processor.py:186} INFO - Started process (PID=2141) to work on /home/airflow/.local/lib/python3.12/site-packages/airflow/example_dags/example_params_trigger_ui.py
[2026-08-12T04:49:52.048+0000] {processor.py:914} INFO - Processing file /home/airflow/.local/lib/python3.12/site-packages/airflow/example_dags/example_params_trigger_ui.py for tasks to queue
[2026-08-12T04:49:52.051+0000] {logging_mixin.py:190} INFO - [2026-08-12T04:49:52.051+0000] {dagbag.py:587} INFO - Filling up the DagBag from /home/airflow/.local/lib/python3.12/site-packages/airflow/example_dags/example_params_trigger_ui.py
[2026-08-12T04:49:52.064+0000] {processor.py:925} INFO - DAG(s) 'example_params_trigger_ui' retrieved from /home/airflow/.local/lib/python3.12/site-packages/airflow/example_dags/example_params_trigger_ui.py
[2026-08-12T04:49:52.116+0000] {logging_mixin.py:190} INFO - [2026-08-12T04:49:52.115+0000] {dag.py:3211} INFO - Sync 1 DAGs
[2026-08-12T04:49:52.138+0000] {logging_mixin.py:190} INFO - [2026-08-12T04:49:52.138+0000] {dag.py:4138} INFO - Setting next_dagrun for example_params_trigger_ui to None, run_after=None
[2026-08-12T04:49:52.165+0000] {processor.py:208} INFO - Processing /home/airflow/.local/lib/python3.12/site-packages/airflow/example_dags/example_params_trigger_ui.py took 0.125 seconds
[2026-08-12T04:50:22.240+0000] {processor.py:186} INFO - Started process (PID=2205) to work on /home/airflow/.local/lib/python3.12/site-packages/airflow/example_dags/example_params_trigger_ui.py
[2026-08-12T04:50:22.241+0000] {processor.py:914} INFO - Processing file /home/airflow/.local/lib/python3.12/site-packages/airflow/example_dags/example_params_trigger_ui.py for tasks to queue
[2026-08-12T04:50:22.245+0000] {logging_mixin.py:190} INFO - [2026-08-12T04:50:22.244+0000] {dagbag.py:587} INFO - Filling up the DagBag from /home/airflow/.local/lib/python3.12/site-packages/airflow/example_dags/example_params_trigger_ui.py
[2026-08-12T04:50:22.258+0000] {processor.py:925} INFO - DAG(s) 'example_params_trigger_ui' retrieved from /home/airflow/.local/lib/python3.12/site-packages/airflow/example_dags/example_params_trigger_ui.py
[2026-08-12T04:50:22.298+0000] {logging_mixin.py:190} INFO - [2026-08-12T04:50:22.298+0000] {dag.py:3211} INFO - Sync 1 DAGs
[2026-08-12T04:50:22.314+0000] {logging_mixin.py:190} INFO - [2026-08-12T04:50:22.314+0000] {dag.py:4138} INFO - Setting next_dagrun for example_params_trigger_ui to None, run_after=None
[2026-08-12T04:50:22.336+0000] {processor.py:208} INFO - Processing /home/airflow/.local/lib/python3.12/site-packages/airflow/example_dags/example_params_trigger_ui.py took 0.104 seconds
[2026-08-12T04:50:53.006+0000] {processor.py:186} INFO - Started process (PID=2268) to work on /home/airflow/.local/lib/python3.12/site-packages/airflow/example_dags/example_params_trigger_ui.py
[2026-08-12T04:50:53.008+0000] {processor.py:914} INFO - Processing file /home/airflow/.local/lib/python3.12/site-packages/airflow/example_dags/example_params_trigger_ui.py for tasks to queue
[2026-08-12T04:50:53.011+0000] {logging_mixin.py:190} INFO - [2026-08-12T04:50:53.011+0000] {dagbag.py:587} INFO - Filling up the DagBag from /home/airflow/.local/lib/python3.12/site-packages/airflow/example_dags/example_params_trigger_ui.py
[2026-08-12T04:50:53.026+0000] {processor.py:925} INFO - DAG(s) 'example_params_trigger_ui' retrieved from /home/airflow/.local/lib/python3.12/site-packages/airflow/example_dags/example_params_trigger_ui.py
[2026-08-12T04:50:53.070+0000] {logging_mixin.py:190} INFO - [2026-08-12T04:50:53.070+0000] {dag.py:3211} INFO - Sync 1 DAGs
[2026-08-12T04:50:53.086+0000] {logging_mixin.py:190} INFO - [2026-08-12T04:50:53.085+0000] {dag.py:4138} INFO - Setting next_dagrun for example_params_trigger_ui to None, run_after=None
[2026-08-12T04:50:53.108+0000] {processor.py:208} INFO - Processing /home/airflow/.local/lib/python3.12/site-packages/airflow/example_dags/example_params_trigger_ui.py took 0.108 seconds
[2026-08-12T04:51:23.685+0000] {processor.py:186} INFO - Started process (PID=2331) to work on /home/airflow/.local/lib/python3.12/site-packages/airflow/example_dags/example_params_trigger_ui.py
[2026-08-12T04:51:23.687+0000] {processor.py:914} INFO - Processing file /home/airflow/.local/lib/python3.12/site-packages/airflow/example_dags/example_params_trigger_ui.py for tasks to queue
[2026-08-12T04:51:23.690+0000] {logging_mixin.py:190} INFO - [2026-08-12T04:51:23.690+0000] {dagbag.py:587} INFO - Filling up the DagBag from /home/airflow/.local/lib/python3.12/site-packages/airflow/example_dags/example_params_trigger_ui.py
[2026-08-12T04:51:23.704+0000] {processor.py:925} INFO - DAG(s) 'example_params_trigger_ui' retrieved from /home/airflow/.local/lib/python3.12/site-packages/airflow/example_dags/example_params_trigger_ui.py
[2026-08-12T04:51:23.752+0000] {logging_mixin.py:190} INFO - [2026-08-12T04:51:23.751+0000] {dag.py:3211} INFO - Sync 1 DAGs
[2026-08-12T04:51:23.769+0000] {logging_mixin.py:190} INFO - [2026-08-12T04:51:23.768+0000] {dag.py:4138} INFO - Setting next_dagrun for example_params_trigger_ui to None, run_after=None
[2026-08-12T04:51:23.793+0000] {processor.py:208} INFO - Processing /home/airflow/.local/lib/python3.12/site-packages/airflow/example_dags/example_params_trigger_ui.py took 0.115 seconds
[2026-08-12T04:51:54.528+0000] {processor.py:186} INFO - Started process (PID=2394) to work on /home/airflow/.local/lib/python3.12/site-packages/airflow/example_dags/example_params_trigger_ui.py
[2026-08-12T04:51:54.533+0000] {processor.py:914} INFO - Processing file /home/airflow/.local/lib/python3.12/site-packages/airflow/example_dags/example_params_trigger_ui.py for tasks to queue
[2026-08-12T04:51:54.537+0000] {logging_mixin.py:190} INFO - [2026-08-12T04:51:54.536+0000] {dagbag.py:587} INFO - Filling up the DagBag from /home/airflow/.local/lib/python3.12/site-packages/airflow/example_dags/example_params_trigger_ui.py
[2026-08-12T04:51:54.554+0000] {processor.py:925} INFO - DAG(s) 'example_params_trigger_ui' retrieved from /home/airflow/.local/lib/python3.12/site-packages/airflow/example_dags/example_params_trigger_ui.py
[2026-08-12T04:51:54.599+0000] {logging_mixin.py:190} INFO - [2026-08-12T04:51:54.599+0000] {dag.py:3211} INFO - Sync 1 DAGs
[2026-08-12T04:51:54.613+0000] {logging_mixin.py:190} INFO - [2026-08-12T04:51:54.613+0000] {dag.py:4138} INFO - Setting next_dagrun for example_params_trigger_ui to None, run_after=None
[2026-08-12T04:51:54.637+0000] {processor.py:208} INFO - Processing /home/airflow/.local/lib/python3.12/site-packages/airflow/example_dags/example_params_trigger_ui.py took 0.118 seconds
[2026-08-12T04:52:24.854+0000] {processor.py:186} INFO - Started process (PID=2457) to work on /home/airflow/.local/lib/python3.12/site-packages/airflow/example_dags/example_params_trigger_ui.py
[2026-08-12T04:52:24.856+0000] {processor.py:914} INFO - Processing file /home/airflow/.local/lib/python3.12/site-packages/airflow/example_dags/example_params_trigger_ui.py for tasks to queue
[2026-08-12T04:52:24.860+0000] {logging_mixin.py:190} INFO - [2026-08-12T04:52:24.860+0000] {dagbag.py:587} INFO - Filling up the DagBag from /home/airflow/.local/lib/python3.12/site-packages/airflow/example_dags/example_params_trigger_ui.py
[2026-08-12T04:52:24.878+0000] {processor.py:925} INFO - DAG(s) 'example_params_trigger_ui' retrieved from /home/airflow/.local/lib/python3.12/site-packages/airflow/example_dags/example_params_trigger_ui.py
[2026-08-12T04:52:24.928+0000] {logging_mixin.py:190} INFO - [2026-08-12T04:52:24.927+0000] {dag.py:3211} INFO - Sync 1 DAGs
[2026-08-12T04:52:24.947+0000] {logging_mixin.py:190} INFO - [2026-08-12T04:52:24.946+0000] {dag.py:4138} INFO - Setting next_dagrun for example_params_trigger_ui to None, run_after=None
[2026-08-12T04:52:24.971+0000] {processor.py:208} INFO - Processing /home/airflow/.local/lib/python3.12/site-packages/airflow/example_dags/example_params_trigger_ui.py took 0.126 seconds
[2026-08-12T04:52:55.777+0000] {processor.py:186} INFO - Started process (PID=2520) to work on /home/airflow/.local/lib/python3.12/site-packages/airflow/example_dags/example_params_trigger_ui.py
[2026-08-12T04:52:55.778+0000] {processor.py:914} INFO - Processing file /home/airflow/.local/lib/python3.12/site-packages/airflow/example_dags/example_params_trigger_ui.py for tasks to queue
[2026-08-12T04:52:55.781+0000] {logging_mixin.py:190} INFO - [2026-08-12T04:52:55.781+0000] {dagbag.py:587} INFO - Filling up the DagBag from /home/airflow/.local/lib/python3.12/site-packages/airflow/example_dags/example_params_trigger_ui.py
[2026-08-12T04:52:55.791+0000] {processor.py:925} INFO - DAG(s) 'example_params_trigger_ui' retrieved from /home/airflow/.local/lib/python3.12/site-packages/airflow/example_dags/example_params_trigger_ui.py
[2026-08-12T04:52:55.833+0000] {logging_mixin.py:190} INFO - [2026-08-12T04:52:55.833+0000] {dag.py:3211} INFO - Sync 1 DAGs
[2026-08-12T04:52:55.848+0000] {logging_mixin.py:190} INFO - [2026-08-12T04:52:55.848+0000] {dag.py:4138} INFO - Setting next_dagrun for example_params_trigger_ui to None, run_after=None
[2026-08-12T04:52:55.869+0000] {processor.py:208} INFO - Processing /home/airflow/.local/lib/python3.12/site-packages/airflow/example_dags/example_params_trigger_ui.py took 0.098 seconds
[2026-08-12T04:53:26.639+0000] {processor.py:186} INFO - Started process (PID=2583) to work on /home/airflow/.local/lib/python3.12/site-packages/airflow/example_dags/example_params_trigger_ui.py
[2026-08-12T04:53:26.640+0000] {processor.py:914} INFO - Processing file /home/airflow/.local/lib/python3.12/site-packages/airflow/example_dags/example_params_trigger_ui.py for tasks to queue
[2026-08-12T04:53:26.643+0000] {logging_mixin.py:190} INFO - [2026-08-12T04:53:26.643+0000] {dagbag.py:587} INFO - Filling up the DagBag from /home/airflow/.local/lib/python3.12/site-packages/airflow/example_dags/example_params_trigger_ui.py
[2026-08-12T04:53:26.656+0000] {processor.py:925} INFO - DAG(s) 'example_params_trigger_ui' retrieved from /home/airflow/.local/lib/python3.12/site-packages/airflow/example_dags/example_params_trigger_ui.py
[2026-08-12T04:53:26.695+0000] {logging_mixin.py:190} INFO - [2026-08-12T04:53:26.695+0000] {dag.py:3211} INFO - Sync 1 DAGs
[2026-08-12T04:53:26.712+0000] {logging_mixin.py:190} INFO - [2026-08-12T04:53:26.712+0000] {dag.py:4138} INFO - Setting next_dagrun for example_params_trigger_ui to None, run_after=None
[2026-08-12T04:53:26.737+0000] {processor.py:208} INFO - Processing /home/airflow/.local/lib/python3.12/site-packages/airflow/example_dags/example_params_trigger_ui.py took 0.104 seconds
[2026-08-12T04:53:57.534+0000] {processor.py:186} INFO - Started process (PID=2646) to work on /home/airflow/.local/lib/python3.12/site-packages/airflow/example_dags/example_params_trigger_ui.py
[2026-08-12T04:53:57.536+0000] {processor.py:914} INFO - Processing file /home/airflow/.local/lib/python3.12/site-packages/airflow/example_dags/example_params_trigger_ui.py for tasks to queue
[2026-08-12T04:53:57.539+0000] {logging_mixin.py:190} INFO - [2026-08-12T04:53:57.538+0000] {dagbag.py:587} INFO - Filling up the DagBag from /home/airflow/.local/lib/python3.12/site-packages/airflow/example_dags/example_params_trigger_ui.py
[2026-08-12T04:53:57.552+0000] {processor.py:925} INFO - DAG(s) 'example_params_trigger_ui' retrieved from /home/airflow/.local/lib/python3.12/site-packages/airflow/example_dags/example_params_trigger_ui.py
[2026-08-12T04:53:57.598+0000] {logging_mixin.py:190} INFO - [2026-08-12T04:53:57.598+0000] {dag.py:3211} INFO - Sync 1 DAGs
[2026-08-12T04:53:57.617+0000] {logging_mixin.py:190} INFO - [2026-08-12T04:53:57.616+0000] {dag.py:4138} INFO - Setting next_dagrun for example_params_trigger_ui to None, run_after=None
[2026-08-12T04:53:57.638+0000] {processor.py:208} INFO - Processing /home/airflow/.local/lib/python3.12/site-packages/airflow/example_dags/example_params_trigger_ui.py took 0.111 seconds
[2026-08-12T04:54:28.424+0000] {processor.py:186} INFO - Started process (PID=2709) to work on /home/airflow/.local/lib/python3.12/site-packages/airflow/example_dags/example_params_trigger_ui.py
[2026-08-12T04:54:28.425+0000] {processor.py:914} INFO - Processing file /home/airflow/.local/lib/python3.12/site-packages/airflow/example_dags/example_params_trigger_ui.py for tasks to queue
[2026-08-12T04:54:28.429+0000] {logging_mixin.py:190} INFO - [2026-08-12T04:54:28.428+0000] {dagbag.py:587} INFO - Filling up the DagBag from /home/airflow/.local/lib/python3.12/site-packages/airflow/example_dags/example_params_trigger_ui.py
[2026-08-12T04:54:28.441+0000] {processor.py:925} INFO - DAG(s) 'example_params_trigger_ui' retrieved from /home/airflow/.local/lib/python3.12/site-packages/airflow/example_dags/example_params_trigger_ui.py
[2026-08-12T04:54:28.483+0000] {logging_mixin.py:190} INFO - [2026-08-12T04:54:28.483+0000] {dag.py:3211} INFO - Sync 1 DAGs
[2026-08-12T04:54:28.499+0000] {logging_mixin.py:190} INFO - [2026-08-12T04:54:28.498+0000] {dag.py:4138} INFO - Setting next_dagrun for example_params_trigger_ui to None, run_after=None
[2026-08-12T04:54:28.520+0000] {processor.py:208} INFO - Processing /home/airflow/.local/lib/python3.12/site-packages/airflow/example_dags/example_params_trigger_ui.py took 0.103 seconds
[2026-08-12T04:54:58.902+0000] {processor.py:186} INFO - Started process (PID=2772) to work on /home/airflow/.local/lib/python3.12/site-packages/airflow/example_dags/example_params_trigger_ui.py
[2026-08-12T04:54:58.904+0000] {processor.py:914} INFO - Processing file /home/airflow/.local/lib/python3.12/site-packages/airflow/example_dags/example_params_trigger_ui.py for tasks to queue
[2026-08-12T04:54:58.908+0000] {logging_mixin.py:190} INFO - [2026-08-12T04:54:58.908+0000] {dagbag.py:587} INFO - Filling up the DagBag from /home/airflow/.local/lib/python3.12/site-packages/airflow/example_dags/example_params_trigger_ui.py
[2026-08-12T04:54:58.927+0000] {processor.py:925} INFO - DAG(s) 'example_params_trigger_ui' retrieved from /home/airflow/.local/lib/python3.12/site-packages/airflow/example_dags/example_params_trigger_ui.py
[2026-08-12T04:54:58.978+0000] {logging_mixin.py:190} INFO - [2026-08-12T04:54:58.977+0000] {dag.py:3211} INFO - Sync 1 DAGs
[2026-08-12T04:54:58.999+0000] {logging_mixin.py:190} INFO - [2026-08-12T04:54:58.999+0000] {dag.py:4138} INFO - Setting next_dagrun for example_params_trigger_ui to None, run_after=None
[2026-08-12T04:54:59.024+0000] {processor.py:208} INFO - Processing /home/airflow/.local/lib/python3.12/site-packages/airflow/example_dags/example_params_trigger_ui.py took 0.130 seconds
[2026-08-12T04:55:29.661+0000] {processor.py:186} INFO - Started process (PID=2835) to work on /home/airflow/.local/lib/python3.12/site-packages/airflow/example_dags/example_params_trigger_ui.py
[2026-08-12T04:55:29.663+0000] {processor.py:914} INFO - Processing file /home/airflow/.local/lib/python3.12/site-packages/airflow/example_dags/example_params_trigger_ui.py for tasks to queue
[2026-08-12T04:55:29.666+0000] {logging_mixin.py:190} INFO - [2026-08-12T04:55:29.665+0000] {dagbag.py:587} INFO - Filling up the DagBag from /home/airflow/.local/lib/python3.12/site-packages/airflow/example_dags/example_params_trigger_ui.py
[2026-08-12T04:55:29.680+0000] {processor.py:925} INFO - DAG(s) 'example_params_trigger_ui' retrieved from /home/airflow/.local/lib/python3.12/site-packages/airflow/example_dags/example_params_trigger_ui.py
[2026-08-12T04:55:29.732+0000] {logging_mixin.py:190} INFO - [2026-08-12T04:55:29.731+0000] {dag.py:3211} INFO - Sync 1 DAGs
[2026-08-12T04:55:29.750+0000] {logging_mixin.py:190} INFO - [2026-08-12T04:55:29.750+0000] {dag.py:4138} INFO - Setting next_dagrun for example_params_trigger_ui to None, run_after=None
[2026-08-12T04:55:29.773+0000] {processor.py:208} INFO - Processing /home/airflow/.local/lib/python3.12/site-packages/airflow/example_dags/example_params_trigger_ui.py took 0.117 seconds
[2026-08-12T04:56:00.376+0000] {processor.py:186} INFO - Started process (PID=2898) to work on /home/airflow/.local/lib/python3.12/site-packages/airflow/example_dags/example_params_trigger_ui.py
[2026-08-12T04:56:00.378+0000] {processor.py:914} INFO - Processing file /home/airflow/.local/lib/python3.12/site-packages/airflow/example_dags/example_params_trigger_ui.py for tasks to queue
[2026-08-12T04:56:00.380+0000] {logging_mixin.py:190} INFO - [2026-08-12T04:56:00.380+0000] {dagbag.py:587} INFO - Filling up the DagBag from /home/airflow/.local/lib/python3.12/site-packages/airflow/example_dags/example_params_trigger_ui.py
[2026-08-12T04:56:00.390+0000] {processor.py:925} INFO - DAG(s) 'example_params_trigger_ui' retrieved from /home/airflow/.local/lib/python3.12/site-packages/airflow/example_dags/example_params_trigger_ui.py
[2026-08-12T04:56:00.429+0000] {logging_mixin.py:190} INFO - [2026-08-12T04:56:00.429+0000] {dag.py:3211} INFO - Sync 1 DAGs
[2026-08-12T04:56:00.444+0000] {logging_mixin.py:190} INFO - [2026-08-12T04:56:00.443+0000] {dag.py:4138} INFO - Setting next_dagrun for example_params_trigger_ui to None, run_after=None
[2026-08-12T04:56:00.465+0000] {processor.py:208} INFO - Processing /home/airflow/.local/lib/python3.12/site-packages/airflow/example_dags/example_params_trigger_ui.py took 0.094 seconds
[2026-08-12T04:56:30.935+0000] {processor.py:186} INFO - Started process (PID=2961) to work on /home/airflow/.local/lib/python3.12/site-packages/airflow/example_dags/example_params_trigger_ui.py
[2026-08-12T04:56:30.937+0000] {processor.py:914} INFO - Processing file /home/airflow/.local/lib/python3.12/site-packages/airflow/example_dags/example_params_trigger_ui.py for tasks to queue
[2026-08-12T04:56:30.940+0000] {logging_mixin.py:190} INFO - [2026-08-12T04:56:30.940+0000] {dagbag.py:587} INFO - Filling up the DagBag from /home/airflow/.local/lib/python3.12/site-packages/airflow/example_dags/example_params_trigger_ui.py
[2026-08-12T04:56:30.952+0000] {processor.py:925} INFO - DAG(s) 'example_params_trigger_ui' retrieved from /home/airflow/.local/lib/python3.12/site-packages/airflow/example_dags/example_params_trigger_ui.py
[2026-08-12T04:56:30.991+0000] {logging_mixin.py:190} INFO - [2026-08-12T04:56:30.990+0000] {dag.py:3211} INFO - Sync 1 DAGs
[2026-08-12T04:56:31.007+0000] {logging_mixin.py:190} INFO - [2026-08-12T04:56:31.007+0000] {dag.py:4138} INFO - Setting next_dagrun for example_params_trigger_ui to None, run_after=None
[2026-08-12T04:56:31.029+0000] {processor.py:208} INFO - Processing /home/airflow/.local/lib/python3.12/site-packages/airflow/example_dags/example_params_trigger_ui.py took 0.101 seconds
[2026-08-12T04:57:01.539+0000] {processor.py:186} INFO - Started process (PID=3024) to work on /home/airflow/.local/lib/python3.12/site-packages/airflow/example_dags/example_params_trigger_ui.py
[2026-08-12T04:57:01.541+0000] {processor.py:914} INFO - Processing file /home/airflow/.local/lib/python3.12/site-packages/airflow/example_dags/example_params_trigger_ui.py for tasks to queue
[2026-08-12T04:57:01.545+0000] {logging_mixin.py:190} INFO - [2026-08-12T04:57:01.544+0000] {dagbag.py:587} INFO - Filling up the DagBag from /home/airflow/.local/lib/python3.12/site-packages/airflow/example_dags/example_params_trigger_ui.py
[2026-08-12T04:57:01.556+0000] {processor.py:925} INFO - DAG(s) 'example_params_trigger_ui' retrieved from /home/airflow/.local/lib/python3.12/site-packages/airflow/example_dags/example_params_trigger_ui.py
[2026-08-12T04:57:01.608+0000] {logging_mixin.py:190} INFO - [2026-08-12T04:57:01.608+0000] {dag.py:3211} INFO - Sync 1 DAGs
[2026-08-12T04:57:01.630+0000] {logging_mixin.py:190} INFO - [2026-08-12T04:57:01.629+0000] {dag.py:4138} INFO - Setting next_dagrun for example_params_trigger_ui to None, run_after=None
[2026-08-12T04:57:01.847+0000] {processor.py:208} INFO - Processing /home/airflow/.local/lib/python3.12/site-packages/airflow/example_dags/example_params_trigger_ui.py took 0.316 seconds
[2026-08-12T04:57:32.683+0000] {processor.py:186} INFO - Started process (PID=3087) to work on /home/airflow/.local/lib/python3.12/site-packages/airflow/example_dags/example_params_trigger_ui.py
[2026-08-12T04:57:32.684+0000] {processor.py:914} INFO - Processing file /home/airflow/.local/lib/python3.12/site-packages/airflow/example_dags/example_params_trigger_ui.py for tasks to queue
[2026-08-12T04:57:32.687+0000] {logging_mixin.py:190} INFO - [2026-08-12T04:57:32.687+0000] {dagbag.py:587} INFO - Filling up the DagBag from /home/airflow/.local/lib/python3.12/site-packages/airflow/example_dags/example_params_trigger_ui.py
[2026-08-12T04:57:32.700+0000] {processor.py:925} INFO - DAG(s) 'example_params_trigger_ui' retrieved from /home/airflow/.local/lib/python3.12/site-packages/airflow/example_dags/example_params_trigger_ui.py
[2026-08-12T04:57:32.742+0000] {logging_mixin.py:190} INFO - [2026-08-12T04:57:32.742+0000] {dag.py:3211} INFO - Sync 1 DAGs
[2026-08-12T04:57:32.758+0000] {logging_mixin.py:190} INFO - [2026-08-12T04:57:32.758+0000] {dag.py:4138} INFO - Setting next_dagrun for example_params_trigger_ui to None, run_after=None
[2026-08-12T04:57:32.781+0000] {processor.py:208} INFO - Processing /home/airflow/.local/lib/python3.12/site-packages/airflow/example_dags/example_params_trigger_ui.py took 0.104 seconds
[2026-08-12T04:58:03.706+0000] {processor.py:186} INFO - Started process (PID=3156) to work on /home/airflow/.local/lib/python3.12/site-packages/airflow/example_dags/example_params_trigger_ui.py
[2026-08-12T04:58:03.707+0000] {processor.py:914} INFO - Processing file /home/airflow/.local/lib/python3.12/site-packages/airflow/example_dags/example_params_trigger_ui.py for tasks to queue
[2026-08-12T04:58:03.710+0000] {logging_mixin.py:190} INFO - [2026-08-12T04:58:03.709+0000] {dagbag.py:587} INFO - Filling up the DagBag from /home/airflow/.local/lib/python3.12/site-packages/airflow/example_dags/example_params_trigger_ui.py
[2026-08-12T04:58:03.721+0000] {processor.py:925} INFO - DAG(s) 'example_params_trigger_ui' retrieved from /home/airflow/.local/lib/python3.12/site-packages/airflow/example_dags/example_params_trigger_ui.py
[2026-08-12T04:58:03.766+0000] {logging_mixin.py:190} INFO - [2026-08-12T04:58:03.766+0000] {dag.py:3211} INFO - Sync 1 DAGs
[2026-08-12T04:58:03.786+0000] {logging_mixin.py:190} INFO - [2026-08-12T04:58:03.786+0000] {dag.py:4138} INFO - Setting next_dagrun for example_params_trigger_ui to None, run_after=None
[2026-08-12T04:58:03.810+0000] {processor.py:208} INFO - Processing /home/airflow/.local/lib/python3.12/site-packages/airflow/example_dags/example_params_trigger_ui.py took 0.110 seconds
[2026-08-12T04:58:33.896+0000] {processor.py:186} INFO - Started process (PID=3219) to work on /home/airflow/.local/lib/python3.12/site-packages/airflow/example_dags/example_params_trigger_ui.py
[2026-08-12T04:58:33.897+0000] {processor.py:914} INFO - Processing file /home/airflow/.local/lib/python3.12/site-packages/airflow/example_dags/example_params_trigger_ui.py for tasks to queue
[2026-08-12T04:58:33.900+0000] {logging_mixin.py:190} INFO - [2026-08-12T04:58:33.900+0000] {dagbag.py:587} INFO - Filling up the DagBag from /home/airflow/.local/lib/python3.12/site-packages/airflow/example_dags/example_params_trigger_ui.py
[2026-08-12T04:58:33.910+0000] {processor.py:925} INFO - DAG(s) 'example_params_trigger_ui' retrieved from /home/airflow/.local/lib/python3.12/site-packages/airflow/example_dags/example_params_trigger_ui.py
[2026-08-12T04:58:33.946+0000] {logging_mixin.py:190} INFO - [2026-08-12T04:58:33.946+0000] {dag.py:3211} INFO - Sync 1 DAGs
[2026-08-12T04:58:33.963+0000] {logging_mixin.py:190} INFO - [2026-08-12T04:58:33.963+0000] {dag.py:4138} INFO - Setting next_dagrun for example_params_trigger_ui to None, run_after=None
[2026-08-12T04:58:33.988+0000] {processor.py:208} INFO - Processing /home/airflow/.local/lib/python3.12/site-packages/airflow/example_dags/example_params_trigger_ui.py took 0.097 seconds
[2026-08-12T04:59:04.152+0000] {processor.py:186} INFO - Started process (PID=3282) to work on /home/airflow/.local/lib/python3.12/site-packages/airflow/example_dags/example_params_trigger_ui.py
[2026-08-12T04:59:04.153+0000] {processor.py:914} INFO - Processing file /home/airflow/.local/lib/python3.12/site-packages/airflow/example_dags/example_params_trigger_ui.py for tasks to queue
[2026-08-12T04:59:04.156+0000] {logging_mixin.py:190} INFO - [2026-08-12T04:59:04.156+0000] {dagbag.py:587} INFO - Filling up the DagBag from /home/airflow/.local/lib/python3.12/site-packages/airflow/example_dags/example_params_trigger_ui.py
[2026-08-12T04:59:04.167+0000] {processor.py:925} INFO - DAG(s) 'example_params_trigger_ui' retrieved from /home/airflow/.local/lib/python3.12/site-packages/airflow/example_dags/example_params_trigger_ui.py
[2026-08-12T04:59:04.207+0000] {logging_mixin.py:190} INFO - [2026-08-12T04:59:04.207+0000] {dag.py:3211} INFO - Sync 1 DAGs
[2026-08-12T04:59:04.222+0000] {logging_mixin.py:190} INFO - [2026-08-12T04:59:04.222+0000] {dag.py:4138} INFO - Setting next_dagrun for example_params_trigger_ui to None, run_after=None
[2026-08-12T04:59:04.243+0000] {processor.py:208} INFO - Processing /home/airflow/.local/lib/python3.12/site-packages/airflow/example_dags/example_params_trigger_ui.py took 0.097 seconds
[2026-08-12T04:59:34.867+0000] {processor.py:186} INFO - Started process (PID=3345) to work on /home/airflow/.local/lib/python3.12/site-packages/airflow/example_dags/example_params_trigger_ui.py
[2026-08-12T04:59:34.869+0000] {processor.py:914} INFO - Processing file /home/airflow/.local/lib/python3.12/site-packages/airflow/example_dags/example_params_trigger_ui.py for tasks to queue
[2026-08-12T04:59:34.872+0000] {logging_mixin.py:190} INFO - [2026-08-12T04:59:34.871+0000] {dagbag.py:587} INFO - Filling up the DagBag from /home/airflow/.local/lib/python3.12/site-packages/airflow/example_dags/example_params_trigger_ui.py
[2026-08-12T04:59:34.889+0000] {processor.py:925} INFO - DAG(s) 'example_params_trigger_ui' retrieved from /home/airflow/.local/lib/python3.12/site-packages/airflow/example_dags/example_params_trigger_ui.py
[2026-08-12T04:59:35.132+0000] {logging_mixin.py:190} INFO - [2026-08-12T04:59:35.132+0000] {dag.py:3211} INFO - Sync 1 DAGs
[2026-08-12T04:59:35.144+0000] {logging_mixin.py:190} INFO - [2026-08-12T04:59:35.144+0000] {dag.py:4138} INFO - Setting next_dagrun for example_params_trigger_ui to None, run_after=None
[2026-08-12T04:59:35.164+0000] {processor.py:208} INFO - Processing /home/airflow/.local/lib/python3.12/site-packages/airflow/example_dags/example_params_trigger_ui.py took 0.302 seconds
[2026-08-12T05:00:05.560+0000] {processor.py:186} INFO - Started process (PID=3408) to work on /home/airflow/.local/lib/python3.12/site-packages/airflow/example_dags/example_params_trigger_ui.py
[2026-08-12T05:00:05.561+0000] {processor.py:914} INFO - Processing file /home/airflow/.local/lib/python3.12/site-packages/airflow/example_dags/example_params_trigger_ui.py for tasks to queue
[2026-08-12T05:00:05.564+0000] {logging_mixin.py:190} INFO - [2026-08-12T05:00:05.564+0000] {dagbag.py:587} INFO - Filling up the DagBag from /home/airflow/.local/lib/python3.12/site-packages/airflow/example_dags/example_params_trigger_ui.py
[2026-08-12T05:00:05.574+0000] {processor.py:925} INFO - DAG(s) 'example_params_trigger_ui' retrieved from /home/airflow/.local/lib/python3.12/site-packages/airflow/example_dags/example_params_trigger_ui.py
[2026-08-12T05:00:05.610+0000] {logging_mixin.py:190} INFO - [2026-08-12T05:00:05.610+0000] {dag.py:3211} INFO - Sync 1 DAGs
[2026-08-12T05:00:05.623+0000] {logging_mixin.py:190} INFO - [2026-08-12T05:00:05.623+0000] {dag.py:4138} INFO - Setting next_dagrun for example_params_trigger_ui to None, run_after=None
[2026-08-12T05:00:05.645+0000] {processor.py:208} INFO - Processing /home/airflow/.local/lib/python3.12/site-packages/airflow/example_dags/example_params_trigger_ui.py took 0.091 seconds
[2026-08-12T05:00:36.008+0000] {processor.py:186} INFO - Started process (PID=3471) to work on /home/airflow/.local/lib/python3.12/site-packages/airflow/example_dags/example_params_trigger_ui.py
[2026-08-12T05:00:36.010+0000] {processor.py:914} INFO - Processing file /home/airflow/.local/lib/python3.12/site-packages/airflow/example_dags/example_params_trigger_ui.py for tasks to queue
[2026-08-12T05:00:36.013+0000] {logging_mixin.py:190} INFO - [2026-08-12T05:00:36.012+0000] {dagbag.py:587} INFO - Filling up the DagBag from /home/airflow/.local/lib/python3.12/site-packages/airflow/example_dags/example_params_trigger_ui.py
[2026-08-12T05:00:36.024+0000] {processor.py:925} INFO - DAG(s) 'example_params_trigger_ui' retrieved from /home/airflow/.local/lib/python3.12/site-packages/airflow/example_dags/example_params_trigger_ui.py
[2026-08-12T05:00:36.063+0000] {logging_mixin.py:190} INFO - [2026-08-12T05:00:36.062+0000] {dag.py:3211} INFO - Sync 1 DAGs
[2026-08-12T05:00:36.078+0000] {logging_mixin.py:190} INFO - [2026-08-12T05:00:36.078+0000] {dag.py:4138} INFO - Setting next_dagrun for example_params_trigger_ui to None, run_after=None
[2026-08-12T05:00:36.100+0000] {processor.py:208} INFO - Processing /home/airflow/.local/lib/python3.12/site-packages/airflow/example_dags/example_params_trigger_ui.py took 0.100 seconds
[2026-08-12T05:01:06.749+0000] {processor.py:186} INFO - Started process (PID=3534) to work on /home/airflow/.local/lib/python3.12/site-packages/airflow/example_dags/example_params_trigger_ui.py
[2026-08-12T05:01:06.751+0000] {processor.py:914} INFO - Processing file /home/airflow/.local/lib/python3.12/site-packages/airflow/example_dags/example_params_trigger_ui.py for tasks to queue
[2026-08-12T05:01:06.754+0000] {logging_mixin.py:190} INFO - [2026-08-12T05:01:06.753+0000] {dagbag.py:587} INFO - Filling up the DagBag from /home/airflow/.local/lib/python3.12/site-packages/airflow/example_dags/example_params_trigger_ui.py
[2026-08-12T05:01:06.766+0000] {processor.py:925} INFO - DAG(s) 'example_params_trigger_ui' retrieved from /home/airflow/.local/lib/python3.12/site-packages/airflow/example_dags/example_params_trigger_ui.py
[2026-08-12T05:01:06.816+0000] {logging_mixin.py:190} INFO - [2026-08-12T05:01:06.816+0000] {dag.py:3211} INFO - Sync 1 DAGs
[2026-08-12T05:01:06.834+0000] {logging_mixin.py:190} INFO - [2026-08-12T05:01:06.834+0000] {dag.py:4138} INFO - Setting next_dagrun for example_params_trigger_ui to None, run_after=None
[2026-08-12T05:01:06.857+0000] {processor.py:208} INFO - Processing /home/airflow/.local/lib/python3.12/site-packages/airflow/example_dags/example_params_trigger_ui.py took 0.115 seconds
[2026-08-12T05:01:37.201+0000] {processor.py:186} INFO - Started process (PID=3597) to work on /home/airflow/.local/lib/python3.12/site-packages/airflow/example_dags/example_params_trigger_ui.py
[2026-08-12T05:01:37.203+0000] {processor.py:914} INFO - Processing file /home/airflow/.local/lib/python3.12/site-packages/airflow/example_dags/example_params_trigger_ui.py for tasks to queue
[2026-08-12T05:01:37.206+0000] {logging_mixin.py:190} INFO - [2026-08-12T05:01:37.205+0000] {dagbag.py:587} INFO - Filling up the DagBag from /home/airflow/.local/lib/python3.12/site-packages/airflow/example_dags/example_params_trigger_ui.py
[2026-08-12T05:01:37.217+0000] {processor.py:925} INFO - DAG(s) 'example_params_trigger_ui' retrieved from /home/airflow/.local/lib/python3.12/site-packages/airflow/example_dags/example_params_trigger_ui.py
[2026-08-12T05:01:37.254+0000] {logging_mixin.py:190} INFO - [2026-08-12T05:01:37.254+0000] {dag.py:3211} INFO - Sync 1 DAGs
[2026-08-12T05:01:37.268+0000] {logging_mixin.py:190} INFO - [2026-08-12T05:01:37.268+0000] {dag.py:4138} INFO - Setting next_dagrun for example_params_trigger_ui to None, run_after=None
[2026-08-12T05:01:37.288+0000] {processor.py:208} INFO - Processing /home/airflow/.local/lib/python3.12/site-packages/airflow/example_dags/example_params_trigger_ui.py took 0.093 seconds
[2026-08-12T05:02:07.954+0000] {processor.py:186} INFO - Started process (PID=3660) to work on /home/airflow/.local/lib/python3.12/site-packages/airflow/example_dags/example_params_trigger_ui.py
[2026-08-12T05:02:07.957+0000] {processor.py:914} INFO - Processing file /home/airflow/.local/lib/python3.12/site-packages/airflow/example_dags/example_params_trigger_ui.py for tasks to queue
[2026-08-12T05:02:07.962+0000] {logging_mixin.py:190} INFO - [2026-08-12T05:02:07.962+0000] {dagbag.py:587} INFO - Filling up the DagBag from /home/airflow/.local/lib/python3.12/site-packages/airflow/example_dags/example_params_trigger_ui.py
[2026-08-12T05:02:07.981+0000] {processor.py:925} INFO - DAG(s) 'example_params_trigger_ui' retrieved from /home/airflow/.local/lib/python3.12/site-packages/airflow/example_dags/example_params_trigger_ui.py
[2026-08-12T05:02:08.038+0000] {logging_mixin.py:190} INFO - [2026-08-12T05:02:08.038+0000] {dag.py:3211} INFO - Sync 1 DAGs
[2026-08-12T05:02:08.056+0000] {logging_mixin.py:190} INFO - [2026-08-12T05:02:08.055+0000] {dag.py:4138} INFO - Setting next_dagrun for example_params_trigger_ui to None, run_after=None
[2026-08-12T05:02:08.080+0000] {processor.py:208} INFO - Processing /home/airflow/.local/lib/python3.12/site-packages/airflow/example_dags/example_params_trigger_ui.py took 0.136 seconds
[2026-08-12T05:02:38.430+0000] {processor.py:186} INFO - Started process (PID=3723) to work on /home/airflow/.local/lib/python3.12/site-packages/airflow/example_dags/example_params_trigger_ui.py
[2026-08-12T05:02:38.431+0000] {processor.py:914} INFO - Processing file /home/airflow/.local/lib/python3.12/site-packages/airflow/example_dags/example_params_trigger_ui.py for tasks to queue
[2026-08-12T05:02:38.434+0000] {logging_mixin.py:190} INFO - [2026-08-12T05:02:38.434+0000] {dagbag.py:587} INFO - Filling up the DagBag from /home/airflow/.local/lib/python3.12/site-packages/airflow/example_dags/example_params_trigger_ui.py
[2026-08-12T05:02:38.446+0000] {processor.py:925} INFO - DAG(s) 'example_params_trigger_ui' retrieved from /home/airflow/.local/lib/python3.12/site-packages/airflow/example_dags/example_params_trigger_ui.py
[2026-08-12T05:02:38.490+0000] {logging_mixin.py:190} INFO - [2026-08-12T05:02:38.490+0000] {dag.py:3211} INFO - Sync 1 DAGs
[2026-08-12T05:02:38.510+0000] {logging_mixin.py:190} INFO - [2026-08-12T05:02:38.510+0000] {dag.py:4138} INFO - Setting next_dagrun for example_params_trigger_ui to None, run_after=None
[2026-08-12T05:02:38.533+0000] {processor.py:208} INFO - Processing /home/airflow/.local/lib/python3.12/site-packages/airflow/example_dags/example_params_trigger_ui.py took 0.109 seconds
[2026-08-12T05:03:08.868+0000] {processor.py:186} INFO - Started process (PID=3786) to work on /home/airflow/.local/lib/python3.12/site-packages/airflow/example_dags/example_params_trigger_ui.py
[2026-08-12T05:03:08.870+0000] {processor.py:914} INFO - Processing file /home/airflow/.local/lib/python3.12/site-packages/airflow/example_dags/example_params_trigger_ui.py for tasks to queue
[2026-08-12T05:03:08.874+0000] {logging_mixin.py:190} INFO - [2026-08-12T05:03:08.874+0000] {dagbag.py:587} INFO - Filling up the DagBag from /home/airflow/.local/lib/python3.12/site-packages/airflow/example_dags/example_params_trigger_ui.py
[2026-08-12T05:03:08.893+0000] {processor.py:925} INFO - DAG(s) 'example_params_trigger_ui' retrieved from /home/airflow/.local/lib/python3.12/site-packages/airflow/example_dags/example_params_trigger_ui.py
[2026-08-12T05:03:08.959+0000] {logging_mixin.py:190} INFO - [2026-08-12T05:03:08.959+0000] {dag.py:3211} INFO - Sync 1 DAGs
[2026-08-12T05:03:08.981+0000] {logging_mixin.py:190} INFO - [2026-08-12T05:03:08.981+0000] {dag.py:4138} INFO - Setting next_dagrun for example_params_trigger_ui to None, run_after=None
[2026-08-12T05:03:09.015+0000] {processor.py:208} INFO - Processing /home/airflow/.local/lib/python3.12/site-packages/airflow/example_dags/example_params_trigger_ui.py took 0.155 seconds
[2026-08-12T05:03:39.350+0000] {processor.py:186} INFO - Started process (PID=3849) to work on /home/airflow/.local/lib/python3.12/site-packages/airflow/example_dags/example_params_trigger_ui.py
[2026-08-12T05:03:39.352+0000] {processor.py:914} INFO - Processing file /home/airflow/.local/lib/python3.12/site-packages/airflow/example_dags/example_params_trigger_ui.py for tasks to queue
[2026-08-12T05:03:39.356+0000] {logging_mixin.py:190} INFO - [2026-08-12T05:03:39.355+0000] {dagbag.py:587} INFO - Filling up the DagBag from /home/airflow/.local/lib/python3.12/site-packages/airflow/example_dags/example_params_trigger_ui.py
[2026-08-12T05:03:39.370+0000] {processor.py:925} INFO - DAG(s) 'example_params_trigger_ui' retrieved from /home/airflow/.local/lib/python3.12/site-packages/airflow/example_dags/example_params_trigger_ui.py
[2026-08-12T05:03:39.425+0000] {logging_mixin.py:190} INFO - [2026-08-12T05:03:39.424+0000] {dag.py:3211} INFO - Sync 1 DAGs
[2026-08-12T05:03:39.446+0000] {logging_mixin.py:190} INFO - [2026-08-12T05:03:39.445+0000] {dag.py:4138} INFO - Setting next_dagrun for example_params_trigger_ui to None, run_after=None
[2026-08-12T05:03:39.475+0000] {processor.py:208} INFO - Processing /home/airflow/.local/lib/python3.12/site-packages/airflow/example_dags/example_params_trigger_ui.py took 0.135 seconds
[2026-08-12T05:04:09.741+0000] {processor.py:186} INFO - Started process (PID=3913) to work on /home/airflow/.local/lib/python3.12/site-packages/airflow/example_dags/example_params_trigger_ui.py
[2026-08-12T05:04:09.743+0000] {processor.py:914} INFO - Processing file /home/airflow/.local/lib/python3.12/site-packages/airflow/example_dags/example_params_trigger_ui.py for tasks to queue
[2026-08-12T05:04:09.746+0000] {logging_mixin.py:190} INFO - [2026-08-12T05:04:09.746+0000] {dagbag.py:587} INFO - Filling up the DagBag from /home/airflow/.local/lib/python3.12/site-packages/airflow/example_dags/example_params_trigger_ui.py
[2026-08-12T05:04:09.758+0000] {processor.py:925} INFO - DAG(s) 'example_params_trigger_ui' retrieved from /home/airflow/.local/lib/python3.12/site-packages/airflow/example_dags/example_params_trigger_ui.py
[2026-08-12T05:04:09.801+0000] {logging_mixin.py:190} INFO - [2026-08-12T05:04:09.801+0000] {dag.py:3211} INFO - Sync 1 DAGs
[2026-08-12T05:04:09.816+0000] {logging_mixin.py:190} INFO - [2026-08-12T05:04:09.816+0000] {dag.py:4138} INFO - Setting next_dagrun for example_params_trigger_ui to None, run_after=None
[2026-08-12T05:04:09.838+0000] {processor.py:208} INFO - Processing /home/airflow/.local/lib/python3.12/site-packages/airflow/example_dags/example_params_trigger_ui.py took 0.104 seconds
[2026-08-12T05:04:40.057+0000] {processor.py:186} INFO - Started process (PID=3976) to work on /home/airflow/.local/lib/python3.12/site-packages/airflow/example_dags/example_params_trigger_ui.py
[2026-08-12T05:04:40.058+0000] {processor.py:914} INFO - Processing file /home/airflow/.local/lib/python3.12/site-packages/airflow/example_dags/example_params_trigger_ui.py for tasks to queue
[2026-08-12T05:04:40.062+0000] {logging_mixin.py:190} INFO - [2026-08-12T05:04:40.061+0000] {dagbag.py:587} INFO - Filling up the DagBag from /home/airflow/.local/lib/python3.12/site-packages/airflow/example_dags/example_params_trigger_ui.py
[2026-08-12T05:04:40.074+0000] {processor.py:925} INFO - DAG(s) 'example_params_trigger_ui' retrieved from /home/airflow/.local/lib/python3.12/site-packages/airflow/example_dags/example_params_trigger_ui.py
[2026-08-12T05:04:40.112+0000] {logging_mixin.py:190} INFO - [2026-08-12T05:04:40.111+0000] {dag.py:3211} INFO - Sync 1 DAGs
[2026-08-12T05:04:40.126+0000] {logging_mixin.py:190} INFO - [2026-08-12T05:04:40.126+0000] {dag.py:4138} INFO - Setting next_dagrun for example_params_trigger_ui to None, run_after=None
[2026-08-12T05:04:40.148+0000] {processor.py:208} INFO - Processing /home/airflow/.local/lib/python3.12/site-packages/airflow/example_dags/example_params_trigger_ui.py took 0.100 seconds
[2026-08-12T05:05:10.474+0000] {processor.py:186} INFO - Started process (PID=4039) to work on /home/airflow/.local/lib/python3.12/site-packages/airflow/example_dags/example_params_trigger_ui.py
[2026-08-12T05:05:10.475+0000] {processor.py:914} INFO - Processing file /home/airflow/.local/lib/python3.12/site-packages/airflow/example_dags/example_params_trigger_ui.py for tasks to queue
[2026-08-12T05:05:10.478+0000] {logging_mixin.py:190} INFO - [2026-08-12T05:05:10.478+0000] {dagbag.py:587} INFO - Filling up the DagBag from /home/airflow/.local/lib/python3.12/site-packages/airflow/example_dags/example_params_trigger_ui.py
[2026-08-12T05:05:10.491+0000] {processor.py:925} INFO - DAG(s) 'example_params_trigger_ui' retrieved from /home/airflow/.local/lib/python3.12/site-packages/airflow/example_dags/example_params_trigger_ui.py
[2026-08-12T05:05:10.530+0000] {logging_mixin.py:190} INFO - [2026-08-12T05:05:10.530+0000] {dag.py:3211} INFO - Sync 1 DAGs
[2026-08-12T05:05:10.545+0000] {logging_mixin.py:190} INFO - [2026-08-12T05:05:10.545+0000] {dag.py:4138} INFO - Setting next_dagrun for example_params_trigger_ui to None, run_after=None
[2026-08-12T05:05:10.567+0000] {processor.py:208} INFO - Processing /home/airflow/.local/lib/python3.12/site-packages/airflow/example_dags/example_params_trigger_ui.py took 0.100 seconds
[2026-08-12T05:05:41.044+0000] {processor.py:186} INFO - Started process (PID=4102) to work on /home/airflow/.local/lib/python3.12/site-packages/airflow/example_dags/example_params_trigger_ui.py
[2026-08-12T05:05:41.045+0000] {processor.py:914} INFO - Processing file /home/airflow/.local/lib/python3.12/site-packages/airflow/example_dags/example_params_trigger_ui.py for tasks to queue
[2026-08-12T05:05:41.048+0000] {logging_mixin.py:190} INFO - [2026-08-12T05:05:41.047+0000] {dagbag.py:587} INFO - Filling up the DagBag from /home/airflow/.local/lib/python3.12/site-packages/airflow/example_dags/example_params_trigger_ui.py
[2026-08-12T05:05:41.058+0000] {processor.py:925} INFO - DAG(s) 'example_params_trigger_ui' retrieved from /home/airflow/.local/lib/python3.12/site-packages/airflow/example_dags/example_params_trigger_ui.py
[2026-08-12T05:05:41.098+0000] {logging_mixin.py:190} INFO - [2026-08-12T05:05:41.098+0000] {dag.py:3211} INFO - Sync 1 DAGs
[2026-08-12T05:05:41.111+0000] {logging_mixin.py:190} INFO - [2026-08-12T05:05:41.111+0000] {dag.py:4138} INFO - Setting next_dagrun for example_params_trigger_ui to None, run_after=None
[2026-08-12T05:05:41.134+0000] {processor.py:208} INFO - Processing /home/airflow/.local/lib/python3.12/site-packages/airflow/example_dags/example_params_trigger_ui.py took 0.096 seconds
[2026-08-12T05:06:11.539+0000] {processor.py:186} INFO - Started process (PID=4165) to work on /home/airflow/.local/lib/python3.12/site-packages/airflow/example_dags/example_params_trigger_ui.py
[2026-08-12T05:06:11.541+0000] {processor.py:914} INFO - Processing file /home/airflow/.local/lib/python3.12/site-packages/airflow/example_dags/example_params_trigger_ui.py for tasks to queue
[2026-08-12T05:06:11.545+0000] {logging_mixin.py:190} INFO - [2026-08-12T05:06:11.544+0000] {dagbag.py:587} INFO - Filling up the DagBag from /home/airflow/.local/lib/python3.12/site-packages/airflow/example_dags/example_params_trigger_ui.py
[2026-08-12T05:06:11.557+0000] {processor.py:925} INFO - DAG(s) 'example_params_trigger_ui' retrieved from /home/airflow/.local/lib/python3.12/site-packages/airflow/example_dags/example_params_trigger_ui.py
[2026-08-12T05:06:11.601+0000] {logging_mixin.py:190} INFO - [2026-08-12T05:06:11.601+0000] {dag.py:3211} INFO - Sync 1 DAGs
[2026-08-12T05:06:11.631+0000] {logging_mixin.py:190} INFO - [2026-08-12T05:06:11.631+0000] {dag.py:4138} INFO - Setting next_dagrun for example_params_trigger_ui to None, run_after=None
[2026-08-12T05:06:11.653+0000] {processor.py:208} INFO - Processing /home/airflow/.local/lib/python3.12/site-packages/airflow/example_dags/example_params_trigger_ui.py took 0.120 seconds
[2026-08-12T05:06:41.932+0000] {processor.py:186} INFO - Started process (PID=4228) to work on /home/airflow/.local/lib/python3.12/site-packages/airflow/example_dags/example_params_trigger_ui.py
[2026-08-12T05:06:41.934+0000] {processor.py:914} INFO - Processing file /home/airflow/.local/lib/python3.12/site-packages/airflow/example_dags/example_params_trigger_ui.py for tasks to queue
[2026-08-12T05:06:41.937+0000] {logging_mixin.py:190} INFO - [2026-08-12T05:06:41.937+0000] {dagbag.py:587} INFO - Filling up the DagBag from /home/airflow/.local/lib/python3.12/site-packages/airflow/example_dags/example_params_trigger_ui.py
[2026-08-12T05:06:41.949+0000] {processor.py:925} INFO - DAG(s) 'example_params_trigger_ui' retrieved from /home/airflow/.local/lib/python3.12/site-packages/airflow/example_dags/example_params_trigger_ui.py
[2026-08-12T05:06:41.991+0000] {logging_mixin.py:190} INFO - [2026-08-12T05:06:41.991+0000] {dag.py:3211} INFO - Sync 1 DAGs
[2026-08-12T05:06:42.006+0000] {logging_mixin.py:190} INFO - [2026-08-12T05:06:42.006+0000] {dag.py:4138} INFO - Setting next_dagrun for example_params_trigger_ui to None, run_after=None
[2026-08-12T05:06:42.029+0000] {processor.py:208} INFO - Processing /home/airflow/.local/lib/python3.12/site-packages/airflow/example_dags/example_params_trigger_ui.py took 0.104 seconds
[2026-08-12T05:07:12.931+0000] {processor.py:186} INFO - Started process (PID=4291) to work on /home/airflow/.local/lib/python3.12/site-packages/airflow/example_dags/example_params_trigger_ui.py
[2026-08-12T05:07:12.938+0000] {processor.py:914} INFO - Processing file /home/airflow/.local/lib/python3.12/site-packages/airflow/example_dags/example_params_trigger_ui.py for tasks to queue
[2026-08-12T05:07:12.944+0000] {logging_mixin.py:190} INFO - [2026-08-12T05:07:12.944+0000] {dagbag.py:587} INFO - Filling up the DagBag from /home/airflow/.local/lib/python3.12/site-packages/airflow/example_dags/example_params_trigger_ui.py
[2026-08-12T05:07:12.966+0000] {processor.py:925} INFO - DAG(s) 'example_params_trigger_ui' retrieved from /home/airflow/.local/lib/python3.12/site-packages/airflow/example_dags/example_params_trigger_ui.py
[2026-08-12T05:07:13.030+0000] {logging_mixin.py:190} INFO - [2026-08-12T05:07:13.030+0000] {dag.py:3211} INFO - Sync 1 DAGs
[2026-08-12T05:07:13.048+0000] {logging_mixin.py:190} INFO - [2026-08-12T05:07:13.048+0000] {dag.py:4138} INFO - Setting next_dagrun for example_params_trigger_ui to None, run_after=None
[2026-08-12T05:07:13.069+0000] {processor.py:208} INFO - Processing /home/airflow/.local/lib/python3.12/site-packages/airflow/example_dags/example_params_trigger_ui.py took 0.149 seconds
[2026-08-12T05:07:43.304+0000] {processor.py:186} INFO - Started process (PID=4354) to work on /home/airflow/.local/lib/python3.12/site-packages/airflow/example_dags/example_params_trigger_ui.py
[2026-08-12T05:07:43.307+0000] {processor.py:914} INFO - Processing file /home/airflow/.local/lib/python3.12/site-packages/airflow/example_dags/example_params_trigger_ui.py for tasks to queue
[2026-08-12T05:07:43.312+0000] {logging_mixin.py:190} INFO - [2026-08-12T05:07:43.312+0000] {dagbag.py:587} INFO - Filling up the DagBag from /home/airflow/.local/lib/python3.12/site-packages/airflow/example_dags/example_params_trigger_ui.py
[2026-08-12T05:07:43.336+0000] {processor.py:925} INFO - DAG(s) 'example_params_trigger_ui' retrieved from /home/airflow/.local/lib/python3.12/site-packages/airflow/example_dags/example_params_trigger_ui.py
[2026-08-12T05:07:43.385+0000] {logging_mixin.py:190} INFO - [2026-08-12T05:07:43.384+0000] {dag.py:3211} INFO - Sync 1 DAGs
[2026-08-12T05:07:43.408+0000] {logging_mixin.py:190} INFO - [2026-08-12T05:07:43.408+0000] {dag.py:4138} INFO - Setting next_dagrun for example_params_trigger_ui to None, run_after=None
[2026-08-12T05:07:43.440+0000] {processor.py:208} INFO - Processing /home/airflow/.local/lib/python3.12/site-packages/airflow/example_dags/example_params_trigger_ui.py took 0.145 seconds
[2026-08-12T05:08:14.404+0000] {processor.py:186} INFO - Started process (PID=4417) to work on /home/airflow/.local/lib/python3.12/site-packages/airflow/example_dags/example_params_trigger_ui.py
[2026-08-12T05:08:14.405+0000] {processor.py:914} INFO - Processing file /home/airflow/.local/lib/python3.12/site-packages/airflow/example_dags/example_params_trigger_ui.py for tasks to queue
[2026-08-12T05:08:14.408+0000] {logging_mixin.py:190} INFO - [2026-08-12T05:08:14.408+0000] {dagbag.py:587} INFO - Filling up the DagBag from /home/airflow/.local/lib/python3.12/site-packages/airflow/example_dags/example_params_trigger_ui.py
[2026-08-12T05:08:14.419+0000] {processor.py:925} INFO - DAG(s) 'example_params_trigger_ui' retrieved from /home/airflow/.local/lib/python3.12/site-packages/airflow/example_dags/example_params_trigger_ui.py
[2026-08-12T05:08:14.471+0000] {logging_mixin.py:190} INFO - [2026-08-12T05:08:14.471+0000] {dag.py:3211} INFO - Sync 1 DAGs
[2026-08-12T05:08:14.489+0000] {logging_mixin.py:190} INFO - [2026-08-12T05:08:14.489+0000] {dag.py:4138} INFO - Setting next_dagrun for example_params_trigger_ui to None, run_after=None
[2026-08-12T05:08:14.515+0000] {processor.py:208} INFO - Processing /home/airflow/.local/lib/python3.12/site-packages/airflow/example_dags/example_params_trigger_ui.py took 0.116 seconds
[2026-08-12T05:08:45.068+0000] {processor.py:186} INFO - Started process (PID=4480) to work on /home/airflow/.local/lib/python3.12/site-packages/airflow/example_dags/example_params_trigger_ui.py
[2026-08-12T05:08:45.070+0000] {processor.py:914} INFO - Processing file /home/airflow/.local/lib/python3.12/site-packages/airflow/example_dags/example_params_trigger_ui.py for tasks to queue
[2026-08-12T05:08:45.073+0000] {logging_mixin.py:190} INFO - [2026-08-12T05:08:45.073+0000] {dagbag.py:587} INFO - Filling up the DagBag from /home/airflow/.local/lib/python3.12/site-packages/airflow/example_dags/example_params_trigger_ui.py
[2026-08-12T05:08:45.085+0000] {processor.py:925} INFO - DAG(s) 'example_params_trigger_ui' retrieved from /home/airflow/.local/lib/python3.12/site-packages/airflow/example_dags/example_params_trigger_ui.py
[2026-08-12T05:08:45.124+0000] {logging_mixin.py:190} INFO - [2026-08-12T05:08:45.124+0000] {dag.py:3211} INFO - Sync 1 DAGs
[2026-08-12T05:08:45.138+0000] {logging_mixin.py:190} INFO - [2026-08-12T05:08:45.138+0000] {dag.py:4138} INFO - Setting next_dagrun for example_params_trigger_ui to None, run_after=None
[2026-08-12T05:08:45.161+0000] {processor.py:208} INFO - Processing /home/airflow/.local/lib/python3.12/site-packages/airflow/example_dags/example_params_trigger_ui.py took 0.100 seconds
[2026-08-12T05:09:15.249+0000] {processor.py:186} INFO - Started process (PID=4543) to work on /home/airflow/.local/lib/python3.12/site-packages/airflow/example_dags/example_params_trigger_ui.py
[2026-08-12T05:09:15.251+0000] {processor.py:914} INFO - Processing file /home/airflow/.local/lib/python3.12/site-packages/airflow/example_dags/example_params_trigger_ui.py for tasks to queue
[2026-08-12T05:09:15.253+0000] {logging_mixin.py:190} INFO - [2026-08-12T05:09:15.253+0000] {dagbag.py:587} INFO - Filling up the DagBag from /home/airflow/.local/lib/python3.12/site-packages/airflow/example_dags/example_params_trigger_ui.py
[2026-08-12T05:09:15.263+0000] {processor.py:925} INFO - DAG(s) 'example_params_trigger_ui' retrieved from /home/airflow/.local/lib/python3.12/site-packages/airflow/example_dags/example_params_trigger_ui.py
[2026-08-12T05:09:15.300+0000] {logging_mixin.py:190} INFO - [2026-08-12T05:09:15.300+0000] {dag.py:3211} INFO - Sync 1 DAGs
[2026-08-12T05:09:15.313+0000] {logging_mixin.py:190} INFO - [2026-08-12T05:09:15.313+0000] {dag.py:4138} INFO - Setting next_dagrun for example_params_trigger_ui to None, run_after=None
[2026-08-12T05:09:15.334+0000] {processor.py:208} INFO - Processing /home/airflow/.local/lib/python3.12/site-packages/airflow/example_dags/example_params_trigger_ui.py took 0.090 seconds
[2026-08-12T05:09:46.081+0000] {processor.py:186} INFO - Started process (PID=4606) to work on /home/airflow/.local/lib/python3.12/site-packages/airflow/example_dags/example_params_trigger_ui.py
[2026-08-12T05:09:46.083+0000] {processor.py:914} INFO - Processing file /home/airflow/.local/lib/python3.12/site-packages/airflow/example_dags/example_params_trigger_ui.py for tasks to queue
[2026-08-12T05:09:46.087+0000] {logging_mixin.py:190} INFO - [2026-08-12T05:09:46.087+0000] {dagbag.py:587} INFO - Filling up the DagBag from /home/airflow/.local/lib/python3.12/site-packages/airflow/example_dags/example_params_trigger_ui.py
[2026-08-12T05:09:46.103+0000] {processor.py:925} INFO - DAG(s) 'example_params_trigger_ui' retrieved from /home/airflow/.local/lib/python3.12/site-packages/airflow/example_dags/example_params_trigger_ui.py
[2026-08-12T05:09:46.146+0000] {logging_mixin.py:190} INFO - [2026-08-12T05:09:46.145+0000] {dag.py:3211} INFO - Sync 1 DAGs
[2026-08-12T05:09:46.162+0000] {logging_mixin.py:190} INFO - [2026-08-12T05:09:46.161+0000] {dag.py:4138} INFO - Setting next_dagrun for example_params_trigger_ui to None, run_after=None
[2026-08-12T05:09:46.184+0000] {processor.py:208} INFO - Processing /home/airflow/.local/lib/python3.12/site-packages/airflow/example_dags/example_params_trigger_ui.py took 0.111 seconds
[2026-08-12T05:10:16.845+0000] {processor.py:186} INFO - Started process (PID=4669) to work on /home/airflow/.local/lib/python3.12/site-packages/airflow/example_dags/example_params_trigger_ui.py
[2026-08-12T05:10:16.847+0000] {processor.py:914} INFO - Processing file /home/airflow/.local/lib/python3.12/site-packages/airflow/example_dags/example_params_trigger_ui.py for tasks to queue
[2026-08-12T05:10:16.851+0000] {logging_mixin.py:190} INFO - [2026-08-12T05:10:16.850+0000] {dagbag.py:587} INFO - Filling up the DagBag from /home/airflow/.local/lib/python3.12/site-packages/airflow/example_dags/example_params_trigger_ui.py
[2026-08-12T05:10:16.863+0000] {processor.py:925} INFO - DAG(s) 'example_params_trigger_ui' retrieved from /home/airflow/.local/lib/python3.12/site-packages/airflow/example_dags/example_params_trigger_ui.py
[2026-08-12T05:10:16.910+0000] {logging_mixin.py:190} INFO - [2026-08-12T05:10:16.910+0000] {dag.py:3211} INFO - Sync 1 DAGs
[2026-08-12T05:10:16.923+0000] {logging_mixin.py:190} INFO - [2026-08-12T05:10:16.923+0000] {dag.py:4138} INFO - Setting next_dagrun for example_params_trigger_ui to None, run_after=None
[2026-08-12T05:10:16.943+0000] {processor.py:208} INFO - Processing /home/airflow/.local/lib/python3.12/site-packages/airflow/example_dags/example_params_trigger_ui.py took 0.104 seconds
[2026-08-12T05:10:47.119+0000] {processor.py:186} INFO - Started process (PID=4732) to work on /home/airflow/.local/lib/python3.12/site-packages/airflow/example_dags/example_params_trigger_ui.py
[2026-08-12T05:10:47.121+0000] {processor.py:914} INFO - Processing file /home/airflow/.local/lib/python3.12/site-packages/airflow/example_dags/example_params_trigger_ui.py for tasks to queue
[2026-08-12T05:10:47.125+0000] {logging_mixin.py:190} INFO - [2026-08-12T05:10:47.124+0000] {dagbag.py:587} INFO - Filling up the DagBag from /home/airflow/.local/lib/python3.12/site-packages/airflow/example_dags/example_params_trigger_ui.py
[2026-08-12T05:10:47.143+0000] {processor.py:925} INFO - DAG(s) 'example_params_trigger_ui' retrieved from /home/airflow/.local/lib/python3.12/site-packages/airflow/example_dags/example_params_trigger_ui.py
[2026-08-12T05:10:47.206+0000] {logging_mixin.py:190} INFO - [2026-08-12T05:10:47.205+0000] {dag.py:3211} INFO - Sync 1 DAGs
[2026-08-12T05:10:47.238+0000] {logging_mixin.py:190} INFO - [2026-08-12T05:10:47.237+0000] {dag.py:4138} INFO - Setting next_dagrun for example_params_trigger_ui to None, run_after=None
[2026-08-12T05:10:47.275+0000] {processor.py:208} INFO - Processing /home/airflow/.local/lib/python3.12/site-packages/airflow/example_dags/example_params_trigger_ui.py took 0.164 seconds
[2026-08-12T05:11:17.598+0000] {processor.py:186} INFO - Started process (PID=4795) to work on /home/airflow/.local/lib/python3.12/site-packages/airflow/example_dags/example_params_trigger_ui.py
[2026-08-12T05:11:17.600+0000] {processor.py:914} INFO - Processing file /home/airflow/.local/lib/python3.12/site-packages/airflow/example_dags/example_params_trigger_ui.py for tasks to queue
[2026-08-12T05:11:17.605+0000] {logging_mixin.py:190} INFO - [2026-08-12T05:11:17.604+0000] {dagbag.py:587} INFO - Filling up the DagBag from /home/airflow/.local/lib/python3.12/site-packages/airflow/example_dags/example_params_trigger_ui.py
[2026-08-12T05:11:17.621+0000] {processor.py:925} INFO - DAG(s) 'example_params_trigger_ui' retrieved from /home/airflow/.local/lib/python3.12/site-packages/airflow/example_dags/example_params_trigger_ui.py
[2026-08-12T05:11:17.677+0000] {logging_mixin.py:190} INFO - [2026-08-12T05:11:17.676+0000] {dag.py:3211} INFO - Sync 1 DAGs
[2026-08-12T05:11:17.695+0000] {logging_mixin.py:190} INFO - [2026-08-12T05:11:17.695+0000] {dag.py:4138} INFO - Setting next_dagrun for example_params_trigger_ui to None, run_after=None
[2026-08-12T05:11:17.724+0000] {processor.py:208} INFO - Processing /home/airflow/.local/lib/python3.12/site-packages/airflow/example_dags/example_params_trigger_ui.py took 0.133 seconds
[2026-08-12T05:11:48.236+0000] {processor.py:186} INFO - Started process (PID=4858) to work on /home/airflow/.local/lib/python3.12/site-packages/airflow/example_dags/example_params_trigger_ui.py
[2026-08-12T05:11:48.238+0000] {processor.py:914} INFO - Processing file /home/airflow/.local/lib/python3.12/site-packages/airflow/example_dags/example_params_trigger_ui.py for tasks to queue
[2026-08-12T05:11:48.241+0000] {logging_mixin.py:190} INFO - [2026-08-12T05:11:48.241+0000] {dagbag.py:587} INFO - Filling up the DagBag from /home/airflow/.local/lib/python3.12/site-packages/airflow/example_dags/example_params_trigger_ui.py
[2026-08-12T05:11:48.255+0000] {processor.py:925} INFO - DAG(s) 'example_params_trigger_ui' retrieved from /home/airflow/.local/lib/python3.12/site-packages/airflow/example_dags/example_params_trigger_ui.py
[2026-08-12T05:11:48.336+0000] {logging_mixin.py:190} INFO - [2026-08-12T05:11:48.336+0000] {dag.py:3211} INFO - Sync 1 DAGs
[2026-08-12T05:11:48.354+0000] {logging_mixin.py:190} INFO - [2026-08-12T05:11:48.354+0000] {dag.py:4138} INFO - Setting next_dagrun for example_params_trigger_ui to None, run_after=None
[2026-08-12T05:11:48.374+0000] {processor.py:208} INFO - Processing /home/airflow/.local/lib/python3.12/site-packages/airflow/example_dags/example_params_trigger_ui.py took 0.145 seconds
[2026-08-12T05:12:18.881+0000] {processor.py:186} INFO - Started process (PID=4921) to work on /home/airflow/.local/lib/python3.12/site-packages/airflow/example_dags/example_params_trigger_ui.py
[2026-08-12T05:12:18.884+0000] {processor.py:914} INFO - Processing file /home/airflow/.local/lib/python3.12/site-packages/airflow/example_dags/example_params_trigger_ui.py for tasks to queue
[2026-08-12T05:12:18.888+0000] {logging_mixin.py:190} INFO - [2026-08-12T05:12:18.887+0000] {dagbag.py:587} INFO - Filling up the DagBag from /home/airflow/.local/lib/python3.12/site-packages/airflow/example_dags/example_params_trigger_ui.py
[2026-08-12T05:12:18.906+0000] {processor.py:925} INFO - DAG(s) 'example_params_trigger_ui' retrieved from /home/airflow/.local/lib/python3.12/site-packages/airflow/example_dags/example_params_trigger_ui.py
[2026-08-12T05:12:18.951+0000] {logging_mixin.py:190} INFO - [2026-08-12T05:12:18.951+0000] {dag.py:3211} INFO - Sync 1 DAGs
[2026-08-12T05:12:18.967+0000] {logging_mixin.py:190} INFO - [2026-08-12T05:12:18.967+0000] {dag.py:4138} INFO - Setting next_dagrun for example_params_trigger_ui to None, run_after=None
[2026-08-12T05:12:18.987+0000] {processor.py:208} INFO - Processing /home/airflow/.local/lib/python3.12/site-packages/airflow/example_dags/example_params_trigger_ui.py took 0.118 seconds
[2026-08-12T05:12:49.400+0000] {processor.py:186} INFO - Started process (PID=4984) to work on /home/airflow/.local/lib/python3.12/site-packages/airflow/example_dags/example_params_trigger_ui.py
[2026-08-12T05:12:49.401+0000] {processor.py:914} INFO - Processing file /home/airflow/.local/lib/python3.12/site-packages/airflow/example_dags/example_params_trigger_ui.py for tasks to queue
[2026-08-12T05:12:49.404+0000] {logging_mixin.py:190} INFO - [2026-08-12T05:12:49.404+0000] {dagbag.py:587} INFO - Filling up the DagBag from /home/airflow/.local/lib/python3.12/site-packages/airflow/example_dags/example_params_trigger_ui.py
[2026-08-12T05:12:49.415+0000] {processor.py:925} INFO - DAG(s) 'example_params_trigger_ui' retrieved from /home/airflow/.local/lib/python3.12/site-packages/airflow/example_dags/example_params_trigger_ui.py
[2026-08-12T05:12:49.451+0000] {logging_mixin.py:190} INFO - [2026-08-12T05:12:49.451+0000] {dag.py:3211} INFO - Sync 1 DAGs
[2026-08-12T05:12:49.464+0000] {logging_mixin.py:190} INFO - [2026-08-12T05:12:49.464+0000] {dag.py:4138} INFO - Setting next_dagrun for example_params_trigger_ui to None, run_after=None
[2026-08-12T05:12:49.483+0000] {processor.py:208} INFO - Processing /home/airflow/.local/lib/python3.12/site-packages/airflow/example_dags/example_params_trigger_ui.py took 0.089 seconds
[2026-08-12T05:13:19.952+0000] {processor.py:186} INFO - Started process (PID=5047) to work on /home/airflow/.local/lib/python3.12/site-packages/airflow/example_dags/example_params_trigger_ui.py
[2026-08-12T05:13:19.954+0000] {processor.py:914} INFO - Processing file /home/airflow/.local/lib/python3.12/site-packages/airflow/example_dags/example_params_trigger_ui.py for tasks to queue
[2026-08-12T05:13:19.958+0000] {logging_mixin.py:190} INFO - [2026-08-12T05:13:19.957+0000] {dagbag.py:587} INFO - Filling up the DagBag from /home/airflow/.local/lib/python3.12/site-packages/airflow/example_dags/example_params_trigger_ui.py
[2026-08-12T05:13:19.971+0000] {processor.py:925} INFO - DAG(s) 'example_params_trigger_ui' retrieved from /home/airflow/.local/lib/python3.12/site-packages/airflow/example_dags/example_params_trigger_ui.py
[2026-08-12T05:13:20.013+0000] {logging_mixin.py:190} INFO - [2026-08-12T05:13:20.012+0000] {dag.py:3211} INFO - Sync 1 DAGs
[2026-08-12T05:13:20.032+0000] {logging_mixin.py:190} INFO - [2026-08-12T05:13:20.031+0000] {dag.py:4138} INFO - Setting next_dagrun for example_params_trigger_ui to None, run_after=None
[2026-08-12T05:13:20.058+0000] {processor.py:208} INFO - Processing /home/airflow/.local/lib/python3.12/site-packages/airflow/example_dags/example_params_trigger_ui.py took 0.113 seconds
[2026-08-12T05:13:50.299+0000] {processor.py:186} INFO - Started process (PID=5110) to work on /home/airflow/.local/lib/python3.12/site-packages/airflow/example_dags/example_params_trigger_ui.py
[2026-08-12T05:13:50.301+0000] {processor.py:914} INFO - Processing file /home/airflow/.local/lib/python3.12/site-packages/airflow/example_dags/example_params_trigger_ui.py for tasks to queue
[2026-08-12T05:13:50.305+0000] {logging_mixin.py:190} INFO - [2026-08-12T05:13:50.304+0000] {dagbag.py:587} INFO - Filling up the DagBag from /home/airflow/.local/lib/python3.12/site-packages/airflow/example_dags/example_params_trigger_ui.py
[2026-08-12T05:13:50.317+0000] {processor.py:925} INFO - DAG(s) 'example_params_trigger_ui' retrieved from /home/airflow/.local/lib/python3.12/site-packages/airflow/example_dags/example_params_trigger_ui.py
[2026-08-12T05:13:50.374+0000] {logging_mixin.py:190} INFO - [2026-08-12T05:13:50.373+0000] {dag.py:3211} INFO - Sync 1 DAGs
[2026-08-12T05:13:50.396+0000] {logging_mixin.py:190} INFO - [2026-08-12T05:13:50.396+0000] {dag.py:4138} INFO - Setting next_dagrun for example_params_trigger_ui to None, run_after=None
[2026-08-12T05:13:50.422+0000] {processor.py:208} INFO - Processing /home/airflow/.local/lib/python3.12/site-packages/airflow/example_dags/example_params_trigger_ui.py took 0.128 seconds
[2026-08-12T05:14:20.839+0000] {processor.py:186} INFO - Started process (PID=5173) to work on /home/airflow/.local/lib/python3.12/site-packages/airflow/example_dags/example_params_trigger_ui.py
[2026-08-12T05:14:20.840+0000] {processor.py:914} INFO - Processing file /home/airflow/.local/lib/python3.12/site-packages/airflow/example_dags/example_params_trigger_ui.py for tasks to queue
[2026-08-12T05:14:20.844+0000] {logging_mixin.py:190} INFO - [2026-08-12T05:14:20.844+0000] {dagbag.py:587} INFO - Filling up the DagBag from /home/airflow/.local/lib/python3.12/site-packages/airflow/example_dags/example_params_trigger_ui.py
[2026-08-12T05:14:20.856+0000] {processor.py:925} INFO - DAG(s) 'example_params_trigger_ui' retrieved from /home/airflow/.local/lib/python3.12/site-packages/airflow/example_dags/example_params_trigger_ui.py
[2026-08-12T05:14:20.893+0000] {logging_mixin.py:190} INFO - [2026-08-12T05:14:20.893+0000] {dag.py:3211} INFO - Sync 1 DAGs
[2026-08-12T05:14:20.907+0000] {logging_mixin.py:190} INFO - [2026-08-12T05:14:20.907+0000] {dag.py:4138} INFO - Setting next_dagrun for example_params_trigger_ui to None, run_after=None
[2026-08-12T05:14:20.928+0000] {processor.py:208} INFO - Processing /home/airflow/.local/lib/python3.12/site-packages/airflow/example_dags/example_params_trigger_ui.py took 0.096 seconds
[2026-08-12T05:14:51.398+0000] {processor.py:186} INFO - Started process (PID=5236) to work on /home/airflow/.local/lib/python3.12/site-packages/airflow/example_dags/example_params_trigger_ui.py
[2026-08-12T05:14:51.399+0000] {processor.py:914} INFO - Processing file /home/airflow/.local/lib/python3.12/site-packages/airflow/example_dags/example_params_trigger_ui.py for tasks to queue
[2026-08-12T05:14:51.402+0000] {logging_mixin.py:190} INFO - [2026-08-12T05:14:51.402+0000] {dagbag.py:587} INFO - Filling up the DagBag from /home/airflow/.local/lib/python3.12/site-packages/airflow/example_dags/example_params_trigger_ui.py
[2026-08-12T05:14:51.414+0000] {processor.py:925} INFO - DAG(s) 'example_params_trigger_ui' retrieved from /home/airflow/.local/lib/python3.12/site-packages/airflow/example_dags/example_params_trigger_ui.py
[2026-08-12T05:14:51.452+0000] {logging_mixin.py:190} INFO - [2026-08-12T05:14:51.452+0000] {dag.py:3211} INFO - Sync 1 DAGs
[2026-08-12T05:14:51.469+0000] {logging_mixin.py:190} INFO - [2026-08-12T05:14:51.468+0000] {dag.py:4138} INFO - Setting next_dagrun for example_params_trigger_ui to None, run_after=None
[2026-08-12T05:14:51.496+0000] {processor.py:208} INFO - Processing /home/airflow/.local/lib/python3.12/site-packages/airflow/example_dags/example_params_trigger_ui.py took 0.104 seconds
[2026-08-12T05:15:22.210+0000] {processor.py:186} INFO - Started process (PID=5299) to work on /home/airflow/.local/lib/python3.12/site-packages/airflow/example_dags/example_params_trigger_ui.py
[2026-08-12T05:15:22.212+0000] {processor.py:914} INFO - Processing file /home/airflow/.local/lib/python3.12/site-packages/airflow/example_dags/example_params_trigger_ui.py for tasks to queue
[2026-08-12T05:15:22.215+0000] {logging_mixin.py:190} INFO - [2026-08-12T05:15:22.214+0000] {dagbag.py:587} INFO - Filling up the DagBag from /home/airflow/.local/lib/python3.12/site-packages/airflow/example_dags/example_params_trigger_ui.py
[2026-08-12T05:15:22.225+0000] {processor.py:925} INFO - DAG(s) 'example_params_trigger_ui' retrieved from /home/airflow/.local/lib/python3.12/site-packages/airflow/example_dags/example_params_trigger_ui.py
[2026-08-12T05:15:22.273+0000] {logging_mixin.py:190} INFO - [2026-08-12T05:15:22.273+0000] {dag.py:3211} INFO - Sync 1 DAGs
[2026-08-12T05:15:22.287+0000] {logging_mixin.py:190} INFO - [2026-08-12T05:15:22.287+0000] {dag.py:4138} INFO - Setting next_dagrun for example_params_trigger_ui to None, run_after=None
[2026-08-12T05:15:22.311+0000] {processor.py:208} INFO - Processing /home/airflow/.local/lib/python3.12/site-packages/airflow/example_dags/example_params_trigger_ui.py took 0.107 seconds
[2026-08-12T05:15:52.765+0000] {processor.py:186} INFO - Started process (PID=5362) to work on /home/airflow/.local/lib/python3.12/site-packages/airflow/example_dags/example_params_trigger_ui.py
[2026-08-12T05:15:52.766+0000] {processor.py:914} INFO - Processing file /home/airflow/.local/lib/python3.12/site-packages/airflow/example_dags/example_params_trigger_ui.py for tasks to queue
[2026-08-12T05:15:52.769+0000] {logging_mixin.py:190} INFO - [2026-08-12T05:15:52.769+0000] {dagbag.py:587} INFO - Filling up the DagBag from /home/airflow/.local/lib/python3.12/site-packages/airflow/example_dags/example_params_trigger_ui.py
[2026-08-12T05:15:52.781+0000] {processor.py:925} INFO - DAG(s) 'example_params_trigger_ui' retrieved from /home/airflow/.local/lib/python3.12/site-packages/airflow/example_dags/example_params_trigger_ui.py
[2026-08-12T05:15:52.820+0000] {logging_mixin.py:190} INFO - [2026-08-12T05:15:52.820+0000] {dag.py:3211} INFO - Sync 1 DAGs
[2026-08-12T05:15:52.837+0000] {logging_mixin.py:190} INFO - [2026-08-12T05:15:52.837+0000] {dag.py:4138} INFO - Setting next_dagrun for example_params_trigger_ui to None, run_after=None
[2026-08-12T05:15:52.857+0000] {processor.py:208} INFO - Processing /home/airflow/.local/lib/python3.12/site-packages/airflow/example_dags/example_params_trigger_ui.py took 0.098 seconds
[2026-08-12T05:16:23.262+0000] {processor.py:186} INFO - Started process (PID=5425) to work on /home/airflow/.local/lib/python3.12/site-packages/airflow/example_dags/example_params_trigger_ui.py
[2026-08-12T05:16:23.263+0000] {processor.py:914} INFO - Processing file /home/airflow/.local/lib/python3.12/site-packages/airflow/example_dags/example_params_trigger_ui.py for tasks to queue
[2026-08-12T05:16:23.267+0000] {logging_mixin.py:190} INFO - [2026-08-12T05:16:23.266+0000] {dagbag.py:587} INFO - Filling up the DagBag from /home/airflow/.local/lib/python3.12/site-packages/airflow/example_dags/example_params_trigger_ui.py
[2026-08-12T05:16:23.279+0000] {processor.py:925} INFO - DAG(s) 'example_params_trigger_ui' retrieved from /home/airflow/.local/lib/python3.12/site-packages/airflow/example_dags/example_params_trigger_ui.py
[2026-08-12T05:16:23.342+0000] {logging_mixin.py:190} INFO - [2026-08-12T05:16:23.341+0000] {dag.py:3211} INFO - Sync 1 DAGs
[2026-08-12T05:16:23.359+0000] {logging_mixin.py:190} INFO - [2026-08-12T05:16:23.359+0000] {dag.py:4138} INFO - Setting next_dagrun for example_params_trigger_ui to None, run_after=None
[2026-08-12T05:16:23.383+0000] {processor.py:208} INFO - Processing /home/airflow/.local/lib/python3.12/site-packages/airflow/example_dags/example_params_trigger_ui.py took 0.127 seconds
[2026-08-12T05:16:53.885+0000] {processor.py:186} INFO - Started process (PID=5488) to work on /home/airflow/.local/lib/python3.12/site-packages/airflow/example_dags/example_params_trigger_ui.py
[2026-08-12T05:16:53.886+0000] {processor.py:914} INFO - Processing file /home/airflow/.local/lib/python3.12/site-packages/airflow/example_dags/example_params_trigger_ui.py for tasks to queue
[2026-08-12T05:16:53.890+0000] {logging_mixin.py:190} INFO - [2026-08-12T05:16:53.889+0000] {dagbag.py:587} INFO - Filling up the DagBag from /home/airflow/.local/lib/python3.12/site-packages/airflow/example_dags/example_params_trigger_ui.py
[2026-08-12T05:16:53.903+0000] {processor.py:925} INFO - DAG(s) 'example_params_trigger_ui' retrieved from /home/airflow/.local/lib/python3.12/site-packages/airflow/example_dags/example_params_trigger_ui.py
[2026-08-12T05:16:53.946+0000] {logging_mixin.py:190} INFO - [2026-08-12T05:16:53.946+0000] {dag.py:3211} INFO - Sync 1 DAGs
[2026-08-12T05:16:53.961+0000] {logging_mixin.py:190} INFO - [2026-08-12T05:16:53.961+0000] {dag.py:4138} INFO - Setting next_dagrun for example_params_trigger_ui to None, run_after=None
[2026-08-12T05:16:53.984+0000] {processor.py:208} INFO - Processing /home/airflow/.local/lib/python3.12/site-packages/airflow/example_dags/example_params_trigger_ui.py took 0.106 seconds
[2026-08-12T05:17:24.409+0000] {processor.py:186} INFO - Started process (PID=5551) to work on /home/airflow/.local/lib/python3.12/site-packages/airflow/example_dags/example_params_trigger_ui.py
[2026-08-12T05:17:24.410+0000] {processor.py:914} INFO - Processing file /home/airflow/.local/lib/python3.12/site-packages/airflow/example_dags/example_params_trigger_ui.py for tasks to queue
[2026-08-12T05:17:24.413+0000] {logging_mixin.py:190} INFO - [2026-08-12T05:17:24.413+0000] {dagbag.py:587} INFO - Filling up the DagBag from /home/airflow/.local/lib/python3.12/site-packages/airflow/example_dags/example_params_trigger_ui.py
[2026-08-12T05:17:24.427+0000] {processor.py:925} INFO - DAG(s) 'example_params_trigger_ui' retrieved from /home/airflow/.local/lib/python3.12/site-packages/airflow/example_dags/example_params_trigger_ui.py
[2026-08-12T05:17:24.464+0000] {logging_mixin.py:190} INFO - [2026-08-12T05:17:24.464+0000] {dag.py:3211} INFO - Sync 1 DAGs
[2026-08-12T05:17:24.479+0000] {logging_mixin.py:190} INFO - [2026-08-12T05:17:24.478+0000] {dag.py:4138} INFO - Setting next_dagrun for example_params_trigger_ui to None, run_after=None
[2026-08-12T05:17:24.500+0000] {processor.py:208} INFO - Processing /home/airflow/.local/lib/python3.12/site-packages/airflow/example_dags/example_params_trigger_ui.py took 0.097 seconds
[2026-08-12T05:17:55.292+0000] {processor.py:186} INFO - Started process (PID=5614) to work on /home/airflow/.local/lib/python3.12/site-packages/airflow/example_dags/example_params_trigger_ui.py
[2026-08-12T05:17:55.295+0000] {processor.py:914} INFO - Processing file /home/airflow/.local/lib/python3.12/site-packages/airflow/example_dags/example_params_trigger_ui.py for tasks to queue
[2026-08-12T05:17:55.298+0000] {logging_mixin.py:190} INFO - [2026-08-12T05:17:55.298+0000] {dagbag.py:587} INFO - Filling up the DagBag from /home/airflow/.local/lib/python3.12/site-packages/airflow/example_dags/example_params_trigger_ui.py
[2026-08-12T05:17:55.314+0000] {processor.py:925} INFO - DAG(s) 'example_params_trigger_ui' retrieved from /home/airflow/.local/lib/python3.12/site-packages/airflow/example_dags/example_params_trigger_ui.py
[2026-08-12T05:17:55.371+0000] {logging_mixin.py:190} INFO - [2026-08-12T05:17:55.371+0000] {dag.py:3211} INFO - Sync 1 DAGs
[2026-08-12T05:17:55.394+0000] {logging_mixin.py:190} INFO - [2026-08-12T05:17:55.393+0000] {dag.py:4138} INFO - Setting next_dagrun for example_params_trigger_ui to None, run_after=None
[2026-08-12T05:17:55.503+0000] {processor.py:208} INFO - Processing /home/airflow/.local/lib/python3.12/site-packages/airflow/example_dags/example_params_trigger_ui.py took 0.220 seconds
[2026-08-12T05:18:26.190+0000] {processor.py:186} INFO - Started process (PID=5677) to work on /home/airflow/.local/lib/python3.12/site-packages/airflow/example_dags/example_params_trigger_ui.py
[2026-08-12T05:18:26.192+0000] {processor.py:914} INFO - Processing file /home/airflow/.local/lib/python3.12/site-packages/airflow/example_dags/example_params_trigger_ui.py for tasks to queue
[2026-08-12T05:18:26.196+0000] {logging_mixin.py:190} INFO - [2026-08-12T05:18:26.195+0000] {dagbag.py:587} INFO - Filling up the DagBag from /home/airflow/.local/lib/python3.12/site-packages/airflow/example_dags/example_params_trigger_ui.py
[2026-08-12T05:18:26.212+0000] {processor.py:925} INFO - DAG(s) 'example_params_trigger_ui' retrieved from /home/airflow/.local/lib/python3.12/site-packages/airflow/example_dags/example_params_trigger_ui.py
[2026-08-12T05:18:26.265+0000] {logging_mixin.py:190} INFO - [2026-08-12T05:18:26.264+0000] {dag.py:3211} INFO - Sync 1 DAGs
[2026-08-12T05:18:26.287+0000] {logging_mixin.py:190} INFO - [2026-08-12T05:18:26.287+0000] {dag.py:4138} INFO - Setting next_dagrun for example_params_trigger_ui to None, run_after=None
[2026-08-12T05:18:26.315+0000] {processor.py:208} INFO - Processing /home/airflow/.local/lib/python3.12/site-packages/airflow/example_dags/example_params_trigger_ui.py took 0.133 seconds
[2026-08-12T05:19:00.106+0000] {processor.py:186} INFO - Started process (PID=5740) to work on /home/airflow/.local/lib/python3.12/site-packages/airflow/example_dags/example_params_trigger_ui.py
[2026-08-12T05:19:00.177+0000] {processor.py:914} INFO - Processing file /home/airflow/.local/lib/python3.12/site-packages/airflow/example_dags/example_params_trigger_ui.py for tasks to queue
[2026-08-12T05:19:00.211+0000] {logging_mixin.py:190} INFO - [2026-08-12T05:19:00.210+0000] {dagbag.py:587} INFO - Filling up the DagBag from /home/airflow/.local/lib/python3.12/site-packages/airflow/example_dags/example_params_trigger_ui.py
[2026-08-12T05:19:00.321+0000] {processor.py:925} INFO - DAG(s) 'example_params_trigger_ui' retrieved from /home/airflow/.local/lib/python3.12/site-packages/airflow/example_dags/example_params_trigger_ui.py
[2026-08-12T05:19:00.689+0000] {logging_mixin.py:190} INFO - [2026-08-12T05:19:00.689+0000] {dag.py:3211} INFO - Sync 1 DAGs
[2026-08-12T05:19:03.269+0000] {logging_mixin.py:190} INFO - [2026-08-12T05:19:03.268+0000] {dag.py:4138} INFO - Setting next_dagrun for example_params_trigger_ui to None, run_after=None
[2026-08-12T05:19:03.407+0000] {processor.py:208} INFO - Processing /home/airflow/.local/lib/python3.12/site-packages/airflow/example_dags/example_params_trigger_ui.py took 3.348 seconds
[2026-08-12T05:19:33.968+0000] {processor.py:186} INFO - Started process (PID=5804) to work on /home/airflow/.local/lib/python3.12/site-packages/airflow/example_dags/example_params_trigger_ui.py
[2026-08-12T05:19:33.970+0000] {processor.py:914} INFO - Processing file /home/airflow/.local/lib/python3.12/site-packages/airflow/example_dags/example_params_trigger_ui.py for tasks to queue
[2026-08-12T05:19:33.976+0000] {logging_mixin.py:190} INFO - [2026-08-12T05:19:33.975+0000] {dagbag.py:587} INFO - Filling up the DagBag from /home/airflow/.local/lib/python3.12/site-packages/airflow/example_dags/example_params_trigger_ui.py
[2026-08-12T05:19:34.004+0000] {processor.py:925} INFO - DAG(s) 'example_params_trigger_ui' retrieved from /home/airflow/.local/lib/python3.12/site-packages/airflow/example_dags/example_params_trigger_ui.py
[2026-08-12T05:19:34.101+0000] {logging_mixin.py:190} INFO - [2026-08-12T05:19:34.100+0000] {dag.py:3211} INFO - Sync 1 DAGs
[2026-08-12T05:19:34.133+0000] {logging_mixin.py:190} INFO - [2026-08-12T05:19:34.132+0000] {dag.py:4138} INFO - Setting next_dagrun for example_params_trigger_ui to None, run_after=None
[2026-08-12T05:19:34.188+0000] {processor.py:208} INFO - Processing /home/airflow/.local/lib/python3.12/site-packages/airflow/example_dags/example_params_trigger_ui.py took 0.232 seconds
[2026-08-12T05:20:04.380+0000] {processor.py:186} INFO - Started process (PID=5867) to work on /home/airflow/.local/lib/python3.12/site-packages/airflow/example_dags/example_params_trigger_ui.py
[2026-08-12T05:20:04.383+0000] {processor.py:914} INFO - Processing file /home/airflow/.local/lib/python3.12/site-packages/airflow/example_dags/example_params_trigger_ui.py for tasks to queue
[2026-08-12T05:20:04.399+0000] {logging_mixin.py:190} INFO - [2026-08-12T05:20:04.398+0000] {dagbag.py:587} INFO - Filling up the DagBag from /home/airflow/.local/lib/python3.12/site-packages/airflow/example_dags/example_params_trigger_ui.py
[2026-08-12T05:20:04.445+0000] {processor.py:925} INFO - DAG(s) 'example_params_trigger_ui' retrieved from /home/airflow/.local/lib/python3.12/site-packages/airflow/example_dags/example_params_trigger_ui.py
[2026-08-12T05:20:04.617+0000] {logging_mixin.py:190} INFO - [2026-08-12T05:20:04.617+0000] {dag.py:3211} INFO - Sync 1 DAGs
[2026-08-12T05:20:04.656+0000] {logging_mixin.py:190} INFO - [2026-08-12T05:20:04.656+0000] {dag.py:4138} INFO - Setting next_dagrun for example_params_trigger_ui to None, run_after=None
[2026-08-12T05:20:04.789+0000] {processor.py:208} INFO - Processing /home/airflow/.local/lib/python3.12/site-packages/airflow/example_dags/example_params_trigger_ui.py took 0.429 seconds
[2026-08-12T05:20:36.914+0000] {processor.py:186} INFO - Started process (PID=5936) to work on /home/airflow/.local/lib/python3.12/site-packages/airflow/example_dags/example_params_trigger_ui.py
[2026-08-12T05:20:36.921+0000] {processor.py:914} INFO - Processing file /home/airflow/.local/lib/python3.12/site-packages/airflow/example_dags/example_params_trigger_ui.py for tasks to queue
[2026-08-12T05:20:36.930+0000] {logging_mixin.py:190} INFO - [2026-08-12T05:20:36.929+0000] {dagbag.py:587} INFO - Filling up the DagBag from /home/airflow/.local/lib/python3.12/site-packages/airflow/example_dags/example_params_trigger_ui.py
[2026-08-12T05:20:36.962+0000] {processor.py:925} INFO - DAG(s) 'example_params_trigger_ui' retrieved from /home/airflow/.local/lib/python3.12/site-packages/airflow/example_dags/example_params_trigger_ui.py
[2026-08-12T05:20:37.103+0000] {logging_mixin.py:190} INFO - [2026-08-12T05:20:37.103+0000] {dag.py:3211} INFO - Sync 1 DAGs
[2026-08-12T05:20:37.174+0000] {logging_mixin.py:190} INFO - [2026-08-12T05:20:37.173+0000] {dag.py:4138} INFO - Setting next_dagrun for example_params_trigger_ui to None, run_after=None
[2026-08-12T05:20:37.278+0000] {processor.py:208} INFO - Processing /home/airflow/.local/lib/python3.12/site-packages/airflow/example_dags/example_params_trigger_ui.py took 0.396 seconds
[2026-08-12T05:21:07.489+0000] {processor.py:186} INFO - Started process (PID=6000) to work on /home/airflow/.local/lib/python3.12/site-packages/airflow/example_dags/example_params_trigger_ui.py
[2026-08-12T05:21:07.491+0000] {processor.py:914} INFO - Processing file /home/airflow/.local/lib/python3.12/site-packages/airflow/example_dags/example_params_trigger_ui.py for tasks to queue
[2026-08-12T05:21:07.495+0000] {logging_mixin.py:190} INFO - [2026-08-12T05:21:07.494+0000] {dagbag.py:587} INFO - Filling up the DagBag from /home/airflow/.local/lib/python3.12/site-packages/airflow/example_dags/example_params_trigger_ui.py
[2026-08-12T05:21:07.511+0000] {processor.py:925} INFO - DAG(s) 'example_params_trigger_ui' retrieved from /home/airflow/.local/lib/python3.12/site-packages/airflow/example_dags/example_params_trigger_ui.py
[2026-08-12T05:21:07.569+0000] {logging_mixin.py:190} INFO - [2026-08-12T05:21:07.568+0000] {dag.py:3211} INFO - Sync 1 DAGs
[2026-08-12T05:21:07.592+0000] {logging_mixin.py:190} INFO - [2026-08-12T05:21:07.591+0000] {dag.py:4138} INFO - Setting next_dagrun for example_params_trigger_ui to None, run_after=None
[2026-08-12T05:21:07.621+0000] {processor.py:208} INFO - Processing /home/airflow/.local/lib/python3.12/site-packages/airflow/example_dags/example_params_trigger_ui.py took 0.140 seconds
[2026-08-12T05:21:38.214+0000] {processor.py:186} INFO - Started process (PID=6065) to work on /home/airflow/.local/lib/python3.12/site-packages/airflow/example_dags/example_params_trigger_ui.py
[2026-08-12T05:21:38.215+0000] {processor.py:914} INFO - Processing file /home/airflow/.local/lib/python3.12/site-packages/airflow/example_dags/example_params_trigger_ui.py for tasks to queue
[2026-08-12T05:21:38.220+0000] {logging_mixin.py:190} INFO - [2026-08-12T05:21:38.219+0000] {dagbag.py:587} INFO - Filling up the DagBag from /home/airflow/.local/lib/python3.12/site-packages/airflow/example_dags/example_params_trigger_ui.py
[2026-08-12T05:21:38.239+0000] {processor.py:925} INFO - DAG(s) 'example_params_trigger_ui' retrieved from /home/airflow/.local/lib/python3.12/site-packages/airflow/example_dags/example_params_trigger_ui.py
[2026-08-12T05:21:38.313+0000] {logging_mixin.py:190} INFO - [2026-08-12T05:21:38.313+0000] {dag.py:3211} INFO - Sync 1 DAGs
[2026-08-12T05:21:38.331+0000] {logging_mixin.py:190} INFO - [2026-08-12T05:21:38.331+0000] {dag.py:4138} INFO - Setting next_dagrun for example_params_trigger_ui to None, run_after=None
[2026-08-12T05:21:38.359+0000] {processor.py:208} INFO - Processing /home/airflow/.local/lib/python3.12/site-packages/airflow/example_dags/example_params_trigger_ui.py took 0.153 seconds
[2026-08-12T05:22:08.697+0000] {processor.py:186} INFO - Started process (PID=6129) to work on /home/airflow/.local/lib/python3.12/site-packages/airflow/example_dags/example_params_trigger_ui.py
[2026-08-12T05:22:08.698+0000] {processor.py:914} INFO - Processing file /home/airflow/.local/lib/python3.12/site-packages/airflow/example_dags/example_params_trigger_ui.py for tasks to queue
[2026-08-12T05:22:08.701+0000] {logging_mixin.py:190} INFO - [2026-08-12T05:22:08.701+0000] {dagbag.py:587} INFO - Filling up the DagBag from /home/airflow/.local/lib/python3.12/site-packages/airflow/example_dags/example_params_trigger_ui.py
[2026-08-12T05:22:08.712+0000] {processor.py:925} INFO - DAG(s) 'example_params_trigger_ui' retrieved from /home/airflow/.local/lib/python3.12/site-packages/airflow/example_dags/example_params_trigger_ui.py
[2026-08-12T05:22:08.756+0000] {logging_mixin.py:190} INFO - [2026-08-12T05:22:08.755+0000] {dag.py:3211} INFO - Sync 1 DAGs
[2026-08-12T05:22:08.773+0000] {logging_mixin.py:190} INFO - [2026-08-12T05:22:08.773+0000] {dag.py:4138} INFO - Setting next_dagrun for example_params_trigger_ui to None, run_after=None
[2026-08-12T05:22:08.798+0000] {processor.py:208} INFO - Processing /home/airflow/.local/lib/python3.12/site-packages/airflow/example_dags/example_params_trigger_ui.py took 0.106 seconds
[2026-08-12T05:22:39.004+0000] {processor.py:186} INFO - Started process (PID=6192) to work on /home/airflow/.local/lib/python3.12/site-packages/airflow/example_dags/example_params_trigger_ui.py
[2026-08-12T05:22:39.006+0000] {processor.py:914} INFO - Processing file /home/airflow/.local/lib/python3.12/site-packages/airflow/example_dags/example_params_trigger_ui.py for tasks to queue
[2026-08-12T05:22:39.009+0000] {logging_mixin.py:190} INFO - [2026-08-12T05:22:39.009+0000] {dagbag.py:587} INFO - Filling up the DagBag from /home/airflow/.local/lib/python3.12/site-packages/airflow/example_dags/example_params_trigger_ui.py
[2026-08-12T05:22:39.023+0000] {processor.py:925} INFO - DAG(s) 'example_params_trigger_ui' retrieved from /home/airflow/.local/lib/python3.12/site-packages/airflow/example_dags/example_params_trigger_ui.py
[2026-08-12T05:22:39.068+0000] {logging_mixin.py:190} INFO - [2026-08-12T05:22:39.068+0000] {dag.py:3211} INFO - Sync 1 DAGs
[2026-08-12T05:22:39.084+0000] {logging_mixin.py:190} INFO - [2026-08-12T05:22:39.084+0000] {dag.py:4138} INFO - Setting next_dagrun for example_params_trigger_ui to None, run_after=None
[2026-08-12T05:22:39.105+0000] {processor.py:208} INFO - Processing /home/airflow/.local/lib/python3.12/site-packages/airflow/example_dags/example_params_trigger_ui.py took 0.107 seconds
[2026-08-12T05:23:09.474+0000] {processor.py:186} INFO - Started process (PID=6256) to work on /home/airflow/.local/lib/python3.12/site-packages/airflow/example_dags/example_params_trigger_ui.py
[2026-08-12T05:23:09.476+0000] {processor.py:914} INFO - Processing file /home/airflow/.local/lib/python3.12/site-packages/airflow/example_dags/example_params_trigger_ui.py for tasks to queue
[2026-08-12T05:23:09.479+0000] {logging_mixin.py:190} INFO - [2026-08-12T05:23:09.479+0000] {dagbag.py:587} INFO - Filling up the DagBag from /home/airflow/.local/lib/python3.12/site-packages/airflow/example_dags/example_params_trigger_ui.py
[2026-08-12T05:23:09.495+0000] {processor.py:925} INFO - DAG(s) 'example_params_trigger_ui' retrieved from /home/airflow/.local/lib/python3.12/site-packages/airflow/example_dags/example_params_trigger_ui.py
[2026-08-12T05:23:09.562+0000] {logging_mixin.py:190} INFO - [2026-08-12T05:23:09.561+0000] {dag.py:3211} INFO - Sync 1 DAGs
[2026-08-12T05:23:09.583+0000] {logging_mixin.py:190} INFO - [2026-08-12T05:23:09.583+0000] {dag.py:4138} INFO - Setting next_dagrun for example_params_trigger_ui to None, run_after=None
[2026-08-12T05:23:09.605+0000] {processor.py:208} INFO - Processing /home/airflow/.local/lib/python3.12/site-packages/airflow/example_dags/example_params_trigger_ui.py took 0.137 seconds
[2026-08-12T05:23:39.741+0000] {processor.py:186} INFO - Started process (PID=6320) to work on /home/airflow/.local/lib/python3.12/site-packages/airflow/example_dags/example_params_trigger_ui.py
[2026-08-12T05:23:39.743+0000] {processor.py:914} INFO - Processing file /home/airflow/.local/lib/python3.12/site-packages/airflow/example_dags/example_params_trigger_ui.py for tasks to queue
[2026-08-12T05:23:39.745+0000] {logging_mixin.py:190} INFO - [2026-08-12T05:23:39.745+0000] {dagbag.py:587} INFO - Filling up the DagBag from /home/airflow/.local/lib/python3.12/site-packages/airflow/example_dags/example_params_trigger_ui.py
[2026-08-12T05:23:39.756+0000] {processor.py:925} INFO - DAG(s) 'example_params_trigger_ui' retrieved from /home/airflow/.local/lib/python3.12/site-packages/airflow/example_dags/example_params_trigger_ui.py
[2026-08-12T05:23:39.800+0000] {logging_mixin.py:190} INFO - [2026-08-12T05:23:39.800+0000] {dag.py:3211} INFO - Sync 1 DAGs
[2026-08-12T05:23:39.822+0000] {logging_mixin.py:190} INFO - [2026-08-12T05:23:39.821+0000] {dag.py:4138} INFO - Setting next_dagrun for example_params_trigger_ui to None, run_after=None
[2026-08-12T05:23:39.861+0000] {processor.py:208} INFO - Processing /home/airflow/.local/lib/python3.12/site-packages/airflow/example_dags/example_params_trigger_ui.py took 0.125 seconds
[2026-08-12T05:24:10.774+0000] {processor.py:186} INFO - Started process (PID=6383) to work on /home/airflow/.local/lib/python3.12/site-packages/airflow/example_dags/example_params_trigger_ui.py
[2026-08-12T05:24:10.775+0000] {processor.py:914} INFO - Processing file /home/airflow/.local/lib/python3.12/site-packages/airflow/example_dags/example_params_trigger_ui.py for tasks to queue
[2026-08-12T05:24:10.779+0000] {logging_mixin.py:190} INFO - [2026-08-12T05:24:10.779+0000] {dagbag.py:587} INFO - Filling up the DagBag from /home/airflow/.local/lib/python3.12/site-packages/airflow/example_dags/example_params_trigger_ui.py
[2026-08-12T05:24:10.795+0000] {processor.py:925} INFO - DAG(s) 'example_params_trigger_ui' retrieved from /home/airflow/.local/lib/python3.12/site-packages/airflow/example_dags/example_params_trigger_ui.py
[2026-08-12T05:24:10.858+0000] {logging_mixin.py:190} INFO - [2026-08-12T05:24:10.858+0000] {dag.py:3211} INFO - Sync 1 DAGs
[2026-08-12T05:24:10.883+0000] {logging_mixin.py:190} INFO - [2026-08-12T05:24:10.883+0000] {dag.py:4138} INFO - Setting next_dagrun for example_params_trigger_ui to None, run_after=None
[2026-08-12T05:24:10.909+0000] {processor.py:208} INFO - Processing /home/airflow/.local/lib/python3.12/site-packages/airflow/example_dags/example_params_trigger_ui.py took 0.142 seconds
[2026-08-12T05:24:41.767+0000] {processor.py:186} INFO - Started process (PID=6446) to work on /home/airflow/.local/lib/python3.12/site-packages/airflow/example_dags/example_params_trigger_ui.py
[2026-08-12T05:24:41.769+0000] {processor.py:914} INFO - Processing file /home/airflow/.local/lib/python3.12/site-packages/airflow/example_dags/example_params_trigger_ui.py for tasks to queue
[2026-08-12T05:24:41.772+0000] {logging_mixin.py:190} INFO - [2026-08-12T05:24:41.771+0000] {dagbag.py:587} INFO - Filling up the DagBag from /home/airflow/.local/lib/python3.12/site-packages/airflow/example_dags/example_params_trigger_ui.py
[2026-08-12T05:24:41.782+0000] {processor.py:925} INFO - DAG(s) 'example_params_trigger_ui' retrieved from /home/airflow/.local/lib/python3.12/site-packages/airflow/example_dags/example_params_trigger_ui.py
[2026-08-12T05:24:41.823+0000] {logging_mixin.py:190} INFO - [2026-08-12T05:24:41.822+0000] {dag.py:3211} INFO - Sync 1 DAGs
[2026-08-12T05:24:41.837+0000] {logging_mixin.py:190} INFO - [2026-08-12T05:24:41.837+0000] {dag.py:4138} INFO - Setting next_dagrun for example_params_trigger_ui to None, run_after=None
[2026-08-12T05:24:41.873+0000] {processor.py:208} INFO - Processing /home/airflow/.local/lib/python3.12/site-packages/airflow/example_dags/example_params_trigger_ui.py took 0.111 seconds
[2026-08-12T05:25:12.105+0000] {processor.py:186} INFO - Started process (PID=6511) to work on /home/airflow/.local/lib/python3.12/site-packages/airflow/example_dags/example_params_trigger_ui.py
[2026-08-12T05:25:12.107+0000] {processor.py:914} INFO - Processing file /home/airflow/.local/lib/python3.12/site-packages/airflow/example_dags/example_params_trigger_ui.py for tasks to queue
[2026-08-12T05:25:12.109+0000] {logging_mixin.py:190} INFO - [2026-08-12T05:25:12.109+0000] {dagbag.py:587} INFO - Filling up the DagBag from /home/airflow/.local/lib/python3.12/site-packages/airflow/example_dags/example_params_trigger_ui.py
[2026-08-12T05:25:12.120+0000] {processor.py:925} INFO - DAG(s) 'example_params_trigger_ui' retrieved from /home/airflow/.local/lib/python3.12/site-packages/airflow/example_dags/example_params_trigger_ui.py
[2026-08-12T05:25:12.161+0000] {logging_mixin.py:190} INFO - [2026-08-12T05:25:12.161+0000] {dag.py:3211} INFO - Sync 1 DAGs
[2026-08-12T05:25:12.176+0000] {logging_mixin.py:190} INFO - [2026-08-12T05:25:12.175+0000] {dag.py:4138} INFO - Setting next_dagrun for example_params_trigger_ui to None, run_after=None
[2026-08-12T05:25:12.196+0000] {processor.py:208} INFO - Processing /home/airflow/.local/lib/python3.12/site-packages/airflow/example_dags/example_params_trigger_ui.py took 0.096 seconds
[2026-08-12T05:25:42.911+0000] {processor.py:186} INFO - Started process (PID=6574) to work on /home/airflow/.local/lib/python3.12/site-packages/airflow/example_dags/example_params_trigger_ui.py
[2026-08-12T05:25:42.913+0000] {processor.py:914} INFO - Processing file /home/airflow/.local/lib/python3.12/site-packages/airflow/example_dags/example_params_trigger_ui.py for tasks to queue
[2026-08-12T05:25:42.917+0000] {logging_mixin.py:190} INFO - [2026-08-12T05:25:42.916+0000] {dagbag.py:587} INFO - Filling up the DagBag from /home/airflow/.local/lib/python3.12/site-packages/airflow/example_dags/example_params_trigger_ui.py
[2026-08-12T05:25:42.930+0000] {processor.py:925} INFO - DAG(s) 'example_params_trigger_ui' retrieved from /home/airflow/.local/lib/python3.12/site-packages/airflow/example_dags/example_params_trigger_ui.py
[2026-08-12T05:25:42.985+0000] {logging_mixin.py:190} INFO - [2026-08-12T05:25:42.984+0000] {dag.py:3211} INFO - Sync 1 DAGs
[2026-08-12T05:25:43.000+0000] {logging_mixin.py:190} INFO - [2026-08-12T05:25:42.999+0000] {dag.py:4138} INFO - Setting next_dagrun for example_params_trigger_ui to None, run_after=None
[2026-08-12T05:25:43.023+0000] {processor.py:208} INFO - Processing /home/airflow/.local/lib/python3.12/site-packages/airflow/example_dags/example_params_trigger_ui.py took 0.119 seconds
