[2026-08-12T04:30:55.276+0000] {processor.py:186} INFO - Started process (PID=114) to work on /home/airflow/.local/lib/python3.12/site-packages/airflow/example_dags/example_branch_operator_decorator.py
[2026-08-12T04:30:55.279+0000] {processor.py:914} INFO - Processing file /home/airflow/.local/lib/python3.12/site-packages/airflow/example_dags/example_branch_operator_decorator.py for tasks to queue
[2026-08-12T04:30:55.289+0000] {logging_mixin.py:190} INFO - [2026-08-12T04:30:55.288+0000] {dagbag.py:587} INFO - Filling up the DagBag from /home/airflow/.local/lib/python3.12/site-packages/airflow/example_dags/example_branch_operator_decorator.py
[2026-08-12T04:30:55.328+0000] {processor.py:925} INFO - DAG(s) 'example_branch_python_operator_decorator' retrieved from /home/airflow/.local/lib/python3.12/site-packages/airflow/example_dags/example_branch_operator_decorator.py
[2026-08-12T04:30:55.669+0000] {logging_mixin.py:190} INFO - [2026-08-12T04:30:55.668+0000] {override.py:1858} INFO - Created Permission View: can edit on DAG:example_branch_python_operator_decorator
[2026-08-12T04:30:55.696+0000] {logging_mixin.py:190} INFO - [2026-08-12T04:30:55.696+0000] {override.py:1858} INFO - Created Permission View: can delete on DAG:example_branch_python_operator_decorator
[2026-08-12T04:30:55.713+0000] {logging_mixin.py:190} INFO - [2026-08-12T04:30:55.712+0000] {override.py:1858} INFO - Created Permission View: can read on DAG:example_branch_python_operator_decorator
[2026-08-12T04:30:55.716+0000] {logging_mixin.py:190} INFO - [2026-08-12T04:30:55.715+0000] {dag.py:3211} INFO - Sync 1 DAGs
[2026-08-12T04:30:55.745+0000] {logging_mixin.py:190} INFO - [2026-08-12T04:30:55.744+0000] {dag.py:3234} INFO - Creating ORM DAG for example_branch_python_operator_decorator
[2026-08-12T04:30:55.768+0000] {logging_mixin.py:190} INFO - [2026-08-12T04:30:55.767+0000] {dag.py:4138} INFO - Setting next_dagrun for example_branch_python_operator_decorator to 2026-08-11 00:00:00+00:00, run_after=2026-08-12 00:00:00+00:00
[2026-08-12T04:30:55.830+0000] {processor.py:208} INFO - Processing /home/airflow/.local/lib/python3.12/site-packages/airflow/example_dags/example_branch_operator_decorator.py took 0.566 seconds
[2026-08-12T04:31:26.054+0000] {processor.py:186} INFO - Started process (PID=175) to work on /home/airflow/.local/lib/python3.12/site-packages/airflow/example_dags/example_branch_operator_decorator.py
[2026-08-12T04:31:26.056+0000] {processor.py:914} INFO - Processing file /home/airflow/.local/lib/python3.12/site-packages/airflow/example_dags/example_branch_operator_decorator.py for tasks to queue
[2026-08-12T04:31:26.059+0000] {logging_mixin.py:190} INFO - [2026-08-12T04:31:26.058+0000] {dagbag.py:587} INFO - Filling up the DagBag from /home/airflow/.local/lib/python3.12/site-packages/airflow/example_dags/example_branch_operator_decorator.py
[2026-08-12T04:31:26.078+0000] {processor.py:925} INFO - DAG(s) 'example_branch_python_operator_decorator' retrieved from /home/airflow/.local/lib/python3.12/site-packages/airflow/example_dags/example_branch_operator_decorator.py
[2026-08-12T04:31:26.105+0000] {logging_mixin.py:190} INFO - [2026-08-12T04:31:26.105+0000] {dag.py:3211} INFO - Sync 1 DAGs
[2026-08-12T04:31:26.132+0000] {logging_mixin.py:190} INFO - [2026-08-12T04:31:26.132+0000] {dag.py:4138} INFO - Setting next_dagrun for example_branch_python_operator_decorator to 2026-08-11 00:00:00+00:00, run_after=2026-08-12 00:00:00+00:00
[2026-08-12T04:31:26.157+0000] {processor.py:208} INFO - Processing /home/airflow/.local/lib/python3.12/site-packages/airflow/example_dags/example_branch_operator_decorator.py took 0.109 seconds
[2026-08-12T04:31:56.222+0000] {processor.py:186} INFO - Started process (PID=237) to work on /home/airflow/.local/lib/python3.12/site-packages/airflow/example_dags/example_branch_operator_decorator.py
[2026-08-12T04:31:56.225+0000] {processor.py:914} INFO - Processing file /home/airflow/.local/lib/python3.12/site-packages/airflow/example_dags/example_branch_operator_decorator.py for tasks to queue
[2026-08-12T04:31:56.228+0000] {logging_mixin.py:190} INFO - [2026-08-12T04:31:56.228+0000] {dagbag.py:587} INFO - Filling up the DagBag from /home/airflow/.local/lib/python3.12/site-packages/airflow/example_dags/example_branch_operator_decorator.py
[2026-08-12T04:31:56.246+0000] {processor.py:925} INFO - DAG(s) 'example_branch_python_operator_decorator' retrieved from /home/airflow/.local/lib/python3.12/site-packages/airflow/example_dags/example_branch_operator_decorator.py
[2026-08-12T04:31:56.275+0000] {logging_mixin.py:190} INFO - [2026-08-12T04:31:56.275+0000] {dag.py:3211} INFO - Sync 1 DAGs
[2026-08-12T04:31:56.302+0000] {logging_mixin.py:190} INFO - [2026-08-12T04:31:56.302+0000] {dag.py:4138} INFO - Setting next_dagrun for example_branch_python_operator_decorator to 2026-08-11 00:00:00+00:00, run_after=2026-08-12 00:00:00+00:00
[2026-08-12T04:31:56.319+0000] {processor.py:208} INFO - Processing /home/airflow/.local/lib/python3.12/site-packages/airflow/example_dags/example_branch_operator_decorator.py took 0.103 seconds
[2026-08-12T04:33:06.644+0000] {processor.py:186} INFO - Started process (PID=111) to work on /home/airflow/.local/lib/python3.12/site-packages/airflow/example_dags/example_branch_operator_decorator.py
[2026-08-12T04:33:06.646+0000] {processor.py:914} INFO - Processing file /home/airflow/.local/lib/python3.12/site-packages/airflow/example_dags/example_branch_operator_decorator.py for tasks to queue
[2026-08-12T04:33:06.650+0000] {logging_mixin.py:190} INFO - [2026-08-12T04:33:06.649+0000] {dagbag.py:587} INFO - Filling up the DagBag from /home/airflow/.local/lib/python3.12/site-packages/airflow/example_dags/example_branch_operator_decorator.py
[2026-08-12T04:33:06.671+0000] {processor.py:925} INFO - DAG(s) 'example_branch_python_operator_decorator' retrieved from /home/airflow/.local/lib/python3.12/site-packages/airflow/example_dags/example_branch_operator_decorator.py
[2026-08-12T04:33:06.788+0000] {logging_mixin.py:190} INFO - [2026-08-12T04:33:06.788+0000] {dag.py:3211} INFO - Sync 1 DAGs
[2026-08-12T04:33:06.811+0000] {logging_mixin.py:190} INFO - [2026-08-12T04:33:06.811+0000] {dag.py:4138} INFO - Setting next_dagrun for example_branch_python_operator_decorator to 2026-08-11 00:00:00+00:00, run_after=2026-08-12 00:00:00+00:00
[2026-08-12T04:33:06.842+0000] {processor.py:208} INFO - Processing /home/airflow/.local/lib/python3.12/site-packages/airflow/example_dags/example_branch_operator_decorator.py took 0.204 seconds
[2026-08-12T04:33:37.019+0000] {processor.py:186} INFO - Started process (PID=173) to work on /home/airflow/.local/lib/python3.12/site-packages/airflow/example_dags/example_branch_operator_decorator.py
[2026-08-12T04:33:37.021+0000] {processor.py:914} INFO - Processing file /home/airflow/.local/lib/python3.12/site-packages/airflow/example_dags/example_branch_operator_decorator.py for tasks to queue
[2026-08-12T04:33:37.024+0000] {logging_mixin.py:190} INFO - [2026-08-12T04:33:37.024+0000] {dagbag.py:587} INFO - Filling up the DagBag from /home/airflow/.local/lib/python3.12/site-packages/airflow/example_dags/example_branch_operator_decorator.py
[2026-08-12T04:33:37.043+0000] {processor.py:925} INFO - DAG(s) 'example_branch_python_operator_decorator' retrieved from /home/airflow/.local/lib/python3.12/site-packages/airflow/example_dags/example_branch_operator_decorator.py
[2026-08-12T04:33:37.076+0000] {logging_mixin.py:190} INFO - [2026-08-12T04:33:37.076+0000] {dag.py:3211} INFO - Sync 1 DAGs
[2026-08-12T04:33:37.107+0000] {logging_mixin.py:190} INFO - [2026-08-12T04:33:37.107+0000] {dag.py:4138} INFO - Setting next_dagrun for example_branch_python_operator_decorator to 2026-08-11 00:00:00+00:00, run_after=2026-08-12 00:00:00+00:00
[2026-08-12T04:33:37.132+0000] {processor.py:208} INFO - Processing /home/airflow/.local/lib/python3.12/site-packages/airflow/example_dags/example_branch_operator_decorator.py took 0.118 seconds
[2026-08-12T04:34:07.604+0000] {processor.py:186} INFO - Started process (PID=235) to work on /home/airflow/.local/lib/python3.12/site-packages/airflow/example_dags/example_branch_operator_decorator.py
[2026-08-12T04:34:07.606+0000] {processor.py:914} INFO - Processing file /home/airflow/.local/lib/python3.12/site-packages/airflow/example_dags/example_branch_operator_decorator.py for tasks to queue
[2026-08-12T04:34:07.610+0000] {logging_mixin.py:190} INFO - [2026-08-12T04:34:07.609+0000] {dagbag.py:587} INFO - Filling up the DagBag from /home/airflow/.local/lib/python3.12/site-packages/airflow/example_dags/example_branch_operator_decorator.py
[2026-08-12T04:34:07.651+0000] {processor.py:925} INFO - DAG(s) 'example_branch_python_operator_decorator' retrieved from /home/airflow/.local/lib/python3.12/site-packages/airflow/example_dags/example_branch_operator_decorator.py
[2026-08-12T04:34:07.699+0000] {logging_mixin.py:190} INFO - [2026-08-12T04:34:07.698+0000] {dag.py:3211} INFO - Sync 1 DAGs
[2026-08-12T04:34:07.750+0000] {logging_mixin.py:190} INFO - [2026-08-12T04:34:07.750+0000] {dag.py:4138} INFO - Setting next_dagrun for example_branch_python_operator_decorator to 2026-08-11 00:00:00+00:00, run_after=2026-08-12 00:00:00+00:00
[2026-08-12T04:34:07.807+0000] {processor.py:208} INFO - Processing /home/airflow/.local/lib/python3.12/site-packages/airflow/example_dags/example_branch_operator_decorator.py took 0.210 seconds
[2026-08-12T04:34:38.015+0000] {processor.py:186} INFO - Started process (PID=297) to work on /home/airflow/.local/lib/python3.12/site-packages/airflow/example_dags/example_branch_operator_decorator.py
[2026-08-12T04:34:38.018+0000] {processor.py:914} INFO - Processing file /home/airflow/.local/lib/python3.12/site-packages/airflow/example_dags/example_branch_operator_decorator.py for tasks to queue
[2026-08-12T04:34:38.023+0000] {logging_mixin.py:190} INFO - [2026-08-12T04:34:38.022+0000] {dagbag.py:587} INFO - Filling up the DagBag from /home/airflow/.local/lib/python3.12/site-packages/airflow/example_dags/example_branch_operator_decorator.py
[2026-08-12T04:34:38.049+0000] {processor.py:925} INFO - DAG(s) 'example_branch_python_operator_decorator' retrieved from /home/airflow/.local/lib/python3.12/site-packages/airflow/example_dags/example_branch_operator_decorator.py
[2026-08-12T04:34:38.077+0000] {logging_mixin.py:190} INFO - [2026-08-12T04:34:38.077+0000] {dag.py:3211} INFO - Sync 1 DAGs
[2026-08-12T04:34:38.099+0000] {logging_mixin.py:190} INFO - [2026-08-12T04:34:38.099+0000] {dag.py:4138} INFO - Setting next_dagrun for example_branch_python_operator_decorator to 2026-08-11 00:00:00+00:00, run_after=2026-08-12 00:00:00+00:00
[2026-08-12T04:34:38.118+0000] {processor.py:208} INFO - Processing /home/airflow/.local/lib/python3.12/site-packages/airflow/example_dags/example_branch_operator_decorator.py took 0.109 seconds
[2026-08-12T04:35:08.322+0000] {processor.py:186} INFO - Started process (PID=359) to work on /home/airflow/.local/lib/python3.12/site-packages/airflow/example_dags/example_branch_operator_decorator.py
[2026-08-12T04:35:08.323+0000] {processor.py:914} INFO - Processing file /home/airflow/.local/lib/python3.12/site-packages/airflow/example_dags/example_branch_operator_decorator.py for tasks to queue
[2026-08-12T04:35:08.326+0000] {logging_mixin.py:190} INFO - [2026-08-12T04:35:08.326+0000] {dagbag.py:587} INFO - Filling up the DagBag from /home/airflow/.local/lib/python3.12/site-packages/airflow/example_dags/example_branch_operator_decorator.py
[2026-08-12T04:35:08.347+0000] {processor.py:925} INFO - DAG(s) 'example_branch_python_operator_decorator' retrieved from /home/airflow/.local/lib/python3.12/site-packages/airflow/example_dags/example_branch_operator_decorator.py
[2026-08-12T04:35:08.383+0000] {logging_mixin.py:190} INFO - [2026-08-12T04:35:08.383+0000] {dag.py:3211} INFO - Sync 1 DAGs
[2026-08-12T04:35:08.409+0000] {logging_mixin.py:190} INFO - [2026-08-12T04:35:08.409+0000] {dag.py:4138} INFO - Setting next_dagrun for example_branch_python_operator_decorator to 2026-08-11 00:00:00+00:00, run_after=2026-08-12 00:00:00+00:00
[2026-08-12T04:35:08.436+0000] {processor.py:208} INFO - Processing /home/airflow/.local/lib/python3.12/site-packages/airflow/example_dags/example_branch_operator_decorator.py took 0.120 seconds
[2026-08-12T04:35:38.726+0000] {processor.py:186} INFO - Started process (PID=421) to work on /home/airflow/.local/lib/python3.12/site-packages/airflow/example_dags/example_branch_operator_decorator.py
[2026-08-12T04:35:38.727+0000] {processor.py:914} INFO - Processing file /home/airflow/.local/lib/python3.12/site-packages/airflow/example_dags/example_branch_operator_decorator.py for tasks to queue
[2026-08-12T04:35:38.731+0000] {logging_mixin.py:190} INFO - [2026-08-12T04:35:38.731+0000] {dagbag.py:587} INFO - Filling up the DagBag from /home/airflow/.local/lib/python3.12/site-packages/airflow/example_dags/example_branch_operator_decorator.py
[2026-08-12T04:35:38.750+0000] {processor.py:925} INFO - DAG(s) 'example_branch_python_operator_decorator' retrieved from /home/airflow/.local/lib/python3.12/site-packages/airflow/example_dags/example_branch_operator_decorator.py
[2026-08-12T04:35:38.783+0000] {logging_mixin.py:190} INFO - [2026-08-12T04:35:38.783+0000] {dag.py:3211} INFO - Sync 1 DAGs
[2026-08-12T04:35:38.811+0000] {logging_mixin.py:190} INFO - [2026-08-12T04:35:38.811+0000] {dag.py:4138} INFO - Setting next_dagrun for example_branch_python_operator_decorator to 2026-08-11 00:00:00+00:00, run_after=2026-08-12 00:00:00+00:00
[2026-08-12T04:35:38.840+0000] {processor.py:208} INFO - Processing /home/airflow/.local/lib/python3.12/site-packages/airflow/example_dags/example_branch_operator_decorator.py took 0.119 seconds
[2026-08-12T04:36:08.981+0000] {processor.py:186} INFO - Started process (PID=482) to work on /home/airflow/.local/lib/python3.12/site-packages/airflow/example_dags/example_branch_operator_decorator.py
[2026-08-12T04:36:08.982+0000] {processor.py:914} INFO - Processing file /home/airflow/.local/lib/python3.12/site-packages/airflow/example_dags/example_branch_operator_decorator.py for tasks to queue
[2026-08-12T04:36:08.985+0000] {logging_mixin.py:190} INFO - [2026-08-12T04:36:08.985+0000] {dagbag.py:587} INFO - Filling up the DagBag from /home/airflow/.local/lib/python3.12/site-packages/airflow/example_dags/example_branch_operator_decorator.py
[2026-08-12T04:36:09.014+0000] {processor.py:925} INFO - DAG(s) 'example_branch_python_operator_decorator' retrieved from /home/airflow/.local/lib/python3.12/site-packages/airflow/example_dags/example_branch_operator_decorator.py
[2026-08-12T04:36:09.044+0000] {logging_mixin.py:190} INFO - [2026-08-12T04:36:09.044+0000] {dag.py:3211} INFO - Sync 1 DAGs
[2026-08-12T04:36:09.070+0000] {logging_mixin.py:190} INFO - [2026-08-12T04:36:09.070+0000] {dag.py:4138} INFO - Setting next_dagrun for example_branch_python_operator_decorator to 2026-08-11 00:00:00+00:00, run_after=2026-08-12 00:00:00+00:00
[2026-08-12T04:36:09.092+0000] {processor.py:208} INFO - Processing /home/airflow/.local/lib/python3.12/site-packages/airflow/example_dags/example_branch_operator_decorator.py took 0.117 seconds
[2026-08-12T04:36:40.367+0000] {processor.py:186} INFO - Started process (PID=545) to work on /home/airflow/.local/lib/python3.12/site-packages/airflow/example_dags/example_branch_operator_decorator.py
[2026-08-12T04:36:40.370+0000] {processor.py:914} INFO - Processing file /home/airflow/.local/lib/python3.12/site-packages/airflow/example_dags/example_branch_operator_decorator.py for tasks to queue
[2026-08-12T04:36:40.379+0000] {logging_mixin.py:190} INFO - [2026-08-12T04:36:40.375+0000] {dagbag.py:587} INFO - Filling up the DagBag from /home/airflow/.local/lib/python3.12/site-packages/airflow/example_dags/example_branch_operator_decorator.py
[2026-08-12T04:36:40.408+0000] {processor.py:925} INFO - DAG(s) 'example_branch_python_operator_decorator' retrieved from /home/airflow/.local/lib/python3.12/site-packages/airflow/example_dags/example_branch_operator_decorator.py
[2026-08-12T04:36:40.448+0000] {logging_mixin.py:190} INFO - [2026-08-12T04:36:40.447+0000] {dag.py:3211} INFO - Sync 1 DAGs
[2026-08-12T04:36:40.479+0000] {logging_mixin.py:190} INFO - [2026-08-12T04:36:40.479+0000] {dag.py:4138} INFO - Setting next_dagrun for example_branch_python_operator_decorator to 2026-08-11 00:00:00+00:00, run_after=2026-08-12 00:00:00+00:00
[2026-08-12T04:36:40.508+0000] {processor.py:208} INFO - Processing /home/airflow/.local/lib/python3.12/site-packages/airflow/example_dags/example_branch_operator_decorator.py took 0.158 seconds
[2026-08-12T04:37:11.288+0000] {processor.py:186} INFO - Started process (PID=607) to work on /home/airflow/.local/lib/python3.12/site-packages/airflow/example_dags/example_branch_operator_decorator.py
[2026-08-12T04:37:11.290+0000] {processor.py:914} INFO - Processing file /home/airflow/.local/lib/python3.12/site-packages/airflow/example_dags/example_branch_operator_decorator.py for tasks to queue
[2026-08-12T04:37:11.293+0000] {logging_mixin.py:190} INFO - [2026-08-12T04:37:11.293+0000] {dagbag.py:587} INFO - Filling up the DagBag from /home/airflow/.local/lib/python3.12/site-packages/airflow/example_dags/example_branch_operator_decorator.py
[2026-08-12T04:37:11.314+0000] {processor.py:925} INFO - DAG(s) 'example_branch_python_operator_decorator' retrieved from /home/airflow/.local/lib/python3.12/site-packages/airflow/example_dags/example_branch_operator_decorator.py
[2026-08-12T04:37:11.343+0000] {logging_mixin.py:190} INFO - [2026-08-12T04:37:11.343+0000] {dag.py:3211} INFO - Sync 1 DAGs
[2026-08-12T04:37:11.372+0000] {logging_mixin.py:190} INFO - [2026-08-12T04:37:11.371+0000] {dag.py:4138} INFO - Setting next_dagrun for example_branch_python_operator_decorator to 2026-08-11 00:00:00+00:00, run_after=2026-08-12 00:00:00+00:00
[2026-08-12T04:37:11.396+0000] {processor.py:208} INFO - Processing /home/airflow/.local/lib/python3.12/site-packages/airflow/example_dags/example_branch_operator_decorator.py took 0.114 seconds
[2026-08-12T04:37:41.817+0000] {processor.py:186} INFO - Started process (PID=668) to work on /home/airflow/.local/lib/python3.12/site-packages/airflow/example_dags/example_branch_operator_decorator.py
[2026-08-12T04:37:41.820+0000] {processor.py:914} INFO - Processing file /home/airflow/.local/lib/python3.12/site-packages/airflow/example_dags/example_branch_operator_decorator.py for tasks to queue
[2026-08-12T04:37:41.828+0000] {logging_mixin.py:190} INFO - [2026-08-12T04:37:41.827+0000] {dagbag.py:587} INFO - Filling up the DagBag from /home/airflow/.local/lib/python3.12/site-packages/airflow/example_dags/example_branch_operator_decorator.py
[2026-08-12T04:37:41.868+0000] {processor.py:925} INFO - DAG(s) 'example_branch_python_operator_decorator' retrieved from /home/airflow/.local/lib/python3.12/site-packages/airflow/example_dags/example_branch_operator_decorator.py
[2026-08-12T04:37:41.900+0000] {logging_mixin.py:190} INFO - [2026-08-12T04:37:41.900+0000] {dag.py:3211} INFO - Sync 1 DAGs
[2026-08-12T04:37:41.924+0000] {logging_mixin.py:190} INFO - [2026-08-12T04:37:41.924+0000] {dag.py:4138} INFO - Setting next_dagrun for example_branch_python_operator_decorator to 2026-08-11 00:00:00+00:00, run_after=2026-08-12 00:00:00+00:00
[2026-08-12T04:37:41.947+0000] {processor.py:208} INFO - Processing /home/airflow/.local/lib/python3.12/site-packages/airflow/example_dags/example_branch_operator_decorator.py took 0.139 seconds
[2026-08-12T04:38:13.017+0000] {processor.py:186} INFO - Started process (PID=731) to work on /home/airflow/.local/lib/python3.12/site-packages/airflow/example_dags/example_branch_operator_decorator.py
[2026-08-12T04:38:13.019+0000] {processor.py:914} INFO - Processing file /home/airflow/.local/lib/python3.12/site-packages/airflow/example_dags/example_branch_operator_decorator.py for tasks to queue
[2026-08-12T04:38:13.025+0000] {logging_mixin.py:190} INFO - [2026-08-12T04:38:13.024+0000] {dagbag.py:587} INFO - Filling up the DagBag from /home/airflow/.local/lib/python3.12/site-packages/airflow/example_dags/example_branch_operator_decorator.py
[2026-08-12T04:38:13.049+0000] {processor.py:925} INFO - DAG(s) 'example_branch_python_operator_decorator' retrieved from /home/airflow/.local/lib/python3.12/site-packages/airflow/example_dags/example_branch_operator_decorator.py
[2026-08-12T04:38:13.083+0000] {logging_mixin.py:190} INFO - [2026-08-12T04:38:13.083+0000] {dag.py:3211} INFO - Sync 1 DAGs
[2026-08-12T04:38:13.108+0000] {logging_mixin.py:190} INFO - [2026-08-12T04:38:13.108+0000] {dag.py:4138} INFO - Setting next_dagrun for example_branch_python_operator_decorator to 2026-08-11 00:00:00+00:00, run_after=2026-08-12 00:00:00+00:00
[2026-08-12T04:38:13.127+0000] {processor.py:208} INFO - Processing /home/airflow/.local/lib/python3.12/site-packages/airflow/example_dags/example_branch_operator_decorator.py took 0.118 seconds
[2026-08-12T04:38:43.359+0000] {processor.py:186} INFO - Started process (PID=792) to work on /home/airflow/.local/lib/python3.12/site-packages/airflow/example_dags/example_branch_operator_decorator.py
[2026-08-12T04:38:43.361+0000] {processor.py:914} INFO - Processing file /home/airflow/.local/lib/python3.12/site-packages/airflow/example_dags/example_branch_operator_decorator.py for tasks to queue
[2026-08-12T04:38:43.366+0000] {logging_mixin.py:190} INFO - [2026-08-12T04:38:43.365+0000] {dagbag.py:587} INFO - Filling up the DagBag from /home/airflow/.local/lib/python3.12/site-packages/airflow/example_dags/example_branch_operator_decorator.py
[2026-08-12T04:38:43.393+0000] {processor.py:925} INFO - DAG(s) 'example_branch_python_operator_decorator' retrieved from /home/airflow/.local/lib/python3.12/site-packages/airflow/example_dags/example_branch_operator_decorator.py
[2026-08-12T04:38:43.428+0000] {logging_mixin.py:190} INFO - [2026-08-12T04:38:43.428+0000] {dag.py:3211} INFO - Sync 1 DAGs
[2026-08-12T04:38:43.458+0000] {logging_mixin.py:190} INFO - [2026-08-12T04:38:43.458+0000] {dag.py:4138} INFO - Setting next_dagrun for example_branch_python_operator_decorator to 2026-08-11 00:00:00+00:00, run_after=2026-08-12 00:00:00+00:00
[2026-08-12T04:38:43.483+0000] {processor.py:208} INFO - Processing /home/airflow/.local/lib/python3.12/site-packages/airflow/example_dags/example_branch_operator_decorator.py took 0.134 seconds
[2026-08-12T04:39:14.288+0000] {processor.py:186} INFO - Started process (PID=855) to work on /home/airflow/.local/lib/python3.12/site-packages/airflow/example_dags/example_branch_operator_decorator.py
[2026-08-12T04:39:14.290+0000] {processor.py:914} INFO - Processing file /home/airflow/.local/lib/python3.12/site-packages/airflow/example_dags/example_branch_operator_decorator.py for tasks to queue
[2026-08-12T04:39:14.293+0000] {logging_mixin.py:190} INFO - [2026-08-12T04:39:14.293+0000] {dagbag.py:587} INFO - Filling up the DagBag from /home/airflow/.local/lib/python3.12/site-packages/airflow/example_dags/example_branch_operator_decorator.py
[2026-08-12T04:39:14.319+0000] {processor.py:925} INFO - DAG(s) 'example_branch_python_operator_decorator' retrieved from /home/airflow/.local/lib/python3.12/site-packages/airflow/example_dags/example_branch_operator_decorator.py
[2026-08-12T04:39:14.352+0000] {logging_mixin.py:190} INFO - [2026-08-12T04:39:14.351+0000] {dag.py:3211} INFO - Sync 1 DAGs
[2026-08-12T04:39:14.381+0000] {logging_mixin.py:190} INFO - [2026-08-12T04:39:14.381+0000] {dag.py:4138} INFO - Setting next_dagrun for example_branch_python_operator_decorator to 2026-08-11 00:00:00+00:00, run_after=2026-08-12 00:00:00+00:00
[2026-08-12T04:39:14.404+0000] {processor.py:208} INFO - Processing /home/airflow/.local/lib/python3.12/site-packages/airflow/example_dags/example_branch_operator_decorator.py took 0.121 seconds
[2026-08-12T04:39:44.675+0000] {processor.py:186} INFO - Started process (PID=917) to work on /home/airflow/.local/lib/python3.12/site-packages/airflow/example_dags/example_branch_operator_decorator.py
[2026-08-12T04:39:44.677+0000] {processor.py:914} INFO - Processing file /home/airflow/.local/lib/python3.12/site-packages/airflow/example_dags/example_branch_operator_decorator.py for tasks to queue
[2026-08-12T04:39:44.680+0000] {logging_mixin.py:190} INFO - [2026-08-12T04:39:44.679+0000] {dagbag.py:587} INFO - Filling up the DagBag from /home/airflow/.local/lib/python3.12/site-packages/airflow/example_dags/example_branch_operator_decorator.py
[2026-08-12T04:39:44.699+0000] {processor.py:925} INFO - DAG(s) 'example_branch_python_operator_decorator' retrieved from /home/airflow/.local/lib/python3.12/site-packages/airflow/example_dags/example_branch_operator_decorator.py
[2026-08-12T04:39:44.725+0000] {logging_mixin.py:190} INFO - [2026-08-12T04:39:44.725+0000] {dag.py:3211} INFO - Sync 1 DAGs
[2026-08-12T04:39:44.748+0000] {logging_mixin.py:190} INFO - [2026-08-12T04:39:44.748+0000] {dag.py:4138} INFO - Setting next_dagrun for example_branch_python_operator_decorator to 2026-08-11 00:00:00+00:00, run_after=2026-08-12 00:00:00+00:00
[2026-08-12T04:39:44.767+0000] {processor.py:208} INFO - Processing /home/airflow/.local/lib/python3.12/site-packages/airflow/example_dags/example_branch_operator_decorator.py took 0.097 seconds
[2026-08-12T04:40:15.294+0000] {processor.py:186} INFO - Started process (PID=979) to work on /home/airflow/.local/lib/python3.12/site-packages/airflow/example_dags/example_branch_operator_decorator.py
[2026-08-12T04:40:15.296+0000] {processor.py:914} INFO - Processing file /home/airflow/.local/lib/python3.12/site-packages/airflow/example_dags/example_branch_operator_decorator.py for tasks to queue
[2026-08-12T04:40:15.299+0000] {logging_mixin.py:190} INFO - [2026-08-12T04:40:15.299+0000] {dagbag.py:587} INFO - Filling up the DagBag from /home/airflow/.local/lib/python3.12/site-packages/airflow/example_dags/example_branch_operator_decorator.py
[2026-08-12T04:40:15.322+0000] {processor.py:925} INFO - DAG(s) 'example_branch_python_operator_decorator' retrieved from /home/airflow/.local/lib/python3.12/site-packages/airflow/example_dags/example_branch_operator_decorator.py
[2026-08-12T04:40:15.355+0000] {logging_mixin.py:190} INFO - [2026-08-12T04:40:15.355+0000] {dag.py:3211} INFO - Sync 1 DAGs
[2026-08-12T04:40:15.380+0000] {logging_mixin.py:190} INFO - [2026-08-12T04:40:15.380+0000] {dag.py:4138} INFO - Setting next_dagrun for example_branch_python_operator_decorator to 2026-08-11 00:00:00+00:00, run_after=2026-08-12 00:00:00+00:00
[2026-08-12T04:40:15.410+0000] {processor.py:208} INFO - Processing /home/airflow/.local/lib/python3.12/site-packages/airflow/example_dags/example_branch_operator_decorator.py took 0.122 seconds
[2026-08-12T04:40:45.715+0000] {processor.py:186} INFO - Started process (PID=1041) to work on /home/airflow/.local/lib/python3.12/site-packages/airflow/example_dags/example_branch_operator_decorator.py
[2026-08-12T04:40:45.717+0000] {processor.py:914} INFO - Processing file /home/airflow/.local/lib/python3.12/site-packages/airflow/example_dags/example_branch_operator_decorator.py for tasks to queue
[2026-08-12T04:40:45.720+0000] {logging_mixin.py:190} INFO - [2026-08-12T04:40:45.720+0000] {dagbag.py:587} INFO - Filling up the DagBag from /home/airflow/.local/lib/python3.12/site-packages/airflow/example_dags/example_branch_operator_decorator.py
[2026-08-12T04:40:45.744+0000] {processor.py:925} INFO - DAG(s) 'example_branch_python_operator_decorator' retrieved from /home/airflow/.local/lib/python3.12/site-packages/airflow/example_dags/example_branch_operator_decorator.py
[2026-08-12T04:40:45.780+0000] {logging_mixin.py:190} INFO - [2026-08-12T04:40:45.779+0000] {dag.py:3211} INFO - Sync 1 DAGs
[2026-08-12T04:40:45.806+0000] {logging_mixin.py:190} INFO - [2026-08-12T04:40:45.805+0000] {dag.py:4138} INFO - Setting next_dagrun for example_branch_python_operator_decorator to 2026-08-11 00:00:00+00:00, run_after=2026-08-12 00:00:00+00:00
[2026-08-12T04:40:45.830+0000] {processor.py:208} INFO - Processing /home/airflow/.local/lib/python3.12/site-packages/airflow/example_dags/example_branch_operator_decorator.py took 0.120 seconds
[2026-08-12T04:41:16.245+0000] {processor.py:186} INFO - Started process (PID=1103) to work on /home/airflow/.local/lib/python3.12/site-packages/airflow/example_dags/example_branch_operator_decorator.py
[2026-08-12T04:41:16.246+0000] {processor.py:914} INFO - Processing file /home/airflow/.local/lib/python3.12/site-packages/airflow/example_dags/example_branch_operator_decorator.py for tasks to queue
[2026-08-12T04:41:16.249+0000] {logging_mixin.py:190} INFO - [2026-08-12T04:41:16.249+0000] {dagbag.py:587} INFO - Filling up the DagBag from /home/airflow/.local/lib/python3.12/site-packages/airflow/example_dags/example_branch_operator_decorator.py
[2026-08-12T04:41:16.267+0000] {processor.py:925} INFO - DAG(s) 'example_branch_python_operator_decorator' retrieved from /home/airflow/.local/lib/python3.12/site-packages/airflow/example_dags/example_branch_operator_decorator.py
[2026-08-12T04:41:16.292+0000] {logging_mixin.py:190} INFO - [2026-08-12T04:41:16.291+0000] {dag.py:3211} INFO - Sync 1 DAGs
[2026-08-12T04:41:16.314+0000] {logging_mixin.py:190} INFO - [2026-08-12T04:41:16.314+0000] {dag.py:4138} INFO - Setting next_dagrun for example_branch_python_operator_decorator to 2026-08-11 00:00:00+00:00, run_after=2026-08-12 00:00:00+00:00
[2026-08-12T04:41:16.335+0000] {processor.py:208} INFO - Processing /home/airflow/.local/lib/python3.12/site-packages/airflow/example_dags/example_branch_operator_decorator.py took 0.096 seconds
[2026-08-12T04:41:46.850+0000] {processor.py:186} INFO - Started process (PID=1165) to work on /home/airflow/.local/lib/python3.12/site-packages/airflow/example_dags/example_branch_operator_decorator.py
[2026-08-12T04:41:46.853+0000] {processor.py:914} INFO - Processing file /home/airflow/.local/lib/python3.12/site-packages/airflow/example_dags/example_branch_operator_decorator.py for tasks to queue
[2026-08-12T04:41:46.857+0000] {logging_mixin.py:190} INFO - [2026-08-12T04:41:46.857+0000] {dagbag.py:587} INFO - Filling up the DagBag from /home/airflow/.local/lib/python3.12/site-packages/airflow/example_dags/example_branch_operator_decorator.py
[2026-08-12T04:41:46.880+0000] {processor.py:925} INFO - DAG(s) 'example_branch_python_operator_decorator' retrieved from /home/airflow/.local/lib/python3.12/site-packages/airflow/example_dags/example_branch_operator_decorator.py
[2026-08-12T04:41:46.921+0000] {logging_mixin.py:190} INFO - [2026-08-12T04:41:46.920+0000] {dag.py:3211} INFO - Sync 1 DAGs
[2026-08-12T04:41:46.946+0000] {logging_mixin.py:190} INFO - [2026-08-12T04:41:46.946+0000] {dag.py:4138} INFO - Setting next_dagrun for example_branch_python_operator_decorator to 2026-08-11 00:00:00+00:00, run_after=2026-08-12 00:00:00+00:00
[2026-08-12T04:41:46.966+0000] {processor.py:208} INFO - Processing /home/airflow/.local/lib/python3.12/site-packages/airflow/example_dags/example_branch_operator_decorator.py took 0.123 seconds
[2026-08-12T04:42:17.334+0000] {processor.py:186} INFO - Started process (PID=1227) to work on /home/airflow/.local/lib/python3.12/site-packages/airflow/example_dags/example_branch_operator_decorator.py
[2026-08-12T04:42:17.336+0000] {processor.py:914} INFO - Processing file /home/airflow/.local/lib/python3.12/site-packages/airflow/example_dags/example_branch_operator_decorator.py for tasks to queue
[2026-08-12T04:42:17.339+0000] {logging_mixin.py:190} INFO - [2026-08-12T04:42:17.339+0000] {dagbag.py:587} INFO - Filling up the DagBag from /home/airflow/.local/lib/python3.12/site-packages/airflow/example_dags/example_branch_operator_decorator.py
[2026-08-12T04:42:17.363+0000] {processor.py:925} INFO - DAG(s) 'example_branch_python_operator_decorator' retrieved from /home/airflow/.local/lib/python3.12/site-packages/airflow/example_dags/example_branch_operator_decorator.py
[2026-08-12T04:42:17.398+0000] {logging_mixin.py:190} INFO - [2026-08-12T04:42:17.398+0000] {dag.py:3211} INFO - Sync 1 DAGs
[2026-08-12T04:42:17.424+0000] {logging_mixin.py:190} INFO - [2026-08-12T04:42:17.424+0000] {dag.py:4138} INFO - Setting next_dagrun for example_branch_python_operator_decorator to 2026-08-11 00:00:00+00:00, run_after=2026-08-12 00:00:00+00:00
[2026-08-12T04:42:17.444+0000] {processor.py:208} INFO - Processing /home/airflow/.local/lib/python3.12/site-packages/airflow/example_dags/example_branch_operator_decorator.py took 0.115 seconds
[2026-08-12T04:42:47.802+0000] {processor.py:186} INFO - Started process (PID=1289) to work on /home/airflow/.local/lib/python3.12/site-packages/airflow/example_dags/example_branch_operator_decorator.py
[2026-08-12T04:42:47.804+0000] {processor.py:914} INFO - Processing file /home/airflow/.local/lib/python3.12/site-packages/airflow/example_dags/example_branch_operator_decorator.py for tasks to queue
[2026-08-12T04:42:47.808+0000] {logging_mixin.py:190} INFO - [2026-08-12T04:42:47.807+0000] {dagbag.py:587} INFO - Filling up the DagBag from /home/airflow/.local/lib/python3.12/site-packages/airflow/example_dags/example_branch_operator_decorator.py
[2026-08-12T04:42:47.831+0000] {processor.py:925} INFO - DAG(s) 'example_branch_python_operator_decorator' retrieved from /home/airflow/.local/lib/python3.12/site-packages/airflow/example_dags/example_branch_operator_decorator.py
[2026-08-12T04:42:47.870+0000] {logging_mixin.py:190} INFO - [2026-08-12T04:42:47.870+0000] {dag.py:3211} INFO - Sync 1 DAGs
[2026-08-12T04:42:47.904+0000] {logging_mixin.py:190} INFO - [2026-08-12T04:42:47.904+0000] {dag.py:4138} INFO - Setting next_dagrun for example_branch_python_operator_decorator to 2026-08-11 00:00:00+00:00, run_after=2026-08-12 00:00:00+00:00
[2026-08-12T04:42:47.930+0000] {processor.py:208} INFO - Processing /home/airflow/.local/lib/python3.12/site-packages/airflow/example_dags/example_branch_operator_decorator.py took 0.134 seconds
[2026-08-12T04:43:18.109+0000] {processor.py:186} INFO - Started process (PID=1351) to work on /home/airflow/.local/lib/python3.12/site-packages/airflow/example_dags/example_branch_operator_decorator.py
[2026-08-12T04:43:18.114+0000] {processor.py:914} INFO - Processing file /home/airflow/.local/lib/python3.12/site-packages/airflow/example_dags/example_branch_operator_decorator.py for tasks to queue
[2026-08-12T04:43:18.120+0000] {logging_mixin.py:190} INFO - [2026-08-12T04:43:18.119+0000] {dagbag.py:587} INFO - Filling up the DagBag from /home/airflow/.local/lib/python3.12/site-packages/airflow/example_dags/example_branch_operator_decorator.py
[2026-08-12T04:43:18.169+0000] {processor.py:925} INFO - DAG(s) 'example_branch_python_operator_decorator' retrieved from /home/airflow/.local/lib/python3.12/site-packages/airflow/example_dags/example_branch_operator_decorator.py
[2026-08-12T04:43:18.220+0000] {logging_mixin.py:190} INFO - [2026-08-12T04:43:18.219+0000] {dag.py:3211} INFO - Sync 1 DAGs
[2026-08-12T04:43:18.267+0000] {logging_mixin.py:190} INFO - [2026-08-12T04:43:18.267+0000] {dag.py:4138} INFO - Setting next_dagrun for example_branch_python_operator_decorator to 2026-08-11 00:00:00+00:00, run_after=2026-08-12 00:00:00+00:00
[2026-08-12T04:43:18.295+0000] {processor.py:208} INFO - Processing /home/airflow/.local/lib/python3.12/site-packages/airflow/example_dags/example_branch_operator_decorator.py took 0.195 seconds
[2026-08-12T04:43:48.664+0000] {processor.py:186} INFO - Started process (PID=1413) to work on /home/airflow/.local/lib/python3.12/site-packages/airflow/example_dags/example_branch_operator_decorator.py
[2026-08-12T04:43:48.666+0000] {processor.py:914} INFO - Processing file /home/airflow/.local/lib/python3.12/site-packages/airflow/example_dags/example_branch_operator_decorator.py for tasks to queue
[2026-08-12T04:43:48.669+0000] {logging_mixin.py:190} INFO - [2026-08-12T04:43:48.668+0000] {dagbag.py:587} INFO - Filling up the DagBag from /home/airflow/.local/lib/python3.12/site-packages/airflow/example_dags/example_branch_operator_decorator.py
[2026-08-12T04:43:48.691+0000] {processor.py:925} INFO - DAG(s) 'example_branch_python_operator_decorator' retrieved from /home/airflow/.local/lib/python3.12/site-packages/airflow/example_dags/example_branch_operator_decorator.py
[2026-08-12T04:43:48.719+0000] {logging_mixin.py:190} INFO - [2026-08-12T04:43:48.718+0000] {dag.py:3211} INFO - Sync 1 DAGs
[2026-08-12T04:43:48.742+0000] {logging_mixin.py:190} INFO - [2026-08-12T04:43:48.741+0000] {dag.py:4138} INFO - Setting next_dagrun for example_branch_python_operator_decorator to 2026-08-11 00:00:00+00:00, run_after=2026-08-12 00:00:00+00:00
[2026-08-12T04:43:48.761+0000] {processor.py:208} INFO - Processing /home/airflow/.local/lib/python3.12/site-packages/airflow/example_dags/example_branch_operator_decorator.py took 0.103 seconds
[2026-08-12T04:44:19.163+0000] {processor.py:186} INFO - Started process (PID=1474) to work on /home/airflow/.local/lib/python3.12/site-packages/airflow/example_dags/example_branch_operator_decorator.py
[2026-08-12T04:44:19.165+0000] {processor.py:914} INFO - Processing file /home/airflow/.local/lib/python3.12/site-packages/airflow/example_dags/example_branch_operator_decorator.py for tasks to queue
[2026-08-12T04:44:19.169+0000] {logging_mixin.py:190} INFO - [2026-08-12T04:44:19.168+0000] {dagbag.py:587} INFO - Filling up the DagBag from /home/airflow/.local/lib/python3.12/site-packages/airflow/example_dags/example_branch_operator_decorator.py
[2026-08-12T04:44:19.190+0000] {processor.py:925} INFO - DAG(s) 'example_branch_python_operator_decorator' retrieved from /home/airflow/.local/lib/python3.12/site-packages/airflow/example_dags/example_branch_operator_decorator.py
[2026-08-12T04:44:19.223+0000] {logging_mixin.py:190} INFO - [2026-08-12T04:44:19.223+0000] {dag.py:3211} INFO - Sync 1 DAGs
[2026-08-12T04:44:19.248+0000] {logging_mixin.py:190} INFO - [2026-08-12T04:44:19.248+0000] {dag.py:4138} INFO - Setting next_dagrun for example_branch_python_operator_decorator to 2026-08-11 00:00:00+00:00, run_after=2026-08-12 00:00:00+00:00
[2026-08-12T04:44:19.267+0000] {processor.py:208} INFO - Processing /home/airflow/.local/lib/python3.12/site-packages/airflow/example_dags/example_branch_operator_decorator.py took 0.109 seconds
[2026-08-12T04:44:50.551+0000] {processor.py:186} INFO - Started process (PID=1538) to work on /home/airflow/.local/lib/python3.12/site-packages/airflow/example_dags/example_branch_operator_decorator.py
[2026-08-12T04:44:50.553+0000] {processor.py:914} INFO - Processing file /home/airflow/.local/lib/python3.12/site-packages/airflow/example_dags/example_branch_operator_decorator.py for tasks to queue
[2026-08-12T04:44:50.556+0000] {logging_mixin.py:190} INFO - [2026-08-12T04:44:50.556+0000] {dagbag.py:587} INFO - Filling up the DagBag from /home/airflow/.local/lib/python3.12/site-packages/airflow/example_dags/example_branch_operator_decorator.py
[2026-08-12T04:44:50.577+0000] {processor.py:925} INFO - DAG(s) 'example_branch_python_operator_decorator' retrieved from /home/airflow/.local/lib/python3.12/site-packages/airflow/example_dags/example_branch_operator_decorator.py
[2026-08-12T04:44:50.607+0000] {logging_mixin.py:190} INFO - [2026-08-12T04:44:50.607+0000] {dag.py:3211} INFO - Sync 1 DAGs
[2026-08-12T04:44:50.637+0000] {logging_mixin.py:190} INFO - [2026-08-12T04:44:50.637+0000] {dag.py:4138} INFO - Setting next_dagrun for example_branch_python_operator_decorator to 2026-08-11 00:00:00+00:00, run_after=2026-08-12 00:00:00+00:00
[2026-08-12T04:44:50.659+0000] {processor.py:208} INFO - Processing /home/airflow/.local/lib/python3.12/site-packages/airflow/example_dags/example_branch_operator_decorator.py took 0.115 seconds
[2026-08-12T04:45:21.004+0000] {processor.py:186} INFO - Started process (PID=1600) to work on /home/airflow/.local/lib/python3.12/site-packages/airflow/example_dags/example_branch_operator_decorator.py
[2026-08-12T04:45:21.006+0000] {processor.py:914} INFO - Processing file /home/airflow/.local/lib/python3.12/site-packages/airflow/example_dags/example_branch_operator_decorator.py for tasks to queue
[2026-08-12T04:45:21.009+0000] {logging_mixin.py:190} INFO - [2026-08-12T04:45:21.008+0000] {dagbag.py:587} INFO - Filling up the DagBag from /home/airflow/.local/lib/python3.12/site-packages/airflow/example_dags/example_branch_operator_decorator.py
[2026-08-12T04:45:21.030+0000] {processor.py:925} INFO - DAG(s) 'example_branch_python_operator_decorator' retrieved from /home/airflow/.local/lib/python3.12/site-packages/airflow/example_dags/example_branch_operator_decorator.py
[2026-08-12T04:45:21.057+0000] {logging_mixin.py:190} INFO - [2026-08-12T04:45:21.057+0000] {dag.py:3211} INFO - Sync 1 DAGs
[2026-08-12T04:45:21.083+0000] {logging_mixin.py:190} INFO - [2026-08-12T04:45:21.083+0000] {dag.py:4138} INFO - Setting next_dagrun for example_branch_python_operator_decorator to 2026-08-11 00:00:00+00:00, run_after=2026-08-12 00:00:00+00:00
[2026-08-12T04:45:21.103+0000] {processor.py:208} INFO - Processing /home/airflow/.local/lib/python3.12/site-packages/airflow/example_dags/example_branch_operator_decorator.py took 0.105 seconds
[2026-08-12T04:45:51.793+0000] {processor.py:186} INFO - Started process (PID=1662) to work on /home/airflow/.local/lib/python3.12/site-packages/airflow/example_dags/example_branch_operator_decorator.py
[2026-08-12T04:45:51.795+0000] {processor.py:914} INFO - Processing file /home/airflow/.local/lib/python3.12/site-packages/airflow/example_dags/example_branch_operator_decorator.py for tasks to queue
[2026-08-12T04:45:51.798+0000] {logging_mixin.py:190} INFO - [2026-08-12T04:45:51.798+0000] {dagbag.py:587} INFO - Filling up the DagBag from /home/airflow/.local/lib/python3.12/site-packages/airflow/example_dags/example_branch_operator_decorator.py
[2026-08-12T04:45:51.826+0000] {processor.py:925} INFO - DAG(s) 'example_branch_python_operator_decorator' retrieved from /home/airflow/.local/lib/python3.12/site-packages/airflow/example_dags/example_branch_operator_decorator.py
[2026-08-12T04:45:51.856+0000] {logging_mixin.py:190} INFO - [2026-08-12T04:45:51.856+0000] {dag.py:3211} INFO - Sync 1 DAGs
[2026-08-12T04:45:51.881+0000] {logging_mixin.py:190} INFO - [2026-08-12T04:45:51.881+0000] {dag.py:4138} INFO - Setting next_dagrun for example_branch_python_operator_decorator to 2026-08-11 00:00:00+00:00, run_after=2026-08-12 00:00:00+00:00
[2026-08-12T04:45:51.902+0000] {processor.py:208} INFO - Processing /home/airflow/.local/lib/python3.12/site-packages/airflow/example_dags/example_branch_operator_decorator.py took 0.115 seconds
[2026-08-12T04:46:22.432+0000] {processor.py:186} INFO - Started process (PID=1724) to work on /home/airflow/.local/lib/python3.12/site-packages/airflow/example_dags/example_branch_operator_decorator.py
[2026-08-12T04:46:22.434+0000] {processor.py:914} INFO - Processing file /home/airflow/.local/lib/python3.12/site-packages/airflow/example_dags/example_branch_operator_decorator.py for tasks to queue
[2026-08-12T04:46:22.438+0000] {logging_mixin.py:190} INFO - [2026-08-12T04:46:22.437+0000] {dagbag.py:587} INFO - Filling up the DagBag from /home/airflow/.local/lib/python3.12/site-packages/airflow/example_dags/example_branch_operator_decorator.py
[2026-08-12T04:46:22.463+0000] {processor.py:925} INFO - DAG(s) 'example_branch_python_operator_decorator' retrieved from /home/airflow/.local/lib/python3.12/site-packages/airflow/example_dags/example_branch_operator_decorator.py
[2026-08-12T04:46:22.500+0000] {logging_mixin.py:190} INFO - [2026-08-12T04:46:22.500+0000] {dag.py:3211} INFO - Sync 1 DAGs
[2026-08-12T04:46:22.525+0000] {logging_mixin.py:190} INFO - [2026-08-12T04:46:22.524+0000] {dag.py:4138} INFO - Setting next_dagrun for example_branch_python_operator_decorator to 2026-08-11 00:00:00+00:00, run_after=2026-08-12 00:00:00+00:00
[2026-08-12T04:46:22.547+0000] {processor.py:208} INFO - Processing /home/airflow/.local/lib/python3.12/site-packages/airflow/example_dags/example_branch_operator_decorator.py took 0.121 seconds
[2026-08-12T04:46:52.859+0000] {processor.py:186} INFO - Started process (PID=1786) to work on /home/airflow/.local/lib/python3.12/site-packages/airflow/example_dags/example_branch_operator_decorator.py
[2026-08-12T04:46:52.861+0000] {processor.py:914} INFO - Processing file /home/airflow/.local/lib/python3.12/site-packages/airflow/example_dags/example_branch_operator_decorator.py for tasks to queue
[2026-08-12T04:46:52.864+0000] {logging_mixin.py:190} INFO - [2026-08-12T04:46:52.863+0000] {dagbag.py:587} INFO - Filling up the DagBag from /home/airflow/.local/lib/python3.12/site-packages/airflow/example_dags/example_branch_operator_decorator.py
[2026-08-12T04:46:52.888+0000] {processor.py:925} INFO - DAG(s) 'example_branch_python_operator_decorator' retrieved from /home/airflow/.local/lib/python3.12/site-packages/airflow/example_dags/example_branch_operator_decorator.py
[2026-08-12T04:46:52.913+0000] {logging_mixin.py:190} INFO - [2026-08-12T04:46:52.913+0000] {dag.py:3211} INFO - Sync 1 DAGs
[2026-08-12T04:46:52.936+0000] {logging_mixin.py:190} INFO - [2026-08-12T04:46:52.935+0000] {dag.py:4138} INFO - Setting next_dagrun for example_branch_python_operator_decorator to 2026-08-11 00:00:00+00:00, run_after=2026-08-12 00:00:00+00:00
[2026-08-12T04:46:52.956+0000] {processor.py:208} INFO - Processing /home/airflow/.local/lib/python3.12/site-packages/airflow/example_dags/example_branch_operator_decorator.py took 0.102 seconds
[2026-08-12T04:47:23.641+0000] {processor.py:186} INFO - Started process (PID=1847) to work on /home/airflow/.local/lib/python3.12/site-packages/airflow/example_dags/example_branch_operator_decorator.py
[2026-08-12T04:47:23.643+0000] {processor.py:914} INFO - Processing file /home/airflow/.local/lib/python3.12/site-packages/airflow/example_dags/example_branch_operator_decorator.py for tasks to queue
[2026-08-12T04:47:23.645+0000] {logging_mixin.py:190} INFO - [2026-08-12T04:47:23.645+0000] {dagbag.py:587} INFO - Filling up the DagBag from /home/airflow/.local/lib/python3.12/site-packages/airflow/example_dags/example_branch_operator_decorator.py
[2026-08-12T04:47:23.667+0000] {processor.py:925} INFO - DAG(s) 'example_branch_python_operator_decorator' retrieved from /home/airflow/.local/lib/python3.12/site-packages/airflow/example_dags/example_branch_operator_decorator.py
[2026-08-12T04:47:23.698+0000] {logging_mixin.py:190} INFO - [2026-08-12T04:47:23.697+0000] {dag.py:3211} INFO - Sync 1 DAGs
[2026-08-12T04:47:23.729+0000] {logging_mixin.py:190} INFO - [2026-08-12T04:47:23.729+0000] {dag.py:4138} INFO - Setting next_dagrun for example_branch_python_operator_decorator to 2026-08-11 00:00:00+00:00, run_after=2026-08-12 00:00:00+00:00
[2026-08-12T04:47:23.752+0000] {processor.py:208} INFO - Processing /home/airflow/.local/lib/python3.12/site-packages/airflow/example_dags/example_branch_operator_decorator.py took 0.117 seconds
[2026-08-12T04:47:54.288+0000] {processor.py:186} INFO - Started process (PID=1909) to work on /home/airflow/.local/lib/python3.12/site-packages/airflow/example_dags/example_branch_operator_decorator.py
[2026-08-12T04:47:54.290+0000] {processor.py:914} INFO - Processing file /home/airflow/.local/lib/python3.12/site-packages/airflow/example_dags/example_branch_operator_decorator.py for tasks to queue
[2026-08-12T04:47:54.294+0000] {logging_mixin.py:190} INFO - [2026-08-12T04:47:54.294+0000] {dagbag.py:587} INFO - Filling up the DagBag from /home/airflow/.local/lib/python3.12/site-packages/airflow/example_dags/example_branch_operator_decorator.py
[2026-08-12T04:47:54.319+0000] {processor.py:925} INFO - DAG(s) 'example_branch_python_operator_decorator' retrieved from /home/airflow/.local/lib/python3.12/site-packages/airflow/example_dags/example_branch_operator_decorator.py
[2026-08-12T04:47:54.347+0000] {logging_mixin.py:190} INFO - [2026-08-12T04:47:54.347+0000] {dag.py:3211} INFO - Sync 1 DAGs
[2026-08-12T04:47:54.379+0000] {logging_mixin.py:190} INFO - [2026-08-12T04:47:54.378+0000] {dag.py:4138} INFO - Setting next_dagrun for example_branch_python_operator_decorator to 2026-08-11 00:00:00+00:00, run_after=2026-08-12 00:00:00+00:00
[2026-08-12T04:47:54.404+0000] {processor.py:208} INFO - Processing /home/airflow/.local/lib/python3.12/site-packages/airflow/example_dags/example_branch_operator_decorator.py took 0.125 seconds
[2026-08-12T04:48:25.138+0000] {processor.py:186} INFO - Started process (PID=1972) to work on /home/airflow/.local/lib/python3.12/site-packages/airflow/example_dags/example_branch_operator_decorator.py
[2026-08-12T04:48:25.140+0000] {processor.py:914} INFO - Processing file /home/airflow/.local/lib/python3.12/site-packages/airflow/example_dags/example_branch_operator_decorator.py for tasks to queue
[2026-08-12T04:48:25.143+0000] {logging_mixin.py:190} INFO - [2026-08-12T04:48:25.143+0000] {dagbag.py:587} INFO - Filling up the DagBag from /home/airflow/.local/lib/python3.12/site-packages/airflow/example_dags/example_branch_operator_decorator.py
[2026-08-12T04:48:25.162+0000] {processor.py:925} INFO - DAG(s) 'example_branch_python_operator_decorator' retrieved from /home/airflow/.local/lib/python3.12/site-packages/airflow/example_dags/example_branch_operator_decorator.py
[2026-08-12T04:48:25.190+0000] {logging_mixin.py:190} INFO - [2026-08-12T04:48:25.189+0000] {dag.py:3211} INFO - Sync 1 DAGs
[2026-08-12T04:48:25.216+0000] {logging_mixin.py:190} INFO - [2026-08-12T04:48:25.216+0000] {dag.py:4138} INFO - Setting next_dagrun for example_branch_python_operator_decorator to 2026-08-11 00:00:00+00:00, run_after=2026-08-12 00:00:00+00:00
[2026-08-12T04:48:25.240+0000] {processor.py:208} INFO - Processing /home/airflow/.local/lib/python3.12/site-packages/airflow/example_dags/example_branch_operator_decorator.py took 0.109 seconds
[2026-08-12T04:48:56.050+0000] {processor.py:186} INFO - Started process (PID=2035) to work on /home/airflow/.local/lib/python3.12/site-packages/airflow/example_dags/example_branch_operator_decorator.py
[2026-08-12T04:48:56.052+0000] {processor.py:914} INFO - Processing file /home/airflow/.local/lib/python3.12/site-packages/airflow/example_dags/example_branch_operator_decorator.py for tasks to queue
[2026-08-12T04:48:56.060+0000] {logging_mixin.py:190} INFO - [2026-08-12T04:48:56.059+0000] {dagbag.py:587} INFO - Filling up the DagBag from /home/airflow/.local/lib/python3.12/site-packages/airflow/example_dags/example_branch_operator_decorator.py
[2026-08-12T04:48:56.103+0000] {processor.py:925} INFO - DAG(s) 'example_branch_python_operator_decorator' retrieved from /home/airflow/.local/lib/python3.12/site-packages/airflow/example_dags/example_branch_operator_decorator.py
[2026-08-12T04:48:56.149+0000] {logging_mixin.py:190} INFO - [2026-08-12T04:48:56.148+0000] {dag.py:3211} INFO - Sync 1 DAGs
[2026-08-12T04:48:56.184+0000] {logging_mixin.py:190} INFO - [2026-08-12T04:48:56.184+0000] {dag.py:4138} INFO - Setting next_dagrun for example_branch_python_operator_decorator to 2026-08-11 00:00:00+00:00, run_after=2026-08-12 00:00:00+00:00
[2026-08-12T04:48:56.216+0000] {processor.py:208} INFO - Processing /home/airflow/.local/lib/python3.12/site-packages/airflow/example_dags/example_branch_operator_decorator.py took 0.178 seconds
[2026-08-12T04:49:26.502+0000] {processor.py:186} INFO - Started process (PID=2098) to work on /home/airflow/.local/lib/python3.12/site-packages/airflow/example_dags/example_branch_operator_decorator.py
[2026-08-12T04:49:26.504+0000] {processor.py:914} INFO - Processing file /home/airflow/.local/lib/python3.12/site-packages/airflow/example_dags/example_branch_operator_decorator.py for tasks to queue
[2026-08-12T04:49:26.508+0000] {logging_mixin.py:190} INFO - [2026-08-12T04:49:26.507+0000] {dagbag.py:587} INFO - Filling up the DagBag from /home/airflow/.local/lib/python3.12/site-packages/airflow/example_dags/example_branch_operator_decorator.py
[2026-08-12T04:49:26.528+0000] {processor.py:925} INFO - DAG(s) 'example_branch_python_operator_decorator' retrieved from /home/airflow/.local/lib/python3.12/site-packages/airflow/example_dags/example_branch_operator_decorator.py
[2026-08-12T04:49:26.564+0000] {logging_mixin.py:190} INFO - [2026-08-12T04:49:26.563+0000] {dag.py:3211} INFO - Sync 1 DAGs
[2026-08-12T04:49:26.590+0000] {logging_mixin.py:190} INFO - [2026-08-12T04:49:26.589+0000] {dag.py:4138} INFO - Setting next_dagrun for example_branch_python_operator_decorator to 2026-08-11 00:00:00+00:00, run_after=2026-08-12 00:00:00+00:00
[2026-08-12T04:49:26.611+0000] {processor.py:208} INFO - Processing /home/airflow/.local/lib/python3.12/site-packages/airflow/example_dags/example_branch_operator_decorator.py took 0.115 seconds
[2026-08-12T04:49:57.003+0000] {processor.py:186} INFO - Started process (PID=2161) to work on /home/airflow/.local/lib/python3.12/site-packages/airflow/example_dags/example_branch_operator_decorator.py
[2026-08-12T04:49:57.005+0000] {processor.py:914} INFO - Processing file /home/airflow/.local/lib/python3.12/site-packages/airflow/example_dags/example_branch_operator_decorator.py for tasks to queue
[2026-08-12T04:49:57.008+0000] {logging_mixin.py:190} INFO - [2026-08-12T04:49:57.008+0000] {dagbag.py:587} INFO - Filling up the DagBag from /home/airflow/.local/lib/python3.12/site-packages/airflow/example_dags/example_branch_operator_decorator.py
[2026-08-12T04:49:57.038+0000] {processor.py:925} INFO - DAG(s) 'example_branch_python_operator_decorator' retrieved from /home/airflow/.local/lib/python3.12/site-packages/airflow/example_dags/example_branch_operator_decorator.py
[2026-08-12T04:49:57.078+0000] {logging_mixin.py:190} INFO - [2026-08-12T04:49:57.077+0000] {dag.py:3211} INFO - Sync 1 DAGs
[2026-08-12T04:49:57.109+0000] {logging_mixin.py:190} INFO - [2026-08-12T04:49:57.109+0000] {dag.py:4138} INFO - Setting next_dagrun for example_branch_python_operator_decorator to 2026-08-11 00:00:00+00:00, run_after=2026-08-12 00:00:00+00:00
[2026-08-12T04:49:57.138+0000] {processor.py:208} INFO - Processing /home/airflow/.local/lib/python3.12/site-packages/airflow/example_dags/example_branch_operator_decorator.py took 0.141 seconds
[2026-08-12T04:50:27.603+0000] {processor.py:186} INFO - Started process (PID=2225) to work on /home/airflow/.local/lib/python3.12/site-packages/airflow/example_dags/example_branch_operator_decorator.py
[2026-08-12T04:50:27.605+0000] {processor.py:914} INFO - Processing file /home/airflow/.local/lib/python3.12/site-packages/airflow/example_dags/example_branch_operator_decorator.py for tasks to queue
[2026-08-12T04:50:27.608+0000] {logging_mixin.py:190} INFO - [2026-08-12T04:50:27.608+0000] {dagbag.py:587} INFO - Filling up the DagBag from /home/airflow/.local/lib/python3.12/site-packages/airflow/example_dags/example_branch_operator_decorator.py
[2026-08-12T04:50:27.631+0000] {processor.py:925} INFO - DAG(s) 'example_branch_python_operator_decorator' retrieved from /home/airflow/.local/lib/python3.12/site-packages/airflow/example_dags/example_branch_operator_decorator.py
[2026-08-12T04:50:27.661+0000] {logging_mixin.py:190} INFO - [2026-08-12T04:50:27.661+0000] {dag.py:3211} INFO - Sync 1 DAGs
[2026-08-12T04:50:27.688+0000] {logging_mixin.py:190} INFO - [2026-08-12T04:50:27.687+0000] {dag.py:4138} INFO - Setting next_dagrun for example_branch_python_operator_decorator to 2026-08-11 00:00:00+00:00, run_after=2026-08-12 00:00:00+00:00
[2026-08-12T04:50:27.708+0000] {processor.py:208} INFO - Processing /home/airflow/.local/lib/python3.12/site-packages/airflow/example_dags/example_branch_operator_decorator.py took 0.112 seconds
[2026-08-12T04:50:58.591+0000] {processor.py:186} INFO - Started process (PID=2288) to work on /home/airflow/.local/lib/python3.12/site-packages/airflow/example_dags/example_branch_operator_decorator.py
[2026-08-12T04:50:58.594+0000] {processor.py:914} INFO - Processing file /home/airflow/.local/lib/python3.12/site-packages/airflow/example_dags/example_branch_operator_decorator.py for tasks to queue
[2026-08-12T04:50:58.600+0000] {logging_mixin.py:190} INFO - [2026-08-12T04:50:58.599+0000] {dagbag.py:587} INFO - Filling up the DagBag from /home/airflow/.local/lib/python3.12/site-packages/airflow/example_dags/example_branch_operator_decorator.py
[2026-08-12T04:50:58.632+0000] {processor.py:925} INFO - DAG(s) 'example_branch_python_operator_decorator' retrieved from /home/airflow/.local/lib/python3.12/site-packages/airflow/example_dags/example_branch_operator_decorator.py
[2026-08-12T04:50:58.667+0000] {logging_mixin.py:190} INFO - [2026-08-12T04:50:58.666+0000] {dag.py:3211} INFO - Sync 1 DAGs
[2026-08-12T04:50:58.700+0000] {logging_mixin.py:190} INFO - [2026-08-12T04:50:58.699+0000] {dag.py:4138} INFO - Setting next_dagrun for example_branch_python_operator_decorator to 2026-08-11 00:00:00+00:00, run_after=2026-08-12 00:00:00+00:00
[2026-08-12T04:50:58.720+0000] {processor.py:208} INFO - Processing /home/airflow/.local/lib/python3.12/site-packages/airflow/example_dags/example_branch_operator_decorator.py took 0.143 seconds
[2026-08-12T04:51:29.243+0000] {processor.py:186} INFO - Started process (PID=2351) to work on /home/airflow/.local/lib/python3.12/site-packages/airflow/example_dags/example_branch_operator_decorator.py
[2026-08-12T04:51:29.246+0000] {processor.py:914} INFO - Processing file /home/airflow/.local/lib/python3.12/site-packages/airflow/example_dags/example_branch_operator_decorator.py for tasks to queue
[2026-08-12T04:51:29.254+0000] {logging_mixin.py:190} INFO - [2026-08-12T04:51:29.253+0000] {dagbag.py:587} INFO - Filling up the DagBag from /home/airflow/.local/lib/python3.12/site-packages/airflow/example_dags/example_branch_operator_decorator.py
[2026-08-12T04:51:29.291+0000] {processor.py:925} INFO - DAG(s) 'example_branch_python_operator_decorator' retrieved from /home/airflow/.local/lib/python3.12/site-packages/airflow/example_dags/example_branch_operator_decorator.py
[2026-08-12T04:51:29.338+0000] {logging_mixin.py:190} INFO - [2026-08-12T04:51:29.338+0000] {dag.py:3211} INFO - Sync 1 DAGs
[2026-08-12T04:51:29.372+0000] {logging_mixin.py:190} INFO - [2026-08-12T04:51:29.371+0000] {dag.py:4138} INFO - Setting next_dagrun for example_branch_python_operator_decorator to 2026-08-11 00:00:00+00:00, run_after=2026-08-12 00:00:00+00:00
[2026-08-12T04:51:29.398+0000] {processor.py:208} INFO - Processing /home/airflow/.local/lib/python3.12/site-packages/airflow/example_dags/example_branch_operator_decorator.py took 0.164 seconds
[2026-08-12T04:52:00.129+0000] {processor.py:186} INFO - Started process (PID=2414) to work on /home/airflow/.local/lib/python3.12/site-packages/airflow/example_dags/example_branch_operator_decorator.py
[2026-08-12T04:52:00.130+0000] {processor.py:914} INFO - Processing file /home/airflow/.local/lib/python3.12/site-packages/airflow/example_dags/example_branch_operator_decorator.py for tasks to queue
[2026-08-12T04:52:00.133+0000] {logging_mixin.py:190} INFO - [2026-08-12T04:52:00.133+0000] {dagbag.py:587} INFO - Filling up the DagBag from /home/airflow/.local/lib/python3.12/site-packages/airflow/example_dags/example_branch_operator_decorator.py
[2026-08-12T04:52:00.170+0000] {processor.py:925} INFO - DAG(s) 'example_branch_python_operator_decorator' retrieved from /home/airflow/.local/lib/python3.12/site-packages/airflow/example_dags/example_branch_operator_decorator.py
[2026-08-12T04:52:00.216+0000] {logging_mixin.py:190} INFO - [2026-08-12T04:52:00.216+0000] {dag.py:3211} INFO - Sync 1 DAGs
[2026-08-12T04:52:00.247+0000] {logging_mixin.py:190} INFO - [2026-08-12T04:52:00.246+0000] {dag.py:4138} INFO - Setting next_dagrun for example_branch_python_operator_decorator to 2026-08-11 00:00:00+00:00, run_after=2026-08-12 00:00:00+00:00
[2026-08-12T04:52:00.271+0000] {processor.py:208} INFO - Processing /home/airflow/.local/lib/python3.12/site-packages/airflow/example_dags/example_branch_operator_decorator.py took 0.151 seconds
[2026-08-12T04:52:30.333+0000] {processor.py:186} INFO - Started process (PID=2476) to work on /home/airflow/.local/lib/python3.12/site-packages/airflow/example_dags/example_branch_operator_decorator.py
[2026-08-12T04:52:30.336+0000] {processor.py:914} INFO - Processing file /home/airflow/.local/lib/python3.12/site-packages/airflow/example_dags/example_branch_operator_decorator.py for tasks to queue
[2026-08-12T04:52:30.339+0000] {logging_mixin.py:190} INFO - [2026-08-12T04:52:30.339+0000] {dagbag.py:587} INFO - Filling up the DagBag from /home/airflow/.local/lib/python3.12/site-packages/airflow/example_dags/example_branch_operator_decorator.py
[2026-08-12T04:52:30.364+0000] {processor.py:925} INFO - DAG(s) 'example_branch_python_operator_decorator' retrieved from /home/airflow/.local/lib/python3.12/site-packages/airflow/example_dags/example_branch_operator_decorator.py
[2026-08-12T04:52:30.397+0000] {logging_mixin.py:190} INFO - [2026-08-12T04:52:30.396+0000] {dag.py:3211} INFO - Sync 1 DAGs
[2026-08-12T04:52:30.422+0000] {logging_mixin.py:190} INFO - [2026-08-12T04:52:30.422+0000] {dag.py:4138} INFO - Setting next_dagrun for example_branch_python_operator_decorator to 2026-08-11 00:00:00+00:00, run_after=2026-08-12 00:00:00+00:00
[2026-08-12T04:52:30.443+0000] {processor.py:208} INFO - Processing /home/airflow/.local/lib/python3.12/site-packages/airflow/example_dags/example_branch_operator_decorator.py took 0.119 seconds
[2026-08-12T04:53:01.392+0000] {processor.py:186} INFO - Started process (PID=2540) to work on /home/airflow/.local/lib/python3.12/site-packages/airflow/example_dags/example_branch_operator_decorator.py
[2026-08-12T04:53:01.393+0000] {processor.py:914} INFO - Processing file /home/airflow/.local/lib/python3.12/site-packages/airflow/example_dags/example_branch_operator_decorator.py for tasks to queue
[2026-08-12T04:53:01.397+0000] {logging_mixin.py:190} INFO - [2026-08-12T04:53:01.397+0000] {dagbag.py:587} INFO - Filling up the DagBag from /home/airflow/.local/lib/python3.12/site-packages/airflow/example_dags/example_branch_operator_decorator.py
[2026-08-12T04:53:01.421+0000] {processor.py:925} INFO - DAG(s) 'example_branch_python_operator_decorator' retrieved from /home/airflow/.local/lib/python3.12/site-packages/airflow/example_dags/example_branch_operator_decorator.py
[2026-08-12T04:53:01.457+0000] {logging_mixin.py:190} INFO - [2026-08-12T04:53:01.457+0000] {dag.py:3211} INFO - Sync 1 DAGs
[2026-08-12T04:53:01.484+0000] {logging_mixin.py:190} INFO - [2026-08-12T04:53:01.484+0000] {dag.py:4138} INFO - Setting next_dagrun for example_branch_python_operator_decorator to 2026-08-11 00:00:00+00:00, run_after=2026-08-12 00:00:00+00:00
[2026-08-12T04:53:01.509+0000] {processor.py:208} INFO - Processing /home/airflow/.local/lib/python3.12/site-packages/airflow/example_dags/example_branch_operator_decorator.py took 0.125 seconds
[2026-08-12T04:53:32.321+0000] {processor.py:186} INFO - Started process (PID=2603) to work on /home/airflow/.local/lib/python3.12/site-packages/airflow/example_dags/example_branch_operator_decorator.py
[2026-08-12T04:53:32.323+0000] {processor.py:914} INFO - Processing file /home/airflow/.local/lib/python3.12/site-packages/airflow/example_dags/example_branch_operator_decorator.py for tasks to queue
[2026-08-12T04:53:32.326+0000] {logging_mixin.py:190} INFO - [2026-08-12T04:53:32.326+0000] {dagbag.py:587} INFO - Filling up the DagBag from /home/airflow/.local/lib/python3.12/site-packages/airflow/example_dags/example_branch_operator_decorator.py
[2026-08-12T04:53:32.362+0000] {processor.py:925} INFO - DAG(s) 'example_branch_python_operator_decorator' retrieved from /home/airflow/.local/lib/python3.12/site-packages/airflow/example_dags/example_branch_operator_decorator.py
[2026-08-12T04:53:32.396+0000] {logging_mixin.py:190} INFO - [2026-08-12T04:53:32.396+0000] {dag.py:3211} INFO - Sync 1 DAGs
[2026-08-12T04:53:32.423+0000] {logging_mixin.py:190} INFO - [2026-08-12T04:53:32.423+0000] {dag.py:4138} INFO - Setting next_dagrun for example_branch_python_operator_decorator to 2026-08-11 00:00:00+00:00, run_after=2026-08-12 00:00:00+00:00
[2026-08-12T04:53:32.455+0000] {processor.py:208} INFO - Processing /home/airflow/.local/lib/python3.12/site-packages/airflow/example_dags/example_branch_operator_decorator.py took 0.139 seconds
[2026-08-12T04:54:03.228+0000] {processor.py:186} INFO - Started process (PID=2672) to work on /home/airflow/.local/lib/python3.12/site-packages/airflow/example_dags/example_branch_operator_decorator.py
[2026-08-12T04:54:03.230+0000] {processor.py:914} INFO - Processing file /home/airflow/.local/lib/python3.12/site-packages/airflow/example_dags/example_branch_operator_decorator.py for tasks to queue
[2026-08-12T04:54:03.233+0000] {logging_mixin.py:190} INFO - [2026-08-12T04:54:03.233+0000] {dagbag.py:587} INFO - Filling up the DagBag from /home/airflow/.local/lib/python3.12/site-packages/airflow/example_dags/example_branch_operator_decorator.py
[2026-08-12T04:54:03.250+0000] {processor.py:925} INFO - DAG(s) 'example_branch_python_operator_decorator' retrieved from /home/airflow/.local/lib/python3.12/site-packages/airflow/example_dags/example_branch_operator_decorator.py
[2026-08-12T04:54:03.280+0000] {logging_mixin.py:190} INFO - [2026-08-12T04:54:03.280+0000] {dag.py:3211} INFO - Sync 1 DAGs
[2026-08-12T04:54:03.303+0000] {logging_mixin.py:190} INFO - [2026-08-12T04:54:03.303+0000] {dag.py:4138} INFO - Setting next_dagrun for example_branch_python_operator_decorator to 2026-08-11 00:00:00+00:00, run_after=2026-08-12 00:00:00+00:00
[2026-08-12T04:54:03.325+0000] {processor.py:208} INFO - Processing /home/airflow/.local/lib/python3.12/site-packages/airflow/example_dags/example_branch_operator_decorator.py took 0.104 seconds
[2026-08-12T04:54:33.788+0000] {processor.py:186} INFO - Started process (PID=2735) to work on /home/airflow/.local/lib/python3.12/site-packages/airflow/example_dags/example_branch_operator_decorator.py
[2026-08-12T04:54:33.790+0000] {processor.py:914} INFO - Processing file /home/airflow/.local/lib/python3.12/site-packages/airflow/example_dags/example_branch_operator_decorator.py for tasks to queue
[2026-08-12T04:54:33.794+0000] {logging_mixin.py:190} INFO - [2026-08-12T04:54:33.793+0000] {dagbag.py:587} INFO - Filling up the DagBag from /home/airflow/.local/lib/python3.12/site-packages/airflow/example_dags/example_branch_operator_decorator.py
[2026-08-12T04:54:33.816+0000] {processor.py:925} INFO - DAG(s) 'example_branch_python_operator_decorator' retrieved from /home/airflow/.local/lib/python3.12/site-packages/airflow/example_dags/example_branch_operator_decorator.py
[2026-08-12T04:54:33.852+0000] {logging_mixin.py:190} INFO - [2026-08-12T04:54:33.852+0000] {dag.py:3211} INFO - Sync 1 DAGs
[2026-08-12T04:54:33.877+0000] {logging_mixin.py:190} INFO - [2026-08-12T04:54:33.877+0000] {dag.py:4138} INFO - Setting next_dagrun for example_branch_python_operator_decorator to 2026-08-11 00:00:00+00:00, run_after=2026-08-12 00:00:00+00:00
[2026-08-12T04:54:33.898+0000] {processor.py:208} INFO - Processing /home/airflow/.local/lib/python3.12/site-packages/airflow/example_dags/example_branch_operator_decorator.py took 0.117 seconds
[2026-08-12T04:55:04.448+0000] {processor.py:186} INFO - Started process (PID=2798) to work on /home/airflow/.local/lib/python3.12/site-packages/airflow/example_dags/example_branch_operator_decorator.py
[2026-08-12T04:55:04.450+0000] {processor.py:914} INFO - Processing file /home/airflow/.local/lib/python3.12/site-packages/airflow/example_dags/example_branch_operator_decorator.py for tasks to queue
[2026-08-12T04:55:04.453+0000] {logging_mixin.py:190} INFO - [2026-08-12T04:55:04.453+0000] {dagbag.py:587} INFO - Filling up the DagBag from /home/airflow/.local/lib/python3.12/site-packages/airflow/example_dags/example_branch_operator_decorator.py
[2026-08-12T04:55:04.473+0000] {processor.py:925} INFO - DAG(s) 'example_branch_python_operator_decorator' retrieved from /home/airflow/.local/lib/python3.12/site-packages/airflow/example_dags/example_branch_operator_decorator.py
[2026-08-12T04:55:04.504+0000] {logging_mixin.py:190} INFO - [2026-08-12T04:55:04.504+0000] {dag.py:3211} INFO - Sync 1 DAGs
[2026-08-12T04:55:04.533+0000] {logging_mixin.py:190} INFO - [2026-08-12T04:55:04.533+0000] {dag.py:4138} INFO - Setting next_dagrun for example_branch_python_operator_decorator to 2026-08-11 00:00:00+00:00, run_after=2026-08-12 00:00:00+00:00
[2026-08-12T04:55:04.558+0000] {processor.py:208} INFO - Processing /home/airflow/.local/lib/python3.12/site-packages/airflow/example_dags/example_branch_operator_decorator.py took 0.115 seconds
[2026-08-12T04:55:35.344+0000] {processor.py:186} INFO - Started process (PID=2861) to work on /home/airflow/.local/lib/python3.12/site-packages/airflow/example_dags/example_branch_operator_decorator.py
[2026-08-12T04:55:35.346+0000] {processor.py:914} INFO - Processing file /home/airflow/.local/lib/python3.12/site-packages/airflow/example_dags/example_branch_operator_decorator.py for tasks to queue
[2026-08-12T04:55:35.349+0000] {logging_mixin.py:190} INFO - [2026-08-12T04:55:35.349+0000] {dagbag.py:587} INFO - Filling up the DagBag from /home/airflow/.local/lib/python3.12/site-packages/airflow/example_dags/example_branch_operator_decorator.py
[2026-08-12T04:55:35.369+0000] {processor.py:925} INFO - DAG(s) 'example_branch_python_operator_decorator' retrieved from /home/airflow/.local/lib/python3.12/site-packages/airflow/example_dags/example_branch_operator_decorator.py
[2026-08-12T04:55:35.397+0000] {logging_mixin.py:190} INFO - [2026-08-12T04:55:35.396+0000] {dag.py:3211} INFO - Sync 1 DAGs
[2026-08-12T04:55:35.423+0000] {logging_mixin.py:190} INFO - [2026-08-12T04:55:35.422+0000] {dag.py:4138} INFO - Setting next_dagrun for example_branch_python_operator_decorator to 2026-08-11 00:00:00+00:00, run_after=2026-08-12 00:00:00+00:00
[2026-08-12T04:55:35.445+0000] {processor.py:208} INFO - Processing /home/airflow/.local/lib/python3.12/site-packages/airflow/example_dags/example_branch_operator_decorator.py took 0.106 seconds
[2026-08-12T04:56:05.896+0000] {processor.py:186} INFO - Started process (PID=2924) to work on /home/airflow/.local/lib/python3.12/site-packages/airflow/example_dags/example_branch_operator_decorator.py
[2026-08-12T04:56:05.897+0000] {processor.py:914} INFO - Processing file /home/airflow/.local/lib/python3.12/site-packages/airflow/example_dags/example_branch_operator_decorator.py for tasks to queue
[2026-08-12T04:56:05.900+0000] {logging_mixin.py:190} INFO - [2026-08-12T04:56:05.900+0000] {dagbag.py:587} INFO - Filling up the DagBag from /home/airflow/.local/lib/python3.12/site-packages/airflow/example_dags/example_branch_operator_decorator.py
[2026-08-12T04:56:05.920+0000] {processor.py:925} INFO - DAG(s) 'example_branch_python_operator_decorator' retrieved from /home/airflow/.local/lib/python3.12/site-packages/airflow/example_dags/example_branch_operator_decorator.py
[2026-08-12T04:56:05.949+0000] {logging_mixin.py:190} INFO - [2026-08-12T04:56:05.949+0000] {dag.py:3211} INFO - Sync 1 DAGs
[2026-08-12T04:56:05.974+0000] {logging_mixin.py:190} INFO - [2026-08-12T04:56:05.974+0000] {dag.py:4138} INFO - Setting next_dagrun for example_branch_python_operator_decorator to 2026-08-11 00:00:00+00:00, run_after=2026-08-12 00:00:00+00:00
[2026-08-12T04:56:05.996+0000] {processor.py:208} INFO - Processing /home/airflow/.local/lib/python3.12/site-packages/airflow/example_dags/example_branch_operator_decorator.py took 0.107 seconds
[2026-08-12T04:56:36.724+0000] {processor.py:186} INFO - Started process (PID=2987) to work on /home/airflow/.local/lib/python3.12/site-packages/airflow/example_dags/example_branch_operator_decorator.py
[2026-08-12T04:56:36.725+0000] {processor.py:914} INFO - Processing file /home/airflow/.local/lib/python3.12/site-packages/airflow/example_dags/example_branch_operator_decorator.py for tasks to queue
[2026-08-12T04:56:36.729+0000] {logging_mixin.py:190} INFO - [2026-08-12T04:56:36.728+0000] {dagbag.py:587} INFO - Filling up the DagBag from /home/airflow/.local/lib/python3.12/site-packages/airflow/example_dags/example_branch_operator_decorator.py
[2026-08-12T04:56:36.749+0000] {processor.py:925} INFO - DAG(s) 'example_branch_python_operator_decorator' retrieved from /home/airflow/.local/lib/python3.12/site-packages/airflow/example_dags/example_branch_operator_decorator.py
[2026-08-12T04:56:36.779+0000] {logging_mixin.py:190} INFO - [2026-08-12T04:56:36.779+0000] {dag.py:3211} INFO - Sync 1 DAGs
[2026-08-12T04:56:36.813+0000] {logging_mixin.py:190} INFO - [2026-08-12T04:56:36.813+0000] {dag.py:4138} INFO - Setting next_dagrun for example_branch_python_operator_decorator to 2026-08-11 00:00:00+00:00, run_after=2026-08-12 00:00:00+00:00
[2026-08-12T04:56:36.841+0000] {processor.py:208} INFO - Processing /home/airflow/.local/lib/python3.12/site-packages/airflow/example_dags/example_branch_operator_decorator.py took 0.122 seconds
[2026-08-12T04:57:07.514+0000] {processor.py:186} INFO - Started process (PID=3050) to work on /home/airflow/.local/lib/python3.12/site-packages/airflow/example_dags/example_branch_operator_decorator.py
[2026-08-12T04:57:07.515+0000] {processor.py:914} INFO - Processing file /home/airflow/.local/lib/python3.12/site-packages/airflow/example_dags/example_branch_operator_decorator.py for tasks to queue
[2026-08-12T04:57:07.518+0000] {logging_mixin.py:190} INFO - [2026-08-12T04:57:07.518+0000] {dagbag.py:587} INFO - Filling up the DagBag from /home/airflow/.local/lib/python3.12/site-packages/airflow/example_dags/example_branch_operator_decorator.py
[2026-08-12T04:57:07.536+0000] {processor.py:925} INFO - DAG(s) 'example_branch_python_operator_decorator' retrieved from /home/airflow/.local/lib/python3.12/site-packages/airflow/example_dags/example_branch_operator_decorator.py
[2026-08-12T04:57:07.570+0000] {logging_mixin.py:190} INFO - [2026-08-12T04:57:07.570+0000] {dag.py:3211} INFO - Sync 1 DAGs
[2026-08-12T04:57:07.597+0000] {logging_mixin.py:190} INFO - [2026-08-12T04:57:07.596+0000] {dag.py:4138} INFO - Setting next_dagrun for example_branch_python_operator_decorator to 2026-08-11 00:00:00+00:00, run_after=2026-08-12 00:00:00+00:00
[2026-08-12T04:57:07.622+0000] {processor.py:208} INFO - Processing /home/airflow/.local/lib/python3.12/site-packages/airflow/example_dags/example_branch_operator_decorator.py took 0.113 seconds
[2026-08-12T04:57:37.905+0000] {processor.py:186} INFO - Started process (PID=3113) to work on /home/airflow/.local/lib/python3.12/site-packages/airflow/example_dags/example_branch_operator_decorator.py
[2026-08-12T04:57:37.907+0000] {processor.py:914} INFO - Processing file /home/airflow/.local/lib/python3.12/site-packages/airflow/example_dags/example_branch_operator_decorator.py for tasks to queue
[2026-08-12T04:57:37.909+0000] {logging_mixin.py:190} INFO - [2026-08-12T04:57:37.909+0000] {dagbag.py:587} INFO - Filling up the DagBag from /home/airflow/.local/lib/python3.12/site-packages/airflow/example_dags/example_branch_operator_decorator.py
[2026-08-12T04:57:37.929+0000] {processor.py:925} INFO - DAG(s) 'example_branch_python_operator_decorator' retrieved from /home/airflow/.local/lib/python3.12/site-packages/airflow/example_dags/example_branch_operator_decorator.py
[2026-08-12T04:57:37.954+0000] {logging_mixin.py:190} INFO - [2026-08-12T04:57:37.954+0000] {dag.py:3211} INFO - Sync 1 DAGs
[2026-08-12T04:57:38.138+0000] {logging_mixin.py:190} INFO - [2026-08-12T04:57:38.138+0000] {dag.py:4138} INFO - Setting next_dagrun for example_branch_python_operator_decorator to 2026-08-11 00:00:00+00:00, run_after=2026-08-12 00:00:00+00:00
[2026-08-12T04:57:38.174+0000] {processor.py:208} INFO - Processing /home/airflow/.local/lib/python3.12/site-packages/airflow/example_dags/example_branch_operator_decorator.py took 0.274 seconds
[2026-08-12T04:58:08.266+0000] {processor.py:186} INFO - Started process (PID=3175) to work on /home/airflow/.local/lib/python3.12/site-packages/airflow/example_dags/example_branch_operator_decorator.py
[2026-08-12T04:58:08.270+0000] {processor.py:914} INFO - Processing file /home/airflow/.local/lib/python3.12/site-packages/airflow/example_dags/example_branch_operator_decorator.py for tasks to queue
[2026-08-12T04:58:08.273+0000] {logging_mixin.py:190} INFO - [2026-08-12T04:58:08.273+0000] {dagbag.py:587} INFO - Filling up the DagBag from /home/airflow/.local/lib/python3.12/site-packages/airflow/example_dags/example_branch_operator_decorator.py
[2026-08-12T04:58:08.294+0000] {processor.py:925} INFO - DAG(s) 'example_branch_python_operator_decorator' retrieved from /home/airflow/.local/lib/python3.12/site-packages/airflow/example_dags/example_branch_operator_decorator.py
[2026-08-12T04:58:08.324+0000] {logging_mixin.py:190} INFO - [2026-08-12T04:58:08.324+0000] {dag.py:3211} INFO - Sync 1 DAGs
[2026-08-12T04:58:08.566+0000] {logging_mixin.py:190} INFO - [2026-08-12T04:58:08.566+0000] {dag.py:4138} INFO - Setting next_dagrun for example_branch_python_operator_decorator to 2026-08-11 00:00:00+00:00, run_after=2026-08-12 00:00:00+00:00
[2026-08-12T04:58:08.588+0000] {processor.py:208} INFO - Processing /home/airflow/.local/lib/python3.12/site-packages/airflow/example_dags/example_branch_operator_decorator.py took 0.327 seconds
[2026-08-12T04:58:38.847+0000] {processor.py:186} INFO - Started process (PID=3238) to work on /home/airflow/.local/lib/python3.12/site-packages/airflow/example_dags/example_branch_operator_decorator.py
[2026-08-12T04:58:38.848+0000] {processor.py:914} INFO - Processing file /home/airflow/.local/lib/python3.12/site-packages/airflow/example_dags/example_branch_operator_decorator.py for tasks to queue
[2026-08-12T04:58:38.851+0000] {logging_mixin.py:190} INFO - [2026-08-12T04:58:38.851+0000] {dagbag.py:587} INFO - Filling up the DagBag from /home/airflow/.local/lib/python3.12/site-packages/airflow/example_dags/example_branch_operator_decorator.py
[2026-08-12T04:58:38.873+0000] {processor.py:925} INFO - DAG(s) 'example_branch_python_operator_decorator' retrieved from /home/airflow/.local/lib/python3.12/site-packages/airflow/example_dags/example_branch_operator_decorator.py
[2026-08-12T04:58:38.911+0000] {logging_mixin.py:190} INFO - [2026-08-12T04:58:38.910+0000] {dag.py:3211} INFO - Sync 1 DAGs
[2026-08-12T04:58:39.126+0000] {logging_mixin.py:190} INFO - [2026-08-12T04:58:39.125+0000] {dag.py:4138} INFO - Setting next_dagrun for example_branch_python_operator_decorator to 2026-08-11 00:00:00+00:00, run_after=2026-08-12 00:00:00+00:00
[2026-08-12T04:58:39.145+0000] {processor.py:208} INFO - Processing /home/airflow/.local/lib/python3.12/site-packages/airflow/example_dags/example_branch_operator_decorator.py took 0.305 seconds
[2026-08-12T04:59:09.933+0000] {processor.py:186} INFO - Started process (PID=3302) to work on /home/airflow/.local/lib/python3.12/site-packages/airflow/example_dags/example_branch_operator_decorator.py
[2026-08-12T04:59:09.935+0000] {processor.py:914} INFO - Processing file /home/airflow/.local/lib/python3.12/site-packages/airflow/example_dags/example_branch_operator_decorator.py for tasks to queue
[2026-08-12T04:59:09.939+0000] {logging_mixin.py:190} INFO - [2026-08-12T04:59:09.939+0000] {dagbag.py:587} INFO - Filling up the DagBag from /home/airflow/.local/lib/python3.12/site-packages/airflow/example_dags/example_branch_operator_decorator.py
[2026-08-12T04:59:09.969+0000] {processor.py:925} INFO - DAG(s) 'example_branch_python_operator_decorator' retrieved from /home/airflow/.local/lib/python3.12/site-packages/airflow/example_dags/example_branch_operator_decorator.py
[2026-08-12T04:59:10.009+0000] {logging_mixin.py:190} INFO - [2026-08-12T04:59:10.009+0000] {dag.py:3211} INFO - Sync 1 DAGs
[2026-08-12T04:59:10.038+0000] {logging_mixin.py:190} INFO - [2026-08-12T04:59:10.037+0000] {dag.py:4138} INFO - Setting next_dagrun for example_branch_python_operator_decorator to 2026-08-11 00:00:00+00:00, run_after=2026-08-12 00:00:00+00:00
[2026-08-12T04:59:10.237+0000] {processor.py:208} INFO - Processing /home/airflow/.local/lib/python3.12/site-packages/airflow/example_dags/example_branch_operator_decorator.py took 0.311 seconds
[2026-08-12T04:59:40.818+0000] {processor.py:186} INFO - Started process (PID=3365) to work on /home/airflow/.local/lib/python3.12/site-packages/airflow/example_dags/example_branch_operator_decorator.py
[2026-08-12T04:59:40.819+0000] {processor.py:914} INFO - Processing file /home/airflow/.local/lib/python3.12/site-packages/airflow/example_dags/example_branch_operator_decorator.py for tasks to queue
[2026-08-12T04:59:40.824+0000] {logging_mixin.py:190} INFO - [2026-08-12T04:59:40.824+0000] {dagbag.py:587} INFO - Filling up the DagBag from /home/airflow/.local/lib/python3.12/site-packages/airflow/example_dags/example_branch_operator_decorator.py
[2026-08-12T04:59:40.864+0000] {processor.py:925} INFO - DAG(s) 'example_branch_python_operator_decorator' retrieved from /home/airflow/.local/lib/python3.12/site-packages/airflow/example_dags/example_branch_operator_decorator.py
[2026-08-12T04:59:40.909+0000] {logging_mixin.py:190} INFO - [2026-08-12T04:59:40.909+0000] {dag.py:3211} INFO - Sync 1 DAGs
[2026-08-12T04:59:40.938+0000] {logging_mixin.py:190} INFO - [2026-08-12T04:59:40.938+0000] {dag.py:4138} INFO - Setting next_dagrun for example_branch_python_operator_decorator to 2026-08-11 00:00:00+00:00, run_after=2026-08-12 00:00:00+00:00
[2026-08-12T04:59:40.962+0000] {processor.py:208} INFO - Processing /home/airflow/.local/lib/python3.12/site-packages/airflow/example_dags/example_branch_operator_decorator.py took 0.152 seconds
[2026-08-12T05:00:11.280+0000] {processor.py:186} INFO - Started process (PID=3428) to work on /home/airflow/.local/lib/python3.12/site-packages/airflow/example_dags/example_branch_operator_decorator.py
[2026-08-12T05:00:11.282+0000] {processor.py:914} INFO - Processing file /home/airflow/.local/lib/python3.12/site-packages/airflow/example_dags/example_branch_operator_decorator.py for tasks to queue
[2026-08-12T05:00:11.286+0000] {logging_mixin.py:190} INFO - [2026-08-12T05:00:11.286+0000] {dagbag.py:587} INFO - Filling up the DagBag from /home/airflow/.local/lib/python3.12/site-packages/airflow/example_dags/example_branch_operator_decorator.py
[2026-08-12T05:00:11.317+0000] {processor.py:925} INFO - DAG(s) 'example_branch_python_operator_decorator' retrieved from /home/airflow/.local/lib/python3.12/site-packages/airflow/example_dags/example_branch_operator_decorator.py
[2026-08-12T05:00:11.358+0000] {logging_mixin.py:190} INFO - [2026-08-12T05:00:11.358+0000] {dag.py:3211} INFO - Sync 1 DAGs
[2026-08-12T05:00:11.386+0000] {logging_mixin.py:190} INFO - [2026-08-12T05:00:11.386+0000] {dag.py:4138} INFO - Setting next_dagrun for example_branch_python_operator_decorator to 2026-08-11 00:00:00+00:00, run_after=2026-08-12 00:00:00+00:00
[2026-08-12T05:00:11.410+0000] {processor.py:208} INFO - Processing /home/airflow/.local/lib/python3.12/site-packages/airflow/example_dags/example_branch_operator_decorator.py took 0.138 seconds
[2026-08-12T05:00:41.643+0000] {processor.py:186} INFO - Started process (PID=3491) to work on /home/airflow/.local/lib/python3.12/site-packages/airflow/example_dags/example_branch_operator_decorator.py
[2026-08-12T05:00:41.645+0000] {processor.py:914} INFO - Processing file /home/airflow/.local/lib/python3.12/site-packages/airflow/example_dags/example_branch_operator_decorator.py for tasks to queue
[2026-08-12T05:00:41.648+0000] {logging_mixin.py:190} INFO - [2026-08-12T05:00:41.647+0000] {dagbag.py:587} INFO - Filling up the DagBag from /home/airflow/.local/lib/python3.12/site-packages/airflow/example_dags/example_branch_operator_decorator.py
[2026-08-12T05:00:41.667+0000] {processor.py:925} INFO - DAG(s) 'example_branch_python_operator_decorator' retrieved from /home/airflow/.local/lib/python3.12/site-packages/airflow/example_dags/example_branch_operator_decorator.py
[2026-08-12T05:00:41.695+0000] {logging_mixin.py:190} INFO - [2026-08-12T05:00:41.694+0000] {dag.py:3211} INFO - Sync 1 DAGs
[2026-08-12T05:00:41.719+0000] {logging_mixin.py:190} INFO - [2026-08-12T05:00:41.718+0000] {dag.py:4138} INFO - Setting next_dagrun for example_branch_python_operator_decorator to 2026-08-11 00:00:00+00:00, run_after=2026-08-12 00:00:00+00:00
[2026-08-12T05:00:41.741+0000] {processor.py:208} INFO - Processing /home/airflow/.local/lib/python3.12/site-packages/airflow/example_dags/example_branch_operator_decorator.py took 0.103 seconds
[2026-08-12T05:01:12.152+0000] {processor.py:186} INFO - Started process (PID=3554) to work on /home/airflow/.local/lib/python3.12/site-packages/airflow/example_dags/example_branch_operator_decorator.py
[2026-08-12T05:01:12.153+0000] {processor.py:914} INFO - Processing file /home/airflow/.local/lib/python3.12/site-packages/airflow/example_dags/example_branch_operator_decorator.py for tasks to queue
[2026-08-12T05:01:12.156+0000] {logging_mixin.py:190} INFO - [2026-08-12T05:01:12.156+0000] {dagbag.py:587} INFO - Filling up the DagBag from /home/airflow/.local/lib/python3.12/site-packages/airflow/example_dags/example_branch_operator_decorator.py
[2026-08-12T05:01:12.180+0000] {processor.py:925} INFO - DAG(s) 'example_branch_python_operator_decorator' retrieved from /home/airflow/.local/lib/python3.12/site-packages/airflow/example_dags/example_branch_operator_decorator.py
[2026-08-12T05:01:12.210+0000] {logging_mixin.py:190} INFO - [2026-08-12T05:01:12.210+0000] {dag.py:3211} INFO - Sync 1 DAGs
[2026-08-12T05:01:12.237+0000] {logging_mixin.py:190} INFO - [2026-08-12T05:01:12.237+0000] {dag.py:4138} INFO - Setting next_dagrun for example_branch_python_operator_decorator to 2026-08-11 00:00:00+00:00, run_after=2026-08-12 00:00:00+00:00
[2026-08-12T05:01:12.259+0000] {processor.py:208} INFO - Processing /home/airflow/.local/lib/python3.12/site-packages/airflow/example_dags/example_branch_operator_decorator.py took 0.113 seconds
[2026-08-12T05:01:42.761+0000] {processor.py:186} INFO - Started process (PID=3617) to work on /home/airflow/.local/lib/python3.12/site-packages/airflow/example_dags/example_branch_operator_decorator.py
[2026-08-12T05:01:42.763+0000] {processor.py:914} INFO - Processing file /home/airflow/.local/lib/python3.12/site-packages/airflow/example_dags/example_branch_operator_decorator.py for tasks to queue
[2026-08-12T05:01:42.767+0000] {logging_mixin.py:190} INFO - [2026-08-12T05:01:42.766+0000] {dagbag.py:587} INFO - Filling up the DagBag from /home/airflow/.local/lib/python3.12/site-packages/airflow/example_dags/example_branch_operator_decorator.py
[2026-08-12T05:01:42.787+0000] {processor.py:925} INFO - DAG(s) 'example_branch_python_operator_decorator' retrieved from /home/airflow/.local/lib/python3.12/site-packages/airflow/example_dags/example_branch_operator_decorator.py
[2026-08-12T05:01:42.816+0000] {logging_mixin.py:190} INFO - [2026-08-12T05:01:42.815+0000] {dag.py:3211} INFO - Sync 1 DAGs
[2026-08-12T05:01:42.839+0000] {logging_mixin.py:190} INFO - [2026-08-12T05:01:42.839+0000] {dag.py:4138} INFO - Setting next_dagrun for example_branch_python_operator_decorator to 2026-08-11 00:00:00+00:00, run_after=2026-08-12 00:00:00+00:00
[2026-08-12T05:01:42.858+0000] {processor.py:208} INFO - Processing /home/airflow/.local/lib/python3.12/site-packages/airflow/example_dags/example_branch_operator_decorator.py took 0.103 seconds
[2026-08-12T05:02:13.527+0000] {processor.py:186} INFO - Started process (PID=3680) to work on /home/airflow/.local/lib/python3.12/site-packages/airflow/example_dags/example_branch_operator_decorator.py
[2026-08-12T05:02:13.529+0000] {processor.py:914} INFO - Processing file /home/airflow/.local/lib/python3.12/site-packages/airflow/example_dags/example_branch_operator_decorator.py for tasks to queue
[2026-08-12T05:02:13.532+0000] {logging_mixin.py:190} INFO - [2026-08-12T05:02:13.532+0000] {dagbag.py:587} INFO - Filling up the DagBag from /home/airflow/.local/lib/python3.12/site-packages/airflow/example_dags/example_branch_operator_decorator.py
[2026-08-12T05:02:13.552+0000] {processor.py:925} INFO - DAG(s) 'example_branch_python_operator_decorator' retrieved from /home/airflow/.local/lib/python3.12/site-packages/airflow/example_dags/example_branch_operator_decorator.py
[2026-08-12T05:02:13.580+0000] {logging_mixin.py:190} INFO - [2026-08-12T05:02:13.580+0000] {dag.py:3211} INFO - Sync 1 DAGs
[2026-08-12T05:02:13.606+0000] {logging_mixin.py:190} INFO - [2026-08-12T05:02:13.606+0000] {dag.py:4138} INFO - Setting next_dagrun for example_branch_python_operator_decorator to 2026-08-11 00:00:00+00:00, run_after=2026-08-12 00:00:00+00:00
[2026-08-12T05:02:13.627+0000] {processor.py:208} INFO - Processing /home/airflow/.local/lib/python3.12/site-packages/airflow/example_dags/example_branch_operator_decorator.py took 0.107 seconds
[2026-08-12T05:02:44.120+0000] {processor.py:186} INFO - Started process (PID=3743) to work on /home/airflow/.local/lib/python3.12/site-packages/airflow/example_dags/example_branch_operator_decorator.py
[2026-08-12T05:02:44.121+0000] {processor.py:914} INFO - Processing file /home/airflow/.local/lib/python3.12/site-packages/airflow/example_dags/example_branch_operator_decorator.py for tasks to queue
[2026-08-12T05:02:44.125+0000] {logging_mixin.py:190} INFO - [2026-08-12T05:02:44.125+0000] {dagbag.py:587} INFO - Filling up the DagBag from /home/airflow/.local/lib/python3.12/site-packages/airflow/example_dags/example_branch_operator_decorator.py
[2026-08-12T05:02:44.149+0000] {processor.py:925} INFO - DAG(s) 'example_branch_python_operator_decorator' retrieved from /home/airflow/.local/lib/python3.12/site-packages/airflow/example_dags/example_branch_operator_decorator.py
[2026-08-12T05:02:44.181+0000] {logging_mixin.py:190} INFO - [2026-08-12T05:02:44.181+0000] {dag.py:3211} INFO - Sync 1 DAGs
[2026-08-12T05:02:44.203+0000] {logging_mixin.py:190} INFO - [2026-08-12T05:02:44.203+0000] {dag.py:4138} INFO - Setting next_dagrun for example_branch_python_operator_decorator to 2026-08-11 00:00:00+00:00, run_after=2026-08-12 00:00:00+00:00
[2026-08-12T05:02:44.225+0000] {processor.py:208} INFO - Processing /home/airflow/.local/lib/python3.12/site-packages/airflow/example_dags/example_branch_operator_decorator.py took 0.111 seconds
[2026-08-12T05:03:14.554+0000] {processor.py:186} INFO - Started process (PID=3806) to work on /home/airflow/.local/lib/python3.12/site-packages/airflow/example_dags/example_branch_operator_decorator.py
[2026-08-12T05:03:14.555+0000] {processor.py:914} INFO - Processing file /home/airflow/.local/lib/python3.12/site-packages/airflow/example_dags/example_branch_operator_decorator.py for tasks to queue
[2026-08-12T05:03:14.558+0000] {logging_mixin.py:190} INFO - [2026-08-12T05:03:14.558+0000] {dagbag.py:587} INFO - Filling up the DagBag from /home/airflow/.local/lib/python3.12/site-packages/airflow/example_dags/example_branch_operator_decorator.py
[2026-08-12T05:03:14.580+0000] {processor.py:925} INFO - DAG(s) 'example_branch_python_operator_decorator' retrieved from /home/airflow/.local/lib/python3.12/site-packages/airflow/example_dags/example_branch_operator_decorator.py
[2026-08-12T05:03:14.607+0000] {logging_mixin.py:190} INFO - [2026-08-12T05:03:14.607+0000] {dag.py:3211} INFO - Sync 1 DAGs
[2026-08-12T05:03:14.632+0000] {logging_mixin.py:190} INFO - [2026-08-12T05:03:14.631+0000] {dag.py:4138} INFO - Setting next_dagrun for example_branch_python_operator_decorator to 2026-08-11 00:00:00+00:00, run_after=2026-08-12 00:00:00+00:00
[2026-08-12T05:03:14.656+0000] {processor.py:208} INFO - Processing /home/airflow/.local/lib/python3.12/site-packages/airflow/example_dags/example_branch_operator_decorator.py took 0.108 seconds
[2026-08-12T05:03:44.878+0000] {processor.py:186} INFO - Started process (PID=3869) to work on /home/airflow/.local/lib/python3.12/site-packages/airflow/example_dags/example_branch_operator_decorator.py
[2026-08-12T05:03:44.880+0000] {processor.py:914} INFO - Processing file /home/airflow/.local/lib/python3.12/site-packages/airflow/example_dags/example_branch_operator_decorator.py for tasks to queue
[2026-08-12T05:03:44.883+0000] {logging_mixin.py:190} INFO - [2026-08-12T05:03:44.883+0000] {dagbag.py:587} INFO - Filling up the DagBag from /home/airflow/.local/lib/python3.12/site-packages/airflow/example_dags/example_branch_operator_decorator.py
[2026-08-12T05:03:44.909+0000] {processor.py:925} INFO - DAG(s) 'example_branch_python_operator_decorator' retrieved from /home/airflow/.local/lib/python3.12/site-packages/airflow/example_dags/example_branch_operator_decorator.py
[2026-08-12T05:03:44.938+0000] {logging_mixin.py:190} INFO - [2026-08-12T05:03:44.938+0000] {dag.py:3211} INFO - Sync 1 DAGs
[2026-08-12T05:03:44.966+0000] {logging_mixin.py:190} INFO - [2026-08-12T05:03:44.966+0000] {dag.py:4138} INFO - Setting next_dagrun for example_branch_python_operator_decorator to 2026-08-11 00:00:00+00:00, run_after=2026-08-12 00:00:00+00:00
[2026-08-12T05:03:44.988+0000] {processor.py:208} INFO - Processing /home/airflow/.local/lib/python3.12/site-packages/airflow/example_dags/example_branch_operator_decorator.py took 0.116 seconds
[2026-08-12T05:04:15.237+0000] {processor.py:186} INFO - Started process (PID=3933) to work on /home/airflow/.local/lib/python3.12/site-packages/airflow/example_dags/example_branch_operator_decorator.py
[2026-08-12T05:04:15.238+0000] {processor.py:914} INFO - Processing file /home/airflow/.local/lib/python3.12/site-packages/airflow/example_dags/example_branch_operator_decorator.py for tasks to queue
[2026-08-12T05:04:15.241+0000] {logging_mixin.py:190} INFO - [2026-08-12T05:04:15.241+0000] {dagbag.py:587} INFO - Filling up the DagBag from /home/airflow/.local/lib/python3.12/site-packages/airflow/example_dags/example_branch_operator_decorator.py
[2026-08-12T05:04:15.263+0000] {processor.py:925} INFO - DAG(s) 'example_branch_python_operator_decorator' retrieved from /home/airflow/.local/lib/python3.12/site-packages/airflow/example_dags/example_branch_operator_decorator.py
[2026-08-12T05:04:15.305+0000] {logging_mixin.py:190} INFO - [2026-08-12T05:04:15.305+0000] {dag.py:3211} INFO - Sync 1 DAGs
[2026-08-12T05:04:15.340+0000] {logging_mixin.py:190} INFO - [2026-08-12T05:04:15.340+0000] {dag.py:4138} INFO - Setting next_dagrun for example_branch_python_operator_decorator to 2026-08-11 00:00:00+00:00, run_after=2026-08-12 00:00:00+00:00
[2026-08-12T05:04:15.366+0000] {processor.py:208} INFO - Processing /home/airflow/.local/lib/python3.12/site-packages/airflow/example_dags/example_branch_operator_decorator.py took 0.135 seconds
[2026-08-12T05:04:45.673+0000] {processor.py:186} INFO - Started process (PID=3996) to work on /home/airflow/.local/lib/python3.12/site-packages/airflow/example_dags/example_branch_operator_decorator.py
[2026-08-12T05:04:45.676+0000] {processor.py:914} INFO - Processing file /home/airflow/.local/lib/python3.12/site-packages/airflow/example_dags/example_branch_operator_decorator.py for tasks to queue
[2026-08-12T05:04:45.681+0000] {logging_mixin.py:190} INFO - [2026-08-12T05:04:45.681+0000] {dagbag.py:587} INFO - Filling up the DagBag from /home/airflow/.local/lib/python3.12/site-packages/airflow/example_dags/example_branch_operator_decorator.py
[2026-08-12T05:04:45.721+0000] {processor.py:925} INFO - DAG(s) 'example_branch_python_operator_decorator' retrieved from /home/airflow/.local/lib/python3.12/site-packages/airflow/example_dags/example_branch_operator_decorator.py
[2026-08-12T05:04:45.763+0000] {logging_mixin.py:190} INFO - [2026-08-12T05:04:45.763+0000] {dag.py:3211} INFO - Sync 1 DAGs
[2026-08-12T05:04:45.795+0000] {logging_mixin.py:190} INFO - [2026-08-12T05:04:45.795+0000] {dag.py:4138} INFO - Setting next_dagrun for example_branch_python_operator_decorator to 2026-08-11 00:00:00+00:00, run_after=2026-08-12 00:00:00+00:00
[2026-08-12T05:04:45.823+0000] {processor.py:208} INFO - Processing /home/airflow/.local/lib/python3.12/site-packages/airflow/example_dags/example_branch_operator_decorator.py took 0.160 seconds
[2026-08-12T05:05:16.045+0000] {processor.py:186} INFO - Started process (PID=4059) to work on /home/airflow/.local/lib/python3.12/site-packages/airflow/example_dags/example_branch_operator_decorator.py
[2026-08-12T05:05:16.047+0000] {processor.py:914} INFO - Processing file /home/airflow/.local/lib/python3.12/site-packages/airflow/example_dags/example_branch_operator_decorator.py for tasks to queue
[2026-08-12T05:05:16.050+0000] {logging_mixin.py:190} INFO - [2026-08-12T05:05:16.050+0000] {dagbag.py:587} INFO - Filling up the DagBag from /home/airflow/.local/lib/python3.12/site-packages/airflow/example_dags/example_branch_operator_decorator.py
[2026-08-12T05:05:16.077+0000] {processor.py:925} INFO - DAG(s) 'example_branch_python_operator_decorator' retrieved from /home/airflow/.local/lib/python3.12/site-packages/airflow/example_dags/example_branch_operator_decorator.py
[2026-08-12T05:05:16.109+0000] {logging_mixin.py:190} INFO - [2026-08-12T05:05:16.108+0000] {dag.py:3211} INFO - Sync 1 DAGs
[2026-08-12T05:05:16.138+0000] {logging_mixin.py:190} INFO - [2026-08-12T05:05:16.138+0000] {dag.py:4138} INFO - Setting next_dagrun for example_branch_python_operator_decorator to 2026-08-11 00:00:00+00:00, run_after=2026-08-12 00:00:00+00:00
[2026-08-12T05:05:16.163+0000] {processor.py:208} INFO - Processing /home/airflow/.local/lib/python3.12/site-packages/airflow/example_dags/example_branch_operator_decorator.py took 0.124 seconds
[2026-08-12T05:05:46.504+0000] {processor.py:186} INFO - Started process (PID=4122) to work on /home/airflow/.local/lib/python3.12/site-packages/airflow/example_dags/example_branch_operator_decorator.py
[2026-08-12T05:05:46.506+0000] {processor.py:914} INFO - Processing file /home/airflow/.local/lib/python3.12/site-packages/airflow/example_dags/example_branch_operator_decorator.py for tasks to queue
[2026-08-12T05:05:46.509+0000] {logging_mixin.py:190} INFO - [2026-08-12T05:05:46.509+0000] {dagbag.py:587} INFO - Filling up the DagBag from /home/airflow/.local/lib/python3.12/site-packages/airflow/example_dags/example_branch_operator_decorator.py
[2026-08-12T05:05:46.530+0000] {processor.py:925} INFO - DAG(s) 'example_branch_python_operator_decorator' retrieved from /home/airflow/.local/lib/python3.12/site-packages/airflow/example_dags/example_branch_operator_decorator.py
[2026-08-12T05:05:46.555+0000] {logging_mixin.py:190} INFO - [2026-08-12T05:05:46.555+0000] {dag.py:3211} INFO - Sync 1 DAGs
[2026-08-12T05:05:46.578+0000] {logging_mixin.py:190} INFO - [2026-08-12T05:05:46.578+0000] {dag.py:4138} INFO - Setting next_dagrun for example_branch_python_operator_decorator to 2026-08-11 00:00:00+00:00, run_after=2026-08-12 00:00:00+00:00
[2026-08-12T05:05:46.599+0000] {processor.py:208} INFO - Processing /home/airflow/.local/lib/python3.12/site-packages/airflow/example_dags/example_branch_operator_decorator.py took 0.101 seconds
[2026-08-12T05:06:17.216+0000] {processor.py:186} INFO - Started process (PID=4185) to work on /home/airflow/.local/lib/python3.12/site-packages/airflow/example_dags/example_branch_operator_decorator.py
[2026-08-12T05:06:17.218+0000] {processor.py:914} INFO - Processing file /home/airflow/.local/lib/python3.12/site-packages/airflow/example_dags/example_branch_operator_decorator.py for tasks to queue
[2026-08-12T05:06:17.221+0000] {logging_mixin.py:190} INFO - [2026-08-12T05:06:17.221+0000] {dagbag.py:587} INFO - Filling up the DagBag from /home/airflow/.local/lib/python3.12/site-packages/airflow/example_dags/example_branch_operator_decorator.py
[2026-08-12T05:06:17.242+0000] {processor.py:925} INFO - DAG(s) 'example_branch_python_operator_decorator' retrieved from /home/airflow/.local/lib/python3.12/site-packages/airflow/example_dags/example_branch_operator_decorator.py
[2026-08-12T05:06:17.271+0000] {logging_mixin.py:190} INFO - [2026-08-12T05:06:17.271+0000] {dag.py:3211} INFO - Sync 1 DAGs
[2026-08-12T05:06:17.295+0000] {logging_mixin.py:190} INFO - [2026-08-12T05:06:17.295+0000] {dag.py:4138} INFO - Setting next_dagrun for example_branch_python_operator_decorator to 2026-08-11 00:00:00+00:00, run_after=2026-08-12 00:00:00+00:00
[2026-08-12T05:06:17.320+0000] {processor.py:208} INFO - Processing /home/airflow/.local/lib/python3.12/site-packages/airflow/example_dags/example_branch_operator_decorator.py took 0.109 seconds
[2026-08-12T05:06:47.526+0000] {processor.py:186} INFO - Started process (PID=4248) to work on /home/airflow/.local/lib/python3.12/site-packages/airflow/example_dags/example_branch_operator_decorator.py
[2026-08-12T05:06:47.528+0000] {processor.py:914} INFO - Processing file /home/airflow/.local/lib/python3.12/site-packages/airflow/example_dags/example_branch_operator_decorator.py for tasks to queue
[2026-08-12T05:06:47.532+0000] {logging_mixin.py:190} INFO - [2026-08-12T05:06:47.531+0000] {dagbag.py:587} INFO - Filling up the DagBag from /home/airflow/.local/lib/python3.12/site-packages/airflow/example_dags/example_branch_operator_decorator.py
[2026-08-12T05:06:47.559+0000] {processor.py:925} INFO - DAG(s) 'example_branch_python_operator_decorator' retrieved from /home/airflow/.local/lib/python3.12/site-packages/airflow/example_dags/example_branch_operator_decorator.py
[2026-08-12T05:06:47.616+0000] {logging_mixin.py:190} INFO - [2026-08-12T05:06:47.616+0000] {dag.py:3211} INFO - Sync 1 DAGs
[2026-08-12T05:06:47.660+0000] {logging_mixin.py:190} INFO - [2026-08-12T05:06:47.660+0000] {dag.py:4138} INFO - Setting next_dagrun for example_branch_python_operator_decorator to 2026-08-11 00:00:00+00:00, run_after=2026-08-12 00:00:00+00:00
[2026-08-12T05:06:47.692+0000] {processor.py:208} INFO - Processing /home/airflow/.local/lib/python3.12/site-packages/airflow/example_dags/example_branch_operator_decorator.py took 0.171 seconds
[2026-08-12T05:07:18.648+0000] {processor.py:186} INFO - Started process (PID=4311) to work on /home/airflow/.local/lib/python3.12/site-packages/airflow/example_dags/example_branch_operator_decorator.py
[2026-08-12T05:07:18.649+0000] {processor.py:914} INFO - Processing file /home/airflow/.local/lib/python3.12/site-packages/airflow/example_dags/example_branch_operator_decorator.py for tasks to queue
[2026-08-12T05:07:18.652+0000] {logging_mixin.py:190} INFO - [2026-08-12T05:07:18.652+0000] {dagbag.py:587} INFO - Filling up the DagBag from /home/airflow/.local/lib/python3.12/site-packages/airflow/example_dags/example_branch_operator_decorator.py
[2026-08-12T05:07:18.675+0000] {processor.py:925} INFO - DAG(s) 'example_branch_python_operator_decorator' retrieved from /home/airflow/.local/lib/python3.12/site-packages/airflow/example_dags/example_branch_operator_decorator.py
[2026-08-12T05:07:18.705+0000] {logging_mixin.py:190} INFO - [2026-08-12T05:07:18.705+0000] {dag.py:3211} INFO - Sync 1 DAGs
[2026-08-12T05:07:18.736+0000] {logging_mixin.py:190} INFO - [2026-08-12T05:07:18.735+0000] {dag.py:4138} INFO - Setting next_dagrun for example_branch_python_operator_decorator to 2026-08-11 00:00:00+00:00, run_after=2026-08-12 00:00:00+00:00
[2026-08-12T05:07:18.762+0000] {processor.py:208} INFO - Processing /home/airflow/.local/lib/python3.12/site-packages/airflow/example_dags/example_branch_operator_decorator.py took 0.121 seconds
[2026-08-12T05:07:49.038+0000] {processor.py:186} INFO - Started process (PID=4374) to work on /home/airflow/.local/lib/python3.12/site-packages/airflow/example_dags/example_branch_operator_decorator.py
[2026-08-12T05:07:49.040+0000] {processor.py:914} INFO - Processing file /home/airflow/.local/lib/python3.12/site-packages/airflow/example_dags/example_branch_operator_decorator.py for tasks to queue
[2026-08-12T05:07:49.046+0000] {logging_mixin.py:190} INFO - [2026-08-12T05:07:49.045+0000] {dagbag.py:587} INFO - Filling up the DagBag from /home/airflow/.local/lib/python3.12/site-packages/airflow/example_dags/example_branch_operator_decorator.py
[2026-08-12T05:07:49.087+0000] {processor.py:925} INFO - DAG(s) 'example_branch_python_operator_decorator' retrieved from /home/airflow/.local/lib/python3.12/site-packages/airflow/example_dags/example_branch_operator_decorator.py
[2026-08-12T05:07:49.154+0000] {logging_mixin.py:190} INFO - [2026-08-12T05:07:49.154+0000] {dag.py:3211} INFO - Sync 1 DAGs
[2026-08-12T05:07:49.203+0000] {logging_mixin.py:190} INFO - [2026-08-12T05:07:49.202+0000] {dag.py:4138} INFO - Setting next_dagrun for example_branch_python_operator_decorator to 2026-08-11 00:00:00+00:00, run_after=2026-08-12 00:00:00+00:00
[2026-08-12T05:07:49.245+0000] {processor.py:208} INFO - Processing /home/airflow/.local/lib/python3.12/site-packages/airflow/example_dags/example_branch_operator_decorator.py took 0.216 seconds
[2026-08-12T05:08:20.097+0000] {processor.py:186} INFO - Started process (PID=4437) to work on /home/airflow/.local/lib/python3.12/site-packages/airflow/example_dags/example_branch_operator_decorator.py
[2026-08-12T05:08:20.099+0000] {processor.py:914} INFO - Processing file /home/airflow/.local/lib/python3.12/site-packages/airflow/example_dags/example_branch_operator_decorator.py for tasks to queue
[2026-08-12T05:08:20.102+0000] {logging_mixin.py:190} INFO - [2026-08-12T05:08:20.101+0000] {dagbag.py:587} INFO - Filling up the DagBag from /home/airflow/.local/lib/python3.12/site-packages/airflow/example_dags/example_branch_operator_decorator.py
[2026-08-12T05:08:20.134+0000] {processor.py:925} INFO - DAG(s) 'example_branch_python_operator_decorator' retrieved from /home/airflow/.local/lib/python3.12/site-packages/airflow/example_dags/example_branch_operator_decorator.py
[2026-08-12T05:08:20.162+0000] {logging_mixin.py:190} INFO - [2026-08-12T05:08:20.161+0000] {dag.py:3211} INFO - Sync 1 DAGs
[2026-08-12T05:08:20.183+0000] {logging_mixin.py:190} INFO - [2026-08-12T05:08:20.183+0000] {dag.py:4138} INFO - Setting next_dagrun for example_branch_python_operator_decorator to 2026-08-11 00:00:00+00:00, run_after=2026-08-12 00:00:00+00:00
[2026-08-12T05:08:20.204+0000] {processor.py:208} INFO - Processing /home/airflow/.local/lib/python3.12/site-packages/airflow/example_dags/example_branch_operator_decorator.py took 0.112 seconds
[2026-08-12T05:08:50.356+0000] {processor.py:186} INFO - Started process (PID=4499) to work on /home/airflow/.local/lib/python3.12/site-packages/airflow/example_dags/example_branch_operator_decorator.py
[2026-08-12T05:08:50.358+0000] {processor.py:914} INFO - Processing file /home/airflow/.local/lib/python3.12/site-packages/airflow/example_dags/example_branch_operator_decorator.py for tasks to queue
[2026-08-12T05:08:50.361+0000] {logging_mixin.py:190} INFO - [2026-08-12T05:08:50.360+0000] {dagbag.py:587} INFO - Filling up the DagBag from /home/airflow/.local/lib/python3.12/site-packages/airflow/example_dags/example_branch_operator_decorator.py
[2026-08-12T05:08:50.377+0000] {processor.py:925} INFO - DAG(s) 'example_branch_python_operator_decorator' retrieved from /home/airflow/.local/lib/python3.12/site-packages/airflow/example_dags/example_branch_operator_decorator.py
[2026-08-12T05:08:50.407+0000] {logging_mixin.py:190} INFO - [2026-08-12T05:08:50.407+0000] {dag.py:3211} INFO - Sync 1 DAGs
[2026-08-12T05:08:50.453+0000] {logging_mixin.py:190} INFO - [2026-08-12T05:08:50.452+0000] {dag.py:4138} INFO - Setting next_dagrun for example_branch_python_operator_decorator to 2026-08-11 00:00:00+00:00, run_after=2026-08-12 00:00:00+00:00
[2026-08-12T05:08:50.505+0000] {processor.py:208} INFO - Processing /home/airflow/.local/lib/python3.12/site-packages/airflow/example_dags/example_branch_operator_decorator.py took 0.155 seconds
[2026-08-12T05:09:20.745+0000] {processor.py:186} INFO - Started process (PID=4562) to work on /home/airflow/.local/lib/python3.12/site-packages/airflow/example_dags/example_branch_operator_decorator.py
[2026-08-12T05:09:20.748+0000] {processor.py:914} INFO - Processing file /home/airflow/.local/lib/python3.12/site-packages/airflow/example_dags/example_branch_operator_decorator.py for tasks to queue
[2026-08-12T05:09:20.752+0000] {logging_mixin.py:190} INFO - [2026-08-12T05:09:20.751+0000] {dagbag.py:587} INFO - Filling up the DagBag from /home/airflow/.local/lib/python3.12/site-packages/airflow/example_dags/example_branch_operator_decorator.py
[2026-08-12T05:09:20.774+0000] {processor.py:925} INFO - DAG(s) 'example_branch_python_operator_decorator' retrieved from /home/airflow/.local/lib/python3.12/site-packages/airflow/example_dags/example_branch_operator_decorator.py
[2026-08-12T05:09:20.802+0000] {logging_mixin.py:190} INFO - [2026-08-12T05:09:20.801+0000] {dag.py:3211} INFO - Sync 1 DAGs
[2026-08-12T05:09:20.824+0000] {logging_mixin.py:190} INFO - [2026-08-12T05:09:20.824+0000] {dag.py:4138} INFO - Setting next_dagrun for example_branch_python_operator_decorator to 2026-08-11 00:00:00+00:00, run_after=2026-08-12 00:00:00+00:00
[2026-08-12T05:09:20.847+0000] {processor.py:208} INFO - Processing /home/airflow/.local/lib/python3.12/site-packages/airflow/example_dags/example_branch_operator_decorator.py took 0.110 seconds
[2026-08-12T05:09:51.564+0000] {processor.py:186} INFO - Started process (PID=4626) to work on /home/airflow/.local/lib/python3.12/site-packages/airflow/example_dags/example_branch_operator_decorator.py
[2026-08-12T05:09:51.566+0000] {processor.py:914} INFO - Processing file /home/airflow/.local/lib/python3.12/site-packages/airflow/example_dags/example_branch_operator_decorator.py for tasks to queue
[2026-08-12T05:09:51.569+0000] {logging_mixin.py:190} INFO - [2026-08-12T05:09:51.569+0000] {dagbag.py:587} INFO - Filling up the DagBag from /home/airflow/.local/lib/python3.12/site-packages/airflow/example_dags/example_branch_operator_decorator.py
[2026-08-12T05:09:51.592+0000] {processor.py:925} INFO - DAG(s) 'example_branch_python_operator_decorator' retrieved from /home/airflow/.local/lib/python3.12/site-packages/airflow/example_dags/example_branch_operator_decorator.py
[2026-08-12T05:09:51.624+0000] {logging_mixin.py:190} INFO - [2026-08-12T05:09:51.624+0000] {dag.py:3211} INFO - Sync 1 DAGs
[2026-08-12T05:09:51.649+0000] {logging_mixin.py:190} INFO - [2026-08-12T05:09:51.649+0000] {dag.py:4138} INFO - Setting next_dagrun for example_branch_python_operator_decorator to 2026-08-11 00:00:00+00:00, run_after=2026-08-12 00:00:00+00:00
[2026-08-12T05:09:51.692+0000] {processor.py:208} INFO - Processing /home/airflow/.local/lib/python3.12/site-packages/airflow/example_dags/example_branch_operator_decorator.py took 0.134 seconds
[2026-08-12T05:10:22.250+0000] {processor.py:186} INFO - Started process (PID=4689) to work on /home/airflow/.local/lib/python3.12/site-packages/airflow/example_dags/example_branch_operator_decorator.py
[2026-08-12T05:10:22.252+0000] {processor.py:914} INFO - Processing file /home/airflow/.local/lib/python3.12/site-packages/airflow/example_dags/example_branch_operator_decorator.py for tasks to queue
[2026-08-12T05:10:22.256+0000] {logging_mixin.py:190} INFO - [2026-08-12T05:10:22.255+0000] {dagbag.py:587} INFO - Filling up the DagBag from /home/airflow/.local/lib/python3.12/site-packages/airflow/example_dags/example_branch_operator_decorator.py
[2026-08-12T05:10:22.281+0000] {processor.py:925} INFO - DAG(s) 'example_branch_python_operator_decorator' retrieved from /home/airflow/.local/lib/python3.12/site-packages/airflow/example_dags/example_branch_operator_decorator.py
[2026-08-12T05:10:22.312+0000] {logging_mixin.py:190} INFO - [2026-08-12T05:10:22.312+0000] {dag.py:3211} INFO - Sync 1 DAGs
[2026-08-12T05:10:22.341+0000] {logging_mixin.py:190} INFO - [2026-08-12T05:10:22.341+0000] {dag.py:4138} INFO - Setting next_dagrun for example_branch_python_operator_decorator to 2026-08-11 00:00:00+00:00, run_after=2026-08-12 00:00:00+00:00
[2026-08-12T05:10:22.389+0000] {processor.py:208} INFO - Processing /home/airflow/.local/lib/python3.12/site-packages/airflow/example_dags/example_branch_operator_decorator.py took 0.147 seconds
[2026-08-12T05:10:52.620+0000] {processor.py:186} INFO - Started process (PID=4752) to work on /home/airflow/.local/lib/python3.12/site-packages/airflow/example_dags/example_branch_operator_decorator.py
[2026-08-12T05:10:52.622+0000] {processor.py:914} INFO - Processing file /home/airflow/.local/lib/python3.12/site-packages/airflow/example_dags/example_branch_operator_decorator.py for tasks to queue
[2026-08-12T05:10:52.626+0000] {logging_mixin.py:190} INFO - [2026-08-12T05:10:52.626+0000] {dagbag.py:587} INFO - Filling up the DagBag from /home/airflow/.local/lib/python3.12/site-packages/airflow/example_dags/example_branch_operator_decorator.py
[2026-08-12T05:10:52.650+0000] {processor.py:925} INFO - DAG(s) 'example_branch_python_operator_decorator' retrieved from /home/airflow/.local/lib/python3.12/site-packages/airflow/example_dags/example_branch_operator_decorator.py
[2026-08-12T05:10:52.680+0000] {logging_mixin.py:190} INFO - [2026-08-12T05:10:52.680+0000] {dag.py:3211} INFO - Sync 1 DAGs
[2026-08-12T05:10:52.704+0000] {logging_mixin.py:190} INFO - [2026-08-12T05:10:52.703+0000] {dag.py:4138} INFO - Setting next_dagrun for example_branch_python_operator_decorator to 2026-08-11 00:00:00+00:00, run_after=2026-08-12 00:00:00+00:00
[2026-08-12T05:10:52.725+0000] {processor.py:208} INFO - Processing /home/airflow/.local/lib/python3.12/site-packages/airflow/example_dags/example_branch_operator_decorator.py took 0.112 seconds
[2026-08-12T05:11:23.215+0000] {processor.py:186} INFO - Started process (PID=4815) to work on /home/airflow/.local/lib/python3.12/site-packages/airflow/example_dags/example_branch_operator_decorator.py
[2026-08-12T05:11:23.216+0000] {processor.py:914} INFO - Processing file /home/airflow/.local/lib/python3.12/site-packages/airflow/example_dags/example_branch_operator_decorator.py for tasks to queue
[2026-08-12T05:11:23.219+0000] {logging_mixin.py:190} INFO - [2026-08-12T05:11:23.218+0000] {dagbag.py:587} INFO - Filling up the DagBag from /home/airflow/.local/lib/python3.12/site-packages/airflow/example_dags/example_branch_operator_decorator.py
[2026-08-12T05:11:23.237+0000] {processor.py:925} INFO - DAG(s) 'example_branch_python_operator_decorator' retrieved from /home/airflow/.local/lib/python3.12/site-packages/airflow/example_dags/example_branch_operator_decorator.py
[2026-08-12T05:11:23.265+0000] {logging_mixin.py:190} INFO - [2026-08-12T05:11:23.265+0000] {dag.py:3211} INFO - Sync 1 DAGs
[2026-08-12T05:11:23.297+0000] {logging_mixin.py:190} INFO - [2026-08-12T05:11:23.297+0000] {dag.py:4138} INFO - Setting next_dagrun for example_branch_python_operator_decorator to 2026-08-11 00:00:00+00:00, run_after=2026-08-12 00:00:00+00:00
[2026-08-12T05:11:23.319+0000] {processor.py:208} INFO - Processing /home/airflow/.local/lib/python3.12/site-packages/airflow/example_dags/example_branch_operator_decorator.py took 0.110 seconds
[2026-08-12T05:11:53.655+0000] {processor.py:186} INFO - Started process (PID=4878) to work on /home/airflow/.local/lib/python3.12/site-packages/airflow/example_dags/example_branch_operator_decorator.py
[2026-08-12T05:11:53.657+0000] {processor.py:914} INFO - Processing file /home/airflow/.local/lib/python3.12/site-packages/airflow/example_dags/example_branch_operator_decorator.py for tasks to queue
[2026-08-12T05:11:53.660+0000] {logging_mixin.py:190} INFO - [2026-08-12T05:11:53.659+0000] {dagbag.py:587} INFO - Filling up the DagBag from /home/airflow/.local/lib/python3.12/site-packages/airflow/example_dags/example_branch_operator_decorator.py
[2026-08-12T05:11:53.688+0000] {processor.py:925} INFO - DAG(s) 'example_branch_python_operator_decorator' retrieved from /home/airflow/.local/lib/python3.12/site-packages/airflow/example_dags/example_branch_operator_decorator.py
[2026-08-12T05:11:53.721+0000] {logging_mixin.py:190} INFO - [2026-08-12T05:11:53.720+0000] {dag.py:3211} INFO - Sync 1 DAGs
[2026-08-12T05:11:53.752+0000] {logging_mixin.py:190} INFO - [2026-08-12T05:11:53.752+0000] {dag.py:4138} INFO - Setting next_dagrun for example_branch_python_operator_decorator to 2026-08-11 00:00:00+00:00, run_after=2026-08-12 00:00:00+00:00
[2026-08-12T05:11:53.791+0000] {processor.py:208} INFO - Processing /home/airflow/.local/lib/python3.12/site-packages/airflow/example_dags/example_branch_operator_decorator.py took 0.151 seconds
[2026-08-12T05:12:24.604+0000] {processor.py:186} INFO - Started process (PID=4941) to work on /home/airflow/.local/lib/python3.12/site-packages/airflow/example_dags/example_branch_operator_decorator.py
[2026-08-12T05:12:24.606+0000] {processor.py:914} INFO - Processing file /home/airflow/.local/lib/python3.12/site-packages/airflow/example_dags/example_branch_operator_decorator.py for tasks to queue
[2026-08-12T05:12:24.609+0000] {logging_mixin.py:190} INFO - [2026-08-12T05:12:24.609+0000] {dagbag.py:587} INFO - Filling up the DagBag from /home/airflow/.local/lib/python3.12/site-packages/airflow/example_dags/example_branch_operator_decorator.py
[2026-08-12T05:12:24.630+0000] {processor.py:925} INFO - DAG(s) 'example_branch_python_operator_decorator' retrieved from /home/airflow/.local/lib/python3.12/site-packages/airflow/example_dags/example_branch_operator_decorator.py
[2026-08-12T05:12:24.659+0000] {logging_mixin.py:190} INFO - [2026-08-12T05:12:24.659+0000] {dag.py:3211} INFO - Sync 1 DAGs
[2026-08-12T05:12:24.687+0000] {logging_mixin.py:190} INFO - [2026-08-12T05:12:24.686+0000] {dag.py:4138} INFO - Setting next_dagrun for example_branch_python_operator_decorator to 2026-08-11 00:00:00+00:00, run_after=2026-08-12 00:00:00+00:00
[2026-08-12T05:12:24.714+0000] {processor.py:208} INFO - Processing /home/airflow/.local/lib/python3.12/site-packages/airflow/example_dags/example_branch_operator_decorator.py took 0.115 seconds
[2026-08-12T05:12:54.965+0000] {processor.py:186} INFO - Started process (PID=5004) to work on /home/airflow/.local/lib/python3.12/site-packages/airflow/example_dags/example_branch_operator_decorator.py
[2026-08-12T05:12:54.967+0000] {processor.py:914} INFO - Processing file /home/airflow/.local/lib/python3.12/site-packages/airflow/example_dags/example_branch_operator_decorator.py for tasks to queue
[2026-08-12T05:12:54.971+0000] {logging_mixin.py:190} INFO - [2026-08-12T05:12:54.971+0000] {dagbag.py:587} INFO - Filling up the DagBag from /home/airflow/.local/lib/python3.12/site-packages/airflow/example_dags/example_branch_operator_decorator.py
[2026-08-12T05:12:54.994+0000] {processor.py:925} INFO - DAG(s) 'example_branch_python_operator_decorator' retrieved from /home/airflow/.local/lib/python3.12/site-packages/airflow/example_dags/example_branch_operator_decorator.py
[2026-08-12T05:12:55.023+0000] {logging_mixin.py:190} INFO - [2026-08-12T05:12:55.023+0000] {dag.py:3211} INFO - Sync 1 DAGs
[2026-08-12T05:12:55.047+0000] {logging_mixin.py:190} INFO - [2026-08-12T05:12:55.047+0000] {dag.py:4138} INFO - Setting next_dagrun for example_branch_python_operator_decorator to 2026-08-11 00:00:00+00:00, run_after=2026-08-12 00:00:00+00:00
[2026-08-12T05:12:55.084+0000] {processor.py:208} INFO - Processing /home/airflow/.local/lib/python3.12/site-packages/airflow/example_dags/example_branch_operator_decorator.py took 0.128 seconds
[2026-08-12T05:13:25.407+0000] {processor.py:186} INFO - Started process (PID=5067) to work on /home/airflow/.local/lib/python3.12/site-packages/airflow/example_dags/example_branch_operator_decorator.py
[2026-08-12T05:13:25.409+0000] {processor.py:914} INFO - Processing file /home/airflow/.local/lib/python3.12/site-packages/airflow/example_dags/example_branch_operator_decorator.py for tasks to queue
[2026-08-12T05:13:25.412+0000] {logging_mixin.py:190} INFO - [2026-08-12T05:13:25.412+0000] {dagbag.py:587} INFO - Filling up the DagBag from /home/airflow/.local/lib/python3.12/site-packages/airflow/example_dags/example_branch_operator_decorator.py
[2026-08-12T05:13:25.434+0000] {processor.py:925} INFO - DAG(s) 'example_branch_python_operator_decorator' retrieved from /home/airflow/.local/lib/python3.12/site-packages/airflow/example_dags/example_branch_operator_decorator.py
[2026-08-12T05:13:25.475+0000] {logging_mixin.py:190} INFO - [2026-08-12T05:13:25.475+0000] {dag.py:3211} INFO - Sync 1 DAGs
[2026-08-12T05:13:25.511+0000] {logging_mixin.py:190} INFO - [2026-08-12T05:13:25.511+0000] {dag.py:4138} INFO - Setting next_dagrun for example_branch_python_operator_decorator to 2026-08-11 00:00:00+00:00, run_after=2026-08-12 00:00:00+00:00
[2026-08-12T05:13:25.557+0000] {processor.py:208} INFO - Processing /home/airflow/.local/lib/python3.12/site-packages/airflow/example_dags/example_branch_operator_decorator.py took 0.155 seconds
[2026-08-12T05:13:56.046+0000] {processor.py:186} INFO - Started process (PID=5130) to work on /home/airflow/.local/lib/python3.12/site-packages/airflow/example_dags/example_branch_operator_decorator.py
[2026-08-12T05:13:56.048+0000] {processor.py:914} INFO - Processing file /home/airflow/.local/lib/python3.12/site-packages/airflow/example_dags/example_branch_operator_decorator.py for tasks to queue
[2026-08-12T05:13:56.052+0000] {logging_mixin.py:190} INFO - [2026-08-12T05:13:56.051+0000] {dagbag.py:587} INFO - Filling up the DagBag from /home/airflow/.local/lib/python3.12/site-packages/airflow/example_dags/example_branch_operator_decorator.py
[2026-08-12T05:13:56.080+0000] {processor.py:925} INFO - DAG(s) 'example_branch_python_operator_decorator' retrieved from /home/airflow/.local/lib/python3.12/site-packages/airflow/example_dags/example_branch_operator_decorator.py
[2026-08-12T05:13:56.109+0000] {logging_mixin.py:190} INFO - [2026-08-12T05:13:56.109+0000] {dag.py:3211} INFO - Sync 1 DAGs
[2026-08-12T05:13:56.133+0000] {logging_mixin.py:190} INFO - [2026-08-12T05:13:56.132+0000] {dag.py:4138} INFO - Setting next_dagrun for example_branch_python_operator_decorator to 2026-08-11 00:00:00+00:00, run_after=2026-08-12 00:00:00+00:00
[2026-08-12T05:13:56.153+0000] {processor.py:208} INFO - Processing /home/airflow/.local/lib/python3.12/site-packages/airflow/example_dags/example_branch_operator_decorator.py took 0.114 seconds
[2026-08-12T05:14:26.532+0000] {processor.py:186} INFO - Started process (PID=5193) to work on /home/airflow/.local/lib/python3.12/site-packages/airflow/example_dags/example_branch_operator_decorator.py
[2026-08-12T05:14:26.534+0000] {processor.py:914} INFO - Processing file /home/airflow/.local/lib/python3.12/site-packages/airflow/example_dags/example_branch_operator_decorator.py for tasks to queue
[2026-08-12T05:14:26.536+0000] {logging_mixin.py:190} INFO - [2026-08-12T05:14:26.536+0000] {dagbag.py:587} INFO - Filling up the DagBag from /home/airflow/.local/lib/python3.12/site-packages/airflow/example_dags/example_branch_operator_decorator.py
[2026-08-12T05:14:26.556+0000] {processor.py:925} INFO - DAG(s) 'example_branch_python_operator_decorator' retrieved from /home/airflow/.local/lib/python3.12/site-packages/airflow/example_dags/example_branch_operator_decorator.py
[2026-08-12T05:14:26.585+0000] {logging_mixin.py:190} INFO - [2026-08-12T05:14:26.584+0000] {dag.py:3211} INFO - Sync 1 DAGs
[2026-08-12T05:14:26.610+0000] {logging_mixin.py:190} INFO - [2026-08-12T05:14:26.610+0000] {dag.py:4138} INFO - Setting next_dagrun for example_branch_python_operator_decorator to 2026-08-11 00:00:00+00:00, run_after=2026-08-12 00:00:00+00:00
[2026-08-12T05:14:26.631+0000] {processor.py:208} INFO - Processing /home/airflow/.local/lib/python3.12/site-packages/airflow/example_dags/example_branch_operator_decorator.py took 0.104 seconds
[2026-08-12T05:14:57.209+0000] {processor.py:186} INFO - Started process (PID=5256) to work on /home/airflow/.local/lib/python3.12/site-packages/airflow/example_dags/example_branch_operator_decorator.py
[2026-08-12T05:14:57.211+0000] {processor.py:914} INFO - Processing file /home/airflow/.local/lib/python3.12/site-packages/airflow/example_dags/example_branch_operator_decorator.py for tasks to queue
[2026-08-12T05:14:57.214+0000] {logging_mixin.py:190} INFO - [2026-08-12T05:14:57.214+0000] {dagbag.py:587} INFO - Filling up the DagBag from /home/airflow/.local/lib/python3.12/site-packages/airflow/example_dags/example_branch_operator_decorator.py
[2026-08-12T05:14:57.233+0000] {processor.py:925} INFO - DAG(s) 'example_branch_python_operator_decorator' retrieved from /home/airflow/.local/lib/python3.12/site-packages/airflow/example_dags/example_branch_operator_decorator.py
[2026-08-12T05:14:57.263+0000] {logging_mixin.py:190} INFO - [2026-08-12T05:14:57.263+0000] {dag.py:3211} INFO - Sync 1 DAGs
[2026-08-12T05:14:57.290+0000] {logging_mixin.py:190} INFO - [2026-08-12T05:14:57.289+0000] {dag.py:4138} INFO - Setting next_dagrun for example_branch_python_operator_decorator to 2026-08-11 00:00:00+00:00, run_after=2026-08-12 00:00:00+00:00
[2026-08-12T05:14:57.316+0000] {processor.py:208} INFO - Processing /home/airflow/.local/lib/python3.12/site-packages/airflow/example_dags/example_branch_operator_decorator.py took 0.125 seconds
[2026-08-12T05:15:27.651+0000] {processor.py:186} INFO - Started process (PID=5319) to work on /home/airflow/.local/lib/python3.12/site-packages/airflow/example_dags/example_branch_operator_decorator.py
[2026-08-12T05:15:27.652+0000] {processor.py:914} INFO - Processing file /home/airflow/.local/lib/python3.12/site-packages/airflow/example_dags/example_branch_operator_decorator.py for tasks to queue
[2026-08-12T05:15:27.655+0000] {logging_mixin.py:190} INFO - [2026-08-12T05:15:27.654+0000] {dagbag.py:587} INFO - Filling up the DagBag from /home/airflow/.local/lib/python3.12/site-packages/airflow/example_dags/example_branch_operator_decorator.py
[2026-08-12T05:15:27.678+0000] {processor.py:925} INFO - DAG(s) 'example_branch_python_operator_decorator' retrieved from /home/airflow/.local/lib/python3.12/site-packages/airflow/example_dags/example_branch_operator_decorator.py
[2026-08-12T05:15:27.717+0000] {logging_mixin.py:190} INFO - [2026-08-12T05:15:27.717+0000] {dag.py:3211} INFO - Sync 1 DAGs
[2026-08-12T05:15:27.742+0000] {logging_mixin.py:190} INFO - [2026-08-12T05:15:27.742+0000] {dag.py:4138} INFO - Setting next_dagrun for example_branch_python_operator_decorator to 2026-08-11 00:00:00+00:00, run_after=2026-08-12 00:00:00+00:00
[2026-08-12T05:15:27.776+0000] {processor.py:208} INFO - Processing /home/airflow/.local/lib/python3.12/site-packages/airflow/example_dags/example_branch_operator_decorator.py took 0.131 seconds
[2026-08-12T05:15:58.365+0000] {processor.py:186} INFO - Started process (PID=5382) to work on /home/airflow/.local/lib/python3.12/site-packages/airflow/example_dags/example_branch_operator_decorator.py
[2026-08-12T05:15:58.367+0000] {processor.py:914} INFO - Processing file /home/airflow/.local/lib/python3.12/site-packages/airflow/example_dags/example_branch_operator_decorator.py for tasks to queue
[2026-08-12T05:15:58.378+0000] {logging_mixin.py:190} INFO - [2026-08-12T05:15:58.377+0000] {dagbag.py:587} INFO - Filling up the DagBag from /home/airflow/.local/lib/python3.12/site-packages/airflow/example_dags/example_branch_operator_decorator.py
[2026-08-12T05:15:58.407+0000] {processor.py:925} INFO - DAG(s) 'example_branch_python_operator_decorator' retrieved from /home/airflow/.local/lib/python3.12/site-packages/airflow/example_dags/example_branch_operator_decorator.py
[2026-08-12T05:15:58.434+0000] {logging_mixin.py:190} INFO - [2026-08-12T05:15:58.434+0000] {dag.py:3211} INFO - Sync 1 DAGs
[2026-08-12T05:15:58.458+0000] {logging_mixin.py:190} INFO - [2026-08-12T05:15:58.458+0000] {dag.py:4138} INFO - Setting next_dagrun for example_branch_python_operator_decorator to 2026-08-11 00:00:00+00:00, run_after=2026-08-12 00:00:00+00:00
[2026-08-12T05:15:58.477+0000] {processor.py:208} INFO - Processing /home/airflow/.local/lib/python3.12/site-packages/airflow/example_dags/example_branch_operator_decorator.py took 0.123 seconds
[2026-08-12T05:16:28.959+0000] {processor.py:186} INFO - Started process (PID=5445) to work on /home/airflow/.local/lib/python3.12/site-packages/airflow/example_dags/example_branch_operator_decorator.py
[2026-08-12T05:16:28.960+0000] {processor.py:914} INFO - Processing file /home/airflow/.local/lib/python3.12/site-packages/airflow/example_dags/example_branch_operator_decorator.py for tasks to queue
[2026-08-12T05:16:28.963+0000] {logging_mixin.py:190} INFO - [2026-08-12T05:16:28.962+0000] {dagbag.py:587} INFO - Filling up the DagBag from /home/airflow/.local/lib/python3.12/site-packages/airflow/example_dags/example_branch_operator_decorator.py
[2026-08-12T05:16:28.987+0000] {processor.py:925} INFO - DAG(s) 'example_branch_python_operator_decorator' retrieved from /home/airflow/.local/lib/python3.12/site-packages/airflow/example_dags/example_branch_operator_decorator.py
[2026-08-12T05:16:29.013+0000] {logging_mixin.py:190} INFO - [2026-08-12T05:16:29.013+0000] {dag.py:3211} INFO - Sync 1 DAGs
[2026-08-12T05:16:29.036+0000] {logging_mixin.py:190} INFO - [2026-08-12T05:16:29.035+0000] {dag.py:4138} INFO - Setting next_dagrun for example_branch_python_operator_decorator to 2026-08-11 00:00:00+00:00, run_after=2026-08-12 00:00:00+00:00
[2026-08-12T05:16:29.070+0000] {processor.py:208} INFO - Processing /home/airflow/.local/lib/python3.12/site-packages/airflow/example_dags/example_branch_operator_decorator.py took 0.116 seconds
[2026-08-12T05:16:59.373+0000] {processor.py:186} INFO - Started process (PID=5508) to work on /home/airflow/.local/lib/python3.12/site-packages/airflow/example_dags/example_branch_operator_decorator.py
[2026-08-12T05:16:59.374+0000] {processor.py:914} INFO - Processing file /home/airflow/.local/lib/python3.12/site-packages/airflow/example_dags/example_branch_operator_decorator.py for tasks to queue
[2026-08-12T05:16:59.378+0000] {logging_mixin.py:190} INFO - [2026-08-12T05:16:59.377+0000] {dagbag.py:587} INFO - Filling up the DagBag from /home/airflow/.local/lib/python3.12/site-packages/airflow/example_dags/example_branch_operator_decorator.py
[2026-08-12T05:16:59.404+0000] {processor.py:925} INFO - DAG(s) 'example_branch_python_operator_decorator' retrieved from /home/airflow/.local/lib/python3.12/site-packages/airflow/example_dags/example_branch_operator_decorator.py
[2026-08-12T05:16:59.446+0000] {logging_mixin.py:190} INFO - [2026-08-12T05:16:59.446+0000] {dag.py:3211} INFO - Sync 1 DAGs
[2026-08-12T05:16:59.480+0000] {logging_mixin.py:190} INFO - [2026-08-12T05:16:59.480+0000] {dag.py:4138} INFO - Setting next_dagrun for example_branch_python_operator_decorator to 2026-08-11 00:00:00+00:00, run_after=2026-08-12 00:00:00+00:00
[2026-08-12T05:16:59.521+0000] {processor.py:208} INFO - Processing /home/airflow/.local/lib/python3.12/site-packages/airflow/example_dags/example_branch_operator_decorator.py took 0.155 seconds
[2026-08-12T05:17:29.963+0000] {processor.py:186} INFO - Started process (PID=5571) to work on /home/airflow/.local/lib/python3.12/site-packages/airflow/example_dags/example_branch_operator_decorator.py
[2026-08-12T05:17:29.965+0000] {processor.py:914} INFO - Processing file /home/airflow/.local/lib/python3.12/site-packages/airflow/example_dags/example_branch_operator_decorator.py for tasks to queue
[2026-08-12T05:17:29.968+0000] {logging_mixin.py:190} INFO - [2026-08-12T05:17:29.968+0000] {dagbag.py:587} INFO - Filling up the DagBag from /home/airflow/.local/lib/python3.12/site-packages/airflow/example_dags/example_branch_operator_decorator.py
[2026-08-12T05:17:29.993+0000] {processor.py:925} INFO - DAG(s) 'example_branch_python_operator_decorator' retrieved from /home/airflow/.local/lib/python3.12/site-packages/airflow/example_dags/example_branch_operator_decorator.py
[2026-08-12T05:17:30.032+0000] {logging_mixin.py:190} INFO - [2026-08-12T05:17:30.032+0000] {dag.py:3211} INFO - Sync 1 DAGs
[2026-08-12T05:17:30.063+0000] {logging_mixin.py:190} INFO - [2026-08-12T05:17:30.063+0000] {dag.py:4138} INFO - Setting next_dagrun for example_branch_python_operator_decorator to 2026-08-11 00:00:00+00:00, run_after=2026-08-12 00:00:00+00:00
[2026-08-12T05:17:30.089+0000] {processor.py:208} INFO - Processing /home/airflow/.local/lib/python3.12/site-packages/airflow/example_dags/example_branch_operator_decorator.py took 0.133 seconds
[2026-08-12T05:18:00.993+0000] {processor.py:186} INFO - Started process (PID=5634) to work on /home/airflow/.local/lib/python3.12/site-packages/airflow/example_dags/example_branch_operator_decorator.py
[2026-08-12T05:18:00.995+0000] {processor.py:914} INFO - Processing file /home/airflow/.local/lib/python3.12/site-packages/airflow/example_dags/example_branch_operator_decorator.py for tasks to queue
[2026-08-12T05:18:00.998+0000] {logging_mixin.py:190} INFO - [2026-08-12T05:18:00.998+0000] {dagbag.py:587} INFO - Filling up the DagBag from /home/airflow/.local/lib/python3.12/site-packages/airflow/example_dags/example_branch_operator_decorator.py
[2026-08-12T05:18:01.019+0000] {processor.py:925} INFO - DAG(s) 'example_branch_python_operator_decorator' retrieved from /home/airflow/.local/lib/python3.12/site-packages/airflow/example_dags/example_branch_operator_decorator.py
[2026-08-12T05:18:01.049+0000] {logging_mixin.py:190} INFO - [2026-08-12T05:18:01.048+0000] {dag.py:3211} INFO - Sync 1 DAGs
[2026-08-12T05:18:01.074+0000] {logging_mixin.py:190} INFO - [2026-08-12T05:18:01.074+0000] {dag.py:4138} INFO - Setting next_dagrun for example_branch_python_operator_decorator to 2026-08-11 00:00:00+00:00, run_after=2026-08-12 00:00:00+00:00
[2026-08-12T05:18:01.098+0000] {processor.py:208} INFO - Processing /home/airflow/.local/lib/python3.12/site-packages/airflow/example_dags/example_branch_operator_decorator.py took 0.111 seconds
[2026-08-12T05:18:31.839+0000] {processor.py:186} INFO - Started process (PID=5697) to work on /home/airflow/.local/lib/python3.12/site-packages/airflow/example_dags/example_branch_operator_decorator.py
[2026-08-12T05:18:31.841+0000] {processor.py:914} INFO - Processing file /home/airflow/.local/lib/python3.12/site-packages/airflow/example_dags/example_branch_operator_decorator.py for tasks to queue
[2026-08-12T05:18:31.846+0000] {logging_mixin.py:190} INFO - [2026-08-12T05:18:31.845+0000] {dagbag.py:587} INFO - Filling up the DagBag from /home/airflow/.local/lib/python3.12/site-packages/airflow/example_dags/example_branch_operator_decorator.py
[2026-08-12T05:18:31.884+0000] {processor.py:925} INFO - DAG(s) 'example_branch_python_operator_decorator' retrieved from /home/airflow/.local/lib/python3.12/site-packages/airflow/example_dags/example_branch_operator_decorator.py
[2026-08-12T05:18:31.921+0000] {logging_mixin.py:190} INFO - [2026-08-12T05:18:31.920+0000] {dag.py:3211} INFO - Sync 1 DAGs
[2026-08-12T05:18:31.952+0000] {logging_mixin.py:190} INFO - [2026-08-12T05:18:31.952+0000] {dag.py:4138} INFO - Setting next_dagrun for example_branch_python_operator_decorator to 2026-08-11 00:00:00+00:00, run_after=2026-08-12 00:00:00+00:00
[2026-08-12T05:18:31.976+0000] {processor.py:208} INFO - Processing /home/airflow/.local/lib/python3.12/site-packages/airflow/example_dags/example_branch_operator_decorator.py took 0.148 seconds
[2026-08-12T05:19:16.189+0000] {processor.py:186} INFO - Started process (PID=5769) to work on /home/airflow/.local/lib/python3.12/site-packages/airflow/example_dags/example_branch_operator_decorator.py
[2026-08-12T05:19:16.197+0000] {processor.py:914} INFO - Processing file /home/airflow/.local/lib/python3.12/site-packages/airflow/example_dags/example_branch_operator_decorator.py for tasks to queue
[2026-08-12T05:19:16.210+0000] {logging_mixin.py:190} INFO - [2026-08-12T05:19:16.209+0000] {dagbag.py:587} INFO - Filling up the DagBag from /home/airflow/.local/lib/python3.12/site-packages/airflow/example_dags/example_branch_operator_decorator.py
[2026-08-12T05:19:16.294+0000] {processor.py:925} INFO - DAG(s) 'example_branch_python_operator_decorator' retrieved from /home/airflow/.local/lib/python3.12/site-packages/airflow/example_dags/example_branch_operator_decorator.py
[2026-08-12T05:19:16.428+0000] {logging_mixin.py:190} INFO - [2026-08-12T05:19:16.428+0000] {dag.py:3211} INFO - Sync 1 DAGs
[2026-08-12T05:19:16.522+0000] {logging_mixin.py:190} INFO - [2026-08-12T05:19:16.522+0000] {dag.py:4138} INFO - Setting next_dagrun for example_branch_python_operator_decorator to 2026-08-11 00:00:00+00:00, run_after=2026-08-12 00:00:00+00:00
[2026-08-12T05:19:16.575+0000] {processor.py:208} INFO - Processing /home/airflow/.local/lib/python3.12/site-packages/airflow/example_dags/example_branch_operator_decorator.py took 0.416 seconds
[2026-08-12T05:19:47.192+0000] {processor.py:186} INFO - Started process (PID=5832) to work on /home/airflow/.local/lib/python3.12/site-packages/airflow/example_dags/example_branch_operator_decorator.py
[2026-08-12T05:19:47.203+0000] {processor.py:914} INFO - Processing file /home/airflow/.local/lib/python3.12/site-packages/airflow/example_dags/example_branch_operator_decorator.py for tasks to queue
[2026-08-12T05:19:47.211+0000] {logging_mixin.py:190} INFO - [2026-08-12T05:19:47.210+0000] {dagbag.py:587} INFO - Filling up the DagBag from /home/airflow/.local/lib/python3.12/site-packages/airflow/example_dags/example_branch_operator_decorator.py
[2026-08-12T05:19:47.350+0000] {processor.py:925} INFO - DAG(s) 'example_branch_python_operator_decorator' retrieved from /home/airflow/.local/lib/python3.12/site-packages/airflow/example_dags/example_branch_operator_decorator.py
[2026-08-12T05:19:47.526+0000] {logging_mixin.py:190} INFO - [2026-08-12T05:19:47.526+0000] {dag.py:3211} INFO - Sync 1 DAGs
[2026-08-12T05:19:47.688+0000] {logging_mixin.py:190} INFO - [2026-08-12T05:19:47.688+0000] {dag.py:4138} INFO - Setting next_dagrun for example_branch_python_operator_decorator to 2026-08-11 00:00:00+00:00, run_after=2026-08-12 00:00:00+00:00
[2026-08-12T05:19:47.829+0000] {processor.py:208} INFO - Processing /home/airflow/.local/lib/python3.12/site-packages/airflow/example_dags/example_branch_operator_decorator.py took 0.674 seconds
[2026-08-12T05:20:18.357+0000] {processor.py:186} INFO - Started process (PID=5894) to work on /home/airflow/.local/lib/python3.12/site-packages/airflow/example_dags/example_branch_operator_decorator.py
[2026-08-12T05:20:18.364+0000] {processor.py:914} INFO - Processing file /home/airflow/.local/lib/python3.12/site-packages/airflow/example_dags/example_branch_operator_decorator.py for tasks to queue
[2026-08-12T05:20:18.372+0000] {logging_mixin.py:190} INFO - [2026-08-12T05:20:18.371+0000] {dagbag.py:587} INFO - Filling up the DagBag from /home/airflow/.local/lib/python3.12/site-packages/airflow/example_dags/example_branch_operator_decorator.py
[2026-08-12T05:20:18.496+0000] {processor.py:925} INFO - DAG(s) 'example_branch_python_operator_decorator' retrieved from /home/airflow/.local/lib/python3.12/site-packages/airflow/example_dags/example_branch_operator_decorator.py
[2026-08-12T05:20:18.677+0000] {logging_mixin.py:190} INFO - [2026-08-12T05:20:18.676+0000] {dag.py:3211} INFO - Sync 1 DAGs
[2026-08-12T05:20:18.828+0000] {logging_mixin.py:190} INFO - [2026-08-12T05:20:18.828+0000] {dag.py:4138} INFO - Setting next_dagrun for example_branch_python_operator_decorator to 2026-08-11 00:00:00+00:00, run_after=2026-08-12 00:00:00+00:00
[2026-08-12T05:20:18.962+0000] {processor.py:208} INFO - Processing /home/airflow/.local/lib/python3.12/site-packages/airflow/example_dags/example_branch_operator_decorator.py took 0.651 seconds
[2026-08-12T05:20:50.142+0000] {processor.py:186} INFO - Started process (PID=5957) to work on /home/airflow/.local/lib/python3.12/site-packages/airflow/example_dags/example_branch_operator_decorator.py
[2026-08-12T05:20:50.148+0000] {processor.py:914} INFO - Processing file /home/airflow/.local/lib/python3.12/site-packages/airflow/example_dags/example_branch_operator_decorator.py for tasks to queue
[2026-08-12T05:20:50.164+0000] {logging_mixin.py:190} INFO - [2026-08-12T05:20:50.163+0000] {dagbag.py:587} INFO - Filling up the DagBag from /home/airflow/.local/lib/python3.12/site-packages/airflow/example_dags/example_branch_operator_decorator.py
[2026-08-12T05:20:50.298+0000] {processor.py:925} INFO - DAG(s) 'example_branch_python_operator_decorator' retrieved from /home/airflow/.local/lib/python3.12/site-packages/airflow/example_dags/example_branch_operator_decorator.py
[2026-08-12T05:20:50.434+0000] {logging_mixin.py:190} INFO - [2026-08-12T05:20:50.433+0000] {dag.py:3211} INFO - Sync 1 DAGs
[2026-08-12T05:20:50.544+0000] {logging_mixin.py:190} INFO - [2026-08-12T05:20:50.544+0000] {dag.py:4138} INFO - Setting next_dagrun for example_branch_python_operator_decorator to 2026-08-11 00:00:00+00:00, run_after=2026-08-12 00:00:00+00:00
[2026-08-12T05:20:50.649+0000] {processor.py:208} INFO - Processing /home/airflow/.local/lib/python3.12/site-packages/airflow/example_dags/example_branch_operator_decorator.py took 0.542 seconds
[2026-08-12T05:21:21.489+0000] {processor.py:186} INFO - Started process (PID=6022) to work on /home/airflow/.local/lib/python3.12/site-packages/airflow/example_dags/example_branch_operator_decorator.py
[2026-08-12T05:21:21.491+0000] {processor.py:914} INFO - Processing file /home/airflow/.local/lib/python3.12/site-packages/airflow/example_dags/example_branch_operator_decorator.py for tasks to queue
[2026-08-12T05:21:21.496+0000] {logging_mixin.py:190} INFO - [2026-08-12T05:21:21.495+0000] {dagbag.py:587} INFO - Filling up the DagBag from /home/airflow/.local/lib/python3.12/site-packages/airflow/example_dags/example_branch_operator_decorator.py
[2026-08-12T05:21:21.521+0000] {processor.py:925} INFO - DAG(s) 'example_branch_python_operator_decorator' retrieved from /home/airflow/.local/lib/python3.12/site-packages/airflow/example_dags/example_branch_operator_decorator.py
[2026-08-12T05:21:21.551+0000] {logging_mixin.py:190} INFO - [2026-08-12T05:21:21.550+0000] {dag.py:3211} INFO - Sync 1 DAGs
[2026-08-12T05:21:21.574+0000] {logging_mixin.py:190} INFO - [2026-08-12T05:21:21.574+0000] {dag.py:4138} INFO - Setting next_dagrun for example_branch_python_operator_decorator to 2026-08-11 00:00:00+00:00, run_after=2026-08-12 00:00:00+00:00
[2026-08-12T05:21:21.598+0000] {processor.py:208} INFO - Processing /home/airflow/.local/lib/python3.12/site-packages/airflow/example_dags/example_branch_operator_decorator.py took 0.115 seconds
[2026-08-12T05:21:52.088+0000] {processor.py:186} INFO - Started process (PID=6088) to work on /home/airflow/.local/lib/python3.12/site-packages/airflow/example_dags/example_branch_operator_decorator.py
[2026-08-12T05:21:52.089+0000] {processor.py:914} INFO - Processing file /home/airflow/.local/lib/python3.12/site-packages/airflow/example_dags/example_branch_operator_decorator.py for tasks to queue
[2026-08-12T05:21:52.093+0000] {logging_mixin.py:190} INFO - [2026-08-12T05:21:52.092+0000] {dagbag.py:587} INFO - Filling up the DagBag from /home/airflow/.local/lib/python3.12/site-packages/airflow/example_dags/example_branch_operator_decorator.py
[2026-08-12T05:21:52.119+0000] {processor.py:925} INFO - DAG(s) 'example_branch_python_operator_decorator' retrieved from /home/airflow/.local/lib/python3.12/site-packages/airflow/example_dags/example_branch_operator_decorator.py
[2026-08-12T05:21:52.159+0000] {logging_mixin.py:190} INFO - [2026-08-12T05:21:52.158+0000] {dag.py:3211} INFO - Sync 1 DAGs
[2026-08-12T05:21:52.190+0000] {logging_mixin.py:190} INFO - [2026-08-12T05:21:52.189+0000] {dag.py:4138} INFO - Setting next_dagrun for example_branch_python_operator_decorator to 2026-08-11 00:00:00+00:00, run_after=2026-08-12 00:00:00+00:00
[2026-08-12T05:21:52.223+0000] {processor.py:208} INFO - Processing /home/airflow/.local/lib/python3.12/site-packages/airflow/example_dags/example_branch_operator_decorator.py took 0.141 seconds
[2026-08-12T05:22:22.500+0000] {processor.py:186} INFO - Started process (PID=6151) to work on /home/airflow/.local/lib/python3.12/site-packages/airflow/example_dags/example_branch_operator_decorator.py
[2026-08-12T05:22:22.501+0000] {processor.py:914} INFO - Processing file /home/airflow/.local/lib/python3.12/site-packages/airflow/example_dags/example_branch_operator_decorator.py for tasks to queue
[2026-08-12T05:22:22.504+0000] {logging_mixin.py:190} INFO - [2026-08-12T05:22:22.503+0000] {dagbag.py:587} INFO - Filling up the DagBag from /home/airflow/.local/lib/python3.12/site-packages/airflow/example_dags/example_branch_operator_decorator.py
[2026-08-12T05:22:22.529+0000] {processor.py:925} INFO - DAG(s) 'example_branch_python_operator_decorator' retrieved from /home/airflow/.local/lib/python3.12/site-packages/airflow/example_dags/example_branch_operator_decorator.py
[2026-08-12T05:22:22.568+0000] {logging_mixin.py:190} INFO - [2026-08-12T05:22:22.568+0000] {dag.py:3211} INFO - Sync 1 DAGs
[2026-08-12T05:22:22.600+0000] {logging_mixin.py:190} INFO - [2026-08-12T05:22:22.599+0000] {dag.py:4138} INFO - Setting next_dagrun for example_branch_python_operator_decorator to 2026-08-11 00:00:00+00:00, run_after=2026-08-12 00:00:00+00:00
[2026-08-12T05:22:22.636+0000] {processor.py:208} INFO - Processing /home/airflow/.local/lib/python3.12/site-packages/airflow/example_dags/example_branch_operator_decorator.py took 0.143 seconds
[2026-08-12T05:22:53.117+0000] {processor.py:186} INFO - Started process (PID=6214) to work on /home/airflow/.local/lib/python3.12/site-packages/airflow/example_dags/example_branch_operator_decorator.py
[2026-08-12T05:22:53.119+0000] {processor.py:914} INFO - Processing file /home/airflow/.local/lib/python3.12/site-packages/airflow/example_dags/example_branch_operator_decorator.py for tasks to queue
[2026-08-12T05:22:53.122+0000] {logging_mixin.py:190} INFO - [2026-08-12T05:22:53.122+0000] {dagbag.py:587} INFO - Filling up the DagBag from /home/airflow/.local/lib/python3.12/site-packages/airflow/example_dags/example_branch_operator_decorator.py
[2026-08-12T05:22:53.142+0000] {processor.py:925} INFO - DAG(s) 'example_branch_python_operator_decorator' retrieved from /home/airflow/.local/lib/python3.12/site-packages/airflow/example_dags/example_branch_operator_decorator.py
[2026-08-12T05:22:53.177+0000] {logging_mixin.py:190} INFO - [2026-08-12T05:22:53.177+0000] {dag.py:3211} INFO - Sync 1 DAGs
[2026-08-12T05:22:53.206+0000] {logging_mixin.py:190} INFO - [2026-08-12T05:22:53.206+0000] {dag.py:4138} INFO - Setting next_dagrun for example_branch_python_operator_decorator to 2026-08-11 00:00:00+00:00, run_after=2026-08-12 00:00:00+00:00
[2026-08-12T05:22:53.234+0000] {processor.py:208} INFO - Processing /home/airflow/.local/lib/python3.12/site-packages/airflow/example_dags/example_branch_operator_decorator.py took 0.127 seconds
[2026-08-12T05:23:23.433+0000] {processor.py:186} INFO - Started process (PID=6280) to work on /home/airflow/.local/lib/python3.12/site-packages/airflow/example_dags/example_branch_operator_decorator.py
[2026-08-12T05:23:23.434+0000] {processor.py:914} INFO - Processing file /home/airflow/.local/lib/python3.12/site-packages/airflow/example_dags/example_branch_operator_decorator.py for tasks to queue
[2026-08-12T05:23:23.438+0000] {logging_mixin.py:190} INFO - [2026-08-12T05:23:23.437+0000] {dagbag.py:587} INFO - Filling up the DagBag from /home/airflow/.local/lib/python3.12/site-packages/airflow/example_dags/example_branch_operator_decorator.py
[2026-08-12T05:23:23.460+0000] {processor.py:925} INFO - DAG(s) 'example_branch_python_operator_decorator' retrieved from /home/airflow/.local/lib/python3.12/site-packages/airflow/example_dags/example_branch_operator_decorator.py
[2026-08-12T05:23:23.488+0000] {logging_mixin.py:190} INFO - [2026-08-12T05:23:23.488+0000] {dag.py:3211} INFO - Sync 1 DAGs
[2026-08-12T05:23:23.512+0000] {logging_mixin.py:190} INFO - [2026-08-12T05:23:23.511+0000] {dag.py:4138} INFO - Setting next_dagrun for example_branch_python_operator_decorator to 2026-08-11 00:00:00+00:00, run_after=2026-08-12 00:00:00+00:00
[2026-08-12T05:23:23.533+0000] {processor.py:208} INFO - Processing /home/airflow/.local/lib/python3.12/site-packages/airflow/example_dags/example_branch_operator_decorator.py took 0.106 seconds
[2026-08-12T05:23:53.606+0000] {processor.py:186} INFO - Started process (PID=6342) to work on /home/airflow/.local/lib/python3.12/site-packages/airflow/example_dags/example_branch_operator_decorator.py
[2026-08-12T05:23:53.608+0000] {processor.py:914} INFO - Processing file /home/airflow/.local/lib/python3.12/site-packages/airflow/example_dags/example_branch_operator_decorator.py for tasks to queue
[2026-08-12T05:23:53.613+0000] {logging_mixin.py:190} INFO - [2026-08-12T05:23:53.612+0000] {dagbag.py:587} INFO - Filling up the DagBag from /home/airflow/.local/lib/python3.12/site-packages/airflow/example_dags/example_branch_operator_decorator.py
[2026-08-12T05:23:53.636+0000] {processor.py:925} INFO - DAG(s) 'example_branch_python_operator_decorator' retrieved from /home/airflow/.local/lib/python3.12/site-packages/airflow/example_dags/example_branch_operator_decorator.py
[2026-08-12T05:23:53.665+0000] {logging_mixin.py:190} INFO - [2026-08-12T05:23:53.665+0000] {dag.py:3211} INFO - Sync 1 DAGs
[2026-08-12T05:23:53.688+0000] {logging_mixin.py:190} INFO - [2026-08-12T05:23:53.688+0000] {dag.py:4138} INFO - Setting next_dagrun for example_branch_python_operator_decorator to 2026-08-11 00:00:00+00:00, run_after=2026-08-12 00:00:00+00:00
[2026-08-12T05:23:53.709+0000] {processor.py:208} INFO - Processing /home/airflow/.local/lib/python3.12/site-packages/airflow/example_dags/example_branch_operator_decorator.py took 0.112 seconds
[2026-08-12T05:24:24.516+0000] {processor.py:186} INFO - Started process (PID=6406) to work on /home/airflow/.local/lib/python3.12/site-packages/airflow/example_dags/example_branch_operator_decorator.py
[2026-08-12T05:24:24.518+0000] {processor.py:914} INFO - Processing file /home/airflow/.local/lib/python3.12/site-packages/airflow/example_dags/example_branch_operator_decorator.py for tasks to queue
[2026-08-12T05:24:24.522+0000] {logging_mixin.py:190} INFO - [2026-08-12T05:24:24.521+0000] {dagbag.py:587} INFO - Filling up the DagBag from /home/airflow/.local/lib/python3.12/site-packages/airflow/example_dags/example_branch_operator_decorator.py
[2026-08-12T05:24:24.542+0000] {processor.py:925} INFO - DAG(s) 'example_branch_python_operator_decorator' retrieved from /home/airflow/.local/lib/python3.12/site-packages/airflow/example_dags/example_branch_operator_decorator.py
[2026-08-12T05:24:24.568+0000] {logging_mixin.py:190} INFO - [2026-08-12T05:24:24.567+0000] {dag.py:3211} INFO - Sync 1 DAGs
[2026-08-12T05:24:24.591+0000] {logging_mixin.py:190} INFO - [2026-08-12T05:24:24.591+0000] {dag.py:4138} INFO - Setting next_dagrun for example_branch_python_operator_decorator to 2026-08-11 00:00:00+00:00, run_after=2026-08-12 00:00:00+00:00
[2026-08-12T05:24:24.613+0000] {processor.py:208} INFO - Processing /home/airflow/.local/lib/python3.12/site-packages/airflow/example_dags/example_branch_operator_decorator.py took 0.103 seconds
[2026-08-12T05:24:54.866+0000] {processor.py:186} INFO - Started process (PID=6470) to work on /home/airflow/.local/lib/python3.12/site-packages/airflow/example_dags/example_branch_operator_decorator.py
[2026-08-12T05:24:54.867+0000] {processor.py:914} INFO - Processing file /home/airflow/.local/lib/python3.12/site-packages/airflow/example_dags/example_branch_operator_decorator.py for tasks to queue
[2026-08-12T05:24:54.870+0000] {logging_mixin.py:190} INFO - [2026-08-12T05:24:54.870+0000] {dagbag.py:587} INFO - Filling up the DagBag from /home/airflow/.local/lib/python3.12/site-packages/airflow/example_dags/example_branch_operator_decorator.py
[2026-08-12T05:24:54.891+0000] {processor.py:925} INFO - DAG(s) 'example_branch_python_operator_decorator' retrieved from /home/airflow/.local/lib/python3.12/site-packages/airflow/example_dags/example_branch_operator_decorator.py
[2026-08-12T05:24:54.920+0000] {logging_mixin.py:190} INFO - [2026-08-12T05:24:54.920+0000] {dag.py:3211} INFO - Sync 1 DAGs
[2026-08-12T05:24:54.948+0000] {logging_mixin.py:190} INFO - [2026-08-12T05:24:54.947+0000] {dag.py:4138} INFO - Setting next_dagrun for example_branch_python_operator_decorator to 2026-08-11 00:00:00+00:00, run_after=2026-08-12 00:00:00+00:00
[2026-08-12T05:24:54.970+0000] {processor.py:208} INFO - Processing /home/airflow/.local/lib/python3.12/site-packages/airflow/example_dags/example_branch_operator_decorator.py took 0.110 seconds
[2026-08-12T05:25:25.455+0000] {processor.py:186} INFO - Started process (PID=6533) to work on /home/airflow/.local/lib/python3.12/site-packages/airflow/example_dags/example_branch_operator_decorator.py
[2026-08-12T05:25:25.457+0000] {processor.py:914} INFO - Processing file /home/airflow/.local/lib/python3.12/site-packages/airflow/example_dags/example_branch_operator_decorator.py for tasks to queue
[2026-08-12T05:25:25.462+0000] {logging_mixin.py:190} INFO - [2026-08-12T05:25:25.461+0000] {dagbag.py:587} INFO - Filling up the DagBag from /home/airflow/.local/lib/python3.12/site-packages/airflow/example_dags/example_branch_operator_decorator.py
[2026-08-12T05:25:25.496+0000] {processor.py:925} INFO - DAG(s) 'example_branch_python_operator_decorator' retrieved from /home/airflow/.local/lib/python3.12/site-packages/airflow/example_dags/example_branch_operator_decorator.py
[2026-08-12T05:25:25.528+0000] {logging_mixin.py:190} INFO - [2026-08-12T05:25:25.527+0000] {dag.py:3211} INFO - Sync 1 DAGs
[2026-08-12T05:25:25.554+0000] {logging_mixin.py:190} INFO - [2026-08-12T05:25:25.554+0000] {dag.py:4138} INFO - Setting next_dagrun for example_branch_python_operator_decorator to 2026-08-11 00:00:00+00:00, run_after=2026-08-12 00:00:00+00:00
[2026-08-12T05:25:25.575+0000] {processor.py:208} INFO - Processing /home/airflow/.local/lib/python3.12/site-packages/airflow/example_dags/example_branch_operator_decorator.py took 0.128 seconds
