[2026-08-12T04:30:56.433+0000] {processor.py:186} INFO - Started process (PID=116) to work on /home/airflow/.local/lib/python3.12/site-packages/airflow/example_dags/tutorial.py
[2026-08-12T04:30:56.522+0000] {processor.py:914} INFO - Processing file /home/airflow/.local/lib/python3.12/site-packages/airflow/example_dags/tutorial.py for tasks to queue
[2026-08-12T04:30:56.549+0000] {logging_mixin.py:190} INFO - [2026-08-12T04:30:56.548+0000] {dagbag.py:587} INFO - Filling up the DagBag from /home/airflow/.local/lib/python3.12/site-packages/airflow/example_dags/tutorial.py
[2026-08-12T04:30:56.617+0000] {processor.py:925} INFO - DAG(s) 'tutorial' retrieved from /home/airflow/.local/lib/python3.12/site-packages/airflow/example_dags/tutorial.py
[2026-08-12T04:30:56.954+0000] {logging_mixin.py:190} INFO - [2026-08-12T04:30:56.953+0000] {override.py:1858} INFO - Created Permission View: can edit on DAG:tutorial
[2026-08-12T04:30:56.978+0000] {logging_mixin.py:190} INFO - [2026-08-12T04:30:56.977+0000] {override.py:1858} INFO - Created Permission View: can delete on DAG:tutorial
[2026-08-12T04:30:56.996+0000] {logging_mixin.py:190} INFO - [2026-08-12T04:30:56.995+0000] {override.py:1858} INFO - Created Permission View: can read on DAG:tutorial
[2026-08-12T04:30:56.998+0000] {logging_mixin.py:190} INFO - [2026-08-12T04:30:56.998+0000] {dag.py:3211} INFO - Sync 1 DAGs
[2026-08-12T04:30:57.043+0000] {logging_mixin.py:190} INFO - [2026-08-12T04:30:57.042+0000] {dag.py:3234} INFO - Creating ORM DAG for tutorial
[2026-08-12T04:30:57.068+0000] {logging_mixin.py:190} INFO - [2026-08-12T04:30:57.067+0000] {dag.py:4138} INFO - Setting next_dagrun for tutorial to 2026-08-11 00:00:00+00:00, run_after=2026-08-12 00:00:00+00:00
[2026-08-12T04:30:57.100+0000] {processor.py:208} INFO - Processing /home/airflow/.local/lib/python3.12/site-packages/airflow/example_dags/tutorial.py took 0.691 seconds
[2026-08-12T04:31:27.264+0000] {processor.py:186} INFO - Started process (PID=179) to work on /home/airflow/.local/lib/python3.12/site-packages/airflow/example_dags/tutorial.py
[2026-08-12T04:31:27.266+0000] {processor.py:914} INFO - Processing file /home/airflow/.local/lib/python3.12/site-packages/airflow/example_dags/tutorial.py for tasks to queue
[2026-08-12T04:31:27.270+0000] {logging_mixin.py:190} INFO - [2026-08-12T04:31:27.269+0000] {dagbag.py:587} INFO - Filling up the DagBag from /home/airflow/.local/lib/python3.12/site-packages/airflow/example_dags/tutorial.py
[2026-08-12T04:31:27.279+0000] {processor.py:925} INFO - DAG(s) 'tutorial' retrieved from /home/airflow/.local/lib/python3.12/site-packages/airflow/example_dags/tutorial.py
[2026-08-12T04:31:27.299+0000] {logging_mixin.py:190} INFO - [2026-08-12T04:31:27.299+0000] {dag.py:3211} INFO - Sync 1 DAGs
[2026-08-12T04:31:27.323+0000] {logging_mixin.py:190} INFO - [2026-08-12T04:31:27.322+0000] {dag.py:4138} INFO - Setting next_dagrun for tutorial to 2026-08-11 00:00:00+00:00, run_after=2026-08-12 00:00:00+00:00
[2026-08-12T04:31:27.344+0000] {processor.py:208} INFO - Processing /home/airflow/.local/lib/python3.12/site-packages/airflow/example_dags/tutorial.py took 0.087 seconds
[2026-08-12T04:31:57.497+0000] {processor.py:186} INFO - Started process (PID=241) to work on /home/airflow/.local/lib/python3.12/site-packages/airflow/example_dags/tutorial.py
[2026-08-12T04:31:57.499+0000] {processor.py:914} INFO - Processing file /home/airflow/.local/lib/python3.12/site-packages/airflow/example_dags/tutorial.py for tasks to queue
[2026-08-12T04:31:57.503+0000] {logging_mixin.py:190} INFO - [2026-08-12T04:31:57.502+0000] {dagbag.py:587} INFO - Filling up the DagBag from /home/airflow/.local/lib/python3.12/site-packages/airflow/example_dags/tutorial.py
[2026-08-12T04:31:57.513+0000] {processor.py:925} INFO - DAG(s) 'tutorial' retrieved from /home/airflow/.local/lib/python3.12/site-packages/airflow/example_dags/tutorial.py
[2026-08-12T04:31:57.540+0000] {logging_mixin.py:190} INFO - [2026-08-12T04:31:57.540+0000] {dag.py:3211} INFO - Sync 1 DAGs
[2026-08-12T04:31:57.566+0000] {logging_mixin.py:190} INFO - [2026-08-12T04:31:57.565+0000] {dag.py:4138} INFO - Setting next_dagrun for tutorial to 2026-08-11 00:00:00+00:00, run_after=2026-08-12 00:00:00+00:00
[2026-08-12T04:31:57.586+0000] {processor.py:208} INFO - Processing /home/airflow/.local/lib/python3.12/site-packages/airflow/example_dags/tutorial.py took 0.096 seconds
[2026-08-12T04:33:06.999+0000] {processor.py:186} INFO - Started process (PID=113) to work on /home/airflow/.local/lib/python3.12/site-packages/airflow/example_dags/tutorial.py
[2026-08-12T04:33:07.001+0000] {processor.py:914} INFO - Processing file /home/airflow/.local/lib/python3.12/site-packages/airflow/example_dags/tutorial.py for tasks to queue
[2026-08-12T04:33:07.005+0000] {logging_mixin.py:190} INFO - [2026-08-12T04:33:07.004+0000] {dagbag.py:587} INFO - Filling up the DagBag from /home/airflow/.local/lib/python3.12/site-packages/airflow/example_dags/tutorial.py
[2026-08-12T04:33:07.016+0000] {processor.py:925} INFO - DAG(s) 'tutorial' retrieved from /home/airflow/.local/lib/python3.12/site-packages/airflow/example_dags/tutorial.py
[2026-08-12T04:33:07.042+0000] {logging_mixin.py:190} INFO - [2026-08-12T04:33:07.042+0000] {dag.py:3211} INFO - Sync 1 DAGs
[2026-08-12T04:33:07.070+0000] {logging_mixin.py:190} INFO - [2026-08-12T04:33:07.070+0000] {dag.py:4138} INFO - Setting next_dagrun for tutorial to 2026-08-11 00:00:00+00:00, run_after=2026-08-12 00:00:00+00:00
[2026-08-12T04:33:07.091+0000] {processor.py:208} INFO - Processing /home/airflow/.local/lib/python3.12/site-packages/airflow/example_dags/tutorial.py took 0.099 seconds
[2026-08-12T04:33:37.283+0000] {processor.py:186} INFO - Started process (PID=175) to work on /home/airflow/.local/lib/python3.12/site-packages/airflow/example_dags/tutorial.py
[2026-08-12T04:33:37.285+0000] {processor.py:914} INFO - Processing file /home/airflow/.local/lib/python3.12/site-packages/airflow/example_dags/tutorial.py for tasks to queue
[2026-08-12T04:33:37.292+0000] {logging_mixin.py:190} INFO - [2026-08-12T04:33:37.291+0000] {dagbag.py:587} INFO - Filling up the DagBag from /home/airflow/.local/lib/python3.12/site-packages/airflow/example_dags/tutorial.py
[2026-08-12T04:33:37.305+0000] {processor.py:925} INFO - DAG(s) 'tutorial' retrieved from /home/airflow/.local/lib/python3.12/site-packages/airflow/example_dags/tutorial.py
[2026-08-12T04:33:37.326+0000] {logging_mixin.py:190} INFO - [2026-08-12T04:33:37.326+0000] {dag.py:3211} INFO - Sync 1 DAGs
[2026-08-12T04:33:37.353+0000] {logging_mixin.py:190} INFO - [2026-08-12T04:33:37.353+0000] {dag.py:4138} INFO - Setting next_dagrun for tutorial to 2026-08-11 00:00:00+00:00, run_after=2026-08-12 00:00:00+00:00
[2026-08-12T04:33:37.378+0000] {processor.py:208} INFO - Processing /home/airflow/.local/lib/python3.12/site-packages/airflow/example_dags/tutorial.py took 0.104 seconds
[2026-08-12T04:34:07.807+0000] {processor.py:186} INFO - Started process (PID=237) to work on /home/airflow/.local/lib/python3.12/site-packages/airflow/example_dags/tutorial.py
[2026-08-12T04:34:07.820+0000] {processor.py:914} INFO - Processing file /home/airflow/.local/lib/python3.12/site-packages/airflow/example_dags/tutorial.py for tasks to queue
[2026-08-12T04:34:07.827+0000] {logging_mixin.py:190} INFO - [2026-08-12T04:34:07.826+0000] {dagbag.py:587} INFO - Filling up the DagBag from /home/airflow/.local/lib/python3.12/site-packages/airflow/example_dags/tutorial.py
[2026-08-12T04:34:07.850+0000] {processor.py:925} INFO - DAG(s) 'tutorial' retrieved from /home/airflow/.local/lib/python3.12/site-packages/airflow/example_dags/tutorial.py
[2026-08-12T04:34:07.896+0000] {logging_mixin.py:190} INFO - [2026-08-12T04:34:07.895+0000] {dag.py:3211} INFO - Sync 1 DAGs
[2026-08-12T04:34:07.944+0000] {logging_mixin.py:190} INFO - [2026-08-12T04:34:07.944+0000] {dag.py:4138} INFO - Setting next_dagrun for tutorial to 2026-08-11 00:00:00+00:00, run_after=2026-08-12 00:00:00+00:00
[2026-08-12T04:34:07.984+0000] {processor.py:208} INFO - Processing /home/airflow/.local/lib/python3.12/site-packages/airflow/example_dags/tutorial.py took 0.191 seconds
[2026-08-12T04:34:38.243+0000] {processor.py:186} INFO - Started process (PID=300) to work on /home/airflow/.local/lib/python3.12/site-packages/airflow/example_dags/tutorial.py
[2026-08-12T04:34:38.245+0000] {processor.py:914} INFO - Processing file /home/airflow/.local/lib/python3.12/site-packages/airflow/example_dags/tutorial.py for tasks to queue
[2026-08-12T04:34:38.248+0000] {logging_mixin.py:190} INFO - [2026-08-12T04:34:38.248+0000] {dagbag.py:587} INFO - Filling up the DagBag from /home/airflow/.local/lib/python3.12/site-packages/airflow/example_dags/tutorial.py
[2026-08-12T04:34:38.258+0000] {processor.py:925} INFO - DAG(s) 'tutorial' retrieved from /home/airflow/.local/lib/python3.12/site-packages/airflow/example_dags/tutorial.py
[2026-08-12T04:34:38.279+0000] {logging_mixin.py:190} INFO - [2026-08-12T04:34:38.279+0000] {dag.py:3211} INFO - Sync 1 DAGs
[2026-08-12T04:34:38.302+0000] {logging_mixin.py:190} INFO - [2026-08-12T04:34:38.301+0000] {dag.py:4138} INFO - Setting next_dagrun for tutorial to 2026-08-11 00:00:00+00:00, run_after=2026-08-12 00:00:00+00:00
[2026-08-12T04:34:38.322+0000] {processor.py:208} INFO - Processing /home/airflow/.local/lib/python3.12/site-packages/airflow/example_dags/tutorial.py took 0.086 seconds
[2026-08-12T04:35:08.649+0000] {processor.py:186} INFO - Started process (PID=362) to work on /home/airflow/.local/lib/python3.12/site-packages/airflow/example_dags/tutorial.py
[2026-08-12T04:35:08.651+0000] {processor.py:914} INFO - Processing file /home/airflow/.local/lib/python3.12/site-packages/airflow/example_dags/tutorial.py for tasks to queue
[2026-08-12T04:35:08.655+0000] {logging_mixin.py:190} INFO - [2026-08-12T04:35:08.655+0000] {dagbag.py:587} INFO - Filling up the DagBag from /home/airflow/.local/lib/python3.12/site-packages/airflow/example_dags/tutorial.py
[2026-08-12T04:35:08.665+0000] {processor.py:925} INFO - DAG(s) 'tutorial' retrieved from /home/airflow/.local/lib/python3.12/site-packages/airflow/example_dags/tutorial.py
[2026-08-12T04:35:08.687+0000] {logging_mixin.py:190} INFO - [2026-08-12T04:35:08.687+0000] {dag.py:3211} INFO - Sync 1 DAGs
[2026-08-12T04:35:08.712+0000] {logging_mixin.py:190} INFO - [2026-08-12T04:35:08.712+0000] {dag.py:4138} INFO - Setting next_dagrun for tutorial to 2026-08-11 00:00:00+00:00, run_after=2026-08-12 00:00:00+00:00
[2026-08-12T04:35:08.733+0000] {processor.py:208} INFO - Processing /home/airflow/.local/lib/python3.12/site-packages/airflow/example_dags/tutorial.py took 0.090 seconds
[2026-08-12T04:35:38.918+0000] {processor.py:186} INFO - Started process (PID=423) to work on /home/airflow/.local/lib/python3.12/site-packages/airflow/example_dags/tutorial.py
[2026-08-12T04:35:38.919+0000] {processor.py:914} INFO - Processing file /home/airflow/.local/lib/python3.12/site-packages/airflow/example_dags/tutorial.py for tasks to queue
[2026-08-12T04:35:38.924+0000] {logging_mixin.py:190} INFO - [2026-08-12T04:35:38.923+0000] {dagbag.py:587} INFO - Filling up the DagBag from /home/airflow/.local/lib/python3.12/site-packages/airflow/example_dags/tutorial.py
[2026-08-12T04:35:38.934+0000] {processor.py:925} INFO - DAG(s) 'tutorial' retrieved from /home/airflow/.local/lib/python3.12/site-packages/airflow/example_dags/tutorial.py
[2026-08-12T04:35:38.961+0000] {logging_mixin.py:190} INFO - [2026-08-12T04:35:38.961+0000] {dag.py:3211} INFO - Sync 1 DAGs
[2026-08-12T04:35:38.992+0000] {logging_mixin.py:190} INFO - [2026-08-12T04:35:38.991+0000] {dag.py:4138} INFO - Setting next_dagrun for tutorial to 2026-08-11 00:00:00+00:00, run_after=2026-08-12 00:00:00+00:00
[2026-08-12T04:35:39.028+0000] {processor.py:208} INFO - Processing /home/airflow/.local/lib/python3.12/site-packages/airflow/example_dags/tutorial.py took 0.118 seconds
[2026-08-12T04:36:09.249+0000] {processor.py:186} INFO - Started process (PID=485) to work on /home/airflow/.local/lib/python3.12/site-packages/airflow/example_dags/tutorial.py
[2026-08-12T04:36:09.250+0000] {processor.py:914} INFO - Processing file /home/airflow/.local/lib/python3.12/site-packages/airflow/example_dags/tutorial.py for tasks to queue
[2026-08-12T04:36:09.254+0000] {logging_mixin.py:190} INFO - [2026-08-12T04:36:09.254+0000] {dagbag.py:587} INFO - Filling up the DagBag from /home/airflow/.local/lib/python3.12/site-packages/airflow/example_dags/tutorial.py
[2026-08-12T04:36:09.265+0000] {processor.py:925} INFO - DAG(s) 'tutorial' retrieved from /home/airflow/.local/lib/python3.12/site-packages/airflow/example_dags/tutorial.py
[2026-08-12T04:36:09.288+0000] {logging_mixin.py:190} INFO - [2026-08-12T04:36:09.288+0000] {dag.py:3211} INFO - Sync 1 DAGs
[2026-08-12T04:36:09.318+0000] {logging_mixin.py:190} INFO - [2026-08-12T04:36:09.318+0000] {dag.py:4138} INFO - Setting next_dagrun for tutorial to 2026-08-11 00:00:00+00:00, run_after=2026-08-12 00:00:00+00:00
[2026-08-12T04:36:09.344+0000] {processor.py:208} INFO - Processing /home/airflow/.local/lib/python3.12/site-packages/airflow/example_dags/tutorial.py took 0.103 seconds
[2026-08-12T04:36:40.607+0000] {processor.py:186} INFO - Started process (PID=547) to work on /home/airflow/.local/lib/python3.12/site-packages/airflow/example_dags/tutorial.py
[2026-08-12T04:36:40.609+0000] {processor.py:914} INFO - Processing file /home/airflow/.local/lib/python3.12/site-packages/airflow/example_dags/tutorial.py for tasks to queue
[2026-08-12T04:36:40.612+0000] {logging_mixin.py:190} INFO - [2026-08-12T04:36:40.612+0000] {dagbag.py:587} INFO - Filling up the DagBag from /home/airflow/.local/lib/python3.12/site-packages/airflow/example_dags/tutorial.py
[2026-08-12T04:36:40.621+0000] {processor.py:925} INFO - DAG(s) 'tutorial' retrieved from /home/airflow/.local/lib/python3.12/site-packages/airflow/example_dags/tutorial.py
[2026-08-12T04:36:40.648+0000] {logging_mixin.py:190} INFO - [2026-08-12T04:36:40.648+0000] {dag.py:3211} INFO - Sync 1 DAGs
[2026-08-12T04:36:40.684+0000] {logging_mixin.py:190} INFO - [2026-08-12T04:36:40.683+0000] {dag.py:4138} INFO - Setting next_dagrun for tutorial to 2026-08-11 00:00:00+00:00, run_after=2026-08-12 00:00:00+00:00
[2026-08-12T04:36:40.708+0000] {processor.py:208} INFO - Processing /home/airflow/.local/lib/python3.12/site-packages/airflow/example_dags/tutorial.py took 0.108 seconds
[2026-08-12T04:37:11.515+0000] {processor.py:186} INFO - Started process (PID=609) to work on /home/airflow/.local/lib/python3.12/site-packages/airflow/example_dags/tutorial.py
[2026-08-12T04:37:11.516+0000] {processor.py:914} INFO - Processing file /home/airflow/.local/lib/python3.12/site-packages/airflow/example_dags/tutorial.py for tasks to queue
[2026-08-12T04:37:11.519+0000] {logging_mixin.py:190} INFO - [2026-08-12T04:37:11.519+0000] {dagbag.py:587} INFO - Filling up the DagBag from /home/airflow/.local/lib/python3.12/site-packages/airflow/example_dags/tutorial.py
[2026-08-12T04:37:11.528+0000] {processor.py:925} INFO - DAG(s) 'tutorial' retrieved from /home/airflow/.local/lib/python3.12/site-packages/airflow/example_dags/tutorial.py
[2026-08-12T04:37:11.548+0000] {logging_mixin.py:190} INFO - [2026-08-12T04:37:11.548+0000] {dag.py:3211} INFO - Sync 1 DAGs
[2026-08-12T04:37:11.570+0000] {logging_mixin.py:190} INFO - [2026-08-12T04:37:11.570+0000] {dag.py:4138} INFO - Setting next_dagrun for tutorial to 2026-08-11 00:00:00+00:00, run_after=2026-08-12 00:00:00+00:00
[2026-08-12T04:37:11.592+0000] {processor.py:208} INFO - Processing /home/airflow/.local/lib/python3.12/site-packages/airflow/example_dags/tutorial.py took 0.083 seconds
[2026-08-12T04:37:42.113+0000] {processor.py:186} INFO - Started process (PID=671) to work on /home/airflow/.local/lib/python3.12/site-packages/airflow/example_dags/tutorial.py
[2026-08-12T04:37:42.115+0000] {processor.py:914} INFO - Processing file /home/airflow/.local/lib/python3.12/site-packages/airflow/example_dags/tutorial.py for tasks to queue
[2026-08-12T04:37:42.119+0000] {logging_mixin.py:190} INFO - [2026-08-12T04:37:42.118+0000] {dagbag.py:587} INFO - Filling up the DagBag from /home/airflow/.local/lib/python3.12/site-packages/airflow/example_dags/tutorial.py
[2026-08-12T04:37:42.127+0000] {processor.py:925} INFO - DAG(s) 'tutorial' retrieved from /home/airflow/.local/lib/python3.12/site-packages/airflow/example_dags/tutorial.py
[2026-08-12T04:37:42.150+0000] {logging_mixin.py:190} INFO - [2026-08-12T04:37:42.149+0000] {dag.py:3211} INFO - Sync 1 DAGs
[2026-08-12T04:37:42.178+0000] {logging_mixin.py:190} INFO - [2026-08-12T04:37:42.178+0000] {dag.py:4138} INFO - Setting next_dagrun for tutorial to 2026-08-11 00:00:00+00:00, run_after=2026-08-12 00:00:00+00:00
[2026-08-12T04:37:42.206+0000] {processor.py:208} INFO - Processing /home/airflow/.local/lib/python3.12/site-packages/airflow/example_dags/tutorial.py took 0.098 seconds
[2026-08-12T04:38:13.242+0000] {processor.py:186} INFO - Started process (PID=733) to work on /home/airflow/.local/lib/python3.12/site-packages/airflow/example_dags/tutorial.py
[2026-08-12T04:38:13.243+0000] {processor.py:914} INFO - Processing file /home/airflow/.local/lib/python3.12/site-packages/airflow/example_dags/tutorial.py for tasks to queue
[2026-08-12T04:38:13.246+0000] {logging_mixin.py:190} INFO - [2026-08-12T04:38:13.246+0000] {dagbag.py:587} INFO - Filling up the DagBag from /home/airflow/.local/lib/python3.12/site-packages/airflow/example_dags/tutorial.py
[2026-08-12T04:38:13.255+0000] {processor.py:925} INFO - DAG(s) 'tutorial' retrieved from /home/airflow/.local/lib/python3.12/site-packages/airflow/example_dags/tutorial.py
[2026-08-12T04:38:13.274+0000] {logging_mixin.py:190} INFO - [2026-08-12T04:38:13.273+0000] {dag.py:3211} INFO - Sync 1 DAGs
[2026-08-12T04:38:13.294+0000] {logging_mixin.py:190} INFO - [2026-08-12T04:38:13.294+0000] {dag.py:4138} INFO - Setting next_dagrun for tutorial to 2026-08-11 00:00:00+00:00, run_after=2026-08-12 00:00:00+00:00
[2026-08-12T04:38:13.315+0000] {processor.py:208} INFO - Processing /home/airflow/.local/lib/python3.12/site-packages/airflow/example_dags/tutorial.py took 0.079 seconds
[2026-08-12T04:38:43.696+0000] {processor.py:186} INFO - Started process (PID=795) to work on /home/airflow/.local/lib/python3.12/site-packages/airflow/example_dags/tutorial.py
[2026-08-12T04:38:43.697+0000] {processor.py:914} INFO - Processing file /home/airflow/.local/lib/python3.12/site-packages/airflow/example_dags/tutorial.py for tasks to queue
[2026-08-12T04:38:43.700+0000] {logging_mixin.py:190} INFO - [2026-08-12T04:38:43.700+0000] {dagbag.py:587} INFO - Filling up the DagBag from /home/airflow/.local/lib/python3.12/site-packages/airflow/example_dags/tutorial.py
[2026-08-12T04:38:43.709+0000] {processor.py:925} INFO - DAG(s) 'tutorial' retrieved from /home/airflow/.local/lib/python3.12/site-packages/airflow/example_dags/tutorial.py
[2026-08-12T04:38:43.730+0000] {logging_mixin.py:190} INFO - [2026-08-12T04:38:43.730+0000] {dag.py:3211} INFO - Sync 1 DAGs
[2026-08-12T04:38:43.752+0000] {logging_mixin.py:190} INFO - [2026-08-12T04:38:43.752+0000] {dag.py:4138} INFO - Setting next_dagrun for tutorial to 2026-08-11 00:00:00+00:00, run_after=2026-08-12 00:00:00+00:00
[2026-08-12T04:38:43.774+0000] {processor.py:208} INFO - Processing /home/airflow/.local/lib/python3.12/site-packages/airflow/example_dags/tutorial.py took 0.084 seconds
[2026-08-12T04:39:14.517+0000] {processor.py:186} INFO - Started process (PID=857) to work on /home/airflow/.local/lib/python3.12/site-packages/airflow/example_dags/tutorial.py
[2026-08-12T04:39:14.519+0000] {processor.py:914} INFO - Processing file /home/airflow/.local/lib/python3.12/site-packages/airflow/example_dags/tutorial.py for tasks to queue
[2026-08-12T04:39:14.523+0000] {logging_mixin.py:190} INFO - [2026-08-12T04:39:14.523+0000] {dagbag.py:587} INFO - Filling up the DagBag from /home/airflow/.local/lib/python3.12/site-packages/airflow/example_dags/tutorial.py
[2026-08-12T04:39:14.532+0000] {processor.py:925} INFO - DAG(s) 'tutorial' retrieved from /home/airflow/.local/lib/python3.12/site-packages/airflow/example_dags/tutorial.py
[2026-08-12T04:39:14.554+0000] {logging_mixin.py:190} INFO - [2026-08-12T04:39:14.554+0000] {dag.py:3211} INFO - Sync 1 DAGs
[2026-08-12T04:39:14.582+0000] {logging_mixin.py:190} INFO - [2026-08-12T04:39:14.581+0000] {dag.py:4138} INFO - Setting next_dagrun for tutorial to 2026-08-11 00:00:00+00:00, run_after=2026-08-12 00:00:00+00:00
[2026-08-12T04:39:14.600+0000] {processor.py:208} INFO - Processing /home/airflow/.local/lib/python3.12/site-packages/airflow/example_dags/tutorial.py took 0.090 seconds
[2026-08-12T04:39:44.878+0000] {processor.py:186} INFO - Started process (PID=919) to work on /home/airflow/.local/lib/python3.12/site-packages/airflow/example_dags/tutorial.py
[2026-08-12T04:39:44.881+0000] {processor.py:914} INFO - Processing file /home/airflow/.local/lib/python3.12/site-packages/airflow/example_dags/tutorial.py for tasks to queue
[2026-08-12T04:39:44.884+0000] {logging_mixin.py:190} INFO - [2026-08-12T04:39:44.884+0000] {dagbag.py:587} INFO - Filling up the DagBag from /home/airflow/.local/lib/python3.12/site-packages/airflow/example_dags/tutorial.py
[2026-08-12T04:39:44.899+0000] {processor.py:925} INFO - DAG(s) 'tutorial' retrieved from /home/airflow/.local/lib/python3.12/site-packages/airflow/example_dags/tutorial.py
[2026-08-12T04:39:44.928+0000] {logging_mixin.py:190} INFO - [2026-08-12T04:39:44.928+0000] {dag.py:3211} INFO - Sync 1 DAGs
[2026-08-12T04:39:44.955+0000] {logging_mixin.py:190} INFO - [2026-08-12T04:39:44.954+0000] {dag.py:4138} INFO - Setting next_dagrun for tutorial to 2026-08-11 00:00:00+00:00, run_after=2026-08-12 00:00:00+00:00
[2026-08-12T04:39:44.977+0000] {processor.py:208} INFO - Processing /home/airflow/.local/lib/python3.12/site-packages/airflow/example_dags/tutorial.py took 0.107 seconds
[2026-08-12T04:40:15.533+0000] {processor.py:186} INFO - Started process (PID=981) to work on /home/airflow/.local/lib/python3.12/site-packages/airflow/example_dags/tutorial.py
[2026-08-12T04:40:15.534+0000] {processor.py:914} INFO - Processing file /home/airflow/.local/lib/python3.12/site-packages/airflow/example_dags/tutorial.py for tasks to queue
[2026-08-12T04:40:15.537+0000] {logging_mixin.py:190} INFO - [2026-08-12T04:40:15.537+0000] {dagbag.py:587} INFO - Filling up the DagBag from /home/airflow/.local/lib/python3.12/site-packages/airflow/example_dags/tutorial.py
[2026-08-12T04:40:15.551+0000] {processor.py:925} INFO - DAG(s) 'tutorial' retrieved from /home/airflow/.local/lib/python3.12/site-packages/airflow/example_dags/tutorial.py
[2026-08-12T04:40:15.570+0000] {logging_mixin.py:190} INFO - [2026-08-12T04:40:15.569+0000] {dag.py:3211} INFO - Sync 1 DAGs
[2026-08-12T04:40:15.591+0000] {logging_mixin.py:190} INFO - [2026-08-12T04:40:15.591+0000] {dag.py:4138} INFO - Setting next_dagrun for tutorial to 2026-08-11 00:00:00+00:00, run_after=2026-08-12 00:00:00+00:00
[2026-08-12T04:40:15.614+0000] {processor.py:208} INFO - Processing /home/airflow/.local/lib/python3.12/site-packages/airflow/example_dags/tutorial.py took 0.087 seconds
[2026-08-12T04:40:46.003+0000] {processor.py:186} INFO - Started process (PID=1044) to work on /home/airflow/.local/lib/python3.12/site-packages/airflow/example_dags/tutorial.py
[2026-08-12T04:40:46.005+0000] {processor.py:914} INFO - Processing file /home/airflow/.local/lib/python3.12/site-packages/airflow/example_dags/tutorial.py for tasks to queue
[2026-08-12T04:40:46.008+0000] {logging_mixin.py:190} INFO - [2026-08-12T04:40:46.008+0000] {dagbag.py:587} INFO - Filling up the DagBag from /home/airflow/.local/lib/python3.12/site-packages/airflow/example_dags/tutorial.py
[2026-08-12T04:40:46.015+0000] {processor.py:925} INFO - DAG(s) 'tutorial' retrieved from /home/airflow/.local/lib/python3.12/site-packages/airflow/example_dags/tutorial.py
[2026-08-12T04:40:46.045+0000] {logging_mixin.py:190} INFO - [2026-08-12T04:40:46.045+0000] {dag.py:3211} INFO - Sync 1 DAGs
[2026-08-12T04:40:46.074+0000] {logging_mixin.py:190} INFO - [2026-08-12T04:40:46.074+0000] {dag.py:4138} INFO - Setting next_dagrun for tutorial to 2026-08-11 00:00:00+00:00, run_after=2026-08-12 00:00:00+00:00
[2026-08-12T04:40:46.098+0000] {processor.py:208} INFO - Processing /home/airflow/.local/lib/python3.12/site-packages/airflow/example_dags/tutorial.py took 0.113 seconds
[2026-08-12T04:41:16.438+0000] {processor.py:186} INFO - Started process (PID=1105) to work on /home/airflow/.local/lib/python3.12/site-packages/airflow/example_dags/tutorial.py
[2026-08-12T04:41:16.439+0000] {processor.py:914} INFO - Processing file /home/airflow/.local/lib/python3.12/site-packages/airflow/example_dags/tutorial.py for tasks to queue
[2026-08-12T04:41:16.443+0000] {logging_mixin.py:190} INFO - [2026-08-12T04:41:16.442+0000] {dagbag.py:587} INFO - Filling up the DagBag from /home/airflow/.local/lib/python3.12/site-packages/airflow/example_dags/tutorial.py
[2026-08-12T04:41:16.451+0000] {processor.py:925} INFO - DAG(s) 'tutorial' retrieved from /home/airflow/.local/lib/python3.12/site-packages/airflow/example_dags/tutorial.py
[2026-08-12T04:41:16.474+0000] {logging_mixin.py:190} INFO - [2026-08-12T04:41:16.474+0000] {dag.py:3211} INFO - Sync 1 DAGs
[2026-08-12T04:41:16.502+0000] {logging_mixin.py:190} INFO - [2026-08-12T04:41:16.502+0000] {dag.py:4138} INFO - Setting next_dagrun for tutorial to 2026-08-11 00:00:00+00:00, run_after=2026-08-12 00:00:00+00:00
[2026-08-12T04:41:16.525+0000] {processor.py:208} INFO - Processing /home/airflow/.local/lib/python3.12/site-packages/airflow/example_dags/tutorial.py took 0.093 seconds
[2026-08-12T04:41:47.102+0000] {processor.py:186} INFO - Started process (PID=1167) to work on /home/airflow/.local/lib/python3.12/site-packages/airflow/example_dags/tutorial.py
[2026-08-12T04:41:47.104+0000] {processor.py:914} INFO - Processing file /home/airflow/.local/lib/python3.12/site-packages/airflow/example_dags/tutorial.py for tasks to queue
[2026-08-12T04:41:47.107+0000] {logging_mixin.py:190} INFO - [2026-08-12T04:41:47.107+0000] {dagbag.py:587} INFO - Filling up the DagBag from /home/airflow/.local/lib/python3.12/site-packages/airflow/example_dags/tutorial.py
[2026-08-12T04:41:47.119+0000] {processor.py:925} INFO - DAG(s) 'tutorial' retrieved from /home/airflow/.local/lib/python3.12/site-packages/airflow/example_dags/tutorial.py
[2026-08-12T04:41:47.145+0000] {logging_mixin.py:190} INFO - [2026-08-12T04:41:47.144+0000] {dag.py:3211} INFO - Sync 1 DAGs
[2026-08-12T04:41:47.192+0000] {logging_mixin.py:190} INFO - [2026-08-12T04:41:47.192+0000] {dag.py:4138} INFO - Setting next_dagrun for tutorial to 2026-08-11 00:00:00+00:00, run_after=2026-08-12 00:00:00+00:00
[2026-08-12T04:41:47.223+0000] {processor.py:208} INFO - Processing /home/airflow/.local/lib/python3.12/site-packages/airflow/example_dags/tutorial.py took 0.128 seconds
[2026-08-12T04:42:17.598+0000] {processor.py:186} INFO - Started process (PID=1230) to work on /home/airflow/.local/lib/python3.12/site-packages/airflow/example_dags/tutorial.py
[2026-08-12T04:42:17.600+0000] {processor.py:914} INFO - Processing file /home/airflow/.local/lib/python3.12/site-packages/airflow/example_dags/tutorial.py for tasks to queue
[2026-08-12T04:42:17.603+0000] {logging_mixin.py:190} INFO - [2026-08-12T04:42:17.602+0000] {dagbag.py:587} INFO - Filling up the DagBag from /home/airflow/.local/lib/python3.12/site-packages/airflow/example_dags/tutorial.py
[2026-08-12T04:42:17.611+0000] {processor.py:925} INFO - DAG(s) 'tutorial' retrieved from /home/airflow/.local/lib/python3.12/site-packages/airflow/example_dags/tutorial.py
[2026-08-12T04:42:17.633+0000] {logging_mixin.py:190} INFO - [2026-08-12T04:42:17.633+0000] {dag.py:3211} INFO - Sync 1 DAGs
[2026-08-12T04:42:17.659+0000] {logging_mixin.py:190} INFO - [2026-08-12T04:42:17.658+0000] {dag.py:4138} INFO - Setting next_dagrun for tutorial to 2026-08-11 00:00:00+00:00, run_after=2026-08-12 00:00:00+00:00
[2026-08-12T04:42:17.681+0000] {processor.py:208} INFO - Processing /home/airflow/.local/lib/python3.12/site-packages/airflow/example_dags/tutorial.py took 0.089 seconds
[2026-08-12T04:42:47.969+0000] {processor.py:186} INFO - Started process (PID=1291) to work on /home/airflow/.local/lib/python3.12/site-packages/airflow/example_dags/tutorial.py
[2026-08-12T04:42:47.970+0000] {processor.py:914} INFO - Processing file /home/airflow/.local/lib/python3.12/site-packages/airflow/example_dags/tutorial.py for tasks to queue
[2026-08-12T04:42:47.973+0000] {logging_mixin.py:190} INFO - [2026-08-12T04:42:47.973+0000] {dagbag.py:587} INFO - Filling up the DagBag from /home/airflow/.local/lib/python3.12/site-packages/airflow/example_dags/tutorial.py
[2026-08-12T04:42:47.982+0000] {processor.py:925} INFO - DAG(s) 'tutorial' retrieved from /home/airflow/.local/lib/python3.12/site-packages/airflow/example_dags/tutorial.py
[2026-08-12T04:42:48.002+0000] {logging_mixin.py:190} INFO - [2026-08-12T04:42:48.002+0000] {dag.py:3211} INFO - Sync 1 DAGs
[2026-08-12T04:42:48.029+0000] {logging_mixin.py:190} INFO - [2026-08-12T04:42:48.029+0000] {dag.py:4138} INFO - Setting next_dagrun for tutorial to 2026-08-11 00:00:00+00:00, run_after=2026-08-12 00:00:00+00:00
[2026-08-12T04:42:48.049+0000] {processor.py:208} INFO - Processing /home/airflow/.local/lib/python3.12/site-packages/airflow/example_dags/tutorial.py took 0.085 seconds
[2026-08-12T04:43:18.333+0000] {processor.py:186} INFO - Started process (PID=1353) to work on /home/airflow/.local/lib/python3.12/site-packages/airflow/example_dags/tutorial.py
[2026-08-12T04:43:18.334+0000] {processor.py:914} INFO - Processing file /home/airflow/.local/lib/python3.12/site-packages/airflow/example_dags/tutorial.py for tasks to queue
[2026-08-12T04:43:18.338+0000] {logging_mixin.py:190} INFO - [2026-08-12T04:43:18.337+0000] {dagbag.py:587} INFO - Filling up the DagBag from /home/airflow/.local/lib/python3.12/site-packages/airflow/example_dags/tutorial.py
[2026-08-12T04:43:18.348+0000] {processor.py:925} INFO - DAG(s) 'tutorial' retrieved from /home/airflow/.local/lib/python3.12/site-packages/airflow/example_dags/tutorial.py
[2026-08-12T04:43:18.370+0000] {logging_mixin.py:190} INFO - [2026-08-12T04:43:18.370+0000] {dag.py:3211} INFO - Sync 1 DAGs
[2026-08-12T04:43:18.397+0000] {logging_mixin.py:190} INFO - [2026-08-12T04:43:18.396+0000] {dag.py:4138} INFO - Setting next_dagrun for tutorial to 2026-08-11 00:00:00+00:00, run_after=2026-08-12 00:00:00+00:00
[2026-08-12T04:43:18.423+0000] {processor.py:208} INFO - Processing /home/airflow/.local/lib/python3.12/site-packages/airflow/example_dags/tutorial.py took 0.102 seconds
[2026-08-12T04:43:48.872+0000] {processor.py:186} INFO - Started process (PID=1415) to work on /home/airflow/.local/lib/python3.12/site-packages/airflow/example_dags/tutorial.py
[2026-08-12T04:43:48.873+0000] {processor.py:914} INFO - Processing file /home/airflow/.local/lib/python3.12/site-packages/airflow/example_dags/tutorial.py for tasks to queue
[2026-08-12T04:43:48.876+0000] {logging_mixin.py:190} INFO - [2026-08-12T04:43:48.876+0000] {dagbag.py:587} INFO - Filling up the DagBag from /home/airflow/.local/lib/python3.12/site-packages/airflow/example_dags/tutorial.py
[2026-08-12T04:43:48.885+0000] {processor.py:925} INFO - DAG(s) 'tutorial' retrieved from /home/airflow/.local/lib/python3.12/site-packages/airflow/example_dags/tutorial.py
[2026-08-12T04:43:48.907+0000] {logging_mixin.py:190} INFO - [2026-08-12T04:43:48.907+0000] {dag.py:3211} INFO - Sync 1 DAGs
[2026-08-12T04:43:48.933+0000] {logging_mixin.py:190} INFO - [2026-08-12T04:43:48.933+0000] {dag.py:4138} INFO - Setting next_dagrun for tutorial to 2026-08-11 00:00:00+00:00, run_after=2026-08-12 00:00:00+00:00
[2026-08-12T04:43:48.953+0000] {processor.py:208} INFO - Processing /home/airflow/.local/lib/python3.12/site-packages/airflow/example_dags/tutorial.py took 0.087 seconds
[2026-08-12T04:44:19.443+0000] {processor.py:186} INFO - Started process (PID=1477) to work on /home/airflow/.local/lib/python3.12/site-packages/airflow/example_dags/tutorial.py
[2026-08-12T04:44:19.445+0000] {processor.py:914} INFO - Processing file /home/airflow/.local/lib/python3.12/site-packages/airflow/example_dags/tutorial.py for tasks to queue
[2026-08-12T04:44:19.448+0000] {logging_mixin.py:190} INFO - [2026-08-12T04:44:19.447+0000] {dagbag.py:587} INFO - Filling up the DagBag from /home/airflow/.local/lib/python3.12/site-packages/airflow/example_dags/tutorial.py
[2026-08-12T04:44:19.456+0000] {processor.py:925} INFO - DAG(s) 'tutorial' retrieved from /home/airflow/.local/lib/python3.12/site-packages/airflow/example_dags/tutorial.py
[2026-08-12T04:44:19.475+0000] {logging_mixin.py:190} INFO - [2026-08-12T04:44:19.474+0000] {dag.py:3211} INFO - Sync 1 DAGs
[2026-08-12T04:44:19.500+0000] {logging_mixin.py:190} INFO - [2026-08-12T04:44:19.499+0000] {dag.py:4138} INFO - Setting next_dagrun for tutorial to 2026-08-11 00:00:00+00:00, run_after=2026-08-12 00:00:00+00:00
[2026-08-12T04:44:19.521+0000] {processor.py:208} INFO - Processing /home/airflow/.local/lib/python3.12/site-packages/airflow/example_dags/tutorial.py took 0.083 seconds
[2026-08-12T04:44:50.782+0000] {processor.py:186} INFO - Started process (PID=1540) to work on /home/airflow/.local/lib/python3.12/site-packages/airflow/example_dags/tutorial.py
[2026-08-12T04:44:50.784+0000] {processor.py:914} INFO - Processing file /home/airflow/.local/lib/python3.12/site-packages/airflow/example_dags/tutorial.py for tasks to queue
[2026-08-12T04:44:50.788+0000] {logging_mixin.py:190} INFO - [2026-08-12T04:44:50.788+0000] {dagbag.py:587} INFO - Filling up the DagBag from /home/airflow/.local/lib/python3.12/site-packages/airflow/example_dags/tutorial.py
[2026-08-12T04:44:50.803+0000] {processor.py:925} INFO - DAG(s) 'tutorial' retrieved from /home/airflow/.local/lib/python3.12/site-packages/airflow/example_dags/tutorial.py
[2026-08-12T04:44:50.827+0000] {logging_mixin.py:190} INFO - [2026-08-12T04:44:50.827+0000] {dag.py:3211} INFO - Sync 1 DAGs
[2026-08-12T04:44:50.853+0000] {logging_mixin.py:190} INFO - [2026-08-12T04:44:50.853+0000] {dag.py:4138} INFO - Setting next_dagrun for tutorial to 2026-08-11 00:00:00+00:00, run_after=2026-08-12 00:00:00+00:00
[2026-08-12T04:44:50.874+0000] {processor.py:208} INFO - Processing /home/airflow/.local/lib/python3.12/site-packages/airflow/example_dags/tutorial.py took 0.100 seconds
[2026-08-12T04:45:21.252+0000] {processor.py:186} INFO - Started process (PID=1602) to work on /home/airflow/.local/lib/python3.12/site-packages/airflow/example_dags/tutorial.py
[2026-08-12T04:45:21.254+0000] {processor.py:914} INFO - Processing file /home/airflow/.local/lib/python3.12/site-packages/airflow/example_dags/tutorial.py for tasks to queue
[2026-08-12T04:45:21.256+0000] {logging_mixin.py:190} INFO - [2026-08-12T04:45:21.256+0000] {dagbag.py:587} INFO - Filling up the DagBag from /home/airflow/.local/lib/python3.12/site-packages/airflow/example_dags/tutorial.py
[2026-08-12T04:45:21.264+0000] {processor.py:925} INFO - DAG(s) 'tutorial' retrieved from /home/airflow/.local/lib/python3.12/site-packages/airflow/example_dags/tutorial.py
[2026-08-12T04:45:21.284+0000] {logging_mixin.py:190} INFO - [2026-08-12T04:45:21.283+0000] {dag.py:3211} INFO - Sync 1 DAGs
[2026-08-12T04:45:21.304+0000] {logging_mixin.py:190} INFO - [2026-08-12T04:45:21.304+0000] {dag.py:4138} INFO - Setting next_dagrun for tutorial to 2026-08-11 00:00:00+00:00, run_after=2026-08-12 00:00:00+00:00
[2026-08-12T04:45:21.331+0000] {processor.py:208} INFO - Processing /home/airflow/.local/lib/python3.12/site-packages/airflow/example_dags/tutorial.py took 0.084 seconds
[2026-08-12T04:45:51.994+0000] {processor.py:186} INFO - Started process (PID=1664) to work on /home/airflow/.local/lib/python3.12/site-packages/airflow/example_dags/tutorial.py
[2026-08-12T04:45:51.996+0000] {processor.py:914} INFO - Processing file /home/airflow/.local/lib/python3.12/site-packages/airflow/example_dags/tutorial.py for tasks to queue
[2026-08-12T04:45:51.999+0000] {logging_mixin.py:190} INFO - [2026-08-12T04:45:51.999+0000] {dagbag.py:587} INFO - Filling up the DagBag from /home/airflow/.local/lib/python3.12/site-packages/airflow/example_dags/tutorial.py
[2026-08-12T04:45:52.010+0000] {processor.py:925} INFO - DAG(s) 'tutorial' retrieved from /home/airflow/.local/lib/python3.12/site-packages/airflow/example_dags/tutorial.py
[2026-08-12T04:45:52.033+0000] {logging_mixin.py:190} INFO - [2026-08-12T04:45:52.033+0000] {dag.py:3211} INFO - Sync 1 DAGs
[2026-08-12T04:45:52.057+0000] {logging_mixin.py:190} INFO - [2026-08-12T04:45:52.056+0000] {dag.py:4138} INFO - Setting next_dagrun for tutorial to 2026-08-11 00:00:00+00:00, run_after=2026-08-12 00:00:00+00:00
[2026-08-12T04:45:52.076+0000] {processor.py:208} INFO - Processing /home/airflow/.local/lib/python3.12/site-packages/airflow/example_dags/tutorial.py took 0.090 seconds
[2026-08-12T04:46:22.652+0000] {processor.py:186} INFO - Started process (PID=1726) to work on /home/airflow/.local/lib/python3.12/site-packages/airflow/example_dags/tutorial.py
[2026-08-12T04:46:22.654+0000] {processor.py:914} INFO - Processing file /home/airflow/.local/lib/python3.12/site-packages/airflow/example_dags/tutorial.py for tasks to queue
[2026-08-12T04:46:22.658+0000] {logging_mixin.py:190} INFO - [2026-08-12T04:46:22.658+0000] {dagbag.py:587} INFO - Filling up the DagBag from /home/airflow/.local/lib/python3.12/site-packages/airflow/example_dags/tutorial.py
[2026-08-12T04:46:22.667+0000] {processor.py:925} INFO - DAG(s) 'tutorial' retrieved from /home/airflow/.local/lib/python3.12/site-packages/airflow/example_dags/tutorial.py
[2026-08-12T04:46:22.688+0000] {logging_mixin.py:190} INFO - [2026-08-12T04:46:22.688+0000] {dag.py:3211} INFO - Sync 1 DAGs
[2026-08-12T04:46:22.711+0000] {logging_mixin.py:190} INFO - [2026-08-12T04:46:22.711+0000] {dag.py:4138} INFO - Setting next_dagrun for tutorial to 2026-08-11 00:00:00+00:00, run_after=2026-08-12 00:00:00+00:00
[2026-08-12T04:46:22.730+0000] {processor.py:208} INFO - Processing /home/airflow/.local/lib/python3.12/site-packages/airflow/example_dags/tutorial.py took 0.084 seconds
[2026-08-12T04:46:53.056+0000] {processor.py:186} INFO - Started process (PID=1788) to work on /home/airflow/.local/lib/python3.12/site-packages/airflow/example_dags/tutorial.py
[2026-08-12T04:46:53.058+0000] {processor.py:914} INFO - Processing file /home/airflow/.local/lib/python3.12/site-packages/airflow/example_dags/tutorial.py for tasks to queue
[2026-08-12T04:46:53.062+0000] {logging_mixin.py:190} INFO - [2026-08-12T04:46:53.062+0000] {dagbag.py:587} INFO - Filling up the DagBag from /home/airflow/.local/lib/python3.12/site-packages/airflow/example_dags/tutorial.py
[2026-08-12T04:46:53.073+0000] {processor.py:925} INFO - DAG(s) 'tutorial' retrieved from /home/airflow/.local/lib/python3.12/site-packages/airflow/example_dags/tutorial.py
[2026-08-12T04:46:53.105+0000] {logging_mixin.py:190} INFO - [2026-08-12T04:46:53.105+0000] {dag.py:3211} INFO - Sync 1 DAGs
[2026-08-12T04:46:53.135+0000] {logging_mixin.py:190} INFO - [2026-08-12T04:46:53.135+0000] {dag.py:4138} INFO - Setting next_dagrun for tutorial to 2026-08-11 00:00:00+00:00, run_after=2026-08-12 00:00:00+00:00
[2026-08-12T04:46:53.162+0000] {processor.py:208} INFO - Processing /home/airflow/.local/lib/python3.12/site-packages/airflow/example_dags/tutorial.py took 0.111 seconds
[2026-08-12T04:47:23.935+0000] {processor.py:186} INFO - Started process (PID=1850) to work on /home/airflow/.local/lib/python3.12/site-packages/airflow/example_dags/tutorial.py
[2026-08-12T04:47:23.937+0000] {processor.py:914} INFO - Processing file /home/airflow/.local/lib/python3.12/site-packages/airflow/example_dags/tutorial.py for tasks to queue
[2026-08-12T04:47:23.940+0000] {logging_mixin.py:190} INFO - [2026-08-12T04:47:23.939+0000] {dagbag.py:587} INFO - Filling up the DagBag from /home/airflow/.local/lib/python3.12/site-packages/airflow/example_dags/tutorial.py
[2026-08-12T04:47:23.949+0000] {processor.py:925} INFO - DAG(s) 'tutorial' retrieved from /home/airflow/.local/lib/python3.12/site-packages/airflow/example_dags/tutorial.py
[2026-08-12T04:47:23.969+0000] {logging_mixin.py:190} INFO - [2026-08-12T04:47:23.969+0000] {dag.py:3211} INFO - Sync 1 DAGs
[2026-08-12T04:47:23.991+0000] {logging_mixin.py:190} INFO - [2026-08-12T04:47:23.991+0000] {dag.py:4138} INFO - Setting next_dagrun for tutorial to 2026-08-11 00:00:00+00:00, run_after=2026-08-12 00:00:00+00:00
[2026-08-12T04:47:24.012+0000] {processor.py:208} INFO - Processing /home/airflow/.local/lib/python3.12/site-packages/airflow/example_dags/tutorial.py took 0.084 seconds
[2026-08-12T04:47:54.989+0000] {processor.py:186} INFO - Started process (PID=1912) to work on /home/airflow/.local/lib/python3.12/site-packages/airflow/example_dags/tutorial.py
[2026-08-12T04:47:54.991+0000] {processor.py:914} INFO - Processing file /home/airflow/.local/lib/python3.12/site-packages/airflow/example_dags/tutorial.py for tasks to queue
[2026-08-12T04:47:54.993+0000] {logging_mixin.py:190} INFO - [2026-08-12T04:47:54.993+0000] {dagbag.py:587} INFO - Filling up the DagBag from /home/airflow/.local/lib/python3.12/site-packages/airflow/example_dags/tutorial.py
[2026-08-12T04:47:55.001+0000] {processor.py:925} INFO - DAG(s) 'tutorial' retrieved from /home/airflow/.local/lib/python3.12/site-packages/airflow/example_dags/tutorial.py
[2026-08-12T04:47:55.021+0000] {logging_mixin.py:190} INFO - [2026-08-12T04:47:55.021+0000] {dag.py:3211} INFO - Sync 1 DAGs
[2026-08-12T04:47:55.046+0000] {logging_mixin.py:190} INFO - [2026-08-12T04:47:55.046+0000] {dag.py:4138} INFO - Setting next_dagrun for tutorial to 2026-08-11 00:00:00+00:00, run_after=2026-08-12 00:00:00+00:00
[2026-08-12T04:47:55.066+0000] {processor.py:208} INFO - Processing /home/airflow/.local/lib/python3.12/site-packages/airflow/example_dags/tutorial.py took 0.082 seconds
[2026-08-12T04:48:25.387+0000] {processor.py:186} INFO - Started process (PID=1975) to work on /home/airflow/.local/lib/python3.12/site-packages/airflow/example_dags/tutorial.py
[2026-08-12T04:48:25.389+0000] {processor.py:914} INFO - Processing file /home/airflow/.local/lib/python3.12/site-packages/airflow/example_dags/tutorial.py for tasks to queue
[2026-08-12T04:48:25.391+0000] {logging_mixin.py:190} INFO - [2026-08-12T04:48:25.391+0000] {dagbag.py:587} INFO - Filling up the DagBag from /home/airflow/.local/lib/python3.12/site-packages/airflow/example_dags/tutorial.py
[2026-08-12T04:48:25.400+0000] {processor.py:925} INFO - DAG(s) 'tutorial' retrieved from /home/airflow/.local/lib/python3.12/site-packages/airflow/example_dags/tutorial.py
[2026-08-12T04:48:25.420+0000] {logging_mixin.py:190} INFO - [2026-08-12T04:48:25.420+0000] {dag.py:3211} INFO - Sync 1 DAGs
[2026-08-12T04:48:25.443+0000] {logging_mixin.py:190} INFO - [2026-08-12T04:48:25.442+0000] {dag.py:4138} INFO - Setting next_dagrun for tutorial to 2026-08-11 00:00:00+00:00, run_after=2026-08-12 00:00:00+00:00
[2026-08-12T04:48:25.463+0000] {processor.py:208} INFO - Processing /home/airflow/.local/lib/python3.12/site-packages/airflow/example_dags/tutorial.py took 0.081 seconds
[2026-08-12T04:48:56.267+0000] {processor.py:186} INFO - Started process (PID=2037) to work on /home/airflow/.local/lib/python3.12/site-packages/airflow/example_dags/tutorial.py
[2026-08-12T04:48:56.269+0000] {processor.py:914} INFO - Processing file /home/airflow/.local/lib/python3.12/site-packages/airflow/example_dags/tutorial.py for tasks to queue
[2026-08-12T04:48:56.275+0000] {logging_mixin.py:190} INFO - [2026-08-12T04:48:56.275+0000] {dagbag.py:587} INFO - Filling up the DagBag from /home/airflow/.local/lib/python3.12/site-packages/airflow/example_dags/tutorial.py
[2026-08-12T04:48:56.290+0000] {processor.py:925} INFO - DAG(s) 'tutorial' retrieved from /home/airflow/.local/lib/python3.12/site-packages/airflow/example_dags/tutorial.py
[2026-08-12T04:48:56.317+0000] {logging_mixin.py:190} INFO - [2026-08-12T04:48:56.317+0000] {dag.py:3211} INFO - Sync 1 DAGs
[2026-08-12T04:48:56.346+0000] {logging_mixin.py:190} INFO - [2026-08-12T04:48:56.346+0000] {dag.py:4138} INFO - Setting next_dagrun for tutorial to 2026-08-11 00:00:00+00:00, run_after=2026-08-12 00:00:00+00:00
[2026-08-12T04:48:56.369+0000] {processor.py:208} INFO - Processing /home/airflow/.local/lib/python3.12/site-packages/airflow/example_dags/tutorial.py took 0.113 seconds
[2026-08-12T04:49:26.907+0000] {processor.py:186} INFO - Started process (PID=2101) to work on /home/airflow/.local/lib/python3.12/site-packages/airflow/example_dags/tutorial.py
[2026-08-12T04:49:26.909+0000] {processor.py:914} INFO - Processing file /home/airflow/.local/lib/python3.12/site-packages/airflow/example_dags/tutorial.py for tasks to queue
[2026-08-12T04:49:26.911+0000] {logging_mixin.py:190} INFO - [2026-08-12T04:49:26.911+0000] {dagbag.py:587} INFO - Filling up the DagBag from /home/airflow/.local/lib/python3.12/site-packages/airflow/example_dags/tutorial.py
[2026-08-12T04:49:26.921+0000] {processor.py:925} INFO - DAG(s) 'tutorial' retrieved from /home/airflow/.local/lib/python3.12/site-packages/airflow/example_dags/tutorial.py
[2026-08-12T04:49:26.949+0000] {logging_mixin.py:190} INFO - [2026-08-12T04:49:26.949+0000] {dag.py:3211} INFO - Sync 1 DAGs
[2026-08-12T04:49:27.038+0000] {logging_mixin.py:190} INFO - [2026-08-12T04:49:27.038+0000] {dag.py:4138} INFO - Setting next_dagrun for tutorial to 2026-08-11 00:00:00+00:00, run_after=2026-08-12 00:00:00+00:00
[2026-08-12T04:49:27.085+0000] {processor.py:208} INFO - Processing /home/airflow/.local/lib/python3.12/site-packages/airflow/example_dags/tutorial.py took 0.183 seconds
[2026-08-12T04:49:57.359+0000] {processor.py:186} INFO - Started process (PID=2164) to work on /home/airflow/.local/lib/python3.12/site-packages/airflow/example_dags/tutorial.py
[2026-08-12T04:49:57.361+0000] {processor.py:914} INFO - Processing file /home/airflow/.local/lib/python3.12/site-packages/airflow/example_dags/tutorial.py for tasks to queue
[2026-08-12T04:49:57.366+0000] {logging_mixin.py:190} INFO - [2026-08-12T04:49:57.365+0000] {dagbag.py:587} INFO - Filling up the DagBag from /home/airflow/.local/lib/python3.12/site-packages/airflow/example_dags/tutorial.py
[2026-08-12T04:49:57.376+0000] {processor.py:925} INFO - DAG(s) 'tutorial' retrieved from /home/airflow/.local/lib/python3.12/site-packages/airflow/example_dags/tutorial.py
[2026-08-12T04:49:57.397+0000] {logging_mixin.py:190} INFO - [2026-08-12T04:49:57.397+0000] {dag.py:3211} INFO - Sync 1 DAGs
[2026-08-12T04:49:57.420+0000] {logging_mixin.py:190} INFO - [2026-08-12T04:49:57.419+0000] {dag.py:4138} INFO - Setting next_dagrun for tutorial to 2026-08-11 00:00:00+00:00, run_after=2026-08-12 00:00:00+00:00
[2026-08-12T04:49:57.439+0000] {processor.py:208} INFO - Processing /home/airflow/.local/lib/python3.12/site-packages/airflow/example_dags/tutorial.py took 0.087 seconds
[2026-08-12T04:50:27.854+0000] {processor.py:186} INFO - Started process (PID=2227) to work on /home/airflow/.local/lib/python3.12/site-packages/airflow/example_dags/tutorial.py
[2026-08-12T04:50:27.855+0000] {processor.py:914} INFO - Processing file /home/airflow/.local/lib/python3.12/site-packages/airflow/example_dags/tutorial.py for tasks to queue
[2026-08-12T04:50:27.858+0000] {logging_mixin.py:190} INFO - [2026-08-12T04:50:27.858+0000] {dagbag.py:587} INFO - Filling up the DagBag from /home/airflow/.local/lib/python3.12/site-packages/airflow/example_dags/tutorial.py
[2026-08-12T04:50:27.868+0000] {processor.py:925} INFO - DAG(s) 'tutorial' retrieved from /home/airflow/.local/lib/python3.12/site-packages/airflow/example_dags/tutorial.py
[2026-08-12T04:50:27.889+0000] {logging_mixin.py:190} INFO - [2026-08-12T04:50:27.889+0000] {dag.py:3211} INFO - Sync 1 DAGs
[2026-08-12T04:50:27.912+0000] {logging_mixin.py:190} INFO - [2026-08-12T04:50:27.912+0000] {dag.py:4138} INFO - Setting next_dagrun for tutorial to 2026-08-11 00:00:00+00:00, run_after=2026-08-12 00:00:00+00:00
[2026-08-12T04:50:27.933+0000] {processor.py:208} INFO - Processing /home/airflow/.local/lib/python3.12/site-packages/airflow/example_dags/tutorial.py took 0.085 seconds
[2026-08-12T04:50:58.755+0000] {processor.py:186} INFO - Started process (PID=2290) to work on /home/airflow/.local/lib/python3.12/site-packages/airflow/example_dags/tutorial.py
[2026-08-12T04:50:58.756+0000] {processor.py:914} INFO - Processing file /home/airflow/.local/lib/python3.12/site-packages/airflow/example_dags/tutorial.py for tasks to queue
[2026-08-12T04:50:58.759+0000] {logging_mixin.py:190} INFO - [2026-08-12T04:50:58.759+0000] {dagbag.py:587} INFO - Filling up the DagBag from /home/airflow/.local/lib/python3.12/site-packages/airflow/example_dags/tutorial.py
[2026-08-12T04:50:58.767+0000] {processor.py:925} INFO - DAG(s) 'tutorial' retrieved from /home/airflow/.local/lib/python3.12/site-packages/airflow/example_dags/tutorial.py
[2026-08-12T04:50:58.792+0000] {logging_mixin.py:190} INFO - [2026-08-12T04:50:58.791+0000] {dag.py:3211} INFO - Sync 1 DAGs
[2026-08-12T04:50:58.816+0000] {logging_mixin.py:190} INFO - [2026-08-12T04:50:58.816+0000] {dag.py:4138} INFO - Setting next_dagrun for tutorial to 2026-08-11 00:00:00+00:00, run_after=2026-08-12 00:00:00+00:00
[2026-08-12T04:50:58.841+0000] {processor.py:208} INFO - Processing /home/airflow/.local/lib/python3.12/site-packages/airflow/example_dags/tutorial.py took 0.092 seconds
[2026-08-12T04:51:29.543+0000] {processor.py:186} INFO - Started process (PID=2353) to work on /home/airflow/.local/lib/python3.12/site-packages/airflow/example_dags/tutorial.py
[2026-08-12T04:51:29.544+0000] {processor.py:914} INFO - Processing file /home/airflow/.local/lib/python3.12/site-packages/airflow/example_dags/tutorial.py for tasks to queue
[2026-08-12T04:51:29.548+0000] {logging_mixin.py:190} INFO - [2026-08-12T04:51:29.547+0000] {dagbag.py:587} INFO - Filling up the DagBag from /home/airflow/.local/lib/python3.12/site-packages/airflow/example_dags/tutorial.py
[2026-08-12T04:51:29.557+0000] {processor.py:925} INFO - DAG(s) 'tutorial' retrieved from /home/airflow/.local/lib/python3.12/site-packages/airflow/example_dags/tutorial.py
[2026-08-12T04:51:29.579+0000] {logging_mixin.py:190} INFO - [2026-08-12T04:51:29.579+0000] {dag.py:3211} INFO - Sync 1 DAGs
[2026-08-12T04:51:29.612+0000] {logging_mixin.py:190} INFO - [2026-08-12T04:51:29.612+0000] {dag.py:4138} INFO - Setting next_dagrun for tutorial to 2026-08-11 00:00:00+00:00, run_after=2026-08-12 00:00:00+00:00
[2026-08-12T04:51:29.632+0000] {processor.py:208} INFO - Processing /home/airflow/.local/lib/python3.12/site-packages/airflow/example_dags/tutorial.py took 0.096 seconds
[2026-08-12T04:52:00.450+0000] {processor.py:186} INFO - Started process (PID=2416) to work on /home/airflow/.local/lib/python3.12/site-packages/airflow/example_dags/tutorial.py
[2026-08-12T04:52:00.452+0000] {processor.py:914} INFO - Processing file /home/airflow/.local/lib/python3.12/site-packages/airflow/example_dags/tutorial.py for tasks to queue
[2026-08-12T04:52:00.455+0000] {logging_mixin.py:190} INFO - [2026-08-12T04:52:00.455+0000] {dagbag.py:587} INFO - Filling up the DagBag from /home/airflow/.local/lib/python3.12/site-packages/airflow/example_dags/tutorial.py
[2026-08-12T04:52:00.465+0000] {processor.py:925} INFO - DAG(s) 'tutorial' retrieved from /home/airflow/.local/lib/python3.12/site-packages/airflow/example_dags/tutorial.py
[2026-08-12T04:52:00.494+0000] {logging_mixin.py:190} INFO - [2026-08-12T04:52:00.493+0000] {dag.py:3211} INFO - Sync 1 DAGs
[2026-08-12T04:52:00.521+0000] {logging_mixin.py:190} INFO - [2026-08-12T04:52:00.521+0000] {dag.py:4138} INFO - Setting next_dagrun for tutorial to 2026-08-11 00:00:00+00:00, run_after=2026-08-12 00:00:00+00:00
[2026-08-12T04:52:00.543+0000] {processor.py:208} INFO - Processing /home/airflow/.local/lib/python3.12/site-packages/airflow/example_dags/tutorial.py took 0.101 seconds
[2026-08-12T04:52:30.625+0000] {processor.py:186} INFO - Started process (PID=2479) to work on /home/airflow/.local/lib/python3.12/site-packages/airflow/example_dags/tutorial.py
[2026-08-12T04:52:30.626+0000] {processor.py:914} INFO - Processing file /home/airflow/.local/lib/python3.12/site-packages/airflow/example_dags/tutorial.py for tasks to queue
[2026-08-12T04:52:30.630+0000] {logging_mixin.py:190} INFO - [2026-08-12T04:52:30.629+0000] {dagbag.py:587} INFO - Filling up the DagBag from /home/airflow/.local/lib/python3.12/site-packages/airflow/example_dags/tutorial.py
[2026-08-12T04:52:30.641+0000] {processor.py:925} INFO - DAG(s) 'tutorial' retrieved from /home/airflow/.local/lib/python3.12/site-packages/airflow/example_dags/tutorial.py
[2026-08-12T04:52:30.670+0000] {logging_mixin.py:190} INFO - [2026-08-12T04:52:30.670+0000] {dag.py:3211} INFO - Sync 1 DAGs
[2026-08-12T04:52:30.706+0000] {logging_mixin.py:190} INFO - [2026-08-12T04:52:30.705+0000] {dag.py:4138} INFO - Setting next_dagrun for tutorial to 2026-08-11 00:00:00+00:00, run_after=2026-08-12 00:00:00+00:00
[2026-08-12T04:52:30.728+0000] {processor.py:208} INFO - Processing /home/airflow/.local/lib/python3.12/site-packages/airflow/example_dags/tutorial.py took 0.112 seconds
[2026-08-12T04:53:01.712+0000] {processor.py:186} INFO - Started process (PID=2542) to work on /home/airflow/.local/lib/python3.12/site-packages/airflow/example_dags/tutorial.py
[2026-08-12T04:53:01.714+0000] {processor.py:914} INFO - Processing file /home/airflow/.local/lib/python3.12/site-packages/airflow/example_dags/tutorial.py for tasks to queue
[2026-08-12T04:53:01.719+0000] {logging_mixin.py:190} INFO - [2026-08-12T04:53:01.719+0000] {dagbag.py:587} INFO - Filling up the DagBag from /home/airflow/.local/lib/python3.12/site-packages/airflow/example_dags/tutorial.py
[2026-08-12T04:53:01.738+0000] {processor.py:925} INFO - DAG(s) 'tutorial' retrieved from /home/airflow/.local/lib/python3.12/site-packages/airflow/example_dags/tutorial.py
[2026-08-12T04:53:01.773+0000] {logging_mixin.py:190} INFO - [2026-08-12T04:53:01.773+0000] {dag.py:3211} INFO - Sync 1 DAGs
[2026-08-12T04:53:01.806+0000] {logging_mixin.py:190} INFO - [2026-08-12T04:53:01.806+0000] {dag.py:4138} INFO - Setting next_dagrun for tutorial to 2026-08-11 00:00:00+00:00, run_after=2026-08-12 00:00:00+00:00
[2026-08-12T04:53:01.833+0000] {processor.py:208} INFO - Processing /home/airflow/.local/lib/python3.12/site-packages/airflow/example_dags/tutorial.py took 0.132 seconds
[2026-08-12T04:53:32.605+0000] {processor.py:186} INFO - Started process (PID=2611) to work on /home/airflow/.local/lib/python3.12/site-packages/airflow/example_dags/tutorial.py
[2026-08-12T04:53:32.606+0000] {processor.py:914} INFO - Processing file /home/airflow/.local/lib/python3.12/site-packages/airflow/example_dags/tutorial.py for tasks to queue
[2026-08-12T04:53:32.610+0000] {logging_mixin.py:190} INFO - [2026-08-12T04:53:32.609+0000] {dagbag.py:587} INFO - Filling up the DagBag from /home/airflow/.local/lib/python3.12/site-packages/airflow/example_dags/tutorial.py
[2026-08-12T04:53:32.621+0000] {processor.py:925} INFO - DAG(s) 'tutorial' retrieved from /home/airflow/.local/lib/python3.12/site-packages/airflow/example_dags/tutorial.py
[2026-08-12T04:53:32.644+0000] {logging_mixin.py:190} INFO - [2026-08-12T04:53:32.644+0000] {dag.py:3211} INFO - Sync 1 DAGs
[2026-08-12T04:53:32.669+0000] {logging_mixin.py:190} INFO - [2026-08-12T04:53:32.669+0000] {dag.py:4138} INFO - Setting next_dagrun for tutorial to 2026-08-11 00:00:00+00:00, run_after=2026-08-12 00:00:00+00:00
[2026-08-12T04:53:32.689+0000] {processor.py:208} INFO - Processing /home/airflow/.local/lib/python3.12/site-packages/airflow/example_dags/tutorial.py took 0.091 seconds
[2026-08-12T04:54:03.476+0000] {processor.py:186} INFO - Started process (PID=2674) to work on /home/airflow/.local/lib/python3.12/site-packages/airflow/example_dags/tutorial.py
[2026-08-12T04:54:03.478+0000] {processor.py:914} INFO - Processing file /home/airflow/.local/lib/python3.12/site-packages/airflow/example_dags/tutorial.py for tasks to queue
[2026-08-12T04:54:03.485+0000] {logging_mixin.py:190} INFO - [2026-08-12T04:54:03.485+0000] {dagbag.py:587} INFO - Filling up the DagBag from /home/airflow/.local/lib/python3.12/site-packages/airflow/example_dags/tutorial.py
[2026-08-12T04:54:03.496+0000] {processor.py:925} INFO - DAG(s) 'tutorial' retrieved from /home/airflow/.local/lib/python3.12/site-packages/airflow/example_dags/tutorial.py
[2026-08-12T04:54:03.521+0000] {logging_mixin.py:190} INFO - [2026-08-12T04:54:03.521+0000] {dag.py:3211} INFO - Sync 1 DAGs
[2026-08-12T04:54:03.546+0000] {logging_mixin.py:190} INFO - [2026-08-12T04:54:03.546+0000] {dag.py:4138} INFO - Setting next_dagrun for tutorial to 2026-08-11 00:00:00+00:00, run_after=2026-08-12 00:00:00+00:00
[2026-08-12T04:54:03.566+0000] {processor.py:208} INFO - Processing /home/airflow/.local/lib/python3.12/site-packages/airflow/example_dags/tutorial.py took 0.097 seconds
[2026-08-12T04:54:34.050+0000] {processor.py:186} INFO - Started process (PID=2737) to work on /home/airflow/.local/lib/python3.12/site-packages/airflow/example_dags/tutorial.py
[2026-08-12T04:54:34.052+0000] {processor.py:914} INFO - Processing file /home/airflow/.local/lib/python3.12/site-packages/airflow/example_dags/tutorial.py for tasks to queue
[2026-08-12T04:54:34.055+0000] {logging_mixin.py:190} INFO - [2026-08-12T04:54:34.055+0000] {dagbag.py:587} INFO - Filling up the DagBag from /home/airflow/.local/lib/python3.12/site-packages/airflow/example_dags/tutorial.py
[2026-08-12T04:54:34.066+0000] {processor.py:925} INFO - DAG(s) 'tutorial' retrieved from /home/airflow/.local/lib/python3.12/site-packages/airflow/example_dags/tutorial.py
[2026-08-12T04:54:34.092+0000] {logging_mixin.py:190} INFO - [2026-08-12T04:54:34.092+0000] {dag.py:3211} INFO - Sync 1 DAGs
[2026-08-12T04:54:34.118+0000] {logging_mixin.py:190} INFO - [2026-08-12T04:54:34.118+0000] {dag.py:4138} INFO - Setting next_dagrun for tutorial to 2026-08-11 00:00:00+00:00, run_after=2026-08-12 00:00:00+00:00
[2026-08-12T04:54:34.141+0000] {processor.py:208} INFO - Processing /home/airflow/.local/lib/python3.12/site-packages/airflow/example_dags/tutorial.py took 0.096 seconds
[2026-08-12T04:55:04.708+0000] {processor.py:186} INFO - Started process (PID=2800) to work on /home/airflow/.local/lib/python3.12/site-packages/airflow/example_dags/tutorial.py
[2026-08-12T04:55:04.709+0000] {processor.py:914} INFO - Processing file /home/airflow/.local/lib/python3.12/site-packages/airflow/example_dags/tutorial.py for tasks to queue
[2026-08-12T04:55:04.712+0000] {logging_mixin.py:190} INFO - [2026-08-12T04:55:04.712+0000] {dagbag.py:587} INFO - Filling up the DagBag from /home/airflow/.local/lib/python3.12/site-packages/airflow/example_dags/tutorial.py
[2026-08-12T04:55:04.719+0000] {processor.py:925} INFO - DAG(s) 'tutorial' retrieved from /home/airflow/.local/lib/python3.12/site-packages/airflow/example_dags/tutorial.py
[2026-08-12T04:55:04.739+0000] {logging_mixin.py:190} INFO - [2026-08-12T04:55:04.739+0000] {dag.py:3211} INFO - Sync 1 DAGs
[2026-08-12T04:55:04.760+0000] {logging_mixin.py:190} INFO - [2026-08-12T04:55:04.759+0000] {dag.py:4138} INFO - Setting next_dagrun for tutorial to 2026-08-11 00:00:00+00:00, run_after=2026-08-12 00:00:00+00:00
[2026-08-12T04:55:04.778+0000] {processor.py:208} INFO - Processing /home/airflow/.local/lib/python3.12/site-packages/airflow/example_dags/tutorial.py took 0.076 seconds
[2026-08-12T04:55:35.606+0000] {processor.py:186} INFO - Started process (PID=2863) to work on /home/airflow/.local/lib/python3.12/site-packages/airflow/example_dags/tutorial.py
[2026-08-12T04:55:35.608+0000] {processor.py:914} INFO - Processing file /home/airflow/.local/lib/python3.12/site-packages/airflow/example_dags/tutorial.py for tasks to queue
[2026-08-12T04:55:35.612+0000] {logging_mixin.py:190} INFO - [2026-08-12T04:55:35.611+0000] {dagbag.py:587} INFO - Filling up the DagBag from /home/airflow/.local/lib/python3.12/site-packages/airflow/example_dags/tutorial.py
[2026-08-12T04:55:35.625+0000] {processor.py:925} INFO - DAG(s) 'tutorial' retrieved from /home/airflow/.local/lib/python3.12/site-packages/airflow/example_dags/tutorial.py
[2026-08-12T04:55:35.652+0000] {logging_mixin.py:190} INFO - [2026-08-12T04:55:35.652+0000] {dag.py:3211} INFO - Sync 1 DAGs
[2026-08-12T04:55:35.674+0000] {logging_mixin.py:190} INFO - [2026-08-12T04:55:35.674+0000] {dag.py:4138} INFO - Setting next_dagrun for tutorial to 2026-08-11 00:00:00+00:00, run_after=2026-08-12 00:00:00+00:00
[2026-08-12T04:55:35.696+0000] {processor.py:208} INFO - Processing /home/airflow/.local/lib/python3.12/site-packages/airflow/example_dags/tutorial.py took 0.097 seconds
[2026-08-12T04:56:06.148+0000] {processor.py:186} INFO - Started process (PID=2926) to work on /home/airflow/.local/lib/python3.12/site-packages/airflow/example_dags/tutorial.py
[2026-08-12T04:56:06.150+0000] {processor.py:914} INFO - Processing file /home/airflow/.local/lib/python3.12/site-packages/airflow/example_dags/tutorial.py for tasks to queue
[2026-08-12T04:56:06.153+0000] {logging_mixin.py:190} INFO - [2026-08-12T04:56:06.153+0000] {dagbag.py:587} INFO - Filling up the DagBag from /home/airflow/.local/lib/python3.12/site-packages/airflow/example_dags/tutorial.py
[2026-08-12T04:56:06.163+0000] {processor.py:925} INFO - DAG(s) 'tutorial' retrieved from /home/airflow/.local/lib/python3.12/site-packages/airflow/example_dags/tutorial.py
[2026-08-12T04:56:06.185+0000] {logging_mixin.py:190} INFO - [2026-08-12T04:56:06.185+0000] {dag.py:3211} INFO - Sync 1 DAGs
[2026-08-12T04:56:06.209+0000] {logging_mixin.py:190} INFO - [2026-08-12T04:56:06.209+0000] {dag.py:4138} INFO - Setting next_dagrun for tutorial to 2026-08-11 00:00:00+00:00, run_after=2026-08-12 00:00:00+00:00
[2026-08-12T04:56:06.230+0000] {processor.py:208} INFO - Processing /home/airflow/.local/lib/python3.12/site-packages/airflow/example_dags/tutorial.py took 0.088 seconds
[2026-08-12T04:56:37.034+0000] {processor.py:186} INFO - Started process (PID=2989) to work on /home/airflow/.local/lib/python3.12/site-packages/airflow/example_dags/tutorial.py
[2026-08-12T04:56:37.036+0000] {processor.py:914} INFO - Processing file /home/airflow/.local/lib/python3.12/site-packages/airflow/example_dags/tutorial.py for tasks to queue
[2026-08-12T04:56:37.039+0000] {logging_mixin.py:190} INFO - [2026-08-12T04:56:37.038+0000] {dagbag.py:587} INFO - Filling up the DagBag from /home/airflow/.local/lib/python3.12/site-packages/airflow/example_dags/tutorial.py
[2026-08-12T04:56:37.047+0000] {processor.py:925} INFO - DAG(s) 'tutorial' retrieved from /home/airflow/.local/lib/python3.12/site-packages/airflow/example_dags/tutorial.py
[2026-08-12T04:56:37.068+0000] {logging_mixin.py:190} INFO - [2026-08-12T04:56:37.068+0000] {dag.py:3211} INFO - Sync 1 DAGs
[2026-08-12T04:56:37.090+0000] {logging_mixin.py:190} INFO - [2026-08-12T04:56:37.090+0000] {dag.py:4138} INFO - Setting next_dagrun for tutorial to 2026-08-11 00:00:00+00:00, run_after=2026-08-12 00:00:00+00:00
[2026-08-12T04:56:37.109+0000] {processor.py:208} INFO - Processing /home/airflow/.local/lib/python3.12/site-packages/airflow/example_dags/tutorial.py took 0.083 seconds
[2026-08-12T04:57:07.774+0000] {processor.py:186} INFO - Started process (PID=3052) to work on /home/airflow/.local/lib/python3.12/site-packages/airflow/example_dags/tutorial.py
[2026-08-12T04:57:07.776+0000] {processor.py:914} INFO - Processing file /home/airflow/.local/lib/python3.12/site-packages/airflow/example_dags/tutorial.py for tasks to queue
[2026-08-12T04:57:07.779+0000] {logging_mixin.py:190} INFO - [2026-08-12T04:57:07.779+0000] {dagbag.py:587} INFO - Filling up the DagBag from /home/airflow/.local/lib/python3.12/site-packages/airflow/example_dags/tutorial.py
[2026-08-12T04:57:07.788+0000] {processor.py:925} INFO - DAG(s) 'tutorial' retrieved from /home/airflow/.local/lib/python3.12/site-packages/airflow/example_dags/tutorial.py
[2026-08-12T04:57:07.809+0000] {logging_mixin.py:190} INFO - [2026-08-12T04:57:07.808+0000] {dag.py:3211} INFO - Sync 1 DAGs
[2026-08-12T04:57:07.832+0000] {logging_mixin.py:190} INFO - [2026-08-12T04:57:07.832+0000] {dag.py:4138} INFO - Setting next_dagrun for tutorial to 2026-08-11 00:00:00+00:00, run_after=2026-08-12 00:00:00+00:00
[2026-08-12T04:57:07.853+0000] {processor.py:208} INFO - Processing /home/airflow/.local/lib/python3.12/site-packages/airflow/example_dags/tutorial.py took 0.084 seconds
[2026-08-12T04:57:38.364+0000] {processor.py:186} INFO - Started process (PID=3115) to work on /home/airflow/.local/lib/python3.12/site-packages/airflow/example_dags/tutorial.py
[2026-08-12T04:57:38.366+0000] {processor.py:914} INFO - Processing file /home/airflow/.local/lib/python3.12/site-packages/airflow/example_dags/tutorial.py for tasks to queue
[2026-08-12T04:57:38.369+0000] {logging_mixin.py:190} INFO - [2026-08-12T04:57:38.368+0000] {dagbag.py:587} INFO - Filling up the DagBag from /home/airflow/.local/lib/python3.12/site-packages/airflow/example_dags/tutorial.py
[2026-08-12T04:57:38.377+0000] {processor.py:925} INFO - DAG(s) 'tutorial' retrieved from /home/airflow/.local/lib/python3.12/site-packages/airflow/example_dags/tutorial.py
[2026-08-12T04:57:38.399+0000] {logging_mixin.py:190} INFO - [2026-08-12T04:57:38.399+0000] {dag.py:3211} INFO - Sync 1 DAGs
[2026-08-12T04:57:38.587+0000] {logging_mixin.py:190} INFO - [2026-08-12T04:57:38.587+0000] {dag.py:4138} INFO - Setting next_dagrun for tutorial to 2026-08-11 00:00:00+00:00, run_after=2026-08-12 00:00:00+00:00
[2026-08-12T04:57:38.605+0000] {processor.py:208} INFO - Processing /home/airflow/.local/lib/python3.12/site-packages/airflow/example_dags/tutorial.py took 0.246 seconds
[2026-08-12T04:58:08.987+0000] {processor.py:186} INFO - Started process (PID=3179) to work on /home/airflow/.local/lib/python3.12/site-packages/airflow/example_dags/tutorial.py
[2026-08-12T04:58:08.989+0000] {processor.py:914} INFO - Processing file /home/airflow/.local/lib/python3.12/site-packages/airflow/example_dags/tutorial.py for tasks to queue
[2026-08-12T04:58:08.992+0000] {logging_mixin.py:190} INFO - [2026-08-12T04:58:08.992+0000] {dagbag.py:587} INFO - Filling up the DagBag from /home/airflow/.local/lib/python3.12/site-packages/airflow/example_dags/tutorial.py
[2026-08-12T04:58:08.999+0000] {processor.py:925} INFO - DAG(s) 'tutorial' retrieved from /home/airflow/.local/lib/python3.12/site-packages/airflow/example_dags/tutorial.py
[2026-08-12T04:58:09.018+0000] {logging_mixin.py:190} INFO - [2026-08-12T04:58:09.018+0000] {dag.py:3211} INFO - Sync 1 DAGs
[2026-08-12T04:58:09.186+0000] {logging_mixin.py:190} INFO - [2026-08-12T04:58:09.186+0000] {dag.py:4138} INFO - Setting next_dagrun for tutorial to 2026-08-11 00:00:00+00:00, run_after=2026-08-12 00:00:00+00:00
[2026-08-12T04:58:09.205+0000] {processor.py:208} INFO - Processing /home/airflow/.local/lib/python3.12/site-packages/airflow/example_dags/tutorial.py took 0.225 seconds
[2026-08-12T04:58:39.421+0000] {processor.py:186} INFO - Started process (PID=3242) to work on /home/airflow/.local/lib/python3.12/site-packages/airflow/example_dags/tutorial.py
[2026-08-12T04:58:39.423+0000] {processor.py:914} INFO - Processing file /home/airflow/.local/lib/python3.12/site-packages/airflow/example_dags/tutorial.py for tasks to queue
[2026-08-12T04:58:39.426+0000] {logging_mixin.py:190} INFO - [2026-08-12T04:58:39.425+0000] {dagbag.py:587} INFO - Filling up the DagBag from /home/airflow/.local/lib/python3.12/site-packages/airflow/example_dags/tutorial.py
[2026-08-12T04:58:39.434+0000] {processor.py:925} INFO - DAG(s) 'tutorial' retrieved from /home/airflow/.local/lib/python3.12/site-packages/airflow/example_dags/tutorial.py
[2026-08-12T04:58:39.455+0000] {logging_mixin.py:190} INFO - [2026-08-12T04:58:39.454+0000] {dag.py:3211} INFO - Sync 1 DAGs
[2026-08-12T04:58:39.477+0000] {logging_mixin.py:190} INFO - [2026-08-12T04:58:39.477+0000] {dag.py:4138} INFO - Setting next_dagrun for tutorial to 2026-08-11 00:00:00+00:00, run_after=2026-08-12 00:00:00+00:00
[2026-08-12T04:58:39.709+0000] {processor.py:208} INFO - Processing /home/airflow/.local/lib/python3.12/site-packages/airflow/example_dags/tutorial.py took 0.293 seconds
[2026-08-12T04:59:10.276+0000] {processor.py:186} INFO - Started process (PID=3304) to work on /home/airflow/.local/lib/python3.12/site-packages/airflow/example_dags/tutorial.py
[2026-08-12T04:59:10.278+0000] {processor.py:914} INFO - Processing file /home/airflow/.local/lib/python3.12/site-packages/airflow/example_dags/tutorial.py for tasks to queue
[2026-08-12T04:59:10.281+0000] {logging_mixin.py:190} INFO - [2026-08-12T04:59:10.280+0000] {dagbag.py:587} INFO - Filling up the DagBag from /home/airflow/.local/lib/python3.12/site-packages/airflow/example_dags/tutorial.py
[2026-08-12T04:59:10.291+0000] {processor.py:925} INFO - DAG(s) 'tutorial' retrieved from /home/airflow/.local/lib/python3.12/site-packages/airflow/example_dags/tutorial.py
[2026-08-12T04:59:10.313+0000] {logging_mixin.py:190} INFO - [2026-08-12T04:59:10.313+0000] {dag.py:3211} INFO - Sync 1 DAGs
[2026-08-12T04:59:10.337+0000] {logging_mixin.py:190} INFO - [2026-08-12T04:59:10.337+0000] {dag.py:4138} INFO - Setting next_dagrun for tutorial to 2026-08-11 00:00:00+00:00, run_after=2026-08-12 00:00:00+00:00
[2026-08-12T04:59:10.358+0000] {processor.py:208} INFO - Processing /home/airflow/.local/lib/python3.12/site-packages/airflow/example_dags/tutorial.py took 0.089 seconds
[2026-08-12T04:59:40.975+0000] {processor.py:186} INFO - Started process (PID=3367) to work on /home/airflow/.local/lib/python3.12/site-packages/airflow/example_dags/tutorial.py
[2026-08-12T04:59:40.977+0000] {processor.py:914} INFO - Processing file /home/airflow/.local/lib/python3.12/site-packages/airflow/example_dags/tutorial.py for tasks to queue
[2026-08-12T04:59:40.981+0000] {logging_mixin.py:190} INFO - [2026-08-12T04:59:40.980+0000] {dagbag.py:587} INFO - Filling up the DagBag from /home/airflow/.local/lib/python3.12/site-packages/airflow/example_dags/tutorial.py
[2026-08-12T04:59:40.991+0000] {processor.py:925} INFO - DAG(s) 'tutorial' retrieved from /home/airflow/.local/lib/python3.12/site-packages/airflow/example_dags/tutorial.py
[2026-08-12T04:59:41.012+0000] {logging_mixin.py:190} INFO - [2026-08-12T04:59:41.012+0000] {dag.py:3211} INFO - Sync 1 DAGs
[2026-08-12T04:59:41.035+0000] {logging_mixin.py:190} INFO - [2026-08-12T04:59:41.035+0000] {dag.py:4138} INFO - Setting next_dagrun for tutorial to 2026-08-11 00:00:00+00:00, run_after=2026-08-12 00:00:00+00:00
[2026-08-12T04:59:41.058+0000] {processor.py:208} INFO - Processing /home/airflow/.local/lib/python3.12/site-packages/airflow/example_dags/tutorial.py took 0.090 seconds
[2026-08-12T05:00:11.629+0000] {processor.py:186} INFO - Started process (PID=3431) to work on /home/airflow/.local/lib/python3.12/site-packages/airflow/example_dags/tutorial.py
[2026-08-12T05:00:11.630+0000] {processor.py:914} INFO - Processing file /home/airflow/.local/lib/python3.12/site-packages/airflow/example_dags/tutorial.py for tasks to queue
[2026-08-12T05:00:11.633+0000] {logging_mixin.py:190} INFO - [2026-08-12T05:00:11.633+0000] {dagbag.py:587} INFO - Filling up the DagBag from /home/airflow/.local/lib/python3.12/site-packages/airflow/example_dags/tutorial.py
[2026-08-12T05:00:11.642+0000] {processor.py:925} INFO - DAG(s) 'tutorial' retrieved from /home/airflow/.local/lib/python3.12/site-packages/airflow/example_dags/tutorial.py
[2026-08-12T05:00:11.662+0000] {logging_mixin.py:190} INFO - [2026-08-12T05:00:11.662+0000] {dag.py:3211} INFO - Sync 1 DAGs
[2026-08-12T05:00:11.687+0000] {logging_mixin.py:190} INFO - [2026-08-12T05:00:11.687+0000] {dag.py:4138} INFO - Setting next_dagrun for tutorial to 2026-08-11 00:00:00+00:00, run_after=2026-08-12 00:00:00+00:00
[2026-08-12T05:00:11.708+0000] {processor.py:208} INFO - Processing /home/airflow/.local/lib/python3.12/site-packages/airflow/example_dags/tutorial.py took 0.085 seconds
[2026-08-12T05:00:41.780+0000] {processor.py:186} INFO - Started process (PID=3493) to work on /home/airflow/.local/lib/python3.12/site-packages/airflow/example_dags/tutorial.py
[2026-08-12T05:00:41.782+0000] {processor.py:914} INFO - Processing file /home/airflow/.local/lib/python3.12/site-packages/airflow/example_dags/tutorial.py for tasks to queue
[2026-08-12T05:00:41.785+0000] {logging_mixin.py:190} INFO - [2026-08-12T05:00:41.785+0000] {dagbag.py:587} INFO - Filling up the DagBag from /home/airflow/.local/lib/python3.12/site-packages/airflow/example_dags/tutorial.py
[2026-08-12T05:00:41.794+0000] {processor.py:925} INFO - DAG(s) 'tutorial' retrieved from /home/airflow/.local/lib/python3.12/site-packages/airflow/example_dags/tutorial.py
[2026-08-12T05:00:41.815+0000] {logging_mixin.py:190} INFO - [2026-08-12T05:00:41.814+0000] {dag.py:3211} INFO - Sync 1 DAGs
[2026-08-12T05:00:41.839+0000] {logging_mixin.py:190} INFO - [2026-08-12T05:00:41.838+0000] {dag.py:4138} INFO - Setting next_dagrun for tutorial to 2026-08-11 00:00:00+00:00, run_after=2026-08-12 00:00:00+00:00
[2026-08-12T05:00:41.863+0000] {processor.py:208} INFO - Processing /home/airflow/.local/lib/python3.12/site-packages/airflow/example_dags/tutorial.py took 0.088 seconds
[2026-08-12T05:01:12.297+0000] {processor.py:186} INFO - Started process (PID=3556) to work on /home/airflow/.local/lib/python3.12/site-packages/airflow/example_dags/tutorial.py
[2026-08-12T05:01:12.298+0000] {processor.py:914} INFO - Processing file /home/airflow/.local/lib/python3.12/site-packages/airflow/example_dags/tutorial.py for tasks to queue
[2026-08-12T05:01:12.301+0000] {logging_mixin.py:190} INFO - [2026-08-12T05:01:12.301+0000] {dagbag.py:587} INFO - Filling up the DagBag from /home/airflow/.local/lib/python3.12/site-packages/airflow/example_dags/tutorial.py
[2026-08-12T05:01:12.309+0000] {processor.py:925} INFO - DAG(s) 'tutorial' retrieved from /home/airflow/.local/lib/python3.12/site-packages/airflow/example_dags/tutorial.py
[2026-08-12T05:01:12.330+0000] {logging_mixin.py:190} INFO - [2026-08-12T05:01:12.330+0000] {dag.py:3211} INFO - Sync 1 DAGs
[2026-08-12T05:01:12.358+0000] {logging_mixin.py:190} INFO - [2026-08-12T05:01:12.357+0000] {dag.py:4138} INFO - Setting next_dagrun for tutorial to 2026-08-11 00:00:00+00:00, run_after=2026-08-12 00:00:00+00:00
[2026-08-12T05:01:12.378+0000] {processor.py:208} INFO - Processing /home/airflow/.local/lib/python3.12/site-packages/airflow/example_dags/tutorial.py took 0.087 seconds
[2026-08-12T05:01:43.004+0000] {processor.py:186} INFO - Started process (PID=3619) to work on /home/airflow/.local/lib/python3.12/site-packages/airflow/example_dags/tutorial.py
[2026-08-12T05:01:43.005+0000] {processor.py:914} INFO - Processing file /home/airflow/.local/lib/python3.12/site-packages/airflow/example_dags/tutorial.py for tasks to queue
[2026-08-12T05:01:43.008+0000] {logging_mixin.py:190} INFO - [2026-08-12T05:01:43.008+0000] {dagbag.py:587} INFO - Filling up the DagBag from /home/airflow/.local/lib/python3.12/site-packages/airflow/example_dags/tutorial.py
[2026-08-12T05:01:43.016+0000] {processor.py:925} INFO - DAG(s) 'tutorial' retrieved from /home/airflow/.local/lib/python3.12/site-packages/airflow/example_dags/tutorial.py
[2026-08-12T05:01:43.035+0000] {logging_mixin.py:190} INFO - [2026-08-12T05:01:43.035+0000] {dag.py:3211} INFO - Sync 1 DAGs
[2026-08-12T05:01:43.058+0000] {logging_mixin.py:190} INFO - [2026-08-12T05:01:43.058+0000] {dag.py:4138} INFO - Setting next_dagrun for tutorial to 2026-08-11 00:00:00+00:00, run_after=2026-08-12 00:00:00+00:00
[2026-08-12T05:01:43.078+0000] {processor.py:208} INFO - Processing /home/airflow/.local/lib/python3.12/site-packages/airflow/example_dags/tutorial.py took 0.080 seconds
[2026-08-12T05:02:13.662+0000] {processor.py:186} INFO - Started process (PID=3682) to work on /home/airflow/.local/lib/python3.12/site-packages/airflow/example_dags/tutorial.py
[2026-08-12T05:02:13.663+0000] {processor.py:914} INFO - Processing file /home/airflow/.local/lib/python3.12/site-packages/airflow/example_dags/tutorial.py for tasks to queue
[2026-08-12T05:02:13.666+0000] {logging_mixin.py:190} INFO - [2026-08-12T05:02:13.666+0000] {dagbag.py:587} INFO - Filling up the DagBag from /home/airflow/.local/lib/python3.12/site-packages/airflow/example_dags/tutorial.py
[2026-08-12T05:02:13.674+0000] {processor.py:925} INFO - DAG(s) 'tutorial' retrieved from /home/airflow/.local/lib/python3.12/site-packages/airflow/example_dags/tutorial.py
[2026-08-12T05:02:13.695+0000] {logging_mixin.py:190} INFO - [2026-08-12T05:02:13.695+0000] {dag.py:3211} INFO - Sync 1 DAGs
[2026-08-12T05:02:13.718+0000] {logging_mixin.py:190} INFO - [2026-08-12T05:02:13.717+0000] {dag.py:4138} INFO - Setting next_dagrun for tutorial to 2026-08-11 00:00:00+00:00, run_after=2026-08-12 00:00:00+00:00
[2026-08-12T05:02:13.737+0000] {processor.py:208} INFO - Processing /home/airflow/.local/lib/python3.12/site-packages/airflow/example_dags/tutorial.py took 0.080 seconds
[2026-08-12T05:02:44.264+0000] {processor.py:186} INFO - Started process (PID=3745) to work on /home/airflow/.local/lib/python3.12/site-packages/airflow/example_dags/tutorial.py
[2026-08-12T05:02:44.266+0000] {processor.py:914} INFO - Processing file /home/airflow/.local/lib/python3.12/site-packages/airflow/example_dags/tutorial.py for tasks to queue
[2026-08-12T05:02:44.269+0000] {logging_mixin.py:190} INFO - [2026-08-12T05:02:44.268+0000] {dagbag.py:587} INFO - Filling up the DagBag from /home/airflow/.local/lib/python3.12/site-packages/airflow/example_dags/tutorial.py
[2026-08-12T05:02:44.277+0000] {processor.py:925} INFO - DAG(s) 'tutorial' retrieved from /home/airflow/.local/lib/python3.12/site-packages/airflow/example_dags/tutorial.py
[2026-08-12T05:02:44.296+0000] {logging_mixin.py:190} INFO - [2026-08-12T05:02:44.296+0000] {dag.py:3211} INFO - Sync 1 DAGs
[2026-08-12T05:02:44.320+0000] {logging_mixin.py:190} INFO - [2026-08-12T05:02:44.319+0000] {dag.py:4138} INFO - Setting next_dagrun for tutorial to 2026-08-11 00:00:00+00:00, run_after=2026-08-12 00:00:00+00:00
[2026-08-12T05:02:44.343+0000] {processor.py:208} INFO - Processing /home/airflow/.local/lib/python3.12/site-packages/airflow/example_dags/tutorial.py took 0.084 seconds
[2026-08-12T05:03:14.696+0000] {processor.py:186} INFO - Started process (PID=3808) to work on /home/airflow/.local/lib/python3.12/site-packages/airflow/example_dags/tutorial.py
[2026-08-12T05:03:14.698+0000] {processor.py:914} INFO - Processing file /home/airflow/.local/lib/python3.12/site-packages/airflow/example_dags/tutorial.py for tasks to queue
[2026-08-12T05:03:14.701+0000] {logging_mixin.py:190} INFO - [2026-08-12T05:03:14.701+0000] {dagbag.py:587} INFO - Filling up the DagBag from /home/airflow/.local/lib/python3.12/site-packages/airflow/example_dags/tutorial.py
[2026-08-12T05:03:14.710+0000] {processor.py:925} INFO - DAG(s) 'tutorial' retrieved from /home/airflow/.local/lib/python3.12/site-packages/airflow/example_dags/tutorial.py
[2026-08-12T05:03:14.732+0000] {logging_mixin.py:190} INFO - [2026-08-12T05:03:14.732+0000] {dag.py:3211} INFO - Sync 1 DAGs
[2026-08-12T05:03:14.758+0000] {logging_mixin.py:190} INFO - [2026-08-12T05:03:14.757+0000] {dag.py:4138} INFO - Setting next_dagrun for tutorial to 2026-08-11 00:00:00+00:00, run_after=2026-08-12 00:00:00+00:00
[2026-08-12T05:03:14.778+0000] {processor.py:208} INFO - Processing /home/airflow/.local/lib/python3.12/site-packages/airflow/example_dags/tutorial.py took 0.089 seconds
[2026-08-12T05:03:45.032+0000] {processor.py:186} INFO - Started process (PID=3871) to work on /home/airflow/.local/lib/python3.12/site-packages/airflow/example_dags/tutorial.py
[2026-08-12T05:03:45.034+0000] {processor.py:914} INFO - Processing file /home/airflow/.local/lib/python3.12/site-packages/airflow/example_dags/tutorial.py for tasks to queue
[2026-08-12T05:03:45.037+0000] {logging_mixin.py:190} INFO - [2026-08-12T05:03:45.036+0000] {dagbag.py:587} INFO - Filling up the DagBag from /home/airflow/.local/lib/python3.12/site-packages/airflow/example_dags/tutorial.py
[2026-08-12T05:03:45.046+0000] {processor.py:925} INFO - DAG(s) 'tutorial' retrieved from /home/airflow/.local/lib/python3.12/site-packages/airflow/example_dags/tutorial.py
[2026-08-12T05:03:45.065+0000] {logging_mixin.py:190} INFO - [2026-08-12T05:03:45.065+0000] {dag.py:3211} INFO - Sync 1 DAGs
[2026-08-12T05:03:45.088+0000] {logging_mixin.py:190} INFO - [2026-08-12T05:03:45.088+0000] {dag.py:4138} INFO - Setting next_dagrun for tutorial to 2026-08-11 00:00:00+00:00, run_after=2026-08-12 00:00:00+00:00
[2026-08-12T05:03:45.107+0000] {processor.py:208} INFO - Processing /home/airflow/.local/lib/python3.12/site-packages/airflow/example_dags/tutorial.py took 0.080 seconds
[2026-08-12T05:04:15.412+0000] {processor.py:186} INFO - Started process (PID=3935) to work on /home/airflow/.local/lib/python3.12/site-packages/airflow/example_dags/tutorial.py
[2026-08-12T05:04:15.414+0000] {processor.py:914} INFO - Processing file /home/airflow/.local/lib/python3.12/site-packages/airflow/example_dags/tutorial.py for tasks to queue
[2026-08-12T05:04:15.417+0000] {logging_mixin.py:190} INFO - [2026-08-12T05:04:15.417+0000] {dagbag.py:587} INFO - Filling up the DagBag from /home/airflow/.local/lib/python3.12/site-packages/airflow/example_dags/tutorial.py
[2026-08-12T05:04:15.428+0000] {processor.py:925} INFO - DAG(s) 'tutorial' retrieved from /home/airflow/.local/lib/python3.12/site-packages/airflow/example_dags/tutorial.py
[2026-08-12T05:04:15.450+0000] {logging_mixin.py:190} INFO - [2026-08-12T05:04:15.450+0000] {dag.py:3211} INFO - Sync 1 DAGs
[2026-08-12T05:04:15.475+0000] {logging_mixin.py:190} INFO - [2026-08-12T05:04:15.475+0000] {dag.py:4138} INFO - Setting next_dagrun for tutorial to 2026-08-11 00:00:00+00:00, run_after=2026-08-12 00:00:00+00:00
[2026-08-12T05:04:15.495+0000] {processor.py:208} INFO - Processing /home/airflow/.local/lib/python3.12/site-packages/airflow/example_dags/tutorial.py took 0.091 seconds
[2026-08-12T05:04:45.872+0000] {processor.py:186} INFO - Started process (PID=3998) to work on /home/airflow/.local/lib/python3.12/site-packages/airflow/example_dags/tutorial.py
[2026-08-12T05:04:45.874+0000] {processor.py:914} INFO - Processing file /home/airflow/.local/lib/python3.12/site-packages/airflow/example_dags/tutorial.py for tasks to queue
[2026-08-12T05:04:45.879+0000] {logging_mixin.py:190} INFO - [2026-08-12T05:04:45.878+0000] {dagbag.py:587} INFO - Filling up the DagBag from /home/airflow/.local/lib/python3.12/site-packages/airflow/example_dags/tutorial.py
[2026-08-12T05:04:45.893+0000] {processor.py:925} INFO - DAG(s) 'tutorial' retrieved from /home/airflow/.local/lib/python3.12/site-packages/airflow/example_dags/tutorial.py
[2026-08-12T05:04:45.923+0000] {logging_mixin.py:190} INFO - [2026-08-12T05:04:45.922+0000] {dag.py:3211} INFO - Sync 1 DAGs
[2026-08-12T05:04:45.959+0000] {logging_mixin.py:190} INFO - [2026-08-12T05:04:45.958+0000] {dag.py:4138} INFO - Setting next_dagrun for tutorial to 2026-08-11 00:00:00+00:00, run_after=2026-08-12 00:00:00+00:00
[2026-08-12T05:04:45.979+0000] {processor.py:208} INFO - Processing /home/airflow/.local/lib/python3.12/site-packages/airflow/example_dags/tutorial.py took 0.116 seconds
[2026-08-12T05:05:16.199+0000] {processor.py:186} INFO - Started process (PID=4061) to work on /home/airflow/.local/lib/python3.12/site-packages/airflow/example_dags/tutorial.py
[2026-08-12T05:05:16.201+0000] {processor.py:914} INFO - Processing file /home/airflow/.local/lib/python3.12/site-packages/airflow/example_dags/tutorial.py for tasks to queue
[2026-08-12T05:05:16.203+0000] {logging_mixin.py:190} INFO - [2026-08-12T05:05:16.203+0000] {dagbag.py:587} INFO - Filling up the DagBag from /home/airflow/.local/lib/python3.12/site-packages/airflow/example_dags/tutorial.py
[2026-08-12T05:05:16.211+0000] {processor.py:925} INFO - DAG(s) 'tutorial' retrieved from /home/airflow/.local/lib/python3.12/site-packages/airflow/example_dags/tutorial.py
[2026-08-12T05:05:16.232+0000] {logging_mixin.py:190} INFO - [2026-08-12T05:05:16.231+0000] {dag.py:3211} INFO - Sync 1 DAGs
[2026-08-12T05:05:16.253+0000] {logging_mixin.py:190} INFO - [2026-08-12T05:05:16.253+0000] {dag.py:4138} INFO - Setting next_dagrun for tutorial to 2026-08-11 00:00:00+00:00, run_after=2026-08-12 00:00:00+00:00
[2026-08-12T05:05:16.274+0000] {processor.py:208} INFO - Processing /home/airflow/.local/lib/python3.12/site-packages/airflow/example_dags/tutorial.py took 0.080 seconds
[2026-08-12T05:05:46.637+0000] {processor.py:186} INFO - Started process (PID=4124) to work on /home/airflow/.local/lib/python3.12/site-packages/airflow/example_dags/tutorial.py
[2026-08-12T05:05:46.639+0000] {processor.py:914} INFO - Processing file /home/airflow/.local/lib/python3.12/site-packages/airflow/example_dags/tutorial.py for tasks to queue
[2026-08-12T05:05:46.642+0000] {logging_mixin.py:190} INFO - [2026-08-12T05:05:46.641+0000] {dagbag.py:587} INFO - Filling up the DagBag from /home/airflow/.local/lib/python3.12/site-packages/airflow/example_dags/tutorial.py
[2026-08-12T05:05:46.651+0000] {processor.py:925} INFO - DAG(s) 'tutorial' retrieved from /home/airflow/.local/lib/python3.12/site-packages/airflow/example_dags/tutorial.py
[2026-08-12T05:05:46.670+0000] {logging_mixin.py:190} INFO - [2026-08-12T05:05:46.670+0000] {dag.py:3211} INFO - Sync 1 DAGs
[2026-08-12T05:05:46.693+0000] {logging_mixin.py:190} INFO - [2026-08-12T05:05:46.692+0000] {dag.py:4138} INFO - Setting next_dagrun for tutorial to 2026-08-11 00:00:00+00:00, run_after=2026-08-12 00:00:00+00:00
[2026-08-12T05:05:46.715+0000] {processor.py:208} INFO - Processing /home/airflow/.local/lib/python3.12/site-packages/airflow/example_dags/tutorial.py took 0.083 seconds
[2026-08-12T05:06:17.359+0000] {processor.py:186} INFO - Started process (PID=4187) to work on /home/airflow/.local/lib/python3.12/site-packages/airflow/example_dags/tutorial.py
[2026-08-12T05:06:17.361+0000] {processor.py:914} INFO - Processing file /home/airflow/.local/lib/python3.12/site-packages/airflow/example_dags/tutorial.py for tasks to queue
[2026-08-12T05:06:17.363+0000] {logging_mixin.py:190} INFO - [2026-08-12T05:06:17.363+0000] {dagbag.py:587} INFO - Filling up the DagBag from /home/airflow/.local/lib/python3.12/site-packages/airflow/example_dags/tutorial.py
[2026-08-12T05:06:17.372+0000] {processor.py:925} INFO - DAG(s) 'tutorial' retrieved from /home/airflow/.local/lib/python3.12/site-packages/airflow/example_dags/tutorial.py
[2026-08-12T05:06:17.393+0000] {logging_mixin.py:190} INFO - [2026-08-12T05:06:17.393+0000] {dag.py:3211} INFO - Sync 1 DAGs
[2026-08-12T05:06:17.427+0000] {logging_mixin.py:190} INFO - [2026-08-12T05:06:17.427+0000] {dag.py:4138} INFO - Setting next_dagrun for tutorial to 2026-08-11 00:00:00+00:00, run_after=2026-08-12 00:00:00+00:00
[2026-08-12T05:06:17.449+0000] {processor.py:208} INFO - Processing /home/airflow/.local/lib/python3.12/site-packages/airflow/example_dags/tutorial.py took 0.096 seconds
[2026-08-12T05:06:47.746+0000] {processor.py:186} INFO - Started process (PID=4250) to work on /home/airflow/.local/lib/python3.12/site-packages/airflow/example_dags/tutorial.py
[2026-08-12T05:06:47.748+0000] {processor.py:914} INFO - Processing file /home/airflow/.local/lib/python3.12/site-packages/airflow/example_dags/tutorial.py for tasks to queue
[2026-08-12T05:06:47.753+0000] {logging_mixin.py:190} INFO - [2026-08-12T05:06:47.752+0000] {dagbag.py:587} INFO - Filling up the DagBag from /home/airflow/.local/lib/python3.12/site-packages/airflow/example_dags/tutorial.py
[2026-08-12T05:06:47.765+0000] {processor.py:925} INFO - DAG(s) 'tutorial' retrieved from /home/airflow/.local/lib/python3.12/site-packages/airflow/example_dags/tutorial.py
[2026-08-12T05:06:47.790+0000] {logging_mixin.py:190} INFO - [2026-08-12T05:06:47.790+0000] {dag.py:3211} INFO - Sync 1 DAGs
[2026-08-12T05:06:47.813+0000] {logging_mixin.py:190} INFO - [2026-08-12T05:06:47.813+0000] {dag.py:4138} INFO - Setting next_dagrun for tutorial to 2026-08-11 00:00:00+00:00, run_after=2026-08-12 00:00:00+00:00
[2026-08-12T05:06:47.835+0000] {processor.py:208} INFO - Processing /home/airflow/.local/lib/python3.12/site-packages/airflow/example_dags/tutorial.py took 0.096 seconds
[2026-08-12T05:07:18.923+0000] {processor.py:186} INFO - Started process (PID=4313) to work on /home/airflow/.local/lib/python3.12/site-packages/airflow/example_dags/tutorial.py
[2026-08-12T05:07:18.924+0000] {processor.py:914} INFO - Processing file /home/airflow/.local/lib/python3.12/site-packages/airflow/example_dags/tutorial.py for tasks to queue
[2026-08-12T05:07:18.928+0000] {logging_mixin.py:190} INFO - [2026-08-12T05:07:18.927+0000] {dagbag.py:587} INFO - Filling up the DagBag from /home/airflow/.local/lib/python3.12/site-packages/airflow/example_dags/tutorial.py
[2026-08-12T05:07:18.936+0000] {processor.py:925} INFO - DAG(s) 'tutorial' retrieved from /home/airflow/.local/lib/python3.12/site-packages/airflow/example_dags/tutorial.py
[2026-08-12T05:07:18.957+0000] {logging_mixin.py:190} INFO - [2026-08-12T05:07:18.956+0000] {dag.py:3211} INFO - Sync 1 DAGs
[2026-08-12T05:07:18.979+0000] {logging_mixin.py:190} INFO - [2026-08-12T05:07:18.978+0000] {dag.py:4138} INFO - Setting next_dagrun for tutorial to 2026-08-11 00:00:00+00:00, run_after=2026-08-12 00:00:00+00:00
[2026-08-12T05:07:19.000+0000] {processor.py:208} INFO - Processing /home/airflow/.local/lib/python3.12/site-packages/airflow/example_dags/tutorial.py took 0.083 seconds
[2026-08-12T05:07:49.455+0000] {processor.py:186} INFO - Started process (PID=4376) to work on /home/airflow/.local/lib/python3.12/site-packages/airflow/example_dags/tutorial.py
[2026-08-12T05:07:49.458+0000] {processor.py:914} INFO - Processing file /home/airflow/.local/lib/python3.12/site-packages/airflow/example_dags/tutorial.py for tasks to queue
[2026-08-12T05:07:49.462+0000] {logging_mixin.py:190} INFO - [2026-08-12T05:07:49.461+0000] {dagbag.py:587} INFO - Filling up the DagBag from /home/airflow/.local/lib/python3.12/site-packages/airflow/example_dags/tutorial.py
[2026-08-12T05:07:49.475+0000] {processor.py:925} INFO - DAG(s) 'tutorial' retrieved from /home/airflow/.local/lib/python3.12/site-packages/airflow/example_dags/tutorial.py
[2026-08-12T05:07:49.510+0000] {logging_mixin.py:190} INFO - [2026-08-12T05:07:49.510+0000] {dag.py:3211} INFO - Sync 1 DAGs
[2026-08-12T05:07:49.546+0000] {logging_mixin.py:190} INFO - [2026-08-12T05:07:49.546+0000] {dag.py:4138} INFO - Setting next_dagrun for tutorial to 2026-08-11 00:00:00+00:00, run_after=2026-08-12 00:00:00+00:00
[2026-08-12T05:07:49.596+0000] {processor.py:208} INFO - Processing /home/airflow/.local/lib/python3.12/site-packages/airflow/example_dags/tutorial.py took 0.149 seconds
[2026-08-12T05:08:20.370+0000] {processor.py:186} INFO - Started process (PID=4439) to work on /home/airflow/.local/lib/python3.12/site-packages/airflow/example_dags/tutorial.py
[2026-08-12T05:08:20.371+0000] {processor.py:914} INFO - Processing file /home/airflow/.local/lib/python3.12/site-packages/airflow/example_dags/tutorial.py for tasks to queue
[2026-08-12T05:08:20.374+0000] {logging_mixin.py:190} INFO - [2026-08-12T05:08:20.374+0000] {dagbag.py:587} INFO - Filling up the DagBag from /home/airflow/.local/lib/python3.12/site-packages/airflow/example_dags/tutorial.py
[2026-08-12T05:08:20.383+0000] {processor.py:925} INFO - DAG(s) 'tutorial' retrieved from /home/airflow/.local/lib/python3.12/site-packages/airflow/example_dags/tutorial.py
[2026-08-12T05:08:20.406+0000] {logging_mixin.py:190} INFO - [2026-08-12T05:08:20.406+0000] {dag.py:3211} INFO - Sync 1 DAGs
[2026-08-12T05:08:20.432+0000] {logging_mixin.py:190} INFO - [2026-08-12T05:08:20.432+0000] {dag.py:4138} INFO - Setting next_dagrun for tutorial to 2026-08-11 00:00:00+00:00, run_after=2026-08-12 00:00:00+00:00
[2026-08-12T05:08:20.451+0000] {processor.py:208} INFO - Processing /home/airflow/.local/lib/python3.12/site-packages/airflow/example_dags/tutorial.py took 0.087 seconds
[2026-08-12T05:08:50.677+0000] {processor.py:186} INFO - Started process (PID=4502) to work on /home/airflow/.local/lib/python3.12/site-packages/airflow/example_dags/tutorial.py
[2026-08-12T05:08:50.679+0000] {processor.py:914} INFO - Processing file /home/airflow/.local/lib/python3.12/site-packages/airflow/example_dags/tutorial.py for tasks to queue
[2026-08-12T05:08:50.683+0000] {logging_mixin.py:190} INFO - [2026-08-12T05:08:50.682+0000] {dagbag.py:587} INFO - Filling up the DagBag from /home/airflow/.local/lib/python3.12/site-packages/airflow/example_dags/tutorial.py
[2026-08-12T05:08:50.695+0000] {processor.py:925} INFO - DAG(s) 'tutorial' retrieved from /home/airflow/.local/lib/python3.12/site-packages/airflow/example_dags/tutorial.py
[2026-08-12T05:08:50.719+0000] {logging_mixin.py:190} INFO - [2026-08-12T05:08:50.718+0000] {dag.py:3211} INFO - Sync 1 DAGs
[2026-08-12T05:08:50.743+0000] {logging_mixin.py:190} INFO - [2026-08-12T05:08:50.743+0000] {dag.py:4138} INFO - Setting next_dagrun for tutorial to 2026-08-11 00:00:00+00:00, run_after=2026-08-12 00:00:00+00:00
[2026-08-12T05:08:50.765+0000] {processor.py:208} INFO - Processing /home/airflow/.local/lib/python3.12/site-packages/airflow/example_dags/tutorial.py took 0.096 seconds
[2026-08-12T05:09:21.179+0000] {processor.py:186} INFO - Started process (PID=4565) to work on /home/airflow/.local/lib/python3.12/site-packages/airflow/example_dags/tutorial.py
[2026-08-12T05:09:21.180+0000] {processor.py:914} INFO - Processing file /home/airflow/.local/lib/python3.12/site-packages/airflow/example_dags/tutorial.py for tasks to queue
[2026-08-12T05:09:21.183+0000] {logging_mixin.py:190} INFO - [2026-08-12T05:09:21.183+0000] {dagbag.py:587} INFO - Filling up the DagBag from /home/airflow/.local/lib/python3.12/site-packages/airflow/example_dags/tutorial.py
[2026-08-12T05:09:21.192+0000] {processor.py:925} INFO - DAG(s) 'tutorial' retrieved from /home/airflow/.local/lib/python3.12/site-packages/airflow/example_dags/tutorial.py
[2026-08-12T05:09:21.216+0000] {logging_mixin.py:190} INFO - [2026-08-12T05:09:21.216+0000] {dag.py:3211} INFO - Sync 1 DAGs
[2026-08-12T05:09:21.261+0000] {logging_mixin.py:190} INFO - [2026-08-12T05:09:21.261+0000] {dag.py:4138} INFO - Setting next_dagrun for tutorial to 2026-08-11 00:00:00+00:00, run_after=2026-08-12 00:00:00+00:00
[2026-08-12T05:09:21.292+0000] {processor.py:208} INFO - Processing /home/airflow/.local/lib/python3.12/site-packages/airflow/example_dags/tutorial.py took 0.119 seconds
[2026-08-12T05:09:51.875+0000] {processor.py:186} INFO - Started process (PID=4628) to work on /home/airflow/.local/lib/python3.12/site-packages/airflow/example_dags/tutorial.py
[2026-08-12T05:09:51.877+0000] {processor.py:914} INFO - Processing file /home/airflow/.local/lib/python3.12/site-packages/airflow/example_dags/tutorial.py for tasks to queue
[2026-08-12T05:09:51.881+0000] {logging_mixin.py:190} INFO - [2026-08-12T05:09:51.881+0000] {dagbag.py:587} INFO - Filling up the DagBag from /home/airflow/.local/lib/python3.12/site-packages/airflow/example_dags/tutorial.py
[2026-08-12T05:09:51.892+0000] {processor.py:925} INFO - DAG(s) 'tutorial' retrieved from /home/airflow/.local/lib/python3.12/site-packages/airflow/example_dags/tutorial.py
[2026-08-12T05:09:51.912+0000] {logging_mixin.py:190} INFO - [2026-08-12T05:09:51.912+0000] {dag.py:3211} INFO - Sync 1 DAGs
[2026-08-12T05:09:51.937+0000] {logging_mixin.py:190} INFO - [2026-08-12T05:09:51.936+0000] {dag.py:4138} INFO - Setting next_dagrun for tutorial to 2026-08-11 00:00:00+00:00, run_after=2026-08-12 00:00:00+00:00
[2026-08-12T05:09:51.960+0000] {processor.py:208} INFO - Processing /home/airflow/.local/lib/python3.12/site-packages/airflow/example_dags/tutorial.py took 0.092 seconds
[2026-08-12T05:10:22.544+0000] {processor.py:186} INFO - Started process (PID=4691) to work on /home/airflow/.local/lib/python3.12/site-packages/airflow/example_dags/tutorial.py
[2026-08-12T05:10:22.545+0000] {processor.py:914} INFO - Processing file /home/airflow/.local/lib/python3.12/site-packages/airflow/example_dags/tutorial.py for tasks to queue
[2026-08-12T05:10:22.549+0000] {logging_mixin.py:190} INFO - [2026-08-12T05:10:22.548+0000] {dagbag.py:587} INFO - Filling up the DagBag from /home/airflow/.local/lib/python3.12/site-packages/airflow/example_dags/tutorial.py
[2026-08-12T05:10:22.556+0000] {processor.py:925} INFO - DAG(s) 'tutorial' retrieved from /home/airflow/.local/lib/python3.12/site-packages/airflow/example_dags/tutorial.py
[2026-08-12T05:10:22.576+0000] {logging_mixin.py:190} INFO - [2026-08-12T05:10:22.576+0000] {dag.py:3211} INFO - Sync 1 DAGs
[2026-08-12T05:10:22.599+0000] {logging_mixin.py:190} INFO - [2026-08-12T05:10:22.599+0000] {dag.py:4138} INFO - Setting next_dagrun for tutorial to 2026-08-11 00:00:00+00:00, run_after=2026-08-12 00:00:00+00:00
[2026-08-12T05:10:22.617+0000] {processor.py:208} INFO - Processing /home/airflow/.local/lib/python3.12/site-packages/airflow/example_dags/tutorial.py took 0.079 seconds
[2026-08-12T05:10:52.887+0000] {processor.py:186} INFO - Started process (PID=4754) to work on /home/airflow/.local/lib/python3.12/site-packages/airflow/example_dags/tutorial.py
[2026-08-12T05:10:52.888+0000] {processor.py:914} INFO - Processing file /home/airflow/.local/lib/python3.12/site-packages/airflow/example_dags/tutorial.py for tasks to queue
[2026-08-12T05:10:52.891+0000] {logging_mixin.py:190} INFO - [2026-08-12T05:10:52.891+0000] {dagbag.py:587} INFO - Filling up the DagBag from /home/airflow/.local/lib/python3.12/site-packages/airflow/example_dags/tutorial.py
[2026-08-12T05:10:52.901+0000] {processor.py:925} INFO - DAG(s) 'tutorial' retrieved from /home/airflow/.local/lib/python3.12/site-packages/airflow/example_dags/tutorial.py
[2026-08-12T05:10:52.922+0000] {logging_mixin.py:190} INFO - [2026-08-12T05:10:52.922+0000] {dag.py:3211} INFO - Sync 1 DAGs
[2026-08-12T05:10:52.944+0000] {logging_mixin.py:190} INFO - [2026-08-12T05:10:52.944+0000] {dag.py:4138} INFO - Setting next_dagrun for tutorial to 2026-08-11 00:00:00+00:00, run_after=2026-08-12 00:00:00+00:00
[2026-08-12T05:10:52.967+0000] {processor.py:208} INFO - Processing /home/airflow/.local/lib/python3.12/site-packages/airflow/example_dags/tutorial.py took 0.087 seconds
[2026-08-12T05:11:23.472+0000] {processor.py:186} INFO - Started process (PID=4817) to work on /home/airflow/.local/lib/python3.12/site-packages/airflow/example_dags/tutorial.py
[2026-08-12T05:11:23.474+0000] {processor.py:914} INFO - Processing file /home/airflow/.local/lib/python3.12/site-packages/airflow/example_dags/tutorial.py for tasks to queue
[2026-08-12T05:11:23.477+0000] {logging_mixin.py:190} INFO - [2026-08-12T05:11:23.477+0000] {dagbag.py:587} INFO - Filling up the DagBag from /home/airflow/.local/lib/python3.12/site-packages/airflow/example_dags/tutorial.py
[2026-08-12T05:11:23.487+0000] {processor.py:925} INFO - DAG(s) 'tutorial' retrieved from /home/airflow/.local/lib/python3.12/site-packages/airflow/example_dags/tutorial.py
[2026-08-12T05:11:23.510+0000] {logging_mixin.py:190} INFO - [2026-08-12T05:11:23.509+0000] {dag.py:3211} INFO - Sync 1 DAGs
[2026-08-12T05:11:23.536+0000] {logging_mixin.py:190} INFO - [2026-08-12T05:11:23.535+0000] {dag.py:4138} INFO - Setting next_dagrun for tutorial to 2026-08-11 00:00:00+00:00, run_after=2026-08-12 00:00:00+00:00
[2026-08-12T05:11:23.557+0000] {processor.py:208} INFO - Processing /home/airflow/.local/lib/python3.12/site-packages/airflow/example_dags/tutorial.py took 0.091 seconds
[2026-08-12T05:11:53.918+0000] {processor.py:186} INFO - Started process (PID=4880) to work on /home/airflow/.local/lib/python3.12/site-packages/airflow/example_dags/tutorial.py
[2026-08-12T05:11:53.920+0000] {processor.py:914} INFO - Processing file /home/airflow/.local/lib/python3.12/site-packages/airflow/example_dags/tutorial.py for tasks to queue
[2026-08-12T05:11:53.923+0000] {logging_mixin.py:190} INFO - [2026-08-12T05:11:53.923+0000] {dagbag.py:587} INFO - Filling up the DagBag from /home/airflow/.local/lib/python3.12/site-packages/airflow/example_dags/tutorial.py
[2026-08-12T05:11:53.944+0000] {processor.py:925} INFO - DAG(s) 'tutorial' retrieved from /home/airflow/.local/lib/python3.12/site-packages/airflow/example_dags/tutorial.py
[2026-08-12T05:11:53.965+0000] {logging_mixin.py:190} INFO - [2026-08-12T05:11:53.965+0000] {dag.py:3211} INFO - Sync 1 DAGs
[2026-08-12T05:11:53.987+0000] {logging_mixin.py:190} INFO - [2026-08-12T05:11:53.986+0000] {dag.py:4138} INFO - Setting next_dagrun for tutorial to 2026-08-11 00:00:00+00:00, run_after=2026-08-12 00:00:00+00:00
[2026-08-12T05:11:54.008+0000] {processor.py:208} INFO - Processing /home/airflow/.local/lib/python3.12/site-packages/airflow/example_dags/tutorial.py took 0.095 seconds
[2026-08-12T05:12:24.884+0000] {processor.py:186} INFO - Started process (PID=4943) to work on /home/airflow/.local/lib/python3.12/site-packages/airflow/example_dags/tutorial.py
[2026-08-12T05:12:24.885+0000] {processor.py:914} INFO - Processing file /home/airflow/.local/lib/python3.12/site-packages/airflow/example_dags/tutorial.py for tasks to queue
[2026-08-12T05:12:24.888+0000] {logging_mixin.py:190} INFO - [2026-08-12T05:12:24.888+0000] {dagbag.py:587} INFO - Filling up the DagBag from /home/airflow/.local/lib/python3.12/site-packages/airflow/example_dags/tutorial.py
[2026-08-12T05:12:24.899+0000] {processor.py:925} INFO - DAG(s) 'tutorial' retrieved from /home/airflow/.local/lib/python3.12/site-packages/airflow/example_dags/tutorial.py
[2026-08-12T05:12:24.923+0000] {logging_mixin.py:190} INFO - [2026-08-12T05:12:24.923+0000] {dag.py:3211} INFO - Sync 1 DAGs
[2026-08-12T05:12:24.945+0000] {logging_mixin.py:190} INFO - [2026-08-12T05:12:24.944+0000] {dag.py:4138} INFO - Setting next_dagrun for tutorial to 2026-08-11 00:00:00+00:00, run_after=2026-08-12 00:00:00+00:00
[2026-08-12T05:12:24.968+0000] {processor.py:208} INFO - Processing /home/airflow/.local/lib/python3.12/site-packages/airflow/example_dags/tutorial.py took 0.090 seconds
[2026-08-12T05:12:55.244+0000] {processor.py:186} INFO - Started process (PID=5006) to work on /home/airflow/.local/lib/python3.12/site-packages/airflow/example_dags/tutorial.py
[2026-08-12T05:12:55.245+0000] {processor.py:914} INFO - Processing file /home/airflow/.local/lib/python3.12/site-packages/airflow/example_dags/tutorial.py for tasks to queue
[2026-08-12T05:12:55.248+0000] {logging_mixin.py:190} INFO - [2026-08-12T05:12:55.248+0000] {dagbag.py:587} INFO - Filling up the DagBag from /home/airflow/.local/lib/python3.12/site-packages/airflow/example_dags/tutorial.py
[2026-08-12T05:12:55.258+0000] {processor.py:925} INFO - DAG(s) 'tutorial' retrieved from /home/airflow/.local/lib/python3.12/site-packages/airflow/example_dags/tutorial.py
[2026-08-12T05:12:55.278+0000] {logging_mixin.py:190} INFO - [2026-08-12T05:12:55.277+0000] {dag.py:3211} INFO - Sync 1 DAGs
[2026-08-12T05:12:55.302+0000] {logging_mixin.py:190} INFO - [2026-08-12T05:12:55.302+0000] {dag.py:4138} INFO - Setting next_dagrun for tutorial to 2026-08-11 00:00:00+00:00, run_after=2026-08-12 00:00:00+00:00
[2026-08-12T05:12:55.326+0000] {processor.py:208} INFO - Processing /home/airflow/.local/lib/python3.12/site-packages/airflow/example_dags/tutorial.py took 0.088 seconds
[2026-08-12T05:13:25.713+0000] {processor.py:186} INFO - Started process (PID=5069) to work on /home/airflow/.local/lib/python3.12/site-packages/airflow/example_dags/tutorial.py
[2026-08-12T05:13:25.715+0000] {processor.py:914} INFO - Processing file /home/airflow/.local/lib/python3.12/site-packages/airflow/example_dags/tutorial.py for tasks to queue
[2026-08-12T05:13:25.717+0000] {logging_mixin.py:190} INFO - [2026-08-12T05:13:25.717+0000] {dagbag.py:587} INFO - Filling up the DagBag from /home/airflow/.local/lib/python3.12/site-packages/airflow/example_dags/tutorial.py
[2026-08-12T05:13:25.737+0000] {processor.py:925} INFO - DAG(s) 'tutorial' retrieved from /home/airflow/.local/lib/python3.12/site-packages/airflow/example_dags/tutorial.py
[2026-08-12T05:13:25.759+0000] {logging_mixin.py:190} INFO - [2026-08-12T05:13:25.759+0000] {dag.py:3211} INFO - Sync 1 DAGs
[2026-08-12T05:13:25.817+0000] {logging_mixin.py:190} INFO - [2026-08-12T05:13:25.817+0000] {dag.py:4138} INFO - Setting next_dagrun for tutorial to 2026-08-11 00:00:00+00:00, run_after=2026-08-12 00:00:00+00:00
[2026-08-12T05:13:25.842+0000] {processor.py:208} INFO - Processing /home/airflow/.local/lib/python3.12/site-packages/airflow/example_dags/tutorial.py took 0.135 seconds
[2026-08-12T05:13:56.285+0000] {processor.py:186} INFO - Started process (PID=5132) to work on /home/airflow/.local/lib/python3.12/site-packages/airflow/example_dags/tutorial.py
[2026-08-12T05:13:56.287+0000] {processor.py:914} INFO - Processing file /home/airflow/.local/lib/python3.12/site-packages/airflow/example_dags/tutorial.py for tasks to queue
[2026-08-12T05:13:56.291+0000] {logging_mixin.py:190} INFO - [2026-08-12T05:13:56.290+0000] {dagbag.py:587} INFO - Filling up the DagBag from /home/airflow/.local/lib/python3.12/site-packages/airflow/example_dags/tutorial.py
[2026-08-12T05:13:56.303+0000] {processor.py:925} INFO - DAG(s) 'tutorial' retrieved from /home/airflow/.local/lib/python3.12/site-packages/airflow/example_dags/tutorial.py
[2026-08-12T05:13:56.325+0000] {logging_mixin.py:190} INFO - [2026-08-12T05:13:56.324+0000] {dag.py:3211} INFO - Sync 1 DAGs
[2026-08-12T05:13:56.351+0000] {logging_mixin.py:190} INFO - [2026-08-12T05:13:56.351+0000] {dag.py:4138} INFO - Setting next_dagrun for tutorial to 2026-08-11 00:00:00+00:00, run_after=2026-08-12 00:00:00+00:00
[2026-08-12T05:13:56.371+0000] {processor.py:208} INFO - Processing /home/airflow/.local/lib/python3.12/site-packages/airflow/example_dags/tutorial.py took 0.093 seconds
[2026-08-12T05:14:26.809+0000] {processor.py:186} INFO - Started process (PID=5195) to work on /home/airflow/.local/lib/python3.12/site-packages/airflow/example_dags/tutorial.py
[2026-08-12T05:14:26.810+0000] {processor.py:914} INFO - Processing file /home/airflow/.local/lib/python3.12/site-packages/airflow/example_dags/tutorial.py for tasks to queue
[2026-08-12T05:14:26.814+0000] {logging_mixin.py:190} INFO - [2026-08-12T05:14:26.813+0000] {dagbag.py:587} INFO - Filling up the DagBag from /home/airflow/.local/lib/python3.12/site-packages/airflow/example_dags/tutorial.py
[2026-08-12T05:14:26.821+0000] {processor.py:925} INFO - DAG(s) 'tutorial' retrieved from /home/airflow/.local/lib/python3.12/site-packages/airflow/example_dags/tutorial.py
[2026-08-12T05:14:26.842+0000] {logging_mixin.py:190} INFO - [2026-08-12T05:14:26.842+0000] {dag.py:3211} INFO - Sync 1 DAGs
[2026-08-12T05:14:26.863+0000] {logging_mixin.py:190} INFO - [2026-08-12T05:14:26.863+0000] {dag.py:4138} INFO - Setting next_dagrun for tutorial to 2026-08-11 00:00:00+00:00, run_after=2026-08-12 00:00:00+00:00
[2026-08-12T05:14:26.883+0000] {processor.py:208} INFO - Processing /home/airflow/.local/lib/python3.12/site-packages/airflow/example_dags/tutorial.py took 0.079 seconds
[2026-08-12T05:14:57.469+0000] {processor.py:186} INFO - Started process (PID=5258) to work on /home/airflow/.local/lib/python3.12/site-packages/airflow/example_dags/tutorial.py
[2026-08-12T05:14:57.471+0000] {processor.py:914} INFO - Processing file /home/airflow/.local/lib/python3.12/site-packages/airflow/example_dags/tutorial.py for tasks to queue
[2026-08-12T05:14:57.474+0000] {logging_mixin.py:190} INFO - [2026-08-12T05:14:57.474+0000] {dagbag.py:587} INFO - Filling up the DagBag from /home/airflow/.local/lib/python3.12/site-packages/airflow/example_dags/tutorial.py
[2026-08-12T05:14:57.483+0000] {processor.py:925} INFO - DAG(s) 'tutorial' retrieved from /home/airflow/.local/lib/python3.12/site-packages/airflow/example_dags/tutorial.py
[2026-08-12T05:14:57.503+0000] {logging_mixin.py:190} INFO - [2026-08-12T05:14:57.503+0000] {dag.py:3211} INFO - Sync 1 DAGs
[2026-08-12T05:14:57.523+0000] {logging_mixin.py:190} INFO - [2026-08-12T05:14:57.523+0000] {dag.py:4138} INFO - Setting next_dagrun for tutorial to 2026-08-11 00:00:00+00:00, run_after=2026-08-12 00:00:00+00:00
[2026-08-12T05:14:57.542+0000] {processor.py:208} INFO - Processing /home/airflow/.local/lib/python3.12/site-packages/airflow/example_dags/tutorial.py took 0.079 seconds
[2026-08-12T05:15:27.907+0000] {processor.py:186} INFO - Started process (PID=5321) to work on /home/airflow/.local/lib/python3.12/site-packages/airflow/example_dags/tutorial.py
[2026-08-12T05:15:27.908+0000] {processor.py:914} INFO - Processing file /home/airflow/.local/lib/python3.12/site-packages/airflow/example_dags/tutorial.py for tasks to queue
[2026-08-12T05:15:27.911+0000] {logging_mixin.py:190} INFO - [2026-08-12T05:15:27.911+0000] {dagbag.py:587} INFO - Filling up the DagBag from /home/airflow/.local/lib/python3.12/site-packages/airflow/example_dags/tutorial.py
[2026-08-12T05:15:27.921+0000] {processor.py:925} INFO - DAG(s) 'tutorial' retrieved from /home/airflow/.local/lib/python3.12/site-packages/airflow/example_dags/tutorial.py
[2026-08-12T05:15:27.940+0000] {logging_mixin.py:190} INFO - [2026-08-12T05:15:27.940+0000] {dag.py:3211} INFO - Sync 1 DAGs
[2026-08-12T05:15:27.962+0000] {logging_mixin.py:190} INFO - [2026-08-12T05:15:27.962+0000] {dag.py:4138} INFO - Setting next_dagrun for tutorial to 2026-08-11 00:00:00+00:00, run_after=2026-08-12 00:00:00+00:00
[2026-08-12T05:15:27.983+0000] {processor.py:208} INFO - Processing /home/airflow/.local/lib/python3.12/site-packages/airflow/example_dags/tutorial.py took 0.083 seconds
[2026-08-12T05:15:58.646+0000] {processor.py:186} INFO - Started process (PID=5384) to work on /home/airflow/.local/lib/python3.12/site-packages/airflow/example_dags/tutorial.py
[2026-08-12T05:15:58.648+0000] {processor.py:914} INFO - Processing file /home/airflow/.local/lib/python3.12/site-packages/airflow/example_dags/tutorial.py for tasks to queue
[2026-08-12T05:15:58.651+0000] {logging_mixin.py:190} INFO - [2026-08-12T05:15:58.651+0000] {dagbag.py:587} INFO - Filling up the DagBag from /home/airflow/.local/lib/python3.12/site-packages/airflow/example_dags/tutorial.py
[2026-08-12T05:15:58.663+0000] {processor.py:925} INFO - DAG(s) 'tutorial' retrieved from /home/airflow/.local/lib/python3.12/site-packages/airflow/example_dags/tutorial.py
[2026-08-12T05:15:58.685+0000] {logging_mixin.py:190} INFO - [2026-08-12T05:15:58.685+0000] {dag.py:3211} INFO - Sync 1 DAGs
[2026-08-12T05:15:58.711+0000] {logging_mixin.py:190} INFO - [2026-08-12T05:15:58.711+0000] {dag.py:4138} INFO - Setting next_dagrun for tutorial to 2026-08-11 00:00:00+00:00, run_after=2026-08-12 00:00:00+00:00
[2026-08-12T05:15:58.734+0000] {processor.py:208} INFO - Processing /home/airflow/.local/lib/python3.12/site-packages/airflow/example_dags/tutorial.py took 0.094 seconds
[2026-08-12T05:16:29.206+0000] {processor.py:186} INFO - Started process (PID=5447) to work on /home/airflow/.local/lib/python3.12/site-packages/airflow/example_dags/tutorial.py
[2026-08-12T05:16:29.208+0000] {processor.py:914} INFO - Processing file /home/airflow/.local/lib/python3.12/site-packages/airflow/example_dags/tutorial.py for tasks to queue
[2026-08-12T05:16:29.211+0000] {logging_mixin.py:190} INFO - [2026-08-12T05:16:29.211+0000] {dagbag.py:587} INFO - Filling up the DagBag from /home/airflow/.local/lib/python3.12/site-packages/airflow/example_dags/tutorial.py
[2026-08-12T05:16:29.222+0000] {processor.py:925} INFO - DAG(s) 'tutorial' retrieved from /home/airflow/.local/lib/python3.12/site-packages/airflow/example_dags/tutorial.py
[2026-08-12T05:16:29.242+0000] {logging_mixin.py:190} INFO - [2026-08-12T05:16:29.242+0000] {dag.py:3211} INFO - Sync 1 DAGs
[2026-08-12T05:16:29.265+0000] {logging_mixin.py:190} INFO - [2026-08-12T05:16:29.265+0000] {dag.py:4138} INFO - Setting next_dagrun for tutorial to 2026-08-11 00:00:00+00:00, run_after=2026-08-12 00:00:00+00:00
[2026-08-12T05:16:29.290+0000] {processor.py:208} INFO - Processing /home/airflow/.local/lib/python3.12/site-packages/airflow/example_dags/tutorial.py took 0.090 seconds
[2026-08-12T05:16:59.651+0000] {processor.py:186} INFO - Started process (PID=5510) to work on /home/airflow/.local/lib/python3.12/site-packages/airflow/example_dags/tutorial.py
[2026-08-12T05:16:59.653+0000] {processor.py:914} INFO - Processing file /home/airflow/.local/lib/python3.12/site-packages/airflow/example_dags/tutorial.py for tasks to queue
[2026-08-12T05:16:59.657+0000] {logging_mixin.py:190} INFO - [2026-08-12T05:16:59.656+0000] {dagbag.py:587} INFO - Filling up the DagBag from /home/airflow/.local/lib/python3.12/site-packages/airflow/example_dags/tutorial.py
[2026-08-12T05:16:59.666+0000] {processor.py:925} INFO - DAG(s) 'tutorial' retrieved from /home/airflow/.local/lib/python3.12/site-packages/airflow/example_dags/tutorial.py
[2026-08-12T05:16:59.691+0000] {logging_mixin.py:190} INFO - [2026-08-12T05:16:59.691+0000] {dag.py:3211} INFO - Sync 1 DAGs
[2026-08-12T05:16:59.721+0000] {logging_mixin.py:190} INFO - [2026-08-12T05:16:59.720+0000] {dag.py:4138} INFO - Setting next_dagrun for tutorial to 2026-08-11 00:00:00+00:00, run_after=2026-08-12 00:00:00+00:00
[2026-08-12T05:16:59.744+0000] {processor.py:208} INFO - Processing /home/airflow/.local/lib/python3.12/site-packages/airflow/example_dags/tutorial.py took 0.100 seconds
[2026-08-12T05:17:30.279+0000] {processor.py:186} INFO - Started process (PID=5573) to work on /home/airflow/.local/lib/python3.12/site-packages/airflow/example_dags/tutorial.py
[2026-08-12T05:17:30.280+0000] {processor.py:914} INFO - Processing file /home/airflow/.local/lib/python3.12/site-packages/airflow/example_dags/tutorial.py for tasks to queue
[2026-08-12T05:17:30.284+0000] {logging_mixin.py:190} INFO - [2026-08-12T05:17:30.283+0000] {dagbag.py:587} INFO - Filling up the DagBag from /home/airflow/.local/lib/python3.12/site-packages/airflow/example_dags/tutorial.py
[2026-08-12T05:17:30.294+0000] {processor.py:925} INFO - DAG(s) 'tutorial' retrieved from /home/airflow/.local/lib/python3.12/site-packages/airflow/example_dags/tutorial.py
[2026-08-12T05:17:30.317+0000] {logging_mixin.py:190} INFO - [2026-08-12T05:17:30.316+0000] {dag.py:3211} INFO - Sync 1 DAGs
[2026-08-12T05:17:30.361+0000] {logging_mixin.py:190} INFO - [2026-08-12T05:17:30.361+0000] {dag.py:4138} INFO - Setting next_dagrun for tutorial to 2026-08-11 00:00:00+00:00, run_after=2026-08-12 00:00:00+00:00
[2026-08-12T05:17:30.385+0000] {processor.py:208} INFO - Processing /home/airflow/.local/lib/python3.12/site-packages/airflow/example_dags/tutorial.py took 0.114 seconds
[2026-08-12T05:18:01.315+0000] {processor.py:186} INFO - Started process (PID=5636) to work on /home/airflow/.local/lib/python3.12/site-packages/airflow/example_dags/tutorial.py
[2026-08-12T05:18:01.317+0000] {processor.py:914} INFO - Processing file /home/airflow/.local/lib/python3.12/site-packages/airflow/example_dags/tutorial.py for tasks to queue
[2026-08-12T05:18:01.321+0000] {logging_mixin.py:190} INFO - [2026-08-12T05:18:01.321+0000] {dagbag.py:587} INFO - Filling up the DagBag from /home/airflow/.local/lib/python3.12/site-packages/airflow/example_dags/tutorial.py
[2026-08-12T05:18:01.332+0000] {processor.py:925} INFO - DAG(s) 'tutorial' retrieved from /home/airflow/.local/lib/python3.12/site-packages/airflow/example_dags/tutorial.py
[2026-08-12T05:18:01.361+0000] {logging_mixin.py:190} INFO - [2026-08-12T05:18:01.361+0000] {dag.py:3211} INFO - Sync 1 DAGs
[2026-08-12T05:18:01.390+0000] {logging_mixin.py:190} INFO - [2026-08-12T05:18:01.390+0000] {dag.py:4138} INFO - Setting next_dagrun for tutorial to 2026-08-11 00:00:00+00:00, run_after=2026-08-12 00:00:00+00:00
[2026-08-12T05:18:01.416+0000] {processor.py:208} INFO - Processing /home/airflow/.local/lib/python3.12/site-packages/airflow/example_dags/tutorial.py took 0.108 seconds
[2026-08-12T05:18:32.139+0000] {processor.py:186} INFO - Started process (PID=5699) to work on /home/airflow/.local/lib/python3.12/site-packages/airflow/example_dags/tutorial.py
[2026-08-12T05:18:32.141+0000] {processor.py:914} INFO - Processing file /home/airflow/.local/lib/python3.12/site-packages/airflow/example_dags/tutorial.py for tasks to queue
[2026-08-12T05:18:32.145+0000] {logging_mixin.py:190} INFO - [2026-08-12T05:18:32.144+0000] {dagbag.py:587} INFO - Filling up the DagBag from /home/airflow/.local/lib/python3.12/site-packages/airflow/example_dags/tutorial.py
[2026-08-12T05:18:32.158+0000] {processor.py:925} INFO - DAG(s) 'tutorial' retrieved from /home/airflow/.local/lib/python3.12/site-packages/airflow/example_dags/tutorial.py
[2026-08-12T05:18:32.202+0000] {logging_mixin.py:190} INFO - [2026-08-12T05:18:32.201+0000] {dag.py:3211} INFO - Sync 1 DAGs
[2026-08-12T05:18:32.240+0000] {logging_mixin.py:190} INFO - [2026-08-12T05:18:32.240+0000] {dag.py:4138} INFO - Setting next_dagrun for tutorial to 2026-08-11 00:00:00+00:00, run_after=2026-08-12 00:00:00+00:00
[2026-08-12T05:18:32.265+0000] {processor.py:208} INFO - Processing /home/airflow/.local/lib/python3.12/site-packages/airflow/example_dags/tutorial.py took 0.134 seconds
[2026-08-12T05:19:16.817+0000] {processor.py:186} INFO - Started process (PID=5771) to work on /home/airflow/.local/lib/python3.12/site-packages/airflow/example_dags/tutorial.py
[2026-08-12T05:19:16.820+0000] {processor.py:914} INFO - Processing file /home/airflow/.local/lib/python3.12/site-packages/airflow/example_dags/tutorial.py for tasks to queue
[2026-08-12T05:19:16.827+0000] {logging_mixin.py:190} INFO - [2026-08-12T05:19:16.826+0000] {dagbag.py:587} INFO - Filling up the DagBag from /home/airflow/.local/lib/python3.12/site-packages/airflow/example_dags/tutorial.py
[2026-08-12T05:19:16.851+0000] {processor.py:925} INFO - DAG(s) 'tutorial' retrieved from /home/airflow/.local/lib/python3.12/site-packages/airflow/example_dags/tutorial.py
[2026-08-12T05:19:16.905+0000] {logging_mixin.py:190} INFO - [2026-08-12T05:19:16.905+0000] {dag.py:3211} INFO - Sync 1 DAGs
[2026-08-12T05:19:16.965+0000] {logging_mixin.py:190} INFO - [2026-08-12T05:19:16.964+0000] {dag.py:4138} INFO - Setting next_dagrun for tutorial to 2026-08-11 00:00:00+00:00, run_after=2026-08-12 00:00:00+00:00
[2026-08-12T05:19:17.008+0000] {processor.py:208} INFO - Processing /home/airflow/.local/lib/python3.12/site-packages/airflow/example_dags/tutorial.py took 0.202 seconds
[2026-08-12T05:19:48.651+0000] {processor.py:186} INFO - Started process (PID=5835) to work on /home/airflow/.local/lib/python3.12/site-packages/airflow/example_dags/tutorial.py
[2026-08-12T05:19:48.689+0000] {processor.py:914} INFO - Processing file /home/airflow/.local/lib/python3.12/site-packages/airflow/example_dags/tutorial.py for tasks to queue
[2026-08-12T05:19:48.699+0000] {logging_mixin.py:190} INFO - [2026-08-12T05:19:48.698+0000] {dagbag.py:587} INFO - Filling up the DagBag from /home/airflow/.local/lib/python3.12/site-packages/airflow/example_dags/tutorial.py
[2026-08-12T05:19:48.737+0000] {processor.py:925} INFO - DAG(s) 'tutorial' retrieved from /home/airflow/.local/lib/python3.12/site-packages/airflow/example_dags/tutorial.py
[2026-08-12T05:19:48.849+0000] {logging_mixin.py:190} INFO - [2026-08-12T05:19:48.848+0000] {dag.py:3211} INFO - Sync 1 DAGs
[2026-08-12T05:19:49.065+0000] {logging_mixin.py:190} INFO - [2026-08-12T05:19:49.065+0000] {dag.py:4138} INFO - Setting next_dagrun for tutorial to 2026-08-11 00:00:00+00:00, run_after=2026-08-12 00:00:00+00:00
[2026-08-12T05:19:49.199+0000] {processor.py:208} INFO - Processing /home/airflow/.local/lib/python3.12/site-packages/airflow/example_dags/tutorial.py took 0.583 seconds
[2026-08-12T05:20:19.677+0000] {processor.py:186} INFO - Started process (PID=5897) to work on /home/airflow/.local/lib/python3.12/site-packages/airflow/example_dags/tutorial.py
[2026-08-12T05:20:19.679+0000] {processor.py:914} INFO - Processing file /home/airflow/.local/lib/python3.12/site-packages/airflow/example_dags/tutorial.py for tasks to queue
[2026-08-12T05:20:19.690+0000] {logging_mixin.py:190} INFO - [2026-08-12T05:20:19.689+0000] {dagbag.py:587} INFO - Filling up the DagBag from /home/airflow/.local/lib/python3.12/site-packages/airflow/example_dags/tutorial.py
[2026-08-12T05:20:19.712+0000] {processor.py:925} INFO - DAG(s) 'tutorial' retrieved from /home/airflow/.local/lib/python3.12/site-packages/airflow/example_dags/tutorial.py
[2026-08-12T05:20:19.756+0000] {logging_mixin.py:190} INFO - [2026-08-12T05:20:19.755+0000] {dag.py:3211} INFO - Sync 1 DAGs
[2026-08-12T05:20:19.809+0000] {logging_mixin.py:190} INFO - [2026-08-12T05:20:19.809+0000] {dag.py:4138} INFO - Setting next_dagrun for tutorial to 2026-08-11 00:00:00+00:00, run_after=2026-08-12 00:00:00+00:00
[2026-08-12T05:20:19.852+0000] {processor.py:208} INFO - Processing /home/airflow/.local/lib/python3.12/site-packages/airflow/example_dags/tutorial.py took 0.189 seconds
[2026-08-12T05:20:51.201+0000] {processor.py:186} INFO - Started process (PID=5960) to work on /home/airflow/.local/lib/python3.12/site-packages/airflow/example_dags/tutorial.py
[2026-08-12T05:20:51.208+0000] {processor.py:914} INFO - Processing file /home/airflow/.local/lib/python3.12/site-packages/airflow/example_dags/tutorial.py for tasks to queue
[2026-08-12T05:20:51.215+0000] {logging_mixin.py:190} INFO - [2026-08-12T05:20:51.214+0000] {dagbag.py:587} INFO - Filling up the DagBag from /home/airflow/.local/lib/python3.12/site-packages/airflow/example_dags/tutorial.py
[2026-08-12T05:20:51.239+0000] {processor.py:925} INFO - DAG(s) 'tutorial' retrieved from /home/airflow/.local/lib/python3.12/site-packages/airflow/example_dags/tutorial.py
[2026-08-12T05:20:51.326+0000] {logging_mixin.py:190} INFO - [2026-08-12T05:20:51.317+0000] {dag.py:3211} INFO - Sync 1 DAGs
[2026-08-12T05:20:51.444+0000] {logging_mixin.py:190} INFO - [2026-08-12T05:20:51.444+0000] {dag.py:4138} INFO - Setting next_dagrun for tutorial to 2026-08-11 00:00:00+00:00, run_after=2026-08-12 00:00:00+00:00
[2026-08-12T05:20:51.549+0000] {processor.py:208} INFO - Processing /home/airflow/.local/lib/python3.12/site-packages/airflow/example_dags/tutorial.py took 0.363 seconds
[2026-08-12T05:21:21.764+0000] {processor.py:186} INFO - Started process (PID=6024) to work on /home/airflow/.local/lib/python3.12/site-packages/airflow/example_dags/tutorial.py
[2026-08-12T05:21:21.765+0000] {processor.py:914} INFO - Processing file /home/airflow/.local/lib/python3.12/site-packages/airflow/example_dags/tutorial.py for tasks to queue
[2026-08-12T05:21:21.769+0000] {logging_mixin.py:190} INFO - [2026-08-12T05:21:21.769+0000] {dagbag.py:587} INFO - Filling up the DagBag from /home/airflow/.local/lib/python3.12/site-packages/airflow/example_dags/tutorial.py
[2026-08-12T05:21:21.778+0000] {processor.py:925} INFO - DAG(s) 'tutorial' retrieved from /home/airflow/.local/lib/python3.12/site-packages/airflow/example_dags/tutorial.py
[2026-08-12T05:21:21.801+0000] {logging_mixin.py:190} INFO - [2026-08-12T05:21:21.800+0000] {dag.py:3211} INFO - Sync 1 DAGs
[2026-08-12T05:21:21.829+0000] {logging_mixin.py:190} INFO - [2026-08-12T05:21:21.829+0000] {dag.py:4138} INFO - Setting next_dagrun for tutorial to 2026-08-11 00:00:00+00:00, run_after=2026-08-12 00:00:00+00:00
[2026-08-12T05:21:21.857+0000] {processor.py:208} INFO - Processing /home/airflow/.local/lib/python3.12/site-packages/airflow/example_dags/tutorial.py took 0.100 seconds
[2026-08-12T05:21:52.392+0000] {processor.py:186} INFO - Started process (PID=6090) to work on /home/airflow/.local/lib/python3.12/site-packages/airflow/example_dags/tutorial.py
[2026-08-12T05:21:52.394+0000] {processor.py:914} INFO - Processing file /home/airflow/.local/lib/python3.12/site-packages/airflow/example_dags/tutorial.py for tasks to queue
[2026-08-12T05:21:52.397+0000] {logging_mixin.py:190} INFO - [2026-08-12T05:21:52.396+0000] {dagbag.py:587} INFO - Filling up the DagBag from /home/airflow/.local/lib/python3.12/site-packages/airflow/example_dags/tutorial.py
[2026-08-12T05:21:52.405+0000] {processor.py:925} INFO - DAG(s) 'tutorial' retrieved from /home/airflow/.local/lib/python3.12/site-packages/airflow/example_dags/tutorial.py
[2026-08-12T05:21:52.426+0000] {logging_mixin.py:190} INFO - [2026-08-12T05:21:52.426+0000] {dag.py:3211} INFO - Sync 1 DAGs
[2026-08-12T05:21:52.449+0000] {logging_mixin.py:190} INFO - [2026-08-12T05:21:52.449+0000] {dag.py:4138} INFO - Setting next_dagrun for tutorial to 2026-08-11 00:00:00+00:00, run_after=2026-08-12 00:00:00+00:00
[2026-08-12T05:21:52.467+0000] {processor.py:208} INFO - Processing /home/airflow/.local/lib/python3.12/site-packages/airflow/example_dags/tutorial.py took 0.081 seconds
[2026-08-12T05:22:22.818+0000] {processor.py:186} INFO - Started process (PID=6153) to work on /home/airflow/.local/lib/python3.12/site-packages/airflow/example_dags/tutorial.py
[2026-08-12T05:22:22.819+0000] {processor.py:914} INFO - Processing file /home/airflow/.local/lib/python3.12/site-packages/airflow/example_dags/tutorial.py for tasks to queue
[2026-08-12T05:22:22.822+0000] {logging_mixin.py:190} INFO - [2026-08-12T05:22:22.822+0000] {dagbag.py:587} INFO - Filling up the DagBag from /home/airflow/.local/lib/python3.12/site-packages/airflow/example_dags/tutorial.py
[2026-08-12T05:22:22.830+0000] {processor.py:925} INFO - DAG(s) 'tutorial' retrieved from /home/airflow/.local/lib/python3.12/site-packages/airflow/example_dags/tutorial.py
[2026-08-12T05:22:22.863+0000] {logging_mixin.py:190} INFO - [2026-08-12T05:22:22.863+0000] {dag.py:3211} INFO - Sync 1 DAGs
[2026-08-12T05:22:22.896+0000] {logging_mixin.py:190} INFO - [2026-08-12T05:22:22.896+0000] {dag.py:4138} INFO - Setting next_dagrun for tutorial to 2026-08-11 00:00:00+00:00, run_after=2026-08-12 00:00:00+00:00
[2026-08-12T05:22:22.916+0000] {processor.py:208} INFO - Processing /home/airflow/.local/lib/python3.12/site-packages/airflow/example_dags/tutorial.py took 0.103 seconds
[2026-08-12T05:22:53.386+0000] {processor.py:186} INFO - Started process (PID=6216) to work on /home/airflow/.local/lib/python3.12/site-packages/airflow/example_dags/tutorial.py
[2026-08-12T05:22:53.387+0000] {processor.py:914} INFO - Processing file /home/airflow/.local/lib/python3.12/site-packages/airflow/example_dags/tutorial.py for tasks to queue
[2026-08-12T05:22:53.391+0000] {logging_mixin.py:190} INFO - [2026-08-12T05:22:53.391+0000] {dagbag.py:587} INFO - Filling up the DagBag from /home/airflow/.local/lib/python3.12/site-packages/airflow/example_dags/tutorial.py
[2026-08-12T05:22:53.408+0000] {processor.py:925} INFO - DAG(s) 'tutorial' retrieved from /home/airflow/.local/lib/python3.12/site-packages/airflow/example_dags/tutorial.py
[2026-08-12T05:22:53.435+0000] {logging_mixin.py:190} INFO - [2026-08-12T05:22:53.434+0000] {dag.py:3211} INFO - Sync 1 DAGs
[2026-08-12T05:22:53.460+0000] {logging_mixin.py:190} INFO - [2026-08-12T05:22:53.460+0000] {dag.py:4138} INFO - Setting next_dagrun for tutorial to 2026-08-11 00:00:00+00:00, run_after=2026-08-12 00:00:00+00:00
[2026-08-12T05:22:53.482+0000] {processor.py:208} INFO - Processing /home/airflow/.local/lib/python3.12/site-packages/airflow/example_dags/tutorial.py took 0.102 seconds
[2026-08-12T05:23:23.699+0000] {processor.py:186} INFO - Started process (PID=6282) to work on /home/airflow/.local/lib/python3.12/site-packages/airflow/example_dags/tutorial.py
[2026-08-12T05:23:23.701+0000] {processor.py:914} INFO - Processing file /home/airflow/.local/lib/python3.12/site-packages/airflow/example_dags/tutorial.py for tasks to queue
[2026-08-12T05:23:23.705+0000] {logging_mixin.py:190} INFO - [2026-08-12T05:23:23.704+0000] {dagbag.py:587} INFO - Filling up the DagBag from /home/airflow/.local/lib/python3.12/site-packages/airflow/example_dags/tutorial.py
[2026-08-12T05:23:23.715+0000] {processor.py:925} INFO - DAG(s) 'tutorial' retrieved from /home/airflow/.local/lib/python3.12/site-packages/airflow/example_dags/tutorial.py
[2026-08-12T05:23:23.737+0000] {logging_mixin.py:190} INFO - [2026-08-12T05:23:23.736+0000] {dag.py:3211} INFO - Sync 1 DAGs
[2026-08-12T05:23:23.762+0000] {logging_mixin.py:190} INFO - [2026-08-12T05:23:23.762+0000] {dag.py:4138} INFO - Setting next_dagrun for tutorial to 2026-08-11 00:00:00+00:00, run_after=2026-08-12 00:00:00+00:00
[2026-08-12T05:23:23.784+0000] {processor.py:208} INFO - Processing /home/airflow/.local/lib/python3.12/site-packages/airflow/example_dags/tutorial.py took 0.091 seconds
[2026-08-12T05:23:54.031+0000] {processor.py:186} INFO - Started process (PID=6345) to work on /home/airflow/.local/lib/python3.12/site-packages/airflow/example_dags/tutorial.py
[2026-08-12T05:23:54.033+0000] {processor.py:914} INFO - Processing file /home/airflow/.local/lib/python3.12/site-packages/airflow/example_dags/tutorial.py for tasks to queue
[2026-08-12T05:23:54.035+0000] {logging_mixin.py:190} INFO - [2026-08-12T05:23:54.035+0000] {dagbag.py:587} INFO - Filling up the DagBag from /home/airflow/.local/lib/python3.12/site-packages/airflow/example_dags/tutorial.py
[2026-08-12T05:23:54.043+0000] {processor.py:925} INFO - DAG(s) 'tutorial' retrieved from /home/airflow/.local/lib/python3.12/site-packages/airflow/example_dags/tutorial.py
[2026-08-12T05:23:54.062+0000] {logging_mixin.py:190} INFO - [2026-08-12T05:23:54.062+0000] {dag.py:3211} INFO - Sync 1 DAGs
[2026-08-12T05:23:54.084+0000] {logging_mixin.py:190} INFO - [2026-08-12T05:23:54.084+0000] {dag.py:4138} INFO - Setting next_dagrun for tutorial to 2026-08-11 00:00:00+00:00, run_after=2026-08-12 00:00:00+00:00
[2026-08-12T05:23:54.103+0000] {processor.py:208} INFO - Processing /home/airflow/.local/lib/python3.12/site-packages/airflow/example_dags/tutorial.py took 0.077 seconds
[2026-08-12T05:24:24.652+0000] {processor.py:186} INFO - Started process (PID=6408) to work on /home/airflow/.local/lib/python3.12/site-packages/airflow/example_dags/tutorial.py
[2026-08-12T05:24:24.653+0000] {processor.py:914} INFO - Processing file /home/airflow/.local/lib/python3.12/site-packages/airflow/example_dags/tutorial.py for tasks to queue
[2026-08-12T05:24:24.656+0000] {logging_mixin.py:190} INFO - [2026-08-12T05:24:24.655+0000] {dagbag.py:587} INFO - Filling up the DagBag from /home/airflow/.local/lib/python3.12/site-packages/airflow/example_dags/tutorial.py
[2026-08-12T05:24:24.663+0000] {processor.py:925} INFO - DAG(s) 'tutorial' retrieved from /home/airflow/.local/lib/python3.12/site-packages/airflow/example_dags/tutorial.py
[2026-08-12T05:24:24.683+0000] {logging_mixin.py:190} INFO - [2026-08-12T05:24:24.683+0000] {dag.py:3211} INFO - Sync 1 DAGs
[2026-08-12T05:24:24.703+0000] {logging_mixin.py:190} INFO - [2026-08-12T05:24:24.703+0000] {dag.py:4138} INFO - Setting next_dagrun for tutorial to 2026-08-11 00:00:00+00:00, run_after=2026-08-12 00:00:00+00:00
[2026-08-12T05:24:24.721+0000] {processor.py:208} INFO - Processing /home/airflow/.local/lib/python3.12/site-packages/airflow/example_dags/tutorial.py took 0.075 seconds
[2026-08-12T05:24:55.010+0000] {processor.py:186} INFO - Started process (PID=6472) to work on /home/airflow/.local/lib/python3.12/site-packages/airflow/example_dags/tutorial.py
[2026-08-12T05:24:55.012+0000] {processor.py:914} INFO - Processing file /home/airflow/.local/lib/python3.12/site-packages/airflow/example_dags/tutorial.py for tasks to queue
[2026-08-12T05:24:55.016+0000] {logging_mixin.py:190} INFO - [2026-08-12T05:24:55.015+0000] {dagbag.py:587} INFO - Filling up the DagBag from /home/airflow/.local/lib/python3.12/site-packages/airflow/example_dags/tutorial.py
[2026-08-12T05:24:55.026+0000] {processor.py:925} INFO - DAG(s) 'tutorial' retrieved from /home/airflow/.local/lib/python3.12/site-packages/airflow/example_dags/tutorial.py
[2026-08-12T05:24:55.047+0000] {logging_mixin.py:190} INFO - [2026-08-12T05:24:55.047+0000] {dag.py:3211} INFO - Sync 1 DAGs
[2026-08-12T05:24:55.073+0000] {logging_mixin.py:190} INFO - [2026-08-12T05:24:55.073+0000] {dag.py:4138} INFO - Setting next_dagrun for tutorial to 2026-08-11 00:00:00+00:00, run_after=2026-08-12 00:00:00+00:00
[2026-08-12T05:24:55.098+0000] {processor.py:208} INFO - Processing /home/airflow/.local/lib/python3.12/site-packages/airflow/example_dags/tutorial.py took 0.094 seconds
[2026-08-12T05:25:25.656+0000] {processor.py:186} INFO - Started process (PID=6536) to work on /home/airflow/.local/lib/python3.12/site-packages/airflow/example_dags/tutorial.py
[2026-08-12T05:25:25.658+0000] {processor.py:914} INFO - Processing file /home/airflow/.local/lib/python3.12/site-packages/airflow/example_dags/tutorial.py for tasks to queue
[2026-08-12T05:25:25.662+0000] {logging_mixin.py:190} INFO - [2026-08-12T05:25:25.661+0000] {dagbag.py:587} INFO - Filling up the DagBag from /home/airflow/.local/lib/python3.12/site-packages/airflow/example_dags/tutorial.py
[2026-08-12T05:25:25.674+0000] {processor.py:925} INFO - DAG(s) 'tutorial' retrieved from /home/airflow/.local/lib/python3.12/site-packages/airflow/example_dags/tutorial.py
[2026-08-12T05:25:25.695+0000] {logging_mixin.py:190} INFO - [2026-08-12T05:25:25.695+0000] {dag.py:3211} INFO - Sync 1 DAGs
[2026-08-12T05:25:25.731+0000] {logging_mixin.py:190} INFO - [2026-08-12T05:25:25.730+0000] {dag.py:4138} INFO - Setting next_dagrun for tutorial to 2026-08-11 00:00:00+00:00, run_after=2026-08-12 00:00:00+00:00
[2026-08-12T05:25:25.761+0000] {processor.py:208} INFO - Processing /home/airflow/.local/lib/python3.12/site-packages/airflow/example_dags/tutorial.py took 0.114 seconds
