[2026-08-12T04:30:50.993+0000] {processor.py:186} INFO - Started process (PID=95) to work on /home/airflow/.local/lib/python3.12/site-packages/airflow/example_dags/tutorial_taskflow_api.py
[2026-08-12T04:30:50.995+0000] {processor.py:914} INFO - Processing file /home/airflow/.local/lib/python3.12/site-packages/airflow/example_dags/tutorial_taskflow_api.py for tasks to queue
[2026-08-12T04:30:51.001+0000] {logging_mixin.py:190} INFO - [2026-08-12T04:30:51.000+0000] {dagbag.py:587} INFO - Filling up the DagBag from /home/airflow/.local/lib/python3.12/site-packages/airflow/example_dags/tutorial_taskflow_api.py
[2026-08-12T04:30:51.019+0000] {processor.py:925} INFO - DAG(s) 'tutorial_taskflow_api' retrieved from /home/airflow/.local/lib/python3.12/site-packages/airflow/example_dags/tutorial_taskflow_api.py
[2026-08-12T04:30:51.174+0000] {logging_mixin.py:190} INFO - [2026-08-12T04:30:51.173+0000] {override.py:1858} INFO - Created Permission View: can edit on DAG:tutorial_taskflow_api
[2026-08-12T04:30:51.192+0000] {logging_mixin.py:190} INFO - [2026-08-12T04:30:51.192+0000] {override.py:1858} INFO - Created Permission View: can delete on DAG:tutorial_taskflow_api
[2026-08-12T04:30:51.206+0000] {logging_mixin.py:190} INFO - [2026-08-12T04:30:51.205+0000] {override.py:1858} INFO - Created Permission View: can read on DAG:tutorial_taskflow_api
[2026-08-12T04:30:51.208+0000] {logging_mixin.py:190} INFO - [2026-08-12T04:30:51.207+0000] {dag.py:3211} INFO - Sync 1 DAGs
[2026-08-12T04:30:51.225+0000] {logging_mixin.py:190} INFO - [2026-08-12T04:30:51.225+0000] {dag.py:3234} INFO - Creating ORM DAG for tutorial_taskflow_api
[2026-08-12T04:30:51.227+0000] {logging_mixin.py:190} INFO - [2026-08-12T04:30:51.227+0000] {dag.py:4138} INFO - Setting next_dagrun for tutorial_taskflow_api to None, run_after=None
[2026-08-12T04:30:51.259+0000] {processor.py:208} INFO - Processing /home/airflow/.local/lib/python3.12/site-packages/airflow/example_dags/tutorial_taskflow_api.py took 0.276 seconds
[2026-08-12T04:31:21.633+0000] {processor.py:186} INFO - Started process (PID=157) to work on /home/airflow/.local/lib/python3.12/site-packages/airflow/example_dags/tutorial_taskflow_api.py
[2026-08-12T04:31:21.635+0000] {processor.py:914} INFO - Processing file /home/airflow/.local/lib/python3.12/site-packages/airflow/example_dags/tutorial_taskflow_api.py for tasks to queue
[2026-08-12T04:31:21.638+0000] {logging_mixin.py:190} INFO - [2026-08-12T04:31:21.638+0000] {dagbag.py:587} INFO - Filling up the DagBag from /home/airflow/.local/lib/python3.12/site-packages/airflow/example_dags/tutorial_taskflow_api.py
[2026-08-12T04:31:21.646+0000] {processor.py:925} INFO - DAG(s) 'tutorial_taskflow_api' retrieved from /home/airflow/.local/lib/python3.12/site-packages/airflow/example_dags/tutorial_taskflow_api.py
[2026-08-12T04:31:21.669+0000] {logging_mixin.py:190} INFO - [2026-08-12T04:31:21.669+0000] {dag.py:3211} INFO - Sync 1 DAGs
[2026-08-12T04:31:21.684+0000] {logging_mixin.py:190} INFO - [2026-08-12T04:31:21.684+0000] {dag.py:4138} INFO - Setting next_dagrun for tutorial_taskflow_api to None, run_after=None
[2026-08-12T04:31:21.705+0000] {processor.py:208} INFO - Processing /home/airflow/.local/lib/python3.12/site-packages/airflow/example_dags/tutorial_taskflow_api.py took 0.077 seconds
[2026-08-12T04:31:51.800+0000] {processor.py:186} INFO - Started process (PID=219) to work on /home/airflow/.local/lib/python3.12/site-packages/airflow/example_dags/tutorial_taskflow_api.py
[2026-08-12T04:31:51.803+0000] {processor.py:914} INFO - Processing file /home/airflow/.local/lib/python3.12/site-packages/airflow/example_dags/tutorial_taskflow_api.py for tasks to queue
[2026-08-12T04:31:51.809+0000] {logging_mixin.py:190} INFO - [2026-08-12T04:31:51.809+0000] {dagbag.py:587} INFO - Filling up the DagBag from /home/airflow/.local/lib/python3.12/site-packages/airflow/example_dags/tutorial_taskflow_api.py
[2026-08-12T04:31:51.819+0000] {processor.py:925} INFO - DAG(s) 'tutorial_taskflow_api' retrieved from /home/airflow/.local/lib/python3.12/site-packages/airflow/example_dags/tutorial_taskflow_api.py
[2026-08-12T04:31:51.838+0000] {logging_mixin.py:190} INFO - [2026-08-12T04:31:51.838+0000] {dag.py:3211} INFO - Sync 1 DAGs
[2026-08-12T04:31:51.855+0000] {logging_mixin.py:190} INFO - [2026-08-12T04:31:51.855+0000] {dag.py:4138} INFO - Setting next_dagrun for tutorial_taskflow_api to None, run_after=None
[2026-08-12T04:31:51.878+0000] {processor.py:208} INFO - Processing /home/airflow/.local/lib/python3.12/site-packages/airflow/example_dags/tutorial_taskflow_api.py took 0.084 seconds
[2026-08-12T04:33:04.436+0000] {processor.py:186} INFO - Started process (PID=92) to work on /home/airflow/.local/lib/python3.12/site-packages/airflow/example_dags/tutorial_taskflow_api.py
[2026-08-12T04:33:04.438+0000] {processor.py:914} INFO - Processing file /home/airflow/.local/lib/python3.12/site-packages/airflow/example_dags/tutorial_taskflow_api.py for tasks to queue
[2026-08-12T04:33:04.444+0000] {logging_mixin.py:190} INFO - [2026-08-12T04:33:04.444+0000] {dagbag.py:587} INFO - Filling up the DagBag from /home/airflow/.local/lib/python3.12/site-packages/airflow/example_dags/tutorial_taskflow_api.py
[2026-08-12T04:33:04.461+0000] {processor.py:925} INFO - DAG(s) 'tutorial_taskflow_api' retrieved from /home/airflow/.local/lib/python3.12/site-packages/airflow/example_dags/tutorial_taskflow_api.py
[2026-08-12T04:33:04.494+0000] {logging_mixin.py:190} INFO - [2026-08-12T04:33:04.493+0000] {dag.py:3211} INFO - Sync 1 DAGs
[2026-08-12T04:33:04.526+0000] {logging_mixin.py:190} INFO - [2026-08-12T04:33:04.526+0000] {dag.py:4138} INFO - Setting next_dagrun for tutorial_taskflow_api to None, run_after=None
[2026-08-12T04:33:04.556+0000] {processor.py:208} INFO - Processing /home/airflow/.local/lib/python3.12/site-packages/airflow/example_dags/tutorial_taskflow_api.py took 0.130 seconds
[2026-08-12T04:33:35.335+0000] {processor.py:186} INFO - Started process (PID=154) to work on /home/airflow/.local/lib/python3.12/site-packages/airflow/example_dags/tutorial_taskflow_api.py
[2026-08-12T04:33:35.337+0000] {processor.py:914} INFO - Processing file /home/airflow/.local/lib/python3.12/site-packages/airflow/example_dags/tutorial_taskflow_api.py for tasks to queue
[2026-08-12T04:33:35.341+0000] {logging_mixin.py:190} INFO - [2026-08-12T04:33:35.341+0000] {dagbag.py:587} INFO - Filling up the DagBag from /home/airflow/.local/lib/python3.12/site-packages/airflow/example_dags/tutorial_taskflow_api.py
[2026-08-12T04:33:35.355+0000] {processor.py:925} INFO - DAG(s) 'tutorial_taskflow_api' retrieved from /home/airflow/.local/lib/python3.12/site-packages/airflow/example_dags/tutorial_taskflow_api.py
[2026-08-12T04:33:35.378+0000] {logging_mixin.py:190} INFO - [2026-08-12T04:33:35.378+0000] {dag.py:3211} INFO - Sync 1 DAGs
[2026-08-12T04:33:35.397+0000] {logging_mixin.py:190} INFO - [2026-08-12T04:33:35.396+0000] {dag.py:4138} INFO - Setting next_dagrun for tutorial_taskflow_api to None, run_after=None
[2026-08-12T04:33:35.423+0000] {processor.py:208} INFO - Processing /home/airflow/.local/lib/python3.12/site-packages/airflow/example_dags/tutorial_taskflow_api.py took 0.094 seconds
[2026-08-12T04:34:05.810+0000] {processor.py:186} INFO - Started process (PID=216) to work on /home/airflow/.local/lib/python3.12/site-packages/airflow/example_dags/tutorial_taskflow_api.py
[2026-08-12T04:34:05.812+0000] {processor.py:914} INFO - Processing file /home/airflow/.local/lib/python3.12/site-packages/airflow/example_dags/tutorial_taskflow_api.py for tasks to queue
[2026-08-12T04:34:05.816+0000] {logging_mixin.py:190} INFO - [2026-08-12T04:34:05.816+0000] {dagbag.py:587} INFO - Filling up the DagBag from /home/airflow/.local/lib/python3.12/site-packages/airflow/example_dags/tutorial_taskflow_api.py
[2026-08-12T04:34:05.829+0000] {processor.py:925} INFO - DAG(s) 'tutorial_taskflow_api' retrieved from /home/airflow/.local/lib/python3.12/site-packages/airflow/example_dags/tutorial_taskflow_api.py
[2026-08-12T04:34:05.854+0000] {logging_mixin.py:190} INFO - [2026-08-12T04:34:05.854+0000] {dag.py:3211} INFO - Sync 1 DAGs
[2026-08-12T04:34:05.868+0000] {logging_mixin.py:190} INFO - [2026-08-12T04:34:05.868+0000] {dag.py:4138} INFO - Setting next_dagrun for tutorial_taskflow_api to None, run_after=None
[2026-08-12T04:34:05.891+0000] {processor.py:208} INFO - Processing /home/airflow/.local/lib/python3.12/site-packages/airflow/example_dags/tutorial_taskflow_api.py took 0.090 seconds
[2026-08-12T04:34:36.433+0000] {processor.py:186} INFO - Started process (PID=278) to work on /home/airflow/.local/lib/python3.12/site-packages/airflow/example_dags/tutorial_taskflow_api.py
[2026-08-12T04:34:36.435+0000] {processor.py:914} INFO - Processing file /home/airflow/.local/lib/python3.12/site-packages/airflow/example_dags/tutorial_taskflow_api.py for tasks to queue
[2026-08-12T04:34:36.440+0000] {logging_mixin.py:190} INFO - [2026-08-12T04:34:36.439+0000] {dagbag.py:587} INFO - Filling up the DagBag from /home/airflow/.local/lib/python3.12/site-packages/airflow/example_dags/tutorial_taskflow_api.py
[2026-08-12T04:34:36.449+0000] {processor.py:925} INFO - DAG(s) 'tutorial_taskflow_api' retrieved from /home/airflow/.local/lib/python3.12/site-packages/airflow/example_dags/tutorial_taskflow_api.py
[2026-08-12T04:34:36.473+0000] {logging_mixin.py:190} INFO - [2026-08-12T04:34:36.473+0000] {dag.py:3211} INFO - Sync 1 DAGs
[2026-08-12T04:34:36.490+0000] {logging_mixin.py:190} INFO - [2026-08-12T04:34:36.490+0000] {dag.py:4138} INFO - Setting next_dagrun for tutorial_taskflow_api to None, run_after=None
[2026-08-12T04:34:36.512+0000] {processor.py:208} INFO - Processing /home/airflow/.local/lib/python3.12/site-packages/airflow/example_dags/tutorial_taskflow_api.py took 0.084 seconds
[2026-08-12T04:35:06.740+0000] {processor.py:186} INFO - Started process (PID=340) to work on /home/airflow/.local/lib/python3.12/site-packages/airflow/example_dags/tutorial_taskflow_api.py
[2026-08-12T04:35:06.742+0000] {processor.py:914} INFO - Processing file /home/airflow/.local/lib/python3.12/site-packages/airflow/example_dags/tutorial_taskflow_api.py for tasks to queue
[2026-08-12T04:35:06.745+0000] {logging_mixin.py:190} INFO - [2026-08-12T04:35:06.745+0000] {dagbag.py:587} INFO - Filling up the DagBag from /home/airflow/.local/lib/python3.12/site-packages/airflow/example_dags/tutorial_taskflow_api.py
[2026-08-12T04:35:06.755+0000] {processor.py:925} INFO - DAG(s) 'tutorial_taskflow_api' retrieved from /home/airflow/.local/lib/python3.12/site-packages/airflow/example_dags/tutorial_taskflow_api.py
[2026-08-12T04:35:06.778+0000] {logging_mixin.py:190} INFO - [2026-08-12T04:35:06.778+0000] {dag.py:3211} INFO - Sync 1 DAGs
[2026-08-12T04:35:06.794+0000] {logging_mixin.py:190} INFO - [2026-08-12T04:35:06.794+0000] {dag.py:4138} INFO - Setting next_dagrun for tutorial_taskflow_api to None, run_after=None
[2026-08-12T04:35:06.815+0000] {processor.py:208} INFO - Processing /home/airflow/.local/lib/python3.12/site-packages/airflow/example_dags/tutorial_taskflow_api.py took 0.081 seconds
[2026-08-12T04:35:37.051+0000] {processor.py:186} INFO - Started process (PID=402) to work on /home/airflow/.local/lib/python3.12/site-packages/airflow/example_dags/tutorial_taskflow_api.py
[2026-08-12T04:35:37.053+0000] {processor.py:914} INFO - Processing file /home/airflow/.local/lib/python3.12/site-packages/airflow/example_dags/tutorial_taskflow_api.py for tasks to queue
[2026-08-12T04:35:37.057+0000] {logging_mixin.py:190} INFO - [2026-08-12T04:35:37.056+0000] {dagbag.py:587} INFO - Filling up the DagBag from /home/airflow/.local/lib/python3.12/site-packages/airflow/example_dags/tutorial_taskflow_api.py
[2026-08-12T04:35:37.066+0000] {processor.py:925} INFO - DAG(s) 'tutorial_taskflow_api' retrieved from /home/airflow/.local/lib/python3.12/site-packages/airflow/example_dags/tutorial_taskflow_api.py
[2026-08-12T04:35:37.088+0000] {logging_mixin.py:190} INFO - [2026-08-12T04:35:37.088+0000] {dag.py:3211} INFO - Sync 1 DAGs
[2026-08-12T04:35:37.102+0000] {logging_mixin.py:190} INFO - [2026-08-12T04:35:37.102+0000] {dag.py:4138} INFO - Setting next_dagrun for tutorial_taskflow_api to None, run_after=None
[2026-08-12T04:35:37.123+0000] {processor.py:208} INFO - Processing /home/airflow/.local/lib/python3.12/site-packages/airflow/example_dags/tutorial_taskflow_api.py took 0.077 seconds
[2026-08-12T04:36:07.523+0000] {processor.py:186} INFO - Started process (PID=464) to work on /home/airflow/.local/lib/python3.12/site-packages/airflow/example_dags/tutorial_taskflow_api.py
[2026-08-12T04:36:07.525+0000] {processor.py:914} INFO - Processing file /home/airflow/.local/lib/python3.12/site-packages/airflow/example_dags/tutorial_taskflow_api.py for tasks to queue
[2026-08-12T04:36:07.528+0000] {logging_mixin.py:190} INFO - [2026-08-12T04:36:07.528+0000] {dagbag.py:587} INFO - Filling up the DagBag from /home/airflow/.local/lib/python3.12/site-packages/airflow/example_dags/tutorial_taskflow_api.py
[2026-08-12T04:36:07.540+0000] {processor.py:925} INFO - DAG(s) 'tutorial_taskflow_api' retrieved from /home/airflow/.local/lib/python3.12/site-packages/airflow/example_dags/tutorial_taskflow_api.py
[2026-08-12T04:36:07.560+0000] {logging_mixin.py:190} INFO - [2026-08-12T04:36:07.560+0000] {dag.py:3211} INFO - Sync 1 DAGs
[2026-08-12T04:36:07.575+0000] {logging_mixin.py:190} INFO - [2026-08-12T04:36:07.574+0000] {dag.py:4138} INFO - Setting next_dagrun for tutorial_taskflow_api to None, run_after=None
[2026-08-12T04:36:07.596+0000] {processor.py:208} INFO - Processing /home/airflow/.local/lib/python3.12/site-packages/airflow/example_dags/tutorial_taskflow_api.py took 0.081 seconds
[2026-08-12T04:36:37.784+0000] {processor.py:186} INFO - Started process (PID=526) to work on /home/airflow/.local/lib/python3.12/site-packages/airflow/example_dags/tutorial_taskflow_api.py
[2026-08-12T04:36:37.786+0000] {processor.py:914} INFO - Processing file /home/airflow/.local/lib/python3.12/site-packages/airflow/example_dags/tutorial_taskflow_api.py for tasks to queue
[2026-08-12T04:36:37.793+0000] {logging_mixin.py:190} INFO - [2026-08-12T04:36:37.791+0000] {dagbag.py:587} INFO - Filling up the DagBag from /home/airflow/.local/lib/python3.12/site-packages/airflow/example_dags/tutorial_taskflow_api.py
[2026-08-12T04:36:37.804+0000] {processor.py:925} INFO - DAG(s) 'tutorial_taskflow_api' retrieved from /home/airflow/.local/lib/python3.12/site-packages/airflow/example_dags/tutorial_taskflow_api.py
[2026-08-12T04:36:37.840+0000] {logging_mixin.py:190} INFO - [2026-08-12T04:36:37.839+0000] {dag.py:3211} INFO - Sync 1 DAGs
[2026-08-12T04:36:37.871+0000] {logging_mixin.py:190} INFO - [2026-08-12T04:36:37.871+0000] {dag.py:4138} INFO - Setting next_dagrun for tutorial_taskflow_api to None, run_after=None
[2026-08-12T04:36:37.929+0000] {processor.py:208} INFO - Processing /home/airflow/.local/lib/python3.12/site-packages/airflow/example_dags/tutorial_taskflow_api.py took 0.151 seconds
[2026-08-12T04:37:08.352+0000] {processor.py:186} INFO - Started process (PID=588) to work on /home/airflow/.local/lib/python3.12/site-packages/airflow/example_dags/tutorial_taskflow_api.py
[2026-08-12T04:37:08.354+0000] {processor.py:914} INFO - Processing file /home/airflow/.local/lib/python3.12/site-packages/airflow/example_dags/tutorial_taskflow_api.py for tasks to queue
[2026-08-12T04:37:08.358+0000] {logging_mixin.py:190} INFO - [2026-08-12T04:37:08.357+0000] {dagbag.py:587} INFO - Filling up the DagBag from /home/airflow/.local/lib/python3.12/site-packages/airflow/example_dags/tutorial_taskflow_api.py
[2026-08-12T04:37:08.367+0000] {processor.py:925} INFO - DAG(s) 'tutorial_taskflow_api' retrieved from /home/airflow/.local/lib/python3.12/site-packages/airflow/example_dags/tutorial_taskflow_api.py
[2026-08-12T04:37:08.389+0000] {logging_mixin.py:190} INFO - [2026-08-12T04:37:08.388+0000] {dag.py:3211} INFO - Sync 1 DAGs
[2026-08-12T04:37:08.407+0000] {logging_mixin.py:190} INFO - [2026-08-12T04:37:08.407+0000] {dag.py:4138} INFO - Setting next_dagrun for tutorial_taskflow_api to None, run_after=None
[2026-08-12T04:37:08.432+0000] {processor.py:208} INFO - Processing /home/airflow/.local/lib/python3.12/site-packages/airflow/example_dags/tutorial_taskflow_api.py took 0.085 seconds
[2026-08-12T04:37:38.970+0000] {processor.py:186} INFO - Started process (PID=650) to work on /home/airflow/.local/lib/python3.12/site-packages/airflow/example_dags/tutorial_taskflow_api.py
[2026-08-12T04:37:38.971+0000] {processor.py:914} INFO - Processing file /home/airflow/.local/lib/python3.12/site-packages/airflow/example_dags/tutorial_taskflow_api.py for tasks to queue
[2026-08-12T04:37:38.976+0000] {logging_mixin.py:190} INFO - [2026-08-12T04:37:38.975+0000] {dagbag.py:587} INFO - Filling up the DagBag from /home/airflow/.local/lib/python3.12/site-packages/airflow/example_dags/tutorial_taskflow_api.py
[2026-08-12T04:37:38.986+0000] {processor.py:925} INFO - DAG(s) 'tutorial_taskflow_api' retrieved from /home/airflow/.local/lib/python3.12/site-packages/airflow/example_dags/tutorial_taskflow_api.py
[2026-08-12T04:37:39.011+0000] {logging_mixin.py:190} INFO - [2026-08-12T04:37:39.011+0000] {dag.py:3211} INFO - Sync 1 DAGs
[2026-08-12T04:37:39.042+0000] {logging_mixin.py:190} INFO - [2026-08-12T04:37:39.041+0000] {dag.py:4138} INFO - Setting next_dagrun for tutorial_taskflow_api to None, run_after=None
[2026-08-12T04:37:39.095+0000] {processor.py:208} INFO - Processing /home/airflow/.local/lib/python3.12/site-packages/airflow/example_dags/tutorial_taskflow_api.py took 0.132 seconds
[2026-08-12T04:38:09.388+0000] {processor.py:186} INFO - Started process (PID=712) to work on /home/airflow/.local/lib/python3.12/site-packages/airflow/example_dags/tutorial_taskflow_api.py
[2026-08-12T04:38:09.389+0000] {processor.py:914} INFO - Processing file /home/airflow/.local/lib/python3.12/site-packages/airflow/example_dags/tutorial_taskflow_api.py for tasks to queue
[2026-08-12T04:38:09.392+0000] {logging_mixin.py:190} INFO - [2026-08-12T04:38:09.392+0000] {dagbag.py:587} INFO - Filling up the DagBag from /home/airflow/.local/lib/python3.12/site-packages/airflow/example_dags/tutorial_taskflow_api.py
[2026-08-12T04:38:09.402+0000] {processor.py:925} INFO - DAG(s) 'tutorial_taskflow_api' retrieved from /home/airflow/.local/lib/python3.12/site-packages/airflow/example_dags/tutorial_taskflow_api.py
[2026-08-12T04:38:09.424+0000] {logging_mixin.py:190} INFO - [2026-08-12T04:38:09.424+0000] {dag.py:3211} INFO - Sync 1 DAGs
[2026-08-12T04:38:09.440+0000] {logging_mixin.py:190} INFO - [2026-08-12T04:38:09.440+0000] {dag.py:4138} INFO - Setting next_dagrun for tutorial_taskflow_api to None, run_after=None
[2026-08-12T04:38:09.461+0000] {processor.py:208} INFO - Processing /home/airflow/.local/lib/python3.12/site-packages/airflow/example_dags/tutorial_taskflow_api.py took 0.078 seconds
[2026-08-12T04:38:39.646+0000] {processor.py:186} INFO - Started process (PID=773) to work on /home/airflow/.local/lib/python3.12/site-packages/airflow/example_dags/tutorial_taskflow_api.py
[2026-08-12T04:38:39.648+0000] {processor.py:914} INFO - Processing file /home/airflow/.local/lib/python3.12/site-packages/airflow/example_dags/tutorial_taskflow_api.py for tasks to queue
[2026-08-12T04:38:39.651+0000] {logging_mixin.py:190} INFO - [2026-08-12T04:38:39.650+0000] {dagbag.py:587} INFO - Filling up the DagBag from /home/airflow/.local/lib/python3.12/site-packages/airflow/example_dags/tutorial_taskflow_api.py
[2026-08-12T04:38:39.659+0000] {processor.py:925} INFO - DAG(s) 'tutorial_taskflow_api' retrieved from /home/airflow/.local/lib/python3.12/site-packages/airflow/example_dags/tutorial_taskflow_api.py
[2026-08-12T04:38:39.678+0000] {logging_mixin.py:190} INFO - [2026-08-12T04:38:39.677+0000] {dag.py:3211} INFO - Sync 1 DAGs
[2026-08-12T04:38:39.694+0000] {logging_mixin.py:190} INFO - [2026-08-12T04:38:39.694+0000] {dag.py:4138} INFO - Setting next_dagrun for tutorial_taskflow_api to None, run_after=None
[2026-08-12T04:38:39.714+0000] {processor.py:208} INFO - Processing /home/airflow/.local/lib/python3.12/site-packages/airflow/example_dags/tutorial_taskflow_api.py took 0.073 seconds
[2026-08-12T04:39:10.394+0000] {processor.py:186} INFO - Started process (PID=836) to work on /home/airflow/.local/lib/python3.12/site-packages/airflow/example_dags/tutorial_taskflow_api.py
[2026-08-12T04:39:10.396+0000] {processor.py:914} INFO - Processing file /home/airflow/.local/lib/python3.12/site-packages/airflow/example_dags/tutorial_taskflow_api.py for tasks to queue
[2026-08-12T04:39:10.400+0000] {logging_mixin.py:190} INFO - [2026-08-12T04:39:10.400+0000] {dagbag.py:587} INFO - Filling up the DagBag from /home/airflow/.local/lib/python3.12/site-packages/airflow/example_dags/tutorial_taskflow_api.py
[2026-08-12T04:39:10.412+0000] {processor.py:925} INFO - DAG(s) 'tutorial_taskflow_api' retrieved from /home/airflow/.local/lib/python3.12/site-packages/airflow/example_dags/tutorial_taskflow_api.py
[2026-08-12T04:39:10.437+0000] {logging_mixin.py:190} INFO - [2026-08-12T04:39:10.437+0000] {dag.py:3211} INFO - Sync 1 DAGs
[2026-08-12T04:39:10.456+0000] {logging_mixin.py:190} INFO - [2026-08-12T04:39:10.455+0000] {dag.py:4138} INFO - Setting next_dagrun for tutorial_taskflow_api to None, run_after=None
[2026-08-12T04:39:10.496+0000] {processor.py:208} INFO - Processing /home/airflow/.local/lib/python3.12/site-packages/airflow/example_dags/tutorial_taskflow_api.py took 0.108 seconds
[2026-08-12T04:39:41.137+0000] {processor.py:186} INFO - Started process (PID=898) to work on /home/airflow/.local/lib/python3.12/site-packages/airflow/example_dags/tutorial_taskflow_api.py
[2026-08-12T04:39:41.138+0000] {processor.py:914} INFO - Processing file /home/airflow/.local/lib/python3.12/site-packages/airflow/example_dags/tutorial_taskflow_api.py for tasks to queue
[2026-08-12T04:39:41.141+0000] {logging_mixin.py:190} INFO - [2026-08-12T04:39:41.141+0000] {dagbag.py:587} INFO - Filling up the DagBag from /home/airflow/.local/lib/python3.12/site-packages/airflow/example_dags/tutorial_taskflow_api.py
[2026-08-12T04:39:41.150+0000] {processor.py:925} INFO - DAG(s) 'tutorial_taskflow_api' retrieved from /home/airflow/.local/lib/python3.12/site-packages/airflow/example_dags/tutorial_taskflow_api.py
[2026-08-12T04:39:41.173+0000] {logging_mixin.py:190} INFO - [2026-08-12T04:39:41.173+0000] {dag.py:3211} INFO - Sync 1 DAGs
[2026-08-12T04:39:41.190+0000] {logging_mixin.py:190} INFO - [2026-08-12T04:39:41.190+0000] {dag.py:4138} INFO - Setting next_dagrun for tutorial_taskflow_api to None, run_after=None
[2026-08-12T04:39:41.215+0000] {processor.py:208} INFO - Processing /home/airflow/.local/lib/python3.12/site-packages/airflow/example_dags/tutorial_taskflow_api.py took 0.085 seconds
[2026-08-12T04:40:11.676+0000] {processor.py:186} INFO - Started process (PID=960) to work on /home/airflow/.local/lib/python3.12/site-packages/airflow/example_dags/tutorial_taskflow_api.py
[2026-08-12T04:40:11.678+0000] {processor.py:914} INFO - Processing file /home/airflow/.local/lib/python3.12/site-packages/airflow/example_dags/tutorial_taskflow_api.py for tasks to queue
[2026-08-12T04:40:11.681+0000] {logging_mixin.py:190} INFO - [2026-08-12T04:40:11.681+0000] {dagbag.py:587} INFO - Filling up the DagBag from /home/airflow/.local/lib/python3.12/site-packages/airflow/example_dags/tutorial_taskflow_api.py
[2026-08-12T04:40:11.691+0000] {processor.py:925} INFO - DAG(s) 'tutorial_taskflow_api' retrieved from /home/airflow/.local/lib/python3.12/site-packages/airflow/example_dags/tutorial_taskflow_api.py
[2026-08-12T04:40:11.713+0000] {logging_mixin.py:190} INFO - [2026-08-12T04:40:11.713+0000] {dag.py:3211} INFO - Sync 1 DAGs
[2026-08-12T04:40:11.727+0000] {logging_mixin.py:190} INFO - [2026-08-12T04:40:11.727+0000] {dag.py:4138} INFO - Setting next_dagrun for tutorial_taskflow_api to None, run_after=None
[2026-08-12T04:40:11.748+0000] {processor.py:208} INFO - Processing /home/airflow/.local/lib/python3.12/site-packages/airflow/example_dags/tutorial_taskflow_api.py took 0.078 seconds
[2026-08-12T04:40:42.217+0000] {processor.py:186} INFO - Started process (PID=1022) to work on /home/airflow/.local/lib/python3.12/site-packages/airflow/example_dags/tutorial_taskflow_api.py
[2026-08-12T04:40:42.218+0000] {processor.py:914} INFO - Processing file /home/airflow/.local/lib/python3.12/site-packages/airflow/example_dags/tutorial_taskflow_api.py for tasks to queue
[2026-08-12T04:40:42.221+0000] {logging_mixin.py:190} INFO - [2026-08-12T04:40:42.221+0000] {dagbag.py:587} INFO - Filling up the DagBag from /home/airflow/.local/lib/python3.12/site-packages/airflow/example_dags/tutorial_taskflow_api.py
[2026-08-12T04:40:42.230+0000] {processor.py:925} INFO - DAG(s) 'tutorial_taskflow_api' retrieved from /home/airflow/.local/lib/python3.12/site-packages/airflow/example_dags/tutorial_taskflow_api.py
[2026-08-12T04:40:42.249+0000] {logging_mixin.py:190} INFO - [2026-08-12T04:40:42.249+0000] {dag.py:3211} INFO - Sync 1 DAGs
[2026-08-12T04:40:42.264+0000] {logging_mixin.py:190} INFO - [2026-08-12T04:40:42.264+0000] {dag.py:4138} INFO - Setting next_dagrun for tutorial_taskflow_api to None, run_after=None
[2026-08-12T04:40:42.286+0000] {processor.py:208} INFO - Processing /home/airflow/.local/lib/python3.12/site-packages/airflow/example_dags/tutorial_taskflow_api.py took 0.076 seconds
[2026-08-12T04:41:12.454+0000] {processor.py:186} INFO - Started process (PID=1084) to work on /home/airflow/.local/lib/python3.12/site-packages/airflow/example_dags/tutorial_taskflow_api.py
[2026-08-12T04:41:12.456+0000] {processor.py:914} INFO - Processing file /home/airflow/.local/lib/python3.12/site-packages/airflow/example_dags/tutorial_taskflow_api.py for tasks to queue
[2026-08-12T04:41:12.459+0000] {logging_mixin.py:190} INFO - [2026-08-12T04:41:12.458+0000] {dagbag.py:587} INFO - Filling up the DagBag from /home/airflow/.local/lib/python3.12/site-packages/airflow/example_dags/tutorial_taskflow_api.py
[2026-08-12T04:41:12.466+0000] {processor.py:925} INFO - DAG(s) 'tutorial_taskflow_api' retrieved from /home/airflow/.local/lib/python3.12/site-packages/airflow/example_dags/tutorial_taskflow_api.py
[2026-08-12T04:41:12.484+0000] {logging_mixin.py:190} INFO - [2026-08-12T04:41:12.484+0000] {dag.py:3211} INFO - Sync 1 DAGs
[2026-08-12T04:41:12.497+0000] {logging_mixin.py:190} INFO - [2026-08-12T04:41:12.497+0000] {dag.py:4138} INFO - Setting next_dagrun for tutorial_taskflow_api to None, run_after=None
[2026-08-12T04:41:12.515+0000] {processor.py:208} INFO - Processing /home/airflow/.local/lib/python3.12/site-packages/airflow/example_dags/tutorial_taskflow_api.py took 0.065 seconds
[2026-08-12T04:41:43.298+0000] {processor.py:186} INFO - Started process (PID=1146) to work on /home/airflow/.local/lib/python3.12/site-packages/airflow/example_dags/tutorial_taskflow_api.py
[2026-08-12T04:41:43.300+0000] {processor.py:914} INFO - Processing file /home/airflow/.local/lib/python3.12/site-packages/airflow/example_dags/tutorial_taskflow_api.py for tasks to queue
[2026-08-12T04:41:43.304+0000] {logging_mixin.py:190} INFO - [2026-08-12T04:41:43.303+0000] {dagbag.py:587} INFO - Filling up the DagBag from /home/airflow/.local/lib/python3.12/site-packages/airflow/example_dags/tutorial_taskflow_api.py
[2026-08-12T04:41:43.312+0000] {processor.py:925} INFO - DAG(s) 'tutorial_taskflow_api' retrieved from /home/airflow/.local/lib/python3.12/site-packages/airflow/example_dags/tutorial_taskflow_api.py
[2026-08-12T04:41:43.336+0000] {logging_mixin.py:190} INFO - [2026-08-12T04:41:43.336+0000] {dag.py:3211} INFO - Sync 1 DAGs
[2026-08-12T04:41:43.351+0000] {logging_mixin.py:190} INFO - [2026-08-12T04:41:43.351+0000] {dag.py:4138} INFO - Setting next_dagrun for tutorial_taskflow_api to None, run_after=None
[2026-08-12T04:41:43.373+0000] {processor.py:208} INFO - Processing /home/airflow/.local/lib/python3.12/site-packages/airflow/example_dags/tutorial_taskflow_api.py took 0.081 seconds
[2026-08-12T04:42:13.694+0000] {processor.py:186} INFO - Started process (PID=1208) to work on /home/airflow/.local/lib/python3.12/site-packages/airflow/example_dags/tutorial_taskflow_api.py
[2026-08-12T04:42:13.696+0000] {processor.py:914} INFO - Processing file /home/airflow/.local/lib/python3.12/site-packages/airflow/example_dags/tutorial_taskflow_api.py for tasks to queue
[2026-08-12T04:42:13.699+0000] {logging_mixin.py:190} INFO - [2026-08-12T04:42:13.699+0000] {dagbag.py:587} INFO - Filling up the DagBag from /home/airflow/.local/lib/python3.12/site-packages/airflow/example_dags/tutorial_taskflow_api.py
[2026-08-12T04:42:13.707+0000] {processor.py:925} INFO - DAG(s) 'tutorial_taskflow_api' retrieved from /home/airflow/.local/lib/python3.12/site-packages/airflow/example_dags/tutorial_taskflow_api.py
[2026-08-12T04:42:13.729+0000] {logging_mixin.py:190} INFO - [2026-08-12T04:42:13.729+0000] {dag.py:3211} INFO - Sync 1 DAGs
[2026-08-12T04:42:13.745+0000] {logging_mixin.py:190} INFO - [2026-08-12T04:42:13.745+0000] {dag.py:4138} INFO - Setting next_dagrun for tutorial_taskflow_api to None, run_after=None
[2026-08-12T04:42:13.767+0000] {processor.py:208} INFO - Processing /home/airflow/.local/lib/python3.12/site-packages/airflow/example_dags/tutorial_taskflow_api.py took 0.077 seconds
[2026-08-12T04:42:44.108+0000] {processor.py:186} INFO - Started process (PID=1270) to work on /home/airflow/.local/lib/python3.12/site-packages/airflow/example_dags/tutorial_taskflow_api.py
[2026-08-12T04:42:44.110+0000] {processor.py:914} INFO - Processing file /home/airflow/.local/lib/python3.12/site-packages/airflow/example_dags/tutorial_taskflow_api.py for tasks to queue
[2026-08-12T04:42:44.113+0000] {logging_mixin.py:190} INFO - [2026-08-12T04:42:44.113+0000] {dagbag.py:587} INFO - Filling up the DagBag from /home/airflow/.local/lib/python3.12/site-packages/airflow/example_dags/tutorial_taskflow_api.py
[2026-08-12T04:42:44.122+0000] {processor.py:925} INFO - DAG(s) 'tutorial_taskflow_api' retrieved from /home/airflow/.local/lib/python3.12/site-packages/airflow/example_dags/tutorial_taskflow_api.py
[2026-08-12T04:42:44.141+0000] {logging_mixin.py:190} INFO - [2026-08-12T04:42:44.141+0000] {dag.py:3211} INFO - Sync 1 DAGs
[2026-08-12T04:42:44.157+0000] {logging_mixin.py:190} INFO - [2026-08-12T04:42:44.156+0000] {dag.py:4138} INFO - Setting next_dagrun for tutorial_taskflow_api to None, run_after=None
[2026-08-12T04:42:44.177+0000] {processor.py:208} INFO - Processing /home/airflow/.local/lib/python3.12/site-packages/airflow/example_dags/tutorial_taskflow_api.py took 0.075 seconds
[2026-08-12T04:43:14.551+0000] {processor.py:186} INFO - Started process (PID=1332) to work on /home/airflow/.local/lib/python3.12/site-packages/airflow/example_dags/tutorial_taskflow_api.py
[2026-08-12T04:43:14.553+0000] {processor.py:914} INFO - Processing file /home/airflow/.local/lib/python3.12/site-packages/airflow/example_dags/tutorial_taskflow_api.py for tasks to queue
[2026-08-12T04:43:14.556+0000] {logging_mixin.py:190} INFO - [2026-08-12T04:43:14.556+0000] {dagbag.py:587} INFO - Filling up the DagBag from /home/airflow/.local/lib/python3.12/site-packages/airflow/example_dags/tutorial_taskflow_api.py
[2026-08-12T04:43:14.565+0000] {processor.py:925} INFO - DAG(s) 'tutorial_taskflow_api' retrieved from /home/airflow/.local/lib/python3.12/site-packages/airflow/example_dags/tutorial_taskflow_api.py
[2026-08-12T04:43:14.587+0000] {logging_mixin.py:190} INFO - [2026-08-12T04:43:14.587+0000] {dag.py:3211} INFO - Sync 1 DAGs
[2026-08-12T04:43:14.605+0000] {logging_mixin.py:190} INFO - [2026-08-12T04:43:14.604+0000] {dag.py:4138} INFO - Setting next_dagrun for tutorial_taskflow_api to None, run_after=None
[2026-08-12T04:43:14.630+0000] {processor.py:208} INFO - Processing /home/airflow/.local/lib/python3.12/site-packages/airflow/example_dags/tutorial_taskflow_api.py took 0.085 seconds
[2026-08-12T04:43:44.921+0000] {processor.py:186} INFO - Started process (PID=1394) to work on /home/airflow/.local/lib/python3.12/site-packages/airflow/example_dags/tutorial_taskflow_api.py
[2026-08-12T04:43:44.924+0000] {processor.py:914} INFO - Processing file /home/airflow/.local/lib/python3.12/site-packages/airflow/example_dags/tutorial_taskflow_api.py for tasks to queue
[2026-08-12T04:43:44.928+0000] {logging_mixin.py:190} INFO - [2026-08-12T04:43:44.928+0000] {dagbag.py:587} INFO - Filling up the DagBag from /home/airflow/.local/lib/python3.12/site-packages/airflow/example_dags/tutorial_taskflow_api.py
[2026-08-12T04:43:44.938+0000] {processor.py:925} INFO - DAG(s) 'tutorial_taskflow_api' retrieved from /home/airflow/.local/lib/python3.12/site-packages/airflow/example_dags/tutorial_taskflow_api.py
[2026-08-12T04:43:44.965+0000] {logging_mixin.py:190} INFO - [2026-08-12T04:43:44.965+0000] {dag.py:3211} INFO - Sync 1 DAGs
[2026-08-12T04:43:44.984+0000] {logging_mixin.py:190} INFO - [2026-08-12T04:43:44.984+0000] {dag.py:4138} INFO - Setting next_dagrun for tutorial_taskflow_api to None, run_after=None
[2026-08-12T04:43:45.013+0000] {processor.py:208} INFO - Processing /home/airflow/.local/lib/python3.12/site-packages/airflow/example_dags/tutorial_taskflow_api.py took 0.099 seconds
[2026-08-12T04:44:15.634+0000] {processor.py:186} INFO - Started process (PID=1456) to work on /home/airflow/.local/lib/python3.12/site-packages/airflow/example_dags/tutorial_taskflow_api.py
[2026-08-12T04:44:15.635+0000] {processor.py:914} INFO - Processing file /home/airflow/.local/lib/python3.12/site-packages/airflow/example_dags/tutorial_taskflow_api.py for tasks to queue
[2026-08-12T04:44:15.638+0000] {logging_mixin.py:190} INFO - [2026-08-12T04:44:15.638+0000] {dagbag.py:587} INFO - Filling up the DagBag from /home/airflow/.local/lib/python3.12/site-packages/airflow/example_dags/tutorial_taskflow_api.py
[2026-08-12T04:44:15.647+0000] {processor.py:925} INFO - DAG(s) 'tutorial_taskflow_api' retrieved from /home/airflow/.local/lib/python3.12/site-packages/airflow/example_dags/tutorial_taskflow_api.py
[2026-08-12T04:44:15.670+0000] {logging_mixin.py:190} INFO - [2026-08-12T04:44:15.670+0000] {dag.py:3211} INFO - Sync 1 DAGs
[2026-08-12T04:44:15.685+0000] {logging_mixin.py:190} INFO - [2026-08-12T04:44:15.685+0000] {dag.py:4138} INFO - Setting next_dagrun for tutorial_taskflow_api to None, run_after=None
[2026-08-12T04:44:15.708+0000] {processor.py:208} INFO - Processing /home/airflow/.local/lib/python3.12/site-packages/airflow/example_dags/tutorial_taskflow_api.py took 0.080 seconds
[2026-08-12T04:44:46.014+0000] {processor.py:186} INFO - Started process (PID=1519) to work on /home/airflow/.local/lib/python3.12/site-packages/airflow/example_dags/tutorial_taskflow_api.py
[2026-08-12T04:44:46.016+0000] {processor.py:914} INFO - Processing file /home/airflow/.local/lib/python3.12/site-packages/airflow/example_dags/tutorial_taskflow_api.py for tasks to queue
[2026-08-12T04:44:46.019+0000] {logging_mixin.py:190} INFO - [2026-08-12T04:44:46.019+0000] {dagbag.py:587} INFO - Filling up the DagBag from /home/airflow/.local/lib/python3.12/site-packages/airflow/example_dags/tutorial_taskflow_api.py
[2026-08-12T04:44:46.031+0000] {processor.py:925} INFO - DAG(s) 'tutorial_taskflow_api' retrieved from /home/airflow/.local/lib/python3.12/site-packages/airflow/example_dags/tutorial_taskflow_api.py
[2026-08-12T04:44:46.050+0000] {logging_mixin.py:190} INFO - [2026-08-12T04:44:46.050+0000] {dag.py:3211} INFO - Sync 1 DAGs
[2026-08-12T04:44:46.066+0000] {logging_mixin.py:190} INFO - [2026-08-12T04:44:46.065+0000] {dag.py:4138} INFO - Setting next_dagrun for tutorial_taskflow_api to None, run_after=None
[2026-08-12T04:44:46.085+0000] {processor.py:208} INFO - Processing /home/airflow/.local/lib/python3.12/site-packages/airflow/example_dags/tutorial_taskflow_api.py took 0.077 seconds
[2026-08-12T04:45:16.465+0000] {processor.py:186} INFO - Started process (PID=1581) to work on /home/airflow/.local/lib/python3.12/site-packages/airflow/example_dags/tutorial_taskflow_api.py
[2026-08-12T04:45:16.467+0000] {processor.py:914} INFO - Processing file /home/airflow/.local/lib/python3.12/site-packages/airflow/example_dags/tutorial_taskflow_api.py for tasks to queue
[2026-08-12T04:45:16.471+0000] {logging_mixin.py:190} INFO - [2026-08-12T04:45:16.470+0000] {dagbag.py:587} INFO - Filling up the DagBag from /home/airflow/.local/lib/python3.12/site-packages/airflow/example_dags/tutorial_taskflow_api.py
[2026-08-12T04:45:16.484+0000] {processor.py:925} INFO - DAG(s) 'tutorial_taskflow_api' retrieved from /home/airflow/.local/lib/python3.12/site-packages/airflow/example_dags/tutorial_taskflow_api.py
[2026-08-12T04:45:16.510+0000] {logging_mixin.py:190} INFO - [2026-08-12T04:45:16.510+0000] {dag.py:3211} INFO - Sync 1 DAGs
[2026-08-12T04:45:16.526+0000] {logging_mixin.py:190} INFO - [2026-08-12T04:45:16.526+0000] {dag.py:4138} INFO - Setting next_dagrun for tutorial_taskflow_api to None, run_after=None
[2026-08-12T04:45:16.549+0000] {processor.py:208} INFO - Processing /home/airflow/.local/lib/python3.12/site-packages/airflow/example_dags/tutorial_taskflow_api.py took 0.095 seconds
[2026-08-12T04:45:47.144+0000] {processor.py:186} INFO - Started process (PID=1643) to work on /home/airflow/.local/lib/python3.12/site-packages/airflow/example_dags/tutorial_taskflow_api.py
[2026-08-12T04:45:47.146+0000] {processor.py:914} INFO - Processing file /home/airflow/.local/lib/python3.12/site-packages/airflow/example_dags/tutorial_taskflow_api.py for tasks to queue
[2026-08-12T04:45:47.152+0000] {logging_mixin.py:190} INFO - [2026-08-12T04:45:47.151+0000] {dagbag.py:587} INFO - Filling up the DagBag from /home/airflow/.local/lib/python3.12/site-packages/airflow/example_dags/tutorial_taskflow_api.py
[2026-08-12T04:45:47.166+0000] {processor.py:925} INFO - DAG(s) 'tutorial_taskflow_api' retrieved from /home/airflow/.local/lib/python3.12/site-packages/airflow/example_dags/tutorial_taskflow_api.py
[2026-08-12T04:45:47.194+0000] {logging_mixin.py:190} INFO - [2026-08-12T04:45:47.194+0000] {dag.py:3211} INFO - Sync 1 DAGs
[2026-08-12T04:45:47.210+0000] {logging_mixin.py:190} INFO - [2026-08-12T04:45:47.210+0000] {dag.py:4138} INFO - Setting next_dagrun for tutorial_taskflow_api to None, run_after=None
[2026-08-12T04:45:47.231+0000] {processor.py:208} INFO - Processing /home/airflow/.local/lib/python3.12/site-packages/airflow/example_dags/tutorial_taskflow_api.py took 0.094 seconds
[2026-08-12T04:46:17.722+0000] {processor.py:186} INFO - Started process (PID=1705) to work on /home/airflow/.local/lib/python3.12/site-packages/airflow/example_dags/tutorial_taskflow_api.py
[2026-08-12T04:46:17.724+0000] {processor.py:914} INFO - Processing file /home/airflow/.local/lib/python3.12/site-packages/airflow/example_dags/tutorial_taskflow_api.py for tasks to queue
[2026-08-12T04:46:17.727+0000] {logging_mixin.py:190} INFO - [2026-08-12T04:46:17.727+0000] {dagbag.py:587} INFO - Filling up the DagBag from /home/airflow/.local/lib/python3.12/site-packages/airflow/example_dags/tutorial_taskflow_api.py
[2026-08-12T04:46:17.737+0000] {processor.py:925} INFO - DAG(s) 'tutorial_taskflow_api' retrieved from /home/airflow/.local/lib/python3.12/site-packages/airflow/example_dags/tutorial_taskflow_api.py
[2026-08-12T04:46:17.762+0000] {logging_mixin.py:190} INFO - [2026-08-12T04:46:17.761+0000] {dag.py:3211} INFO - Sync 1 DAGs
[2026-08-12T04:46:17.782+0000] {logging_mixin.py:190} INFO - [2026-08-12T04:46:17.781+0000] {dag.py:4138} INFO - Setting next_dagrun for tutorial_taskflow_api to None, run_after=None
[2026-08-12T04:46:17.803+0000] {processor.py:208} INFO - Processing /home/airflow/.local/lib/python3.12/site-packages/airflow/example_dags/tutorial_taskflow_api.py took 0.087 seconds
[2026-08-12T04:46:48.288+0000] {processor.py:186} INFO - Started process (PID=1767) to work on /home/airflow/.local/lib/python3.12/site-packages/airflow/example_dags/tutorial_taskflow_api.py
[2026-08-12T04:46:48.290+0000] {processor.py:914} INFO - Processing file /home/airflow/.local/lib/python3.12/site-packages/airflow/example_dags/tutorial_taskflow_api.py for tasks to queue
[2026-08-12T04:46:48.292+0000] {logging_mixin.py:190} INFO - [2026-08-12T04:46:48.292+0000] {dagbag.py:587} INFO - Filling up the DagBag from /home/airflow/.local/lib/python3.12/site-packages/airflow/example_dags/tutorial_taskflow_api.py
[2026-08-12T04:46:48.303+0000] {processor.py:925} INFO - DAG(s) 'tutorial_taskflow_api' retrieved from /home/airflow/.local/lib/python3.12/site-packages/airflow/example_dags/tutorial_taskflow_api.py
[2026-08-12T04:46:48.325+0000] {logging_mixin.py:190} INFO - [2026-08-12T04:46:48.324+0000] {dag.py:3211} INFO - Sync 1 DAGs
[2026-08-12T04:46:48.346+0000] {logging_mixin.py:190} INFO - [2026-08-12T04:46:48.345+0000] {dag.py:4138} INFO - Setting next_dagrun for tutorial_taskflow_api to None, run_after=None
[2026-08-12T04:46:48.369+0000] {processor.py:208} INFO - Processing /home/airflow/.local/lib/python3.12/site-packages/airflow/example_dags/tutorial_taskflow_api.py took 0.091 seconds
[2026-08-12T04:47:18.884+0000] {processor.py:186} INFO - Started process (PID=1829) to work on /home/airflow/.local/lib/python3.12/site-packages/airflow/example_dags/tutorial_taskflow_api.py
[2026-08-12T04:47:18.885+0000] {processor.py:914} INFO - Processing file /home/airflow/.local/lib/python3.12/site-packages/airflow/example_dags/tutorial_taskflow_api.py for tasks to queue
[2026-08-12T04:47:18.888+0000] {logging_mixin.py:190} INFO - [2026-08-12T04:47:18.888+0000] {dagbag.py:587} INFO - Filling up the DagBag from /home/airflow/.local/lib/python3.12/site-packages/airflow/example_dags/tutorial_taskflow_api.py
[2026-08-12T04:47:18.899+0000] {processor.py:925} INFO - DAG(s) 'tutorial_taskflow_api' retrieved from /home/airflow/.local/lib/python3.12/site-packages/airflow/example_dags/tutorial_taskflow_api.py
[2026-08-12T04:47:18.922+0000] {logging_mixin.py:190} INFO - [2026-08-12T04:47:18.922+0000] {dag.py:3211} INFO - Sync 1 DAGs
[2026-08-12T04:47:18.940+0000] {logging_mixin.py:190} INFO - [2026-08-12T04:47:18.940+0000] {dag.py:4138} INFO - Setting next_dagrun for tutorial_taskflow_api to None, run_after=None
[2026-08-12T04:47:18.960+0000] {processor.py:208} INFO - Processing /home/airflow/.local/lib/python3.12/site-packages/airflow/example_dags/tutorial_taskflow_api.py took 0.083 seconds
[2026-08-12T04:47:49.716+0000] {processor.py:186} INFO - Started process (PID=1891) to work on /home/airflow/.local/lib/python3.12/site-packages/airflow/example_dags/tutorial_taskflow_api.py
[2026-08-12T04:47:49.718+0000] {processor.py:914} INFO - Processing file /home/airflow/.local/lib/python3.12/site-packages/airflow/example_dags/tutorial_taskflow_api.py for tasks to queue
[2026-08-12T04:47:49.722+0000] {logging_mixin.py:190} INFO - [2026-08-12T04:47:49.722+0000] {dagbag.py:587} INFO - Filling up the DagBag from /home/airflow/.local/lib/python3.12/site-packages/airflow/example_dags/tutorial_taskflow_api.py
[2026-08-12T04:47:49.731+0000] {processor.py:925} INFO - DAG(s) 'tutorial_taskflow_api' retrieved from /home/airflow/.local/lib/python3.12/site-packages/airflow/example_dags/tutorial_taskflow_api.py
[2026-08-12T04:47:49.750+0000] {logging_mixin.py:190} INFO - [2026-08-12T04:47:49.750+0000] {dag.py:3211} INFO - Sync 1 DAGs
[2026-08-12T04:47:49.764+0000] {logging_mixin.py:190} INFO - [2026-08-12T04:47:49.763+0000] {dag.py:4138} INFO - Setting next_dagrun for tutorial_taskflow_api to None, run_after=None
[2026-08-12T04:47:49.785+0000] {processor.py:208} INFO - Processing /home/airflow/.local/lib/python3.12/site-packages/airflow/example_dags/tutorial_taskflow_api.py took 0.074 seconds
[2026-08-12T04:48:20.277+0000] {processor.py:186} INFO - Started process (PID=1954) to work on /home/airflow/.local/lib/python3.12/site-packages/airflow/example_dags/tutorial_taskflow_api.py
[2026-08-12T04:48:20.279+0000] {processor.py:914} INFO - Processing file /home/airflow/.local/lib/python3.12/site-packages/airflow/example_dags/tutorial_taskflow_api.py for tasks to queue
[2026-08-12T04:48:20.283+0000] {logging_mixin.py:190} INFO - [2026-08-12T04:48:20.283+0000] {dagbag.py:587} INFO - Filling up the DagBag from /home/airflow/.local/lib/python3.12/site-packages/airflow/example_dags/tutorial_taskflow_api.py
[2026-08-12T04:48:20.298+0000] {processor.py:925} INFO - DAG(s) 'tutorial_taskflow_api' retrieved from /home/airflow/.local/lib/python3.12/site-packages/airflow/example_dags/tutorial_taskflow_api.py
[2026-08-12T04:48:20.341+0000] {logging_mixin.py:190} INFO - [2026-08-12T04:48:20.340+0000] {dag.py:3211} INFO - Sync 1 DAGs
[2026-08-12T04:48:20.380+0000] {logging_mixin.py:190} INFO - [2026-08-12T04:48:20.380+0000] {dag.py:4138} INFO - Setting next_dagrun for tutorial_taskflow_api to None, run_after=None
[2026-08-12T04:48:20.437+0000] {processor.py:208} INFO - Processing /home/airflow/.local/lib/python3.12/site-packages/airflow/example_dags/tutorial_taskflow_api.py took 0.169 seconds
[2026-08-12T04:48:51.297+0000] {processor.py:186} INFO - Started process (PID=2017) to work on /home/airflow/.local/lib/python3.12/site-packages/airflow/example_dags/tutorial_taskflow_api.py
[2026-08-12T04:48:51.299+0000] {processor.py:914} INFO - Processing file /home/airflow/.local/lib/python3.12/site-packages/airflow/example_dags/tutorial_taskflow_api.py for tasks to queue
[2026-08-12T04:48:51.302+0000] {logging_mixin.py:190} INFO - [2026-08-12T04:48:51.301+0000] {dagbag.py:587} INFO - Filling up the DagBag from /home/airflow/.local/lib/python3.12/site-packages/airflow/example_dags/tutorial_taskflow_api.py
[2026-08-12T04:48:51.310+0000] {processor.py:925} INFO - DAG(s) 'tutorial_taskflow_api' retrieved from /home/airflow/.local/lib/python3.12/site-packages/airflow/example_dags/tutorial_taskflow_api.py
[2026-08-12T04:48:51.332+0000] {logging_mixin.py:190} INFO - [2026-08-12T04:48:51.332+0000] {dag.py:3211} INFO - Sync 1 DAGs
[2026-08-12T04:48:51.354+0000] {logging_mixin.py:190} INFO - [2026-08-12T04:48:51.353+0000] {dag.py:4138} INFO - Setting next_dagrun for tutorial_taskflow_api to None, run_after=None
[2026-08-12T04:48:51.378+0000] {processor.py:208} INFO - Processing /home/airflow/.local/lib/python3.12/site-packages/airflow/example_dags/tutorial_taskflow_api.py took 0.087 seconds
[2026-08-12T04:49:21.732+0000] {processor.py:186} INFO - Started process (PID=2080) to work on /home/airflow/.local/lib/python3.12/site-packages/airflow/example_dags/tutorial_taskflow_api.py
[2026-08-12T04:49:21.733+0000] {processor.py:914} INFO - Processing file /home/airflow/.local/lib/python3.12/site-packages/airflow/example_dags/tutorial_taskflow_api.py for tasks to queue
[2026-08-12T04:49:21.738+0000] {logging_mixin.py:190} INFO - [2026-08-12T04:49:21.736+0000] {dagbag.py:587} INFO - Filling up the DagBag from /home/airflow/.local/lib/python3.12/site-packages/airflow/example_dags/tutorial_taskflow_api.py
[2026-08-12T04:49:21.747+0000] {processor.py:925} INFO - DAG(s) 'tutorial_taskflow_api' retrieved from /home/airflow/.local/lib/python3.12/site-packages/airflow/example_dags/tutorial_taskflow_api.py
[2026-08-12T04:49:21.767+0000] {logging_mixin.py:190} INFO - [2026-08-12T04:49:21.767+0000] {dag.py:3211} INFO - Sync 1 DAGs
[2026-08-12T04:49:21.785+0000] {logging_mixin.py:190} INFO - [2026-08-12T04:49:21.785+0000] {dag.py:4138} INFO - Setting next_dagrun for tutorial_taskflow_api to None, run_after=None
[2026-08-12T04:49:21.818+0000] {processor.py:208} INFO - Processing /home/airflow/.local/lib/python3.12/site-packages/airflow/example_dags/tutorial_taskflow_api.py took 0.093 seconds
[2026-08-12T04:49:52.763+0000] {processor.py:186} INFO - Started process (PID=2144) to work on /home/airflow/.local/lib/python3.12/site-packages/airflow/example_dags/tutorial_taskflow_api.py
[2026-08-12T04:49:52.765+0000] {processor.py:914} INFO - Processing file /home/airflow/.local/lib/python3.12/site-packages/airflow/example_dags/tutorial_taskflow_api.py for tasks to queue
[2026-08-12T04:49:52.769+0000] {logging_mixin.py:190} INFO - [2026-08-12T04:49:52.768+0000] {dagbag.py:587} INFO - Filling up the DagBag from /home/airflow/.local/lib/python3.12/site-packages/airflow/example_dags/tutorial_taskflow_api.py
[2026-08-12T04:49:52.782+0000] {processor.py:925} INFO - DAG(s) 'tutorial_taskflow_api' retrieved from /home/airflow/.local/lib/python3.12/site-packages/airflow/example_dags/tutorial_taskflow_api.py
[2026-08-12T04:49:52.807+0000] {logging_mixin.py:190} INFO - [2026-08-12T04:49:52.807+0000] {dag.py:3211} INFO - Sync 1 DAGs
[2026-08-12T04:49:52.822+0000] {logging_mixin.py:190} INFO - [2026-08-12T04:49:52.822+0000] {dag.py:4138} INFO - Setting next_dagrun for tutorial_taskflow_api to None, run_after=None
[2026-08-12T04:49:52.842+0000] {processor.py:208} INFO - Processing /home/airflow/.local/lib/python3.12/site-packages/airflow/example_dags/tutorial_taskflow_api.py took 0.089 seconds
[2026-08-12T04:50:23.394+0000] {processor.py:186} INFO - Started process (PID=2208) to work on /home/airflow/.local/lib/python3.12/site-packages/airflow/example_dags/tutorial_taskflow_api.py
[2026-08-12T04:50:23.395+0000] {processor.py:914} INFO - Processing file /home/airflow/.local/lib/python3.12/site-packages/airflow/example_dags/tutorial_taskflow_api.py for tasks to queue
[2026-08-12T04:50:23.399+0000] {logging_mixin.py:190} INFO - [2026-08-12T04:50:23.398+0000] {dagbag.py:587} INFO - Filling up the DagBag from /home/airflow/.local/lib/python3.12/site-packages/airflow/example_dags/tutorial_taskflow_api.py
[2026-08-12T04:50:23.408+0000] {processor.py:925} INFO - DAG(s) 'tutorial_taskflow_api' retrieved from /home/airflow/.local/lib/python3.12/site-packages/airflow/example_dags/tutorial_taskflow_api.py
[2026-08-12T04:50:23.430+0000] {logging_mixin.py:190} INFO - [2026-08-12T04:50:23.430+0000] {dag.py:3211} INFO - Sync 1 DAGs
[2026-08-12T04:50:23.447+0000] {logging_mixin.py:190} INFO - [2026-08-12T04:50:23.447+0000] {dag.py:4138} INFO - Setting next_dagrun for tutorial_taskflow_api to None, run_after=None
[2026-08-12T04:50:23.483+0000] {processor.py:208} INFO - Processing /home/airflow/.local/lib/python3.12/site-packages/airflow/example_dags/tutorial_taskflow_api.py took 0.095 seconds
[2026-08-12T04:50:54.159+0000] {processor.py:186} INFO - Started process (PID=2271) to work on /home/airflow/.local/lib/python3.12/site-packages/airflow/example_dags/tutorial_taskflow_api.py
[2026-08-12T04:50:54.161+0000] {processor.py:914} INFO - Processing file /home/airflow/.local/lib/python3.12/site-packages/airflow/example_dags/tutorial_taskflow_api.py for tasks to queue
[2026-08-12T04:50:54.164+0000] {logging_mixin.py:190} INFO - [2026-08-12T04:50:54.163+0000] {dagbag.py:587} INFO - Filling up the DagBag from /home/airflow/.local/lib/python3.12/site-packages/airflow/example_dags/tutorial_taskflow_api.py
[2026-08-12T04:50:54.171+0000] {processor.py:925} INFO - DAG(s) 'tutorial_taskflow_api' retrieved from /home/airflow/.local/lib/python3.12/site-packages/airflow/example_dags/tutorial_taskflow_api.py
[2026-08-12T04:50:54.191+0000] {logging_mixin.py:190} INFO - [2026-08-12T04:50:54.191+0000] {dag.py:3211} INFO - Sync 1 DAGs
[2026-08-12T04:50:54.212+0000] {logging_mixin.py:190} INFO - [2026-08-12T04:50:54.212+0000] {dag.py:4138} INFO - Setting next_dagrun for tutorial_taskflow_api to None, run_after=None
[2026-08-12T04:50:54.246+0000] {processor.py:208} INFO - Processing /home/airflow/.local/lib/python3.12/site-packages/airflow/example_dags/tutorial_taskflow_api.py took 0.092 seconds
[2026-08-12T04:51:24.826+0000] {processor.py:186} INFO - Started process (PID=2334) to work on /home/airflow/.local/lib/python3.12/site-packages/airflow/example_dags/tutorial_taskflow_api.py
[2026-08-12T04:51:24.828+0000] {processor.py:914} INFO - Processing file /home/airflow/.local/lib/python3.12/site-packages/airflow/example_dags/tutorial_taskflow_api.py for tasks to queue
[2026-08-12T04:51:24.831+0000] {logging_mixin.py:190} INFO - [2026-08-12T04:51:24.831+0000] {dagbag.py:587} INFO - Filling up the DagBag from /home/airflow/.local/lib/python3.12/site-packages/airflow/example_dags/tutorial_taskflow_api.py
[2026-08-12T04:51:24.840+0000] {processor.py:925} INFO - DAG(s) 'tutorial_taskflow_api' retrieved from /home/airflow/.local/lib/python3.12/site-packages/airflow/example_dags/tutorial_taskflow_api.py
[2026-08-12T04:51:24.863+0000] {logging_mixin.py:190} INFO - [2026-08-12T04:51:24.862+0000] {dag.py:3211} INFO - Sync 1 DAGs
[2026-08-12T04:51:24.884+0000] {logging_mixin.py:190} INFO - [2026-08-12T04:51:24.883+0000] {dag.py:4138} INFO - Setting next_dagrun for tutorial_taskflow_api to None, run_after=None
[2026-08-12T04:51:24.921+0000] {processor.py:208} INFO - Processing /home/airflow/.local/lib/python3.12/site-packages/airflow/example_dags/tutorial_taskflow_api.py took 0.101 seconds
[2026-08-12T04:51:55.690+0000] {processor.py:186} INFO - Started process (PID=2397) to work on /home/airflow/.local/lib/python3.12/site-packages/airflow/example_dags/tutorial_taskflow_api.py
[2026-08-12T04:51:55.692+0000] {processor.py:914} INFO - Processing file /home/airflow/.local/lib/python3.12/site-packages/airflow/example_dags/tutorial_taskflow_api.py for tasks to queue
[2026-08-12T04:51:55.695+0000] {logging_mixin.py:190} INFO - [2026-08-12T04:51:55.695+0000] {dagbag.py:587} INFO - Filling up the DagBag from /home/airflow/.local/lib/python3.12/site-packages/airflow/example_dags/tutorial_taskflow_api.py
[2026-08-12T04:51:55.704+0000] {processor.py:925} INFO - DAG(s) 'tutorial_taskflow_api' retrieved from /home/airflow/.local/lib/python3.12/site-packages/airflow/example_dags/tutorial_taskflow_api.py
[2026-08-12T04:51:55.728+0000] {logging_mixin.py:190} INFO - [2026-08-12T04:51:55.728+0000] {dag.py:3211} INFO - Sync 1 DAGs
[2026-08-12T04:51:55.745+0000] {logging_mixin.py:190} INFO - [2026-08-12T04:51:55.745+0000] {dag.py:4138} INFO - Setting next_dagrun for tutorial_taskflow_api to None, run_after=None
[2026-08-12T04:51:55.771+0000] {processor.py:208} INFO - Processing /home/airflow/.local/lib/python3.12/site-packages/airflow/example_dags/tutorial_taskflow_api.py took 0.086 seconds
[2026-08-12T04:52:25.874+0000] {processor.py:186} INFO - Started process (PID=2459) to work on /home/airflow/.local/lib/python3.12/site-packages/airflow/example_dags/tutorial_taskflow_api.py
[2026-08-12T04:52:25.876+0000] {processor.py:914} INFO - Processing file /home/airflow/.local/lib/python3.12/site-packages/airflow/example_dags/tutorial_taskflow_api.py for tasks to queue
[2026-08-12T04:52:25.879+0000] {logging_mixin.py:190} INFO - [2026-08-12T04:52:25.878+0000] {dagbag.py:587} INFO - Filling up the DagBag from /home/airflow/.local/lib/python3.12/site-packages/airflow/example_dags/tutorial_taskflow_api.py
[2026-08-12T04:52:25.887+0000] {processor.py:925} INFO - DAG(s) 'tutorial_taskflow_api' retrieved from /home/airflow/.local/lib/python3.12/site-packages/airflow/example_dags/tutorial_taskflow_api.py
[2026-08-12T04:52:25.908+0000] {logging_mixin.py:190} INFO - [2026-08-12T04:52:25.908+0000] {dag.py:3211} INFO - Sync 1 DAGs
[2026-08-12T04:52:25.923+0000] {logging_mixin.py:190} INFO - [2026-08-12T04:52:25.922+0000] {dag.py:4138} INFO - Setting next_dagrun for tutorial_taskflow_api to None, run_after=None
[2026-08-12T04:52:25.943+0000] {processor.py:208} INFO - Processing /home/airflow/.local/lib/python3.12/site-packages/airflow/example_dags/tutorial_taskflow_api.py took 0.074 seconds
[2026-08-12T04:52:56.913+0000] {processor.py:186} INFO - Started process (PID=2523) to work on /home/airflow/.local/lib/python3.12/site-packages/airflow/example_dags/tutorial_taskflow_api.py
[2026-08-12T04:52:56.915+0000] {processor.py:914} INFO - Processing file /home/airflow/.local/lib/python3.12/site-packages/airflow/example_dags/tutorial_taskflow_api.py for tasks to queue
[2026-08-12T04:52:56.918+0000] {logging_mixin.py:190} INFO - [2026-08-12T04:52:56.918+0000] {dagbag.py:587} INFO - Filling up the DagBag from /home/airflow/.local/lib/python3.12/site-packages/airflow/example_dags/tutorial_taskflow_api.py
[2026-08-12T04:52:56.926+0000] {processor.py:925} INFO - DAG(s) 'tutorial_taskflow_api' retrieved from /home/airflow/.local/lib/python3.12/site-packages/airflow/example_dags/tutorial_taskflow_api.py
[2026-08-12T04:52:56.947+0000] {logging_mixin.py:190} INFO - [2026-08-12T04:52:56.946+0000] {dag.py:3211} INFO - Sync 1 DAGs
[2026-08-12T04:52:56.967+0000] {logging_mixin.py:190} INFO - [2026-08-12T04:52:56.967+0000] {dag.py:4138} INFO - Setting next_dagrun for tutorial_taskflow_api to None, run_after=None
[2026-08-12T04:52:56.989+0000] {processor.py:208} INFO - Processing /home/airflow/.local/lib/python3.12/site-packages/airflow/example_dags/tutorial_taskflow_api.py took 0.081 seconds
[2026-08-12T04:53:27.792+0000] {processor.py:186} INFO - Started process (PID=2586) to work on /home/airflow/.local/lib/python3.12/site-packages/airflow/example_dags/tutorial_taskflow_api.py
[2026-08-12T04:53:27.794+0000] {processor.py:914} INFO - Processing file /home/airflow/.local/lib/python3.12/site-packages/airflow/example_dags/tutorial_taskflow_api.py for tasks to queue
[2026-08-12T04:53:27.798+0000] {logging_mixin.py:190} INFO - [2026-08-12T04:53:27.798+0000] {dagbag.py:587} INFO - Filling up the DagBag from /home/airflow/.local/lib/python3.12/site-packages/airflow/example_dags/tutorial_taskflow_api.py
[2026-08-12T04:53:27.808+0000] {processor.py:925} INFO - DAG(s) 'tutorial_taskflow_api' retrieved from /home/airflow/.local/lib/python3.12/site-packages/airflow/example_dags/tutorial_taskflow_api.py
[2026-08-12T04:53:27.830+0000] {logging_mixin.py:190} INFO - [2026-08-12T04:53:27.829+0000] {dag.py:3211} INFO - Sync 1 DAGs
[2026-08-12T04:53:27.845+0000] {logging_mixin.py:190} INFO - [2026-08-12T04:53:27.845+0000] {dag.py:4138} INFO - Setting next_dagrun for tutorial_taskflow_api to None, run_after=None
[2026-08-12T04:53:27.865+0000] {processor.py:208} INFO - Processing /home/airflow/.local/lib/python3.12/site-packages/airflow/example_dags/tutorial_taskflow_api.py took 0.079 seconds
[2026-08-12T04:53:58.691+0000] {processor.py:186} INFO - Started process (PID=2649) to work on /home/airflow/.local/lib/python3.12/site-packages/airflow/example_dags/tutorial_taskflow_api.py
[2026-08-12T04:53:58.693+0000] {processor.py:914} INFO - Processing file /home/airflow/.local/lib/python3.12/site-packages/airflow/example_dags/tutorial_taskflow_api.py for tasks to queue
[2026-08-12T04:53:58.698+0000] {logging_mixin.py:190} INFO - [2026-08-12T04:53:58.697+0000] {dagbag.py:587} INFO - Filling up the DagBag from /home/airflow/.local/lib/python3.12/site-packages/airflow/example_dags/tutorial_taskflow_api.py
[2026-08-12T04:53:58.712+0000] {processor.py:925} INFO - DAG(s) 'tutorial_taskflow_api' retrieved from /home/airflow/.local/lib/python3.12/site-packages/airflow/example_dags/tutorial_taskflow_api.py
[2026-08-12T04:53:58.734+0000] {logging_mixin.py:190} INFO - [2026-08-12T04:53:58.734+0000] {dag.py:3211} INFO - Sync 1 DAGs
[2026-08-12T04:53:58.750+0000] {logging_mixin.py:190} INFO - [2026-08-12T04:53:58.749+0000] {dag.py:4138} INFO - Setting next_dagrun for tutorial_taskflow_api to None, run_after=None
[2026-08-12T04:53:58.771+0000] {processor.py:208} INFO - Processing /home/airflow/.local/lib/python3.12/site-packages/airflow/example_dags/tutorial_taskflow_api.py took 0.088 seconds
[2026-08-12T04:54:29.445+0000] {processor.py:186} INFO - Started process (PID=2712) to work on /home/airflow/.local/lib/python3.12/site-packages/airflow/example_dags/tutorial_taskflow_api.py
[2026-08-12T04:54:29.446+0000] {processor.py:914} INFO - Processing file /home/airflow/.local/lib/python3.12/site-packages/airflow/example_dags/tutorial_taskflow_api.py for tasks to queue
[2026-08-12T04:54:29.449+0000] {logging_mixin.py:190} INFO - [2026-08-12T04:54:29.448+0000] {dagbag.py:587} INFO - Filling up the DagBag from /home/airflow/.local/lib/python3.12/site-packages/airflow/example_dags/tutorial_taskflow_api.py
[2026-08-12T04:54:29.457+0000] {processor.py:925} INFO - DAG(s) 'tutorial_taskflow_api' retrieved from /home/airflow/.local/lib/python3.12/site-packages/airflow/example_dags/tutorial_taskflow_api.py
[2026-08-12T04:54:29.477+0000] {logging_mixin.py:190} INFO - [2026-08-12T04:54:29.476+0000] {dag.py:3211} INFO - Sync 1 DAGs
[2026-08-12T04:54:29.489+0000] {logging_mixin.py:190} INFO - [2026-08-12T04:54:29.489+0000] {dag.py:4138} INFO - Setting next_dagrun for tutorial_taskflow_api to None, run_after=None
[2026-08-12T04:54:29.521+0000] {processor.py:208} INFO - Processing /home/airflow/.local/lib/python3.12/site-packages/airflow/example_dags/tutorial_taskflow_api.py took 0.082 seconds
[2026-08-12T04:55:00.079+0000] {processor.py:186} INFO - Started process (PID=2775) to work on /home/airflow/.local/lib/python3.12/site-packages/airflow/example_dags/tutorial_taskflow_api.py
[2026-08-12T04:55:00.081+0000] {processor.py:914} INFO - Processing file /home/airflow/.local/lib/python3.12/site-packages/airflow/example_dags/tutorial_taskflow_api.py for tasks to queue
[2026-08-12T04:55:00.084+0000] {logging_mixin.py:190} INFO - [2026-08-12T04:55:00.084+0000] {dagbag.py:587} INFO - Filling up the DagBag from /home/airflow/.local/lib/python3.12/site-packages/airflow/example_dags/tutorial_taskflow_api.py
[2026-08-12T04:55:00.094+0000] {processor.py:925} INFO - DAG(s) 'tutorial_taskflow_api' retrieved from /home/airflow/.local/lib/python3.12/site-packages/airflow/example_dags/tutorial_taskflow_api.py
[2026-08-12T04:55:00.122+0000] {logging_mixin.py:190} INFO - [2026-08-12T04:55:00.122+0000] {dag.py:3211} INFO - Sync 1 DAGs
[2026-08-12T04:55:00.149+0000] {logging_mixin.py:190} INFO - [2026-08-12T04:55:00.149+0000] {dag.py:4138} INFO - Setting next_dagrun for tutorial_taskflow_api to None, run_after=None
[2026-08-12T04:55:00.190+0000] {processor.py:208} INFO - Processing /home/airflow/.local/lib/python3.12/site-packages/airflow/example_dags/tutorial_taskflow_api.py took 0.117 seconds
[2026-08-12T04:55:30.826+0000] {processor.py:186} INFO - Started process (PID=2838) to work on /home/airflow/.local/lib/python3.12/site-packages/airflow/example_dags/tutorial_taskflow_api.py
[2026-08-12T04:55:30.828+0000] {processor.py:914} INFO - Processing file /home/airflow/.local/lib/python3.12/site-packages/airflow/example_dags/tutorial_taskflow_api.py for tasks to queue
[2026-08-12T04:55:30.831+0000] {logging_mixin.py:190} INFO - [2026-08-12T04:55:30.830+0000] {dagbag.py:587} INFO - Filling up the DagBag from /home/airflow/.local/lib/python3.12/site-packages/airflow/example_dags/tutorial_taskflow_api.py
[2026-08-12T04:55:30.839+0000] {processor.py:925} INFO - DAG(s) 'tutorial_taskflow_api' retrieved from /home/airflow/.local/lib/python3.12/site-packages/airflow/example_dags/tutorial_taskflow_api.py
[2026-08-12T04:55:30.860+0000] {logging_mixin.py:190} INFO - [2026-08-12T04:55:30.860+0000] {dag.py:3211} INFO - Sync 1 DAGs
[2026-08-12T04:55:30.879+0000] {logging_mixin.py:190} INFO - [2026-08-12T04:55:30.879+0000] {dag.py:4138} INFO - Setting next_dagrun for tutorial_taskflow_api to None, run_after=None
[2026-08-12T04:55:30.928+0000] {processor.py:208} INFO - Processing /home/airflow/.local/lib/python3.12/site-packages/airflow/example_dags/tutorial_taskflow_api.py took 0.108 seconds
[2026-08-12T04:56:01.399+0000] {processor.py:186} INFO - Started process (PID=2901) to work on /home/airflow/.local/lib/python3.12/site-packages/airflow/example_dags/tutorial_taskflow_api.py
[2026-08-12T04:56:01.401+0000] {processor.py:914} INFO - Processing file /home/airflow/.local/lib/python3.12/site-packages/airflow/example_dags/tutorial_taskflow_api.py for tasks to queue
[2026-08-12T04:56:01.405+0000] {logging_mixin.py:190} INFO - [2026-08-12T04:56:01.405+0000] {dagbag.py:587} INFO - Filling up the DagBag from /home/airflow/.local/lib/python3.12/site-packages/airflow/example_dags/tutorial_taskflow_api.py
[2026-08-12T04:56:01.414+0000] {processor.py:925} INFO - DAG(s) 'tutorial_taskflow_api' retrieved from /home/airflow/.local/lib/python3.12/site-packages/airflow/example_dags/tutorial_taskflow_api.py
[2026-08-12T04:56:01.435+0000] {logging_mixin.py:190} INFO - [2026-08-12T04:56:01.435+0000] {dag.py:3211} INFO - Sync 1 DAGs
[2026-08-12T04:56:01.448+0000] {logging_mixin.py:190} INFO - [2026-08-12T04:56:01.448+0000] {dag.py:4138} INFO - Setting next_dagrun for tutorial_taskflow_api to None, run_after=None
[2026-08-12T04:56:01.483+0000] {processor.py:208} INFO - Processing /home/airflow/.local/lib/python3.12/site-packages/airflow/example_dags/tutorial_taskflow_api.py took 0.090 seconds
[2026-08-12T04:56:32.086+0000] {processor.py:186} INFO - Started process (PID=2964) to work on /home/airflow/.local/lib/python3.12/site-packages/airflow/example_dags/tutorial_taskflow_api.py
[2026-08-12T04:56:32.088+0000] {processor.py:914} INFO - Processing file /home/airflow/.local/lib/python3.12/site-packages/airflow/example_dags/tutorial_taskflow_api.py for tasks to queue
[2026-08-12T04:56:32.091+0000] {logging_mixin.py:190} INFO - [2026-08-12T04:56:32.091+0000] {dagbag.py:587} INFO - Filling up the DagBag from /home/airflow/.local/lib/python3.12/site-packages/airflow/example_dags/tutorial_taskflow_api.py
[2026-08-12T04:56:32.100+0000] {processor.py:925} INFO - DAG(s) 'tutorial_taskflow_api' retrieved from /home/airflow/.local/lib/python3.12/site-packages/airflow/example_dags/tutorial_taskflow_api.py
[2026-08-12T04:56:32.125+0000] {logging_mixin.py:190} INFO - [2026-08-12T04:56:32.124+0000] {dag.py:3211} INFO - Sync 1 DAGs
[2026-08-12T04:56:32.145+0000] {logging_mixin.py:190} INFO - [2026-08-12T04:56:32.145+0000] {dag.py:4138} INFO - Setting next_dagrun for tutorial_taskflow_api to None, run_after=None
[2026-08-12T04:56:32.165+0000] {processor.py:208} INFO - Processing /home/airflow/.local/lib/python3.12/site-packages/airflow/example_dags/tutorial_taskflow_api.py took 0.085 seconds
[2026-08-12T04:57:02.850+0000] {processor.py:186} INFO - Started process (PID=3027) to work on /home/airflow/.local/lib/python3.12/site-packages/airflow/example_dags/tutorial_taskflow_api.py
[2026-08-12T04:57:02.852+0000] {processor.py:914} INFO - Processing file /home/airflow/.local/lib/python3.12/site-packages/airflow/example_dags/tutorial_taskflow_api.py for tasks to queue
[2026-08-12T04:57:02.856+0000] {logging_mixin.py:190} INFO - [2026-08-12T04:57:02.855+0000] {dagbag.py:587} INFO - Filling up the DagBag from /home/airflow/.local/lib/python3.12/site-packages/airflow/example_dags/tutorial_taskflow_api.py
[2026-08-12T04:57:02.867+0000] {processor.py:925} INFO - DAG(s) 'tutorial_taskflow_api' retrieved from /home/airflow/.local/lib/python3.12/site-packages/airflow/example_dags/tutorial_taskflow_api.py
[2026-08-12T04:57:02.896+0000] {logging_mixin.py:190} INFO - [2026-08-12T04:57:02.896+0000] {dag.py:3211} INFO - Sync 1 DAGs
[2026-08-12T04:57:02.915+0000] {logging_mixin.py:190} INFO - [2026-08-12T04:57:02.914+0000] {dag.py:4138} INFO - Setting next_dagrun for tutorial_taskflow_api to None, run_after=None
[2026-08-12T04:57:02.942+0000] {processor.py:208} INFO - Processing /home/airflow/.local/lib/python3.12/site-packages/airflow/example_dags/tutorial_taskflow_api.py took 0.102 seconds
[2026-08-12T04:57:33.082+0000] {processor.py:186} INFO - Started process (PID=3095) to work on /home/airflow/.local/lib/python3.12/site-packages/airflow/example_dags/tutorial_taskflow_api.py
[2026-08-12T04:57:33.084+0000] {processor.py:914} INFO - Processing file /home/airflow/.local/lib/python3.12/site-packages/airflow/example_dags/tutorial_taskflow_api.py for tasks to queue
[2026-08-12T04:57:33.087+0000] {logging_mixin.py:190} INFO - [2026-08-12T04:57:33.087+0000] {dagbag.py:587} INFO - Filling up the DagBag from /home/airflow/.local/lib/python3.12/site-packages/airflow/example_dags/tutorial_taskflow_api.py
[2026-08-12T04:57:33.096+0000] {processor.py:925} INFO - DAG(s) 'tutorial_taskflow_api' retrieved from /home/airflow/.local/lib/python3.12/site-packages/airflow/example_dags/tutorial_taskflow_api.py
[2026-08-12T04:57:33.120+0000] {logging_mixin.py:190} INFO - [2026-08-12T04:57:33.119+0000] {dag.py:3211} INFO - Sync 1 DAGs
[2026-08-12T04:57:33.136+0000] {logging_mixin.py:190} INFO - [2026-08-12T04:57:33.136+0000] {dag.py:4138} INFO - Setting next_dagrun for tutorial_taskflow_api to None, run_after=None
[2026-08-12T04:57:33.160+0000] {processor.py:208} INFO - Processing /home/airflow/.local/lib/python3.12/site-packages/airflow/example_dags/tutorial_taskflow_api.py took 0.084 seconds
[2026-08-12T04:58:03.849+0000] {processor.py:186} INFO - Started process (PID=3158) to work on /home/airflow/.local/lib/python3.12/site-packages/airflow/example_dags/tutorial_taskflow_api.py
[2026-08-12T04:58:03.851+0000] {processor.py:914} INFO - Processing file /home/airflow/.local/lib/python3.12/site-packages/airflow/example_dags/tutorial_taskflow_api.py for tasks to queue
[2026-08-12T04:58:03.855+0000] {logging_mixin.py:190} INFO - [2026-08-12T04:58:03.854+0000] {dagbag.py:587} INFO - Filling up the DagBag from /home/airflow/.local/lib/python3.12/site-packages/airflow/example_dags/tutorial_taskflow_api.py
[2026-08-12T04:58:03.866+0000] {processor.py:925} INFO - DAG(s) 'tutorial_taskflow_api' retrieved from /home/airflow/.local/lib/python3.12/site-packages/airflow/example_dags/tutorial_taskflow_api.py
[2026-08-12T04:58:03.889+0000] {logging_mixin.py:190} INFO - [2026-08-12T04:58:03.889+0000] {dag.py:3211} INFO - Sync 1 DAGs
[2026-08-12T04:58:03.907+0000] {logging_mixin.py:190} INFO - [2026-08-12T04:58:03.907+0000] {dag.py:4138} INFO - Setting next_dagrun for tutorial_taskflow_api to None, run_after=None
[2026-08-12T04:58:03.928+0000] {processor.py:208} INFO - Processing /home/airflow/.local/lib/python3.12/site-packages/airflow/example_dags/tutorial_taskflow_api.py took 0.086 seconds
[2026-08-12T04:58:34.028+0000] {processor.py:186} INFO - Started process (PID=3220) to work on /home/airflow/.local/lib/python3.12/site-packages/airflow/example_dags/tutorial_taskflow_api.py
[2026-08-12T04:58:34.030+0000] {processor.py:914} INFO - Processing file /home/airflow/.local/lib/python3.12/site-packages/airflow/example_dags/tutorial_taskflow_api.py for tasks to queue
[2026-08-12T04:58:34.033+0000] {logging_mixin.py:190} INFO - [2026-08-12T04:58:34.032+0000] {dagbag.py:587} INFO - Filling up the DagBag from /home/airflow/.local/lib/python3.12/site-packages/airflow/example_dags/tutorial_taskflow_api.py
[2026-08-12T04:58:34.041+0000] {processor.py:925} INFO - DAG(s) 'tutorial_taskflow_api' retrieved from /home/airflow/.local/lib/python3.12/site-packages/airflow/example_dags/tutorial_taskflow_api.py
[2026-08-12T04:58:34.060+0000] {logging_mixin.py:190} INFO - [2026-08-12T04:58:34.060+0000] {dag.py:3211} INFO - Sync 1 DAGs
[2026-08-12T04:58:34.075+0000] {logging_mixin.py:190} INFO - [2026-08-12T04:58:34.074+0000] {dag.py:4138} INFO - Setting next_dagrun for tutorial_taskflow_api to None, run_after=None
[2026-08-12T04:58:34.093+0000] {processor.py:208} INFO - Processing /home/airflow/.local/lib/python3.12/site-packages/airflow/example_dags/tutorial_taskflow_api.py took 0.070 seconds
[2026-08-12T04:59:04.281+0000] {processor.py:186} INFO - Started process (PID=3283) to work on /home/airflow/.local/lib/python3.12/site-packages/airflow/example_dags/tutorial_taskflow_api.py
[2026-08-12T04:59:04.283+0000] {processor.py:914} INFO - Processing file /home/airflow/.local/lib/python3.12/site-packages/airflow/example_dags/tutorial_taskflow_api.py for tasks to queue
[2026-08-12T04:59:04.285+0000] {logging_mixin.py:190} INFO - [2026-08-12T04:59:04.285+0000] {dagbag.py:587} INFO - Filling up the DagBag from /home/airflow/.local/lib/python3.12/site-packages/airflow/example_dags/tutorial_taskflow_api.py
[2026-08-12T04:59:04.293+0000] {processor.py:925} INFO - DAG(s) 'tutorial_taskflow_api' retrieved from /home/airflow/.local/lib/python3.12/site-packages/airflow/example_dags/tutorial_taskflow_api.py
[2026-08-12T04:59:04.313+0000] {logging_mixin.py:190} INFO - [2026-08-12T04:59:04.313+0000] {dag.py:3211} INFO - Sync 1 DAGs
[2026-08-12T04:59:04.326+0000] {logging_mixin.py:190} INFO - [2026-08-12T04:59:04.326+0000] {dag.py:4138} INFO - Setting next_dagrun for tutorial_taskflow_api to None, run_after=None
[2026-08-12T04:59:04.347+0000] {processor.py:208} INFO - Processing /home/airflow/.local/lib/python3.12/site-packages/airflow/example_dags/tutorial_taskflow_api.py took 0.071 seconds
[2026-08-12T04:59:35.207+0000] {processor.py:186} INFO - Started process (PID=3347) to work on /home/airflow/.local/lib/python3.12/site-packages/airflow/example_dags/tutorial_taskflow_api.py
[2026-08-12T04:59:35.209+0000] {processor.py:914} INFO - Processing file /home/airflow/.local/lib/python3.12/site-packages/airflow/example_dags/tutorial_taskflow_api.py for tasks to queue
[2026-08-12T04:59:35.214+0000] {logging_mixin.py:190} INFO - [2026-08-12T04:59:35.213+0000] {dagbag.py:587} INFO - Filling up the DagBag from /home/airflow/.local/lib/python3.12/site-packages/airflow/example_dags/tutorial_taskflow_api.py
[2026-08-12T04:59:35.223+0000] {processor.py:925} INFO - DAG(s) 'tutorial_taskflow_api' retrieved from /home/airflow/.local/lib/python3.12/site-packages/airflow/example_dags/tutorial_taskflow_api.py
[2026-08-12T04:59:35.420+0000] {logging_mixin.py:190} INFO - [2026-08-12T04:59:35.420+0000] {dag.py:3211} INFO - Sync 1 DAGs
[2026-08-12T04:59:35.431+0000] {logging_mixin.py:190} INFO - [2026-08-12T04:59:35.431+0000] {dag.py:4138} INFO - Setting next_dagrun for tutorial_taskflow_api to None, run_after=None
[2026-08-12T04:59:35.448+0000] {processor.py:208} INFO - Processing /home/airflow/.local/lib/python3.12/site-packages/airflow/example_dags/tutorial_taskflow_api.py took 0.249 seconds
[2026-08-12T05:00:05.686+0000] {processor.py:186} INFO - Started process (PID=3410) to work on /home/airflow/.local/lib/python3.12/site-packages/airflow/example_dags/tutorial_taskflow_api.py
[2026-08-12T05:00:05.688+0000] {processor.py:914} INFO - Processing file /home/airflow/.local/lib/python3.12/site-packages/airflow/example_dags/tutorial_taskflow_api.py for tasks to queue
[2026-08-12T05:00:05.691+0000] {logging_mixin.py:190} INFO - [2026-08-12T05:00:05.691+0000] {dagbag.py:587} INFO - Filling up the DagBag from /home/airflow/.local/lib/python3.12/site-packages/airflow/example_dags/tutorial_taskflow_api.py
[2026-08-12T05:00:05.699+0000] {processor.py:925} INFO - DAG(s) 'tutorial_taskflow_api' retrieved from /home/airflow/.local/lib/python3.12/site-packages/airflow/example_dags/tutorial_taskflow_api.py
[2026-08-12T05:00:05.720+0000] {logging_mixin.py:190} INFO - [2026-08-12T05:00:05.720+0000] {dag.py:3211} INFO - Sync 1 DAGs
[2026-08-12T05:00:05.735+0000] {logging_mixin.py:190} INFO - [2026-08-12T05:00:05.735+0000] {dag.py:4138} INFO - Setting next_dagrun for tutorial_taskflow_api to None, run_after=None
[2026-08-12T05:00:05.756+0000] {processor.py:208} INFO - Processing /home/airflow/.local/lib/python3.12/site-packages/airflow/example_dags/tutorial_taskflow_api.py took 0.075 seconds
[2026-08-12T05:00:36.137+0000] {processor.py:186} INFO - Started process (PID=3473) to work on /home/airflow/.local/lib/python3.12/site-packages/airflow/example_dags/tutorial_taskflow_api.py
[2026-08-12T05:00:36.139+0000] {processor.py:914} INFO - Processing file /home/airflow/.local/lib/python3.12/site-packages/airflow/example_dags/tutorial_taskflow_api.py for tasks to queue
[2026-08-12T05:00:36.142+0000] {logging_mixin.py:190} INFO - [2026-08-12T05:00:36.141+0000] {dagbag.py:587} INFO - Filling up the DagBag from /home/airflow/.local/lib/python3.12/site-packages/airflow/example_dags/tutorial_taskflow_api.py
[2026-08-12T05:00:36.150+0000] {processor.py:925} INFO - DAG(s) 'tutorial_taskflow_api' retrieved from /home/airflow/.local/lib/python3.12/site-packages/airflow/example_dags/tutorial_taskflow_api.py
[2026-08-12T05:00:36.175+0000] {logging_mixin.py:190} INFO - [2026-08-12T05:00:36.174+0000] {dag.py:3211} INFO - Sync 1 DAGs
[2026-08-12T05:00:36.190+0000] {logging_mixin.py:190} INFO - [2026-08-12T05:00:36.190+0000] {dag.py:4138} INFO - Setting next_dagrun for tutorial_taskflow_api to None, run_after=None
[2026-08-12T05:00:36.210+0000] {processor.py:208} INFO - Processing /home/airflow/.local/lib/python3.12/site-packages/airflow/example_dags/tutorial_taskflow_api.py took 0.079 seconds
[2026-08-12T05:01:06.894+0000] {processor.py:186} INFO - Started process (PID=3536) to work on /home/airflow/.local/lib/python3.12/site-packages/airflow/example_dags/tutorial_taskflow_api.py
[2026-08-12T05:01:06.895+0000] {processor.py:914} INFO - Processing file /home/airflow/.local/lib/python3.12/site-packages/airflow/example_dags/tutorial_taskflow_api.py for tasks to queue
[2026-08-12T05:01:06.899+0000] {logging_mixin.py:190} INFO - [2026-08-12T05:01:06.898+0000] {dagbag.py:587} INFO - Filling up the DagBag from /home/airflow/.local/lib/python3.12/site-packages/airflow/example_dags/tutorial_taskflow_api.py
[2026-08-12T05:01:06.910+0000] {processor.py:925} INFO - DAG(s) 'tutorial_taskflow_api' retrieved from /home/airflow/.local/lib/python3.12/site-packages/airflow/example_dags/tutorial_taskflow_api.py
[2026-08-12T05:01:06.933+0000] {logging_mixin.py:190} INFO - [2026-08-12T05:01:06.933+0000] {dag.py:3211} INFO - Sync 1 DAGs
[2026-08-12T05:01:06.949+0000] {logging_mixin.py:190} INFO - [2026-08-12T05:01:06.949+0000] {dag.py:4138} INFO - Setting next_dagrun for tutorial_taskflow_api to None, run_after=None
[2026-08-12T05:01:06.968+0000] {processor.py:208} INFO - Processing /home/airflow/.local/lib/python3.12/site-packages/airflow/example_dags/tutorial_taskflow_api.py took 0.082 seconds
[2026-08-12T05:01:37.334+0000] {processor.py:186} INFO - Started process (PID=3599) to work on /home/airflow/.local/lib/python3.12/site-packages/airflow/example_dags/tutorial_taskflow_api.py
[2026-08-12T05:01:37.336+0000] {processor.py:914} INFO - Processing file /home/airflow/.local/lib/python3.12/site-packages/airflow/example_dags/tutorial_taskflow_api.py for tasks to queue
[2026-08-12T05:01:37.340+0000] {logging_mixin.py:190} INFO - [2026-08-12T05:01:37.339+0000] {dagbag.py:587} INFO - Filling up the DagBag from /home/airflow/.local/lib/python3.12/site-packages/airflow/example_dags/tutorial_taskflow_api.py
[2026-08-12T05:01:37.350+0000] {processor.py:925} INFO - DAG(s) 'tutorial_taskflow_api' retrieved from /home/airflow/.local/lib/python3.12/site-packages/airflow/example_dags/tutorial_taskflow_api.py
[2026-08-12T05:01:37.376+0000] {logging_mixin.py:190} INFO - [2026-08-12T05:01:37.376+0000] {dag.py:3211} INFO - Sync 1 DAGs
[2026-08-12T05:01:37.391+0000] {logging_mixin.py:190} INFO - [2026-08-12T05:01:37.391+0000] {dag.py:4138} INFO - Setting next_dagrun for tutorial_taskflow_api to None, run_after=None
[2026-08-12T05:01:37.411+0000] {processor.py:208} INFO - Processing /home/airflow/.local/lib/python3.12/site-packages/airflow/example_dags/tutorial_taskflow_api.py took 0.083 seconds
[2026-08-12T05:02:08.120+0000] {processor.py:186} INFO - Started process (PID=3662) to work on /home/airflow/.local/lib/python3.12/site-packages/airflow/example_dags/tutorial_taskflow_api.py
[2026-08-12T05:02:08.122+0000] {processor.py:914} INFO - Processing file /home/airflow/.local/lib/python3.12/site-packages/airflow/example_dags/tutorial_taskflow_api.py for tasks to queue
[2026-08-12T05:02:08.125+0000] {logging_mixin.py:190} INFO - [2026-08-12T05:02:08.125+0000] {dagbag.py:587} INFO - Filling up the DagBag from /home/airflow/.local/lib/python3.12/site-packages/airflow/example_dags/tutorial_taskflow_api.py
[2026-08-12T05:02:08.137+0000] {processor.py:925} INFO - DAG(s) 'tutorial_taskflow_api' retrieved from /home/airflow/.local/lib/python3.12/site-packages/airflow/example_dags/tutorial_taskflow_api.py
[2026-08-12T05:02:08.163+0000] {logging_mixin.py:190} INFO - [2026-08-12T05:02:08.163+0000] {dag.py:3211} INFO - Sync 1 DAGs
[2026-08-12T05:02:08.189+0000] {logging_mixin.py:190} INFO - [2026-08-12T05:02:08.188+0000] {dag.py:4138} INFO - Setting next_dagrun for tutorial_taskflow_api to None, run_after=None
[2026-08-12T05:02:08.221+0000] {processor.py:208} INFO - Processing /home/airflow/.local/lib/python3.12/site-packages/airflow/example_dags/tutorial_taskflow_api.py took 0.111 seconds
[2026-08-12T05:02:38.587+0000] {processor.py:186} INFO - Started process (PID=3725) to work on /home/airflow/.local/lib/python3.12/site-packages/airflow/example_dags/tutorial_taskflow_api.py
[2026-08-12T05:02:38.588+0000] {processor.py:914} INFO - Processing file /home/airflow/.local/lib/python3.12/site-packages/airflow/example_dags/tutorial_taskflow_api.py for tasks to queue
[2026-08-12T05:02:38.591+0000] {logging_mixin.py:190} INFO - [2026-08-12T05:02:38.591+0000] {dagbag.py:587} INFO - Filling up the DagBag from /home/airflow/.local/lib/python3.12/site-packages/airflow/example_dags/tutorial_taskflow_api.py
[2026-08-12T05:02:38.601+0000] {processor.py:925} INFO - DAG(s) 'tutorial_taskflow_api' retrieved from /home/airflow/.local/lib/python3.12/site-packages/airflow/example_dags/tutorial_taskflow_api.py
[2026-08-12T05:02:38.628+0000] {logging_mixin.py:190} INFO - [2026-08-12T05:02:38.628+0000] {dag.py:3211} INFO - Sync 1 DAGs
[2026-08-12T05:02:38.646+0000] {logging_mixin.py:190} INFO - [2026-08-12T05:02:38.645+0000] {dag.py:4138} INFO - Setting next_dagrun for tutorial_taskflow_api to None, run_after=None
[2026-08-12T05:02:38.675+0000] {processor.py:208} INFO - Processing /home/airflow/.local/lib/python3.12/site-packages/airflow/example_dags/tutorial_taskflow_api.py took 0.099 seconds
[2026-08-12T05:03:09.056+0000] {processor.py:186} INFO - Started process (PID=3788) to work on /home/airflow/.local/lib/python3.12/site-packages/airflow/example_dags/tutorial_taskflow_api.py
[2026-08-12T05:03:09.058+0000] {processor.py:914} INFO - Processing file /home/airflow/.local/lib/python3.12/site-packages/airflow/example_dags/tutorial_taskflow_api.py for tasks to queue
[2026-08-12T05:03:09.063+0000] {logging_mixin.py:190} INFO - [2026-08-12T05:03:09.062+0000] {dagbag.py:587} INFO - Filling up the DagBag from /home/airflow/.local/lib/python3.12/site-packages/airflow/example_dags/tutorial_taskflow_api.py
[2026-08-12T05:03:09.074+0000] {processor.py:925} INFO - DAG(s) 'tutorial_taskflow_api' retrieved from /home/airflow/.local/lib/python3.12/site-packages/airflow/example_dags/tutorial_taskflow_api.py
[2026-08-12T05:03:09.096+0000] {logging_mixin.py:190} INFO - [2026-08-12T05:03:09.096+0000] {dag.py:3211} INFO - Sync 1 DAGs
[2026-08-12T05:03:09.111+0000] {logging_mixin.py:190} INFO - [2026-08-12T05:03:09.111+0000] {dag.py:4138} INFO - Setting next_dagrun for tutorial_taskflow_api to None, run_after=None
[2026-08-12T05:03:09.128+0000] {processor.py:208} INFO - Processing /home/airflow/.local/lib/python3.12/site-packages/airflow/example_dags/tutorial_taskflow_api.py took 0.079 seconds
[2026-08-12T05:03:39.501+0000] {processor.py:186} INFO - Started process (PID=3851) to work on /home/airflow/.local/lib/python3.12/site-packages/airflow/example_dags/tutorial_taskflow_api.py
[2026-08-12T05:03:39.503+0000] {processor.py:914} INFO - Processing file /home/airflow/.local/lib/python3.12/site-packages/airflow/example_dags/tutorial_taskflow_api.py for tasks to queue
[2026-08-12T05:03:39.506+0000] {logging_mixin.py:190} INFO - [2026-08-12T05:03:39.506+0000] {dagbag.py:587} INFO - Filling up the DagBag from /home/airflow/.local/lib/python3.12/site-packages/airflow/example_dags/tutorial_taskflow_api.py
[2026-08-12T05:03:39.515+0000] {processor.py:925} INFO - DAG(s) 'tutorial_taskflow_api' retrieved from /home/airflow/.local/lib/python3.12/site-packages/airflow/example_dags/tutorial_taskflow_api.py
[2026-08-12T05:03:39.536+0000] {logging_mixin.py:190} INFO - [2026-08-12T05:03:39.536+0000] {dag.py:3211} INFO - Sync 1 DAGs
[2026-08-12T05:03:39.551+0000] {logging_mixin.py:190} INFO - [2026-08-12T05:03:39.551+0000] {dag.py:4138} INFO - Setting next_dagrun for tutorial_taskflow_api to None, run_after=None
[2026-08-12T05:03:39.574+0000] {processor.py:208} INFO - Processing /home/airflow/.local/lib/python3.12/site-packages/airflow/example_dags/tutorial_taskflow_api.py took 0.082 seconds
[2026-08-12T05:04:09.869+0000] {processor.py:186} INFO - Started process (PID=3915) to work on /home/airflow/.local/lib/python3.12/site-packages/airflow/example_dags/tutorial_taskflow_api.py
[2026-08-12T05:04:09.870+0000] {processor.py:914} INFO - Processing file /home/airflow/.local/lib/python3.12/site-packages/airflow/example_dags/tutorial_taskflow_api.py for tasks to queue
[2026-08-12T05:04:09.873+0000] {logging_mixin.py:190} INFO - [2026-08-12T05:04:09.872+0000] {dagbag.py:587} INFO - Filling up the DagBag from /home/airflow/.local/lib/python3.12/site-packages/airflow/example_dags/tutorial_taskflow_api.py
[2026-08-12T05:04:09.880+0000] {processor.py:925} INFO - DAG(s) 'tutorial_taskflow_api' retrieved from /home/airflow/.local/lib/python3.12/site-packages/airflow/example_dags/tutorial_taskflow_api.py
[2026-08-12T05:04:09.900+0000] {logging_mixin.py:190} INFO - [2026-08-12T05:04:09.900+0000] {dag.py:3211} INFO - Sync 1 DAGs
[2026-08-12T05:04:09.913+0000] {logging_mixin.py:190} INFO - [2026-08-12T05:04:09.913+0000] {dag.py:4138} INFO - Setting next_dagrun for tutorial_taskflow_api to None, run_after=None
[2026-08-12T05:04:09.933+0000] {processor.py:208} INFO - Processing /home/airflow/.local/lib/python3.12/site-packages/airflow/example_dags/tutorial_taskflow_api.py took 0.069 seconds
[2026-08-12T05:04:40.187+0000] {processor.py:186} INFO - Started process (PID=3978) to work on /home/airflow/.local/lib/python3.12/site-packages/airflow/example_dags/tutorial_taskflow_api.py
[2026-08-12T05:04:40.189+0000] {processor.py:914} INFO - Processing file /home/airflow/.local/lib/python3.12/site-packages/airflow/example_dags/tutorial_taskflow_api.py for tasks to queue
[2026-08-12T05:04:40.192+0000] {logging_mixin.py:190} INFO - [2026-08-12T05:04:40.192+0000] {dagbag.py:587} INFO - Filling up the DagBag from /home/airflow/.local/lib/python3.12/site-packages/airflow/example_dags/tutorial_taskflow_api.py
[2026-08-12T05:04:40.203+0000] {processor.py:925} INFO - DAG(s) 'tutorial_taskflow_api' retrieved from /home/airflow/.local/lib/python3.12/site-packages/airflow/example_dags/tutorial_taskflow_api.py
[2026-08-12T05:04:40.225+0000] {logging_mixin.py:190} INFO - [2026-08-12T05:04:40.225+0000] {dag.py:3211} INFO - Sync 1 DAGs
[2026-08-12T05:04:40.238+0000] {logging_mixin.py:190} INFO - [2026-08-12T05:04:40.238+0000] {dag.py:4138} INFO - Setting next_dagrun for tutorial_taskflow_api to None, run_after=None
[2026-08-12T05:04:40.259+0000] {processor.py:208} INFO - Processing /home/airflow/.local/lib/python3.12/site-packages/airflow/example_dags/tutorial_taskflow_api.py took 0.078 seconds
[2026-08-12T05:05:10.707+0000] {processor.py:186} INFO - Started process (PID=4041) to work on /home/airflow/.local/lib/python3.12/site-packages/airflow/example_dags/tutorial_taskflow_api.py
[2026-08-12T05:05:10.708+0000] {processor.py:914} INFO - Processing file /home/airflow/.local/lib/python3.12/site-packages/airflow/example_dags/tutorial_taskflow_api.py for tasks to queue
[2026-08-12T05:05:10.711+0000] {logging_mixin.py:190} INFO - [2026-08-12T05:05:10.711+0000] {dagbag.py:587} INFO - Filling up the DagBag from /home/airflow/.local/lib/python3.12/site-packages/airflow/example_dags/tutorial_taskflow_api.py
[2026-08-12T05:05:10.718+0000] {processor.py:925} INFO - DAG(s) 'tutorial_taskflow_api' retrieved from /home/airflow/.local/lib/python3.12/site-packages/airflow/example_dags/tutorial_taskflow_api.py
[2026-08-12T05:05:10.738+0000] {logging_mixin.py:190} INFO - [2026-08-12T05:05:10.738+0000] {dag.py:3211} INFO - Sync 1 DAGs
[2026-08-12T05:05:10.751+0000] {logging_mixin.py:190} INFO - [2026-08-12T05:05:10.751+0000] {dag.py:4138} INFO - Setting next_dagrun for tutorial_taskflow_api to None, run_after=None
[2026-08-12T05:05:10.769+0000] {processor.py:208} INFO - Processing /home/airflow/.local/lib/python3.12/site-packages/airflow/example_dags/tutorial_taskflow_api.py took 0.068 seconds
[2026-08-12T05:05:41.179+0000] {processor.py:186} INFO - Started process (PID=4104) to work on /home/airflow/.local/lib/python3.12/site-packages/airflow/example_dags/tutorial_taskflow_api.py
[2026-08-12T05:05:41.180+0000] {processor.py:914} INFO - Processing file /home/airflow/.local/lib/python3.12/site-packages/airflow/example_dags/tutorial_taskflow_api.py for tasks to queue
[2026-08-12T05:05:41.183+0000] {logging_mixin.py:190} INFO - [2026-08-12T05:05:41.182+0000] {dagbag.py:587} INFO - Filling up the DagBag from /home/airflow/.local/lib/python3.12/site-packages/airflow/example_dags/tutorial_taskflow_api.py
[2026-08-12T05:05:41.190+0000] {processor.py:925} INFO - DAG(s) 'tutorial_taskflow_api' retrieved from /home/airflow/.local/lib/python3.12/site-packages/airflow/example_dags/tutorial_taskflow_api.py
[2026-08-12T05:05:41.215+0000] {logging_mixin.py:190} INFO - [2026-08-12T05:05:41.215+0000] {dag.py:3211} INFO - Sync 1 DAGs
[2026-08-12T05:05:41.231+0000] {logging_mixin.py:190} INFO - [2026-08-12T05:05:41.231+0000] {dag.py:4138} INFO - Setting next_dagrun for tutorial_taskflow_api to None, run_after=None
[2026-08-12T05:05:41.254+0000] {processor.py:208} INFO - Processing /home/airflow/.local/lib/python3.12/site-packages/airflow/example_dags/tutorial_taskflow_api.py took 0.081 seconds
[2026-08-12T05:06:11.699+0000] {processor.py:186} INFO - Started process (PID=4167) to work on /home/airflow/.local/lib/python3.12/site-packages/airflow/example_dags/tutorial_taskflow_api.py
[2026-08-12T05:06:11.701+0000] {processor.py:914} INFO - Processing file /home/airflow/.local/lib/python3.12/site-packages/airflow/example_dags/tutorial_taskflow_api.py for tasks to queue
[2026-08-12T05:06:11.704+0000] {logging_mixin.py:190} INFO - [2026-08-12T05:06:11.704+0000] {dagbag.py:587} INFO - Filling up the DagBag from /home/airflow/.local/lib/python3.12/site-packages/airflow/example_dags/tutorial_taskflow_api.py
[2026-08-12T05:06:11.714+0000] {processor.py:925} INFO - DAG(s) 'tutorial_taskflow_api' retrieved from /home/airflow/.local/lib/python3.12/site-packages/airflow/example_dags/tutorial_taskflow_api.py
[2026-08-12T05:06:11.737+0000] {logging_mixin.py:190} INFO - [2026-08-12T05:06:11.737+0000] {dag.py:3211} INFO - Sync 1 DAGs
[2026-08-12T05:06:11.752+0000] {logging_mixin.py:190} INFO - [2026-08-12T05:06:11.752+0000] {dag.py:4138} INFO - Setting next_dagrun for tutorial_taskflow_api to None, run_after=None
[2026-08-12T05:06:11.772+0000] {processor.py:208} INFO - Processing /home/airflow/.local/lib/python3.12/site-packages/airflow/example_dags/tutorial_taskflow_api.py took 0.079 seconds
[2026-08-12T05:06:42.059+0000] {processor.py:186} INFO - Started process (PID=4230) to work on /home/airflow/.local/lib/python3.12/site-packages/airflow/example_dags/tutorial_taskflow_api.py
[2026-08-12T05:06:42.060+0000] {processor.py:914} INFO - Processing file /home/airflow/.local/lib/python3.12/site-packages/airflow/example_dags/tutorial_taskflow_api.py for tasks to queue
[2026-08-12T05:06:42.063+0000] {logging_mixin.py:190} INFO - [2026-08-12T05:06:42.062+0000] {dagbag.py:587} INFO - Filling up the DagBag from /home/airflow/.local/lib/python3.12/site-packages/airflow/example_dags/tutorial_taskflow_api.py
[2026-08-12T05:06:42.071+0000] {processor.py:925} INFO - DAG(s) 'tutorial_taskflow_api' retrieved from /home/airflow/.local/lib/python3.12/site-packages/airflow/example_dags/tutorial_taskflow_api.py
[2026-08-12T05:06:42.091+0000] {logging_mixin.py:190} INFO - [2026-08-12T05:06:42.090+0000] {dag.py:3211} INFO - Sync 1 DAGs
[2026-08-12T05:06:42.104+0000] {logging_mixin.py:190} INFO - [2026-08-12T05:06:42.104+0000] {dag.py:4138} INFO - Setting next_dagrun for tutorial_taskflow_api to None, run_after=None
[2026-08-12T05:06:42.122+0000] {processor.py:208} INFO - Processing /home/airflow/.local/lib/python3.12/site-packages/airflow/example_dags/tutorial_taskflow_api.py took 0.069 seconds
[2026-08-12T05:07:13.091+0000] {processor.py:186} INFO - Started process (PID=4293) to work on /home/airflow/.local/lib/python3.12/site-packages/airflow/example_dags/tutorial_taskflow_api.py
[2026-08-12T05:07:13.093+0000] {processor.py:914} INFO - Processing file /home/airflow/.local/lib/python3.12/site-packages/airflow/example_dags/tutorial_taskflow_api.py for tasks to queue
[2026-08-12T05:07:13.097+0000] {logging_mixin.py:190} INFO - [2026-08-12T05:07:13.096+0000] {dagbag.py:587} INFO - Filling up the DagBag from /home/airflow/.local/lib/python3.12/site-packages/airflow/example_dags/tutorial_taskflow_api.py
[2026-08-12T05:07:13.106+0000] {processor.py:925} INFO - DAG(s) 'tutorial_taskflow_api' retrieved from /home/airflow/.local/lib/python3.12/site-packages/airflow/example_dags/tutorial_taskflow_api.py
[2026-08-12T05:07:13.126+0000] {logging_mixin.py:190} INFO - [2026-08-12T05:07:13.125+0000] {dag.py:3211} INFO - Sync 1 DAGs
[2026-08-12T05:07:13.145+0000] {logging_mixin.py:190} INFO - [2026-08-12T05:07:13.144+0000] {dag.py:4138} INFO - Setting next_dagrun for tutorial_taskflow_api to None, run_after=None
[2026-08-12T05:07:13.186+0000] {processor.py:208} INFO - Processing /home/airflow/.local/lib/python3.12/site-packages/airflow/example_dags/tutorial_taskflow_api.py took 0.104 seconds
[2026-08-12T05:07:43.486+0000] {processor.py:186} INFO - Started process (PID=4356) to work on /home/airflow/.local/lib/python3.12/site-packages/airflow/example_dags/tutorial_taskflow_api.py
[2026-08-12T05:07:43.488+0000] {processor.py:914} INFO - Processing file /home/airflow/.local/lib/python3.12/site-packages/airflow/example_dags/tutorial_taskflow_api.py for tasks to queue
[2026-08-12T05:07:43.491+0000] {logging_mixin.py:190} INFO - [2026-08-12T05:07:43.490+0000] {dagbag.py:587} INFO - Filling up the DagBag from /home/airflow/.local/lib/python3.12/site-packages/airflow/example_dags/tutorial_taskflow_api.py
[2026-08-12T05:07:43.501+0000] {processor.py:925} INFO - DAG(s) 'tutorial_taskflow_api' retrieved from /home/airflow/.local/lib/python3.12/site-packages/airflow/example_dags/tutorial_taskflow_api.py
[2026-08-12T05:07:43.528+0000] {logging_mixin.py:190} INFO - [2026-08-12T05:07:43.528+0000] {dag.py:3211} INFO - Sync 1 DAGs
[2026-08-12T05:07:43.543+0000] {logging_mixin.py:190} INFO - [2026-08-12T05:07:43.543+0000] {dag.py:4138} INFO - Setting next_dagrun for tutorial_taskflow_api to None, run_after=None
[2026-08-12T05:07:43.570+0000] {processor.py:208} INFO - Processing /home/airflow/.local/lib/python3.12/site-packages/airflow/example_dags/tutorial_taskflow_api.py took 0.090 seconds
[2026-08-12T05:08:14.548+0000] {processor.py:186} INFO - Started process (PID=4419) to work on /home/airflow/.local/lib/python3.12/site-packages/airflow/example_dags/tutorial_taskflow_api.py
[2026-08-12T05:08:14.549+0000] {processor.py:914} INFO - Processing file /home/airflow/.local/lib/python3.12/site-packages/airflow/example_dags/tutorial_taskflow_api.py for tasks to queue
[2026-08-12T05:08:14.551+0000] {logging_mixin.py:190} INFO - [2026-08-12T05:08:14.551+0000] {dagbag.py:587} INFO - Filling up the DagBag from /home/airflow/.local/lib/python3.12/site-packages/airflow/example_dags/tutorial_taskflow_api.py
[2026-08-12T05:08:14.560+0000] {processor.py:925} INFO - DAG(s) 'tutorial_taskflow_api' retrieved from /home/airflow/.local/lib/python3.12/site-packages/airflow/example_dags/tutorial_taskflow_api.py
[2026-08-12T05:08:14.581+0000] {logging_mixin.py:190} INFO - [2026-08-12T05:08:14.581+0000] {dag.py:3211} INFO - Sync 1 DAGs
[2026-08-12T05:08:14.595+0000] {logging_mixin.py:190} INFO - [2026-08-12T05:08:14.595+0000] {dag.py:4138} INFO - Setting next_dagrun for tutorial_taskflow_api to None, run_after=None
[2026-08-12T05:08:14.617+0000] {processor.py:208} INFO - Processing /home/airflow/.local/lib/python3.12/site-packages/airflow/example_dags/tutorial_taskflow_api.py took 0.075 seconds
[2026-08-12T05:08:45.190+0000] {processor.py:186} INFO - Started process (PID=4482) to work on /home/airflow/.local/lib/python3.12/site-packages/airflow/example_dags/tutorial_taskflow_api.py
[2026-08-12T05:08:45.191+0000] {processor.py:914} INFO - Processing file /home/airflow/.local/lib/python3.12/site-packages/airflow/example_dags/tutorial_taskflow_api.py for tasks to queue
[2026-08-12T05:08:45.194+0000] {logging_mixin.py:190} INFO - [2026-08-12T05:08:45.193+0000] {dagbag.py:587} INFO - Filling up the DagBag from /home/airflow/.local/lib/python3.12/site-packages/airflow/example_dags/tutorial_taskflow_api.py
[2026-08-12T05:08:45.201+0000] {processor.py:925} INFO - DAG(s) 'tutorial_taskflow_api' retrieved from /home/airflow/.local/lib/python3.12/site-packages/airflow/example_dags/tutorial_taskflow_api.py
[2026-08-12T05:08:45.221+0000] {logging_mixin.py:190} INFO - [2026-08-12T05:08:45.220+0000] {dag.py:3211} INFO - Sync 1 DAGs
[2026-08-12T05:08:45.235+0000] {logging_mixin.py:190} INFO - [2026-08-12T05:08:45.234+0000] {dag.py:4138} INFO - Setting next_dagrun for tutorial_taskflow_api to None, run_after=None
[2026-08-12T05:08:45.252+0000] {processor.py:208} INFO - Processing /home/airflow/.local/lib/python3.12/site-packages/airflow/example_dags/tutorial_taskflow_api.py took 0.068 seconds
[2026-08-12T05:09:15.376+0000] {processor.py:186} INFO - Started process (PID=4545) to work on /home/airflow/.local/lib/python3.12/site-packages/airflow/example_dags/tutorial_taskflow_api.py
[2026-08-12T05:09:15.378+0000] {processor.py:914} INFO - Processing file /home/airflow/.local/lib/python3.12/site-packages/airflow/example_dags/tutorial_taskflow_api.py for tasks to queue
[2026-08-12T05:09:15.380+0000] {logging_mixin.py:190} INFO - [2026-08-12T05:09:15.380+0000] {dagbag.py:587} INFO - Filling up the DagBag from /home/airflow/.local/lib/python3.12/site-packages/airflow/example_dags/tutorial_taskflow_api.py
[2026-08-12T05:09:15.388+0000] {processor.py:925} INFO - DAG(s) 'tutorial_taskflow_api' retrieved from /home/airflow/.local/lib/python3.12/site-packages/airflow/example_dags/tutorial_taskflow_api.py
[2026-08-12T05:09:15.408+0000] {logging_mixin.py:190} INFO - [2026-08-12T05:09:15.408+0000] {dag.py:3211} INFO - Sync 1 DAGs
[2026-08-12T05:09:15.422+0000] {logging_mixin.py:190} INFO - [2026-08-12T05:09:15.421+0000] {dag.py:4138} INFO - Setting next_dagrun for tutorial_taskflow_api to None, run_after=None
[2026-08-12T05:09:15.439+0000] {processor.py:208} INFO - Processing /home/airflow/.local/lib/python3.12/site-packages/airflow/example_dags/tutorial_taskflow_api.py took 0.068 seconds
[2026-08-12T05:09:46.219+0000] {processor.py:186} INFO - Started process (PID=4608) to work on /home/airflow/.local/lib/python3.12/site-packages/airflow/example_dags/tutorial_taskflow_api.py
[2026-08-12T05:09:46.221+0000] {processor.py:914} INFO - Processing file /home/airflow/.local/lib/python3.12/site-packages/airflow/example_dags/tutorial_taskflow_api.py for tasks to queue
[2026-08-12T05:09:46.224+0000] {logging_mixin.py:190} INFO - [2026-08-12T05:09:46.224+0000] {dagbag.py:587} INFO - Filling up the DagBag from /home/airflow/.local/lib/python3.12/site-packages/airflow/example_dags/tutorial_taskflow_api.py
[2026-08-12T05:09:46.236+0000] {processor.py:925} INFO - DAG(s) 'tutorial_taskflow_api' retrieved from /home/airflow/.local/lib/python3.12/site-packages/airflow/example_dags/tutorial_taskflow_api.py
[2026-08-12T05:09:46.258+0000] {logging_mixin.py:190} INFO - [2026-08-12T05:09:46.258+0000] {dag.py:3211} INFO - Sync 1 DAGs
[2026-08-12T05:09:46.272+0000] {logging_mixin.py:190} INFO - [2026-08-12T05:09:46.271+0000] {dag.py:4138} INFO - Setting next_dagrun for tutorial_taskflow_api to None, run_after=None
[2026-08-12T05:09:46.291+0000] {processor.py:208} INFO - Processing /home/airflow/.local/lib/python3.12/site-packages/airflow/example_dags/tutorial_taskflow_api.py took 0.079 seconds
[2026-08-12T05:10:16.984+0000] {processor.py:186} INFO - Started process (PID=4671) to work on /home/airflow/.local/lib/python3.12/site-packages/airflow/example_dags/tutorial_taskflow_api.py
[2026-08-12T05:10:16.985+0000] {processor.py:914} INFO - Processing file /home/airflow/.local/lib/python3.12/site-packages/airflow/example_dags/tutorial_taskflow_api.py for tasks to queue
[2026-08-12T05:10:16.988+0000] {logging_mixin.py:190} INFO - [2026-08-12T05:10:16.987+0000] {dagbag.py:587} INFO - Filling up the DagBag from /home/airflow/.local/lib/python3.12/site-packages/airflow/example_dags/tutorial_taskflow_api.py
[2026-08-12T05:10:16.997+0000] {processor.py:925} INFO - DAG(s) 'tutorial_taskflow_api' retrieved from /home/airflow/.local/lib/python3.12/site-packages/airflow/example_dags/tutorial_taskflow_api.py
[2026-08-12T05:10:17.017+0000] {logging_mixin.py:190} INFO - [2026-08-12T05:10:17.017+0000] {dag.py:3211} INFO - Sync 1 DAGs
[2026-08-12T05:10:17.035+0000] {logging_mixin.py:190} INFO - [2026-08-12T05:10:17.035+0000] {dag.py:4138} INFO - Setting next_dagrun for tutorial_taskflow_api to None, run_after=None
[2026-08-12T05:10:17.061+0000] {processor.py:208} INFO - Processing /home/airflow/.local/lib/python3.12/site-packages/airflow/example_dags/tutorial_taskflow_api.py took 0.083 seconds
[2026-08-12T05:10:47.334+0000] {processor.py:186} INFO - Started process (PID=4734) to work on /home/airflow/.local/lib/python3.12/site-packages/airflow/example_dags/tutorial_taskflow_api.py
[2026-08-12T05:10:47.336+0000] {processor.py:914} INFO - Processing file /home/airflow/.local/lib/python3.12/site-packages/airflow/example_dags/tutorial_taskflow_api.py for tasks to queue
[2026-08-12T05:10:47.340+0000] {logging_mixin.py:190} INFO - [2026-08-12T05:10:47.340+0000] {dagbag.py:587} INFO - Filling up the DagBag from /home/airflow/.local/lib/python3.12/site-packages/airflow/example_dags/tutorial_taskflow_api.py
[2026-08-12T05:10:47.354+0000] {processor.py:925} INFO - DAG(s) 'tutorial_taskflow_api' retrieved from /home/airflow/.local/lib/python3.12/site-packages/airflow/example_dags/tutorial_taskflow_api.py
[2026-08-12T05:10:47.387+0000] {logging_mixin.py:190} INFO - [2026-08-12T05:10:47.387+0000] {dag.py:3211} INFO - Sync 1 DAGs
[2026-08-12T05:10:47.411+0000] {logging_mixin.py:190} INFO - [2026-08-12T05:10:47.410+0000] {dag.py:4138} INFO - Setting next_dagrun for tutorial_taskflow_api to None, run_after=None
[2026-08-12T05:10:47.438+0000] {processor.py:208} INFO - Processing /home/airflow/.local/lib/python3.12/site-packages/airflow/example_dags/tutorial_taskflow_api.py took 0.113 seconds
[2026-08-12T05:11:17.771+0000] {processor.py:186} INFO - Started process (PID=4797) to work on /home/airflow/.local/lib/python3.12/site-packages/airflow/example_dags/tutorial_taskflow_api.py
[2026-08-12T05:11:17.772+0000] {processor.py:914} INFO - Processing file /home/airflow/.local/lib/python3.12/site-packages/airflow/example_dags/tutorial_taskflow_api.py for tasks to queue
[2026-08-12T05:11:17.775+0000] {logging_mixin.py:190} INFO - [2026-08-12T05:11:17.775+0000] {dagbag.py:587} INFO - Filling up the DagBag from /home/airflow/.local/lib/python3.12/site-packages/airflow/example_dags/tutorial_taskflow_api.py
[2026-08-12T05:11:17.783+0000] {processor.py:925} INFO - DAG(s) 'tutorial_taskflow_api' retrieved from /home/airflow/.local/lib/python3.12/site-packages/airflow/example_dags/tutorial_taskflow_api.py
[2026-08-12T05:11:17.806+0000] {logging_mixin.py:190} INFO - [2026-08-12T05:11:17.806+0000] {dag.py:3211} INFO - Sync 1 DAGs
[2026-08-12T05:11:17.821+0000] {logging_mixin.py:190} INFO - [2026-08-12T05:11:17.821+0000] {dag.py:4138} INFO - Setting next_dagrun for tutorial_taskflow_api to None, run_after=None
[2026-08-12T05:11:17.841+0000] {processor.py:208} INFO - Processing /home/airflow/.local/lib/python3.12/site-packages/airflow/example_dags/tutorial_taskflow_api.py took 0.079 seconds
[2026-08-12T05:11:48.408+0000] {processor.py:186} INFO - Started process (PID=4860) to work on /home/airflow/.local/lib/python3.12/site-packages/airflow/example_dags/tutorial_taskflow_api.py
[2026-08-12T05:11:48.409+0000] {processor.py:914} INFO - Processing file /home/airflow/.local/lib/python3.12/site-packages/airflow/example_dags/tutorial_taskflow_api.py for tasks to queue
[2026-08-12T05:11:48.412+0000] {logging_mixin.py:190} INFO - [2026-08-12T05:11:48.411+0000] {dagbag.py:587} INFO - Filling up the DagBag from /home/airflow/.local/lib/python3.12/site-packages/airflow/example_dags/tutorial_taskflow_api.py
[2026-08-12T05:11:48.420+0000] {processor.py:925} INFO - DAG(s) 'tutorial_taskflow_api' retrieved from /home/airflow/.local/lib/python3.12/site-packages/airflow/example_dags/tutorial_taskflow_api.py
[2026-08-12T05:11:48.439+0000] {logging_mixin.py:190} INFO - [2026-08-12T05:11:48.439+0000] {dag.py:3211} INFO - Sync 1 DAGs
[2026-08-12T05:11:48.453+0000] {logging_mixin.py:190} INFO - [2026-08-12T05:11:48.452+0000] {dag.py:4138} INFO - Setting next_dagrun for tutorial_taskflow_api to None, run_after=None
[2026-08-12T05:11:48.472+0000] {processor.py:208} INFO - Processing /home/airflow/.local/lib/python3.12/site-packages/airflow/example_dags/tutorial_taskflow_api.py took 0.070 seconds
[2026-08-12T05:12:19.026+0000] {processor.py:186} INFO - Started process (PID=4923) to work on /home/airflow/.local/lib/python3.12/site-packages/airflow/example_dags/tutorial_taskflow_api.py
[2026-08-12T05:12:19.027+0000] {processor.py:914} INFO - Processing file /home/airflow/.local/lib/python3.12/site-packages/airflow/example_dags/tutorial_taskflow_api.py for tasks to queue
[2026-08-12T05:12:19.031+0000] {logging_mixin.py:190} INFO - [2026-08-12T05:12:19.031+0000] {dagbag.py:587} INFO - Filling up the DagBag from /home/airflow/.local/lib/python3.12/site-packages/airflow/example_dags/tutorial_taskflow_api.py
[2026-08-12T05:12:19.043+0000] {processor.py:925} INFO - DAG(s) 'tutorial_taskflow_api' retrieved from /home/airflow/.local/lib/python3.12/site-packages/airflow/example_dags/tutorial_taskflow_api.py
[2026-08-12T05:12:19.066+0000] {logging_mixin.py:190} INFO - [2026-08-12T05:12:19.066+0000] {dag.py:3211} INFO - Sync 1 DAGs
[2026-08-12T05:12:19.083+0000] {logging_mixin.py:190} INFO - [2026-08-12T05:12:19.083+0000] {dag.py:4138} INFO - Setting next_dagrun for tutorial_taskflow_api to None, run_after=None
[2026-08-12T05:12:19.106+0000] {processor.py:208} INFO - Processing /home/airflow/.local/lib/python3.12/site-packages/airflow/example_dags/tutorial_taskflow_api.py took 0.086 seconds
[2026-08-12T05:12:49.521+0000] {processor.py:186} INFO - Started process (PID=4986) to work on /home/airflow/.local/lib/python3.12/site-packages/airflow/example_dags/tutorial_taskflow_api.py
[2026-08-12T05:12:49.523+0000] {processor.py:914} INFO - Processing file /home/airflow/.local/lib/python3.12/site-packages/airflow/example_dags/tutorial_taskflow_api.py for tasks to queue
[2026-08-12T05:12:49.525+0000] {logging_mixin.py:190} INFO - [2026-08-12T05:12:49.525+0000] {dagbag.py:587} INFO - Filling up the DagBag from /home/airflow/.local/lib/python3.12/site-packages/airflow/example_dags/tutorial_taskflow_api.py
[2026-08-12T05:12:49.534+0000] {processor.py:925} INFO - DAG(s) 'tutorial_taskflow_api' retrieved from /home/airflow/.local/lib/python3.12/site-packages/airflow/example_dags/tutorial_taskflow_api.py
[2026-08-12T05:12:49.554+0000] {logging_mixin.py:190} INFO - [2026-08-12T05:12:49.554+0000] {dag.py:3211} INFO - Sync 1 DAGs
[2026-08-12T05:12:49.570+0000] {logging_mixin.py:190} INFO - [2026-08-12T05:12:49.570+0000] {dag.py:4138} INFO - Setting next_dagrun for tutorial_taskflow_api to None, run_after=None
[2026-08-12T05:12:49.592+0000] {processor.py:208} INFO - Processing /home/airflow/.local/lib/python3.12/site-packages/airflow/example_dags/tutorial_taskflow_api.py took 0.077 seconds
[2026-08-12T05:13:20.096+0000] {processor.py:186} INFO - Started process (PID=5049) to work on /home/airflow/.local/lib/python3.12/site-packages/airflow/example_dags/tutorial_taskflow_api.py
[2026-08-12T05:13:20.098+0000] {processor.py:914} INFO - Processing file /home/airflow/.local/lib/python3.12/site-packages/airflow/example_dags/tutorial_taskflow_api.py for tasks to queue
[2026-08-12T05:13:20.100+0000] {logging_mixin.py:190} INFO - [2026-08-12T05:13:20.100+0000] {dagbag.py:587} INFO - Filling up the DagBag from /home/airflow/.local/lib/python3.12/site-packages/airflow/example_dags/tutorial_taskflow_api.py
[2026-08-12T05:13:20.109+0000] {processor.py:925} INFO - DAG(s) 'tutorial_taskflow_api' retrieved from /home/airflow/.local/lib/python3.12/site-packages/airflow/example_dags/tutorial_taskflow_api.py
[2026-08-12T05:13:20.132+0000] {logging_mixin.py:190} INFO - [2026-08-12T05:13:20.132+0000] {dag.py:3211} INFO - Sync 1 DAGs
[2026-08-12T05:13:20.147+0000] {logging_mixin.py:190} INFO - [2026-08-12T05:13:20.147+0000] {dag.py:4138} INFO - Setting next_dagrun for tutorial_taskflow_api to None, run_after=None
[2026-08-12T05:13:20.166+0000] {processor.py:208} INFO - Processing /home/airflow/.local/lib/python3.12/site-packages/airflow/example_dags/tutorial_taskflow_api.py took 0.075 seconds
[2026-08-12T05:13:50.486+0000] {processor.py:186} INFO - Started process (PID=5112) to work on /home/airflow/.local/lib/python3.12/site-packages/airflow/example_dags/tutorial_taskflow_api.py
[2026-08-12T05:13:50.488+0000] {processor.py:914} INFO - Processing file /home/airflow/.local/lib/python3.12/site-packages/airflow/example_dags/tutorial_taskflow_api.py for tasks to queue
[2026-08-12T05:13:50.493+0000] {logging_mixin.py:190} INFO - [2026-08-12T05:13:50.493+0000] {dagbag.py:587} INFO - Filling up the DagBag from /home/airflow/.local/lib/python3.12/site-packages/airflow/example_dags/tutorial_taskflow_api.py
[2026-08-12T05:13:50.509+0000] {processor.py:925} INFO - DAG(s) 'tutorial_taskflow_api' retrieved from /home/airflow/.local/lib/python3.12/site-packages/airflow/example_dags/tutorial_taskflow_api.py
[2026-08-12T05:13:50.539+0000] {logging_mixin.py:190} INFO - [2026-08-12T05:13:50.539+0000] {dag.py:3211} INFO - Sync 1 DAGs
[2026-08-12T05:13:50.557+0000] {logging_mixin.py:190} INFO - [2026-08-12T05:13:50.557+0000] {dag.py:4138} INFO - Setting next_dagrun for tutorial_taskflow_api to None, run_after=None
[2026-08-12T05:13:50.586+0000] {processor.py:208} INFO - Processing /home/airflow/.local/lib/python3.12/site-packages/airflow/example_dags/tutorial_taskflow_api.py took 0.109 seconds
[2026-08-12T05:14:21.080+0000] {processor.py:186} INFO - Started process (PID=5175) to work on /home/airflow/.local/lib/python3.12/site-packages/airflow/example_dags/tutorial_taskflow_api.py
[2026-08-12T05:14:21.081+0000] {processor.py:914} INFO - Processing file /home/airflow/.local/lib/python3.12/site-packages/airflow/example_dags/tutorial_taskflow_api.py for tasks to queue
[2026-08-12T05:14:21.085+0000] {logging_mixin.py:190} INFO - [2026-08-12T05:14:21.084+0000] {dagbag.py:587} INFO - Filling up the DagBag from /home/airflow/.local/lib/python3.12/site-packages/airflow/example_dags/tutorial_taskflow_api.py
[2026-08-12T05:14:21.096+0000] {processor.py:925} INFO - DAG(s) 'tutorial_taskflow_api' retrieved from /home/airflow/.local/lib/python3.12/site-packages/airflow/example_dags/tutorial_taskflow_api.py
[2026-08-12T05:14:21.121+0000] {logging_mixin.py:190} INFO - [2026-08-12T05:14:21.120+0000] {dag.py:3211} INFO - Sync 1 DAGs
[2026-08-12T05:14:21.142+0000] {logging_mixin.py:190} INFO - [2026-08-12T05:14:21.142+0000] {dag.py:4138} INFO - Setting next_dagrun for tutorial_taskflow_api to None, run_after=None
[2026-08-12T05:14:21.166+0000] {processor.py:208} INFO - Processing /home/airflow/.local/lib/python3.12/site-packages/airflow/example_dags/tutorial_taskflow_api.py took 0.092 seconds
[2026-08-12T05:14:51.534+0000] {processor.py:186} INFO - Started process (PID=5238) to work on /home/airflow/.local/lib/python3.12/site-packages/airflow/example_dags/tutorial_taskflow_api.py
[2026-08-12T05:14:51.535+0000] {processor.py:914} INFO - Processing file /home/airflow/.local/lib/python3.12/site-packages/airflow/example_dags/tutorial_taskflow_api.py for tasks to queue
[2026-08-12T05:14:51.538+0000] {logging_mixin.py:190} INFO - [2026-08-12T05:14:51.538+0000] {dagbag.py:587} INFO - Filling up the DagBag from /home/airflow/.local/lib/python3.12/site-packages/airflow/example_dags/tutorial_taskflow_api.py
[2026-08-12T05:14:51.547+0000] {processor.py:925} INFO - DAG(s) 'tutorial_taskflow_api' retrieved from /home/airflow/.local/lib/python3.12/site-packages/airflow/example_dags/tutorial_taskflow_api.py
[2026-08-12T05:14:51.568+0000] {logging_mixin.py:190} INFO - [2026-08-12T05:14:51.568+0000] {dag.py:3211} INFO - Sync 1 DAGs
[2026-08-12T05:14:51.582+0000] {logging_mixin.py:190} INFO - [2026-08-12T05:14:51.582+0000] {dag.py:4138} INFO - Setting next_dagrun for tutorial_taskflow_api to None, run_after=None
[2026-08-12T05:14:51.603+0000] {processor.py:208} INFO - Processing /home/airflow/.local/lib/python3.12/site-packages/airflow/example_dags/tutorial_taskflow_api.py took 0.076 seconds
[2026-08-12T05:15:22.345+0000] {processor.py:186} INFO - Started process (PID=5301) to work on /home/airflow/.local/lib/python3.12/site-packages/airflow/example_dags/tutorial_taskflow_api.py
[2026-08-12T05:15:22.347+0000] {processor.py:914} INFO - Processing file /home/airflow/.local/lib/python3.12/site-packages/airflow/example_dags/tutorial_taskflow_api.py for tasks to queue
[2026-08-12T05:15:22.350+0000] {logging_mixin.py:190} INFO - [2026-08-12T05:15:22.349+0000] {dagbag.py:587} INFO - Filling up the DagBag from /home/airflow/.local/lib/python3.12/site-packages/airflow/example_dags/tutorial_taskflow_api.py
[2026-08-12T05:15:22.359+0000] {processor.py:925} INFO - DAG(s) 'tutorial_taskflow_api' retrieved from /home/airflow/.local/lib/python3.12/site-packages/airflow/example_dags/tutorial_taskflow_api.py
[2026-08-12T05:15:22.380+0000] {logging_mixin.py:190} INFO - [2026-08-12T05:15:22.380+0000] {dag.py:3211} INFO - Sync 1 DAGs
[2026-08-12T05:15:22.394+0000] {logging_mixin.py:190} INFO - [2026-08-12T05:15:22.394+0000] {dag.py:4138} INFO - Setting next_dagrun for tutorial_taskflow_api to None, run_after=None
[2026-08-12T05:15:22.413+0000] {processor.py:208} INFO - Processing /home/airflow/.local/lib/python3.12/site-packages/airflow/example_dags/tutorial_taskflow_api.py took 0.074 seconds
[2026-08-12T05:15:52.897+0000] {processor.py:186} INFO - Started process (PID=5364) to work on /home/airflow/.local/lib/python3.12/site-packages/airflow/example_dags/tutorial_taskflow_api.py
[2026-08-12T05:15:52.898+0000] {processor.py:914} INFO - Processing file /home/airflow/.local/lib/python3.12/site-packages/airflow/example_dags/tutorial_taskflow_api.py for tasks to queue
[2026-08-12T05:15:52.901+0000] {logging_mixin.py:190} INFO - [2026-08-12T05:15:52.901+0000] {dagbag.py:587} INFO - Filling up the DagBag from /home/airflow/.local/lib/python3.12/site-packages/airflow/example_dags/tutorial_taskflow_api.py
[2026-08-12T05:15:52.911+0000] {processor.py:925} INFO - DAG(s) 'tutorial_taskflow_api' retrieved from /home/airflow/.local/lib/python3.12/site-packages/airflow/example_dags/tutorial_taskflow_api.py
[2026-08-12T05:15:52.932+0000] {logging_mixin.py:190} INFO - [2026-08-12T05:15:52.932+0000] {dag.py:3211} INFO - Sync 1 DAGs
[2026-08-12T05:15:52.948+0000] {logging_mixin.py:190} INFO - [2026-08-12T05:15:52.947+0000] {dag.py:4138} INFO - Setting next_dagrun for tutorial_taskflow_api to None, run_after=None
[2026-08-12T05:15:52.969+0000] {processor.py:208} INFO - Processing /home/airflow/.local/lib/python3.12/site-packages/airflow/example_dags/tutorial_taskflow_api.py took 0.078 seconds
[2026-08-12T05:16:23.421+0000] {processor.py:186} INFO - Started process (PID=5427) to work on /home/airflow/.local/lib/python3.12/site-packages/airflow/example_dags/tutorial_taskflow_api.py
[2026-08-12T05:16:23.423+0000] {processor.py:914} INFO - Processing file /home/airflow/.local/lib/python3.12/site-packages/airflow/example_dags/tutorial_taskflow_api.py for tasks to queue
[2026-08-12T05:16:23.427+0000] {logging_mixin.py:190} INFO - [2026-08-12T05:16:23.426+0000] {dagbag.py:587} INFO - Filling up the DagBag from /home/airflow/.local/lib/python3.12/site-packages/airflow/example_dags/tutorial_taskflow_api.py
[2026-08-12T05:16:23.437+0000] {processor.py:925} INFO - DAG(s) 'tutorial_taskflow_api' retrieved from /home/airflow/.local/lib/python3.12/site-packages/airflow/example_dags/tutorial_taskflow_api.py
[2026-08-12T05:16:23.467+0000] {logging_mixin.py:190} INFO - [2026-08-12T05:16:23.467+0000] {dag.py:3211} INFO - Sync 1 DAGs
[2026-08-12T05:16:23.487+0000] {logging_mixin.py:190} INFO - [2026-08-12T05:16:23.487+0000] {dag.py:4138} INFO - Setting next_dagrun for tutorial_taskflow_api to None, run_after=None
[2026-08-12T05:16:23.516+0000] {processor.py:208} INFO - Processing /home/airflow/.local/lib/python3.12/site-packages/airflow/example_dags/tutorial_taskflow_api.py took 0.101 seconds
[2026-08-12T05:16:54.012+0000] {processor.py:186} INFO - Started process (PID=5490) to work on /home/airflow/.local/lib/python3.12/site-packages/airflow/example_dags/tutorial_taskflow_api.py
[2026-08-12T05:16:54.014+0000] {processor.py:914} INFO - Processing file /home/airflow/.local/lib/python3.12/site-packages/airflow/example_dags/tutorial_taskflow_api.py for tasks to queue
[2026-08-12T05:16:54.018+0000] {logging_mixin.py:190} INFO - [2026-08-12T05:16:54.017+0000] {dagbag.py:587} INFO - Filling up the DagBag from /home/airflow/.local/lib/python3.12/site-packages/airflow/example_dags/tutorial_taskflow_api.py
[2026-08-12T05:16:54.027+0000] {processor.py:925} INFO - DAG(s) 'tutorial_taskflow_api' retrieved from /home/airflow/.local/lib/python3.12/site-packages/airflow/example_dags/tutorial_taskflow_api.py
[2026-08-12T05:16:54.050+0000] {logging_mixin.py:190} INFO - [2026-08-12T05:16:54.049+0000] {dag.py:3211} INFO - Sync 1 DAGs
[2026-08-12T05:16:54.064+0000] {logging_mixin.py:190} INFO - [2026-08-12T05:16:54.064+0000] {dag.py:4138} INFO - Setting next_dagrun for tutorial_taskflow_api to None, run_after=None
[2026-08-12T05:16:54.098+0000] {processor.py:208} INFO - Processing /home/airflow/.local/lib/python3.12/site-packages/airflow/example_dags/tutorial_taskflow_api.py took 0.092 seconds
[2026-08-12T05:17:24.533+0000] {processor.py:186} INFO - Started process (PID=5553) to work on /home/airflow/.local/lib/python3.12/site-packages/airflow/example_dags/tutorial_taskflow_api.py
[2026-08-12T05:17:24.534+0000] {processor.py:914} INFO - Processing file /home/airflow/.local/lib/python3.12/site-packages/airflow/example_dags/tutorial_taskflow_api.py for tasks to queue
[2026-08-12T05:17:24.537+0000] {logging_mixin.py:190} INFO - [2026-08-12T05:17:24.537+0000] {dagbag.py:587} INFO - Filling up the DagBag from /home/airflow/.local/lib/python3.12/site-packages/airflow/example_dags/tutorial_taskflow_api.py
[2026-08-12T05:17:24.545+0000] {processor.py:925} INFO - DAG(s) 'tutorial_taskflow_api' retrieved from /home/airflow/.local/lib/python3.12/site-packages/airflow/example_dags/tutorial_taskflow_api.py
[2026-08-12T05:17:24.566+0000] {logging_mixin.py:190} INFO - [2026-08-12T05:17:24.566+0000] {dag.py:3211} INFO - Sync 1 DAGs
[2026-08-12T05:17:24.579+0000] {logging_mixin.py:190} INFO - [2026-08-12T05:17:24.579+0000] {dag.py:4138} INFO - Setting next_dagrun for tutorial_taskflow_api to None, run_after=None
[2026-08-12T05:17:24.596+0000] {processor.py:208} INFO - Processing /home/airflow/.local/lib/python3.12/site-packages/airflow/example_dags/tutorial_taskflow_api.py took 0.069 seconds
[2026-08-12T05:17:55.531+0000] {processor.py:186} INFO - Started process (PID=5616) to work on /home/airflow/.local/lib/python3.12/site-packages/airflow/example_dags/tutorial_taskflow_api.py
[2026-08-12T05:17:55.534+0000] {processor.py:914} INFO - Processing file /home/airflow/.local/lib/python3.12/site-packages/airflow/example_dags/tutorial_taskflow_api.py for tasks to queue
[2026-08-12T05:17:55.541+0000] {logging_mixin.py:190} INFO - [2026-08-12T05:17:55.540+0000] {dagbag.py:587} INFO - Filling up the DagBag from /home/airflow/.local/lib/python3.12/site-packages/airflow/example_dags/tutorial_taskflow_api.py
[2026-08-12T05:17:55.553+0000] {processor.py:925} INFO - DAG(s) 'tutorial_taskflow_api' retrieved from /home/airflow/.local/lib/python3.12/site-packages/airflow/example_dags/tutorial_taskflow_api.py
[2026-08-12T05:17:55.584+0000] {logging_mixin.py:190} INFO - [2026-08-12T05:17:55.584+0000] {dag.py:3211} INFO - Sync 1 DAGs
[2026-08-12T05:17:55.603+0000] {logging_mixin.py:190} INFO - [2026-08-12T05:17:55.602+0000] {dag.py:4138} INFO - Setting next_dagrun for tutorial_taskflow_api to None, run_after=None
[2026-08-12T05:17:55.630+0000] {processor.py:208} INFO - Processing /home/airflow/.local/lib/python3.12/site-packages/airflow/example_dags/tutorial_taskflow_api.py took 0.109 seconds
[2026-08-12T05:18:26.356+0000] {processor.py:186} INFO - Started process (PID=5679) to work on /home/airflow/.local/lib/python3.12/site-packages/airflow/example_dags/tutorial_taskflow_api.py
[2026-08-12T05:18:26.358+0000] {processor.py:914} INFO - Processing file /home/airflow/.local/lib/python3.12/site-packages/airflow/example_dags/tutorial_taskflow_api.py for tasks to queue
[2026-08-12T05:18:26.361+0000] {logging_mixin.py:190} INFO - [2026-08-12T05:18:26.361+0000] {dagbag.py:587} INFO - Filling up the DagBag from /home/airflow/.local/lib/python3.12/site-packages/airflow/example_dags/tutorial_taskflow_api.py
[2026-08-12T05:18:26.370+0000] {processor.py:925} INFO - DAG(s) 'tutorial_taskflow_api' retrieved from /home/airflow/.local/lib/python3.12/site-packages/airflow/example_dags/tutorial_taskflow_api.py
[2026-08-12T05:18:26.396+0000] {logging_mixin.py:190} INFO - [2026-08-12T05:18:26.396+0000] {dag.py:3211} INFO - Sync 1 DAGs
[2026-08-12T05:18:26.412+0000] {logging_mixin.py:190} INFO - [2026-08-12T05:18:26.412+0000] {dag.py:4138} INFO - Setting next_dagrun for tutorial_taskflow_api to None, run_after=None
[2026-08-12T05:18:26.435+0000] {processor.py:208} INFO - Processing /home/airflow/.local/lib/python3.12/site-packages/airflow/example_dags/tutorial_taskflow_api.py took 0.085 seconds
[2026-08-12T05:19:04.478+0000] {processor.py:186} INFO - Started process (PID=5742) to work on /home/airflow/.local/lib/python3.12/site-packages/airflow/example_dags/tutorial_taskflow_api.py
[2026-08-12T05:19:04.482+0000] {processor.py:914} INFO - Processing file /home/airflow/.local/lib/python3.12/site-packages/airflow/example_dags/tutorial_taskflow_api.py for tasks to queue
[2026-08-12T05:19:04.495+0000] {logging_mixin.py:190} INFO - [2026-08-12T05:19:04.494+0000] {dagbag.py:587} INFO - Filling up the DagBag from /home/airflow/.local/lib/python3.12/site-packages/airflow/example_dags/tutorial_taskflow_api.py
[2026-08-12T05:19:04.579+0000] {processor.py:925} INFO - DAG(s) 'tutorial_taskflow_api' retrieved from /home/airflow/.local/lib/python3.12/site-packages/airflow/example_dags/tutorial_taskflow_api.py
[2026-08-12T05:19:04.669+0000] {logging_mixin.py:190} INFO - [2026-08-12T05:19:04.669+0000] {dag.py:3211} INFO - Sync 1 DAGs
[2026-08-12T05:19:04.798+0000] {logging_mixin.py:190} INFO - [2026-08-12T05:19:04.797+0000] {dag.py:4138} INFO - Setting next_dagrun for tutorial_taskflow_api to None, run_after=None
[2026-08-12T05:19:04.914+0000] {processor.py:208} INFO - Processing /home/airflow/.local/lib/python3.12/site-packages/airflow/example_dags/tutorial_taskflow_api.py took 0.469 seconds
[2026-08-12T05:19:35.429+0000] {processor.py:186} INFO - Started process (PID=5806) to work on /home/airflow/.local/lib/python3.12/site-packages/airflow/example_dags/tutorial_taskflow_api.py
[2026-08-12T05:19:35.442+0000] {processor.py:914} INFO - Processing file /home/airflow/.local/lib/python3.12/site-packages/airflow/example_dags/tutorial_taskflow_api.py for tasks to queue
[2026-08-12T05:19:35.457+0000] {logging_mixin.py:190} INFO - [2026-08-12T05:19:35.456+0000] {dagbag.py:587} INFO - Filling up the DagBag from /home/airflow/.local/lib/python3.12/site-packages/airflow/example_dags/tutorial_taskflow_api.py
[2026-08-12T05:19:35.570+0000] {processor.py:925} INFO - DAG(s) 'tutorial_taskflow_api' retrieved from /home/airflow/.local/lib/python3.12/site-packages/airflow/example_dags/tutorial_taskflow_api.py
[2026-08-12T05:19:35.726+0000] {logging_mixin.py:190} INFO - [2026-08-12T05:19:35.725+0000] {dag.py:3211} INFO - Sync 1 DAGs
[2026-08-12T05:19:35.836+0000] {logging_mixin.py:190} INFO - [2026-08-12T05:19:35.835+0000] {dag.py:4138} INFO - Setting next_dagrun for tutorial_taskflow_api to None, run_after=None
[2026-08-12T05:19:35.977+0000] {processor.py:208} INFO - Processing /home/airflow/.local/lib/python3.12/site-packages/airflow/example_dags/tutorial_taskflow_api.py took 0.563 seconds
[2026-08-12T05:20:06.320+0000] {processor.py:186} INFO - Started process (PID=5869) to work on /home/airflow/.local/lib/python3.12/site-packages/airflow/example_dags/tutorial_taskflow_api.py
[2026-08-12T05:20:06.323+0000] {processor.py:914} INFO - Processing file /home/airflow/.local/lib/python3.12/site-packages/airflow/example_dags/tutorial_taskflow_api.py for tasks to queue
[2026-08-12T05:20:06.329+0000] {logging_mixin.py:190} INFO - [2026-08-12T05:20:06.328+0000] {dagbag.py:587} INFO - Filling up the DagBag from /home/airflow/.local/lib/python3.12/site-packages/airflow/example_dags/tutorial_taskflow_api.py
[2026-08-12T05:20:06.349+0000] {processor.py:925} INFO - DAG(s) 'tutorial_taskflow_api' retrieved from /home/airflow/.local/lib/python3.12/site-packages/airflow/example_dags/tutorial_taskflow_api.py
[2026-08-12T05:20:06.412+0000] {logging_mixin.py:190} INFO - [2026-08-12T05:20:06.411+0000] {dag.py:3211} INFO - Sync 1 DAGs
[2026-08-12T05:20:06.470+0000] {logging_mixin.py:190} INFO - [2026-08-12T05:20:06.469+0000] {dag.py:4138} INFO - Setting next_dagrun for tutorial_taskflow_api to None, run_after=None
[2026-08-12T05:20:06.560+0000] {processor.py:208} INFO - Processing /home/airflow/.local/lib/python3.12/site-packages/airflow/example_dags/tutorial_taskflow_api.py took 0.254 seconds
[2026-08-12T05:20:37.474+0000] {processor.py:186} INFO - Started process (PID=5938) to work on /home/airflow/.local/lib/python3.12/site-packages/airflow/example_dags/tutorial_taskflow_api.py
[2026-08-12T05:20:37.503+0000] {processor.py:914} INFO - Processing file /home/airflow/.local/lib/python3.12/site-packages/airflow/example_dags/tutorial_taskflow_api.py for tasks to queue
[2026-08-12T05:20:37.512+0000] {logging_mixin.py:190} INFO - [2026-08-12T05:20:37.511+0000] {dagbag.py:587} INFO - Filling up the DagBag from /home/airflow/.local/lib/python3.12/site-packages/airflow/example_dags/tutorial_taskflow_api.py
[2026-08-12T05:20:37.571+0000] {processor.py:925} INFO - DAG(s) 'tutorial_taskflow_api' retrieved from /home/airflow/.local/lib/python3.12/site-packages/airflow/example_dags/tutorial_taskflow_api.py
[2026-08-12T05:20:37.667+0000] {logging_mixin.py:190} INFO - [2026-08-12T05:20:37.667+0000] {dag.py:3211} INFO - Sync 1 DAGs
[2026-08-12T05:20:37.737+0000] {logging_mixin.py:190} INFO - [2026-08-12T05:20:37.737+0000] {dag.py:4138} INFO - Setting next_dagrun for tutorial_taskflow_api to None, run_after=None
[2026-08-12T05:20:37.826+0000] {processor.py:208} INFO - Processing /home/airflow/.local/lib/python3.12/site-packages/airflow/example_dags/tutorial_taskflow_api.py took 0.388 seconds
[2026-08-12T05:21:08.689+0000] {processor.py:186} INFO - Started process (PID=6002) to work on /home/airflow/.local/lib/python3.12/site-packages/airflow/example_dags/tutorial_taskflow_api.py
[2026-08-12T05:21:08.691+0000] {processor.py:914} INFO - Processing file /home/airflow/.local/lib/python3.12/site-packages/airflow/example_dags/tutorial_taskflow_api.py for tasks to queue
[2026-08-12T05:21:08.695+0000] {logging_mixin.py:190} INFO - [2026-08-12T05:21:08.695+0000] {dagbag.py:587} INFO - Filling up the DagBag from /home/airflow/.local/lib/python3.12/site-packages/airflow/example_dags/tutorial_taskflow_api.py
[2026-08-12T05:21:08.717+0000] {processor.py:925} INFO - DAG(s) 'tutorial_taskflow_api' retrieved from /home/airflow/.local/lib/python3.12/site-packages/airflow/example_dags/tutorial_taskflow_api.py
[2026-08-12T05:21:08.752+0000] {logging_mixin.py:190} INFO - [2026-08-12T05:21:08.752+0000] {dag.py:3211} INFO - Sync 1 DAGs
[2026-08-12T05:21:08.786+0000] {logging_mixin.py:190} INFO - [2026-08-12T05:21:08.786+0000] {dag.py:4138} INFO - Setting next_dagrun for tutorial_taskflow_api to None, run_after=None
[2026-08-12T05:21:08.816+0000] {processor.py:208} INFO - Processing /home/airflow/.local/lib/python3.12/site-packages/airflow/example_dags/tutorial_taskflow_api.py took 0.139 seconds
[2026-08-12T05:21:39.409+0000] {processor.py:186} INFO - Started process (PID=6067) to work on /home/airflow/.local/lib/python3.12/site-packages/airflow/example_dags/tutorial_taskflow_api.py
[2026-08-12T05:21:39.411+0000] {processor.py:914} INFO - Processing file /home/airflow/.local/lib/python3.12/site-packages/airflow/example_dags/tutorial_taskflow_api.py for tasks to queue
[2026-08-12T05:21:39.415+0000] {logging_mixin.py:190} INFO - [2026-08-12T05:21:39.414+0000] {dagbag.py:587} INFO - Filling up the DagBag from /home/airflow/.local/lib/python3.12/site-packages/airflow/example_dags/tutorial_taskflow_api.py
[2026-08-12T05:21:39.426+0000] {processor.py:925} INFO - DAG(s) 'tutorial_taskflow_api' retrieved from /home/airflow/.local/lib/python3.12/site-packages/airflow/example_dags/tutorial_taskflow_api.py
[2026-08-12T05:21:39.448+0000] {logging_mixin.py:190} INFO - [2026-08-12T05:21:39.448+0000] {dag.py:3211} INFO - Sync 1 DAGs
[2026-08-12T05:21:39.464+0000] {logging_mixin.py:190} INFO - [2026-08-12T05:21:39.463+0000] {dag.py:4138} INFO - Setting next_dagrun for tutorial_taskflow_api to None, run_after=None
[2026-08-12T05:21:39.502+0000] {processor.py:208} INFO - Processing /home/airflow/.local/lib/python3.12/site-packages/airflow/example_dags/tutorial_taskflow_api.py took 0.101 seconds
[2026-08-12T05:22:09.720+0000] {processor.py:186} INFO - Started process (PID=6131) to work on /home/airflow/.local/lib/python3.12/site-packages/airflow/example_dags/tutorial_taskflow_api.py
[2026-08-12T05:22:09.722+0000] {processor.py:914} INFO - Processing file /home/airflow/.local/lib/python3.12/site-packages/airflow/example_dags/tutorial_taskflow_api.py for tasks to queue
[2026-08-12T05:22:09.726+0000] {logging_mixin.py:190} INFO - [2026-08-12T05:22:09.725+0000] {dagbag.py:587} INFO - Filling up the DagBag from /home/airflow/.local/lib/python3.12/site-packages/airflow/example_dags/tutorial_taskflow_api.py
[2026-08-12T05:22:09.739+0000] {processor.py:925} INFO - DAG(s) 'tutorial_taskflow_api' retrieved from /home/airflow/.local/lib/python3.12/site-packages/airflow/example_dags/tutorial_taskflow_api.py
[2026-08-12T05:22:09.765+0000] {logging_mixin.py:190} INFO - [2026-08-12T05:22:09.765+0000] {dag.py:3211} INFO - Sync 1 DAGs
[2026-08-12T05:22:09.782+0000] {logging_mixin.py:190} INFO - [2026-08-12T05:22:09.781+0000] {dag.py:4138} INFO - Setting next_dagrun for tutorial_taskflow_api to None, run_after=None
[2026-08-12T05:22:09.805+0000] {processor.py:208} INFO - Processing /home/airflow/.local/lib/python3.12/site-packages/airflow/example_dags/tutorial_taskflow_api.py took 0.092 seconds
[2026-08-12T05:22:40.156+0000] {processor.py:186} INFO - Started process (PID=6194) to work on /home/airflow/.local/lib/python3.12/site-packages/airflow/example_dags/tutorial_taskflow_api.py
[2026-08-12T05:22:40.159+0000] {processor.py:914} INFO - Processing file /home/airflow/.local/lib/python3.12/site-packages/airflow/example_dags/tutorial_taskflow_api.py for tasks to queue
[2026-08-12T05:22:40.162+0000] {logging_mixin.py:190} INFO - [2026-08-12T05:22:40.162+0000] {dagbag.py:587} INFO - Filling up the DagBag from /home/airflow/.local/lib/python3.12/site-packages/airflow/example_dags/tutorial_taskflow_api.py
[2026-08-12T05:22:40.172+0000] {processor.py:925} INFO - DAG(s) 'tutorial_taskflow_api' retrieved from /home/airflow/.local/lib/python3.12/site-packages/airflow/example_dags/tutorial_taskflow_api.py
[2026-08-12T05:22:40.195+0000] {logging_mixin.py:190} INFO - [2026-08-12T05:22:40.194+0000] {dag.py:3211} INFO - Sync 1 DAGs
[2026-08-12T05:22:40.213+0000] {logging_mixin.py:190} INFO - [2026-08-12T05:22:40.213+0000] {dag.py:4138} INFO - Setting next_dagrun for tutorial_taskflow_api to None, run_after=None
[2026-08-12T05:22:40.259+0000] {processor.py:208} INFO - Processing /home/airflow/.local/lib/python3.12/site-packages/airflow/example_dags/tutorial_taskflow_api.py took 0.111 seconds
[2026-08-12T05:23:10.667+0000] {processor.py:186} INFO - Started process (PID=6259) to work on /home/airflow/.local/lib/python3.12/site-packages/airflow/example_dags/tutorial_taskflow_api.py
[2026-08-12T05:23:10.669+0000] {processor.py:914} INFO - Processing file /home/airflow/.local/lib/python3.12/site-packages/airflow/example_dags/tutorial_taskflow_api.py for tasks to queue
[2026-08-12T05:23:10.672+0000] {logging_mixin.py:190} INFO - [2026-08-12T05:23:10.671+0000] {dagbag.py:587} INFO - Filling up the DagBag from /home/airflow/.local/lib/python3.12/site-packages/airflow/example_dags/tutorial_taskflow_api.py
[2026-08-12T05:23:10.680+0000] {processor.py:925} INFO - DAG(s) 'tutorial_taskflow_api' retrieved from /home/airflow/.local/lib/python3.12/site-packages/airflow/example_dags/tutorial_taskflow_api.py
[2026-08-12T05:23:10.714+0000] {logging_mixin.py:190} INFO - [2026-08-12T05:23:10.714+0000] {dag.py:3211} INFO - Sync 1 DAGs
[2026-08-12T05:23:10.731+0000] {logging_mixin.py:190} INFO - [2026-08-12T05:23:10.730+0000] {dag.py:4138} INFO - Setting next_dagrun for tutorial_taskflow_api to None, run_after=None
[2026-08-12T05:23:10.768+0000] {processor.py:208} INFO - Processing /home/airflow/.local/lib/python3.12/site-packages/airflow/example_dags/tutorial_taskflow_api.py took 0.106 seconds
[2026-08-12T05:23:40.911+0000] {processor.py:186} INFO - Started process (PID=6322) to work on /home/airflow/.local/lib/python3.12/site-packages/airflow/example_dags/tutorial_taskflow_api.py
[2026-08-12T05:23:40.913+0000] {processor.py:914} INFO - Processing file /home/airflow/.local/lib/python3.12/site-packages/airflow/example_dags/tutorial_taskflow_api.py for tasks to queue
[2026-08-12T05:23:40.916+0000] {logging_mixin.py:190} INFO - [2026-08-12T05:23:40.915+0000] {dagbag.py:587} INFO - Filling up the DagBag from /home/airflow/.local/lib/python3.12/site-packages/airflow/example_dags/tutorial_taskflow_api.py
[2026-08-12T05:23:40.924+0000] {processor.py:925} INFO - DAG(s) 'tutorial_taskflow_api' retrieved from /home/airflow/.local/lib/python3.12/site-packages/airflow/example_dags/tutorial_taskflow_api.py
[2026-08-12T05:23:40.946+0000] {logging_mixin.py:190} INFO - [2026-08-12T05:23:40.946+0000] {dag.py:3211} INFO - Sync 1 DAGs
[2026-08-12T05:23:40.961+0000] {logging_mixin.py:190} INFO - [2026-08-12T05:23:40.961+0000] {dag.py:4138} INFO - Setting next_dagrun for tutorial_taskflow_api to None, run_after=None
[2026-08-12T05:23:40.982+0000] {processor.py:208} INFO - Processing /home/airflow/.local/lib/python3.12/site-packages/airflow/example_dags/tutorial_taskflow_api.py took 0.076 seconds
[2026-08-12T05:24:11.958+0000] {processor.py:186} INFO - Started process (PID=6385) to work on /home/airflow/.local/lib/python3.12/site-packages/airflow/example_dags/tutorial_taskflow_api.py
[2026-08-12T05:24:11.960+0000] {processor.py:914} INFO - Processing file /home/airflow/.local/lib/python3.12/site-packages/airflow/example_dags/tutorial_taskflow_api.py for tasks to queue
[2026-08-12T05:24:11.964+0000] {logging_mixin.py:190} INFO - [2026-08-12T05:24:11.964+0000] {dagbag.py:587} INFO - Filling up the DagBag from /home/airflow/.local/lib/python3.12/site-packages/airflow/example_dags/tutorial_taskflow_api.py
[2026-08-12T05:24:11.976+0000] {processor.py:925} INFO - DAG(s) 'tutorial_taskflow_api' retrieved from /home/airflow/.local/lib/python3.12/site-packages/airflow/example_dags/tutorial_taskflow_api.py
[2026-08-12T05:24:12.003+0000] {logging_mixin.py:190} INFO - [2026-08-12T05:24:12.002+0000] {dag.py:3211} INFO - Sync 1 DAGs
[2026-08-12T05:24:12.016+0000] {logging_mixin.py:190} INFO - [2026-08-12T05:24:12.016+0000] {dag.py:4138} INFO - Setting next_dagrun for tutorial_taskflow_api to None, run_after=None
[2026-08-12T05:24:12.052+0000] {processor.py:208} INFO - Processing /home/airflow/.local/lib/python3.12/site-packages/airflow/example_dags/tutorial_taskflow_api.py took 0.102 seconds
[2026-08-12T05:24:42.954+0000] {processor.py:186} INFO - Started process (PID=6449) to work on /home/airflow/.local/lib/python3.12/site-packages/airflow/example_dags/tutorial_taskflow_api.py
[2026-08-12T05:24:42.956+0000] {processor.py:914} INFO - Processing file /home/airflow/.local/lib/python3.12/site-packages/airflow/example_dags/tutorial_taskflow_api.py for tasks to queue
[2026-08-12T05:24:42.961+0000] {logging_mixin.py:190} INFO - [2026-08-12T05:24:42.961+0000] {dagbag.py:587} INFO - Filling up the DagBag from /home/airflow/.local/lib/python3.12/site-packages/airflow/example_dags/tutorial_taskflow_api.py
[2026-08-12T05:24:42.970+0000] {processor.py:925} INFO - DAG(s) 'tutorial_taskflow_api' retrieved from /home/airflow/.local/lib/python3.12/site-packages/airflow/example_dags/tutorial_taskflow_api.py
[2026-08-12T05:24:42.994+0000] {logging_mixin.py:190} INFO - [2026-08-12T05:24:42.994+0000] {dag.py:3211} INFO - Sync 1 DAGs
[2026-08-12T05:24:43.009+0000] {logging_mixin.py:190} INFO - [2026-08-12T05:24:43.008+0000] {dag.py:4138} INFO - Setting next_dagrun for tutorial_taskflow_api to None, run_after=None
[2026-08-12T05:24:43.031+0000] {processor.py:208} INFO - Processing /home/airflow/.local/lib/python3.12/site-packages/airflow/example_dags/tutorial_taskflow_api.py took 0.086 seconds
[2026-08-12T05:25:13.239+0000] {processor.py:186} INFO - Started process (PID=6513) to work on /home/airflow/.local/lib/python3.12/site-packages/airflow/example_dags/tutorial_taskflow_api.py
[2026-08-12T05:25:13.241+0000] {processor.py:914} INFO - Processing file /home/airflow/.local/lib/python3.12/site-packages/airflow/example_dags/tutorial_taskflow_api.py for tasks to queue
[2026-08-12T05:25:13.245+0000] {logging_mixin.py:190} INFO - [2026-08-12T05:25:13.244+0000] {dagbag.py:587} INFO - Filling up the DagBag from /home/airflow/.local/lib/python3.12/site-packages/airflow/example_dags/tutorial_taskflow_api.py
[2026-08-12T05:25:13.254+0000] {processor.py:925} INFO - DAG(s) 'tutorial_taskflow_api' retrieved from /home/airflow/.local/lib/python3.12/site-packages/airflow/example_dags/tutorial_taskflow_api.py
[2026-08-12T05:25:13.276+0000] {logging_mixin.py:190} INFO - [2026-08-12T05:25:13.276+0000] {dag.py:3211} INFO - Sync 1 DAGs
[2026-08-12T05:25:13.293+0000] {logging_mixin.py:190} INFO - [2026-08-12T05:25:13.293+0000] {dag.py:4138} INFO - Setting next_dagrun for tutorial_taskflow_api to None, run_after=None
[2026-08-12T05:25:13.314+0000] {processor.py:208} INFO - Processing /home/airflow/.local/lib/python3.12/site-packages/airflow/example_dags/tutorial_taskflow_api.py took 0.083 seconds
[2026-08-12T05:25:44.063+0000] {processor.py:186} INFO - Started process (PID=6576) to work on /home/airflow/.local/lib/python3.12/site-packages/airflow/example_dags/tutorial_taskflow_api.py
[2026-08-12T05:25:44.064+0000] {processor.py:914} INFO - Processing file /home/airflow/.local/lib/python3.12/site-packages/airflow/example_dags/tutorial_taskflow_api.py for tasks to queue
[2026-08-12T05:25:44.067+0000] {logging_mixin.py:190} INFO - [2026-08-12T05:25:44.067+0000] {dagbag.py:587} INFO - Filling up the DagBag from /home/airflow/.local/lib/python3.12/site-packages/airflow/example_dags/tutorial_taskflow_api.py
[2026-08-12T05:25:44.076+0000] {processor.py:925} INFO - DAG(s) 'tutorial_taskflow_api' retrieved from /home/airflow/.local/lib/python3.12/site-packages/airflow/example_dags/tutorial_taskflow_api.py
[2026-08-12T05:25:44.100+0000] {logging_mixin.py:190} INFO - [2026-08-12T05:25:44.099+0000] {dag.py:3211} INFO - Sync 1 DAGs
[2026-08-12T05:25:44.117+0000] {logging_mixin.py:190} INFO - [2026-08-12T05:25:44.117+0000] {dag.py:4138} INFO - Setting next_dagrun for tutorial_taskflow_api to None, run_after=None
[2026-08-12T05:25:44.159+0000] {processor.py:208} INFO - Processing /home/airflow/.local/lib/python3.12/site-packages/airflow/example_dags/tutorial_taskflow_api.py took 0.103 seconds
